month,bond_curve_signal_month,bond_curve_signal_date,ktb_3y_pct,ktb_5y_pct,ktb_10y_pct,return,gross_return,nav,drawdown,turnover,trade_cost,fx_cost,w_KODEX200,w_BOND,w_GLD,w_USO,expected_monthly_return,expected_monthly_variance,expected_annual_log_growth,downside_risk_aversion_lambda,estimated_transaction_cost,monthly_utility,policy,solver_success,used_fallback,solver_status,solver_message,solver_iterations,objective_value,expected_annual_volatility,historical_cdar,sum_error,volatility_slack,cdar_slack,bond_mu_adjustment,carry_roll_alpha_adjustment,rate_momentum_alpha_adjustment,bond_curve_alpha_adjustment,gvz_gold_variance_multiplier,ovx_oil_variance_multiplier,gvz_mu_adjustment_GLD,ovx_mu_adjustment_USO,expected_mu_BOND
2007-04,2007-03,2007-03-30,4.76,4.8,4.93,-0.003393979911460189,-0.0018939787307535887,0.9966060200885398,-0.0033939799114601765,1.0,0.0015,1.1807066004172658e-09,0.0,0.9999976385867992,2.3614132008345316e-06,0.0,0.003720720279437263,9.63988640473245e-06,0.044590804034818764,1.0,0.0015000045867296717,0.002215894942362931,Stage37_baseline_reproduction,True,False,0,Optimization terminated successfully,12,-0.0022158949423629597,0.01075540035781046,-4.92079961226799e-05,0.0,0.11924459964218954,0.15995079200387732,0.0,-0.000841055555555555,0.0002244444444444542,-0.0006166111111111008,1.0,1.0,0.0,0.0,0.0037207207271159246
2007-05,2007-04,2007-04-30,5.05,5.06,5.15,0.002277211701651505,0.0022772428347960687,0.9988755029794217,-0.0011244970205782634,8.895184161023039e-06,2.6685552483069118e-08,4.447592080508751e-09,5.1873062558127414e-20,0.9999887828140038,1.1217185996202345e-05,0.0,0.0032177310645918355,1.01829101512916e-05,0.038551675314194275,1.0,3.432926252589795e-08,0.003212328557152076,Stage37_baseline_reproduction,True,False,0,Optimization terminated successfully,2,-0.003212328557152076,0.011054181191544638,-0.0009962720256935231,0.0,0.11894581880845537,0.15900372797430648,0.0,-0.0006758223684210536,-0.0022785087719298207,-0.0029543311403508743,1.0,1.0,0.0,0.0,0.003217691195696214
2007-06,2007-05,2007-05-31,5.17,5.21,5.32,-0.011502853901367373,-0.010113022338644596,0.9873855840029946,-0.012614415997005413,0.397094732206508,0.001191284196619524,0.00019854736610325403,0.0,0.6028938480843683,0.39710615191563176,5.692061405548898e-19,0.005095810448772259,0.0003375855110995967,0.05912421231866953,1.0,0.001389834562727185,0.0034861754771209515,Stage37_baseline_reproduction,True,False,0,Optimization terminated successfully,9,-0.0034861754771209515,0.06364767185997583,-0.02030957234104136,0.0,0.06635232814002417,0.13969042765895864,0.0,-0.00047954545454545385,-0.00824891774891775,-0.008728463203463205,1.0,1.0,0.0,0.0,0.0032386104359043767
2007-07,2007-06,2007-06-29,5.26,5.38,5.51,0.015635040385717856,0.015635040614722075,1.002823397485157,0.0,6.542977645795964e-08,1.9628932937387894e-10,3.2714888215101824e-11,8.65667672093895e-22,0.6092837660643063,0.3907162339356937,6.118188852188553e-19,0.00353768972515414,0.0002965164457254734,0.04067317802749684,1.0,6.507483846245559e-09,0.0033372493481362785,Stage37_baseline_reproduction,True,False,0,Optimization terminated successfully,1,-0.0033372493481362785,0.05965062739574229,-0.0197138229272929,0.0,0.07034937260425772,0.1402861770727071,0.0,-0.00016506410256410253,-0.010476495726495724,-0.010641559829059826,1.0,1.0,0.0,0.0,0.0030682473050415897
2007-08,2007-07,2007-07-31,5.22,5.28,5.37,0.008732925301267744,0.0087329257600809,1.0115809793057584,0.0,1.3108947316542547e-07,3.932684194962764e-10,6.554473658271187e-11,2.4507660303893027e-21,0.604558928764648,0.3954410712353521,6.763165310727151e-19,0.005767595340366924,0.0002908280060075273,0.06746617604835792,1.0,6.529944689678743e-09,0.005571705094581309,Stage37_baseline_reproduction,True,False,0,Optimization terminated successfully,1,-0.005571705094581309,0.05907568088554145,-0.02015434615296058,0.0,0.07092431911445855,0.13984565384703943,0.0,-0.0003713080168776363,-0.0056772151898734245,-0.006048523206751061,1.0,1.0,0.0,0.0,0.005260752321524266
2007-09,2007-08,2007-08-31,5.43,5.47,5.57,0.03034009371027731,0.03034009584196349,1.0422724410134292,0.0,6.09053193628695e-07,1.827159580886085e-09,3.0452659684210285e-10,2.775856437596188e-17,0.5980301413442428,0.40196985865575724,2.840093107110903e-17,0.005665181330164276,0.0002698526647665416,0.06636305997337207,1.0,7.098058803868292e-09,0.005480685328955535,Stage37_baseline_reproduction,True,False,0,Optimization terminated successfully,1,-0.005480685328955535,0.0569054652665146,-0.020762932867505024,0.0,0.0730945347334854,0.13923706713249498,0.0,-0.0002500000000000002,-0.003939583333333331,-0.004189583333333331,1.0,1.0,0.0,0.0,0.004595478474953139
2007-10,2007-09,2007-09-28,5.46,5.52,5.6,0.027097633618665823,0.02709763425654709,1.0705155577508436,0.0,1.8225179077015522e-07,5.467553723104657e-10,9.112589538506023e-11,2.7913806011666384e-17,0.581894628869611,0.41810537113038915,2.98349783547116e-17,0.007472539653896535,0.00035580884668337634,0.08753562276665816,1.0,6.557652668779907e-09,0.007242822623609891,Stage37_baseline_reproduction,True,False,0,Optimization terminated successfully,1,-0.007242822623609891,0.06534298860781099,-0.02226637700884193,0.0,0.06465701139218902,0.13773362299115807,0.0,-0.00016358024691358157,-0.0025576131687242766,-0.002721193415637858,1.0,1.0,0.0,0.0,0.006734680818061727
2007-11,2007-10,2007-10-31,5.43,5.49,5.56,0.010910031586226153,0.012175248014544341,1.0821949162994517,0.0,0.3614904080909105,0.0010844712242727315,0.00018074520404545518,4.734067140265835e-17,0.20781743403840777,0.7921825659615922,3.4043101183097585e-17,0.015466310723615572,0.0014083333333696916,0.17714572868316872,1.0,0.0012652194283230278,0.013267588449644409,Stage37_baseline_reproduction,True,False,0,Optimization terminated successfully,8,-0.013267588449644409,0.13000000000167808,-0.062159151800535106,0.0,-1.6780743461453085e-12,0.0978408481994649,0.0,-0.00018658536585365766,-0.004359756097560978,-0.004546341463414635,1.0,1.0,0.0,0.0,0.00979974903151853
2007-12,2007-11,2007-11-30,5.77,5.84,5.69,0.06526698835007223,0.06542435564305762,1.1528265192940754,0.0,0.04496208371011153,0.0001348862511303346,2.2481041855055802e-05,1.8571958160625e-18,0.24960850117672093,0.750391498823279,0.0,0.011077124202228072,0.001408333333352849,0.12447549042661976,1.0,0.000157370293024312,0.010023250254658061,Stage37_baseline_reproduction,True,False,0,Optimization terminated successfully,3,-0.010023250254658061,0.13000000000090073,-0.05745981860569771,0.0,-9.007239398783895e-13,0.1025401813943023,0.0,0.00012816265060241073,-0.008473895582329319,-0.008345732931726909,1.0,1.0,0.0,0.0,0.007296613973808958
2008-01,2007-12,2007-12-31,5.74,5.78,5.7,0.08629670779574589,0.08640995874336438,1.2523116525687832,0.0,0.03235741360528342,9.707224081585027e-05,1.6178706802641714e-05,4.675525514123434e-19,0.26723102504157187,0.7327689749584281,6.018274969360211e-18,0.014781346384474234,0.0014083333333334406,0.16892615661369015,1.0,0.00011325394767257542,0.013790541620795366,Stage37_baseline_reproduction,True,False,0,Optimization terminated successfully,4,-0.013790541620795366,0.13000000000000494,-0.05080517539728461,0.0,-4.9404924595819466e-15,0.1091948246027154,0.0,1.4136904761905683e-05,-0.006373015873015872,-0.006358878968253968,1.0,1.0,0.0,0.0,0.00799155888210345
2008-02,2008-01,2008-01-31,5.04,5.11,5.24,0.04151143988912076,0.04189655129090232,1.3042969124568378,0.0,0.11003182908044608,0.00033009548724133824,5.501591454022293e-05,0.014485136127899405,0.3475700102556785,0.6379448536164221,1.0235027988685262e-16,0.017159713403497374,0.0014083333333333315,0.1974665608419685,1.0,0.0003851129018502761,0.01594859047614441,Stage37_baseline_reproduction,True,False,0,Optimization terminated successfully,10,-0.01594859047614441,0.12999999999999992,-0.04265086030124732,0.0,8.326672684688674e-17,0.11734913969875269,0.0,-0.00048186274509803926,0.0027019607843137257,0.0022200980392156856,1.0,1.0,0.0,0.0,0.008050033910408797
2008-03,2008-02,2008-02-29,4.97,5.08,5.23,-0.036837890810647846,-0.03674967399390036,1.2562493652110878,-0.03683789081064781,0.02520480478499551,7.561441435498653e-05,1.260240239249777e-05,1.6762451894371656e-17,0.32467118473086054,0.6753288152691396,0.0,0.020403380468520096,0.0014083333333333708,0.23639056562224092,1.0,8.821831690773177e-05,0.019480106157483745,Stage37_baseline_reproduction,True,False,0,Optimization terminated successfully,5,-0.019480106157483745,0.13000000000000173,-0.045239207378117076,0.0,-1.7208456881689926e-15,0.11476079262188293,0.0,-0.0004179263565891461,0.015003875968992253,0.014585949612403106,1.0,1.0,0.0,0.0,0.010567943728742731
2008-04,2008-03,2008-03-31,5.1,5.13,5.29,-0.012074984786476567,-0.01170273987800639,1.241080173238143,-0.048468058626019994,0.10635568813433635,0.00031906706440300905,5.317784406716819e-05,0.0,0.4434441872622016,0.5565558127377985,0.0,0.015986627170829985,0.0014083333333333367,0.18338952604995978,1.0,0.00037224790848663155,0.014792885451198333,Stage37_baseline_reproduction,True,False,0,Optimization terminated successfully,7,-0.014792885451198333,0.13000000000000014,-0.033785252673207165,0.0,-1.3877787807814457e-16,0.12621474732679283,0.0,-0.0005381226053639832,0.010998084291187735,0.010459961685823752,1.0,1.0,0.0,0.0,0.01066355693110251
2008-05,2008-04,2008-04-29,4.91,4.98,5.15,0.043735823853442435,0.0441961426011355,1.295359837082886,-0.006852025247163551,0.1394539818011019,0.00041836194540330573,4.1956802289768043e-05,1.4164508460460037e-18,0.36888794347035375,0.49165807472854445,0.13945398180110183,0.016053073220709313,0.0014083333333468374,0.18418687864843072,1.0,0.0004603202477238726,0.014724419678872119,Stage37_baseline_reproduction,True,False,0,Optimization terminated successfully,12,-0.014724419678872119,0.13000000000062326,-0.06249382759410479,0.0,-6.232514504489473e-13,0.09750617240589521,0.0,-0.0005736742424242419,0.00203977272727272,0.0014660984848484772,1.0,1.0,0.0,0.0,0.012558014342251383
2008-06,2008-05,2008-05-30,5.46,5.54,5.7,0.054387882818357304,0.05468198121789688,1.3658117161097565,0.0,0.08402811415416436,0.0002520843424624931,4.201405707708218e-05,0.0,0.43444781217671075,0.44451797969112,0.12103420813216935,0.0180622124353182,0.001408333333727444,0.20829654922145371,1.0,0.00029409989958941043,0.016942193839845764,Stage37_baseline_reproduction,True,False,0,Optimization terminated successfully,10,-0.016942193839845764,0.1300000000181897,-0.05240792577353559,0.0,-1.8189699746429255e-11,0.10759207422646441,0.0,-7.972846441947623e-05,-0.009149812734082403,-0.009229541198501879,1.0,1.9850187265917603,0.0,0.0,0.01323778876508007
2008-07,2008-06,2008-06-30,5.9,5.98,6.05,-0.04369181856807024,-0.04352234058061048,1.3061369184113443,-0.04369181856807025,0.05339101892456638,0.00016017305677369913,9.304930686056145e-06,1.1612821706856458e-18,0.42881764694901914,0.4912377830874542,0.07994456996352672,0.0172761645635296,0.0014083333388761668,0.19886397472909823,1.0,0.00016947948754910094,0.016290189978242848,Stage37_baseline_reproduction,True,False,0,Optimization terminated successfully,10,-0.016290189978242848,0.1300000002558231,-0.04534351378450482,0.0,-2.5582308493810046e-10,0.11465648621549518,0.0,0.000287824074074074,-0.01588148148148149,-0.015593657407407417,1.0,1.953125,0.0,0.0,0.01014859409462252
2008-08,2008-07,2008-07-31,5.8,5.86,5.92,-0.011997938213692981,-0.011788635738640708,1.2904659683656217,-0.05516554504213966,0.06954332409572676,0.0002086299722871803,6.725027650940213e-07,0.0,0.4517942098633366,0.5482057901366634,0.0,0.011255073684452149,0.0014083333333333604,0.12661088421342565,1.0,0.00020930397581754757,0.0101992342710245,Stage37_baseline_reproduction,True,False,0,Optimization terminated successfully,9,-0.0101992342710245,0.13000000000000125,-0.037945227656157966,0.0,-1.2490009027033011e-15,0.12205477234384204,0.0,0.00014299450549450608,-0.011040293040293045,-0.010897298534798538,1.0,1.9241935483870969,0.0,0.0,0.005769064421253412
2008-09,2008-08,2008-08-28,5.76,5.85,5.95,0.06262292476708478,0.06308807256186547,1.3712787216170652,0.0,0.14366085793288652,0.0004309825737986596,3.416522098202206e-05,5.039846036163087e-19,0.5249351447544196,0.399734439276738,0.0753304159688424,0.010697180113402361,0.0014083333434225381,0.1199161613002931,1.0,0.0004651492948104931,0.009409726962534951,Stage37_baseline_reproduction,True,False,0,Optimization terminated successfully,9,-0.009409726962534951,0.1300000004656556,-0.04071264587311085,0.0,-4.6565559741473805e-10,0.11928735412688915,0.0,0.00019560688405797014,-0.00558695652173913,-0.00539134963768116,1.0,1.9682779456193353,0.0,0.0,0.005499743393312129
2008-10,2008-09,2008-09-30,5.74,5.75,5.86,-0.04398019205088459,-0.043757660146043424,1.3109696200850551,-0.04398019205088466,0.06358054424033327,0.0001907416327209998,3.179027212016666e-05,0.0,0.5600476998890339,0.4302346021081725,0.009717698002793616,0.015402128709175896,0.001408333333668148,0.1763755445081019,1.0,0.0002225334050145023,0.014392771765900165,Stage37_baseline_reproduction,True,False,0,Optimization terminated successfully,9,-0.014392771765900165,0.13000000001545298,-0.03079588038134858,0.0,-1.545297223515263e-11,0.12920411961865141,0.0,-5.649641577061028e-05,0.004806451612903228,0.0047499551971326185,1.0,1.9957386363636362,0.0,0.0,0.008910192304114427
2008-11,2008-10,2008-10-31,4.47,4.72,5.49,0.09040750472726282,0.0904438306151116,1.4294911122101925,0.0,0.010378825099652355,3.113647529895707e-05,5.189412549826165e-06,3.4123171734376214e-18,0.6039167923947474,0.39608320760525273,0.0,0.006762970584032742,0.0014083333333333333,0.07270564700839291,1.0,3.632738829451028e-05,0.005917414603883743,Stage37_baseline_reproduction,True,False,0,Optimization terminated successfully,3,-0.005917414603883743,0.13,-0.02961413231119775,0.0,0.0,0.13038586768880225,0.0,-0.00041422872340425576,0.01525531914893617,0.014841090425531913,1.0,1.9853333333333332,0.0,0.0,0.0037998590602456883
2008-12,2008-11,2008-11-28,4.87,5.04,5.75,0.03593754682814601,0.03635877096369246,1.480863515995665,0.0,0.12034975301327151,0.00036104925903981456,6.0174876506635756e-05,0.0,0.6759489069938085,0.32405109300619145,3.921645637594171e-17,0.009698239307308135,0.0014083333333335586,0.10792887168769626,1.0,0.0004212271355609912,0.008512527587480662,Stage37_baseline_reproduction,True,False,0,Optimization terminated successfully,6,-0.008512527587480662,0.1300000000000104,-0.02284569711542453,0.0,-1.0408340855860843e-14,0.13715430288457547,0.0,-0.0003098684210526316,0.012428070175438594,0.012118201754385962,1.0,1.9555837563451777,0.0,0.0,0.0038432077309604063
2009-01,2008-12,2008-12-31,3.41,3.77,4.22,0.03749961113523715,0.03755728050029078,1.5363953219898625,0.0,0.016476961443894503,4.943088433168351e-05,8.238480721947258e-06,0.0,0.6644271488242958,0.3355728511757043,0.0,0.013126036693494497,0.0014083333335237133,0.1490624403207917,1.0,5.767236515983963e-05,0.01230001028358344,Stage37_baseline_reproduction,True,False,0,Optimization terminated successfully,4,-0.01230001028358344,0.13000000000878678,-0.0239289199726824,0.0,-8.786776861668955e-12,0.1360710800273176,0.0,-0.0009691406250000008,0.02929861111111111,0.028329470486111105,1.0,1.9555288461538463,0.0,0.0,0.0047854458864344425
2009-02,2009-01,2009-01-30,3.59,4.07,4.71,0.062257133217056226,0.06225944853512106,1.6320468902250476,0.0,0.0006615194470952215,1.9845583412856644e-06,3.3075972354765226e-07,4.401201936055927e-19,0.6448975276506549,0.35510247234934506,0.0,0.014060798157920973,0.0014083333333334115,0.1602795778950512,1.0,2.3183207102566784e-06,0.013282021401088256,Stage37_baseline_reproduction,True,False,0,Optimization terminated successfully,10,-0.013282021401088256,0.1300000000000036,-0.02576449145960083,0.0,-3.608224830031759e-15,0.13423550854039917,0.0,-0.00045914948453608124,0.012496563573883165,0.012037414089347085,1.0,1.856651376146789,0.0,0.0,0.005265744557615873
2009-03,2009-02,2009-02-27,3.82,4.57,5.06,-0.045129772068214585,-0.04497516174889345,1.5583929860645527,-0.04512977206821467,0.04417437694889642,0.00013252313084668926,2.2087188474448183e-05,5.186953899010081e-18,0.6516840259914187,0.34831597400858133,0.0,0.01508026653405622,0.0014083333335785774,0.1725131984072032,1.0,0.00015461331936075318,0.014154719127181428,Stage37_baseline_reproduction,True,False,0,Optimization terminated successfully,5,-0.014154719127181428,0.13000000001131895,-0.025126707888768585,0.0,-1.1318945780658396e-11,0.13487329211123142,0.0,0.0005247023809523826,-0.004630952380952387,-0.004106250000000004,1.0,1.798901098901099,0.0,0.0,0.005939274489003945
2009-04,2009-03,2009-03-31,3.94,4.69,5.17,-0.03153016030559338,-0.031523055896593315,1.5092566053948249,-0.07523698342594243,0.002029831142875884,6.0894934286276524e-06,1.014915571437916e-06,2.775557561562892e-17,0.6854651843467211,0.31453481565327895,2.775557561562892e-17,0.0121386890141114,0.0014083333333344938,0.13721426816932986,1.0,7.107409862206122e-06,0.011333729187139367,Stage37_baseline_reproduction,True,False,0,Optimization terminated successfully,3,-0.011333729187139364,0.13000000000005354,-0.027590480003395285,0.0,-5.3540505362548174e-14,0.13240951999660472,0.0,0.0006194023569023582,-0.017750841750841757,-0.017131439393939397,1.0,1.8647798742138364,0.0,0.0,0.004874040667960138
2009-05,2009-04,2009-04-30,3.59,4.17,4.69,0.029521331967736385,0.029622641530220102,1.5538118706671844,-0.04793674742217435,0.028945589281061307,8.683676784318393e-05,1.4472794640530628e-05,0.0,0.687716582529249,0.312283417470751,2.4544441275933132e-18,0.00904206060069149,0.0014083333340327543,0.10005472720410136,1.0,0.00010131256254417272,0.008120757566346077,Stage37_baseline_reproduction,True,False,0,Optimization terminated successfully,6,-0.008120757566346077,0.13000000003228096,-0.03985046990873567,0.0,-3.2280955686303514e-11,0.12014953009126433,0.0,-0.00017429166666666808,0.0050933333333333325,0.004919041666666664,1.0,1.6937751004016064,0.0,0.0,0.0055467244809503085
2009-06,2009-05,2009-05-29,3.83,4.67,5.17,-0.013590642176000018,-0.013365760948269948,1.5326945695241254,-0.06087589841687835,0.06425177935144874,0.00019275533805434623,3.212588967572436e-05,0.0,0.6025195209463445,0.39748047905365547,1.3284864744736447e-17,0.01230897887640301,0.0014083333433802191,0.1392577464565548,1.0,0.0002248842277573072,0.011172249075569038,Stage37_baseline_reproduction,True,False,0,Optimization terminated successfully,6,-0.011172249075569038,0.13000000046370241,-0.06027489372788919,0.0,-4.6370240980309063e-10,0.09972510627211081,0.0,0.0007857673267326728,-0.0036237623762376174,-0.002837995049504944,1.0,1.5048262548262548,0.0,0.0,0.0076052506771043145
2009-07,2009-06,2009-06-30,4.16,4.64,5.19,-0.007536073063079452,-0.0075360720121434195,1.5211440712648066,-0.06795320626170753,3.0026743805256406e-07,9.008023141576922e-10,1.5013371904015283e-10,0.0,0.6106814469273844,0.3893185530726157,1.421778584082693e-17,0.009825613792643004,0.0011135923116192474,0.11122581164200056,1.0,6.654376355258662e-09,0.009072163762244904,Stage37_baseline_reproduction,True,False,0,Optimization terminated successfully,1,-0.009072163762244904,0.1155989089024242,-0.06715060487584257,0.0,0.0144010910975758,0.09284939512415744,0.0,3.0637254901941594e-06,0.0002450980392156852,0.00024816176470587956,1.0018382352941178,1.5212962962962964,0.0,0.0,0.007913279476905241
2009-08,2009-07,2009-07-31,4.26,4.76,5.33,0.00799725310460687,0.007997253209749908,1.5333090454112834,-0.06049939214684508,3.0040868126416843e-08,9.012260437925054e-11,1.502043406321024e-11,1.603670425760573e-22,0.61516571288071,0.38483428711929,1.3499198765442223e-17,0.009316143456789421,0.0009952721164408088,0.1058220887828282,1.0,6.501578937926848e-09,0.008630781261209584,Stage37_baseline_reproduction,True,False,0,Optimization terminated successfully,1,-0.008630781261209584,0.10928524784841596,-0.07240955936426144,0.0,0.02071475215158404,0.08759044063573856,0.0,0.00014470064724919022,-0.004923948220064719,-0.00477924757281553,1.0561224489795917,1.5791814946619218,0.0,0.0,0.007928663704427234
2009-09,2009-08,2009-08-31,4.38,4.91,5.46,-0.002948650183878286,-0.002948649154394223,1.5287878534125894,-0.06326965078694491,2.9413830371361366e-07,8.82414911140841e-10,1.4706915185680009e-10,1.6158916724904105e-22,0.6105375411796505,0.3894624588203495,1.314223415748358e-17,0.008785690345373926,0.0010254214338182685,0.0992757555415775,1.0,6.648264989822711e-09,0.008084361808029192,Stage37_baseline_reproduction,True,False,0,Optimization terminated successfully,1,-0.008084361808029192,0.11092816236564645,-0.07259246134074497,0.0,0.01907183763435355,0.08740753865925503,0.0,0.00033080929487179587,-0.004543269230769233,-0.004212459935897436,1.1,1.650943396226415,0.0,0.0,0.006987471615823029
2009-10,2009-09,2009-09-30,4.39,4.81,5.34,0.028409310054878185,0.028409313928096654,1.5722196615483193,-0.036657787858336954,1.1066338485576995e-06,3.3199015456730986e-09,5.533169242788394e-10,2.0778397820892356e-21,0.6157892695733092,0.38421073042669085,1.2256335686965045e-17,0.009780117306723197,0.0011925501771445528,0.11020610661781105,1.0,8.220327701972037e-09,0.009005575617362383,Stage37_baseline_reproduction,True,False,0,Optimization terminated successfully,1,-0.009005575617362383,0.11962692893213732,-0.07424509396835952,0.0,0.010373071067862685,0.08575490603164049,0.0,1.5158730158729844e-05,-0.005999999999999999,-0.005984841269841269,1.1324404761904763,1.5529801324503312,0.0,0.0,0.007386830755016084
2009-11,2009-10,2009-10-30,4.44,4.94,5.43,0.04798615063861644,0.04819488652029694,1.6476644310643715,0.0,0.05963882333728255,0.00017891647001184766,2.9819411668641267e-05,0.0,0.540618393377795,0.45938160662220495,3.638853541404474e-18,0.01176618111173798,0.001408333336871886,0.13274417331962446,1.0,0.00020873888170983219,0.01058465378497198,Stage37_baseline_reproduction,True,False,0,Optimization terminated successfully,7,-0.01058465378497198,0.1300000001633178,-0.09246317792550299,0.0,-1.6331780372524918e-10,0.06753682207449702,0.0,0.00029001572327043944,-0.001776729559748427,-0.0014867138364779873,1.1522346368715084,1.4353035143769968,0.0,0.0,0.007960682804271868
2009-12,2009-11,2009-11-30,4.1,4.61,5.25,-0.03290802332315837,-0.03277029479553924,1.5934430515381668,-0.03290802332315834,0.03935100789118105,0.00011805302367354316,1.9675503945590465e-05,1.762085899140077e-06,0.5618874393202653,0.4381107985938356,2.9755102766741096e-17,0.012955172116751814,0.0014083333333335874,0.14701206540102024,1.0,0.0001377304236349713,0.011878952920883373,Stage37_baseline_reproduction,True,False,0,Optimization terminated successfully,8,-0.011878952920883373,0.13000000000001172,-0.08731505483372719,0.0,-1.1712852909795402e-14,0.07268494516627282,0.0,3.3138629283490165e-05,0.0020732087227414257,0.0021063473520249168,1.414021164021164,1.4481424148606812,0.0,0.0,0.009118579378868653
2010-01,2009-12,2009-12-31,4.41,4.92,5.39,0.004142046014687402,0.004221651135078575,1.6000431659794219,-0.02890228385532778,0.022744391755451208,6.823317526635363e-05,1.1371945124819499e-05,1.4881808660240945e-06,0.6013144990180952,0.3986840128010389,0.0,0.01151202407501957,0.0014083333338245983,0.12969428889728724,1.0,7.960754627172653e-05,0.010525781891652439,Stage37_baseline_reproduction,True,False,0,Optimization terminated successfully,7,-0.010525781891652437,0.13000000002267376,-0.0777580022429836,0.0,-2.2673751765012184e-11,0.0822419977570164,0.0,0.0002911651234567903,-0.003612654320987659,-0.003321489197530869,1.26375,1.2881736526946108,0.0,0.0,0.008726838503906037
2010-02,2010-01,2010-01-29,4.27,4.82,5.34,0.0115725878735809,0.011598286750977904,1.6185598061192412,-0.01766417020140998,0.007342736943187256,2.202821082956177e-05,3.6706665674416386e-06,5.1928409887424856e-18,0.6113438357975143,0.3886561642024858,0.0,0.01060546436051488,0.0014083333333367086,0.1188155723261583,1.0,2.570085727103304e-05,0.009689199376850892,Stage37_baseline_reproduction,True,False,0,Optimization terminated successfully,5,-0.009689199376850892,0.1300000000001558,-0.07532453469188309,0.0,-1.557920459305251e-13,0.08467546530811691,0.0,0.00028849388379204987,0.000920489296636089,0.0012089831804281389,1.2828162291169452,1.249636098981077,0.0,0.0,0.007390556091543451
2010-03,2010-02,2010-02-26,4.1,4.62,5.14,0.0002009289341113379,0.00038614119999216476,1.6188850216158803,-0.017466790510189067,0.05291779025166482,0.00015875337075499447,2.6458895125832384e-05,0.0,0.5578043929719028,0.4421956070280972,0.0,0.011044872941882479,0.0014083333333337299,0.12408847530258738,1.0,0.00018521526591389702,0.00990795058659694,Stage37_baseline_reproduction,True,False,0,Optimization terminated successfully,7,-0.00990795058659694,0.1300000000000183,-0.088304697924303,0.0,-1.8290924330699454e-14,0.071695302075697,0.0,5.6704545454546416e-05,-0.0007545454545454602,-0.0006978409090909127,1.1324200913242009,1.2202549575070822,0.0,0.0,0.007521146676760033
2010-04,2010-03,2010-03-31,3.89,4.52,4.95,0.022958670431354453,0.02295867097426625,1.6560524692934155,0.0,1.551176565805894e-07,4.6535296974176827e-10,7.755882831805023e-11,2.7739475531344006e-17,0.5652015232297276,0.4347984767702724,2.773926850751047e-17,0.009858744557946292,0.0010305808877134116,0.11212144936907503,1.0,6.541857312256126e-09,0.009110464916587518,Stage37_baseline_reproduction,True,False,0,Optimization terminated successfully,1,-0.009110464916587518,0.11120688221760801,-0.08651359205710481,0.0,0.018793117782391996,0.0734864079428952,0.0,0.00020202702702702604,0.005252252252252267,0.005454279279279293,1.0119305856832972,1.117283950617284,0.0,0.0,0.008099811115374939
2010-05,2010-04,2010-04-30,3.61,4.27,4.82,0.05746702650440678,0.057467027317222565,1.7512208804389886,0.0,2.3223308256994874e-07,6.966992477098462e-10,1.1611654129885212e-10,2.784961220960021e-17,0.5553889615375819,0.4446110384624182,2.7074794897771744e-17,0.010143252064898233,0.001074395549277347,0.1152726514831147,1.0,6.593142010394481e-09,0.009365563646171162,Stage37_baseline_reproduction,True,False,0,Optimization terminated successfully,1,-0.009365563646171162,0.11354623107495979,-0.0888893994008092,0.0,0.01645376892504022,0.0711106005991908,0.0,5.438988095237893e-05,0.006872023809523818,0.006926413690476199,1.1524896265560165,1.1666666666666667,0.0,0.0,0.008751594530530905
2010-06,2010-05,2010-05-31,3.58,4.36,4.93,0.0066417656260285155,0.007023354991436717,1.7628520790862716,0.0,0.10902553297377213,0.0003270765989213164,5.451276648688606e-05,0.03210510919729525,0.6020038451174431,0.3658910456852617,0.0,0.010963725436194251,0.001408333333338127,0.12311470523430226,1.0,0.00038159086545048565,0.009735648730119407,Stage37_baseline_reproduction,True,False,0,Optimization terminated successfully,8,-0.009735648730119407,0.13000000000022124,-0.057624497099493174,0.0,-2.2123969323217807e-13,0.10237550290050683,0.0,0.00037890855457227077,0.0018112094395280201,0.002190117994100291,1.2579681274900398,1.4850649350649352,0.0,0.0,0.007296344216890562
2010-07,2010-06,2010-06-30,3.86,4.44,4.95,-0.024101997862809265,-0.024082105998192518,1.7203638220436854,-0.02410199786280931,0.005683389890498732,1.7050169671496194e-05,2.8416949452493415e-06,0.032757712455283944,0.6050812574516066,0.3621610300931095,3.014853338024512e-17,0.011366093011135349,0.0014083333333901726,0.12794311613328316,1.0,1.9894378655543586e-05,0.010506020878258478,Stage37_baseline_reproduction,True,False,0,Optimization terminated successfully,9,-0.010506020878258476,0.13000000000262335,-0.054115152749493835,0.0,-2.6233459848867824e-12,0.10588484725050618,0.0,2.558479532163878e-05,-0.0022046783625731064,-0.002179093567251467,1.3463740458015268,1.4482323232323233,0.0,0.0,0.006832451999511381
2010-08,2010-07,2010-07-30,3.8,4.38,4.84,0.03844290258623161,0.03877776127843446,1.786499600867388,0.0,0.09567391205795457,0.0002870217361738637,4.7836956028977264e-05,0.03522305300385163,0.5275383354897162,0.4372386115064322,0.0,0.011179553529455504,0.001408333333370361,0.12570464235324388,1.0,0.0003348607738179248,0.009912818003314507,Stage37_baseline_reproduction,True,False,0,Optimization terminated successfully,15,-0.009912818003314507,0.13000000000170897,-0.07098166276851255,0.0,-1.7089663018055035e-12,0.08901833723148746,0.0,-2.463768115942063e-05,-0.0020188405797101406,-0.002043478260869561,1.0587155963302752,1.1961869618696186,0.0,0.0,0.006906845492423157
2010-09,2010-08,2010-08-31,3.55,4.0,4.38,0.0074222574174049516,0.007660840882658316,1.799759460781117,0.0,0.07306125960742406,0.00021918377882227218,1.9399686431092758e-05,0.0678030886286109,0.4402735529383398,0.49192335843304935,2.7755575615628914e-17,0.01231089157495229,0.001408333333334038,0.13928069889942324,1.0,0.00023858496531129408,0.011076825354350108,Stage37_baseline_reproduction,True,False,0,Optimization terminated successfully,10,-0.011076825354350107,0.13000000000003253,-0.07314132822131304,0.0,-3.2529534621517087e-14,0.08685867177868696,0.0,-0.0006119252873563212,0.0034985632183908103,0.0028866379310344883,1.1216931216931216,1.3191616766467065,0.0,0.0,0.006859729938744534
2010-10,2010-09,2010-09-30,3.32,3.71,4.11,0.008913681763694007,0.008972555286361164,1.8158019438657176,0.0,0.01682100647633094,5.046301942899282e-05,8.41050323816546e-06,0.07170453980626866,0.4268620986137212,0.5014333615800102,0.0,0.011949845123126995,0.0014083333333336499,0.13494814147752204,1.0,5.887627378088039e-05,0.010887936134750224,Stage37_baseline_reproduction,True,False,0,Optimization terminated successfully,11,-0.010887936134750226,0.1300000000000146,-0.07420356261725652,0.0,-1.459943277382081e-14,0.08579643738274348,0.0,-0.000973361823361823,0.011301994301994302,0.010328632478632478,1.1037414965986394,1.1360981308411215,0.0,0.0,0.007417935975259176
2010-11,2010-10,2010-10-29,3.25,3.86,4.36,0.030496620905389085,0.030800427085809136,1.871177767387059,0.0,0.08680176583429994,0.0002604052975028998,4.3400882917149966e-05,0.07712836940172484,0.5025834329010709,0.4202881976972043,9.88995669214121e-18,0.010571499357172403,0.0014083333403865233,0.1184079922437497,1.0,0.0003038076805766293,0.009368967836362622,Stage37_baseline_reproduction,True,False,0,Optimization terminated successfully,9,-0.009368967836362622,0.13000000032553186,-0.05496150093718427,0.0,-3.2553185147499164e-10,0.10503849906281573,0.0,-0.00038177966101694914,0.008206214689265535,0.007824435028248585,1.2914614121510672,1.2354618015963512,0.0,0.0,0.007216884755891957
2010-12,2010-11,2010-11-30,3.19,3.88,4.38,0.0020965660358854337,0.0023732189697660685,1.8751008151412667,0.0,0.07904369539446705,0.00023713108618340117,3.952184769723351e-05,0.07685260103107866,0.5693169900812296,0.35383040888769185,2.839117922491393e-17,0.010856606202494463,0.0014083333333335937,0.121829274429932,1.0,0.00027665517312807497,0.009748648401201852,Stage37_baseline_reproduction,True,False,0,Optimization terminated successfully,17,-0.009748648401201848,0.13000000000001202,-0.042603061360569204,0.0,-1.201816424156732e-14,0.11739693863943079,0.0,-0.00019523809523809554,0.0009705882352941133,0.0007753501400560173,1.392063492063492,1.2310690423162582,0.0,0.0,0.0072944713024772866
2011-01,2010-12,2010-12-31,3.38,4.08,4.52,-0.02985547346278044,-0.029570823672219745,1.8191187925147787,-0.02985547346278039,0.08132851158877011,0.00024398553476631034,4.0664255794385025e-05,0.006471720073665925,0.5635299231959012,0.42999835673043285,0.0,0.012196633027474755,0.0014083333333334256,0.13790959632969652,1.0,0.0002846512907825742,0.011001117244903701,Stage37_baseline_reproduction,True,False,0,Optimization terminated successfully,11,-0.011001117244903701,0.13000000000000425,-0.07964315855335559,0.0,-4.246603069191224e-15,0.08035684144664441,0.0,-6.11111111111038e-06,-0.009870833333333336,-0.009876944444444445,1.164877300613497,1.1217391304347826,0.0,0.0,0.007593916881428779
2011-02,2011-01,2011-01-31,3.96,4.41,4.72,0.031059689627031838,0.03113001410505923,1.8756200576049886,0.0,0.020092708007826126,6.027812402347838e-05,1.0046354003913074e-05,3.660081498918968e-18,0.5642602844201944,0.4357397155798056,1.9492610396485604e-18,0.010167403822067322,0.001408333333334001,0.11355884586480386,1.0,7.03259782447224e-05,0.00916558653404556,Stage37_baseline_reproduction,True,False,0,Optimization terminated successfully,7,-0.00916558653404556,0.1300000000000308,-0.08331428964942784,0.0,-3.0808688933348094e-14,0.07668571035057216,0.0,-0.0002518939393939398,-0.006622589531680444,-0.006874483471074383,1.0989583333333333,1.4175531914893618,0.0,0.0,0.005949111987911215
2011-03,2011-02,2011-02-28,3.84,4.28,4.67,-0.00426559261154673,-0.0041928568966580464,1.8676194265452,-0.004265592611546687,0.020782266248046306,6.234679874413892e-05,1.0388916144544956e-05,4.433958956346805e-06,0.5295267890721564,0.4704687769688872,0.0,0.010692268102181574,0.0014083333333340046,0.11985721722617486,1.0,7.27373820240568e-05,0.009649088195897356,Stage37_baseline_reproduction,True,False,0,Optimization terminated successfully,9,-0.009649088195897356,0.13000000000003098,-0.09145554680585029,0.0,-3.097522238704187e-14,0.06854445319414972,0.0,-0.0003789959016393431,-0.009068306010928964,-0.009447301912568307,1.0151953690303908,1.5260688216892597,0.0,0.0,0.006088012387125974
2011-04,2011-03,2011-03-31,3.73,4.11,4.48,0.03211450150083694,0.03222209578658327,1.9275970934219777,0.0,0.030741224498951874,9.222367349685562e-05,1.5370612249475917e-05,7.618858549931581e-19,0.5058120539037948,0.4941879460962052,3.07472959853311e-19,0.010946221412574923,0.0014083333335033368,0.12290465694987905,1.0,0.00010759593846525878,0.00984129213159108,Stage37_baseline_reproduction,True,False,0,Optimization terminated successfully,7,-0.00984129213159108,0.1300000000078463,-0.09701181894546185,0.0,-7.846306937508984e-12,0.06298818105453816,0.0,-0.0006425813008130079,0.0011720867208672046,0.0005295054200541976,1.0469187675070029,1.4012219959266803,0.0,0.0,0.007016160718280753
2011-05,2011-04,2011-04-26,3.82,4.16,4.53,0.001051607987922816,0.0013328795592591714,1.929624169922917,0.0,0.08036330609610155,0.00024108991828830466,4.018165304805073e-05,2.184268652557114e-06,0.571450169260649,0.4285476464706986,2.775557561562892e-17,0.011541327073639685,0.0014083333333348848,0.1300459248836669,1.0,0.0002812733984002378,0.010347703430963178,Stage37_baseline_reproduction,True,False,0,Optimization terminated successfully,8,-0.010347703430963176,0.13000000000007159,-0.07811683382671361,0.0,-7.158162951270697e-14,0.08188316617328639,0.0,-0.0006790658602150532,0.002162634408602155,0.0014835685483871024,1.3099455040871935,1.1786427145708582,0.0,0.0,0.007836521188874849
2011-06,2011-05,2011-05-31,3.59,3.87,4.23,-0.016572489158905135,-0.016475334655967958,1.897645494286108,-0.01657248915890519,0.027758429410622315,8.327528823186694e-05,1.387921470531109e-05,8.572360403385934e-07,0.547847301129036,0.4521518416349236,2.825515163856525e-17,0.01134105966010085,0.0014083333499898176,0.1276427158212713,1.0,9.715652132525373e-05,0.010308066292329797,Stage37_baseline_reproduction,True,False,0,Optimization terminated successfully,5,-0.010308066292329797,0.1300000007687608,-0.08337155339658607,0.0,-7.687608050144235e-10,0.07662844660341393,0.0,-0.0010403,0.005645333333333337,0.004605033333333337,1.0549668874172184,1.3582600195503423,0.0,0.0,0.007473261888179617
2011-07,2011-06,2011-06-30,3.76,4.01,4.29,0.03716547215553622,0.03725718540683466,1.968172385065077,0.0,0.026204221346049834,7.86126640381495e-05,1.3100587260294186e-05,3.901354935046878e-06,0.5313992717765289,0.46859682686853615,0.0,0.011146593654905229,0.0014083333333425238,0.1253091238588076,1.0,9.171499122861106e-05,0.010098675073535401,Stage37_baseline_reproduction,True,False,0,Optimization terminated successfully,10,-0.0100986750735354,0.13000000000042417,-0.0870285294007697,0.0,-4.2416070655804106e-13,0.0729714705992303,0.0,-0.0009778769841269847,-0.0012328042328042317,-0.002210681216931217,1.0096525096525097,1.222488038277512,0.0,0.0,0.006605334871518732
2011-08,2011-07,2011-07-29,3.85,4.02,4.2,0.05522616422263955,0.05546724437453051,2.076866996421145,0.0,0.0688800844411732,0.00020664025332351962,3.443989856743715e-05,0.06888387376699864,0.5143636662851219,0.41675245994787946,1.8787476502643536e-18,0.011365433231935323,0.0014083333363555954,0.1279351987650903,1.0,0.00024108278163819115,0.01024025056321851,Stage37_baseline_reproduction,True,False,0,Optimization terminated successfully,12,-0.01024025056321851,0.130000000139489,-0.05421641913148524,0.0,-1.394890036809926e-10,0.10578358086851476,0.0,-0.001128510498687665,-0.0010564304461942132,-0.0021849409448818783,1.3061480552070264,1.3807511737089202,0.0,0.0,0.00689919303206917
2011-09,2011-08,2011-08-31,3.49,3.62,3.86,-0.015320213400496031,-0.014713951290143213,2.045048950831526,-0.015320213400495941,0.17321774581509095,0.0005196532374452729,8.660887290754544e-05,0.18789213282065337,0.535973390924476,0.27613447625487064,0.0,0.01122374065718406,0.0014083333459605615,0.12623488781044537,1.0,0.0006062636103822965,0.00980475622006717,Stage37_baseline_reproduction,True,False,0,Optimization terminated successfully,8,-0.00980475622006717,0.13000000058279515,-0.033036177829407584,0.0,-5.827951454762115e-10,0.12696382217059243,0.0,-0.0015363606770833335,0.0011184895833333292,-0.00041787109375000537,1.802439024390244,1.7017463235294117,0.0,0.0,0.006703435630000886
2011-10,2011-09,2011-09-30,3.55,3.66,3.95,0.015284889022634827,0.015364816443581524,2.0763072970908416,-0.0002694921394907901,0.022836405984770297,6.85092179543109e-05,1.1418202992385162e-05,0.1847869158789428,0.5545385770008519,0.2606745071202054,0.0,0.010795372988346043,0.0014083333453508646,0.12109447578804733,1.0,7.992892112185517e-05,0.009910560027462137,Stage37_baseline_reproduction,True,False,0,Optimization terminated successfully,7,-0.009910560027462137,0.1300000005546553,-0.03163232177809213,0.0,-5.546552939161842e-10,0.12836767822190787,0.0,-0.0015327842377260968,0.005109819121447028,0.0035770348837209295,1.8543400713436387,1.8706041478809738,0.0,0.0,0.005913109365691101
2011-11,2011-10,2011-10-31,3.51,3.63,3.87,0.022664609483726436,0.02279758787317833,2.123365991147617,0.0,0.03799382555768344,0.00011398147667305033,1.8996912778841737e-05,0.19796837097471942,0.5181849343005015,0.2838466947247792,7.287911182845403e-18,0.010609601146127436,0.0014083333333420683,0.11886521375347683,1.0,0.0001329798896112662,0.009653639434111782,Stage37_baseline_reproduction,True,False,0,Optimization terminated successfully,9,-0.009653639434111782,0.13000000000040315,-0.0347749312437403,0.0,-4.0314973581700997e-13,0.12522506875625972,0.0,-0.001525160256410256,0.001070512820512824,-0.0004546474358974326,1.70707656612529,1.6597345132743362,0.0,0.0,0.006384486251633186
2011-12,2011-11,2011-11-30,3.38,3.49,3.77,-0.03128384882491732,-0.031184068051000317,2.0569389304805843,-0.031283848824917304,0.031250942989765045,9.375282896929514e-05,6.027944947703918e-06,0.21578115280740226,0.47880143601822156,0.30541741117437626,0.0,0.012074050164759872,0.0014083333339774435,0.1364386019732538,1.0,9.978227406301789e-05,0.011129515605952097,Stage37_baseline_reproduction,True,False,0,Optimization terminated successfully,10,-0.011129515605952097,0.13000000002972817,-0.038688893561375025,0.0,-2.972816437463166e-11,0.12131110643862497,0.0,-0.0016510178117048343,-0.0012709923664122199,-0.002922010178117054,1.5973952434881087,1.576020851433536,0.0,0.0,0.007041267847272549
2012-01,2011-12,2011-12-30,3.34,3.46,3.79,0.04050595227246045,0.04063135092130146,2.140257200625997,0.0,0.04179935886840193,0.00012539807660520578,5.722358052139072e-10,0.25536936971328167,0.45426516770005115,0.29036546258666723,1.9574260834747578e-18,0.0111244608610469,0.0014083333333496173,0.1250435303324651,1.0,0.00012540089954895929,0.010119416324268483,Stage37_baseline_reproduction,True,False,0,Optimization terminated successfully,23,-0.010119416324268483,0.13000000000075157,-0.047316329317636976,0.0,-7.515654765199997e-13,0.11268367068236303,0.0,-0.0016426767676767677,-0.00026136363636363466,-0.001904040404040402,1.5038716814159292,1.5034129692832765,0.0,0.0,0.006724163394440993
2012-02,2012-01,2012-01-31,3.38,3.49,3.77,0.004771820642087818,0.004771827951027896,2.150470124115321,0.0,2.129546773338433e-06,6.3886403200153e-09,9.202997578727757e-10,0.2633029482100317,0.43850026416934196,0.29819678762062635,1.7763948601377574e-18,0.010028330087418241,0.0011336065510689016,0.11353832174260549,1.0,1.0779758503477774e-08,0.009276904941787744,Stage37_baseline_reproduction,True,False,0,Optimization terminated successfully,2,-0.009276904941787744,0.11663309398634171,-0.04905544674000411,0.0,0.013366906013658295,0.11094455325999589,0.0,-0.0016261591478696738,-0.0014260651629072708,-0.003052224310776944,1.3685064935064934,1.2663590604026846,0.0,0.0,0.007318385265902766
2012-03,2012-02,2012-02-29,3.45,3.55,3.82,-0.004759554339398912,-0.004759550887182612,2.1402348447043402,-0.004759554339398897,9.86347514247977e-07,2.959042542743931e-09,4.931737570823538e-10,0.27347812605679206,0.4372595263520757,0.2892623475911322,1.898367492812986e-18,0.009347347098316833,0.0010220298767956875,0.10603598591902785,1.0,7.75295640049201e-09,0.008650694660561212,Stage37_baseline_reproduction,True,False,0,Optimization terminated successfully,1,-0.008650694660561212,0.11074456429797469,-0.048430914812026174,0.0,0.019255435702025314,0.11156908518797383,0.0,-0.0015848569651741307,-0.002748756218905469,-0.004333613184079599,1.507415254237288,1.2809405940594059,0.0,0.0,0.007736327959953377
2012-04,2012-03,2012-03-30,3.55,3.7,3.96,0.002395260096695149,0.0023952655548016783,2.1453612638254174,-0.002375694613290791,1.559459008357299e-06,4.678377025071897e-09,7.797295041994657e-10,0.27417857223624875,0.4396315553933382,0.28618987237041305,2.957615094834302e-17,0.009260622439431723,0.0007655313402197554,0.10653428123186215,1.0,9.076043796787499e-09,0.008695674312127886,Stage37_baseline_reproduction,True,False,0,Optimization terminated successfully,1,-0.008695674312127886,0.09584558457559256,-0.04855404186125191,0.0,0.03415441542440745,0.1114459581387481,0.0,-0.0013439506172839505,-0.005228395061728397,-0.006572345679012348,1.0745341614906831,1.0948136142625609,0.0,0.0,0.007342760327735213
2012-05,2012-04,2012-04-30,3.45,3.56,3.81,-0.023886148119644412,-0.02371727445410493,2.0941168469075357,-0.026205096539515194,0.0562911754244592,0.0001688735262733776,1.3926610191356416e-10,0.32890689289236,0.3855094362059478,0.2855836709016922,3.855812845429244e-19,0.010239390663791939,0.0007203343048804132,0.1185506821362208,1.0,0.00016887668463291775,0.009478918919833412,Stage37_baseline_reproduction,True,False,0,Optimization terminated successfully,16,-0.009478918919833412,0.09297317709191699,-0.060963307152540086,0.0,0.03702682290808301,0.09903669284745992,0.0,-0.001534068627450981,-0.0025232843137254902,-0.004057352941176471,1.06947261663286,1.0043859649122806,0.0,0.0,0.007543194339218612
2012-06,2012-05,2012-05-31,3.32,3.43,3.69,-0.012011308396939644,-0.011659339382886064,2.0689637636401024,-0.037901647440347186,0.11723360253630416,0.0003517008076089125,2.6820644466815664e-07,0.4261190629107606,0.2815301526694756,0.2923507844197638,0.0,0.011809308278032797,0.0014083333346930984,0.13326169932823498,1.0,0.00035197051593063904,0.010386466731689211,Stage37_baseline_reproduction,True,False,0,Optimization terminated successfully,12,-0.010386466731689211,0.1300000000627584,-0.08800411018153294,0.0,-6.275838182467908e-11,0.07199588981846707,0.0,-0.001631204379562043,0.0009951338199513378,-0.0006360705596107049,1.5441468253968254,1.436128526645768,0.0,0.0,0.006874182051878737
2012-07,2012-06,2012-06-29,3.3,3.42,3.62,0.012731443135139103,0.012849097970231831,2.0953046581455497,-0.02565274697432307,0.0362784943491705,0.0001088354830475115,8.81935204521555e-06,0.41761364465383694,0.321689376172159,0.2606969791740042,1.3307734634312313e-17,0.011337247978832905,0.00140833335379627,0.12759697562321723,1.0,0.00011765633521033047,0.010181958031764127,Stage37_baseline_reproduction,True,False,0,Optimization terminated successfully,7,-0.010181958031764127,0.13000000094444322,-0.0886141087139248,0.0,-9.444432180760742e-10,0.0713858912860752,0.0,-0.0016068840579710145,0.0026545893719806773,0.0010477053140096632,1.2886297376093294,1.4414032382420972,0.0,0.0,0.006570595477607771
2012-08,2012-07,2012-07-31,2.85,2.97,3.14,0.02127846472879406,0.021367894663652284,2.1398895244099774,-0.0049201333172188555,0.02980986983030596,8.942960949091787e-05,3.2536730482772606e-10,0.38451153916420067,0.3538451534393442,0.26164330739645514,3.608895723703996e-19,0.011487641405322008,0.0014083333447720676,0.1294016967952317,1.0,8.94325196124366e-05,0.010410220424678348,Stage37_baseline_reproduction,True,False,0,Optimization terminated successfully,11,-0.010410220424678348,0.13000000052794158,-0.07714648707213494,0.0,-5.279415793424391e-10,0.08285351292786507,0.0,-0.001970323741007194,0.006968824940047959,0.004998501199040765,1.2957142857142858,1.417298937784522,0.0,0.0,0.0070110806907701904
2012-09,2012-08,2012-08-31,2.76,2.86,3.02,0.030747861181778583,0.03115595065296929,2.205686550450878,0.0,0.13602980917157345,0.00040808942751472034,4.367598791003248e-11,0.5161298812060386,0.21269511061097565,0.2711750081829858,1.1224893480360105e-18,0.013323152659316426,0.00140833333805106,0.15142783188349074,1.0,0.00040809280411365097,0.011718508352755338,Stage37_baseline_reproduction,True,False,0,Optimization terminated successfully,15,-0.011718508352755338,0.13000000021774122,-0.12480707272481448,0.0,-2.177412139481305e-10,0.035192927275185526,0.0,-0.002089583333333334,0.006252380952380957,0.004162797619047625,1.1607642124883504,1.2296793437733036,0.0,0.0,0.007701730155229196
2012-10,2012-09,2012-09-28,2.79,2.87,3.02,-0.03629394757306872,-0.036083042059364606,2.1256334784261908,-0.03629394757306881,0.060258766817343476,0.00018077630045203042,3.0129213252077573e-05,0.46359894276574914,0.2067330499471219,0.32966800728712903,4.568527553569498e-18,0.012914603377582878,0.0014083333408882403,0.14652524048566512,1.0,0.00021090808774416487,0.011570333665825485,Stage37_baseline_reproduction,True,False,0,Optimization terminated successfully,14,-0.011570333665825485,0.130000000348688,-0.09702659247963931,0.0,-3.4868799514420346e-10,0.0629734075203607,0.0,-0.0021080969267139476,0.006041371158392436,0.0039332742316784885,1.0737179487179487,1.3003676470588235,0.0,0.0,0.0074771226637061995
2012-11,2012-10,2012-10-31,2.77,2.84,2.96,-0.001541525178935155,-0.0015316258578412997,2.1223567608980094,-0.037779524717976964,0.00282837745538725,8.48513236616175e-06,1.4141887276935815e-06,0.4544285444560403,0.21538734931401218,0.3301841062299474,1.5876383428579457e-18,0.01315505757278742,0.001408333336041557,0.14941069085719969,1.0,9.90102281837074e-06,0.01201506527962961,Stage37_baseline_reproduction,True,False,0,Optimization terminated successfully,10,-0.012015065279629613,0.13000000012499494,-0.09399525587554451,1.1102230246251565e-16,-1.2499493107220871e-10,0.06600474412445549,0.0,-0.0021390845070422544,-0.0016678403755868534,-0.0038069248826291075,1.0085354896675651,1.280955829109341,0.0,0.0,0.0065135765318199085
2012-12,2012-11,2012-11-30,2.84,2.91,3.03,0.01987317677746432,0.01989060656443238,2.164534731992182,-0.01865714711380162,0.005809812319865549,1.7429436959596648e-05,3.50008462573248e-10,0.47131799800674007,0.20990793587527773,0.31877406611798226,0.0,0.012621099823809538,0.0014083333333333563,0.14300319788571433,1.0,1.743232852294355e-05,0.011459441866051292,Stage37_baseline_reproduction,True,False,0,Optimization terminated successfully,14,-0.011459441866051292,0.13000000000000106,-0.1008176516572098,0.0,-1.0547118733938987e-15,0.05918234834279021,0.0,-0.0020657925407925404,-0.0021561771561771593,-0.0042219696969697,1.0030864197530864,1.0552781740370898,0.0,0.0,0.0065028058608170205
2013-01,2012-12,2012-12-31,2.82,2.97,3.16,-0.0098650679442795,-0.009624968348202211,2.1431814497933264,-0.028338161034157094,0.08003315849870153,0.0002400994754961046,1.2058118392666017e-10,0.5647633319838493,0.12562765537783413,0.3096090126383165,0.0,0.013213951351432511,0.0014083333341597557,0.1501174162122316,1.0,0.00024010267110868863,0.011671168553667505,Stage37_baseline_reproduction,True,False,0,Optimization terminated successfully,15,-0.011671168553667507,0.13000000003814258,-0.13104266150513635,0.0,-3.814257243384134e-11,0.02895733849486365,0.0,-0.0018347800925925918,-0.004307870370370372,-0.006142650462962963,1.0229636048526862,1.0847398030942335,0.0,0.0,0.0064404804754889045
2013-02,2013-01,2013-01-31,2.76,2.89,3.1,0.0025155052202975514,0.0025649162444652575,2.1485726339183264,-0.025893940605874577,0.016470237605382583,4.941071281614775e-05,3.113515583963332e-10,0.5706602670062033,0.11104965542489402,0.3182900775689027,2.2399892523754573e-20,0.012106198971184846,0.0014083333334900222,0.13682438765327803,1.0,4.941363491635974e-05,0.01074331883732082,Stage37_baseline_reproduction,True,False,0,Optimization terminated successfully,12,-0.01074331883732082,0.13000000000723178,-0.13196543272178995,0.0,-7.231770737803345e-12,0.02803456727821005,0.0,-0.0019304597701149421,-0.002944827586206897,-0.004875287356321839,1.0229787234042553,1.003118503118503,0.0,0.0,0.0065999502708926445
2013-03,2013-02,2013-02-28,2.63,2.74,2.94,-0.002580952165652364,-0.0023369436282130226,2.1430272707257534,-0.028408061749442992,0.08133593711344933,0.00024400781134034798,7.260989934578622e-10,0.509279176913849,0.19291561124290132,0.29780521184324954,1.8322641197874235e-18,0.010646289601712608,0.0014083333350838085,0.11930547521004845,1.0,0.00024401065946450567,0.009222668100702443,Stage37_baseline_reproduction,True,False,0,Optimization terminated successfully,11,-0.009222668100702443,0.13000000008079116,-0.11278551991691035,0.0,-8.079115154657757e-11,0.04721448008308965,0.0,-0.0020839041095890402,0.001408675799086754,-0.0006752283105022861,1.092964824120603,1.0140218878248974,0.0,0.0,0.006221517222279831
2013-04,2013-03,2013-03-29,2.52,2.58,2.8,-0.039765182664437286,-0.03967372670312522,2.0578093998504734,-0.06704359264927107,0.026130384136421256,7.839115240926377e-05,1.3064808902804482e-05,0.5284818168839014,0.19450578868363058,0.27701239443246806,0.0,0.011698311374830187,0.0014083333333333352,0.13192973649796225,1.0,9.145820168216566e-05,0.010409897787002582,Stage37_baseline_reproduction,True,False,0,Optimization terminated successfully,12,-0.010409897787002582,0.1300000000000001,-0.12258622436730454,0.0,-8.326672684688674e-17,0.03741377563269546,0.0,-0.0023072278911564622,0.003232426303854877,0.000925198412698414,1.0037067545304779,1.0016869095816465,0.0,0.0,0.006635881324588787
2013-05,2013-04,2013-04-30,2.49,2.56,2.77,0.0008996539732473826,0.0012473678616518947,2.0596607162532345,-0.06620425471053137,0.10472469799722611,0.00031417409399167834,3.353979441283379e-05,0.4940351197093811,0.30810172396371116,0.19786315632690776,2.9845060312717463e-17,0.01094757985003953,0.001408333333340129,0.12292095820043361,1.0,0.0003477153884465043,0.009487892249865742,Stage37_baseline_reproduction,True,False,0,Optimization terminated successfully,10,-0.009487892249865742,0.13000000000031364,-0.12218797987995685,0.0,-3.136380044566067e-13,0.03781202012004316,0.0,-0.002287471846846847,0.00337725225225225,0.001089780405405403,1.5683656957928802,1.0418882978723405,0.0,0.0,0.0059274566858384305
2013-06,2013-05,2013-05-31,2.78,2.9,3.12,-0.061969245212271915,-0.06195032131605884,1.9320250962736543,-0.12407087222855062,0.005407533465018906,1.622260039505672e-05,2.701295818015205e-06,0.5094694311582465,0.3053269024018856,0.18520366643986805,0.0,0.009797010394676193,0.001408333333339976,0.10911412473607446,1.0,1.892554677995636e-05,0.008647993394013726,Stage37_baseline_reproduction,True,False,0,Optimization terminated successfully,18,-0.008647993394013726,0.1300000000003066,-0.1303428201663533,0.0,-3.06588088250237e-13,0.029657179833646713,0.0,-0.0018846196868008945,-0.004145413870246082,-0.006030033557046977,1.5894276629570747,1.050786369593709,0.0,0.0,0.0057476082560843815
2013-07,2013-06,2013-06-28,2.88,3.14,3.4,0.025816222991060584,0.02620629848345838,1.9819026869833802,-0.10145769054163778,0.1273734252125201,0.0003821202756375603,7.955216760234156e-06,0.38818254050430767,0.449734052074514,0.16208340742117827,7.825070361236518e-17,0.008171002198367569,0.0014083333333372546,0.0896020263803873,1.0,0.0003900769924732631,0.006814677488727834,Stage37_baseline_reproduction,True,False,0,Optimization terminated successfully,10,-0.006814677488727832,0.13000000000018097,-0.09127411671637259,0.0,-1.8096635301390052e-13,0.06872588328362741,0.0,-0.0013803888888888885,-0.011951111111111112,-0.013331500000000001,1.862676056338028,1.02490297542044,0.0,0.0,0.004688214393309916
2013-08,2013-07,2013-07-31,2.92,3.2,3.49,0.011346554958483702,0.011446445137399583,2.0043904547436036,-0.09126233084484558,0.028545115876029106,8.563534762808732e-05,1.4254831287793438e-05,0.4199964610943845,0.4400757077713979,0.1399278311342177,3.248385603473597e-19,0.0075373479480989256,0.001116036378894745,0.08375195710381864,1.0,9.989170012761377e-05,0.006583421904107702,Stage37_baseline_reproduction,True,False,0,Optimization terminated successfully,17,-0.006583421904107702,0.11572569527437257,-0.1052272171359641,0.0,0.014274304725627435,0.054772782864035904,0.0,-0.0012795805739514343,-0.011538631346578366,-0.012818211920529801,1.6942307692307692,1.0401785714285714,0.0,0.0,0.004651176702389499
2013-09,2013-08,2013-08-30,2.88,3.17,3.53,0.004677757640837617,0.004677774205974268,2.0137665075085027,-0.08701147626943795,5.339842966314846e-06,1.6019528898944538e-08,5.456077523530161e-10,0.4201103493643732,0.43655209754245095,0.14333755309317592,2.8072100963034204e-17,0.007553823837810541,0.0009168164864933003,0.08514498713476669,1.0,1.9156334429822962e-08,0.006801519851485472,Stage37_baseline_reproduction,True,False,0,Optimization terminated successfully,2,-0.006801519851485471,0.10488945532282834,-0.10483195602349732,0.0,0.025110544677171664,0.055168043976502684,0.0,-0.0012753289473684216,-0.005962719298245613,-0.007238048245614035,1.670196671709531,1.171383647798742,0.0,0.0,0.004666926404799927
2013-10,2013-09,2013-09-30,2.82,3.05,3.42,0.012043442746907858,0.012043444878694503,2.038019189147322,-0.07601595125530503,6.664020112401411e-07,1.9992060337204235e-09,1.3258061215549704e-10,0.43450735955717373,0.4364967124853709,0.12899592795745538,2.6129673076149695e-17,0.007411686543138965,0.0012484927236213863,0.08144928217593927,1.0,6.987913264547743e-09,0.00647955775340684,Stage37_baseline_reproduction,True,False,0,Optimization terminated successfully,1,-0.00647955775340684,0.12240062370534162,-0.11172628481464056,0.0,0.007599376294658386,0.048273715185359445,0.0,-0.001491993464052287,0.0025762527233115515,0.001084259259259263,1.6385991058122205,1.0524844720496895,0.0,0.0,0.004945383918276691
2013-11,2013-10,2013-10-31,2.819,3.05,3.398,-0.004699087408914673,-0.004699086858295741,2.0284423588364735,-0.08035783306479916,1.5959544701072558e-07,4.787863410321767e-10,7.183259133348307e-11,0.4402185961013973,0.43222189045605064,0.12755951344255206,2.3991685739180893e-17,0.007085589966855334,0.0010535313290903658,0.07870589162772182,1.0,6.539707501598038e-09,0.0062460935853126875,Stage37_baseline_reproduction,True,False,0,Optimization terminated successfully,1,-0.0062460935853126875,0.11243832064329487,-0.1099111793950069,0.0,0.017561679356705134,0.0500888206049931,0.0,-0.0014802218614718616,0.0012261904761904795,-0.0002540313852813815,1.4322344322344323,1.01316595223515,0.0,0.0,0.005275449277247809
2013-12,2013-11,2013-11-29,3.01,3.347,3.672,-0.003938303384485747,-0.003938302310094744,2.0204537374294333,-0.0839796629233559,3.06968858089514e-07,9.20906574268542e-10,1.534844290343522e-10,0.4472667733435715,0.4326169707193543,0.1201162559370743,2.334542258211029e-17,0.006548769421821472,0.0011041456958702268,0.07196035888663631,1.0,6.6274210081726815e-09,0.005678150305039149,Stage37_baseline_reproduction,True,False,0,Optimization terminated successfully,1,-0.005678150305039149,0.11510755123119734,-0.11373266405683564,0.0,0.014892448768802663,0.04626733594316436,0.0,-0.0010023387096774186,-0.0023983870967741916,-0.0034007258064516106,1.339350180505415,1.0178463399879008,0.0,0.0,0.0048468804850241185
2014-01,2013-12,2013-12-31,2.858,3.228,3.583,-0.015039387043738856,-0.015039380062113354,1.9900673516682634,-0.09775604731258769,1.994750143686627e-06,5.984250431059881e-09,9.973750718771016e-10,0.4443805376037705,0.4371102511028461,0.11850921129338342,7.557310402139827e-23,0.006739977110724855,0.0011126851404969526,0.07420361448571654,1.0,1.0679927565596614e-08,0.0058730334075996855,Stage37_baseline_reproduction,True,False,0,Optimization terminated successfully,2,-0.0058730334075996855,0.11555181385838749,-0.11300421192010113,0.0,0.014448186141612515,0.046995788079898876,0.0,-0.0010263301282051281,-0.004066346153846159,-0.005092676282051287,1.5167140825035563,1.0062724014336917,0.0,0.0,0.004728301137934891
2014-02,2014-01,2014-01-29,2.88,3.223,3.612,0.017659644754962758,0.01765964524674057,2.0252112341371746,-0.08182273962581454,1.5296170023659826e-07,4.588851007097948e-10,3.289271262307792e-11,0.4286246017486609,0.44502041217039867,0.12635498608094045,7.398133182089906e-22,0.006445318597248612,0.0010409255392636845,0.07109826993140124,1.0,6.52745854014828e-09,0.005636677865797213,Stage37_baseline_reproduction,True,False,0,Optimization terminated successfully,1,-0.005636677865797213,0.11176361872793943,-0.10591861765200954,0.0,0.01823638127206058,0.05408138234799047,0.0,-0.0010802096602972409,-0.0030904458598726104,-0.004170655520169851,1.2859145059565522,1.0415929203539822,0.0,0.0,0.004690992148090639
2014-03,2014-02,2014-02-28,2.85,3.128,3.498,-0.0038104298554759827,-0.003810428043673686,2.017494308786973,-0.08532138967136349,5.519497927597432e-07,1.6558493782792296e-09,1.5595291857906133e-10,0.42765675693298305,0.4399585820039809,0.132384661063036,1.6288690132594637e-21,0.006328323735777128,0.0009832550548642452,0.07004035450014007,1.0,6.850956500877803e-09,0.00555151771254996,Stage37_baseline_reproduction,True,False,0,Optimization terminated successfully,1,-0.00555151771254996,0.10862348115564582,-0.10469521541290092,0.0,0.02137651884435418,0.05530478458709909,0.0,-0.0012879562236286913,0.0025624472573839616,0.0012744910337552703,1.113762102351314,1.0224620770128354,0.0,0.0,0.0051949817610288124
2014-04,2014-03,2014-03-31,2.87,3.155,3.518,-0.005528427924784779,-0.005528423266034046,2.006340736912181,-0.0903781244429076,1.409297515686525e-06,4.227892547059575e-09,4.308581857681571e-10,0.4316229287596154,0.4424838024360861,0.12589326880429855,1.6785927433825411e-21,0.005989211018749014,0.0009195221914256241,0.06635339907643442,1.0,8.442337554520689e-09,0.005243019596726755,Stage37_baseline_reproduction,True,False,0,Optimization terminated successfully,1,-0.005243019596726755,0.10504411595661839,-0.10706433633970325,0.0,0.024955884043381615,0.052935663660296756,0.0,-0.0012427725366876323,-0.00010366876310271959,-0.0013464412997903526,1.200068166325835,1.0331412103746398,0.0,0.0,0.005174916441118341
2014-05,2014-04,2014-04-30,2.873,3.168,3.527,0.007471551776072725,0.007471566424299948,2.021331215608464,-0.08358183750303438,4.3191555143609625e-06,1.2957466543082888e-08,1.6907606798857734e-09,0.43115183841737276,0.446374888345581,0.12247327323704636,4.159654517735657e-21,0.005531511364639363,0.0009072043718601422,0.06093491014451151,1.0,1.725891752153328e-08,0.00479551340182369,Stage37_baseline_reproduction,True,False,0,Optimization terminated successfully,2,-0.00479551340182369,0.10433816397810394,-0.10751907530547644,0.0,0.02566183602189606,0.05248092469452356,0.0,-0.0012033385416666672,-0.0014696874999999992,-0.002673026041666667,1.0863575268817205,1.0447038724373576,0.0,0.0,0.00493150289282456
2014-06,2014-05,2014-05-30,2.816,3.035,3.338,0.008595624834783787,0.008595630385248425,2.038705820404672,-0.07570465078642852,1.6724020746525256e-06,5.0172062239575766e-09,5.332584149184119e-10,0.4362567498139001,0.44677373093879746,0.1169695192473024,3.729003247625063e-22,0.005605294402645874,0.000922666639597,0.0617275329941685,1.0,9.100709888964555e-09,0.0048584021454497,Stage37_baseline_reproduction,True,False,0,Optimization terminated successfully,2,-0.0048584021454497,0.10522356996017575,-0.11039030952198292,0.0,0.024776430039824257,0.04960969047801708,0.0,-0.0014650310559006204,0.0008561076604554842,-0.0006089233954451366,1.0904572564612327,1.0030951041080474,0.0,0.0,0.004814785888337793
2014-07,2014-06,2014-06-30,2.681,2.88,3.17,0.016332160186755658,0.016332163190068943,2.072002290437192,-0.060608911083199324,9.789592941081282e-07,2.9368778823243845e-09,6.643540199219311e-11,0.4307914297776844,0.4465578447593757,0.1226507254629399,3.8103594402677677e-22,0.005636003535773335,0.0009035042398699041,0.0622110169900606,1.0,7.58156522356198e-09,0.004908028387194014,Stage37_baseline_reproduction,True,False,0,Optimization terminated successfully,1,-0.004908028387194014,0.10412516928408255,-0.10735604080059516,0.0,0.025874830715917452,0.052643959199404844,0.0,-0.0016268209876543222,0.002884156378600826,0.0012573353909465044,1.0506535947712419,1.014182424916574,0.0,0.0,0.004994677189028062
2014-08,2014-07,2014-07-31,2.515,2.757,3.052,-0.008070876972729173,-0.008070863000341698,2.0552794148638602,-0.06819062099112494,4.455061983356207e-06,1.3365185950068621e-08,6.072015258996537e-10,0.4384130296052088,0.4416745076482326,0.11991246274655859,2.7412738986107614e-17,0.005189659974756797,0.0008528007665334134,0.05715911509788108,1.0,1.6582316578400145e-08,0.004479855039237505,Stage37_baseline_reproduction,True,False,0,Optimization terminated successfully,2,-0.004479855039237505,0.10116130287022286,-0.11060630903733135,0.0,0.028838697129777144,0.04939369096266866,0.0,-0.0016297571574642126,0.004333128834355825,0.0027033716768916135,1.117590206185567,1.0612637362637363,0.0,0.0,0.0048366103956918455
2014-09,2014-08,2014-08-28,2.526,2.753,3.058,-0.01016147265982126,-0.010161467091492172,2.034394749281428,-0.07765917652008858,1.8539763120966496e-06,5.561928936289949e-09,6.400151561570182e-12,0.43653205670005224,0.44743570627061957,0.11603223702932819,8.183170128897486e-17,0.0046602934912056745,0.0007795561906680492,0.05124618475045979,1.0,9.802696867409312e-09,0.003992618179171243,Stage37_baseline_reproduction,True,False,0,Optimization terminated successfully,1,-0.003992618179171243,0.09671956517694127,-0.10639531591819319,0.0,0.03328043482305873,0.05360468408180681,0.0,-0.0016544029471544713,0.0035567073170731686,0.0019023043699186986,1.016211061665607,1.0228136882129277,0.0,0.0,0.004410882480941947
2014-10,2014-09,2014-09-30,2.297,2.498,2.854,-0.010599634545013267,-0.010599624632546795,2.012830908418751,-0.08743565217492211,3.296461973306536e-06,9.889385919919608e-09,2.308055233031797e-11,0.42550371233979045,0.4577610437815448,0.11673524387866446,1.1190783705987197e-16,0.004677554400947702,0.0009278184739585338,0.050563741967621215,1.0,1.3770315659316518e-08,0.003952200087787832,Stage37_baseline_reproduction,True,False,0,Optimization terminated successfully,2,-0.003952200087787833,0.10551692607113991,-0.10252822256371492,1.1102230246251565e-16,0.024483073928860094,0.05747177743628508,0.0,-0.001911042929292929,0.0042351515151515095,0.0023241085858585805,1.3707653701380176,1.1439312567132116,0.0,0.0,0.0044129641795034496
2014-11,2014-10,2014-10-31,2.138,2.291,2.645,0.011494962851170087,0.011494966463922753,2.0359683249367113,-0.07694575889737065,1.0322150475610768e-06,3.0966451426832307e-09,5.161075237320379e-10,0.4207096326556905,0.4658666803360202,0.11342368700828924,1.2714092869964012e-16,0.004965638321416415,0.0007460336155833434,0.05511145816349692,1.0,7.933521476197995e-09,0.004339581888672294,Stage37_baseline_reproduction,True,False,0,Optimization terminated successfully,1,-0.004339581888672294,0.09461714108447856,-0.10149450922815709,0.0,0.03538285891552144,0.058505490771842916,0.0,-0.0021720306224899603,0.005309638554216867,0.003137607931726907,1.5742115027829313,1.3785145888594164,0.0,0.0,0.004281254607314433
2014-12,2014-11,2014-11-28,2.074,2.23,2.589,-0.010405319752806414,-0.010405315097147207,2.0147834235091593,-0.0865504334252275,1.3392794514650128e-06,4.017838354395039e-09,6.378208530639183e-10,0.41984356955637075,0.46258737509661046,0.11756905534701871,1.0784228444617362e-16,0.004786374865111936,0.0007330282670224765,0.05303832877920836,1.0,8.751941344932438e-09,0.004169541300839652,Stage37_baseline_reproduction,True,False,0,Optimization terminated successfully,1,-0.004169541300839652,0.09378880105998647,-0.10045276182660295,0.0,0.03621119894001354,0.05954723817339705,0.0,-0.0022036077844311375,0.006511177644710583,0.004307569860279445,1.755195599022005,1.644170168067227,0.0,0.0,0.004260221362837405
2015-01,2014-12,2014-12-31,2.098,2.28,2.598,0.027503763325919396,0.02750376670777131,2.070197549942341,-0.06142713273599132,9.932330376008949e-07,2.9796991128026847e-09,4.021527999012911e-10,0.4142408314031223,0.4677721010085452,0.11798706758833247,8.629528332960576e-17,0.004821681163974713,0.0009140138636712028,0.052376090785669335,1.0,7.707328428727896e-09,0.004122729268198413,Stage37_baseline_reproduction,True,False,0,Optimization terminated successfully,1,-0.004122729268198413,0.10472901395532393,-0.09846783215354904,0.0,0.025270986044676078,0.061532167846450964,0.0,-0.0020946577380952383,0.00122242063492064,-0.0008722371031745979,1.4689384800965017,1.8964174454828662,0.0,0.0,0.004045052543206182
2015-02,2015-01,2015-01-30,1.97,2.048,2.24,-0.0025602043497610105,-0.002560202817171598,2.064897421170114,-0.06383007107332828,4.518225237629384e-07,1.3554675712888152e-09,1.7712184164494856e-10,0.4133118529798258,0.46170112422580506,0.12498702279436913,7.771305484100085e-17,0.0056456447782365525,0.0007303714402394318,0.06336550869740204,1.0,6.774907393904941e-09,0.005040418474102066,Stage37_baseline_reproduction,True,False,0,Optimization terminated successfully,1,-0.005040418474102066,0.09361868020258127,-0.09688455310243542,0.0,0.03638131979741874,0.06311544689756458,0.0,-0.002492263313609468,0.002248520710059174,-0.00024374260355029386,1.436829558998808,1.9306269270298047,0.0,0.0,0.00412798719750237
2015-03,2015-02,2015-02-27,2.034,2.103,2.353,0.011273907432502017,0.011273908219397444,2.088176883553998,-0.0532757779535169,2.248272648816933e-07,6.744817946450799e-10,1.1241363245127406e-10,0.4182330201391718,0.4619502617540644,0.11981671810676371,7.669365599845413e-17,0.005131725246549979,0.000629162132866353,0.05780573016140164,1.0,6.576939552770764e-09,0.004574336863407041,Stage37_baseline_reproduction,True,False,0,Optimization terminated successfully,1,-0.004574336863407041,0.08689042291528011,-0.09949870788582794,0.0,0.043109577084719894,0.06050129211417206,0.0,-0.002450519607843136,0.0025352941176470575,8.477450980392057e-05,1.1520329994107248,1.9122137404580153,0.0,0.0,0.003967416420100449
2015-04,2015-03,2015-03-31,1.721,1.802,2.16,0.009323304634748411,0.00932330754055275,2.107645592770612,-0.044449179626282254,8.533874539667509e-07,2.560162361900253e-09,3.4564197602675253e-10,0.4203937968332722,0.462241278854569,0.11736492431215877,9.930887017784682e-17,0.005860855368938258,0.0007901214267230645,0.0655895358669207,1.0,7.422892107299257e-09,0.005223057547729561,Stage37_baseline_reproduction,True,False,0,Optimization terminated successfully,1,-0.005223057547729561,0.09737277402167803,-0.10067688429856422,0.0,0.032627225978321975,0.05932311570143578,0.0,-0.0026620224171539962,0.005270467836257309,0.002608445419103313,1.1809191390343223,1.8945646703573225,0.0,0.0,0.004118933871468185
2015-05,2015-04,2015-04-30,1.843,2.037,2.414,-0.0032984282996422814,-0.0032984261390487488,2.100693674901801,-0.04760099549394936,6.17312437826998e-07,1.851937313480994e-09,3.0865621896555074e-10,0.43475162796799816,0.4544426813282666,0.11080569070373511,5.85394367011467e-17,0.005184540867947169,0.0007377635849988823,0.057787908905372734,1.0,6.992238170619201e-09,0.004558265817299866,Stage37_baseline_reproduction,True,False,0,Optimization terminated successfully,1,-0.004558265817299866,0.09409124837085853,-0.10672683491941148,0.0,0.03590875162914148,0.05327316508058852,0.0,-0.0022152955426356594,-0.0016268410852713167,-0.0038421366279069763,1.2221264367816091,1.607320717131474,0.0,0.0,0.003998312583133919
2015-06,2015-05,2015-05-29,1.745,1.917,2.308,-0.016893483691237395,-0.016893483691237395,2.0652056405645616,-0.06369033254412315,0.0,0.0,0.0,0.4243440573188331,0.45806545384239283,0.11759048883877389,6.089906965358677e-17,0.0052400672884421705,0.0009264429264153332,0.05732214990281405,1.0,6.5e-09,0.00453355928318665,Stage37_baseline_reproduction,True,False,0,Optimization terminated successfully,1,-0.00453355928318665,0.10543867941597143,-0.10198026837723018,0.0,0.024561320584028573,0.05801973162276983,0.0,-0.0023483236994219655,4.922928709055708e-05,-0.0022990944123314084,1.056534090909091,1.5266272189349113,0.0,0.0,0.0038256359118577516
2015-07,2015-06,2015-06-30,1.793,2.07,2.451,-0.014359628998904262,-0.01435962670666288,2.03555005375961,-0.07713539199687702,6.549261095112616e-07,1.964778328533785e-09,3.2746305475564484e-10,0.4176748890223118,0.46508624983039865,0.11723886114728947,5.972298898044712e-17,0.00447882687793766,0.0006503732027200615,0.04984368331893155,1.0,7.052034151418811e-09,0.003918209671295511,Stage37_baseline_reproduction,True,False,0,Optimization terminated successfully,1,-0.003918209671295511,0.08834295915714357,-0.09580466887566254,0.0,0.04165704084285643,0.06419533112433747,0.0,-0.0019885775862068964,-0.006334386973180075,-0.008322964559386973,1.1346801346801347,1.4539024390243902,0.0,0.0,0.0034048644091667682
2015-08,2015-07,2015-07-31,1.768,2.031,2.428,-0.010514201141671148,-0.010514196580270902,2.014147871060442,-0.08683857611195134,1.5007342401631692e-06,4.5022027204895074e-09,5.919752475014155e-11,0.4106047439706335,0.4737623513998783,0.11563290462948823,7.705288525246177e-17,0.0032258183211287643,0.0009450554143560363,0.03303948736740895,1.0,8.7782356341638e-09,0.002526921748754073,Stage37_baseline_reproduction,True,False,0,Optimization terminated successfully,1,-0.002526921748754073,0.1064925582952745,-0.09374962911782653,0.0,0.023507441704725504,0.06625037088217348,0.0,-0.002038880952380952,-0.001064857142857147,-0.0031037380952380995,1.2433481152993349,1.6706081081081081,0.0,0.0,0.002709436098077067
2015-09,2015-08,2015-08-31,1.735,1.925,2.295,0.01000212168727271,0.010002123916199203,2.03429362316295,-0.07770502443009963,7.348315278072137e-07,2.204494583421641e-09,2.443190878779421e-11,0.3940866301554224,0.4817050357310944,0.12420833411348321,7.987236083372461e-17,0.004467394253964642,0.0010124903337508314,0.04753378904507072,1.0,7.182818213193022e-09,0.003753089460613772,Stage37_baseline_reproduction,True,False,0,Optimization terminated successfully,1,-0.003753089460613772,0.11022651226002743,-0.08686182210189763,0.0,0.019773487739972576,0.07313817789810237,0.0,-0.002267713068181818,-0.0002588068181818182,-0.0025265198863636358,1.446027397260274,1.9051600573339704,0.0,0.0,0.0037681357757472257
2015-10,2015-09,2015-09-30,1.568,1.723,2.061,0.021038733167037936,0.021038735851841364,2.077092583884082,-0.058301106537784864,8.159024157961345e-07,2.4477072473884034e-09,2.370961797725982e-10,0.39870580581697446,0.48099440376256997,0.12029979042045567,7.751447298213223e-17,0.00496166199096683,0.0011218162564115145,0.052809046353132875,1.0,7.234551616999239e-09,0.004190182118230617,Stage37_baseline_reproduction,True,False,0,Optimization terminated successfully,1,-0.004190182118230617,0.11602497609109072,-0.08895468287429353,0.0,0.013975023908909284,0.07104531712570647,0.0,-0.0024961511299435033,0.00392598870056497,0.0014298375706214665,1.2965872156013,1.7987228003784295,0.0,0.0,0.0038991975207180478
2015-11,2015-10,2015-10-30,1.657,1.793,2.111,-0.014799913150956367,-0.014799910441021958,2.046351794036102,-0.07223816837537744,8.461116719066675e-07,2.5383350157200024e-09,1.7159939218196367e-10,0.41313411075473044,0.47173277622981985,0.11513311301544979,7.074730457392079e-17,0.00476138494396342,0.0008717884818714415,0.051905888436332384,1.0,7.258405307508217e-09,0.004101200850987777,Stage37_baseline_reproduction,True,False,0,Optimization terminated successfully,1,-0.004101200850987777,0.10228128754790536,-0.09467944585583116,0.0,0.027718712452094646,0.06532055414416885,0.0,-0.002463377808988765,0.002170599250936334,-0.00029277855805243027,1.136777301927195,1.7230805243445693,0.0,0.0,0.003987600469406978
2015-12,2015-11,2015-11-30,1.785,1.963,2.247,0.0017686224351395787,0.0017686272589757237,2.0499710177292223,-0.0705973079854999,1.5280609879029173e-06,4.584182963708752e-09,2.396531812096581e-10,0.4120413116646796,0.47607322822510617,0.11188546011021426,6.411771829707184e-17,0.003847602105796243,0.0008924937587003882,0.040816262717352586,1.0,8.630800814435854e-09,0.0031789963800546166,Stage37_baseline_reproduction,True,False,0,Optimization terminated successfully,1,-0.0031789963800546166,0.10348876801085545,-0.09490455506807259,0.0,0.026511231989144554,0.06509544493192741,0.0,-0.0022204492551210426,-0.003958193668528864,-0.006178642923649906,1.258739406779661,1.853896103896104,0.0,0.0,0.0033398613647992736
2016-01,2015-12,2015-12-31,1.662,1.814,2.076,0.0019407324865219197,0.0019407359731730086,2.053949463079758,-0.06879358598804641,9.961860254065452e-07,2.9885580762196357e-09,4.98093012710224e-10,0.4063736913365182,0.47949047363926905,0.11413583502421284,5.649528482105588e-17,0.003868455153637241,0.0009515740748440812,0.040712017394582405,1.0,7.793602495296051e-09,0.003178278398359248,Stage37_baseline_reproduction,True,False,0,Optimization terminated successfully,1,-0.003178278398359248,0.10685920127966976,-0.0926157423714582,0.0,0.023140798720330244,0.0673842576285418,0.0,-0.002386446759259259,-0.002469537037037039,-0.0048559837962962975,1.1099476439790577,1.816574839302112,0.0,0.0,0.003001134966768951
2016-02,2016-01,2016-01-29,1.564,1.7,1.979,0.028792639919489785,0.02879264336151828,2.1130880903830427,-0.041981695018680876,1.0111906240080746e-06,3.0335718720242236e-09,4.084566242975161e-10,0.39522303026748584,0.48275437943526417,0.12202259029725003,6.277301836519266e-22,0.003880778055826316,0.000961241919964967,0.04080188515012599,1.0,7.743784428839161e-09,0.0031982850493910346,Stage37_baseline_reproduction,True,False,0,Optimization terminated successfully,1,-0.0031982850493910346,0.10740066591776609,-0.0875687538004525,0.0,0.022599334082233913,0.07243124619954751,0.0,-0.0025015953038674036,0.0016941068139963167,-0.0008074884898710867,1.1586314152410575,1.9378698224852071,0.0,0.0,0.0031400424262646204
2016-03,2016-02,2016-02-29,1.454,1.555,1.786,-0.0008515860543779237,-0.0008515850746782967,2.1112886140336005,-0.04279753004704179,3.028572378160902e-07,9.085717134482706e-10,7.112791355901007e-11,0.3933412552546437,0.4724311956842573,0.13422754906109896,0.0,0.004884702269348309,0.0008684456317767778,0.053405753441519044,1.0,6.606639701587435e-09,0.004249447522276371,Stage37_baseline_reproduction,True,False,0,Optimization terminated successfully,1,-0.0042494475222763705,0.10208500174521884,-0.08542236289193154,0.0,0.027914998254781165,0.07457763710806846,0.0,-0.0026816002747252756,0.005484798534798538,0.002803198260073263,1.6859928168291431,1.9258006314839875,0.0,0.0,0.00378210635079398
2016-04,2016-03,2016-03-31,1.444,1.55,1.793,0.007911706689151013,0.007911707479906362,2.1279925102839785,-0.0352244248626431,2.6257888516983063e-07,7.877366555094919e-10,3.0186934688126586e-12,0.40530285235960983,0.47349988433610984,0.12119726330428036,2.7737616605628433e-17,0.004674767534674532,0.0007244430773393776,0.05175055195205812,1.0,6.5994590207683206e-09,0.0041033037473205405,Stage37_baseline_reproduction,True,False,0,Optimization terminated successfully,1,-0.0041033037473205405,0.09323795862240085,-0.0909776620011379,0.0,0.036762041377599156,0.06902233799886211,0.0,-0.0026606967213114755,0.0018881602914389804,-0.0007725364298724943,1.4015728056823948,1.786511835640911,0.0,0.0,0.003848943686866286
2016-05,2016-04,2016-04-29,1.453,1.55,1.794,-0.004866193833819401,-0.004866192751944222,2.117637286252021,-0.03991920981739594,3.4934280906948455e-07,1.0480284272084536e-09,3.3846751401587873e-11,0.40089446666359235,0.47063594885048377,0.1284695844859239,6.064322028604725e-17,0.005227744961766751,0.000609484674210696,0.059076031495936834,1.0,6.651832770462231e-09,0.004718672770675134,Stage37_baseline_reproduction,True,False,0,Optimization terminated successfully,1,-0.004718672770675134,0.08552085178790231,-0.08525561960529406,0.0,0.0444791482120977,0.07474438039470595,0.0,-0.0026649864130434786,-0.0006887681159420311,-0.0033537545289855104,1.5454317269076305,1.702433628318584,0.0,0.0,0.0038018604670813816
2016-06,2016-05,2016-05-31,1.496,1.584,1.811,0.018967565628038384,0.018967570558709308,2.1578037104553873,-0.02170881442138839,1.6046599933817104e-06,4.813979980145131e-09,1.1669094546200876e-10,0.3999670795374765,0.47434649680546875,0.1256864236570548,6.53711446998581e-17,0.005729375686271271,0.0006151701682586498,0.06506148722570335,1.0,8.93563202421513e-09,0.0052205548182207495,Stage37_baseline_reproduction,True,False,0,Optimization terminated successfully,1,-0.0052205548182207495,0.08591881062435512,-0.08529417987972746,0.0,0.04408118937564488,0.07470582012027255,0.0,-0.002640997747747748,-0.0016850450450450441,-0.004326042792792792,1.163686040735221,1.5927224901359054,0.0,0.0,0.003798009187168649
2016-07,2016-06,2016-06-30,1.247,1.297,1.469,0.012434267036808007,0.012673998958628009,2.184634418004205,-0.00954448058014834,0.07991058803049506,0.00023973176409148518,1.5772851797130693e-10,0.4755921553304301,0.3927991989067159,0.13160864576285408,1.1283678917197093e-18,0.007260193594847264,0.0011318426059891994,0.08033126750223198,1.0,0.00023973488807814587,0.00616460998438957,Stage37_baseline_reproduction,True,False,0,Optimization terminated successfully,19,-0.00616460998438957,0.1165423153702997,-0.10811608044745903,0.0,0.013457684629700303,0.05188391955254097,0.0,-0.002945132168458782,0.0025073476702508982,-0.0004377844982078839,1.4113022113022113,1.5903169778549717,0.0,0.0,0.003960040858737729
2016-08,2016-07,2016-07-27,1.222,1.246,1.403,0.0011197733296553702,0.001472329005308974,2.1870807133605332,-0.008435394905292104,0.11751851350556543,0.0003525555405166963,1.351369074286011e-10,0.6023513261996459,0.27145596569745245,0.1261927081029016,1.7626322574704837e-18,0.008238187401086002,0.0013696664174610773,0.09064025030826556,1.0,0.0003525587068792791,0.006723876857470874,Stage37_baseline_reproduction,True,False,0,Optimization terminated successfully,15,-0.006723876857470874,0.12820295242127977,-0.1599999999079591,0.0,0.0017970475787202345,9.20409026772262e-11,0.0,-0.0030260494652406423,0.0028439393939393947,-0.0001821100713012471,1.1569343065693432,1.6597072750753337,0.0,0.0,0.00393684324154852
2016-09,2016-08,2016-08-31,1.308,1.354,1.478,0.009116699767386433,0.009132400726598199,2.2070196715912824,0.0,0.0044859883462188355,1.3457965038656507e-05,2.2429941731094476e-06,0.6030684475694873,0.2697663844591249,0.12716516797138794,1.360481441523708e-19,0.008063211404835147,0.0012269533375623169,0.08939681683264786,1.0,1.570276717186562e-05,0.006959581447622395,Stage37_baseline_reproduction,True,False,0,Optimization terminated successfully,12,-0.006959581447622395,0.12134018316595621,-0.1600000009023237,0.0,0.008659816834043793,-9.023236879901475e-10,0.0,-0.0028741201241134747,-5.4521276595744005e-05,-0.0029286414007092193,1.1826275264677575,1.6212702472293266,0.0,0.0,0.003858383398741214
2016-10,2016-09,2016-09-30,1.247,1.254,1.398,-0.0073538264153667965,-0.007117417592996139,2.1907896320311004,-0.007353826415366749,0.07267621038660403,0.0002180286311598121,1.838019121084465e-05,0.5333862676250762,0.3045789022795753,0.16203483009534855,2.394774313715027e-18,0.007799297564376908,0.0014083333334506565,0.08514157077181896,1.0,0.00023641032242906185,0.006490151955161149,Stage37_baseline_reproduction,True,False,0,Optimization terminated successfully,8,-0.006490151955161149,0.13000000000541492,-0.12302873704217,0.0,-5.414918513579892e-12,0.03697126295783,0.0,-0.0030234964726631396,-0.0020708994708994706,-0.00509439594356261,1.0512148642210577,1.6123785382340516,0.0,0.0,0.0035672575660983972
2016-11,2016-10,2016-10-31,1.438,1.501,1.688,-0.017156374632782592,-0.016988984453694032,2.1532036243623587,-0.024384036047182978,0.05579658284844098,0.00016738974854532294,4.305432378122802e-10,0.5868674546470933,0.24724373529812835,0.16588881005477832,9.60551779241996e-19,0.007197138550528309,0.0014083333333671274,0.07791566260613694,1.0,0.00016739259623779187,0.005877329005354107,Stage37_baseline_reproduction,True,False,0,Optimization terminated successfully,17,-0.005877329005354107,0.13000000000155973,-0.14309154175153171,0.0,-1.5597245717202668e-12,0.01690845824846829,0.0,-0.0026850833333333336,-0.0057599999999999995,-0.008445083333333332,1.403066037735849,1.6589195979899496,0.0,0.0,0.002461558878129157
2016-12,2016-11,2016-11-30,1.71,1.897,2.144,0.020585684802432808,0.020819230062046307,2.197528795488938,-0.004300313325028671,0.07784837866564967,0.00023354513599694901,1.2361655223005253e-10,0.517173220474434,0.3254879929268824,0.15733878659868356,0.0,0.005886199194880125,0.0014083333333850196,0.06218439033825138,1.0,0.00023354832538422673,0.004606759479764305,Stage37_baseline_reproduction,True,False,0,Optimization terminated successfully,15,-0.004606759479764305,0.1300000000023855,-0.117990273886546,0.0,-2.3855084574364582e-12,0.04200972611345401,0.0,-0.0020826919720767887,-0.011713176265270504,-0.013795868237347292,1.4852872489490891,1.7453300124533002,0.0,0.0,0.0023880550358640457
2017-01,2016-12,2016-12-30,1.638,1.799,2.074,0.0188824078956472,0.018921889868815704,2.2390234305677903,0.0,0.01316058711682766,3.948176135048298e-05,2.1181802134566204e-10,0.5110930018159414,0.33364257436000405,0.15526442382405456,1.189847088954578e-18,0.006331344262628215,0.0014083333333335683,0.06752613115153717,1.0,3.9484798076231325e-05,0.005257361183833952,Stage37_baseline_reproduction,True,False,0,Optimization terminated successfully,12,-0.005257361183833952,0.13000000000001083,-0.11635969714431661,0.0,-1.0824674490095276e-14,0.04364030285568339,0.0,-0.002207677951388889,-0.009468836805555554,-0.011676514756944444,1.2173913043478262,1.317283950617284,0.0,0.0,0.002768037423568686
2017-02,2017-01,2017-01-31,1.675,1.85,2.155,0.008432616245061588,0.0084326468644675,2.2579042559214697,0.0,1.001658938876213e-05,3.004976816628639e-08,5.696377442804034e-10,0.5201929274587962,0.32753365529769085,0.15227341724351293,0.0,0.006749917616082234,0.0012432986089463125,0.07353921973930894,1.0,3.3031561010441153e-08,0.005788957688502053,Stage37_baseline_reproduction,True,False,0,Optimization terminated successfully,3,-0.005788957688502053,0.12214574616971215,-0.12004725166914479,0.0,0.007854253830287858,0.039952748330855214,0.0,-0.002124572538860104,-0.007419775474956823,-0.009544348013816928,1.135884509624198,1.3393877551020408,0.0,0.0,0.002953974954070504
2017-03,2017-02,2017-02-28,1.67,1.858,2.162,0.017176274057231822,0.017218212745420146,2.2966866382161673,0.0,0.012283644588565642,3.685093376569693e-05,5.087754422627507e-06,0.5084732687148267,0.3276634213181806,0.1638633099669928,9.87809823087965e-18,0.006785876623901034,0.0014083333339502562,0.07298051948311088,1.0,4.194018870342095e-05,0.0057156270282167085,Stage37_baseline_reproduction,True,False,0,Optimization terminated successfully,8,-0.0057156270282167085,0.13000000002847337,-0.11092110611043557,0.0,-2.8473362556624693e-11,0.049078893889564434,0.0,-0.0020798711340206185,-0.0005148625429553287,-0.0025947336769759476,1.069059518400727,1.17395706763872,0.0,0.0,0.003734511588620014
2017-04,2017-03,2017-03-31,1.662,1.847,2.177,0.018582736785490127,0.018752673169418053,2.33936536149289,0.0,0.05040870675785045,0.00015122612027355134,1.871026365437567e-05,0.46868674811716315,0.33491719975387224,0.19639605212896463,6.641955916335393e-18,0.0069166238287992786,0.0014083333333571413,0.0745494859454485,1.0,0.0001699378840272735,0.0057589045242242305,Stage37_baseline_reproduction,True,False,0,Optimization terminated successfully,8,-0.0057589045242242305,0.13000000000109882,-0.09888282286581059,0.0,-1.098815483047133e-12,0.06111717713418942,0.0,-0.0020846217948717947,-0.0027288888888888875,-0.004813510683760683,1.0092176258992807,1.2136837881219904,0.0,0.0,0.00392754913685506
2017-05,2017-04,2017-04-28,1.675,1.865,2.196,0.027409086487205768,0.02752510988776713,2.4034852290112223,0.0,0.038674308694337536,0.00011602292608301261,4.74478350481759e-10,0.5104516853619102,0.2907118603335353,0.19883645430455443,8.270713335396256e-19,0.008145812594811654,0.0014083333334367894,0.0892997511371191,1.0,0.0001160257598728636,0.006992435419278439,Stage37_baseline_reproduction,True,False,0,Optimization terminated successfully,24,-0.006992435419278439,0.13000000000477488,-0.11103850057337288,0.0,-4.774874939883489e-12,0.04896149942662713,0.0,-0.0020485693027210883,-0.0014649659863945571,-0.0035135352891156463,1.0033437360677664,1.2411389884508164,0.0,0.0,0.003894909561232642
2017-06,2017-05,2017-05-31,1.661,1.876,2.23,0.01138482777236444,0.011555331788279983,2.4308484943969373,0.0,0.04871543311872689,0.00014614629935618068,2.4357716559363475e-05,0.477234445997049,0.2834355056583803,0.23933004834457072,5.717396839957119e-17,0.0076251997934875405,0.0014083333333334994,0.0830523975218495,1.0,0.0001705065712413066,0.006442296987955513,Stage37_baseline_reproduction,True,False,0,Optimization terminated successfully,11,-0.006442296987955512,0.13000000000000766,-0.10587430210788898,0.0,-7.66053886991358e-15,0.054125697892111024,0.0,-0.001976920473773266,0.00012580372250423424,-0.0018511167512690312,1.008167770419426,1.3981444926964075,0.0,0.0,0.00392777615307258
2017-07,2017-06,2017-06-30,1.698,1.908,2.214,0.004067845527542603,0.004067850830943333,2.4407368105730036,0.0,1.6795903329256898e-06,5.038770998777069e-09,2.6462973132263567e-10,0.48467461284141555,0.280587545442738,0.2347378417158464,0.0,0.007363147065184925,0.0012676727894655661,0.0807517280454257,1.0,8.981296830935871e-09,0.006417017428149481,Stage37_baseline_reproduction,True,False,0,Optimization terminated successfully,2,-0.006417017428149483,0.12333723474112265,-0.10700498538420684,0.0,0.006662765258877351,0.05299501461579316,0.0,-0.0019506860269360273,-0.002374831649831648,-0.004325517676767676,1.0019676432006996,1.2412915851272015,0.0,0.0,0.0038703297820801355
2017-08,2017-07,2017-07-31,1.724,1.926,2.226,0.004837987334884404,0.004838004405438771,2.452545064350342,0.0,5.667807235154587e-06,1.7003421705463763e-08,6.713266098579111e-11,0.48422111327941786,0.2796726945223657,0.23610619219821646,5.771249855482494e-22,0.007308267709503055,0.001110249734397222,0.08103771410765331,1.0,2.058573076774793e-08,0.0064429994843570705,Stage37_baseline_reproduction,True,False,0,Optimization terminated successfully,2,-0.0064429994843570705,0.1154252867129498,-0.10711598299172242,0.0,0.014574713287050206,0.05288401700827758,0.0,-0.0019425502512562813,-0.0019795644891122278,-0.00392211474036851,1.0162548764629389,1.3332038834951456,0.0,0.0,0.003780360139220402
2017-09,2017-08,2017-08-31,1.747,1.968,2.262,0.013988265624187465,0.013988282781200298,2.4868519161657647,0.0,5.509305971915235e-06,1.6527917915745703e-08,6.290949174786454e-10,0.47452636707952445,0.2785793245225179,0.2468943083979577,2.775611868776549e-17,0.007903447738093863,0.0013707983206700846,0.08661658293310585,1.0,1.9664081024003272e-08,0.006915783972942691,Stage37_baseline_reproduction,True,False,0,Optimization terminated successfully,2,-0.006915783972942689,0.12825591545048132,-0.10649438033723993,0.0,0.0017440845495186874,0.05350561966276007,0.0,-0.0018582541666666676,-0.003719666666666666,-0.005577920833333333,1.0697424892703862,1.2530792917628946,0.0,0.0,0.003762169725254418
2017-10,2017-09,2017-09-29,1.888,2.09,2.379,0.014632651358573043,0.014969879477911275,2.5232411532354178,0.0,0.10025437210762195,0.00030076311632286584,3.6465003015366525e-05,0.5145292186035245,0.17400353524515186,0.31146724615132365,0.0,0.008839266775564882,0.0014083333336161062,0.09762120130508195,1.0,0.00033722961938687315,0.007413999752382909,Stage37_baseline_reproduction,True,False,0,Optimization terminated successfully,12,-0.007413999752382909,0.13000000001305106,-0.13161541873148544,0.0,-1.3051060232527334e-11,0.028384581268514564,0.0,-0.0017869257877280264,-0.003217827529021556,-0.005004753316749582,1.0219148936170213,1.1852559205500381,0.0,0.0,0.0038577293838108324
2017-11,2017-10,2017-10-31,2.164,2.398,2.571,-0.023232784904673322,-0.023027211770858896,2.4646192342596795,-0.023232784904673287,0.060334994796981165,0.0001810049843909435,2.456814942348387e-05,0.47039951599856605,0.1812803671553877,0.3483201168460463,0.0,0.008148355089909966,0.00140833333336719,0.08933026107871646,1.0,0.00020557463391418163,0.006882144183067035,Stage37_baseline_reproduction,True,False,0,Optimization terminated successfully,9,-0.006882144183067035,0.13000000000156262,-0.13619849354023467,0.0,-1.5626111515842922e-12,0.023801506459765337,0.0,-0.0014547462871287134,-0.008235231023102314,-0.009689977310231027,1.0282462057335582,1.1638257575757576,0.0,0.0,0.003453541523886197
2017-12,2017-11,2017-11-30,2.075,2.262,2.477,0.007678114823671208,0.007703082980155057,2.4835428637369543,-0.015733054071173647,0.008322698593312472,2.4968095779937416e-05,6.07039115363417e-11,0.47500655395758223,0.17830701967653115,0.3466864263658866,0.0,0.00795286919963668,0.001408333333338005,0.08698443039561213,1.0,2.497142853437442e-05,0.006862256483495132,Stage37_baseline_reproduction,True,False,0,Optimization terminated successfully,9,-0.006862256483495134,0.1300000000002156,-0.136345859132251,0.0,-2.156053113822054e-13,0.023654140867749,0.0,-0.0016588300492610844,-0.006361330049261083,-0.008020160098522168,1.035311324697033,1.1741826381059752,0.0,0.0,0.0033176810089984347
2018-01,2017-12,2017-12-22,2.131,2.338,2.496,0.02119035127585324,0.02132955959102394,2.536170009428179,0.0,0.04232561580730376,0.0001269768474219113,1.2231467748789054e-05,0.5177461572595066,0.15927719637552668,0.3229766463649668,0.0,0.00833828055383729,0.0014083333333394215,0.09160936664601095,1.0,0.00013920981527128527,0.007103847946682372,Stage37_baseline_reproduction,True,False,0,Optimization terminated successfully,10,-0.007103847946682372,0.130000000000281,-0.13445721198148952,0.0,-2.809974475326271e-13,0.02554278801851048,0.0,-0.0015456985294117639,-0.005763480392156866,-0.00730917892156863,1.0109821798590966,1.1005221932114884,0.0,0.0,0.003334267765957005
2018-02,2018-01,2018-01-31,2.274,2.57,2.769,-0.043094595301428784,-0.043032073728830174,2.4268747892562508,-0.043094595301428784,0.020840452989989905,6.252135896996972e-05,2.1362863966700728e-10,0.5004959200931605,0.17572940888680402,0.3237746710200356,0.0,0.006803308403830766,0.0014083333334495313,0.073189700845272,1.0,6.252439305720415e-05,0.005668020501202974,Stage37_baseline_reproduction,True,False,0,Optimization terminated successfully,9,-0.005668020501202974,0.130000000005363,-0.1314549034349298,0.0,-5.36298783160305e-12,0.028545096565070205,0.0,-0.0011594085365853662,-0.005068699186991865,-0.006228107723577231,1.0918241577649959,1.1126943005181347,0.0,0.0,0.0035222563933915794
2018-03,2018-02,2018-02-28,2.266,2.519,2.736,0.013228872881149736,0.01335925616666402,2.458979607341789,-0.03043581534338613,0.04346081141304019,0.00013038243423912056,8.512751628331206e-10,0.43727901846720335,0.22740430463316175,0.33531667689963496,0.0,0.006043075445095516,0.0014083333333339075,0.06406690534114276,1.0,0.00013038532946200394,0.004891010139328728,Stage37_baseline_reproduction,True,False,0,Optimization terminated successfully,19,-0.004891010139328728,0.13000000000002648,-0.1254121310586183,0.0,-2.6478819137309983e-14,0.034587868941381716,0.0,-0.001285863673139158,-0.005710760517799356,-0.006996624190938515,1.0432123929881778,1.209114296214627,0.0,0.0,0.0030160902216199823
2018-04,2018-03,2018-03-30,2.216,2.427,2.624,0.0035675541214545375,0.003619651101284209,2.467752150174534,-0.02697684264039968,0.017365578795572933,5.20967363867188e-05,2.434429527960049e-10,0.42684083583637455,0.24317657192814357,0.32998259223548193,8.611011488204899e-19,0.006491003228816171,0.0014083333333337546,0.06944203874579152,1.0,5.209973060631826e-05,0.005433474861598882,Stage37_baseline_reproduction,True,False,0,Optimization terminated successfully,11,-0.005433474861598882,0.13000000000001946,-0.12184850061024453,0.0,-1.9456658506555868e-14,0.03815149938975547,0.0,-0.0014438184380032209,-0.0029498389694041878,-0.0043936574074074095,1.0183912691996766,1.1715900802334063,0.0,0.0,0.0031485294226569088
2018-05,2018-04,2018-04-30,2.216,2.486,2.713,-0.01383610068540063,-0.013836098139931493,2.4336080829581053,-0.04043968901485351,8.208256515040856e-07,2.462476954512257e-09,8.299218200170772e-11,0.43361002730662496,0.24217210742019862,0.3242178652731765,2.864319360854349e-17,0.00624632520653587,0.0012798237958547565,0.0672769597033019,1.0,7.260965798252042e-09,0.005304579182564819,Stage37_baseline_reproduction,True,False,0,Optimization terminated successfully,1,-0.005304579182564819,0.12392693633854214,-0.12077095882853858,0.0,0.006073063661457864,0.03922904117146142,0.0,-0.0012647936698717945,-0.00035232371794872205,-0.001617117387820517,1.0222444889779558,1.2656532754252625,0.0,0.0,0.0034613452881979805
2018-06,2018-05,2018-05-31,2.195,2.479,2.695,-0.0151684688925514,-0.01516846000714314,2.3966939744550935,-0.05499474974255869,2.9511927313736087e-06,8.853578194120826e-09,3.18300656943381e-11,0.42514709289637803,0.24639536971368445,0.3284575373899375,2.864176905773379e-17,0.006981782508378686,0.0012271382239112962,0.07641856075707645,1.0,1.2761751415454022e-08,0.006072476278225483,Stage37_baseline_reproduction,True,False,0,Optimization terminated successfully,2,-0.006072476278225483,0.12134932503700033,-0.12102682807926704,0.0,0.008650674962999677,0.03897317192073296,0.0,-0.0012354086921850071,-0.0008673046251993609,-0.0021027133173843683,1.0137067938021453,1.2463195691202873,0.0,0.0,0.003599218497881662
2018-07,2018-06,2018-06-29,2.122,2.352,2.556,-0.00794580339595233,-0.007885397713523434,2.3776503153338098,-0.06250357566924702,0.01725998714773393,5.177996144320179e-05,8.625720985694601e-06,0.4333493840612299,0.2520672105585857,0.3145834053801844,1.3987078620758604e-18,0.007295360632849685,0.0014083333333533698,0.079094327594076,1.0,6.040727000067495e-05,0.006236769019326897,Stage37_baseline_reproduction,True,False,0,Optimization terminated successfully,13,-0.006236769019326897,0.13000000000092476,-0.11717805507516796,0.0,-9.247602683615241e-13,0.042821944924832045,0.0,-0.001447859126984127,-0.0009965079365079354,-0.0024443670634920625,1.0141843971631206,1.2293300071275837,0.0,0.0,0.0037797310114241678
2018-08,2018-07,2018-07-31,2.123,2.36,2.567,-0.0014434412870196354,-0.0012811873380399752,2.3742183167025614,-0.06385679671455946,0.04635833772875937,0.0001390750131862781,2.3178935793382302e-05,0.48220640442819285,0.25455257749619753,0.2632410180756096,2.7755575615628914e-17,0.007495889691433229,0.0014083333373320131,0.08150067627320667,1.0,0.00016225640476629307,0.00631566953143356,Stage37_baseline_reproduction,True,False,0,Optimization terminated successfully,13,-0.00631566953143356,0.13000000018455446,-0.11009208170990566,0.0,-1.8455445505161094e-10,0.04990791829009435,0.0,-0.0014197472353870465,0.002208214849921015,0.000788467614533969,1.039077764751856,1.2044570215776442,0.0,0.0,0.003772125954112558
2018-09,2018-08,2018-08-31,1.916,2.113,2.311,0.0028063290725159353,0.0033118902082382553,2.3808811545892237,-0.06122967082714126,0.14829489568681659,0.00044488468706044976,6.0676448661870236e-05,0.6324132073809,0.23162551222576433,0.13596128039333572,0.0,0.008964062608736372,0.001408333333340823,0.09911875130479153,1.0,0.0005055626357634554,0.0072829825049007015,Stage37_baseline_reproduction,True,False,0,Optimization terminated successfully,10,-0.0072829825049007015,0.13000000000034567,-0.16000000000011225,0.0,-3.456679387170425e-13,-1.1224354778960333e-13,0.0,-0.0017022169811320752,0.00466446540880503,0.002962248427672955,1.023431448489543,1.1678947368421053,0.0,0.0,0.003964168401470522
2018-10,2018-09,2018-09-28,2.005,2.175,2.357,-0.061869704871372264,-0.06176138487863271,2.2335767402209763,-0.11931111403506711,0.03610635427447978,0.00010831906282343934,9.299161159439517e-10,0.5990606290998057,0.2663904245469541,0.1345489463532401,4.439668177795235e-19,0.008423857443051849,0.0014083333358199137,0.0926362893017027,1.0,0.00010832199637411423,0.007194541061059739,Stage37_baseline_reproduction,True,False,0,Optimization terminated successfully,16,-0.007194541061059739,0.13000000011476523,-0.14683187132448128,0.0,-1.1476522510101006e-10,0.013168128675518725,0.0,-0.0016988086854460098,0.0013925665101721454,-0.00030624217527386397,1.0151864667435602,1.221505751132799,0.0,0.0,0.0038496415981146737
2018-11,2018-10,2018-10-31,1.939,2.066,2.243,0.01754691194232224,0.017978173590344884,2.2727691145980526,-0.10385774370445866,0.14237638938837183,0.0004271291681651155,4.1324798575275015e-06,0.41869626603508436,0.4203415424273069,0.1609621915376088,0.0,0.009290753012453594,0.0014083333373276702,0.1030390361254771,1.0,0.0004312631481544957,0.00794523943899408,Stage37_baseline_reproduction,True,False,0,Optimization terminated successfully,9,-0.00794523943899408,0.130000000184354,-0.08182333101792301,0.0,-1.8435400428451487e-10,0.078176668982077,0.0,-0.0018712869937694714,0.0026860591900311585,0.0008147721962616875,1.1038490853658536,1.372060857538036,0.0,0.0,0.0038255467057455033
2018-12,2018-11,2018-11-30,1.897,1.972,2.106,-0.0036123963003775773,-0.0035942007296454644,2.264558971856866,-0.10709496467571267,0.005198886688972976,1.5596660066918926e-05,2.598910665194354e-06,0.4234512451527581,0.4161731641078219,0.16037559073942007,0.0,0.007960608273917034,0.0014083333333408,0.0870772992869596,1.0,1.8197664771075463e-05,0.0070248619025051725,Stage37_baseline_reproduction,True,False,0,Optimization terminated successfully,16,-0.0070248619025051725,0.13000000000034462,-0.08393068289549363,0.0,-3.446132268436486e-13,0.07606931710450637,0.0,-0.0020492500000000003,0.00024023255813953519,-0.0018090174418604653,1.0523629489603024,1.9267078613113628,0.0,0.0,0.003740740321457587
2019-01,2018-12,2018-12-31,1.817,1.884,1.948,0.04680451231470855,0.047016322359290645,2.3705505501425246,-0.0653029799540118,0.07060334581460428,0.00021181003744381285,7.1382849353707206e-12,0.4837042296527256,0.34928712662305617,0.16700864372421825,0.0,0.008392175658387187,0.0014083333333802265,0.09225610790036487,1.0,0.0002118135162540136,0.0071957228354539386,Stage37_baseline_reproduction,True,False,0,Optimization terminated successfully,11,-0.0071957228354539386,0.1300000000021643,-0.1019161754939377,0.0,-2.1642965197798958e-12,0.05808382450606231,0.0,-0.0021297627314814816,0.005122453703703706,0.0029926909722222247,1.1859984984984986,1.8978512960436562,0.0,0.0,0.0036649407779013373
2019-02,2019-01,2019-01-31,1.809,1.883,2.001,-0.0016657422601792035,-0.0016657371389819805,2.366601823911261,-0.06685994428076603,1.4631992065611277e-06,4.389597619683383e-09,7.31599603273625e-10,0.50243650541734,0.3337313736651986,0.1638321209174614,0.0,0.005755900770253832,0.0011596773569202343,0.06211274510152458,1.0,8.761688528182435e-09,0.00487527410194219,Stage37_baseline_reproduction,True,False,0,Optimization terminated successfully,1,-0.00487527410194219,0.11796664055165261,-0.10760174342298419,0.0,0.012033359448347394,0.052398256577015814,0.0,-0.0021061981566820277,0.0017988479262672843,-0.0003073502304147425,1.0160148975791434,1.5692516085336945,0.0,0.0,0.0036366678181678565
2019-03,2019-02,2019-02-28,1.813,1.876,1.987,-0.008563764582876061,-0.008563755998735949,2.34633480302988,-0.0748511360407973,2.452611460826426e-06,7.357834382479278e-09,1.2263057303646407e-09,0.501198930039953,0.33469644882629096,0.16410462113375596,0.0,0.005163681746612137,0.001256158272022795,0.05442723132720888,1.0,1.2049308618232024e-08,0.004238207719373077,Stage37_baseline_reproduction,True,False,0,Optimization terminated successfully,2,-0.0042382077193730775,0.12277580895385515,-0.10722324974621936,0.0,0.007224191046144857,0.05277675025378065,0.0,-0.0021252866972477067,-0.0015760703363914368,-0.0037013570336391433,1.0005547337278107,1.370121130551817,0.0,0.0,0.003471034581058026
2019-04,2019-03,2019-03-29,1.69,1.708,1.833,0.012498422167447629,0.012498432254995473,2.3756602859443223,-0.06328823497130076,2.8821565267871627e-06,8.646469580361489e-09,1.441078263455988e-09,0.49349962412391263,0.34060170730709793,0.1658986685689895,5.5337365896480924e-17,0.005484083587145557,0.0013795573223076153,0.057531659111900994,1.0,1.3203721912225593e-08,0.004507344857773636,Stage37_baseline_reproduction,True,False,0,Optimization terminated successfully,2,-0.004507344857773636,0.12866502192783935,-0.10485899028064488,0.0,0.001334978072160653,0.05514100971935512,0.0,-0.002349332191780822,0.0010311263318112662,-0.0013182058599695567,1.0067889908256882,1.2136652188439694,0.0,0.0,0.0035500743421392274
2019-05,2019-04,2019-04-26,1.72,1.751,1.876,-0.017636376311326175,-0.017413453772305198,2.3337622471535355,-0.07980843615459343,0.06369236427685859,0.00019107709283057577,3.184544619040242e-05,0.43309071173775515,0.33741588475129713,0.22949340351094774,1.0407794226179913e-18,0.0045590772744478454,0.0009754660697385042,0.048856130874943116,1.0,0.00022292450039441646,0.0036092789034323568,Stage37_baseline_reproduction,True,False,0,Optimization terminated successfully,18,-0.0036092789034323568,0.10819238807264608,-0.09128155370004438,0.0,0.02180761192735392,0.06871844629995562,0.0,-0.002275736742424243,0.0004764393939393943,-0.0017992973484848487,1.0012745812090313,1.3281353682813537,0.0,0.0,0.0036701134881519317
2019-06,2019-05,2019-05-31,1.587,1.605,1.682,0.0358443610130319,0.03584436973456285,2.4174144636590915,-0.046824757538972195,2.5041009962117876e-06,7.512302988635363e-09,1.209227963136493e-09,0.4086258534152378,0.34683998121640747,0.24453416536835476,2.867321412202781e-17,0.005210069732908036,0.001162314006898414,0.05554695275350595,1.0,1.2284168759771304e-08,0.004406816300667175,Stage37_baseline_reproduction,True,False,0,Optimization terminated successfully,2,-0.004406816300667175,0.11810066927321355,-0.08978961167810012,0.0,0.01189933072678645,0.07021038832189988,0.0,-0.0024141892911010558,0.0026909502262443446,0.0002767609351432875,1.03125,1.8448616600790513,0.0,0.0,0.003742590304149053
2019-07,2019-06,2019-06-28,1.472,1.506,1.596,-0.009049915452362282,-0.009049910954237142,2.3955370671496587,-0.055450912894529525,1.2975737421205986e-06,3.8927212263617955e-09,6.05403912445886e-10,0.420113979453701,0.3364006389791787,0.24348538156712027,2.96155987259201e-17,0.004933654027822797,0.0010105532157533663,0.053140529039353374,1.0,8.603670870617661e-09,0.004197291355606911,Stage37_baseline_reproduction,True,False,0,Optimization terminated successfully,1,-0.004197291355606911,0.11012101792591819,-0.09151607887081772,0.0,0.019878982074081814,0.06848392112918228,0.0,-0.002452481231231231,0.002895495495495495,0.0004430142642642635,1.3726685796269726,1.6765379581151834,0.0,0.0,0.0037571460079776236
2019-08,2019-07,2019-07-31,1.292,1.323,1.39,0.02236181291693254,0.0223618153258011,2.4491056188808367,-0.034329082917817666,6.882481608516833e-07,2.06474448255505e-09,3.441240804258183e-10,0.40177993532422934,0.3443317586852139,0.2538883059905568,2.924343765941421e-17,0.005148560179673826,0.0009687866473647015,0.055970002271897704,1.0,7.1632812610010634e-09,0.00444659792685402,Stage37_baseline_reproduction,True,False,0,Optimization terminated successfully,1,-0.00444659792685402,0.10782133262196501,-0.0911220362428902,0.0,0.02217866737803499,0.0688779637571098,0.0,-0.0026002335575485806,0.005565844544095665,0.002965610986547085,1.2019572953736655,1.3957115009746588,0.0,0.0,0.0037231027843802607
2019-09,2019-08,2019-08-30,1.168,1.232,1.276,0.00358949233358244,0.003589493996906692,2.457896664723943,-0.030862814564187713,4.896361623374485e-07,1.4689084870123456e-09,1.944157651811878e-10,0.3831320055656676,0.33895199624929984,0.27791599818503254,2.7296787215676408e-17,0.005767365964724937,0.0010424927663717424,0.06295343497846878,1.0,6.823628922070572e-09,0.005034744079461982,Stage37_baseline_reproduction,True,False,0,Optimization terminated successfully,1,-0.005034744079461982,0.11184772325112796,-0.09510599405038846,0.0,0.018152276748872043,0.06489400594961155,0.0,-0.0025957087053571433,0.003907663690476192,0.0013119549851190486,1.3335098870056497,1.4551612903225806,0.0,0.0,0.0037742699318068645
2019-10,2019-09,2019-09-30,1.297,1.352,1.456,0.002581413972227995,0.00258141556224061,2.4642415135165536,-0.028361070292698076,4.5428931849663843e-07,1.3628679554899153e-09,2.271446593038145e-10,0.40466136328062796,0.33479065601858565,0.26054798070078644,8.304252686622003e-17,0.0052304766731488895,0.000919880829580139,0.057246435100305845,1.0,6.793597505676295e-09,0.0045500697617735985,Stage37_baseline_reproduction,True,False,0,Optimization terminated successfully,1,-0.0045500697617735985,0.10506459896159918,-0.09268739409638815,0.0,0.02493540103840082,0.06731260590361185,0.0,-0.002502922222222222,-4.303703703703891e-05,-0.002545959259259261,1.3306451612903225,1.666346153846154,0.0,0.0,0.003486338828174051
2019-11,2019-10,2019-10-31,1.466,1.583,1.728,-0.0002970981389553305,-0.00029709429551500106,2.4635093919489517,-0.028649742410450596,1.0981258084242089e-06,3.2943774252726267e-09,5.490629041981628e-10,0.40840343003090424,0.3305059935063269,0.2610905764627689,8.113298426294785e-17,0.004441645577893359,0.0008464633917186604,0.04822096658440835,1.0,7.953592374644104e-09,0.003795680386509873,Stage37_baseline_reproduction,True,False,0,Optimization terminated successfully,1,-0.003795680386509873,0.10078472454010044,-0.0934608592971967,0.0,0.029215275459899562,0.0665391407028033,0.0,-0.0021701806784660766,-0.008026179941002949,-0.010196360619469026,1.2093913043478262,1.5964047088768694,0.0,0.0,0.0030042685904662324
2019-12,2019-11,2019-11-29,1.385,1.475,1.63,0.03371559065541814,0.03371559344646855,2.5465680661836805,0.0,7.974429748758742e-07,2.3923289246276225e-09,3.9872148743786814e-10,0.411923316245616,0.3330999040662176,0.25497677968816645,8.432731784246247e-17,0.004358057751132905,0.00094795627702111,0.0466089553514682,1.0,7.303349485964234e-09,0.0036622316166434288,Stage37_baseline_reproduction,True,False,0,Optimization terminated successfully,1,-0.0036622316166434288,0.10665587336969924,-0.09226203566464763,0.0,0.023344126630300763,0.06773796433535237,0.0,-0.002306870411160059,-0.00405748898678414,-0.0063643593979442,1.0419689119170985,1.6233006639266518,0.0,0.0,0.0025714721943615993
2020-01,2019-12,2019-12-31,1.36,1.48,1.683,0.0024408989873711756,0.0024409012000222432,2.5527839815977003,0.0,6.321860192282444e-07,1.8965580576847334e-09,3.1609300962794704e-10,0.42607788627469917,0.32152829668927185,0.25239381703602903,8.650666269756528e-17,0.0044297728752292174,0.001037344747322213,0.04693320601881733,1.0,7.098072264839869e-09,0.0036785837394655175,Stage37_baseline_reproduction,True,False,0,Optimization terminated successfully,1,-0.0036785837394655175,0.11157121926315297,-0.09397794217310373,0.0,0.018428780736847034,0.06602205782689627,0.0,-0.002230085891812866,-0.004439692982456141,-0.006669778874269006,1.1853566529492456,1.2774811557788945,0.0,0.0,0.002969438125578797
2020-02,2020-01,2020-01-31,1.303,1.387,1.558,-0.009436145774905586,-0.00943614479814644,2.5286955398155007,-0.00943614577490548,2.7907404180215954e-07,8.372221254064786e-10,1.3953702081704127e-10,0.40768480682210295,0.3229133190207646,0.26940187415713246,0.0,0.004921172943540613,0.0011616757561180237,0.05208402078577922,1.0,6.610265200787294e-09,0.004118489766055906,Stage37_baseline_reproduction,True,False,0,Optimization terminated successfully,1,-0.0041184897660559066,0.11806823905443956,-0.09587107738157806,0.0,0.011931760945560449,0.06412892261842194,0.0,-0.0023728475254730713,0.0026796943231441033,0.00030684679767103203,1.2315287708546134,1.7101404056162246,0.0,0.0,0.0032309035557585974
2020-03,2020-02,2020-02-28,1.104,1.18,1.333,-0.0518299981322834,-0.05179145649633651,2.39763325470975,-0.060777068489299535,0.012847114365165752,3.854134309549725e-05,2.9285138863910376e-10,0.3812006568514923,0.3431791046710746,0.27562023847743317,0.0,0.00621813932721503,0.0014083333333553133,0.06616767192644848,1.0,3.854428245682615e-05,0.005273935074534164,Stage37_baseline_reproduction,True,False,0,Optimization terminated successfully,11,-0.005273935074534164,0.13000000000101447,-0.09407757981162106,0.0,-1.0144662887512368e-12,0.06592242018837895,0.0,-0.0025516974637681163,0.003901376811594203,0.001349679347826086,1.739512855209743,1.9024503722084367,0.0,0.0,0.0036573311509758206
2020-04,2020-03,2020-03-31,1.07,1.296,1.551,0.04098915333349378,0.04127824051161268,2.495910211824532,-0.022279115735273858,0.08866645904056336,0.0002659993771216901,2.30878009972032e-05,0.30869909859001265,0.44632704199112405,0.24497385941886324,0.0,0.0055780221094937806,0.0014083333388675832,0.058486265280719874,1.0,0.00028908867816665923,0.004438098957509516,Stage37_baseline_reproduction,True,False,0,Optimization terminated successfully,7,-0.004438098957509516,0.13000000025542693,-0.07509842777948347,0.0,-2.554269296073386e-10,0.08490157222051653,0.0,-0.002131484487734488,0.00043448773448773333,-0.001696996753246755,1.920584284754869,1.998305606900801,0.0,0.0,0.0030909944234810975
2020-05,2020-04,2020-04-29,1.006,1.246,1.518,0.03419120950607693,0.03419121688066979,2.5812484007853818,0.0,2.182872594347352e-06,6.548617783042056e-09,8.259750802208646e-10,0.31971042378261466,0.43023089546465343,0.25005868075273197,5.55118222223035e-17,0.003925570805625958,0.0012990422151401035,0.03931259637667087,1.0,1.0661934696093266e-08,0.0031206040660485134,Stage37_baseline_reproduction,True,False,0,Optimization terminated successfully,2,-0.0031206040660485147,0.12485394099379178,-0.07803430906896847,0.0,0.005146059006208223,0.08196569093103154,0.0,-0.0021347970545977013,0.001132614942528735,-0.0010021821120689669,1.8297765921973992,1.9891337618610345,0.0,0.0,0.002733658239257674
2020-06,2020-05,2020-05-29,0.826,1.097,1.374,0.018491620746948458,0.018491627471325683,2.6289798672663727,0.0,1.952381962100437e-06,5.857145886301311e-09,8.672313396295359e-10,0.32769678659109164,0.41938160650197887,0.25292160690692955,7.306707634887764e-17,0.0041615428944987865,0.0010764605241870664,0.04347975158886304,1.0,1.032975244651819e-08,0.003461951479120706,Stage37_baseline_reproduction,True,False,0,Optimization terminated successfully,2,-0.003461951479120706,0.11365529591816123,-0.0798941890741429,0.0,0.016344704081838773,0.0801058109258571,0.0,-0.0021852181688125894,-0.00022224606580829778,-0.0024074642346208876,1.55498509440212,1.9498022512929722,0.0,0.0,0.0029651234405121316
2020-07,2020-06,2020-06-30,0.842,1.111,1.373,0.048791754602396424,0.04888468969322336,2.7572524078046743,0.0,0.026552954438362027,7.965886331508609e-05,1.327622751184846e-05,0.3137150219570199,0.41174620359775077,0.2745387744452293,2.2949268636322842e-18,0.003998362844340025,0.0010567326389614737,0.041639958298311464,1.0,9.293751842935613e-05,0.003216446177452095,Stage37_baseline_reproduction,True,False,0,Optimization terminated successfully,10,-0.003216446177452095,0.11260902125290712,-0.08466164079751802,0.0,0.01739097874709289,0.07533835920248198,0.0,-0.00216837962962963,0.0018120370370370386,-0.00035634259259259126,1.646169023347583,1.919159867029314,0.0,0.0,0.003019486280560044
2020-08,2020-07,2020-07-31,0.796,1.031,1.296,0.006426332597696854,0.006426342287112974,2.774971428833027,0.0,2.80580784371709e-06,8.41742353115127e-09,1.2719925894383314e-09,0.31599932234242617,0.3952609133859269,0.288739764271647,3.0000384895764905e-17,0.004519231305071501,0.0009848967355180563,0.04832139524774967,1.0,1.2985527865495591e-08,0.003858675391595686,Stage37_baseline_reproduction,True,False,0,Optimization terminated successfully,2,-0.0038586753915956858,0.10871412431794075,-0.0902332612058108,0.0,0.021285875682059252,0.06976673879418921,0.0,-0.002296652482269504,0.0006043262411347527,-0.0016923262411347516,1.836598106431603,1.777994596217352,0.0,0.0,0.0033795911980266115
2020-09,2020-08,2020-08-31,0.94,1.21,1.516,-0.01184088030016556,-0.011840875181074753,2.742113324307836,-0.011840880300165502,1.5185485985492029e-06,4.555645795647609e-09,5.634450116597958e-10,0.3231053146412017,0.3885323292293929,0.28836235612940553,0.0,0.004345725287102246,0.0011272079102869895,0.04538545598350502,1.0,8.851526547221887e-09,0.003610414192314086,Stage37_baseline_reproduction,True,False,0,Optimization terminated successfully,2,-0.003610414192314086,0.11630346049642665,-0.0907334482176172,0.0,0.013696539503573357,0.06926655178238281,0.0,-0.002064837570621469,-0.0019649011299435006,-0.0040297387005649695,1.8289559014267187,1.454057279236277,0.0,0.0,0.0032092506525928897
2020-10,2020-09,2020-09-29,0.846,1.107,1.43,-0.01875598349534465,-0.018755975031755284,2.6906822920547535,-0.03037477644002995,2.4519730540684134e-06,7.355919162205241e-09,1.1076702054191322e-09,0.3297873352612152,0.3967794882322761,0.2734331765065087,1.4909920894996e-21,0.004309797779932968,0.001199873004121054,0.04451833533446929,1.0,1.1874665891128362e-08,0.0035410322085631827,Stage37_baseline_reproduction,True,False,0,Optimization terminated successfully,2,-0.0035410322085631827,0.1199936500380443,-0.0861618435652356,0.0,0.010006349961955707,0.07383815643476441,0.0,-0.0021607085091420535,-0.0014899437412095617,-0.003650652250351615,1.7560386473429952,1.771568336792173,0.0,0.0,0.0029555086073960847
2020-11,2020-10,2020-10-30,0.935,1.235,1.546,0.03182791402457844,0.03182791618952137,2.776321096713728,0.0,6.185551207071877e-07,1.8556653621215633e-09,3.092775603674707e-10,0.3273097724989015,0.4026921916634317,0.26999803583766696,0.0,0.0039776900581697736,0.000912827807001049,0.042255313856030985,1.0,6.995286056177193e-09,0.0033547440910477585,Stage37_baseline_reproduction,True,False,0,Optimization terminated successfully,1,-0.0033547440910477585,0.10466104186378324,-0.08472587965064483,2.220446049250313e-16,0.02533895813621677,0.07527412034935517,0.0,-0.001963713235294118,-0.004583683473389356,-0.0065473967086834735,1.7993284298049248,1.949779086892489,0.0,0.0,0.0024951960107491037
2020-12,2020-11,2020-11-30,0.983,1.337,1.659,0.06014548290276178,0.06014548517426385,2.9433042697687,0.0,6.925409526403748e-07,2.0776228579211248e-09,1.9387921459945738e-10,0.366459212245311,0.38918434557266424,0.24435644218202485,3.002203242767058e-22,0.003482342074583214,0.0008831033294290953,0.03648948491842399,1.0,7.037806108175674e-09,0.002857066911463207,Stage37_baseline_reproduction,True,False,0,Optimization terminated successfully,1,-0.002857066911463207,0.10294289656479044,-0.08112743174536122,0.0,0.027057103435209562,0.07887256825463879,0.0,-0.001757996861924686,-0.002847838214783822,-0.004605835076708508,1.63473149030823,1.8339677891654467,0.0,0.0,0.0026835847745059808
2021-01,2020-12,2020-12-31,0.976,1.335,1.713,0.01147151731923659,0.011471535026716188,2.9770684356751347,0.0,5.696999976212425e-06,1.7090999928637273e-08,6.164796693963747e-10,0.3920659590633816,0.3661614805023675,0.24177256043425083,0.0,0.003176593479933977,0.0010579806963656464,0.03177123758101384,1.0,2.0213183653841344e-08,0.002444461614126008,Stage37_baseline_reproduction,True,False,0,Optimization terminated successfully,2,-0.002444461614126008,0.11267550024911252,-0.08429441048015827,0.0,0.017324499750887484,0.07570558951984173,0.0,-0.0017419218750000004,-0.0037359722222222204,-0.00547789409722222,1.6970653202903123,1.6172534186790806,0.0,0.0,0.003048705956526113
2021-02,2021-01,2021-01-29,0.971,1.32,1.768,-0.010976706533298831,-0.010325953565142492,2.944390029127182,-0.010976706533298741,0.21691759829445215,0.0006507527948833565,1.7327298293402277e-10,0.18502589852698445,0.5781419958785169,0.23683210559449877,1.743337951535979e-20,0.002907000901386833,0.0005409129132346233,0.03163853333723426,1.0,0.0006507558917612918,0.0019086776862220736,Stage37_baseline_reproduction,True,False,0,Optimization terminated successfully,13,-0.0019086776862220732,0.08056646299059851,-0.060959913591116695,2.220446049250313e-16,0.04943353700940149,0.09904008640888332,0.0,-0.0017680273167358226,-0.002687136929460581,-0.004455164246196405,1.6894604767879549,1.67578125,0.0,0.0,0.003057769021092126
2021-03,2021-02,2021-02-26,1.02,1.449,1.96,-0.0039055129470644614,-0.0039055007702855204,2.932890675747218,-0.014839349810881308,4.0354525812913535e-06,1.2106357743874061e-08,7.042119727630381e-11,0.19472712210582918,0.5811787744279662,0.22409410346620467,0.0,0.0030619588687755654,0.0005842377079173598,0.03323808017780262,1.0,1.5787417631115807e-08,0.002693935161285245,Stage37_baseline_reproduction,True,False,0,Optimization terminated successfully,2,-0.002693935161285245,0.08373083359795433,-0.05699695920539619,0.0,0.046269166402045675,0.10300304079460382,0.0,-0.0014865547520661157,-0.0036760330578512416,-0.005162587809917357,1.710165263486124,1.7359712230215827,0.0,0.0,0.0032147017594585945
2021-04,2021-03,2021-03-31,1.133,1.601,2.057,0.006073083247300417,0.0060731140950178114,2.9507023649762623,-0.008856387170318114,1.0096066141801474e-05,3.028819842540442e-08,5.595189693230474e-10,0.1944734221377716,0.5818211539692655,0.2237054238929629,0.0,0.003046369834651498,0.0005077350182007866,0.033510027906613254,1.0,3.326853245947091e-08,0.0027171508767736916,Stage37_baseline_reproduction,True,False,0,Optimization terminated successfully,3,-0.002717150876773692,0.07805651938441427,-0.05684506738526513,0.0,0.051943480615585735,0.10315493261473488,0.0,-0.0012725205761316876,-0.006210905349794237,-0.007483425925925925,1.4438080495356038,1.8018867924528301,0.0,0.0,0.003286180123955224
2021-05,2021-04,2021-04-30,1.141,1.63,2.128,0.0147778132044767,0.014777820660099835,2.994307293347889,0.0,2.299377547448911e-06,6.898132642346733e-09,5.57490492589241e-10,0.1952417922824856,0.5762119724407783,0.22854623527673612,0.0,0.003602397537882272,0.0004096898440122445,0.0407706313905138,1.0,1.0581719090045162e-08,0.003320582325777668,Stage37_baseline_reproduction,True,False,0,Optimization terminated successfully,2,-0.003320582325777668,0.0701161759378457,-0.057937848601799236,0.0,0.0598838240621543,0.10206215139820077,0.0,-0.0011993886612021863,-0.006852117486338797,-0.008051506147540983,1.265990159901599,1.6248579545454547,0.0,0.0,0.0034746592820799633
2021-06,2021-05,2021-05-31,1.227,1.739,2.179,-0.010811251851855113,-0.010539525315752855,2.9619350830776585,-0.010811251851855164,0.0776362697455503,0.0002329088092366509,3.881772686560838e-05,0.11708473382200653,0.5671830866738269,0.31573217950416665,2.8857353721769945e-19,0.004660434251990598,0.0005904403190637163,0.05238256910950488,1.0,0.00027172874813755424,0.003997750065279328,Stage37_baseline_reproduction,True,False,0,Optimization terminated successfully,14,-0.003997750065279328,0.0841741280249733,-0.08674753444399103,0.0,0.0458258719750267,0.07325246555600898,0.0,-0.0010557431972789116,-0.005540816326530612,-0.006596559523809524,1.3768337408312958,1.4738700564971752,0.0,0.0,0.0036455329896502102
2021-07,2021-06,2021-06-30,1.448,1.739,2.092,0.014127925207634992,0.014127936725500636,3.0037810804012497,0.0,3.3024836220071903e-06,9.907450866021572e-09,1.610414776601065e-09,0.12152487746824775,0.5749148863457237,0.30356023618602856,2.8081593960217424e-17,0.004891238014693789,0.0005839988631187749,0.05519086299761282,1.0,1.4925835644965304e-08,0.0045093474093940945,Stage37_baseline_reproduction,True,False,0,Optimization terminated successfully,2,-0.0045093474093940945,0.08371371666235647,-0.08212685487366174,0.0,0.046286283337643536,0.07787314512633826,0.0,-0.001511868224932249,-0.004068292682926829,-0.0055801609078590785,1.3664238008500305,1.4365524985962943,0.0,0.0,0.0037723401029281195
2021-08,2021-07,2021-07-30,1.417,1.638,1.874,0.0009312297239595662,0.0009312419878511041,3.006578290627587,0.0,3.5039690107971286e-06,1.0511907032391386e-08,1.7519845053742902e-09,0.11662405539355998,0.5735391670047636,0.3098367776016763,0.0,0.005730816779979884,0.0005321354043252914,0.06557698893380687,1.0,1.510200893351987e-08,0.005372769108201102,Stage37_baseline_reproduction,True,False,0,Optimization terminated successfully,2,-0.005372769108201102,0.0799101048172476,-0.084376881834666,0.0,0.050089895182752406,0.075623118165334,0.0,-0.00173574730094467,-0.0013851551956815093,-0.0031209024966261795,1.2962292609351433,1.440552609545074,0.0,0.0,0.003982706655093859
2021-09,2021-08,2021-08-31,1.395,1.651,1.912,-0.016701124001878526,-0.016701095218538922,2.95636505377446,-0.01670112400187851,8.223811315523355e-06,2.4671433946570064e-08,4.111905657799841e-09,0.1144634992344554,0.572790203583211,0.31274629718233365,0.0,0.005631449706417274,0.0006009938488028862,0.06397143338418997,1.0,3.0773334826047766e-08,0.005238193275661235,Stage37_baseline_reproduction,True,False,0,Optimization terminated successfully,2,-0.005238193275661235,0.08492306038782772,-0.08543354657999684,0.0,0.04507693961217228,0.07456645342000316,0.0,-0.0016449983198924731,-0.0013629032258064512,-0.003007901545698924,1.3269403655978425,1.5044382801664355,0.0,0.0,0.003866193265628423
2021-10,2021-09,2021-09-30,1.593,1.929,2.237,-0.006933577689608938,-0.006933569063000396,2.93586686699527,-0.023518903150716475,2.4647452977477617e-06,7.394235893243285e-09,1.232372648873881e-09,0.11095115053846667,0.5748827352107324,0.3141661142508009,7.677030755521279e-22,0.005343456717254266,0.0007534696772181221,0.059600662543742466,1.0,1.1733406314169378e-08,0.004872729026040815,Stage37_baseline_reproduction,True,False,0,Optimization terminated successfully,2,-0.004872729026040815,0.09508751824828254,-0.08583188360045564,0.0,0.03491248175171746,0.07416811639954436,0.0,-0.0012400585676037488,-0.006007429718875503,-0.007247488286479252,1.4669446098868373,1.6373414230557088,0.0,0.0,0.003770062874538814
2021-11,2021-10,2021-10-29,2.103,2.405,2.575,0.006850220695708955,0.006850232467915864,2.9559782029674078,-0.016829792132110777,3.3634876887012064e-06,1.009046306610362e-08,1.681743844392237e-09,0.10966618951414726,0.5705248793220075,0.3198089311638454,2.775804988136467e-17,0.0049546354181541925,0.0007012119084132855,0.055248353567370595,1.0,1.459460285222324e-08,0.004507340884624769,Stage37_baseline_reproduction,True,False,0,Optimization terminated successfully,2,-0.004507340884624768,0.09173081761850499,-0.0880164609779569,2.220446049250313e-16,0.038269182381495015,0.0719835390220431,0.0,-0.0009092650000000007,-0.01361673333333333,-0.014525998333333331,1.3863569103284996,1.6195503153276665,0.0,0.0,0.003470475763217612
2021-12,2021-11,2021-11-30,1.799,2.008,2.213,0.010226807016414671,0.010226825814977273,2.9862084215938838,-0.0067751001519575915,5.371017886055652e-06,1.6113053658166957e-08,2.6855089429616e-09,0.10445282689233146,0.576647322773456,0.3188998503342125,0.0,0.005386558454417245,0.0008053380299090127,0.059806673273552866,1.0,2.106602691350648e-08,0.004888905336938636,Stage37_baseline_reproduction,True,False,0,Optimization terminated successfully,2,-0.004888905336938636,0.0983059324705694,-0.0874076486602862,0.0,0.0316940675294306,0.0725923513397138,0.0,-0.001430225763612218,-0.006245816733067729,-0.007676042496679948,1.5398529411764705,1.964422028353326,0.0,0.0,0.003417289930664296
2022-01,2021-12,2021-12-31,1.798,2.011,2.25,-0.00820749053351069,-0.008043510274458734,2.961699144242562,-0.0149269841151074,0.04685150258627324,0.00014055450775881973,2.342575129313665e-05,0.06350378202866012,0.5688222940866625,0.3676739238846774,0.0,0.005664269014638429,0.0006789802805993073,0.0638973464920653,1.0,0.0001639818789114472,0.005038936005172863,Stage37_baseline_reproduction,True,False,0,Optimization terminated successfully,12,-0.005038936005172865,0.09026496201290779,-0.10491050076874572,0.0,0.039735037987092214,0.05508949923125428,0.0,-0.001413716931216931,-0.0007210317460317488,-0.0021347486772486796,1.255039439088519,1.7447846112164727,0.0,0.0,0.003606227671208886
2022-02,2022-01,2022-01-28,2.189,2.396,2.586,0.0197715265533971,0.01977154468621016,3.0202564575161275,0.0,5.180803731377054e-06,1.5542411194131163e-08,2.590401865676384e-09,0.05900840631830142,0.5655658994291242,0.3754256942525744,0.0,0.00587415243438184,0.0008608304588495816,0.0653248464594846,1.0,2.0383049972811878e-08,0.005316868770088599,Stage37_baseline_reproduction,True,False,0,Optimization terminated successfully,2,-0.005316868770088599,0.10163643788619799,-0.10781578757089322,0.0,0.02836356211380202,0.052184212429106785,0.0,-0.0010997957839262188,-0.005184848484848485,-0.006284644268774704,1.441185013069997,1.7359202371328482,0.0,0.0,0.003638922306514207
2022-03,2022-02,2022-02-28,2.242,2.468,2.675,-0.0028541111791356532,-0.0028540732433755336,3.011636309796874,-0.0028541111791355878,1.0838788605690297e-05,3.251636581707089e-08,5.419394302846885e-09,0.0574623949117319,0.5528517598173176,0.3896858452709505,9.179512140446676e-21,0.006182397651250176,0.0011790197169417398,0.06711465351335168,1.0,4.014794289243247e-08,0.005456662510311188,Stage37_baseline_reproduction,True,False,0,Optimization terminated successfully,3,-0.005456662510311188,0.11894636019358003,-0.11266847170330574,0.0,0.011053639806419976,0.047331528296694264,0.0,-0.0009958825459317586,-0.008914435695538058,-0.009910318241469818,1.727469670710572,1.892627345844504,0.0,0.0,0.0035970206552370576
2022-04,2022-03,2022-03-31,2.663,2.856,2.969,-0.0054306992231409,-0.005400350185410844,2.9952810188288774,-0.008269310582913247,0.00867115363715874,2.601346091147622e-05,4.335576818579379e-06,0.04942821943036192,0.5455798858202598,0.4049918947493782,1.831193348578959e-19,0.006033731625122936,0.0014083333333335698,0.06395477950147381,1.0,3.0351475984340543e-05,0.005152188919542817,Stage37_baseline_reproduction,True,False,0,Optimization terminated successfully,10,-0.005152188919542817,0.1300000000000109,-0.11843661499058811,0.0,-1.0907941216942163e-14,0.041563385009411896,0.0,-0.0007373937908496738,-0.010679477124183002,-0.011416870915032675,1.6862266857962698,1.9195310418332001,0.0,0.0,0.003212234991193145
2022-05,2022-04,2022-04-29,2.958,3.172,3.242,-0.010109609626724308,-0.010101706600444613,2.96499989700618,-0.018295320707762186,0.002258007508484341,6.774022525453022e-06,1.1290037542422e-06,0.04604768311097411,0.5424039182653128,0.4115483986237132,2.775574651176869e-17,0.00626684717150312,0.0014083333333337524,0.06675216605803493,1.0,7.905078121836462e-06,0.00540321714060116,Stage37_baseline_reproduction,True,False,0,Optimization terminated successfully,10,-0.005403217140601159,0.13000000000001935,-0.1209024057709571,0.0,-1.9345636204093353e-14,0.03909759422904291,0.0,-0.00042743001302083345,-0.01382109375,-0.014248523763020833,1.66376604850214,1.888815266366287,0.0,0.0,0.0031789446207714472
2022-06,2022-05,2022-05-31,3.027,3.256,3.326,-0.009044701101187958,-0.00904466296764528,2.938182359172706,-0.027174546101598085,1.0895297908031185e-05,3.2685893724093554e-08,5.4476489540273645e-09,0.04632534522213661,0.5480590986449326,0.4056152281491,3.279838308608989e-07,0.006067798818873335,0.0013078153203289172,0.06496669390450652,1.0,3.967345161828914e-08,0.005267023729826825,Stage37_baseline_reproduction,True,False,0,Optimization terminated successfully,2,-0.005267023729826825,0.12527483324254318,-0.11853295137774658,0.0,0.004725166757456822,0.04146704862225342,0.0,-0.0003245168612191966,-0.013417315175097269,-0.013741832036316466,1.4712138400453771,1.8562203479177648,0.0,0.0,0.003223026391200375
2022-07,2022-06,2022-06-30,3.55,3.653,3.636,0.009335155857798464,0.009335168238050072,2.9656107494342177,-0.018093068867022888,3.6433625355332096e-06,1.093008760659963e-08,1.4501640024200704e-09,0.04119059850605655,0.5468324017862165,0.411976676080944,3.2362678291194147e-07,0.005897298874025093,0.0013245378394417479,0.06282035945165063,1.0,1.5170425677702775e-08,0.005083421577639731,Stage37_baseline_reproduction,True,False,0,Optimization terminated successfully,2,-0.005083421577639731,0.1260732091814156,-0.12083366809444947,0.0,0.003926790818584408,0.039166331905550536,0.0,-0.0002549257105943152,-0.011265310077519382,-0.011520235788113698,1.6508316887510572,1.8429882044560943,0.0,0.0,0.003084819082652465
2022-08,2022-07,2022-07-29,3.009,3.067,3.127,-0.020437967761982097,-0.02043796600874649,2.9049996925426935,-0.038161251070785385,5.321786161896146e-07,1.5965358485688438e-09,1.5669975634350472e-10,0.04245932684756862,0.5500899529223421,0.4074504250509816,2.9517910776409833e-07,0.0052809367264020825,0.0011428008761166582,0.056514435460125044,1.0,6.8304618769549274e-09,0.004562181667029351,Stage37_baseline_reproduction,True,False,0,Optimization terminated successfully,1,-0.004562181667029351,0.1171051259057429,-0.11907870016601167,0.0,0.012894874094257103,0.04092129983398833,0.0,-0.0008360247747747742,0.0039281853281853294,0.0030921605534105553,1.4112699747687132,1.7964797913950457,0.0,0.0,0.0034105430009764254
2022-09,2022-08,2022-08-31,3.685,3.781,3.721,0.01089537606975159,0.010895378531452147,2.936650756675459,-0.02768165618274221,7.976422613790417e-07,2.3929267841371253e-09,6.877377234642816e-11,0.04269380138534807,0.5462813347588493,0.4110245647891003,2.990667022796198e-07,0.004163294075374107,0.0011534989462030011,0.043038535227271274,1.0,7.234823658872747e-09,0.003435196120555042,Stage37_baseline_reproduction,True,False,0,Optimization terminated successfully,1,-0.003435196120555042,0.11765197556537678,-0.12052596069838066,0.0,0.012348024434623225,0.03947403930161934,0.0,-0.00015864262820512775,-0.006686923076923077,-0.0068455657051282055,1.4604456824512535,1.879860031104199,0.0,0.0,0.0032539133525862837
2022-10,2022-09,2022-09-30,4.186,4.175,4.096,-0.0076761419689612646,-0.007535982755889629,2.9141086085539607,-0.03514530982890873,0.04004548944903885,0.00012013646834711656,2.0022744724519465e-05,0.05017109949570305,0.5614303520643021,0.38839854843999483,0.0,0.004315195932032543,0.0014083333341821408,0.04333235117929767,1.0,0.00014016032724618362,0.003336818340788637,Stage37_baseline_reproduction,True,False,0,Optimization terminated successfully,10,-0.003336818340788637,0.13000000003917572,-0.11178221078836288,0.0,-3.917571822498189e-11,0.04821778921163712,0.0,-5.261813537675618e-05,-0.014927969348659,-0.014980587484035756,1.6460814178897811,1.9104150554266563,0.0,0.0,0.0029577833837999066
2022-11,2022-10,2022-10-31,4.185,4.263,4.242,0.005228615891398518,0.0053512468316197805,2.9293453631339075,-0.030100455262989767,0.04087695454483906,0.00012263086363451718,7.658674479327222e-11,0.012411282547871886,0.6042372496322509,0.3833514678198773,2.7755575615628914e-17,0.0048715005495807715,0.0014083333337562584,0.05000800659243171,1.0,0.00012263415723706966,0.003910759128120982,Stage37_baseline_reproduction,True,False,0,Optimization terminated successfully,15,-0.003910759128120982,0.1300000000195196,-0.1078934993423509,0.0,-1.9519608152052115e-11,0.0521065006576491,0.0,0.00020633269720101832,-0.019570992366412215,-0.019364659669211196,1.556442731277533,1.8121794871794872,0.0,0.0,0.0028871751998322
2022-12,2022-11,2022-11-30,3.689,3.697,3.667,0.009005700380586706,0.009052488939787388,2.9557261697855526,-0.021365830563820687,0.013368339530094493,4.010501859028348e-05,6.683540610396251e-06,4.275449712692929e-17,0.6136772155052537,0.3863227844947464,2.785219724904691e-17,0.004948489600461951,0.0013081525794431817,0.05153295972888433,1.0,4.6790582784514194e-05,0.004110098613782916,Stage37_baseline_reproduction,True,False,0,Optimization terminated successfully,12,-0.004110098613782916,0.12529098512390338,-0.10852742817460763,0.0,0.004709014876096623,0.051472571825392374,0.0,-0.00041195183776932855,-2.9911280101393013e-05,-0.00044186311787072167,1.3098822885299755,1.7819433817903596,0.0,0.0,0.003075180011411064
2023-01,2022-12,2022-12-30,3.722,3.743,3.73,0.025700179076060193,0.025700180939965338,3.031688861648839,0.0,5.325443268589287e-07,1.5976329805767862e-09,2.662721634294356e-10,3.8595648995260345e-17,0.6113326241185223,0.3886673758814777,2.6220241525017016e-17,0.004941799336196984,0.001381589445723576,0.05101205536002235,1.0,6.965367875223244e-09,0.0041125124968828634,Stage37_baseline_reproduction,True,False,0,Optimization terminated successfully,1,-0.0041125124968828634,0.12875975049945892,-0.10856110345148273,0.0,0.0012402495005410796,0.05143889654851727,0.0,-0.00034497474747474796,0.006986868686868684,0.006641893939393936,1.389493739793141,1.6683155758498223,0.0,0.0,0.00298016901418761
2023-02,2023-01,2023-01-31,3.325,3.299,3.297,-0.0029899342574548882,-0.002989933499686793,3.0226243112634505,-0.0029899342574548626,2.16505170125312e-07,6.49515510375936e-10,1.0825258506262809e-10,4.113351340795984e-17,0.6143046554011511,0.385695344598849,2.4980866456837702e-17,0.004786142849121304,0.00110466920636139,0.0508056989512873,1.0,6.581090963165338e-09,0.004098075323987776,Stage37_baseline_reproduction,True,False,0,Optimization terminated successfully,1,-0.004098075323987776,0.11513483606770229,-0.10740042924442814,0.0,0.014865163932297712,0.05259957075557187,0.0,-0.0008115896226415101,0.014960503144654094,0.014148913522012585,1.3374390904168922,1.5914941948510855,0.0,0.0,0.003369047256609427
2023-03,2023-02,2023-02-28,3.797,3.829,3.753,0.03757915628668387,0.037579156800542524,3.13621198265235,0.0,1.4681675900580854e-07,4.4045027701742563e-10,7.34083794176707e-11,0.0,0.6053776799820513,0.39462232001794867,1.191430596565735e-22,0.004478206982637905,0.0009935251607828034,0.047777332826958036,1.0,6.537520419543948e-09,0.0038400932820381486,Stage37_baseline_reproduction,True,False,0,Optimization terminated successfully,1,-0.0038400932820381486,0.10918929402369831,-0.11089365956611207,0.0,0.02081070597630169,0.04910634043388794,0.0,-0.00024603853383458685,-0.004912406015037597,-0.005158444548872184,1.2131699434419607,1.4991208239135896,0.0,0.0,0.0031326385389596344
2023-04,2023-03,2023-03-31,3.27,3.274,3.34,0.01657524043059745,0.016592621332455707,3.1881954503061336,0.0,0.004965971959501048,1.4897915878503143e-05,2.482985979750496e-06,0.0,0.6009252372376095,0.39907476276239046,0.0,0.004880856590528152,0.0014083333333335917,0.050120279086336275,1.0,1.7383902210651917e-05,0.004015493592273751,Stage37_baseline_reproduction,True,False,0,Optimization terminated successfully,4,-0.004015493592273751,0.1300000000000119,-0.11267388688291521,0.0,-1.1907141939104804e-14,0.04732611311708479,0.0,-0.0007659503745318353,0.0048059925093632975,0.004040042134831463,1.4839400428265526,1.6439810189810191,0.0,0.0,0.0033085380302116936
2023-05,2023-04,2023-04-28,3.293,3.292,3.36,-0.016571001467673152,-0.01657100043979398,3.1353638588198818,-0.016571001467673208,2.9367976331351464e-07,8.810392899405439e-10,1.4683988167063511e-10,0.0,0.5930977609017491,0.40690223909825096,0.0,0.005068729185904328,0.0012250701975416818,0.053474329045601836,1.0,6.647812439179416e-09,0.00430744702151239,Stage37_baseline_reproduction,True,False,0,Optimization terminated successfully,1,-0.00430744702151239,0.12124703035744909,-0.11579705790035752,0.0,0.008752969642550915,0.044202942099642484,0.0,-0.0007585090174129362,-0.004311940298507458,-0.005070449315920394,1.410652463382157,1.5054685558041263,0.0,0.0,0.003323369502707947
2023-06,2023-05,2023-05-31,3.459,3.45,3.532,-0.01187216505299689,-0.011872163197574628,3.0981403015867706,-0.02824643285615247,5.301206463526061e-07,1.5903619390578184e-09,2.6506032314854714e-10,2.775703439830132e-17,0.5981376730636272,0.40186232693637286,2.775557561562892e-17,0.00485441751462742,0.0010733333856467037,0.05181300986164883,1.0,6.961387606733528e-09,0.004172030738434915,Stage37_baseline_reproduction,True,False,0,Optimization terminated successfully,1,-0.004172030738434914,0.11349009043859487,-0.11378707767918768,0.0,0.016509909561405134,0.046212922320812325,0.0,-0.0006406892812887235,0.00517075588599752,0.004530066604708797,1.3256552819698173,1.6550061804697158,0.0,0.0,0.0031878856849913125
2023-07,2023-06,2023-06-30,3.662,3.663,3.675,-0.004210571251139366,-0.004210570513915253,3.085095361100913,-0.032338070489160486,2.1063546099072063e-07,6.319063829721619e-10,1.0531773041084317e-10,0.0,0.6045887448013841,0.3954112551986158,5.773782517674346e-22,0.004459251131781876,0.0008196007232108387,0.04859340924211748,1.0,6.576800161209295e-09,0.0039083314834971175,Stage37_baseline_reproduction,True,False,0,Optimization terminated successfully,1,-0.0039083314834971175,0.09917262060937013,-0.11120929640236381,0.0,0.030827379390629878,0.048790703597636195,0.0,-0.0004399830246913589,-0.008581728395061727,-0.009021711419753085,1.117298578199052,1.411091982292179,0.0,0.0,0.003204207102291718
2023-08,2023-07,2023-07-31,3.681,3.697,3.761,0.01517324692878546,0.015173247344848276,3.131906274813748,-0.017655497089107408,1.1887509027136488e-07,3.566252708140946e-10,5.943754519119337e-11,5.5456720894067264e-17,0.6093600543919013,0.3906399456080987,5.5456488310158e-17,0.0040836146756374515,0.0007065270413239985,0.04476421385970543,1.0,6.524642998478541e-09,0.0035931429327014357,Stage37_baseline_reproduction,True,False,0,Optimization terminated successfully,1,-0.0035931429327014357,0.09207781761036685,-0.10933083165047,0.0,0.03792218238963316,0.05066916834953,0.0,-0.00037877613776137733,-0.008650061500615008,-0.009028837638376388,1.1262441068622315,1.2206314243759178,0.0,0.0,0.0031291192917889416
2023-09,2023-08,2023-08-31,3.711,3.75,3.821,-0.019806150639994056,-0.01980615011387277,3.0698752673444445,-0.037111960294130664,1.5032036751466732e-07,4.50961102544002e-10,7.516018377121299e-11,5.304478410127095e-17,0.6012441984522049,0.39875580154779505,5.915193586582106e-17,0.0038341908255935427,0.0006108857168321424,0.04234497560612965,1.0,6.5393224786551735e-09,0.0033865517814659607,Stage37_baseline_reproduction,True,False,0,Optimization terminated successfully,1,-0.0033865517814659607,0.08561909017261109,-0.1125464453255984,0.0,0.04438090982738892,0.0474535546744016,0.0,-0.0002853002450980387,-0.004601593137254903,-0.0048868933823529425,1.1029679770892997,1.1562423947432465,0.0,0.0,0.0031741153189340106
2023-10,2023-09,2023-09-27,3.884,3.942,4.03,0.027655273929789385,0.027655274650806753,3.15477350879314,-0.010483027792347,2.0600496222763303e-07,6.180148866828991e-10,1.0300248108609822e-10,8.021674268316923e-17,0.6090763039187681,0.3909236960812318,9.3505107217406e-17,0.003797676768867571,0.0006928528125406986,0.04141500435116666,1.0,6.573494934165238e-09,0.0033133336337642376,Stage37_baseline_reproduction,True,False,0,Optimization terminated successfully,1,-0.003313333633764237,0.09118242018332472,-0.10944151466779563,0.0,0.03881757981667529,0.050558485332204375,0.0,-8.467185592185567e-05,-0.006568070818070823,-0.006652742673992679,1.1726236726236725,1.3698232017437637,0.0,0.0,0.003217564769583945
2023-11,2023-10,2023-10-31,4.085,4.203,4.325,0.01100937641463019,0.011009376962630157,3.1895055978543474,0.0,1.5657141919097855e-07,4.697142575729356e-10,7.828570960936993e-11,7.431786906615921e-17,0.5895677398867372,0.4104322601132626,8.57237185177965e-17,0.004135912472171963,0.001034566865431958,0.04342354847347181,1.0,6.542640817812545e-09,0.003467571508732115,Stage37_baseline_reproduction,True,False,0,Optimization terminated successfully,1,-0.003467571508732115,0.11142173210457418,-0.11627782995310691,0.0,0.018578267895425826,0.04372217004689309,0.0,0.00025813716545012265,-0.010060766423357665,-0.009802629257907543,1.4008498583569406,1.6954950614309805,0.0,0.0,0.003056842680831236
2023-12,2023-11,2023-11-30,3.583,3.621,3.699,0.02021313257893883,0.020213133450765922,3.2539754973650448,0.0,2.4909345575090895e-07,7.472803672527268e-10,1.2454672787540581e-10,8.042605963253874e-17,0.5997354884695851,0.40026451153041476,7.529599842020195e-17,0.004672152718483938,0.0008310788957231278,0.05107935924746848,1.0,6.606949193404211e-09,0.004113520557616075,Stage37_baseline_reproduction,True,False,0,Optimization terminated successfully,1,-0.004113520557616075,0.09986464213462908,-0.11228054028998719,0.0,0.03013535786537093,0.04771945971001282,0.0,-0.0003944681818181823,0.003625818181818179,0.0032313499999999957,1.2315573770491803,1.6238015340364333,0.0,0.0,0.003368105280188535
2024-01,2023-12,2023-12-29,3.154,3.156,3.183,0.005600489970847329,0.005600490853049,3.2721993545034205,0.0,2.855013868232514e-07,8.565041604697542e-10,2.5697510896957155e-11,2.341063651822597e-07,0.6031577128570451,0.39684205303658965,7.007762753726974e-17,0.004797830395023731,0.0009633806440339691,0.051793680876080966,1.0,6.603131629907606e-09,0.004176101719794431,Stage37_baseline_reproduction,True,False,0,Optimization terminated successfully,1,-0.004176101719794431,0.10752008058222254,-0.11093201631856951,0.0,0.022479919417777466,0.04906798368143049,0.0,-0.0008555389492753622,0.014896014492753627,0.014040475543478264,1.3695208970438328,1.5263597328244276,0.0,0.0,0.003499407178893211
2024-02,2024-01,2024-01-31,3.261,3.294,3.345,0.0002209567587757367,0.00022095878827733966,3.272922369066859,0.0,5.99133661230082e-07,1.7974009836902461e-09,2.3210061927955578e-10,3.541444141869424e-07,0.5967287103205066,0.4032709355350793,7.609053549121662e-17,0.005191106018087306,0.0007342137611063927,0.05788798965040932,1.0,6.9671895277893565e-09,0.004680140746443342,Stage37_baseline_reproduction,True,False,0,Optimization terminated successfully,1,-0.004680140746443342,0.09386461065426475,-0.11346388995457883,0.0,0.03613538934573525,0.04653611004542117,0.0,-0.0006728670276774972,0.009608904933814678,0.00893603790613718,1.182509505703422,1.56266318537859,0.0,0.0,0.0037290270092153062
2024-03,2024-02,2024-02-29,3.385,3.432,3.475,0.047997999224953666,0.047998001505303776,3.430016094400664,0.0,6.515286025518006e-07,1.9545858076554018e-09,3.2576430128436333e-10,3.791420559761374e-07,0.5952359480269825,0.4047636728309615,7.94394612092297e-17,0.005175395778228859,0.0006141966993723906,0.058419569142511965,1.0,7.177088597505289e-09,0.004724062027140349,Stage37_baseline_reproduction,True,False,0,Optimization terminated successfully,1,-0.004724062027140349,0.08585080309740083,-0.11405099691115352,0.0,0.04414919690259918,0.04594900308884649,0.0,-0.000526279976019184,0.00045767386091127263,-6.860611510791162e-05,1.0629255989911728,1.3325064965745335,0.0,0.0,0.0036765684671343974
2024-04,2024-03,2024-03-29,3.322,3.354,3.413,0.01761719071891848,0.017617192597070938,3.49044334210468,0.0,5.366149872558873e-07,1.6098449617676619e-09,2.6830749363934366e-10,3.824137891825784e-07,0.5731959074334776,0.42680371015273316,8.074779196782861e-17,0.0056347564491234705,0.0009707131479690556,0.061792798501667315,1.0,6.97187557743252e-09,0.004989943279674373,Stage37_baseline_reproduction,True,False,0,Optimization terminated successfully,1,-0.004989943279674373,0.10792848454244444,-0.12268560974340548,0.0,0.022071515457555563,0.037314390256594526,0.0,-0.00062064366786141,-0.0017106332138590243,-0.0023312768817204347,1.3365119196988708,1.1434281683517518,0.0,0.0,0.0038635491476386834
2024-05,2024-04,2024-04-30,3.529,3.586,3.656,0.008641223706242594,0.008657268545522255,3.5206050438577714,0.0,0.004584239794188967,1.3752719382566901e-05,2.2921198970944756e-06,0.004582883147715689,0.559210497922189,0.4362066189300953,1.2790197503539935e-19,0.005839614757084134,0.001408333333495455,0.061625377084036884,1.0,1.6046744499120517e-05,0.004954571156289975,Stage37_baseline_reproduction,True,False,0,Optimization terminated successfully,9,-0.004954571156289975,0.13000000000748255,-0.12665020655526574,0.0,-7.482542363490552e-12,0.033349793444734266,0.0,-0.0003730104166666669,-0.005404523809523806,-0.005777534226190473,1.4402295982031446,1.198830409356725,0.0,0.0,0.003765477801797912
2024-06,2024-05,2024-05-31,3.452,3.502,3.578,0.0066010547207728315,0.006601057871663867,3.5438447504025055,0.0,9.015377948508928e-07,2.7046133845526784e-09,4.4627765098664347e-10,0.004532310070579352,0.5580565787371956,0.43741111119222514,2.775557561562892e-17,0.006085451725871371,0.0011495329420713259,0.0661282230580285,1.0,7.700435116541797e-09,0.005345685961193911,Stage37_baseline_reproduction,True,False,0,Optimization terminated successfully,1,-0.005345685961193909,0.11744954365537531,-0.12712924642020057,0.0,0.012550456344624691,0.03287075357979943,0.0,-0.0004562663107947813,-0.00425195729537366,-0.004708223606168442,1.3158351948374287,1.297067721666279,0.0,0.0,0.0038645785652571644
2024-07,2024-06,2024-06-28,3.182,3.204,3.266,0.028675091761096172,0.02867509553292203,3.6454648238073766,0.0,1.1093143108800394e-06,3.327942932640118e-09,4.4388292541502316e-10,0.004766644607382781,0.5626054723898071,0.4326278830028102,2.775565615524498e-17,0.006204954037552644,0.0010627681125676511,0.0680828397752258,1.0,7.951058115336767e-09,0.005512939937420477,Stage37_baseline_reproduction,True,False,0,Optimization terminated successfully,1,-0.005512939937420479,0.11293014367657474,-0.12522748090016278,0.0,0.017069856323425267,0.034772519099837224,0.0,-0.0007613150118203306,0.001763120567375882,0.0010018055555555518,1.2669219367588933,1.152687673772011,0.0,0.0,0.0040523404746265765
2024-08,2024-07,2024-07-31,3.004,3.023,3.064,-0.0072876804168786145,-0.007094433003692985,3.6188978412004955,-0.007287680416878661,0.06441578486403463,0.00019324735459210388,5.859352546120284e-11,0.06907333465054477,0.4918791568401596,0.4390475085092956,0.0,0.006660071944750261,0.0013451672211475993,0.07184986001011753,1.0,0.00019325069252079216,0.005636079215737635,Stage37_baseline_reproduction,True,False,0,Optimization terminated successfully,14,-0.005636079215737635,0.12705119697889977,-0.13134735976977285,0.0,0.0029488030211002325,0.02865264023022715,0.0,-0.0009157081861012949,0.00652355712603062,0.005607848939929326,1.562899262899263,1.446519133241125,0.0,0.0,0.004190408644516635
2024-09,2024-08,2024-08-30,2.953,3.01,3.088,0.013652541523578098,0.013961980765887725,3.6683049942470727,0.0,0.10314609818050927,0.0003094382945415278,9.477681008063232e-10,0.16884865269638732,0.39184482014970823,0.4393065271539045,0.0,0.006955173126841285,0.0014083333335095408,0.07501207752103818,1.0,0.0003094412375357024,0.005770850074455618,Stage37_baseline_reproduction,True,False,0,Optimization terminated successfully,15,-0.005770850074455618,0.13000000000813267,-0.1365770107503411,0.0,-8.132661211135428e-12,0.02342298924965891,0.0,-0.0008441505281690143,0.004317253521126768,0.003473102992957753,1.4299853372434017,1.4310779816513761,0.0,0.0,0.0039726782571187875
2024-10,2024-09,2024-09-30,2.811,2.887,2.992,0.030997470107104484,0.031249594834113527,3.7820131686499887,0.0,0.07573209350924236,0.00022719628052772706,2.4928446481315897e-05,0.23243862937349047,0.3639505912273586,0.40361077939915097,0.0,0.007096757649902575,0.0014083333536335995,0.0767110916770293,1.0,0.00025212622706798896,0.005971466936762832,Stage37_baseline_reproduction,True,False,0,Optimization terminated successfully,10,-0.005971466936762832,0.13000000093693537,-0.12606844802089476,0.0,-9.369353626276222e-10,0.033931551979105246,0.0,-0.0009041052631578944,0.0032021052631578976,0.0022980000000000023,1.5811040856031129,1.6561643835616437,0.0,0.0,0.0038594141322320233
2024-11,2024-10,2024-10-31,2.936,2.998,3.1,-0.011144599693487772,-0.010904624474498352,3.7398641458498854,-0.0111445996934878,0.0799916578043991,0.0002399749734131973,2.4557622341214723e-10,0.30391121518585695,0.2723587028568109,0.42373008195733225,0.0,0.007420307248713544,0.0014083333426393855,0.08059368692872622,1.0,0.00023997796491397467,0.006259860937634244,Stage37_baseline_reproduction,True,False,0,Optimization terminated successfully,20,-0.006259860937634244,0.1300000004295101,-0.14000787248913185,0.0,-4.2951009415759245e-10,0.019992127510868152,0.0,-0.000837610722610722,-0.002092424242424243,-0.0029300349650349653,1.6822249093107617,1.8487394957983194,0.0,0.0,0.00392508555020627
2024-12,2024-11,2024-11-29,2.607,2.65,2.751,0.008766637798647448,0.008846082245796067,3.7726501802326995,-0.0024756625637639695,0.02269841347103449,6.809524041310346e-05,1.1349206735517286e-05,0.3147087037231495,0.2881364414319476,0.39715485484490287,7.60344419058743e-21,0.00787676204508603,0.001408333333333399,0.08607114454103196,1.0,7.944594734265455e-05,0.00688617045500984,Stage37_baseline_reproduction,True,False,0,Optimization terminated successfully,9,-0.00688617045500984,0.13000000000000303,-0.1298898783887707,0.0,-3.0253577421035516e-15,0.030110121611229307,0.0,-0.0011642755516840892,0.003681533101045297,0.002517257549361207,1.4229843561973525,1.489938955460095,0.0,0.0,0.0038307322931386933
2025-01,2024-12,2024-12-31,2.596,2.762,2.855,0.03248551175301089,0.03253055110334862,3.895206652002648,0.0,0.015012896037059797,4.50386881111794e-05,6.62226549680285e-10,0.31721232896306717,0.26880591324313113,0.4139817577938018,0.0,0.008462721314412034,0.0014083333335439285,0.09310265577168084,1.0,4.504152067351416e-05,0.007496336701772774,Stage37_baseline_reproduction,True,False,0,Optimization terminated successfully,10,-0.007496336701772774,0.13000000000971978,-0.13697045701531083,2.220446049250313e-16,-9.71978053598832e-12,0.023029542984689177,0.0,-0.0008106495949074077,0.002902083333333337,0.002091433738425929,1.2543103448275863,1.2834158415841583,0.0,0.0,0.003946114021868128
2025-02,2025-01,2025-01-31,2.573,2.701,2.859,0.020837901365015343,0.020837936473665178,3.9763745840134304,0.0,1.1390431175262174e-05,3.417129352578652e-08,9.373563073511469e-10,0.3159568983324825,0.26245097622180635,0.42159212544571123,4.2668031826824874e-21,0.00786879013649451,0.0011827927746100191,0.08732872499027401,1.0,3.725303635746435e-08,0.007057442238145799,Stage37_baseline_reproduction,True,False,0,Optimization terminated successfully,3,-0.007057442238145799,0.11913653216087931,-0.14006747741614572,0.0,0.010863467839120691,0.01993252258385428,0.0,-0.0009378445790080739,0.002975374855824685,0.0020375302768166114,1.3703527168732126,1.279793906810036,0.0,0.0,0.003918774939093739
2025-03,2025-02,2025-02-28,2.566,2.646,2.706,0.04589239082291513,0.045892421443698976,4.158859920481281,0.0,9.722575974313585e-06,2.9167727922940757e-08,1.4530559256931142e-09,0.31783581333958855,0.25984276930110994,0.4223214173593015,3.965708427109771e-21,0.008040739818734231,0.0013182290564143324,0.08857950348632479,1.0,3.264164116792757e-08,0.007161057424754866,Stage37_baseline_reproduction,True,False,0,Optimization terminated successfully,2,-0.007161057424754866,0.12577260702144957,-0.14052283267188148,0.0,0.004227392978550432,0.019477167328118522,0.0,-0.0010804439655172412,-0.0012682183908045955,-0.0023486623563218367,1.3688018979833927,1.2803925942449252,0.0,0.0,0.003987145023926904
2025-04,2025-03,2025-03-31,2.569,2.645,2.771,0.0038820136269941278,0.0038853708872484717,4.1750046713653495,0.0,0.0009592172155268308,2.8776516465804926e-06,4.796086077634432e-07,0.308501277608525,0.24925343717150863,0.44224528521996637,0.0,0.008274581288200978,0.001408333333337607,0.0908449754583861,1.0,3.3597372074509914e-06,0.007340923595009352,Stage37_baseline_reproduction,True,False,0,Optimization terminated successfully,19,-0.007340923595009352,0.13000000000019724,-0.14811292563375242,0.0,-1.9723112032465906e-13,0.011887074366247585,0.0,-0.0010858977663230234,-0.00038052691867124764,-0.0014664246849942714,1.5684608120868744,1.3203818827708704,0.0,0.0,0.004130011922526531
2025-05,2025-04,2025-04-30,2.267,2.375,2.563,0.019561015937733222,0.02005371319053012,4.256672004282038,0.0,0.1407706574096575,0.0004223119722289725,7.038528056792559e-05,0.3092955629370848,0.3922709258082503,0.298433511254665,0.0,0.007711998162957324,0.0014083333333337286,0.08409397795548552,1.0,0.000492700115334071,0.0063615652072155976,Stage37_baseline_reproduction,True,False,0,Optimization terminated successfully,10,-0.0063615652072155976,0.13000000000001824,-0.09267643920759819,0.0,-1.8235413179468196e-14,0.06732356079240182,0.0,-0.0012405122716894973,0.004104109589041099,0.0028635973173516023,1.7892882311486962,1.9143646408839778,0.0,0.0,0.004033391981945541
2025-06,2025-05,2025-05-30,2.347,2.521,2.786,0.05639251868414823,0.056622008382684,4.496716459815803,0.0,0.07649649780558632,0.00022948949341675896,2.051190148845882e-10,0.39875699251534014,0.3059900491329595,0.2952529583517003,3.706755292869914e-19,0.007714068535544436,0.0013313951001773063,0.08458045182546939,1.0,0.00022949253983346372,0.006603299842958177,Stage37_baseline_reproduction,True,False,0,Optimization terminated successfully,25,-0.006603299842958177,0.12639913449912415,-0.10408834482476213,0.0,0.0036008655008758494,0.05591165517523787,0.0,-0.0009771117747440269,0.001556769055745166,0.0005796572810011389,1.6575502571294998,1.6771887373515177,0.0,0.0,0.004086963184153023
2025-07,2025-06,2025-06-30,2.452,2.591,2.805,0.025098038449574013,0.0250980546079732,4.609575222421093,0.0,4.616685481961814e-06,1.3850056445885442e-08,2.3083427409809056e-09,0.43864252619787014,0.28926650225478284,0.27209097154734696,3.581906969192218e-19,0.006308288077044238,0.0013280468976908499,0.06773117553838576,1.0,1.866892332811007e-08,0.005401740468332411,Stage37_baseline_reproduction,True,False,0,Optimization terminated successfully,2,-0.005401740468332411,0.1262400997000961,-0.10530407799699586,0.0,0.0037599002999039177,0.054695922003004147,0.0,-0.0009883715986394553,-0.00273185941043084,-0.003720231009070296,1.5111679851093531,1.6252737625930793,0.0,0.0,0.004058074015873513
2025-08,2025-07,2025-07-31,2.46,2.588,2.785,0.011562425709925843,0.01191503216511372,4.662873093484651,0.0,0.10074477951067728,0.00030223433853203185,5.037211665584443e-05,0.3432419454750079,0.28207444813297017,0.3746836063920219,3.962572777722439e-20,0.00598617586406569,0.001249692916129141,0.06433595287201344,1.0,0.000352608845073229,0.004802217445454842,Stage37_baseline_reproduction,True,False,0,Optimization terminated successfully,15,-0.004802217445454842,0.12245944223925606,-0.12288812686819828,0.0,0.007540557760743943,0.037111873131801726,0.0,-0.0010104378531073446,-0.004272598870056498,-0.005283036723163843,1.385763888888889,1.560810810810811,0.0,0.0,0.0037851178920102983
2025-09,2025-08,2025-08-28,2.416,2.576,2.815,0.08417203395597636,0.08417203958622009,5.05535660584185,0.0,1.6086410675048015e-06,4.825923202514405e-09,8.043205337732177e-10,0.3354382529247636,0.2792431373131513,0.3853186097620851,2.7793615961440406e-17,0.006051432287630255,0.0011215790462683298,0.06588771317395309,1.0,9.175108277967807e-09,0.005284816471507297,Stage37_baseline_reproduction,True,False,0,Optimization terminated successfully,2,-0.005284816471507297,0.11601270859358452,-0.12635257680658166,0.0,0.013987291406415484,0.03364742319341835,0.0,-0.0009503575450450453,-0.0006914977477477488,-0.0016418552927927946,1.523381709283575,1.3901063137339986,0.0,0.0,0.003855966416028356
2025-10,2025-09,2025-09-30,2.582,2.734,2.951,0.09277954392594835,0.09282759853151523,5.524390286114888,0.0,0.016018150989352622,4.805445296805787e-05,1.525988186800102e-10,0.32976652970896114,0.2727768454967357,0.39745662479430305,0.0,0.006312334439536349,0.0014083333366084966,0.06729801325478521,1.0,4.8057586337313904e-05,0.005352527897279626,Stage37_baseline_reproduction,True,False,0,Optimization terminated successfully,13,-0.005352527897279627,0.1300000001511614,-0.13072993177500172,2.220446049250313e-16,-1.511613889615404e-10,0.02927006822499828,0.0,-0.0008321576879910218,-0.0026891694725028085,-0.0035213271604938295,1.715726730857405,1.5187904967602592,0.0,0.0,0.004486358528260441
2025-11,2025-10,2025-10-31,2.716,2.855,3.061,0.01688654556681151,0.017520469751375365,5.617678154410218,0.0,0.2060470262639639,0.0006181410787918917,1.5783105771961405e-05,0.19401788966165565,0.45439483822573845,0.35158727211260593,0.0,0.006171482639960852,0.001408333333333631,0.06560779167952845,1.0,0.0006339256846034709,0.004714561210729399,Stage37_baseline_reproduction,True,False,0,Optimization terminated successfully,12,-0.004714561210729399,0.13000000000001374,-0.10125284997098977,0.0,-1.3739009929736312e-14,0.05874715002901024,0.0,-0.0007556152125279651,-0.006046812080536915,-0.00680242729306488,1.8310148232611174,1.5409413281753708,0.0,0.0,0.004364057732143098
2025-12,2025-11,2025-11-28,2.991,3.176,3.344,0.021546651488322396,0.02161494393321163,5.738720307776857,0.0,0.019512213813864324,5.853664144159297e-05,9.755803447642764e-06,0.18388826067262345,0.45990832472884124,0.35620341459853533,0.0,0.006540236537838713,0.0014083333333587142,0.07003283845391227,1.0,6.829478924856042e-05,0.005650407782922247,Stage37_baseline_reproduction,True,False,0,Optimization terminated successfully,10,-0.005650407782922247,0.13000000000117143,-0.102500118551346,0.0,-1.1714240688576183e-12,0.057499881448654006,0.0,-0.00038975473801560736,-0.010276588628762542,-0.01066634336677815,1.83594459582198,1.533390410958904,0.0,0.0,0.003532975802309527
2026-01,2025-12,2025-12-24,2.939,3.211,3.345,0.07134902268361802,0.07136566237836489,6.148172393191367,0.0,0.0055462870545017195,1.663886116350516e-05,8.335833663192239e-10,0.1895195099812818,0.45736375022423537,0.3531167397944829,2.7755575615628914e-17,0.006508444713321499,0.0014083333361219227,0.06965133654312644,1.0,1.664174884280136e-05,0.0056705171933948495,Stage37_baseline_reproduction,True,False,0,Optimization terminated successfully,13,-0.005670517193394849,0.1300000001287041,-0.10159233935848344,0.0,-1.2870410293075452e-10,0.05840766064151656,0.0,-0.0001780388888888893,-0.008692333333333326,-0.008870372222222216,1.863872571170357,1.2791861951427355,0.0,0.0,0.0033724467100653007
2026-02,2026-01,2026-01-30,3.138,3.436,3.607,0.100206506194764,0.10074072864309133,6.764259268196175,0.0,0.15263498523638205,0.0004579049557091462,7.631749261819101e-05,0.333584510017811,0.4616010992185936,0.20481439076359545,0.0,0.011425156201855193,0.0014083333391909873,0.1286518743871164,1.0,0.000534223948359696,0.01005110797331506,Stage37_baseline_reproduction,True,False,0,Optimization terminated successfully,9,-0.01005110797331506,0.13000000027035324,-0.07972619295708613,0.0,-2.7035323979518466e-10,0.08027380704291387,0.0,6.42192691029898e-05,-0.007496788482834991,-0.007432569213732002,1.9845928924876293,1.9262834111158251,0.0,0.0,0.0033941746280123095
2026-03,2026-02,2026-02-27,3.041,3.278,3.446,-0.05339935339237824,-0.05285299643297535,6.403052197096097,-0.053399353392378224,0.16561702427051078,0.0004968510728115324,4.950588659135491e-05,0.30194163951134134,0.5884473153477956,0.10961104514086317,6.3052359734716804e-18,0.020717261763583603,0.0014083333333333357,0.2401571411630032,1.0,0.0005463584594287759,0.019363627761800416,Stage37_baseline_reproduction,True,False,0,Optimization terminated successfully,9,-0.019363627761800416,0.1300000000000001,-0.08329290604449478,0.0,-8.326672684688674e-17,0.07670709395550522,0.0,-0.00019474337748344363,-0.002255298013245034,-0.0024500413907284782,1.9580067189249721,1.9508768223114303,0.0,0.0,0.003649810527362788
2026-04,2026-03,2026-03-31,3.552,3.777,3.879,0.07283184518036721,0.07296347597114258,6.86939830339681,0.0,0.03926197809218114,0.00011778593427654343,1.3844856498834169e-05,0.28845098256461876,0.5765132902675906,0.13503572716779066,5.085929922449641e-18,0.009397088926211826,0.0014083333333351601,0.10431506711453095,1.0,0.00013163229089540465,0.008453340263679337,Stage37_baseline_reproduction,True,False,0,Optimization terminated successfully,9,-0.008453340263679337,0.13000000000008433,-0.0766730117283189,0.0,-8.432143872028064e-14,0.0833269882716811,0.0,0.00019673267326732755,-0.009797854785478545,-0.00960112211221122,1.9733675061288167,1.9837013669821242,0.0,0.0,0.0036584377911719796
2026-05,2026-04,2026-04-30,3.595,3.78,3.923,0.08395607614815591,0.08412922071019423,7.446126030448806,0.0,0.057455573986960634,0.00017236672196088192,7.778400774325779e-07,0.29046095402845273,0.591551367334854,0.1179876786366933,7.115056284215962e-17,0.019489360280825187,0.0014083333333342039,0.225422323369897,1.0,0.00017314606270759037,0.0185050563233878,Stage37_baseline_reproduction,True,False,0,Optimization terminated successfully,9,-0.018505056323387798,0.1300000000000402,-0.07833997485438368,0.0,-4.0190073491430667e-14,0.08166002514561632,0.0,0.00011525219298245525,-0.005465624999999998,-0.005350372807017543,1.9018411712511092,1.9643006700167505,0.0,0.0,0.003970006972037173
2026-06,2026-05,2026-05-29,3.731,3.924,4.068,-0.0001236388461137429,8.563834543416637e-09,7.445205400018383,-0.00012363884611377163,0.041206232922249286,0.00012361869876674787,2.8711181538434777e-08,0.31161948679254264,0.5802315268481034,0.1081489863593539,0.0,0.023597994785168584,0.0014083333333692156,0.2747259374218077,1.0,0.00012364892739821163,0.02265030801896516,Stage37_baseline_reproduction,True,False,0,Optimization terminated successfully,8,-0.02265030801896516,0.1300000000016561,-0.08440071430489646,0.0,-1.6560919302577304e-12,0.07559928569510355,0.0,0.0002515409836065575,-0.008397704918032786,-0.008146163934426229,1.871797703180212,1.9226438698915764,0.0,0.0,0.0038649593638917516
2026-07,2026-06,2026-06-30,3.703,3.925,4.091,-0.0744193950531564,-0.07419773706791523,6.891137718102522,-0.07453383277113734,0.07244182202224132,0.00021732546606672396,4.332519174448485e-06,0.24995739014656923,0.6407118730143829,0.1093307368390478,3.082755235708345e-17,0.01161034191314608,0.0014083333346268255,0.13087410294999202,1.0,0.00022165948537869156,0.010602441908696199,Stage37_baseline_reproduction,True,False,0,Optimization terminated successfully,9,-0.010602441908696195,0.13000000005969964,-0.07199172969990707,0.0,-5.969963412510992e-11,0.08800827030009294,0.0,0.00031196895424836536,-0.005886928104575162,-0.005574959150326797,1.9095405583644758,1.7298110857380111,0.0,0.0,0.0032711831881408423
