date,vkospi_close,vkospi_log_change_5,level_component,shock_component,persistence_component,stress_raw,stress_score,recovery_score
2003-01-02,35.57,,0.5,,0.5,0.5,0.5,0.0
2003-01-03,34.5,,0.25,,0.375,0.3125,0.40625,0.5
2003-01-06,33.04,,0.16666666666666666,,0.3055555555555555,0.2361111111111111,0.34953703703703703,0.75
2003-01-07,33.98,,0.375,,0.32291666666666663,0.3489583333333333,0.3493923611111111,0.16666666666666666
2003-01-08,33.17,,0.3,,0.3183333333333333,0.30916666666666665,0.3413472222222222,0.375
2003-01-09,34.02,-0.044553998992648225,0.5833333333333334,0.5,0.35555555555555557,0.4796296296296297,0.4796296296296297,0.0
2003-01-10,38.05,0.09794176027038048,0.9285714285714286,0.75,0.42465986394557825,0.7010770975056689,0.7010770975056689,0.0
2003-01-13,37.56,0.12822070568728527,0.8125,0.8333333333333334,0.4744419642857143,0.7067584325396826,0.7067584325396826,0.0
2003-01-14,36.75,0.07836610941505961,0.7222222222222222,0.375,0.4826829805996473,0.5266350676072898,0.5446533787897876,0.3
2003-01-15,35.59,0.07041884656314013,0.65,0.3,0.48191468253968256,0.47730489417989413,0.578281024292433,0.75
2003-01-16,35.86,0.052673881209270856,0.6818181818181818,0.25,0.4804596287550833,0.4707592701910883,0.5765069524047248,0.7857142857142857
2003-01-17,36.0,-0.05538214585158485,0.7083333333333334,0.07142857142857142,0.4729114057239057,0.41755777016193685,0.5198030869359783,0.6875
2003-01-20,35.97,-0.04325439663253006,0.6538461538461539,0.3125,0.4737007650469189,0.4800156396310242,0.4800156396310242,0.0
2003-01-21,36.06,-0.018954007883674517,0.75,0.3888888888888889,0.4805395992895993,0.539809496059496,0.539809496059496,0.0
2003-01-22,36.47,0.024425305298487743,0.7666666666666667,0.45,0.48905918155918154,0.5685752827419495,0.5685752827419495,0.0
2003-01-23,36.67,0.022336513906247912,0.78125,0.4090909090909091,0.4956911361208236,0.5620106817372442,0.5620106817372442,0.0
2003-01-24,36.6,0.016529301951210496,0.7352941176470589,0.375,0.49918854333862983,0.5364942203285629,0.5373810640996555,0.16666666666666666
2003-01-27,38.46,0.06693348245310116,0.9722222222222222,0.6538461538461539,0.5166244124883831,0.7142309295189198,0.7142309295189198,0.0
2003-01-28,36.11,0.001385617514195303,0.6052631578947368,0.32142857142857145,0.5138202783922395,0.4801706692385159,0.5722963567130386,0.45
2003-01-29,36.36,-0.003020735511310768,0.625,0.3,0.5112542644726275,0.47875142149087585,0.5543315844628236,0.4090909090909091
2003-01-30,35.88,-0.021778944892639096,0.40476190476190477,0.21875,0.501842062091675,0.3751179889511933,0.5169530459056135,0.9583333333333334
2003-02-03,35.82,-0.021541843774754543,0.3409090909090909,0.2647058823529412,0.5044824364232259,0.3700324698950859,0.4836606958189182,0.8846153846153846
2003-02-04,36.38,-0.05559956707065705,0.6739130434782609,0.027777777777777776,0.5136913736212936,0.4051273982924441,0.421839989573623,0.17857142857142858
2003-02-05,36.91,0.021912681752540575,0.8541666666666666,0.5526315789473685,0.5301113297616444,0.6456365251252265,0.6456365251252265,0.0
2003-02-06,37.05,0.01879908243281747,0.86,0.525,0.5497363297616444,0.6449121099205481,0.6449121099205481,0.0
2003-02-07,38.8,0.0782402094386323,0.9807692307692307,0.8333333333333334,0.5680055605308751,0.7940360415444797,0.7940360415444797,0.0
2003-02-10,38.54,0.07319026635365455,0.9444444444444444,0.7954545454545454,0.5695387495640641,0.7698125798210179,0.7698125798210179,0.0
2003-02-11,37.2,0.022289588189124743,0.8035714285714286,0.5434782608695652,0.5620691584667558,0.6363729493025833,0.6981540411427711,0.36666666666666664
2003-02-12,37.59,0.01825554053417955,0.8448275862068966,0.4375,0.5666967925663726,0.6163414595910898,0.6922950280359437,0.46875
2003-02-13,39.7,0.06908283595104914,0.9833333333333333,0.74,0.586030125899706,0.7697878197443465,0.7697878197443465,0.0
2003-02-14,37.4,-0.03674954220874138,0.7580645161290323,0.17307692307692307,0.5860132073344003,0.5057182155134519,0.659606604794498,0.9705882352941176
2003-02-17,36.03,-0.06734473822621867,0.390625,0.018518518518518517,0.5767477476783156,0.3286304220656114,0.5713701732434165,0.9722222222222222
2003-02-18,36.63,-0.015441184488377946,0.5909090909090909,0.3392857142857143,0.5758439639620319,0.5020129230522791,0.5444981679933557,0.2894736842105263
2003-02-19,35.63,-0.05355007795834199,0.22058823529411764,0.1206896551724138,0.5559036890014729,0.2990605264893348,0.48104198137300475,0.925
2003-02-20,35.14,-0.12201110493419387,0.15714285714285714,0.016666666666666666,0.5298322604300443,0.23454726141318938,0.3739938697067733,0.7857142857142857
2003-02-21,34.79,-0.07234071525663577,0.1527777777777778,0.04838709677419355,0.505102859566571,0.23542257803951414,0.3199347422119857,0.4318181818181818
2003-02-24,34.59,-0.04078730181092416,0.14864864864864866,0.265625,0.4877023478416107,0.30065866549675313,0.3143403908982141,0.10869565217391304
2003-02-25,36.08,-0.015128881596300214,0.4868421052631579,0.4393939393939394,0.47020653955632874,0.46548086140447537,0.46548086140447537,0.0
2003-02-26,35.84,0.005876608488985191,0.32051282051282054,0.5147058823529411,0.46791971389488995,0.4343794722535505,0.4343794722535505,0.0
2003-02-27,35.53,0.011037327273984765,0.2125,0.5285714285714286,0.4633214996091758,0.4014643093935348,0.4014643093935348,0.0
2003-02-28,35.45,0.018793263814286032,0.2073170731707317,0.5972222222222222,0.467847184374952,0.42412882658930195,0.42412882658930195,0.0
2003-03-03,35.26,0.01918455402064634,0.20238095238095238,0.6351351351351351,0.47364471223130333,0.4370535999157969,0.4370535999157969,0.0
2003-03-04,35.24,-0.023556894126444128,0.19767441860465115,0.27631578947368424,0.4679521969018608,0.31398080166006537,0.4022014019624499,0.4791666666666667
2003-03-05,36.06,0.006119629668441373,0.5227272727272727,0.5,0.4583504225796918,0.49369256510232146,0.49369256510232146,0.0
2003-03-06,37.63,0.057424194572410325,0.8777777777777778,0.7875,0.46535736702413616,0.7102117149339713,0.7102117149339713,0.0
2003-03-07,38.66,0.08668222080204835,0.9456521739130435,0.9390243902439024,0.4671217170254957,0.7839327603941472,0.7839327603941472,0.0
2003-03-10,39.53,0.11431070033887014,0.9680851063829787,0.9642857142857143,0.47193351279473833,0.8014347778211438,0.8014347778211438,0.0
2003-03-11,39.9,0.12419452282783894,0.9895833333333334,0.9651162790697675,0.48712476086879103,0.8139414577572973,0.8139414577572973,0.0
2003-03-12,39.62,0.0941498234952336,0.9489795918367347,0.8977272727272727,0.5012342428277188,0.782647035797242,0.782647035797242,0.0
2003-03-13,40.87,0.08259469297083966,0.99,0.8555555555555555,0.5042897983832743,0.7832817846462765,0.7930475632832213,0.1
2003-03-14,38.0,-0.017219314053799284,0.7941176470588235,0.31521739130434784,0.5087446383622047,0.539359892241792,0.7441329896527503,0.9423076923076923
2003-03-17,42.9,0.081811948625377,0.9903846153846154,0.8404255319148937,0.5442863040817295,0.7916988171270796,0.7916988171270796,0.0
2003-03-18,41.35,0.03569609757388248,0.9716981132075472,0.65625,0.561730136782048,0.7298927499965316,0.7298927499965316,0.0
2003-03-19,42.84,0.07813820430914342,0.9722222222222222,0.7857142857142857,0.5971466022187975,0.7850277033851017,0.7850277033851017,0.0
2003-03-20,41.16,0.007070613389663194,0.9363636363636364,0.43,0.6269604550326503,0.6644413637987623,0.7020841053098534,0.2777777777777778
2003-03-21,39.46,0.037701340868083744,0.8303571428571429,0.6568627450980392,0.6591118303677306,0.7154439061076375,0.7373009080830226,0.23214285714285715
2003-03-24,41.23,-0.03970567921516244,0.9385964912280702,0.18269230769230768,0.6767872091245237,0.5993586693483005,0.6988328785272667,0.603448275862069
2003-03-25,41.15,-0.004848494346621379,0.9051724137931034,0.3490566037735849,0.6849870334472634,0.646405350337984,0.6821353985955572,0.2833333333333333
2003-03-26,40.09,-0.06634531892513262,0.8728813559322034,0.06481481481481481,0.687548970144295,0.5417483802971044,0.6334795339779578,0.532258064516129
2003-03-27,38.67,-0.06240280534664322,0.7583333333333333,0.08181818181818182,0.6900259723087971,0.5100591624867707,0.6026030937155594,0.578125
2003-03-28,38.21,-0.03219023913566099,0.6967213114754098,0.24107142857142858,0.6933573084251442,0.5437166828239942,0.5682576490588308,0.22727272727272727
2003-03-31,40.96,-0.006570165987556109,0.8951612903225806,0.37719298245614036,0.70422826305671,0.658860845278477,0.658860845278477,0.0
2003-04-01,38.67,-0.062159821503873225,0.746031746031746,0.09482758620689655,0.7133999911607177,0.5180864411331201,0.5544943024038933,0.3088235294117647
2003-04-02,38.6,-0.037874650183630454,0.7109375,0.2288135593220339,0.7113255858255867,0.5503588817158735,0.556216402687647,0.07142857142857142
2003-04-03,38.31,-0.009353146906648124,0.6692307692307692,0.39166666666666666,0.6962160772785781,0.5857045043920047,0.5857045043920047,0.0
2003-04-04,37.34,-0.02303212334523197,0.553030303030303,0.28688524590163933,0.6700970518979531,0.5033375336099651,0.5632696412258882,0.4027777777777778
2003-04-07,36.75,-0.10845775507240685,0.4925373134328358,0.024193548387096774,0.6347060529267341,0.38381230491555557,0.5082599331533038,0.8243243243243243
2003-04-08,38.0,-0.017477945892820035,0.6323529411764706,0.35714285714285715,0.6105759575746398,0.5333572519646559,0.5333572519646559,0.0
2003-04-09,37.83,-0.02014983782584734,0.6159420289855072,0.3359375,0.5882052741851772,0.5133616010568948,0.5133616010568948,0.0
2003-04-10,37.58,-0.019238964727238184,0.5785714285714286,0.34615384615384615,0.5651845171644203,0.496636597296565,0.496636597296565,0.0
2003-04-11,37.17,-0.004563153804415521,0.5140845070422535,0.4772727272727273,0.5622350720632154,0.5178641021260654,0.5178641021260654,0.0
2003-04-14,37.55,0.021535152551297898,0.5625,0.6492537313432836,0.5467586616643099,0.5861707976691978,0.5861707976691978,0.0
2003-04-15,36.67,-0.03562717764315115,0.4383561643835616,0.2426470588235294,0.5230850394142985,0.40136275420712986,0.5030791704711706,0.6973684210526315
2003-04-16,34.8,-0.08348505186450916,0.10135135135135136,0.036231884057971016,0.48257620760111875,0.20671981433681372,0.44175081312715425,0.9615384615384616
2003-04-17,34.32,-0.09074371936555803,0.06,0.03571428571428571,0.450809973834885,0.1821747531830569,0.3788584443044527,0.9125
2003-04-18,32.86,-0.12324587170003909,0.006578947368421052,0.007042253521126761,0.41397000665824424,0.1425304025159307,0.30379170438242575,0.8658536585365854
2003-04-21,34.34,-0.08936252274081413,0.08441558441558442,0.0625,0.3896106762956243,0.17884208690373624,0.22232596222933348,0.34523809523809523
2003-04-22,33.95,-0.07707012807852909,0.04487179487179487,0.08904109589041095,0.36160277312551226,0.16517188796257268,0.17508778898042204,0.10465116279069768
2003-04-23,33.66,-0.0333071980177686,0.04430379746835443,0.30405405405405406,0.34686931514489705,0.23174238888910184,0.23174238888910184,0.0
2003-04-24,34.24,-0.0023337233462199514,0.09375,0.54,0.34170927726610917,0.32515309242203644,0.32515309242203644,0.0
2003-04-25,34.48,0.04812333318637041,0.12962962962962962,0.7697368421052632,0.34074862055831057,0.4133716974310678,0.4133716974310678,0.0
2003-04-28,35.48,0.03265830197204922,0.23780487804878048,0.7337662337662337,0.33322904153421784,0.43493338444974405,0.43493338444974405,0.0
2003-04-29,34.04,0.002647449700468041,0.09036144578313253,0.5448717948717948,0.32808838924462497,0.3211072099665175,0.34526155463169356,0.2159090909090909
2003-04-30,34.46,0.023489042337123678,0.13690476190476192,0.7151898734177216,0.3258969786446362,0.3926638713223732,0.3926638713223732,0.0
2003-05-02,35.03,0.02281028593585388,0.20588235294117646,0.70625,0.3221778515707297,0.41143673483730203,0.41143673483730203,0.0
2003-05-06,34.99,0.014682860584104507,0.20348837209302326,0.5864197530864198,0.32092766597691724,0.3702785970521201,0.38608395952561136,0.14444444444444443
2003-05-07,34.5,-0.028009833404064377,0.16091954022988506,0.29878048780487804,0.319501895132288,0.259733974389017,0.35104407751346595,0.532608695652174
2003-05-09,35.82,0.05097009292739241,0.3409090909090909,0.7891566265060241,0.3230161431096827,0.4843606201749326,0.4843606201749326,0.0
2003-05-12,34.72,0.007516658692365841,0.1853932584269663,0.5654761904761905,0.3179908911076239,0.3562867800035936,0.37641934129139304,0.20212765957446807
2003-05-13,34.58,-0.012929356954250792,0.17222222222222222,0.4294117647058823,0.3099136089126947,0.30384919861359977,0.3549018340466526,0.40625
2003-05-14,34.58,-0.011786826124452254,0.17582417582417584,0.436046511627907,0.3004264452411222,0.3040990442310683,0.34166592348244224,0.336734693877551
2003-05-15,34.18,-0.009318646349869564,0.09239130434782608,0.4540229885057471,0.28379295927887943,0.2767357507108175,0.34506627874680235,0.47
2003-05-16,34.32,-0.04277812201280451,0.11827956989247312,0.19886363636363635,0.27469645885510496,0.1972798883704048,0.2876501323858968,0.5588235294117647
2003-05-19,35.0,0.008032171697264001,0.26063829787234044,0.5898876404494382,0.2925200264279163,0.3810153215832317,0.3810153215832317,0.0
2003-05-20,34.16,-0.012220111334775297,0.08947368421052632,0.42777777777777776,0.30305845583476676,0.27343663927435696,0.2865133288339759,0.10576923076923077
2003-05-21,34.15,-0.012512894238345673,0.08854166666666667,0.4230769230769231,0.31550839055611785,0.2757089934332359,0.2808353186744094,0.04716981132075472
2003-05-22,34.01,-0.0049860786683408875,0.06701030927835051,0.483695652173913,0.3256031499820348,0.29210303714476615,0.29210303714476615,0.0
2003-05-23,33.0,-0.03922071315328113,0.015306122448979591,0.22043010752688172,0.3281487334623762,0.1879616544794125,0.2820451291830007,0.6759259259259259
2003-05-26,33.18,-0.05340077672711496,0.045454545454545456,0.16489361702127658,0.32469849123621153,0.17834888457067785,0.24151184178048987,0.4636363636363636
2003-05-27,33.44,-0.02130258070386848,0.055,0.34210526315789475,0.3187823728151589,0.23862921199101791,0.23862921199101791,0.0
2003-05-28,32.38,-0.053221637767309815,0.0049504950495049506,0.171875,0.3007188483980242,0.15918144781584306,0.2112448472003435,0.41964285714285715
2003-05-29,32.6,-0.042342310646442005,0.014705882352941176,0.211340206185567,0.2820807228161116,0.16937560378487326,0.18669936052836492,0.18421052631578946
2003-05-30,32.42,-0.017732045158949994,0.014563106796116505,0.39285714285714285,0.2763853980410699,0.22793521589810975,0.22793521589810975,0.0
2003-06-02,31.92,-0.03871451218069044,0.004807692307692308,0.2474747474747475,0.2613900931525688,0.17122417764500286,0.19326913142696936,0.25
2003-06-03,32.92,-0.01567241240763151,0.05238095238095238,0.425,0.2505213081385632,0.24263408683983853,0.24263408683983853,0.0
2003-06-04,32.34,-0.0012360941005282733,0.014150943396226415,0.5693069306930693,0.2453600518613095,0.27627264198353507,0.27627264198353507,0.0
2003-06-05,32.93,0.01007180801561125,0.07009345794392523,0.6421568627450981,0.251673809177666,0.32130804328889645,0.32130804328889645,0.0
2003-06-09,33.25,0.02527925079433313,0.11574074074074074,0.7815533980582524,0.24585451971226294,0.38104955283708536,0.38104955283708536,0.0
2003-06-10,33.25,0.040821994520255256,0.11926605504587157,0.8125,0.2503769348658308,0.39404766330390073,0.39404766330390073,0.0
2003-06-11,32.95,0.0009108851396470996,0.07727272727272727,0.5571428571428572,0.2511964748030178,0.2952040197395341,0.33357638423059033,0.3813559322033898
2003-06-12,32.83,0.015037877364540542,0.04954954954954955,0.6556603773584906,0.2535299557894167,0.3195799608991523,0.3422378480137138,0.25833333333333336
2003-06-13,30.81,-0.06654478377969664,0.004464285714285714,0.08878504672897196,0.24220083177915885,0.11181672140747217,0.3003395836374289,0.9262295081967213
2003-06-16,31.78,-0.045217605993293386,0.01327433628318584,0.1712962962962963,0.23888651743724315,0.14115238333890842,0.2523601497377935,0.782258064516129
2003-06-17,29.72,-0.1122345472523052,0.0043859649122807015,0.022935779816513763,0.21830641259741856,0.08187605244207101,0.18992582756542759,0.7698412698412699
2003-06-18,29.29,-0.11774510010887429,0.004347826086956522,0.022727272727272728,0.2060520035180667,0.07770903411076532,0.14642683043967386,0.5078125
2003-06-19,27.49,-0.17752042933634682,0.004310344827586207,0.0045045045045045045,0.19348191000777923,0.06743225311328997,0.09599728888250139,0.2846153846153846
2003-06-20,27.65,-0.10821358464023279,0.01282051282051282,0.05803571428571429,0.1814856666491283,0.08411396458511848,0.09045673751803064,0.06818181818181818
2003-06-23,28.2,-0.11951518316450205,0.0211864406779661,0.030973451327433628,0.1768962581998668,0.07635205006842218,0.07749667086393339,0.03731343283582089
2003-06-24,27.53,-0.07654390069504213,0.012605042016806723,0.10964912280701754,0.17469390825856682,0.0989826910274637,0.0989826910274637,0.0
2003-06-25,27.63,-0.05834402190431698,0.020833333333333332,0.16956521739130434,0.1695262404477354,0.11997493039079103,0.11997493039079103,0.0
2003-06-26,27.78,0.010494035149043235,0.0371900826446281,0.6594827586206896,0.18252242410313074,0.2930650884561495,0.2930650884561495,0.0
2003-06-27,27.56,-0.0032602818228859576,0.020491803278688523,0.5512820512820513,0.19116561825368653,0.25431315760480877,0.25431315760480877,0.0
2003-06-30,28.29,0.0031864073694078954,0.06097560975609756,0.6059322033898306,0.1976528073410032,0.28818687349564376,0.28818687349564376,0.0
2003-07-01,26.57,-0.03549355938279408,0.004032258064516129,0.31512605042016806,0.19932470405855934,0.17282767084774786,0.22567354415902816,0.4632352941176471
2003-07-02,25.87,-0.0658181427373874,0.004,0.14583333333333334,0.19113601358236884,0.11365644897190073,0.2244098478752501,0.7898550724637681
2003-07-03,25.59,-0.08211468715450021,0.003968253968253968,0.09504132231404959,0.17902480613719407,0.09267812747316588,0.1843324556786534,0.6214285714285714
2003-07-04,24.07,-0.1353991943504771,0.003937007874015748,0.012295081967213115,0.16162435036599918,0.05928548006907602,0.14532692017150686,0.5704225352112676
2003-07-07,24.16,-0.15781001224686175,0.01171875,0.012195121951219513,0.13978984369480485,0.05456790521534146,0.0986031265154464,0.4097222222222222
2003-07-08,24.63,-0.0758175476392755,0.01937984496124031,0.13306451612903225,0.12030680134591487,0.09091705414539582,0.09091705414539582,0.0
2003-07-09,25.62,-0.009710699729349237,0.03461538461538462,0.516,0.11821179635090988,0.22294239365543148,0.22294239365543148,0.0
2003-07-10,26.65,0.04058750044015591,0.05725190839694656,0.8373015873015873,0.12294538557067222,0.339166293756402,0.339166293756402,0.0
2003-07-11,24.34,0.011154835764400683,0.01893939393939394,0.6889763779527559,0.13831204655689452,0.2820759394830148,0.2820759394830148,0.0
2003-07-14,23.27,-0.03753339575241377,0.0037593984962406013,0.31640625,0.14170192195481351,0.15395585681701804,0.21781150757145246,0.5
2003-07-15,23.62,-0.0418714013632302,0.011194029850746268,0.2751937984496124,0.1481785740441026,0.14485546744815372,0.228599190232004,0.5608108108108109
2003-07-16,23.45,-0.08850280157630008,0.011111111111111112,0.09615384615384616,0.1501833205053708,0.08581609259010936,0.2011739300189396,0.8466666666666667
2003-07-18,24.32,-0.09149009351388715,0.04044117647058824,0.08015267175572519,0.15297779547772636,0.09119054790134658,0.1515787808479285,0.45394736842105265
2003-07-21,25.46,0.04498750556987918,0.06204379562043796,0.8522727272727273,0.17406430287239982,0.3627936085885217,0.3627936085885217,0.0
2003-07-22,24.92,0.06850571660505222,0.06159420289855073,0.8909774436090225,0.19657459673495414,0.38304874774750913,0.38304874774750913,0.0
2003-07-23,25.46,0.07501478236004422,0.07194244604316546,0.914179104477612,0.218171281377378,0.4014309439660518,0.4014309439660518,0.0
2003-07-24,24.63,0.049094717240158126,0.05714285714285714,0.8481481481481481,0.2360435927415372,0.3804448660108475,0.3804448660108475,0.0
2003-07-25,24.8,0.01954459607297032,0.0673758865248227,0.7316176470588235,0.23860161004949537,0.3458650478777139,0.37471664283812883,0.2792207792207792
2003-07-28,24.52,-0.037619482061249876,0.0528169014084507,0.3175182481751825,0.23356564242506775,0.20130026400290033,0.34241797392100454,0.8782051282051282
2003-07-29,24.38,-0.021907569866127297,0.05244755244755245,0.38768115942028986,0.22789616489311557,0.2226749589203193,0.3103432161555666,0.5886075949367089
2003-07-30,25.28,-0.007095023850603788,0.09375,0.5287769784172662,0.23548038164143015,0.2860024533528988,0.287257518032936,0.04375
2003-07-31,25.5,0.03471324003193388,0.11379310344827587,0.8035714285714286,0.2546686616085894,0.39067773120943133,0.39067773120943133,0.0
2003-08-01,24.89,0.003622463208563964,0.08561643835616438,0.6134751773049646,0.2696707125930601,0.3229207760847297,0.3229207760847297,0.0
2003-08-04,25.36,0.033684018501014545,0.1054421768707483,0.7992957746478874,0.29188335913499525,0.398873770217877,0.398873770217877,0.0
2003-08-05,25.34,0.03862105083986789,0.10472972972972973,0.8216783216783217,0.31444571362141605,0.4136179216764891,0.4136179216764891,0.0
2003-08-06,26.94,0.06359860170356146,0.17114093959731544,0.8784722222222222,0.3368749336396476,0.46216269848639513,0.46216269848639513,0.0
2003-08-07,25.98,0.018648559078072946,0.15666666666666668,0.6931034482758621,0.3443538018978262,0.3980413056134517,0.39912329441578853,0.030864197530864196
2003-08-08,25.82,0.03668326903899599,0.1490066225165563,0.8047945205479452,0.3458349930819754,0.4332120453821589,0.4332120453821589,0.0
2003-08-11,25.11,-0.009906956399531541,0.09539473684210527,0.47959183673469385,0.34251176312409165,0.305832778900297,0.40257335001175837,0.7134146341463414
2003-08-12,24.79,-0.021943828845893965,0.07516339869281045,0.3614864864864865,0.34542386904116806,0.26069125140682164,0.3719880159578249,0.8132530120481928
2003-08-13,24.01,-0.11514176074905613,0.022727272727272728,0.050335570469798654,0.34009074441358594,0.13771786253688578,0.307099048767923,0.9226190476190477
2003-08-14,22.97,-0.12313799454144636,0.0032258064516129032,0.03,0.3382397656432523,0.12382185736495506,0.2522551591182237,0.8529411764705882
2003-08-18,23.43,-0.09713213289879219,0.016025641025641024,0.08278145695364239,0.33769509688707655,0.14550073162212,0.19471289636621592,0.38953488372093026
2003-08-19,22.67,-0.10222370865005592,0.0031847133757961785,0.08223684210526316,0.3169727227017739,0.13413142606094441,0.16037262579834538,0.25862068965517243
2003-08-20,22.5,-0.09692503683672493,0.0031645569620253164,0.09477124183006536,0.2956068265088868,0.13118087510032583,0.1344705505370462,0.0625
2003-08-21,21.79,-0.09701926127663363,0.0031446540880503146,0.09415584415584416,0.27338630020196475,0.12356226614861975,0.131639431259393,0.10674157303370786
2003-08-22,21.23,-0.078773740985842,0.003125,0.14516129032258066,0.25446118232775417,0.1342491575501116,0.1342491575501116,0.0
2003-08-25,22.14,-0.05663132523921366,0.015527950310559006,0.22115384615384615,0.2404033888997731,0.15902839512139275,0.15902839512139275,0.0
2003-08-26,22.33,-0.015111398667371212,0.021604938271604937,0.48089171974522293,0.24370742661060296,0.24873469487581026,0.24873469487581026,0.0
2003-08-27,21.4,-0.05012438718256851,0.009202453987730062,0.2563291139240506,0.23934249801170143,0.16829135530782735,0.16829135530782735,0.0
2003-08-28,21.65,-0.006445694508029565,0.01524390243902439,0.550314465408805,0.23791828274746551,0.26782555019843163,0.26782555019843163,0.0
2003-08-29,20.83,-0.019021020442284264,0.0030303030303030303,0.434375,0.2259193020227305,0.22110820168434453,0.22110820168434453,0.0
2003-09-01,21.26,-0.04055855436668887,0.015060240963855422,0.30124223602484473,0.21634957355591972,0.17755068351487333,0.21670209711625743,0.37222222222222223
2003-09-02,21.23,-0.05051579013690155,0.011976047904191617,0.25,0.20028052596555862,0.15408552462325006,0.19777226306574539,0.4010989010989011
2003-09-03,21.63,0.010690317937161797,0.03273809523809524,0.6779141104294478,0.19488662982204594,0.3018462784965297,0.3018462784965297,0.0
2003-09-04,22.23,0.026437273527606386,0.05621301775147929,0.7957317073170732,0.1899449189032713,0.3472965479906079,0.3472965479906079,0.0
2003-09-05,22.26,0.06639709057451837,0.061764705882352944,0.8939393939393939,0.19259326852525177,0.3827657894489995,0.3827657894489995,0.0
2003-09-08,22.38,0.05134032996997728,0.07309941520467836,0.8704819277108434,0.1923377735215273,0.3786397054790163,0.3786397054790163,0.0
2003-09-09,22.39,0.053199154895498424,0.07848837209302326,0.8772455089820359,0.2018564562089838,0.3858634457613477,0.3858634457613477,0.0
2003-09-15,22.03,0.01832392084928447,0.049132947976878616,0.6994047619047619,0.2096536518265424,0.3193971205693943,0.36279252184987315,0.3858695652173913
2003-09-16,20.27,-0.09230076751219674,0.0028735632183908046,0.09763313609467456,0.21033974822944224,0.10361548251416919,0.3140563087545854,0.9731182795698925
2003-09-17,19.37,-0.13906586842849444,0.002857142857142857,0.014705882352941176,0.20994817869840401,0.07583706796949602,0.2526705644586847,0.9202127659574468
2003-09-18,19.58,-0.13365906578141473,0.008522727272727272,0.02631578947368421,0.2083489641675822,0.08106249363799789,0.19315512209048102,0.7947368421052632
2003-09-19,19.8,-0.12293249291017361,0.014124293785310734,0.0436046511627907,0.20765664890425825,0.08846186461745324,0.13367480586170213,0.4114583333333333
2003-09-22,23.5,0.06459526033586149,0.14325842696629212,0.8930635838150289,0.23111630420398904,0.4224794383284367,0.4224794383284367,0.0
2003-09-23,23.46,0.14615488276142097,0.1424581005586592,0.9971264367816092,0.25717340518139836,0.4655859808405556,0.4655859808405556,0.0
2003-09-24,22.44,0.14711960323559126,0.10833333333333334,0.9971428571428571,0.2811031526852386,0.462193114387143,0.462193114387143,0.0
2003-09-25,22.46,0.1372273122079326,0.1132596685082873,0.9857954545454546,0.302662485849972,0.46723920296790467,0.46723920296790467,0.0
2003-09-26,25.73,0.261975688593163,0.28846153846153844,0.9971751412429378,0.32224098639216325,0.5359592220322131,0.5359592220322131,0.0
2003-09-29,27.87,0.17055042034374335,0.35792349726775957,0.9915730337078652,0.34934011046875935,0.5662788804814615,0.5662788804814615,0.0
2003-09-30,26.98,0.13979900755428032,0.3233695652173913,0.9748603351955307,0.36765689878288665,0.5552955997319362,0.5552955997319362,0.0
2003-10-01,26.03,0.14840463835197815,0.3054054054054054,0.9861111111111112,0.38900967912004203,0.5601753985455195,0.5601753985455195,0.0
2003-10-02,24.76,0.09749349850609867,0.21236559139784947,0.93646408839779,0.40982285919021544,0.5195508463286184,0.5474519894239498,0.26288659793814434
2003-10-06,24.23,-0.06006609146521846,0.17914438502673796,0.20604395604395603,0.41290316651937803,0.266030502530024,0.4934662455235119,0.9744897959183674
2003-10-07,23.06,-0.18945132665294384,0.13031914893617022,0.00273224043715847,0.39846314611202266,0.17717151182845045,0.41564477179290976,0.9848484848484849
2003-10-08,24.42,-0.09969338209705114,0.2037037037037037,0.09510869565217392,0.38463483796920583,0.22781574577502783,0.350148801001528,0.815
2003-10-09,24.21,-0.07248394805650671,0.18157894736842106,0.17567567567567569,0.36967360104976454,0.2423094080312871,0.28657560289868156,0.400990099009901
2003-10-10,24.12,-0.026188075957410906,0.17539267015706805,0.3790322580645161,0.3599446906824161,0.3047898729680001,0.3047898729680001,0.0
2003-10-13,25.77,0.061619489835839314,0.3098958333333333,0.8475935828877005,0.36498857906106547,0.5074926650940331,0.5074926650940331,0.0
2003-10-14,24.45,0.05853070107996805,0.21502590673575128,0.8430851063829787,0.3727279116419927,0.47694630825357426,0.47694630825357426,0.0
2003-10-15,24.62,0.008156652073748827,0.22422680412371135,0.6216931216931217,0.39136324230458686,0.41242772270714,0.41242772270714,0.0
2003-10-16,25.03,0.033309334493715426,0.2641025641025641,0.7552631578947369,0.41640830972426734,0.47859134390718944,0.47859134390718944,0.0
2003-10-17,25.73,0.06461625443466801,0.3163265306122449,0.8612565445026178,0.44497692368347863,0.5408533329327804,0.5408533329327804,0.0
2003-10-20,26.08,0.011957712394178532,0.3477157360406091,0.6432291666666666,0.468307322627458,0.48641740844491127,0.48641740844491127,0.0
2003-10-21,25.54,0.04361563468351237,0.3005050505050505,0.7953367875647669,0.4697953183096704,0.5218790521264959,0.5218790521264959,0.0
2003-10-22,25.1,0.019308725381431024,0.2638190954773869,0.6881443298969072,0.46510479051052095,0.47235607196160506,0.5000194418745963,0.25
2003-10-23,27.89,0.10819309619571493,0.4125,0.9461538461538461,0.47143423190246236,0.6100293593521028,0.6100293593521028,0.0
2003-10-24,28.01,0.08490396297836433,0.4154228855721393,0.9209183673469388,0.47736638514909585,0.6045692126893913,0.6045692126893913,0.0
2003-10-27,27.56,0.05519670908700558,0.38613861386138615,0.8248730964467005,0.475500760914186,0.5621708237407576,0.5621708237407576,0.0
2003-10-28,27.68,0.08046428014507523,0.4014778325123153,0.9065656565656566,0.4744644348667447,0.5941693079815722,0.5941693079815722,0.0
2003-10-29,27.22,0.08108415108558154,0.3700980392156863,0.907035175879397,0.4739370177337987,0.5836900776096273,0.5909257562746902,0.09223300970873786
2003-10-30,27.2,-0.02505122833744622,0.36829268292682926,0.3575,0.45979392189405655,0.3951955349402953,0.5479589913923287,0.8701923076923077
2003-10-31,28.33,0.011359724570408236,0.4393203883495146,0.6194029850746269,0.45754126423476904,0.5054215458863035,0.5281294580317112,0.22380952380952382
2003-11-03,28.31,0.026849652978350402,0.43719806763285024,0.7252475247524752,0.4769726955176349,0.5464727626343201,0.5464727626343201,0.0
2003-11-04,27.62,-0.002169982768322587,0.3918269230769231,0.5295566502463054,0.49668100011638244,0.472688191146537,0.5006936224434166,0.2783018867924528
2003-11-05,25.84,-0.05202831830891874,0.3229665071770335,0.23774509803921567,0.5032284802628918,0.35464669515971364,0.45488494595343393,0.6962616822429907
2003-11-06,28.5,0.04668711397265346,0.45,0.7878048780487805,0.5252422366380087,0.5876823715622631,0.5876823715622631,0.0
2003-11-07,26.1,-0.0819859995137775,0.34360189573459715,0.1383495145631068,0.5234303986899118,0.33512726966253864,0.4593234580330745,0.8194444444444444
2003-11-10,27.79,-0.0185388553693957,0.41745283018867924,0.41304347826086957,0.5152555709956247,0.44858395981505783,0.44858395981505783,0.0
2003-11-11,28.68,0.037659867750273524,0.45774647887323944,0.7572115384615384,0.5191767461010258,0.5780449211452678,0.5780449211452678,0.0
2003-11-12,27.18,0.050557729808596186,0.3621495327102804,0.8014354066985646,0.5271183714408261,0.5635677702832237,0.5635677702832237,0.0
2003-11-13,27.12,-0.0496326242024101,0.36046511627906974,0.25,0.5168958562978704,0.3757869908589801,0.46022218235301365,0.555045871559633
2003-11-14,26.62,0.019727498638317797,0.3449074074074074,0.6753554502369669,0.5129628508611083,0.5110752361684942,0.5110752361684942,0.0
2003-11-17,28.97,0.041584568026846735,0.46774193548387094,0.7759433962264151,0.5192813615861834,0.5876555644321565,0.5876555644321565,0.0
2003-11-18,27.77,-0.032243714412711455,0.4151376146788991,0.33568075117370894,0.5106557747807532,0.42049138021112037,0.4917153883907949,0.5227272727272727
2003-11-19,29.08,0.06756924394232122,0.4726027397260274,0.866822429906542,0.52034231838721,0.6199224960065931,0.6199224960065931,0.0
2003-11-20,28.65,0.05488198008855383,0.46136363636363636,0.8209302325581396,0.5184333189564083,0.6002423959593948,0.6002423959593948,0.0
2003-11-21,28.2,0.05765916497710233,0.43891402714932126,0.8310185185185185,0.5167731012751273,0.595568548980989,0.595568548980989,0.0
2003-11-24,29.07,0.0034459027895255012,0.4752252252252252,0.5460829493087558,0.5120305128807747,0.5111128958049186,0.5494675433926031,0.33783783783783783
2003-11-25,28.09,0.01145733979744401,0.4327354260089686,0.6077981651376146,0.50534276543249,0.5152921188596911,0.5684276911223173,0.45982142857142855
2003-11-26,27.51,-0.05550107772883539,0.37276785714285715,0.20776255707762556,0.487927695410625,0.35615270321036924,0.5156737325630725,0.8893805309734514
2003-11-27,26.65,-0.0723642925488952,0.3377777777777778,0.15681818181818183,0.4821477773273532,0.32558124564110424,0.4607415024994144,0.8377192982456141
2003-11-28,25.35,-0.10654324790687575,0.25,0.0746606334841629,0.4637962088288538,0.26281894743767226,0.39419158219075107,0.8304347826086956
2003-12-01,25.99,-0.11199486591738594,0.31497797356828194,0.06531531531531531,0.44424240124131054,0.2748452300416359,0.34693804903809455,0.521551724137931
2003-12-02,25.79,-0.08542682122289857,0.29605263157894735,0.12780269058295965,0.4318041949622776,0.28521983904139486,0.3009235930744353,0.13247863247863248
2003-12-03,26.27,-0.04612197123903483,0.33406113537117904,0.2611607142857143,0.43266695107329356,0.34262960024339567,0.34262960024339567,0.0
2003-12-04,26.37,-0.010562150246657964,0.33695652173913043,0.4688888888888889,0.42186796438777463,0.40923779167193136,0.40923779167193136,0.0
2003-12-05,27.85,0.09405423633610077,0.43506493506493504,0.9358407079646017,0.4440918202060705,0.604999154411869,0.604999154411869,0.0
2003-12-08,28.9,0.10612974646498774,0.4892241379310345,0.9493392070484582,0.459293496119319,0.6326189470329373,0.6326189470329373,0.0
2003-12-09,28.85,0.11212317306085495,0.4871244635193133,0.9539473684210527,0.4649463414844588,0.6353393911416082,0.6353393911416082,0.0
2003-12-10,28.07,0.06627378667634254,0.4465811965811966,0.8493449781659389,0.46825487236791596,0.5880603490383506,0.5880603490383506,0.0
2003-12-11,27.91,0.056758047183035565,0.44042553191489364,0.8152173913043478,0.4843843175414203,0.5800090802535539,0.6082053843756638,0.2669491525423729
2003-12-12,26.05,-0.0668151981739169,0.3156779661016949,0.17532467532467533,0.47115281213597016,0.32071848452078017,0.5513492503974461,0.9705882352941176
2003-12-15,25.91,-0.10921260054436788,0.30168776371308015,0.0668103448275862,0.44927313155672965,0.27259041336579865,0.4793435436640183,0.9458333333333333
2003-12-16,25.16,-0.13685456112186856,0.22899159663865545,0.019313304721030045,0.43671029494440655,0.22833839876803066,0.3979433451893028,0.8966942148760331
2003-12-17,25.11,-0.11143521720429739,0.22594142259414227,0.07051282051282051,0.41063602178126646,0.2356967549627431,0.32747062637418123,0.6188524590163934
2003-12-18,25.13,-0.1049226959927303,0.23125,0.09148936170212765,0.3866471591007753,0.23646217360096766,0.25876124504366405,0.1910569105691057
2003-12-19,24.43,-0.06420588292972695,0.17219917012448133,0.2055084745762712,0.3643415365765981,0.2473497270924502,0.2473497270924502,0.0
2003-12-22,25.4,-0.01987982054952786,0.25826446280991733,0.40717299578059074,0.3554447686780112,0.34029407575617315,0.34029407575617315,0.0
2003-12-23,25.21,0.0019853093675883393,0.24074074074074073,0.5483193277310925,0.3491579306111425,0.37940599969432526,0.37940599969432526,0.0
2003-12-24,25.08,-0.00119545740477367,0.2192622950819672,0.5376569037656904,0.3535676502268219,0.3701622830248265,0.3701622830248265,0.0
2003-12-26,25.1,-0.001194505417762226,0.22448979591836735,0.5395833333333333,0.3603045794682154,0.37479256957330537,0.37479256957330537,0.0
2003-12-29,24.35,-0.003280035741050291,0.16056910569105692,0.5124481327800829,0.36901349459288985,0.3473435776880099,0.362399701147328,0.125
2003-12-30,22.49,-0.12167840805326646,0.08704453441295547,0.047520661157024795,0.3628702922600494,0.16581182927667656,0.32750325185142876,0.884
2004-01-02,20.89,-0.18797016563135394,0.02217741935483871,0.006172839506172839,0.35298266567752706,0.12711097484617953,0.2770442468817996,0.8452380952380952
2004-01-05,21.46,-0.1558799785621674,0.04216867469879518,0.018442622950819672,0.33961740187734507,0.13340956650898664,0.2296937035786316,0.6496062992125984
2004-01-06,21.32,-0.1632222468400948,0.038,0.014285714285714285,0.32077840946878744,0.12435470791816723,0.17960613124760397,0.44140625
2004-01-07,21.03,-0.14658185981399052,0.025896414342629483,0.026422764227642278,0.2878137478573058,0.11337764214252584,0.13281294413850717,0.16666666666666666
2004-01-08,21.29,-0.054833287065836345,0.041666666666666664,0.25303643724696356,0.25921724183065925,0.1846401152480965,0.1846401152480965,0.0
2004-01-09,21.38,0.023185330028424822,0.04940711462450593,0.7076612903225806,0.24211715615582724,0.3330618537009713,0.3330618537009713,0.0
2004-01-12,20.83,-0.02979648192967188,0.01968503937007874,0.3674698795180723,0.21939787475935266,0.2021842645491679,0.2021842645491679,0.0
2004-01-13,20.46,-0.04117383877416314,0.01764705882352941,0.31,0.19619797814945988,0.17461501232432974,0.20157577759301826,0.2423076923076923
2004-01-14,19.92,-0.05422573755815607,0.013671875,0.25298804780876494,0.1905894101840197,0.1524164443309282,0.2093835380306987,0.4541984732824427
2004-01-15,20.4,-0.042702578055217266,0.021400778210116732,0.30357142857142855,0.1895012626400417,0.1714911564738623,0.20675374627585189,0.29924242424242425
2004-01-16,19.53,-0.09050416070831169,0.005813953488372093,0.14031620553359683,0.18694689408159879,0.11102568436785591,0.16234651240922882,0.424812030075188
2004-01-19,19.34,-0.07421876524773241,0.0019305019305019305,0.1830708661417323,0.18416057220573057,0.12305398009265493,0.1465204555179262,0.2126865671641791
2004-01-20,20.05,-0.020242606770902505,0.025,0.4215686274509804,0.1872563038494519,0.2112749771001441,0.2112749771001441,0.0
2004-01-26,21.11,0.05802260970377704,0.05555555555555555,0.841796875,0.20024742349582197,0.3658666180171259,0.3658666180171259,0.0
2004-01-27,21.51,0.05298304242946816,0.08969465648854962,0.8151750972762646,0.2062332308751796,0.3703676615466646,0.3703676615466646,0.0
2004-01-28,21.8,0.1099582249064559,0.10456273764258556,0.9554263565891473,0.2130064565191771,0.42433185025030334,0.42433185025030334,0.0
2004-01-29,21.5,0.10587744510846875,0.08901515151515152,0.944015444015444,0.21990924143625054,0.417646612322282,0.417646612322282,0.0
2004-01-30,21.23,0.05718612196258688,0.062264150943396226,0.825,0.22298901697854295,0.3700843893073131,0.3896594262887378,0.16666666666666666
2004-02-02,21.32,0.009898737437414429,0.07894736842105263,0.603448275862069,0.22322347712384252,0.30187304046898805,0.3768607107791102,0.5404411764705882
2004-02-03,21.94,0.019793511567445243,0.11797752808988764,0.6812977099236641,0.2398412281849318,0.3463721553994945,0.37206160954967615,0.23722627737226276
2004-02-04,21.59,-0.009679725268327388,0.10261194029850747,0.48859315589353614,0.25391259911820757,0.2817058984367504,0.3435364191869656,0.4963768115942029
2004-02-05,22.13,0.02888121892934148,0.12825278810408922,0.7253787878787878,0.27373810607653914,0.37578989401980545,0.37578989401980545,0.0
2004-02-06,21.81,0.02695330449837252,0.12037037037037036,0.7226415094339622,0.29350626021450454,0.37883938000627904,0.37883938000627904,0.0
2004-02-09,20.74,-0.027581396496262567,0.03874538745387454,0.37030075187969924,0.30242443423358717,0.2371568578557203,0.32397283714360997,0.5935251798561151
2004-02-10,20.81,-0.05287781444154094,0.042279411764705885,0.2602996254681648,0.30262133256656815,0.20173345659981293,0.2950450973836737,0.6607142857142857
2004-02-11,21.28,-0.0144625800532725,0.07875457875457875,0.4608208955223881,0.29718400929981514,0.2789198278589273,0.29448788326810904,0.11702127659574468
2004-02-12,21.07,-0.049083926246860976,0.060218978102189784,0.27695167286245354,0.29593440260172743,0.2110350178554569,0.2615369080352393,0.41901408450704225
2004-02-13,19.94,-0.08964081567984516,0.023636363636363636,0.13518518518518519,0.291713764851678,0.1501784378910756,0.2158047196121986,0.513986013986014
2004-02-16,19.8,-0.046382265100891384,0.018115942028985508,0.2822878228782288,0.2925573609041392,0.1976537086037845,0.20790408976181146,0.09375
2004-02-17,19.53,-0.0634818955169556,0.010830324909747292,0.2113970588235294,0.2899887403279325,0.17073870802040306,0.20170514004592946,0.3
2004-02-18,19.54,-0.0853040178588067,0.01618705035971223,0.14835164835164835,0.2904489538201673,0.15166255084384261,0.17625368464291252,0.2363013698630137
2004-02-19,19.13,-0.0965924443639361,0.0017921146953405018,0.11861313868613138,0.2888340509528982,0.13641310144479005,0.16132930136077916,0.24149659863945577
2004-02-20,18.96,-0.05039626770681638,0.0017857142857142857,0.2781818181818182,0.28466902357831203,0.18821218534861484,0.18821218534861484,0.0
2004-02-23,19.56,-0.012195273093818404,0.026690391459074734,0.48731884057971014,0.2750854436153928,0.26303155855139254,0.26303155855139254,0.0
2004-02-24,20.51,0.04896082719570183,0.06205673758865248,0.796028880866426,0.2739158402326493,0.37733381956257595,0.37733381956257595,0.0
2004-02-25,20.88,0.0663281163998013,0.07950530035335689,0.8687050359712231,0.27112137128497055,0.4064439025365168,0.4064439025365168,0.0
2004-02-26,20.86,0.08657566612046486,0.07922535211267606,0.9265232974910395,0.27043932263679854,0.42539599074683804,0.42539599074683804,0.0
2004-02-27,19.95,0.05089764650899653,0.04736842105263158,0.7982142857142858,0.26939728653238654,0.3716599977664346,0.3716599977664346,0.0
2004-03-02,19.87,0.015724391957053996,0.04020979020979021,0.6423487544483986,0.2694013590417632,0.317319967899984,0.37963073570246986,0.5101351351351351
2004-03-03,19.68,-0.04130968046018202,0.033101045296167246,0.3173758865248227,0.25818140138694917,0.20288611106931306,0.3447411940038173,0.8624161073825504
2004-03-04,18.93,-0.09804379779320671,0.001736111111111111,0.10424028268551237,0.2460506838270637,0.11734235920789572,0.28692088533809307,0.91
2004-03-05,19.15,-0.08553073394597144,0.012110726643598616,0.14612676056338028,0.22866583160766624,0.12896777293821504,0.2276352417763685,0.6986754966887417
2004-03-08,20.72,0.03787027405540977,0.08103448275862069,0.7596491228070176,0.22860762475169888,0.3564304101057791,0.3564304101057791,0.0
2004-03-09,20.35,0.02386985532487884,0.070446735395189,0.708041958041958,0.2378436886042882,0.33877746068047837,0.33877746068047837,0.0
2004-03-10,22.05,0.11370971026874788,0.1934931506849315,0.9634146341463414,0.2592019072942483,0.47203656404184047,0.47203656404184047,0.0
2004-03-11,22.59,0.1767593652586803,0.23378839590443687,0.9947916666666666,0.2764270220016017,0.5016690281909016,0.5016690281909016,0.0
2004-03-12,24.58,0.2496303885112341,0.31462585034013607,0.9948096885813149,0.30073364420052184,0.5367230610406576,0.5367230610406576,0.0
2004-03-15,23.49,0.12547538127953928,0.2593220338983051,0.9637931034482758,0.3273409839136477,0.5168187070867428,0.5168187070867428,0.0
2004-03-16,22.99,0.12197842688648608,0.24155405405405406,0.9570446735395189,0.3497958579808066,0.5161315285247933,0.5161315285247933,0.0
2004-03-17,22.09,0.0018124155391707752,0.1936026936026936,0.553082191780822,0.3629072955220626,0.3698640603018594,0.4882412770289909,0.7927631578947368
2004-03-18,21.68,-0.041117153908466264,0.17281879194630873,0.3191126279863481,0.37109211355259497,0.28767451116175063,0.44544237362316075,0.8790849673202614
2004-03-19,21.89,-0.11590319260311732,0.18561872909698995,0.06292517006802721,0.37429557969718363,0.2076131596207336,0.37962039333917597,0.9188311688311688
2004-03-22,24.05,0.023560197880948763,0.2816666666666667,0.6966101694915254,0.39175331228945015,0.45667671614921407,0.45667671614921407,0.0
2004-03-23,23.89,0.038400622562627884,0.27740863787375414,0.7516891891891891,0.40463052716505404,0.47790945140933244,0.47790945140933244,0.0
2004-03-24,24.16,0.08957335563458813,0.2947019867549669,0.9175084175084175,0.4134836468102618,0.5418980170245488,0.5418980170245488,0.0
2004-03-25,25.06,0.14488277289647655,0.36468646864686466,0.9748322147651006,0.42326635548744634,0.5875950129664705,0.5875950129664705,0.0
2004-03-26,24.06,0.09452079901176136,0.2845394736842105,0.9214046822742475,0.428271243146315,0.5447384663682576,0.5447384663682576,0.0
2004-03-29,23.82,-0.009609432624616332,0.27377049180327867,0.485,0.42610093777222396,0.3949571431918342,0.5094196181920887,0.7709677419354839
2004-03-30,23.62,-0.011366150568501876,0.27124183006535946,0.4700996677740864,0.4275705116017553,0.38963733648040044,0.49176519520630235,0.7083333333333334
2004-03-31,24.66,0.02048412466958416,0.3501628664495114,0.6639072847682119,0.44416034208667377,0.48607683110146566,0.48607683110146566,0.0
2004-04-01,24.49,-0.023008078503845564,0.3327922077922078,0.3844884488448845,0.4594429486576854,0.39224120176492594,0.4415301957813768,0.40445859872611467
2004-04-02,23.45,-0.02568021565424461,0.255663430420712,0.37335526315789475,0.47121247881697614,0.36674372413186096,0.40593124733409747,0.3512658227848101
2004-04-06,21.66,-0.09505832235430933,0.16612903225806452,0.11639344262295082,0.4572584505498606,0.24659364181029197,0.376258547057789,0.8144654088050315
2004-04-07,21.0,-0.11757137304579324,0.1045016077170418,0.06045751633986928,0.44192021131535475,0.20229311179075526,0.33878970211986,0.828125
2004-04-08,21.06,-0.15780699103036877,0.11057692307692307,0.017915309446254073,0.4162098225076523,0.18156735167694316,0.27788780623495546,0.6614906832298136
2004-04-09,21.09,-0.14946587647339316,0.11661341853035144,0.024350649350649352,0.3890194226403997,0.17666116350713348,0.23477179858339697,0.4537037037037037
2004-04-12,21.66,-0.07940325331944376,0.1751592356687898,0.16990291262135923,0.3649100878746172,0.23665741205492208,0.23665741205492208,0.0
2004-04-13,22.03,0.016937919241407418,0.2,0.6370967741935484,0.3552596287957913,0.39745213432977994,0.39745213432977994,0.0
2004-04-14,23.22,0.10049153854632253,0.2610759493670886,0.9308681672025724,0.3550932635201936,0.5156791266966182,0.5156791266966182,0.0
2004-04-16,23.23,0.09806904007648853,0.2634069400630915,0.9278846153846154,0.3662084302717984,0.5191666619065018,0.5191666619065018,0.0
2004-04-19,23.23,0.09664555229163474,0.2641509433962264,0.9185303514376997,0.38347717714433005,0.5220528239927521,0.5220528239927521,0.0
2004-04-20,21.91,0.011475912034530467,0.19278996865203762,0.6130573248407644,0.3974097620025247,0.40108568516510895,0.47108728641815223,0.5184049079754601
2004-04-21,21.64,-0.017861706835970992,0.1671875,0.4301587301587302,0.3878864968525381,0.32841090900375614,0.4572790413529474,0.8079268292682927
2004-04-22,21.62,-0.0713951640586834,0.16355140186915887,0.19462025316455697,0.3711133425518075,0.24309499919517444,0.40276221585265876,0.8878787878787879
2004-04-23,20.88,-0.1066527837678799,0.09627329192546584,0.09305993690851735,0.34554141316607245,0.17829154733335187,0.33458719293802874,0.8704819277108434
2004-04-26,22.11,-0.049414551912962956,0.21826625386996903,0.28144654088050314,0.3245462659495351,0.27475302023333575,0.28512723218614544,0.08682634730538923
2004-04-27,22.13,0.009991000455583432,0.2222222222222222,0.5940438871473355,0.31480431478481263,0.3770234747181234,0.3770234747181234,0.0
2004-04-28,22.96,0.0592101174730848,0.2630769230769231,0.8296875,0.32315416306665373,0.47197286204785893,0.47197286204785893,0.0
2004-04-29,23.14,0.06794390955446827,0.2745398773006135,0.8582554517133957,0.3329405088460178,0.48857861262000896,0.48857861262000896,0.0
2004-04-30,24.47,0.15865611444014194,0.36850152905198774,0.9860248447204969,0.3414519144098868,0.5653260960607905,0.5653260960607905,0.0
2004-05-03,25.77,0.15318102979491854,0.47865853658536583,0.9829721362229102,0.36006066481416643,0.6072304458741475,0.6072304458741475,0.0
2004-05-04,24.57,0.10459203247012949,0.37537993920972645,0.9274691358024691,0.37690642435000615,0.5599184997874006,0.5599184997874006,0.0
2004-05-06,25.3,0.09705082428210865,0.4409090909090909,0.9123076923076923,0.4036737820584003,0.5856301884250611,0.5856301884250611,0.0
2004-05-07,27.05,0.15612428352696028,0.5422960725075529,0.9831288343558282,0.4376854266285621,0.654370111163981,0.654370111163981,0.0
2004-05-10,34.53,0.344380633947321,0.766566265060241,0.9984709480122325,0.4785990511422945,0.7478787547382559,0.7478787547382559,0.0
2004-05-11,30.89,0.1812214822662166,0.6591591591591591,0.989329268292683,0.5162871601315655,0.7215918625278025,0.7215918625278025,0.0
2004-05-12,29.48,0.18218588078804787,0.6511976047904192,0.9893617021276596,0.5486745890972637,0.7297446320051142,0.7297446320051142,0.0
2004-05-13,33.12,0.2693329337835846,0.7,0.9954545454545455,0.5701335333787887,0.7551960262777779,0.7551960262777779,0.0
2004-05-14,36.36,0.29578226401678753,0.8601190476190477,0.9954682779456193,0.5867246136036639,0.8141039797227769,0.8141039797227769,0.0
2004-05-17,39.64,0.13801019805988624,0.9658753709198813,0.947289156626506,0.6047714379061309,0.8393119884841728,0.8393119884841728,0.0
2004-05-18,38.32,0.21553944617216958,0.9334319526627219,0.9834834834834835,0.6231272914389379,0.8466809091950477,0.8466809091950477,0.0
2004-05-19,35.3,0.18017089661811525,0.7979351032448377,0.9745508982035929,0.6472932591378286,0.8065930868620864,0.8123771981083724,0.044642857142857144
2004-05-20,35.7,0.07501335926853425,0.8161764705882353,0.8373134328358209,0.6736968509694617,0.7757289181311727,0.8164837764790513,0.34615384615384615
2004-05-21,34.47,-0.05337988878050437,0.7463343108504399,0.24553571428571427,0.6895393102220227,0.5604697784527256,0.765756936225041,0.9558823529411765
2004-05-24,32.05,-0.21254152609510824,0.6535087719298246,0.001483679525222552,0.7011807907875492,0.45205774741419874,0.6883060880110463,0.9853801169590644
2004-05-25,31.91,-0.18305251281250756,0.6486880466472303,0.010355029585798817,0.7051640478246132,0.4547357080192141,0.6099170477758795,0.8575581395348837
2004-05-27,29.41,-0.18254821137334742,0.6322674418604651,0.01327433628318584,0.7008959395439656,0.44881257256253887,0.53836094491597,0.5809248554913294
2004-05-28,27.0,-0.27931382278126415,0.5202898550724637,0.0014705882352941176,0.6866208400497364,0.40279376111916476,0.46377391351356845,0.45689655172413796
2004-05-31,30.14,-0.13423618733042453,0.6401734104046243,0.04838709677419355,0.6755149695038566,0.45469182556089144,0.45469182556089144,0.0
2004-06-01,29.78,-0.07346015611081613,0.638328530259366,0.18859649122807018,0.6623249356967305,0.4964166523947222,0.4964166523947222,0.0
2004-06-02,32.31,0.012457339546254609,0.6594827586206896,0.6020408163265306,0.657322258250204,0.6396152777324747,0.6396152777324747,0.0
2004-06-03,35.81,0.19689243144443758,0.8209169054441261,0.9811046511627907,0.669801570290072,0.8239410422989963,0.8239410422989963,0.0
2004-06-04,34.29,0.23901690047049984,0.7357142857142858,0.9840579710144928,0.6789654571278719,0.7995792379522167,0.7995792379522167,0.0
2004-06-07,33.11,0.09398215836080537,0.688034188034188,0.8713872832369942,0.6798153712380669,0.7464122808364163,0.7464122808364163,0.0
2004-06-08,35.59,0.17822767226623837,0.8125,0.9668587896253602,0.6801734106518891,0.8198440667590831,0.8198440667590831,0.0
2004-06-09,36.94,0.13391819493468704,0.8881019830028328,0.9295977011494253,0.6844036920693994,0.8340344587405525,0.8340344587405525,0.0
2004-06-10,37.1,0.035389785603048285,0.8912429378531074,0.6948424068767909,0.683041843014695,0.7563757292481977,0.7912491547072933,0.28285714285714286
2004-06-11,39.5,0.14144690543224714,0.9591549295774648,0.9385714285714286,0.6880986383320538,0.861941665493649,0.861941665493649,0.0
2004-06-14,39.96,0.1880436022211982,0.973314606741573,0.9757834757834758,0.6904364072560633,0.8798448299270373,0.8798448299270373,0.0
2004-06-15,36.27,0.018926253772709956,0.8473389355742297,0.6178977272727273,0.6792382106385775,0.7148249578285114,0.8094043282475896,0.6448863636363636
2004-06-16,35.39,-0.04286568041372174,0.7863128491620112,0.29320113314447593,0.6583031742925846,0.5792723855330238,0.7584519136060839,0.923728813559322
2004-06-17,35.01,-0.05798323464681543,0.7701949860724234,0.2274011299435028,0.6389309271567718,0.5455090143908993,0.7162785706346242,0.9073033707865169
2004-06-18,36.34,-0.08338160893905089,0.8486111111111111,0.1591549295774648,0.6227878305883848,0.5435179570923202,0.6525938289543584,0.7067039106145251
2004-06-21,35.87,-0.1079776622361619,0.8213296398891967,0.09691011235955056,0.6209470737661997,0.5130622753383157,0.5792373180366142,0.4861111111111111
2004-06-22,37.31,0.028270433938255124,0.893646408839779,0.6792717086834734,0.6438952154179048,0.7389377776470525,0.7389377776470525,0.0
2004-06-23,35.91,0.014586513880619378,0.8223140495867769,0.590782122905028,0.6627465428243743,0.6919475717720597,0.6919475717720597,0.0
2004-06-24,33.49,-0.04438684816046079,0.6826923076923077,0.2938718662952646,0.6710221027204722,0.5491954255693482,0.6073322014838192,0.43370165745856354
2004-06-25,32.45,-0.11321861981792614,0.6397260273972603,0.07916666666666666,0.6759504089893765,0.46494770101776783,0.5916181502689088,0.7774725274725275
2004-06-28,33.29,-0.07464423995725733,0.6789617486338798,0.18421052631578946,0.6803157031836478,0.5144959927111057,0.5919048937434668,0.5327868852459017
2004-06-29,32.88,-0.12639681704508732,0.6471389645776566,0.05110497237569061,0.6770986760702955,0.4584475376745476,0.5358068457489658,0.529891304347826
2004-06-30,32.36,-0.10409271604770076,0.6290760869565217,0.1115702479338843,0.6640767450688753,0.4682410266530937,0.4910655367251726,0.1810810810810811
2004-07-01,31.76,-0.053039250427178164,0.6111111111111112,0.26785714285714285,0.6410004125029086,0.5066562221570542,0.5066562221570542,0.0
2004-07-02,31.95,-0.015528262326555353,0.6202702702702703,0.4397260273972603,0.6245060135263775,0.5615007703979694,0.5615007703979694,0.0
2004-07-05,30.39,-0.09114344465823176,0.6024258760107817,0.1407103825136612,0.604098883207709,0.4490783805773839,0.4887847874920098,0.32526881720430106
2004-07-06,30.55,-0.07349988457037471,0.603494623655914,0.19482288828337874,0.5795728512655574,0.45929678773495003,0.48895463750409024,0.25935828877005346
2004-07-07,31.94,-0.013063949403424147,0.6206434316353887,0.45516304347826086,0.561025521039592,0.5456106653844138,0.5456106653844138,0.0
2004-07-08,32.97,0.03739042070470466,0.6617647058823529,0.7113821138211383,0.5557020579139319,0.6429496258724744,0.6429496258724744,0.0
2004-07-09,31.11,-0.026642869913998002,0.6066666666666667,0.377027027027027,0.5328512413025519,0.5055149783320819,0.5204900875802608,0.09840425531914894
2004-07-12,30.35,-0.0013170894231944175,0.5944148936170213,0.5215633423180593,0.5120232451378027,0.5426671603576277,0.5426671603576277,0.0
2004-07-13,29.97,-0.01916780428903264,0.5901856763925729,0.41801075268817206,0.5005972392936473,0.5029312227914641,0.5479347305476123,0.373015873015873
2004-07-14,29.62,-0.07540933394721394,0.5833333333333334,0.1863270777479893,0.49285090001301823,0.4208371036981136,0.5229800182103523,0.6973684210526315
2004-07-15,28.68,-0.13939804135222023,0.5593667546174143,0.03609625668449198,0.48279757239516774,0.35942019456569135,0.4662741319489957,0.7094240837696335
2004-07-16,27.81,-0.1121336426636721,0.5197368421052632,0.08666666666666667,0.4727635090972517,0.35972233928972713,0.4371156041405248,0.5390625
2004-07-19,27.82,-0.0870413310102105,0.520997375328084,0.15824468085106383,0.4667885666955116,0.3820102076248865,0.4049842135939765,0.18393782383419688
2004-07-20,28.53,-0.04924071610316316,0.556282722513089,0.2957559681697613,0.44876658102450157,0.433601757235784,0.433601757235784,0.0
2004-07-21,26.77,-0.10116795130739131,0.46344647519582244,0.11772486772486772,0.42796846028522373,0.33637993440197134,0.3742268866236121,0.30670103092783507
2004-07-22,27.87,-0.028649174237562747,0.5260416666666666,0.3786279683377309,0.42617109681064436,0.44361357727168055,0.44361357727168055,0.0
2004-07-23,28.41,0.021345527620222793,0.5545454545454546,0.656578947368421,0.438476889506893,0.5498670971402562,0.5498670971402562,0.0
2004-07-26,28.68,0.030444829236122573,0.5660621761658031,0.699475065616798,0.4485360136777164,0.5713577518201058,0.5713577518201058,0.0
2004-07-27,29.0,0.01633966476106563,0.5775193798449613,0.6164921465968587,0.4609302034149282,0.5516472432855828,0.5516472432855828,0.0
2004-07-28,28.5,0.06262222974234355,0.5541237113402062,0.8028720626631853,0.4763389393927528,0.6111115711320482,0.6111115711320482,0.0
2004-07-29,30.33,0.08458648020663295,0.6053984575835476,0.8606770833333334,0.49101662156646847,0.6523640541611165,0.6523640541611165,0.0
2004-07-30,28.62,0.007364578262208266,0.5576923076923077,0.5623376623376624,0.4925174633755295,0.5375158111351666,0.584799286306804,0.382051282051282
2004-08-02,30.96,0.07649603299010677,0.6202046035805626,0.8406735751295337,0.5104610113801709,0.6571130633634223,0.6571130633634223,0.0
2004-08-03,28.93,-0.002416710998430549,0.5727040816326531,0.5155038759689923,0.5177082725217297,0.535305410041125,0.5986819819665757,0.48214285714285715
2004-08-04,29.25,0.02597548640326064,0.583969465648855,0.6817010309278351,0.5224548730583056,0.5960417898783319,0.5960417898783319,0.0
2004-08-05,27.81,-0.08674165345461615,0.5050761421319797,0.15809768637532134,0.504705548278401,0.38929312559523394,0.5430538400026559,0.8553299492385786
2004-08-06,28.86,0.008350779217420001,0.5683544303797469,0.5705128205128205,0.5085848872083727,0.5491507127003133,0.5491507127003133,0.0
2004-08-09,29.94,-0.03350066973004395,0.6022727272727273,0.3593350383631714,0.5047256254508932,0.48877779702893065,0.5117137670487869,0.17929292929292928
2004-08-10,30.08,0.03898138009359542,0.6057934508816121,0.7334183673469388,0.5130010101795883,0.6174042761360464,0.6174042761360464,0.0
2004-08-11,29.45,0.0068143364197301715,0.5891959798994975,0.5559796437659033,0.5223888904941903,0.555854838053197,0.555854838053197,0.0
2004-08-12,28.36,0.01958403341805326,0.5375939849624061,0.6434010152284264,0.5370271902164134,0.572674063469082,0.572674063469082,0.0
2004-08-13,26.98,-0.06736070256611493,0.45,0.21139240506329113,0.5384019126236974,0.39993143922899616,0.5269284827832504,0.7914572864321608
2004-08-16,27.25,-0.09414185788222929,0.46758104738154616,0.13257575757575757,0.5364247813431514,0.37886052876681836,0.504945029130828,0.7825
2004-08-17,26.73,-0.11807396893081146,0.44154228855721395,0.06675062972292191,0.5278311370330836,0.34537468510440644,0.4505391109245,0.6990049751243781
2004-08-18,25.55,-0.14205659344788213,0.38337468982630274,0.03391959798994975,0.5237342106554725,0.31367616615724164,0.4021033765453089,0.5816831683168316
2004-08-19,23.48,-0.18883070670403113,0.2438118811881188,0.008771929824561403,0.5074320650556796,0.25333862535611995,0.3382362889227165,0.5591133004926109
2004-08-20,23.05,-0.15743008133695202,0.21851851851851853,0.02875,0.4833356679707957,0.24353472882977142,0.30695694684287156,0.4730392156862745
2004-08-23,23.27,-0.1578885437950528,0.23399014778325122,0.02369077306733167,0.45813925994749527,0.23860672693269272,0.2789061864760464,0.32439024390243903
2004-08-24,23.28,-0.13819190728759034,0.2371007371007371,0.048507462686567165,0.43542917678113235,0.24034579218947885,0.25790040789306096,0.12378640776699029
2004-08-25,23.23,-0.09519276986739555,0.22916666666666666,0.14267990074441686,0.4108004466163247,0.26088233800913607,0.26088233800913607,0.0
2004-08-26,22.32,-0.050665857446785534,0.18704156479217604,0.2908415841584158,0.3860956368171674,0.28799292858925307,0.28799292858925307,0.0
2004-08-27,22.12,-0.04118359278852379,0.174390243902439,0.3395061728395062,0.3709422979849668,0.294946238242304,0.294946238242304,0.0
2004-08-30,23.39,0.005143603281887454,0.24452554744525548,0.5603448275862069,0.354542102893001,0.3864708259748211,0.3864708259748211,0.0
2004-08-31,22.76,-0.02259001360510693,0.21237864077669902,0.4090909090909091,0.34287364269965004,0.32144773085575273,0.32144773085575273,0.0
2004-09-01,21.67,-0.0695157312340502,0.1440677966101695,0.22426470588235295,0.3204401928475459,0.22959089844668945,0.3040897244217641,0.5193236714975845
2004-09-02,22.25,-0.0031411289008609344,0.18719806763285024,0.5220048899755502,0.3215909210750733,0.34359795956115796,0.34359795956115796,0.0
2004-09-03,23.05,0.04118359278852379,0.22650602409638554,0.75,0.3175318904051688,0.4313459715005181,0.4313459715005181,0.0
2004-09-06,22.52,-0.03790477732459818,0.21033653846153846,0.3564476885644769,0.3076613019399217,0.2914818429886457,0.3234928806705528,0.2620192307692308
2004-09-07,22.1,-0.02942700073442328,0.17146282973621102,0.38470873786407767,0.28808529567421515,0.2814189544248346,0.3154871253843692,0.2703349282296651
2004-09-08,23.45,0.07894167934402052,0.2619617224880383,0.8583535108958837,0.28746378591717814,0.4692596731003668,0.4692596731003668,0.0
2004-09-09,23.26,0.0443931384782692,0.24701670644391407,0.7548309178743962,0.28298510152036516,0.4282775752795585,0.4282775752795585,0.0
2004-09-10,20.23,-0.13049911826300375,0.04642857142857143,0.05903614457831325,0.26908690929395496,0.12485054176694654,0.3190577175120704,0.9452380952380952
2004-09-13,20.58,-0.09008407286558606,0.060570071258907364,0.15985576923076922,0.2595936351822643,0.16000649189064697,0.29276264729247065,0.8175355450236966
2004-09-14,20.71,-0.0649609331162142,0.06279620853080568,0.24100719424460432,0.25448139729464614,0.1860949333566854,0.2736978430788408,0.5778301886792453
2004-09-15,20.68,-0.1257034452520598,0.06264775413711583,0.06339712918660287,0.24720016218233282,0.12441501516868385,0.20472891149250425,0.5469483568075117
2004-09-16,21.56,-0.07589540104972237,0.1332547169811321,0.2016706443914081,0.24925870094132932,0.19472802077128984,0.19472802077128984,0.0
2004-09-17,22.52,0.1072371520918356,0.2211764705882353,0.9130952380952381,0.27143378069545315,0.46856849645964216,0.46856849645964216,0.0
2004-09-20,23.25,0.12198540162746196,0.25704225352112675,0.9275534441805225,0.2946066501167298,0.49306744927279295,0.49306744927279295,0.0
2004-09-21,23.3,0.1178366851641619,0.2681498829039813,0.9229857819905213,0.3172448367444098,0.5027935005463041,0.5027935005463041,0.0
2004-09-22,24.4,0.1654160826589277,0.33060747663551404,0.9633569739952719,0.34029778382490233,0.5447540781518961,0.5447540781518961,0.0
2004-09-23,23.76,0.09716374845364806,0.2948717948717949,0.8879716981132075,0.3579217924257626,0.5135884284702551,0.5135884284702551,0.0
2004-09-24,23.5,0.0425966178786239,0.28837209302325584,0.7447058823529412,0.3709013313916189,0.4679931022559387,0.5044393117394375,0.28738317757009346
2004-09-30,23.73,0.020434938414306547,0.29582366589327147,0.653755868544601,0.3745190603767791,0.4413661982715505,0.494099061539189,0.4069767441860465
2004-10-01,22.07,-0.05423414030300977,0.17476851851851852,0.27049180327868855,0.37011382967501916,0.2717913838240754,0.4478986381947432,0.9236111111111112
2004-10-04,23.58,-0.034184237189931466,0.2921478060046189,0.3726635514018692,0.37752580104786826,0.3474457194847855,0.40843696646132105,0.44930875576036866
2004-10-05,23.72,-0.0016849203649194067,0.29838709677419356,0.5303030303030303,0.38051298028458885,0.4030677024539375,0.4030677024539375,0.0
2004-10-06,23.29,-0.008976337253864042,0.2655172413793103,0.49883720930232556,0.3752091909492201,0.3798545472102853,0.3798545472102853,0.0
2004-10-07,23.89,0.0067198908900460985,0.30963302752293576,0.5672853828306265,0.38296254553240877,0.41996031862865696,0.41996031862865696,0.0
2004-10-08,24.51,0.10486197727137636,0.35583524027459956,0.9016203703703703,0.4004946466085258,0.5526500857511653,0.5526500857511653,0.0
2004-10-11,26.03,0.0988508238972492,0.4634703196347032,0.894919168591224,0.40644650297957596,0.5882786637351677,0.5882786637351677,0.0
2004-10-12,26.13,0.09676550540299633,0.47266514806378135,0.881336405529954,0.4152503512114616,0.5897506349350656,0.5897506349350656,0.0
2004-10-13,26.71,0.13701394322561988,0.4875,0.9367816091954023,0.44822077354117446,0.6241674609121922,0.6241674609121922,0.0
2004-10-14,27.49,0.14036234083943633,0.5170068027210885,0.9438073394495413,0.4792304810831983,0.6466815410846093,0.6466815410846093,0.0
2004-10-15,25.81,0.05168081619050113,0.4445701357466063,0.7654462242562929,0.5018858050138856,0.5706340550055949,0.603902471134526,0.2591743119266055
2004-10-18,26.15,0.0045994715044579415,0.4729119638826185,0.5513698630136986,0.5243417286032005,0.5162078518331725,0.5894883087541268,0.5182648401826484
2004-10-19,25.42,-0.027547813771212848,0.4155405405405405,0.38610478359908884,0.5360097276723778,0.445885017270669,0.5607151852212475,0.7613636363636364
2004-10-20,27.53,0.03023829203264672,0.5258426966292135,0.6943181818181818,0.5381569569164759,0.5861059451212903,0.5861059451212903,0.0
2004-10-21,27.01,-0.01761513437263007,0.5033632286995515,0.4387755102040816,0.5320955329465255,0.49141142395005283,0.5220488586361559,0.2420814479638009
2004-10-22,26.17,0.013851702811531919,0.47315436241610737,0.6052036199095022,0.5292760908823031,0.5358780244026375,0.5358780244026375,0.0
2004-10-25,27.76,0.05974694512767176,0.5435267857142857,0.7957110609480813,0.5304079257830925,0.6232152574818198,0.6232152574818198,0.0
2004-10-26,26.85,0.05472955519356537,0.4933184855233853,0.7736486486486487,0.5325110168127684,0.5998260503282675,0.5998260503282675,0.0
2004-10-27,27.17,-0.013162895716259726,0.51,0.4550561797752809,0.5308104719227454,0.49862221723267547,0.5497905946790906,0.39414414414414417
2004-10-28,26.43,-0.021707439188326738,0.47560975609756095,0.4069506726457399,0.5291349942803811,0.470565141007894,0.5456213380906589,0.531390134529148
2004-10-29,27.17,0.03749970689620197,0.5110619469026548,0.714765100671141,0.5486491624247959,0.5914920699995306,0.5914920699995306,0.0
2004-11-01,27.87,0.003954705855253149,0.5662251655629139,0.5479910714285714,0.559884284414421,0.5580335071353021,0.5580335071353021,0.0
2004-11-02,28.12,0.046215245987590414,0.5803964757709251,0.7472160356347439,0.5723573440226319,0.633323285142767,0.633323285142767,0.0
2004-11-03,26.93,-0.008872516614748971,0.4912087912087912,0.48777777777777775,0.5777231469802554,0.5189032386556081,0.5544634483882204,0.27455357142857145
2004-11-04,25.57,-0.03307993931310227,0.41776315789473684,0.360310421286031,0.5752520262009354,0.4511085351272344,0.5505721272120885,0.6777777777777778
2004-11-05,24.55,-0.1014015691977268,0.34463894967177244,0.1161504424778761,0.5553353707385524,0.33870825429606705,0.5000153640713958,0.8960176991150443
2004-11-08,26.15,-0.0637016509829249,0.4650655021834061,0.23289183222958057,0.538824566893229,0.4122606337687385,0.47086078939808296,0.43392070484581496
2004-11-09,25.54,-0.09623521633807064,0.4139433551198257,0.13325991189427314,0.518654609728738,0.35528595891427894,0.41525332415238536,0.4407894736842105
2004-11-10,25.3,-0.0624365110900329,0.3934782608695652,0.23846153846153847,0.49884606448213054,0.37692862127107807,0.3868584006754794,0.06331877729257641
2004-11-11,24.85,-0.028562036760457765,0.3633405639913232,0.3782894736842105,0.4808664618697532,0.40749883318176233,0.40749883318176233,0.0
2004-11-12,23.59,-0.03988896082094584,0.27813852813852813,0.3358862144420131,0.4659666714341942,0.3599971380049118,0.38239423702815395,0.15
2004-11-15,24.05,-0.08371419395916169,0.3002159827213823,0.17139737991266377,0.4521499598276374,0.30792110748722784,0.3615263317718518,0.41774891774891776
2004-11-16,24.44,-0.0440247163009988,0.3329741379310345,0.3104575163398693,0.4481946180809192,0.36387542411727436,0.36387542411727436,0.0
2004-11-17,24.01,-0.05233398550031243,0.2967741935483871,0.2793478260869565,0.4320936466106179,0.3360718887486538,0.355072878307966,0.12284482758620689
2004-11-18,24.35,-0.020325903014038804,0.3240343347639485,0.42190889370932755,0.42718875884985896,0.3910439957743783,0.3910439957743783,0.0
2004-11-19,24.64,0.043548245245735195,0.360813704496788,0.7456709956709957,0.4278919267959133,0.5114588756545657,0.5114588756545657,0.0
2004-11-22,25.36,0.05303813301725491,0.41025641025641024,0.7786177105831533,0.4241328336503433,0.5376689848299689,0.5376689848299689,0.0
2004-11-23,25.15,0.028636762242353342,0.39339019189765456,0.6928879310344828,0.41961560836934586,0.5019645771004945,0.5019645771004945,0.0
2004-11-24,24.66,0.02671208750303622,0.3617021276595745,0.6849462365591398,0.4216554129804317,0.4894345923997154,0.4894345923997154,0.0
2004-11-25,24.41,0.0024610348762696965,0.32802547770700635,0.5439914163090128,0.4213918246122497,0.43113623954275626,0.49433265390550013,0.48283261802575106
2004-11-26,25.21,0.022869602534509426,0.4004237288135593,0.6670235546038544,0.41743233050834017,0.4949598713085847,0.4949598713085847,0.0
2004-11-29,25.29,-0.0027640688871515273,0.4048625792811839,0.5160256410256411,0.4125991300912236,0.4444957834660162,0.4723982127635134,0.22008547008547008
2004-11-30,25.05,-0.0039840690148742475,0.37869198312236285,0.5063965884861408,0.4015360315962945,0.4288748677349327,0.457780270890401,0.2404255319148936
2004-12-01,25.04,0.01529204849569954,0.3778947368421053,0.6159574468085106,0.4019076719628957,0.4652532852045039,0.4652532852045039,0.0
2004-12-02,23.94,-0.019442184275041186,0.28886554621848737,0.42144373673036095,0.4002135645570977,0.37017428250198203,0.44075161804320395,0.5233050847457628
2004-12-03,23.79,-0.057975416884961994,0.28197064989517817,0.24470338983050846,0.40186068074649867,0.3095115734907284,0.4036619584796327,0.6645569620253164
2004-12-06,25.2,-0.0035650661644961446,0.4027196652719665,0.5084566596194503,0.40719115550845936,0.4394558267999587,0.4394558267999587,0.0
2004-12-07,25.38,0.013087634755367894,0.42484342379958245,0.6086497890295358,0.41934840415383484,0.4842805389943177,0.4842805389943177,0.0
2004-12-08,25.44,0.01584819224002354,0.43020833333333336,0.6221052631578947,0.42985774908283797,0.4940571151913553,0.4940571151913553,0.0
2004-12-09,25.15,0.04930719641592063,0.3970893970893971,0.7678571428571429,0.44044066163961315,0.5351290671953843,0.5351290671953843,0.0
2004-12-10,23.92,0.005449604767564953,0.28734439834024894,0.5587002096436059,0.44624115827469596,0.4307619220861836,0.4767368940534399,0.37184873949579833
2004-12-13,24.36,-0.03390155167568132,0.3219461697722567,0.35460251046025104,0.4513645412146576,0.3759710738157218,0.4640399434565926,0.608786610878661
2004-12-14,24.07,-0.05299521049126099,0.30165289256198347,0.26826722338204595,0.4495267527564857,0.3398156229001717,0.4351469602377634,0.6729166666666667
2004-12-15,22.42,-0.1263693208279073,0.1865979381443299,0.05520833333333333,0.4411688590525437,0.22765837684340232,0.38186721256817274,0.8734439834024896
2004-12-16,21.99,-0.13427009197907802,0.14917695473251028,0.04677754677754678,0.4274191408784632,0.20779121412950677,0.31639964195499726,0.737603305785124
2004-12-17,22.75,-0.05014978368547185,0.20636550308008214,0.28526970954356845,0.41204790368985983,0.3012277054378368,0.3012277054378368,0.0
2004-12-20,22.95,-0.05962450633514216,0.21004098360655737,0.2391304347826087,0.39355533612859994,0.2809089181725887,0.2809089181725887,0.0
2004-12-21,23.21,-0.03638303150863509,0.22597137014314927,0.3543388429752066,0.3809061383832554,0.3204054505005371,0.3204054505005371,0.0
2004-12-22,22.91,0.021620078821390276,0.20918367346938777,0.6670103092783505,0.37664477884648095,0.4176129205314065,0.4176129205314065,0.0
2004-12-23,22.62,0.028246666121304553,0.20264765784114053,0.7006172839506173,0.37742598004087446,0.4268969739442108,0.4268969739442108,0.0
2004-12-24,21.72,-0.04633165033122477,0.13516260162601626,0.29876796714579057,0.36158806217473427,0.26517287698218034,0.3421994280261847,0.5493827160493827
2004-12-27,22.71,-0.010512580389086867,0.2079107505070994,0.47848360655737704,0.3557257155936756,0.34737335755271737,0.3554923159022104,0.05122950819672131
2004-12-28,22.88,-0.01432005377474832,0.21356275303643724,0.4591002044989775,0.35041507524184834,0.34102601092575435,0.35961642798725385,0.12040816326530612
2004-12-29,21.47,-0.06491688457471456,0.1101010101010101,0.22142857142857142,0.33385701018882247,0.22179553057280132,0.32045294999553287,0.6849593495934959
2004-12-30,21.29,-0.060596991782586596,0.09879032258064516,0.23523421588594703,0.32444989157676607,0.21949147668111943,0.27897185054291457,0.4392712550607287
2005-01-03,22.42,0.03171992257827938,0.19114688128772636,0.7144308943089431,0.3339224849735406,0.4131667535234034,0.4131667535234034,0.0
2005-01-04,22.67,-0.001762891598029448,0.21084337349397592,0.5304259634888439,0.3296748102758257,0.3569813824195485,0.3569813824195485,0.0
2005-01-05,21.82,-0.04743618610667255,0.14529058116232466,0.2965587044534413,0.31488371209549193,0.2522443325704193,0.2927358951534584,0.3286290322580645
2005-01-06,22.3,0.037930066575383226,0.183,0.7404040404040404,0.3116609731933122,0.41168833786578424,0.41168833786578424,0.0
2005-01-07,21.94,0.03007397594169614,0.15169660678642716,0.7086693548387096,0.3040464587352771,0.38813747345347127,0.38813747345347127,0.0
2005-01-10,21.77,-0.02942054239755798,0.13844621513944222,0.3772635814889336,0.29578808845139015,0.27049929502658865,0.33591016426716236,0.4959839357429719
2005-01-11,21.32,-0.061396865221793995,0.10238568588469185,0.2319277108433735,0.2872322063637791,0.2071818676972815,0.305950261322709,0.694
2005-01-12,21.15,-0.031187074912637947,0.08630952380952381,0.37374749498997994,0.28448562893516594,0.24818088257822324,0.3051375713242698,0.4203187250996016
2005-01-13,21.03,-0.05863668875146466,0.07722772277227723,0.239,0.2863461652175313,0.20085796266326952,0.2629714962837668,0.47023809523809523
2005-01-14,20.09,-0.08808927602024097,0.038537549407114624,0.1506986027944112,0.28617820648481807,0.15847145289544795,0.21703829217216217,0.43280632411067194
2005-01-17,19.7,-0.09991423950251344,0.02465483234714004,0.11254980079681275,0.2773174419978256,0.13817402504725948,0.19057323817629634,0.3956692913385827
2005-01-18,18.88,-0.12154243858028924,0.000984251968503937,0.06858846918489066,0.26782747456693123,0.11246673190677527,0.1716302110181951,0.4411764705882353
2005-01-19,18.7,-0.12311638163174576,0.0009823182711198428,0.0625,0.2549067771957504,0.10612969848895674,0.1432199742003418,0.283203125
2005-01-20,18.6,-0.12278840899545251,0.000980392156862745,0.06633663366336634,0.23468485327256264,0.10066729303093058,0.123181840273874,0.14980544747081712
2005-01-21,18.4,-0.08787151421190309,0.0009784735812133072,0.1590909090909091,0.21610496429457177,0.12539144898889806,0.12539144898889806,0.0
2005-01-24,19.29,-0.021031808826304843,0.0166015625,0.4270216962524655,0.21634728154408825,0.21999018009885127,0.21999018009885127,0.0
2005-01-25,19.86,0.05060449789967203,0.03996101364522417,0.7844488188976378,0.21979766843104787,0.34806916699130336,0.34806916699130336,0.0
2005-01-26,19.23,0.027948035740147592,0.016536964980544747,0.7043222003929273,0.2210025736269993,0.3139539130001571,0.3139539130001571,0.0
2005-01-27,18.28,-0.017354014693151676,0.000970873786407767,0.453921568627451,0.22408664514910623,0.22632636252098834,0.24674621432003963,0.13372093023255813
2005-01-28,18.42,0.0010863662122209128,0.0048449612403100775,0.550880626223092,0.22962917137402647,0.2617849196124762,0.27402490844475524,0.07142857142857142
2005-01-31,18.12,-0.06257052630280446,0.0009671179883945841,0.2314453125,0.21280003774631964,0.14840415607823806,0.2597077036406326,0.7711538461538462
2005-02-01,18.33,-0.0801685967654131,0.004826254826254826,0.1783625730994152,0.19884802501989088,0.1273456176485203,0.215562993772076,0.6187739463601533
2005-02-02,18.13,-0.05890353483392907,0.002890173410404624,0.2480544747081712,0.19407540908246113,0.14834001906701233,0.18244021498544702,0.2652671755725191
2005-02-03,18.22,-0.0032876741941918475,0.004807692307692308,0.5233009708737864,0.18419302465189707,0.23743389594445855,0.23743389594445855,0.0
2005-02-04,17.91,-0.02807781475454041,0.0009596928982725527,0.39244186046511625,0.17251891444535336,0.1886401559362474,0.1886401559362474,0.0
2005-02-07,19.16,0.055808471927881076,0.029693486590038315,0.809477756286267,0.18060545060155161,0.33992556449261896,0.33992556449261896,0.0
2005-02-11,18.41,0.004354933393373006,0.014340344168260038,0.5723938223938224,0.18691596984740205,0.25788337880316153,0.25788337880316153,0.0
2005-02-14,17.56,-0.03194443655978896,0.0009541984732824427,0.3786127167630058,0.18490371725832164,0.18815687749820328,0.24240797453493795,0.42015209125475284
2005-02-15,16.84,-0.07876288301763168,0.0009523809523809524,0.18173076923076922,0.18156510294359346,0.12141608437558121,0.2192044122211625,0.6950757575757576
2005-02-16,16.43,-0.08625028402344359,0.0009505703422053232,0.16026871401151632,0.18086468124739835,0.11402798853370666,0.20428197874065432,0.6320754716981132
2005-02-17,16.86,-0.1278808199690049,0.004743833017077799,0.05076628352490421,0.1788223183323491,0.07811081162477704,0.15191902816708597,0.543233082706767
2005-02-18,16.59,-0.10409389104263322,0.002840909090909091,0.10803059273422562,0.1798547878491426,0.09690876322475911,0.11972410505140545,0.16292134831460675
2005-02-21,17.13,-0.024792275870941793,0.008506616257088847,0.4112595419847328,0.18876188384841014,0.20284268069674394,0.20284268069674394,0.0
2005-02-22,17.87,0.059366320357156166,0.012264150943396227,0.8257142857142857,0.2080284191193465,0.3486689519256762,0.3486689519256762,0.0
2005-02-23,17.91,0.08625028402344359,0.015065913370998116,0.8811787072243346,0.22643280006742678,0.3742258068875865,0.3742258068875865,0.0
2005-02-24,16.67,-0.011333255811006637,0.004699248120300752,0.4905123339658444,0.2277225081507687,0.2409780300789713,0.2527248465627474,0.06902985074626866
2005-02-25,16.29,-0.018248681588399318,0.0009380863039399625,0.4498106060606061,0.21838097964631084,0.22304322400361898,0.27795173871851936,0.42193308550185876
2005-02-28,16.67,-0.02722061557332589,0.00749063670411985,0.3998109640831758,0.21054204053165643,0.2059478804396507,0.27857277866710073,0.5425925925925926
2005-03-02,18.07,0.011129775432800582,0.02336448598130841,0.6141509433962264,0.21510761520574834,0.28420768152776105,0.28420768152776105,0.0
2005-03-03,18.36,0.024815169119723812,0.03451492537313433,0.6977401129943502,0.21952085147835038,0.3172586299486117,0.3172586299486117,0.0
2005-03-04,18.89,0.12502198475071546,0.04748603351955307,0.9389097744360902,0.2383704359150316,0.40825541462355835,0.40825541462355835,0.0
2005-03-07,19.74,0.19209561139138165,0.07899628252788105,0.9840525328330206,0.26036693560091234,0.44113858365393804,0.44113858365393804,0.0
2005-03-08,20.5,0.20681418938165974,0.10667903525046382,0.9859550561797753,0.281409171683704,0.458014421037981,0.458014421037981,0.0
2005-03-09,20.14,0.10845478268627895,0.09722222222222222,0.9186915887850468,0.29360430037934876,0.43650603712887254,0.43650603712887254,0.0
2005-03-10,19.81,0.07601247551811507,0.08410351201478743,0.8535447761194029,0.30721046874861874,0.4149529189609364,0.43177347508105723,0.10516605166051661
2005-03-11,17.85,-0.05662917328776995,0.017527675276752766,0.25605214152700184,0.293070683096805,0.1888834999668532,0.38789909214971624,0.9613970588235294
2005-03-14,17.95,-0.09505691907104774,0.024861878453038673,0.13289962825278812,0.2823463666003986,0.14670262443540846,0.3290119003060103,0.9468864468864469
2005-03-15,19.19,-0.06603557612475397,0.06158088235294118,0.21985157699443414,0.2798930052031758,0.18710848818351702,0.2748307137351175,0.614963503649635
2005-03-16,19.3,-0.042602791379576566,0.06697247706422019,0.32685185185185184,0.2851715346714988,0.22633195452919028,0.23279589721518104,0.038181818181818185
2005-03-17,20.84,0.05068735617470699,0.1346153846153846,0.7828096118299446,0.304076677473789,0.40716722463970606,0.40716722463970606,0.0
2005-03-18,21.63,0.1920777317393192,0.19378427787934185,0.9806273062730627,0.33204921416404953,0.502153599438818,0.502153599438818,0.0
2005-03-21,22.59,0.22991721554562394,0.2773722627737226,0.9880294659300184,0.36091246983601477,0.5421047328465853,0.5421047328465853,0.0
2005-03-22,22.64,0.1653289433153735,0.2814207650273224,0.9623161764705882,0.38151173941741695,0.5417495603051091,0.5417495603051091,0.0
2005-03-23,22.49,0.15296567006038453,0.2690909090909091,0.955045871559633,0.39116569801723844,0.5384341595559269,0.5384341595559269,0.0
2005-03-24,21.15,0.014765688607120353,0.1560798548094374,0.6236263736263736,0.3882522382132504,0.3893194888830205,0.5027523082058919,0.7844202898550725
2005-03-25,20.1,-0.07336142489993724,0.10416666666666667,0.1983546617915905,0.3834349818725532,0.22865210344360345,0.448052009006849,0.9765342960288809
2005-03-28,20.29,-0.10737917664218832,0.1112115732368897,0.09762773722627738,0.3773872473250187,0.19540885259606192,0.37871283295674435,0.9442446043165468
2005-03-29,20.52,-0.09831823303241327,0.12184115523465704,0.11748633879781421,0.3731878946561481,0.20417179622953976,0.31119728014163045,0.7437275985663082
2005-03-30,20.11,-0.11185356218666342,0.10540540540540541,0.08818181818181818,0.36208968951139037,0.18522563769953795,0.24055557577035272,0.41964285714285715
2005-03-31,19.69,-0.07152901284125246,0.08183453237410072,0.20961887477313976,0.35106964873088425,0.21417435195937493,0.21417435195937493,0.0
2005-04-01,18.92,-0.06050025144129778,0.05116696588868941,0.24728260869565216,0.3338709928966017,0.21077352249364778,0.21077352249364778,0.0
2005-04-04,19.3,-0.05002305792688366,0.06810035842293907,0.3010849909584087,0.3165244062471128,0.2285699185428202,0.2285699185428202,0.0
2005-04-06,19.13,-0.07014223685040744,0.057245080500894455,0.21209386281588447,0.29594202754427634,0.18842699028701845,0.20543408419647985,0.10854092526690391
2005-04-07,18.88,-0.06311404306720636,0.048214285714285716,0.23693693693693693,0.2776729628353752,0.18760806182886594,0.20591056902234545,0.12234042553191489
2005-04-08,18.79,-0.04678607922566025,0.04723707664884135,0.31384892086330934,0.26325890556982423,0.20811496769399165,0.20811496769399165,0.0
2005-04-11,19.13,0.011038219828428897,0.06138790035587188,0.6095152603231598,0.2731919891667062,0.31469838328191263,0.31469838328191263,0.0
2005-04-12,18.25,-0.0559400158823391,0.03285968028419183,0.2661290322580645,0.2767226693126169,0.1919037939516244,0.21815043940868262,0.21024734982332155
2005-04-13,19.01,-0.006292626951823532,0.061170212765957445,0.5178890876565295,0.28416334033949464,0.28774088025399386,0.28774088025399386,0.0
2005-04-14,21.55,0.13227265583240255,0.20619469026548673,0.9348214285714286,0.30284313508751576,0.48128641797481037,0.48128641797481037,0.0
2005-04-15,21.71,0.1444481704648264,0.22703180212014135,0.9474153297682709,0.3092686884735928,0.49457194012066835,0.49457194012066835,0.0
2005-04-18,23.68,0.21337302656364354,0.3765432098765432,0.9848754448398577,0.31394386523769274,0.5584541733180312,0.5584541733180312,0.0
2005-04-19,23.03,0.23263263380409338,0.3230633802816901,0.9884547069271759,0.3150967742003209,0.5422049538030622,0.5422049538030622,0.0
2005-04-20,22.74,0.17916033182205204,0.3084358523725835,0.9671985815602837,0.3158942115111948,0.530509548481354,0.530509548481354,0.0
2005-04-21,21.94,0.017935638297327028,0.24298245614035088,0.6398230088495576,0.3073609286196789,0.3967221312031957,0.5044925493852623,0.7482394366197183
2005-04-22,20.31,-0.06665960829790718,0.12697022767075306,0.21643109540636044,0.29645330598571146,0.21328487635427495,0.44823513663198356,0.9842105263157894
2005-04-25,20.13,-0.1624195703641047,0.11975524475524475,0.01675485008818342,0.2923030251453408,0.142937706662923,0.365131843300962,0.9737762237762237
2005-04-26,20.46,-0.11832595330911344,0.1343804537521815,0.07130281690140845,0.29222412415010135,0.16596913160123042,0.28988467886059566,0.7996515679442509
2005-04-27,21.68,-0.047735311750944476,0.22822299651567945,0.31195079086115995,0.29974528148371055,0.27997302295351667,0.27997302295351667,0.0
2005-04-28,22.99,0.04674788392800622,0.32869565217391306,0.7657894736842106,0.32226772904048306,0.47225095163286895,0.47225095163286895,0.0
2005-04-29,22.48,0.10151264943319704,0.2925347222222222,0.8957968476357268,0.34468968310825077,0.5110070843220665,0.5110070843220665,0.0
2005-05-02,21.32,0.057434359645943456,0.19410745233968804,0.8033216783216783,0.36216417201017637,0.45319776755718094,0.45319776755718094,0.0
2005-05-03,21.66,0.05699548104936403,0.22404844290657439,0.7984293193717278,0.37849648233260025,0.46699141487030077,0.46699141487030077,0.0
2005-05-04,20.17,-0.07219382460532486,0.12176165803108809,0.20470383275261325,0.3799246460192733,0.23546337893432487,0.4277821194633485,0.9427083333333334
2005-05-06,19.74,-0.15241230476975476,0.09655172413793103,0.026956521739130435,0.37588357159991925,0.16646393915899357,0.36662471696857335,0.9532871972318339
2005-05-09,22.37,-0.00490524952345206,0.28657487091222034,0.5164930555555556,0.38693311982380985,0.39666701543052857,0.39666701543052857,0.0
2005-05-10,21.76,0.020427822690098463,0.23797250859106528,0.6611785095320624,0.3926393162599123,0.43059677812768,0.43059677812768,0.0
2005-05-11,22.75,0.04909790382411483,0.3241852487135506,0.7690311418685121,0.41249500821090745,0.5019037995976566,0.5019037995976566,0.0
2005-05-12,22.66,0.11640490363373956,0.3159246575342466,0.9162348877374784,0.42882251433213836,0.5536606865346211,0.5536606865346211,0.0
2005-05-13,20.44,0.03484673133016836,0.13418803418803418,0.7198275862068966,0.4216475018710888,0.42522104075533984,0.46160986408916516,0.2810344827586207
2005-05-16,20.04,-0.10999049928537419,0.11177474402730375,0.09208261617900172,0.3973827575790361,0.20041337259511385,0.42235913552208226,0.9707903780068728
2005-05-17,19.79,-0.09489666237326766,0.09795570698466781,0.13659793814432988,0.36921113233935104,0.20125492582278293,0.37649076506110285,0.9092465753424658
2005-05-18,19.64,-0.1469968424706396,0.08928571428571429,0.030017152658662092,0.3394057518327388,0.15290287292570506,0.30669057972671254,0.8549488054607508
2005-05-19,18.25,-0.21643617557135952,0.03225806451612903,0.0025684931506849314,0.3083855549260875,0.11440403753096716,0.21883924992598178,0.7125850340136054
2005-05-20,18.09,-0.1221344659282999,0.026271186440677965,0.06752136752136752,0.28866023215039094,0.1274842620374788,0.15929189418240958,0.2457627118644068
2005-05-23,18.18,-0.09740818746733115,0.031302876480541454,0.12713310580204779,0.2840360986305278,0.1474906936377057,0.14870735839092794,0.015202702702702704
2005-05-24,18.01,-0.09424960042660979,0.024493243243243243,0.14395229982964225,0.2848344848362642,0.15109334263638324,0.15109334263638324,0.0
2005-05-25,18.13,-0.08000027815956035,0.03204047217537943,0.18622448979591838,0.28514902711920687,0.16780466303016825,0.16780466303016825,0.0
2005-05-26,17.16,-0.061583985968684196,0.01430976430976431,0.2538200339558574,0.2783479273914265,0.18215924188568275,0.18215924188568275,0.0
2005-05-27,16.39,-0.09868790665146543,0.0025210084033613447,0.1228813559322034,0.2541208583533625,0.1265077408963091,0.1550111364172498,0.22727272727272727
2005-05-30,16.46,-0.09938889350040903,0.00587248322147651,0.12267343485617598,0.22762621705885508,0.11872404504550253,0.14925780669880917,0.24328859060402686
2005-05-31,16.35,-0.09669926184460209,0.002512562814070352,0.13597972972972974,0.20615279610591591,0.114881696216572,0.14201547741484694,0.20903010033444816
2005-06-01,16.3,-0.10640291695404258,0.002508361204013378,0.1087689713322091,0.18337278536236395,0.09821670596619547,0.12809788600205235,0.245
2005-06-02,16.16,-0.06004204096686694,0.0008347245409015025,0.2668350168350168,0.18190289162716938,0.14985754433436257,0.14985754433436257,0.0
2005-06-03,16.39,0.0,0.008333333333333333,0.5571428571428572,0.1929520902421476,0.2528094269061127,0.2528094269061127,0.0
2005-06-07,17.62,0.06810142525910967,0.02745424292845258,0.8380872483221476,0.1945139293617182,0.35335180687077283,0.35335180687077283,0.0
2005-06-08,17.31,0.057056471844855405,0.02574750830564784,0.8031825795644891,0.19275840610539344,0.3405628313251768,0.3405628313251768,0.0
2005-06-09,17.03,0.04381138686188013,0.022388059701492536,0.7566889632107023,0.18490492191364677,0.32132731494194716,0.32132731494194716,0.0
2005-06-10,16.46,0.018394142155974347,0.013245033112582781,0.6452420701168614,0.1705631108625897,0.2763500713640113,0.3088802902816042,0.26744186046511625
2005-06-13,16.33,-0.0036674857733647315,0.005785123966942148,0.5258333333333334,0.16250318178522333,0.23137387969516632,0.3045931808394149,0.5347682119205298
2005-06-14,16.45,-0.06870914329665245,0.014026402640264026,0.2254575707154742,0.16339384711395916,0.13429260682323246,0.2607813408299068,0.8036303630363036
2005-06-15,15.87,-0.08685383464980045,0.0008237232289950577,0.17026578073089702,0.1618072435847315,0.11096558251487454,0.21486189106784637,0.7154605263157895
2005-06-16,15.92,-0.0674003142583599,0.0024671052631578946,0.22802653399668324,0.16458701289261815,0.13169355071748642,0.1769351382229542,0.3655737704918033
2005-06-17,15.83,-0.039026321356002924,0.0008210180623973727,0.36837748344370863,0.17294631148860046,0.18071493766490213,0.18071493766490213,0.0
2005-06-20,16.48,0.009143617498951873,0.023770491803278688,0.5991735537190083,0.18617509877760646,0.26970638143329784,0.26970638143329784,0.0
2005-06-21,16.56,0.006664671745732598,0.02536824877250409,0.584983498349835,0.1974729928986002,0.2692749133403131,0.2692749133403131,0.0
2005-06-22,16.45,0.03589494267306348,0.0196078431372549,0.7306425041186162,0.21201811300317486,0.320756153419682,0.320756153419682,0.0
2005-06-23,15.82,-0.006301218076729231,0.0008156606851549756,0.515625,0.21947250547102132,0.2453043887187254,0.2571513549153841,0.07026143790849673
2005-06-24,16.13,0.018774018244196444,0.007328990228013029,0.6510673234811166,0.229229168357109,0.2958751606887462,0.2958751606887462,0.0
2005-06-27,17.32,0.049714378652963465,0.046341463414634146,0.7778688524590164,0.24669936714556115,0.35696989433973725,0.35696989433973725,0.0
2005-06-28,16.53,-0.0018132371241805778,0.030032467532467532,0.5425531914893617,0.25780036066916556,0.2767953398969983,0.2991401874127778,0.15146579804560262
2005-06-29,16.22,-0.014080428524114286,0.01053484602917342,0.47630718954248363,0.26650910424486196,0.2511170466055063,0.2852123660499427,0.2775974025974026
2005-06-30,15.76,-0.0037998779097749846,0.0008090614886731392,0.5244698205546493,0.27685914298253944,0.26737934167528726,0.28962735664125505,0.14724919093851133
2005-07-01,15.87,-0.01625035759879978,0.006462035541195477,0.46335504885993484,0.28191282655816974,0.25057663698643334,0.2805676519007925,0.25
2005-07-04,16.21,-0.06623356738670427,0.013709677419354839,0.23495934959349593,0.2739926474715863,0.174220558161479,0.24401778466514085,0.522508038585209
2005-07-05,16.58,0.003020237874215681,0.039452495974235106,0.5689935064935064,0.26756526025201477,0.29200375423991876,0.29200375423991876,0.0
2005-07-06,16.22,0.0,0.01607717041800643,0.5559157212317666,0.26114183034650573,0.27771157399875956,0.27771157399875956,0.0
2005-07-07,16.23,0.029386297096766878,0.018459069020866775,0.7144012944983819,0.25998641386168203,0.33094892579364354,0.33094892579364354,0.0
2005-07-08,16.72,0.05217507311823777,0.04887820512820513,0.7924071082390953,0.2645563691151285,0.3686138941608097,0.3686138941608097,0.0
2005-07-11,16.77,0.03396324008753249,0.0504,0.725,0.27065090768262157,0.3486836358942072,0.3486836358942072,0.0
2005-07-12,16.74,0.009603915354180259,0.050319488817891375,0.5998389694041868,0.28091776980428007,0.31035874267545277,0.32726335450457456,0.10416666666666667
2005-07-13,16.49,0.01650908788424088,0.03907496012759171,0.6390675241157556,0.29359409431136646,0.3239121928515713,0.3365034782751369,0.07507987220447285
2005-07-14,16.86,0.03808257104720969,0.05732484076433121,0.7455858747993579,0.30790452121896267,0.37027174559421727,0.37027174559421727,0.0
2005-07-15,17.24,0.030626657578991523,0.0643879173290938,0.7171474358974359,0.31821294251197324,0.3665827652461677,0.3665827652461677,0.0
2005-07-18,17.92,0.06632583171166706,0.07857142857142857,0.836,0.3255036270882018,0.4133583518865434,0.4133583518865434,0.0
2005-07-19,17.53,0.04611263387181408,0.06893819334389857,0.7659744408945687,0.331117649266105,0.3886767611681908,0.3886767611681908,0.0
2005-07-20,18.34,0.10633033025681105,0.10205696202531646,0.9098883572567783,0.3376600235667606,0.44986844761628514,0.44986844761628514,0.0
2005-07-21,18.48,0.09174511363982862,0.10979462875197472,0.8797770700636943,0.3494882995200234,0.4463533327785642,0.4463533327785642,0.0
2005-07-22,18.59,0.07539153649780594,0.111198738170347,0.8529411764705882,0.35713188954331854,0.44042393472808455,0.44042393472808455,0.0
2005-07-25,17.53,-0.022003708613641315,0.06929133858267716,0.4150793650793651,0.3486358992380284,0.2776688676333569,0.4005982687848963,0.7945859872611465
2005-07-26,17.37,-0.009169118680129262,0.06839622641509434,0.49524564183835185,0.3484123044688188,0.30401805757408834,0.3836665280660758,0.5793650793650794
2005-07-27,16.99,-0.07645953114447801,0.05886970172684458,0.1906645569620253,0.34247961004674915,0.19733795624520634,0.33316042979186006,0.8370253164556962
2005-07-28,16.56,-0.10969891725642444,0.04231974921630094,0.09083728278041074,0.33267656379558386,0.1552778652640985,0.27494533628896695,0.7870662460567823
2005-07-29,16.88,-0.09649431256554175,0.06025039123630673,0.1332807570977918,0.3257694153939081,0.17310018790933554,0.22148058692521713,0.38207547169811323
2005-08-01,17.3,-0.013207197429409678,0.06953125,0.4700787401574803,0.3330429394725238,0.290884309876668,0.290884309876668,0.0
2005-08-02,17.15,-0.012746406641065189,0.06630265210608424,0.47562893081761004,0.33138007898392263,0.29110388730253894,0.29110388730253894,0.0
2005-08-03,17.5,0.0295759452456279,0.07710280373831775,0.7087912087912088,0.3367276070059165,0.3742072065118143,0.3742072065118143,0.0
2005-08-04,18.35,0.10263942554346572,0.11430793157076205,0.9036050156739812,0.3438539215990538,0.4539222896145991,0.4539222896145991,0.0
2005-08-05,18.96,0.11620200765906485,0.13819875776397517,0.9225352112676056,0.3493401379906608,0.47002470234074717,0.47002470234074717,0.0
2005-08-08,19.04,0.09583552785948601,0.14186046511627906,0.88515625,0.35563055586856784,0.46088242366161564,0.46088242366161564,0.0
2005-08-09,18.52,0.07685305560608446,0.12306501547987617,0.8541341653666147,0.36380657393417815,0.447001918260223,0.447001918260223,0.0
2005-08-10,18.44,0.05232133719897947,0.1213292117465224,0.7873831775700935,0.36957082156100984,0.4260944036258752,0.451585147500612,0.19905956112852666
2005-08-11,18.53,0.009761465796688906,0.1257716049382716,0.5917573872472783,0.36743627847655635,0.3616550902207021,0.4331317076218326,0.5328125
2005-08-12,17.98,-0.05307146778340144,0.09322033898305085,0.28804347826086957,0.3574294900769911,0.24623110244030386,0.38837298764174394,0.8551401869158879
2005-08-16,19.07,0.0015743902491083261,0.14846153846153845,0.5511627906976744,0.3520558125916858,0.3505600472502995,0.3663085123594807,0.09472049689440994
2005-08-17,19.05,0.02821587235467682,0.14823348694316435,0.6958204334365325,0.3522843447452165,0.3987794217083045,0.3987794217083045,0.0
2005-08-18,18.9,0.02463970393714865,0.1388036809815951,0.6823802163833076,0.3475153091972867,0.3895664021873964,0.3895664021873964,0.0
2005-08-19,18.41,-0.00649704505228188,0.11944869831546708,0.4992283950617284,0.3382429440613248,0.3189733458128401,0.34082206387982883,0.14396284829721362
2005-08-22,18.41,0.023633966201511925,0.12003058103975535,0.6787365177195686,0.33410862366428457,0.3776252408078695,0.3776252408078695,0.0
2005-08-23,18.84,-0.012134150464110594,0.1366412213740458,0.47307692307692306,0.3372423096840077,0.3156534847116588,0.36011957904561387,0.36882716049382713
2005-08-24,19.37,0.016658375846194673,0.17378048780487804,0.6321044546850998,0.34329838653992095,0.3830611096766329,0.3830611096766329,0.0
2005-08-25,20.12,0.062552423165942,0.21385083713850836,0.8228527607361963,0.36297762001956685,0.4665604059647572,0.4665604059647572,0.0
2005-08-26,19.79,0.0722827643694881,0.19300911854103345,0.8460949464012251,0.3856262958432055,0.47491012026182133,0.47491012026182133,0.0
2005-08-29,22.17,0.18584602838323372,0.3573596358118361,0.9762996941896025,0.41412950038488905,0.5825962767954426,0.5825962767954426,0.0
2005-08-30,20.92,0.10472337004850507,0.25833333333333336,0.9045801526717557,0.4297120877810793,0.5308751912620561,0.5308751912620561,0.0
2005-08-31,21.12,0.08649498141915624,0.2700453857791225,0.8711890243902439,0.44469465846222106,0.5286430228771958,0.5286430228771958,0.0
2005-09-01,21.3,0.05699272748384088,0.2847432024169184,0.7983257229832572,0.45212403128398726,0.5117309855613876,0.5257511193515807,0.08153846153846153
2005-09-02,20.67,0.04350661407920242,0.23906485671191555,0.7469604863221885,0.45132684117872135,0.47911739473760845,0.5265925742467381,0.3880368098159509
2005-09-05,21.18,-0.045682683454959516,0.2748493975903614,0.3148710166919575,0.43955150230998974,0.3430906388641029,0.4786914466604702,0.8363914373088684
2005-09-06,20.33,-0.028608011556467083,0.22481203007518796,0.38106060606060604,0.4290229003354777,0.34496517882375727,0.44150944417281046,0.6783536585365854
2005-09-07,20.47,-0.03126005916486285,0.2334834834834835,0.3729198184568835,0.41975300336282445,0.3420521017677305,0.40419125995091737,0.4878419452887538
2005-09-08,22.23,0.04273565526072565,0.3658170914542729,0.7469788519637462,0.4248550922153596,0.5125503452111262,0.5125503452111262,0.0
2005-09-09,20.01,-0.032451225098034886,0.20434131736526945,0.36726998491704377,0.4212071499677787,0.330939484083364,0.37471954975001615,0.35909090909090907
2005-09-12,20.46,-0.03458557964978004,0.23243647234678624,0.35918674698795183,0.4264661350200491,0.33936311811826236,0.373974045600848,0.28851963746223563
2005-09-13,20.89,0.027172947928219227,0.26119402985074625,0.6894736842105263,0.4327422196426006,0.4611366445679577,0.4611366445679577,0.0
2005-09-14,20.62,0.007301078915615822,0.2421758569299553,0.5743243243243243,0.43205337616446526,0.4161845191395816,0.4161845191395816,0.0
2005-09-15,20.84,-0.06456851109093886,0.25595238095238093,0.22863568215892055,0.4236384803081251,0.30274218113980883,0.3700731894097949,0.5195783132530121
2005-09-16,20.57,0.027601555069223682,0.2399702823179792,0.6908682634730539,0.43144251661847105,0.4540936874698347,0.4540936874698347,0.0
2005-09-20,20.79,0.016000341346440905,0.25148367952522255,0.6210762331838565,0.433287336967215,0.4352824165587647,0.4352824165587647,0.0
2005-09-21,20.99,0.004775558264067392,0.2688888888888889,0.5604477611940298,0.4387777996080137,0.42270481656364417,0.42270481656364417,0.0
2005-09-22,21.53,0.04318583278745791,0.3128698224852071,0.7503725782414307,0.4452117360639303,0.5028180455968561,0.5028180455968561,0.0
2005-09-23,23.49,0.11970058178565512,0.4667651403249631,0.9278273809523809,0.4541589591489962,0.6162504934754467,0.6162504934754467,0.0
2005-09-26,23.35,0.12676328045004048,0.4550147492625369,0.9353640416047548,0.46294082729712205,0.6177732060548046,0.6177732060548046,0.0
2005-09-27,23.29,0.11355198202632799,0.4521354933726068,0.9176557863501483,0.46384412604015496,0.61121180192097,0.61121180192097,0.0
2005-09-28,22.73,0.07963950403191022,0.4125,0.8585185185185186,0.46654675185299077,0.5791884234571697,0.5854483941010494,0.03153153153153153
2005-09-29,22.88,0.0608158551353255,0.4199706314243759,0.8143491124260355,0.4688738851950168,0.5677312096818095,0.5984310269180402,0.2619760479041916
2005-09-30,23.82,0.013950765256332431,0.48826979472140764,0.6048744460856721,0.4691257680801894,0.5207566696290897,0.5793322621487687,0.4582089552238806
2005-10-04,22.96,-0.01684341266354039,0.424597364568082,0.43731563421828906,0.4660229594739961,0.44264531942012236,0.5443066848218323,0.7127976190476191
2005-10-05,25.04,0.07245046233564834,0.5614035087719298,0.841678939617084,0.48635701032666345,0.6298131529052258,0.6298131529052258,0.0
2005-10-06,24.91,0.09158369140963707,0.5569343065693431,0.8757352941176471,0.5070269344404433,0.6465655117091446,0.6465655117091446,0.0
2005-10-07,24.77,0.07937007698967102,0.5502915451895044,0.8568281938325991,0.5270448453674867,0.6447215281298634,0.6447215281298634,0.0
2005-10-10,24.04,0.009193545739853093,0.49708879184861715,0.5755131964809385,0.5260399964902752,0.5328806616066103,0.5793252347541933,0.38427299703264095
2005-10-11,22.04,-0.04089458716665195,0.35247093023255816,0.328696925329429,0.5287789103222671,0.40331558862808475,0.5714592885957857,0.9038461538461539
2005-10-12,25.05,0.0003992812989759287,0.5660377358490566,0.5299707602339181,0.541388542240973,0.5457990127746492,0.5546564605696706,0.048672566371681415
2005-10-13,25.81,0.03549268445643339,0.6246376811594203,0.7145985401459855,0.5511027549220764,0.6301129920758274,0.6301129920758274,0.0
2005-10-14,26.61,0.07165384148832965,0.6534008683068018,0.8374635568513119,0.5679618610196722,0.6862754287259287,0.6862754287259287,0.0
2005-10-17,27.06,0.11833751307563478,0.6741329479768786,0.9264919941775837,0.5958627829957512,0.7321625750500712,0.7321625750500712,0.0
2005-10-18,25.81,0.15790302944580858,0.6226551226551227,0.9614825581395349,0.6121952613708418,0.7321109807218331,0.7321109807218331,0.0
2005-10-19,27.07,0.07755227609533621,0.6750720461095101,0.8483309143686503,0.6284663375650689,0.7172897660144097,0.7172897660144097,0.0
2005-10-20,25.4,-0.016012839706031734,0.5956834532374101,0.4340579710144927,0.6334764569192934,0.5544059603903988,0.6844489421805283,0.8279411764705882
2005-10-21,24.23,-0.0936955501611636,0.507183908045977,0.13386396526772792,0.62292159373397,0.42132315568255835,0.6314584875718542,0.966275659824047
2005-10-24,25.15,-0.07319872619689383,0.5746054519368723,0.19147398843930635,0.607208766711441,0.45776273569587317,0.5765785197010147,0.7850877192982456
2005-10-25,25.48,-0.012868183026559787,0.6038681948424068,0.4538239538239538,0.5988916006564178,0.5521945831075928,0.5521945831075928,0.0
2005-10-26,25.7,-0.05193511172503573,0.6144492131616596,0.2802593659942363,0.5870145331422463,0.4939077040993807,0.4959188277951608,0.018950437317784258
2005-10-27,25.61,0.00823372618694318,0.6121428571428571,0.5719424460431655,0.5848412027589338,0.5896421686483188,0.5896421686483188,0.0
2005-10-28,26.71,0.09744649229343505,0.6604850213980028,0.8900862068965517,0.5927474898700373,0.7144395727215306,0.7144395727215306,0.0
2005-10-31,25.85,0.0274527044086903,0.6289173789173789,0.6807747489239598,0.5981611870458938,0.6359511049624108,0.6359511049624108,0.0
2005-11-01,25.1,-0.015025984566224171,0.5625889046941679,0.44197707736389685,0.6017275116276862,0.535431164561917,0.5938743429987116,0.45203488372093026
2005-11-02,23.93,-0.0713580899808921,0.4822443181818182,0.19957081545064378,0.5836958287587725,0.4218369874637448,0.5794601996715845,0.8826086956521739
2005-11-03,23.28,-0.09538827734819666,0.4397163120567376,0.12357142857142857,0.5619612822573019,0.3750830076284894,0.5365483674676185,0.8973988439306358
2005-11-04,24.29,-0.09497328410778838,0.5049575070821529,0.1291012838801712,0.5426347585558073,0.3922311831727105,0.4721066895578545,0.5835734870317003
2005-11-07,25.72,-0.005041701585019709,0.615983026874116,0.49216524216524216,0.5435234155735524,0.5505572282043035,0.5505572282043035,0.0
2005-11-08,23.74,-0.05570645695621668,0.471045197740113,0.2581792318634424,0.5447248299245916,0.42464975317604897,0.4328716319290595,0.05028735632183908
2005-11-09,24.17,0.009979292795109451,0.5,0.5830965909090909,0.5444020322952444,0.5424995410681118,0.5424995410681118,0.0
2005-11-10,22.98,-0.01297035044262751,0.41338028169014085,0.4531914893617021,0.5325854210389054,0.46638573069691613,0.47526468726361826,0.055873925501432664
2005-11-11,22.17,-0.09132471938586084,0.3558368495077356,0.13810198300283286,0.5076622812227168,0.3338670379110951,0.4635918582112951,0.8214285714285714
2005-11-14,22.12,-0.1507867227152846,0.3497191011235955,0.024752475247524754,0.47700844707813317,0.28382667448308446,0.4102457474670513,0.801994301994302
2005-11-15,22.53,-0.05231363473736872,0.3863955119214586,0.2817796610169492,0.45410938438172693,0.3740948524400449,0.4001347673198505,0.20880681818181818
2005-11-16,21.96,-0.09588957807406162,0.33543417366946776,0.1234132581100141,0.42749549616426,0.29544764264791396,0.35072438763581093,0.4348441926345609
2005-11-17,21.86,-0.04996578967221721,0.32797202797202796,0.29507042253521126,0.41732802182064344,0.34679015744262753,0.34679015744262753,0.0
2005-11-18,21.71,-0.02096703973801972,0.3170391061452514,0.41139240506329117,0.4195126127680144,0.38264804132551894,0.38264804132551894,0.0
2005-11-21,22.36,0.010791471632764615,0.3702928870292887,0.5933988764044944,0.4244529208444545,0.4627148947594126,0.4627148947594126,0.0
2005-11-22,22.73,0.008837883420298898,0.4025069637883008,0.5785413744740533,0.42253682558435435,0.4678617212822361,0.4678617212822361,0.0
2005-11-23,22.06,0.004543397184026521,0.3442280945757997,0.553921568627451,0.4226228526855381,0.44025750529626295,0.44025750529626295,0.0
2005-11-24,21.44,-0.01940014654579114,0.2881944444444444,0.41748251748251747,0.4106626441540617,0.37211320202700787,0.4251190729380877,0.4194915254237288
2005-11-25,21.58,-0.006006024060211779,0.2988904299583911,0.49511173184357543,0.391748417491747,0.3952501930979045,0.4276395032925648,0.2746478873239437
2005-11-28,22.65,0.012886203642144434,0.3981994459833795,0.608786610878661,0.38418076571726456,0.46372227419310175,0.46372227419310175,0.0
2005-11-29,23.79,0.045579686450414325,0.4827109266943292,0.7569637883008357,0.39005848404069204,0.5432443996786189,0.5432443996786189,0.0
2005-11-30,23.38,0.05811494221856606,0.4537292817679558,0.8073713490959666,0.4045406214714785,0.555213750778467,0.555213750778467,0.0
2005-12-01,21.95,0.023508803318578853,0.33586206896551724,0.66875,0.41557372967991235,0.4733952662151431,0.4861651767926471,0.08286516853932584
2005-12-02,21.04,-0.02534157196047948,0.25550964187327824,0.38626907073509015,0.4157667277210634,0.3525151467764773,0.4776181675283616,0.7997198879551821
2005-12-05,21.13,-0.06946602030107751,0.26341127922971114,0.20429362880886426,0.3997556436960438,0.2891535172448731,0.4427044161387158,0.8645251396648045
2005-12-06,21.43,-0.1044735148293805,0.28777472527472525,0.09474412171507607,0.3910880041307,0.25786895037350044,0.3856293262776922,0.8119777158774373
2005-12-07,21.13,-0.10118712441595701,0.26337448559670784,0.10151933701657459,0.37313293492330485,0.24600891917886245,0.3237883599577713,0.5791666666666667
2005-12-08,22.16,0.009521722357902718,0.36232876712328765,0.5827586206896552,0.3750958253423323,0.44006107105175846,0.44006107105175846,0.0
2005-12-09,20.59,-0.021619866829810874,0.22366621067031464,0.40426997245179064,0.37844575910762074,0.33546064740990866,0.33546064740990866,0.0
2005-12-12,19.03,-0.10467715031990732,0.1359289617486339,0.09422283356258597,0.37483776458112317,0.201663186630781,0.2962125549289622,0.6606648199445984
2005-12-13,18.99,-0.12087928466129139,0.13437926330150068,0.061126373626373624,0.36302102618085985,0.18617555436957808,0.28187387572817774,0.6671270718232044
2005-12-14,20.18,-0.046001816702502474,0.20231607629427792,0.3093278463648834,0.36434093845285187,0.2919949537040044,0.2919949537040044,0.0
2005-12-15,19.81,-0.11210200116862357,0.18095238095238095,0.07602739726027398,0.35518937164548725,0.2040563832860474,0.24387014508006394,0.3347107438016529
2005-12-16,20.18,-0.020113506114235236,0.20380434782608695,0.4179206566347469,0.3525217089767945,0.3247489044792095,0.3247489044792095,0.0
2005-12-19,19.43,0.02080158208129035,0.15943012211668928,0.6591530054644809,0.3488939930804792,0.3891590402205498,0.3891590402205498,0.0
2005-12-20,19.5,0.02650194074550649,0.16056910569105692,0.6869031377899045,0.3455545907109444,0.39767561139730195,0.39767561139730195,0.0
2005-12-21,18.61,-0.08099294427130355,0.11840324763193505,0.1723433242506812,0.33036951342792853,0.2070386951035149,0.3045357268973247,0.679945054945055
2005-12-22,19.19,-0.03179755069085077,0.15,0.36802721088435375,0.3256782696518633,0.281235160178739,0.31997148227586303,0.32465753424657534
2005-12-23,18.4,-0.09234135031052304,0.1039136302294197,0.13926630434782608,0.3119077139712453,0.18502921618283033,0.2920275446165872,0.7308743169398907
2005-12-26,18.16,-0.06759689021620119,0.09097035040431267,0.21234735413839892,0.2943160051632621,0.19921123656865788,0.2540379838862088,0.4264305177111717
2005-12-27,18.37,-0.059695566342666595,0.10430686406460296,0.25,0.272181808889998,0.20882955765153366,0.21626877313705517,0.042119565217391304
2005-12-28,18.62,0.0005372011947617494,0.12298387096774194,0.5392422192151556,0.2572099453729724,0.3064786785186233,0.3064786785186233,0.0
2005-12-29,19.44,0.012943489012684495,0.16711409395973154,0.6141891891891892,0.2516272257275575,0.3443101696254927,0.3443101696254927,0.0
2006-01-02,20.8,0.12260232209233246,0.24865951742627346,0.9345479082321188,0.2651629435538081,0.48279012307073343,0.48279012307073343,0.0
2006-01-03,20.24,0.10843947124611741,0.21619812583668005,0.9157681940700808,0.28176947885051273,0.4712452662524245,0.4712452662524245,0.0
2006-01-04,19.93,0.0815072349976691,0.19585561497326204,0.8660834454912517,0.29875498418738056,0.4535646815506314,0.4535646815506314,0.0
2006-01-05,20.24,0.08342457257034352,0.21762349799732977,0.8689516129032258,0.31679701639456237,0.4677907090983726,0.4677907090983726,0.0
2006-01-06,18.96,-0.025001302205417186,0.13666666666666666,0.3926174496644295,0.30640193460751625,0.2785620169795375,0.43079055939033994,0.8631436314363143
2006-01-09,20.42,-0.018438173970752647,0.22836218375499334,0.4296246648793566,0.3071532012453223,0.3217133499598907,0.3985752047681713,0.5635135135135135
2006-01-10,22.0,0.08338160893905133,0.36103723404255317,0.8681392235609103,0.33212881780262843,0.5204350918020306,0.5204350918020306,0.0
2006-01-11,21.66,0.08324110734814116,0.33067729083665337,0.8669786096256684,0.3571825743909896,0.5182794916177704,0.5182794916177704,0.0
2006-01-12,20.97,0.03543200049456363,0.26856763925729443,0.7202937249666221,0.36911301043010847,0.45265812488467505,0.45265812488467505,0.0
2006-01-13,18.55,-0.02186170777343177,0.11721854304635762,0.402,0.375668979550951,0.29829584086576955,0.4222763798260273,0.7911051212938005
2006-01-16,18.72,-0.08692234168707369,0.125,0.15512649800266312,0.3671290168894968,0.21575183829738664,0.4010840774935264,0.9422043010752689
2006-01-17,20.52,-0.06964243305574724,0.2404227212681638,0.20545212765957446,0.35781130992316096,0.2678953862836331,0.3505761363898469,0.5831099195710456
2006-01-18,22.23,0.02597548640326064,0.38984168865435354,0.6826029216467463,0.3634356190936644,0.47862674313158804,0.47862674313158804,0.0
2006-01-19,21.09,0.005706149576854891,0.28194993412384717,0.5616710875331565,0.3772574803380241,0.40695950066500924,0.40695950066500924,0.0
2006-01-20,22.89,0.21023034491103143,0.44144736842105264,0.9860927152317881,0.39999530215723633,0.6091784619366923,0.6091784619366923,0.0
2006-01-23,25.06,0.2916804784184759,0.5900131406044679,0.9966931216931217,0.4335834603502449,0.6734299075492781,0.6734299075492781,0.0
2006-01-24,23.18,0.12188981760903683,0.45866141732283466,0.929326287978864,0.4607002103692196,0.6162293052236394,0.6162293052236394,0.0
2006-01-25,22.39,0.00717170263455813,0.40235910878112713,0.5679419525065963,0.4761000652997976,0.482133708862507,0.5575861768474252,0.5521390374331551
2006-01-26,21.02,-0.0033246290418782465,0.27290575916230364,0.5065876152832675,0.47903174740636445,0.41950837395064516,0.5600959515045524,0.8466666666666667
2006-01-27,20.39,-0.11565554937811173,0.22549019607843138,0.06776315789473684,0.4668304991769706,0.2533612843833796,0.48893251599388987,0.9906914893617021
2006-01-31,21.57,-0.1499694890668568,0.32310704960835507,0.02431011826544021,0.4459357427323557,0.26445097020205033,0.4071367285244444,0.8554376657824934
2006-02-01,23.61,0.018380513185815683,0.5,0.6358267716535433,0.4460322540260252,0.5272863418931895,0.5272863418931895,0.0
2006-02-02,22.46,0.0031215186996336186,0.41015625,0.5458715596330275,0.44338447275523807,0.4664707607960885,0.4664707607960885,0.0
2006-02-03,24.67,0.16011356509246033,0.5754226267880365,0.9640052356020943,0.4547057915424775,0.6647112179775361,0.6647112179775361,0.0
2006-02-06,24.71,0.19216343541415482,0.575974025974026,0.9810457516339869,0.4803991830744003,0.6791396535608044,0.6791396535608044,0.0
2006-02-07,24.78,0.13873341579993115,0.579118028534371,0.9445169712793734,0.5020403868538853,0.6752251288892098,0.6752251288892098,0.0
2006-02-08,24.9,0.053197452373240584,0.5848445595854922,0.7842242503259452,0.5055376956615846,0.6248688351910073,0.6248688351910073,0.0
2006-02-09,22.09,-0.016610931878271007,0.37257438551099614,0.435546875,0.4957993296628015,0.4346401967245992,0.6157170064686314,0.9298941798941799
2006-02-10,21.91,-0.1186447769338903,0.35400516795865633,0.06176853055916775,0.4814721380201491,0.2990819455126577,0.5425911519756557,0.9986807387862797
2006-02-13,23.85,-0.0354238026661684,0.5141935483870967,0.3487012987012987,0.49006404562120015,0.45098629756986525,0.49696048077746785,0.36447368421052634
2006-02-14,23.31,-0.06115442315333075,0.4787371134020619,0.24059662775616084,0.501044226700089,0.4067926559527706,0.44327398619018005,0.2979002624671916
2006-02-15,24.35,-0.022335953942063114,0.5463320463320464,0.3957253886010363,0.5134487913502227,0.48516874209443506,0.48516874209443506,0.0
2006-02-16,23.45,0.059745477460262375,0.48586118251928023,0.8091849935316947,0.5190138304939695,0.6046866688483148,0.6046866688483148,0.0
2006-02-17,23.16,0.055483499097419564,0.4576379974326059,0.7900516795865633,0.5291155468780236,0.5922684079657309,0.5922684079657309,0.0
2006-02-20,23.13,-0.030653741091002384,0.45576923076923076,0.3658064516129032,0.513966436846256,0.44518070640946333,0.5068194362541429,0.4698952879581152
2006-02-21,22.9,-0.01774554248747151,0.43982074263764404,0.42976804123711343,0.49603849988568516,0.4552090945868142,0.5165027239809517,0.46866840731070497
2006-02-22,23.12,-0.05183380572442209,0.45588235294117646,0.2824967824967825,0.47979828563909177,0.40605914035901697,0.5006808036338681,0.6549479166666666
2006-02-23,21.43,-0.09007868540680253,0.3052362707535121,0.14588688946015424,0.46681883811224034,0.30598066610863556,0.44093960308593216,0.8246753246753247
2006-02-24,20.64,-0.11519571209143242,0.24043367346938777,0.0699614890885751,0.45509138281505007,0.2551621817910043,0.37351835785098686,0.7629533678756477
2006-02-27,19.55,-0.16815518981197286,0.16878980891719744,0.01217948717948718,0.4522842813681381,0.21108452582160755,0.32669912173341575,0.7609819121447028
2006-02-28,19.9,-0.14041717882974725,0.19020356234096691,0.03137003841229193,0.4491381921901246,0.2235705976477945,0.2803714223456118,0.42396907216494845
2006-03-02,19.82,-0.15400651490233486,0.18742058449809404,0.02237851662404092,0.42598750042683947,0.21192886718299145,0.2415453677104067,0.2300771208226221
2006-03-03,21.01,-0.019793294628576596,0.27093908629441626,0.42081736909323114,0.41938071657070497,0.37037905731945076,0.37037905731945076,0.0
2006-03-06,20.19,-0.02204350828861612,0.21229404309252217,0.39987244897959184,0.3961991823127545,0.33612189146162286,0.33612189146162286,0.0
2006-03-07,22.3,0.13161139203469796,0.3962025316455696,0.9382165605095542,0.3906341651764323,0.575017752443852,0.575017752443852,0.0
2006-03-08,22.03,0.10168542908380518,0.3672566371681416,0.898854961832061,0.3841960801560937,0.5501025597187655,0.5501025597187655,0.0
2006-03-09,23.08,0.15227491273805693,0.461489898989899,0.9561626429479034,0.38541067345675284,0.6010210717981851,0.6010210717981851,0.0
2006-03-10,20.19,-0.039811082532163145,0.21185372005044137,0.3343908629441624,0.378863756518843,0.3083694465044822,0.47412654438538154,0.9012820512820513
2006-03-13,19.56,-0.03170076771807473,0.16876574307304787,0.3656527249683143,0.3818298757569315,0.30541611459943124,0.4679853890129432,0.8989769820971867
2006-03-14,21.53,-0.035139367089801254,0.31949685534591193,0.3512658227848101,0.37702657153298963,0.3492630832212373,0.4228344551684202,0.5318877551020408
2006-03-15,20.71,-0.061788485406759186,0.24874371859296482,0.23830594184576487,0.3712194695150023,0.28608970998457733,0.3700318852215826,0.5788804071246819
2006-03-16,20.5,-0.11854155549553624,0.23462986198243413,0.06502525252525253,0.3551594115043674,0.2182715086706847,0.29348197259608255,0.5418781725888325
2006-03-17,19.91,-0.013965314248641114,0.19110275689223058,0.4609079445145019,0.33908352463826136,0.33036474201499794,0.33036474201499794,0.0
2006-03-20,20.5,0.04693822153769123,0.23591989987484355,0.7613350125944585,0.3328226555245147,0.4433591893312722,0.4433591893312722,0.0
2006-03-21,21.05,-0.022546751247881414,0.281875,0.39937106918238996,0.3293144151945211,0.33685349479230364,0.33685349479230364,0.0
2006-03-22,21.55,0.0397591411422642,0.3258426966292135,0.7380653266331658,0.33417239617921163,0.46602680648053024,0.46602680648053024,0.0
2006-03-23,21.39,0.042498636949951596,0.3123441396508728,0.7434127979924717,0.34210684123434626,0.4659545929592302,0.4659545929592302,0.0
2006-03-24,20.88,0.047569644938333155,0.2658779576587796,0.7625313283208021,0.3565389943784941,0.46164942678602533,0.46164942678602533,0.0
2006-03-27,19.88,-0.03071068491593465,0.1884328358208955,0.3685857321652065,0.3627045795141976,0.3065743825000999,0.40741174070363784,0.6873417721518987
2006-03-28,19.56,-0.07341389552171895,0.1670807453416149,0.191875,0.3671542407453209,0.24203666202897858,0.38844837415097283,0.8522727272727273
2006-03-29,19.48,-0.1009875183353679,0.15942928039702234,0.10799001248439451,0.36830038304852486,0.2119065586433139,0.3376243245835296,0.7871536523929471
2006-03-30,19.26,-0.10489311672433477,0.1493184634448575,0.09788029925187032,0.36923537458788963,0.20547804576153914,0.28552901514399137,0.5665829145728644
2006-03-31,18.19,-0.13791977048440707,0.08601485148514851,0.036737235367372355,0.35501026537451147,0.15925411740901077,0.22504995326858843,0.4899749373433584
2006-04-03,17.64,-0.11954515064978244,0.06736711990111248,0.06281094527363185,0.34296055470207726,0.15771287329227388,0.19527765142702325,0.29125
2006-04-04,17.85,-0.091483156381023,0.0691358024691358,0.14596273291925466,0.3149775407829089,0.17669202539043313,0.18220872409931416,0.02369077306733167
2006-04-05,18.69,-0.04139967674691736,0.1189889025893958,0.3269230769230769,0.2944725502957156,0.24679484326939613,0.24679484326939613,0.0
2006-04-06,18.33,-0.04949134451836601,0.09482758620689655,0.2992565055762082,0.26888333904184825,0.22098914360831767,0.22098914360831767,0.0
2006-04-07,18.92,0.03934757109370146,0.13161131611316113,0.7382425742574258,0.2769735717262478,0.3822758206989449,0.3822758206989449,0.0
2006-04-10,20.47,0.1487913490945525,0.24201474201474202,0.9561186650185414,0.29356644520104586,0.49723328407810974,0.49723328407810974,0.0
2006-04-11,20.88,0.15678825478878977,0.27607361963190186,0.9611111111111111,0.3077269965163531,0.5149705757531221,0.5149705757531221,0.0
2006-04-12,19.82,0.05870290743437012,0.19362745098039216,0.8082614056720099,0.32059797642169496,0.44082894435803227,0.44082894435803227,0.0
2006-04-13,18.43,0.005440709830118351,0.10832313341493269,0.5634236453201971,0.329900268027381,0.3338823489208369,0.4338381947618092,0.6828358208955224
2006-04-14,17.54,-0.07573557667969544,0.06418092909535453,0.18880688806888068,0.31992469592131856,0.1909708376951846,0.39557719816105713,0.956575682382134
2006-04-17,19.23,-0.06248884007250943,0.1562881562881563,0.23771498771498772,0.3048434017096646,0.2329488485709362,0.3427203110596224,0.7289603960396039
2006-04-18,19.48,-0.069403464800049,0.16951219512195123,0.21288343558282208,0.2973721407477242,0.22658925715083253,0.2850440473391645,0.4283950617283951
2006-04-19,19.01,-0.04172637240150401,0.14129110840438489,0.3278186274509804,0.28250218356254886,0.25053730647263805,0.25053730647263805,0.0
2006-04-20,19.37,0.04974570573717285,0.16605839416058393,0.7717258261933905,0.2795528656303146,0.4057790286614296,0.4057790286614296,0.0
2006-04-21,17.91,0.020875229128583417,0.07351154313487242,0.6583129584352079,0.2721382460200771,0.3346542491967191,0.3346542491967191,0.0
2006-04-24,19.02,-0.010980502483444177,0.14381067961165048,0.4816849816849817,0.27385017335284034,0.2997819448831575,0.3034683572729554,0.020935960591133004
2006-04-25,18.28,-0.063580732188385,0.09454545454545454,0.23353658536585367,0.27307833071708265,0.20038679020946362,0.2982278638846816,0.6670761670761671
2006-04-26,17.65,-0.07422937312103217,0.06840193704600485,0.19062119366626065,0.2728684266628539,0.17729718579170647,0.28357983974849527,0.7120098039215687
2006-04-27,17.49,-0.10209618838839418,0.05985489721886336,0.10523114355231143,0.27081560861471504,0.1453005497952966,0.23148414397526867,0.5855745721271394
2006-04-28,17.98,0.003900812970853984,0.08091787439613526,0.5583232077764277,0.28372783349771613,0.3076563052234264,0.3076563052234264,0.0
2006-05-02,19.32,0.015649771667127776,0.16948130277442702,0.6256067961165048,0.3003505843406208,0.3651462277438509,0.3651462277438509,0.0
2006-05-03,18.77,0.026452284572413554,0.12951807228915663,0.6866666666666666,0.3153777394298066,0.37718749279520997,0.37718749279520997,0.0
2006-05-04,19.14,0.08104460264550273,0.1582430806257521,0.8601694915254238,0.3296902542457742,0.44936760879898335,0.44936760879898335,0.0
2006-05-08,19.52,0.10981029195443615,0.18329326923076922,0.9135429262394196,0.3472590568379513,0.48136508410271334,0.48136508410271334,0.0
2006-05-09,20.08,0.11046426578005386,0.22509003601440578,0.9148550724637681,0.35401133729064094,0.4979854819229382,0.4979854819229382,0.0
2006-05-10,19.77,0.02302480839815324,0.20083932853717026,0.6676718938480096,0.3457707826744384,0.4047606683532061,0.4421332671946102,0.2890243902439024
2006-05-11,18.04,-0.03966833596394004,0.08323353293413174,0.34036144578313254,0.32543103887379465,0.24967533919701965,0.4166308364749721,0.9038929440389294
2006-05-12,19.43,0.015037877364540098,0.17822966507177032,0.6191335740072202,0.32031789843445935,0.37256037917115,0.40126939054940547,0.21723300970873785
2006-05-15,21.14,0.07972739945714524,0.3207885304659498,0.8563701923076923,0.33295319703542214,0.5033706399363548,0.5033706399363548,0.0
2006-05-16,23.54,0.15897680700860217,0.5316229116945107,0.9645858343337335,0.3640337202570224,0.620080822095089,0.620080822095089,0.0
2006-05-17,21.75,0.09544812035216754,0.37842669845053634,0.88189448441247,0.38569167122851894,0.5486709513638418,0.5486709513638418,0.0
2006-05-18,22.64,0.22712673870050448,0.45714285714285713,0.988622754491018,0.41227592075174646,0.6193471774618738,0.6193471774618738,0.0
2006-05-19,21.91,0.12012489021802653,0.38941736028537455,0.9240430622009569,0.43338468791752066,0.5822817034679507,0.5822817034679507,0.0
2006-05-22,23.35,0.0994300036728144,0.5166270783847982,0.8918757467144564,0.44515265303615265,0.6178851593784691,0.6178851593784691,0.0
2006-05-23,24.18,0.026824743354516123,0.5723606168446026,0.6831742243436754,0.4582454115266076,0.5712600842382952,0.5878890151820861,0.10290556900726393
2006-05-24,23.37,0.0718393910160735,0.5171800947867299,0.8313468414779499,0.4763211934008088,0.6082827098884961,0.6082827098884961,0.0
2006-05-25,25.6,0.12287409815053474,0.6739644970414201,0.9291666666666667,0.5081974214957283,0.7037761950679385,0.7037761950679385,0.0
2006-05-26,23.08,0.05202328803252376,0.48936170212765956,0.7734839476813318,0.5332929844731464,0.5987128780940459,0.619983405333449,0.1388888888888889
2006-05-29,22.56,-0.03441855748504796,0.45041322314049587,0.35332541567695963,0.5492592994243034,0.4509993127472529,0.5866062360072057,0.8301204819277108
2006-05-30,21.21,-0.13105307661005527,0.32134433962264153,0.042111506524317915,0.5423646685236634,0.3019401715568743,0.5327422534709215,0.9819711538461539
2006-06-01,22.38,-0.04328544566698733,0.4334511189634865,0.31338862559241704,0.5411584596652876,0.429332734740397,0.4969522584413017,0.4952038369304556
2006-06-02,21.74,-0.16343846979245358,0.37470588235294117,0.01242603550295858,0.5304321391377895,0.3058546856645631,0.41736795656062664,0.7404306220095693
2006-06-05,24.09,0.042830374986881026,0.5693301997649823,0.7405437352245863,0.5377186732087493,0.6158642027327726,0.6158642027327726,0.0
2006-06-07,24.91,0.09909090264423082,0.6232394366197183,0.8907910271546635,0.5481485299163542,0.6873929978969121,0.6873929978969121,0.0
2006-06-08,30.91,0.3766069875674338,0.824736225087925,0.9994103773584906,0.5652535672655603,0.7964667232373254,0.7964667232373254,0.0
2006-06-09,28.4,0.23822144228338127,0.7827868852459017,0.9899882214369847,0.5878601643730029,0.7868784236852964,0.7868784236852964,0.0
2006-06-12,27.65,0.2404718462752804,0.7532163742690059,0.9911764705882353,0.6208801110265023,0.7884243186279146,0.7884243186279146,0.0
2006-06-13,29.4,0.19919785771785614,0.8054906542056075,0.9794359576968272,0.6455691953470885,0.8101652690831744,0.8101652690831744,0.0
2006-06-14,28.19,0.1236979758519321,0.7742123687281214,0.9254694835680751,0.6586322735851522,0.7861047086271163,0.7936078886521655,0.0441527446300716
2006-06-15,26.87,-0.14006933351662543,0.7208624708624709,0.03223915592028136,0.6400545956040149,0.4643854074622557,0.7271916254971516,0.9988095238095238
2006-06-16,24.32,-0.1550900880691941,0.5762514551804424,0.021662763466042154,0.6234944214986019,0.40713621338169553,0.6512431834364313,0.996437054631829
2006-06-19,26.05,-0.0596079597689676,0.6976744186046512,0.252046783625731,0.6110933112635146,0.5202715044979657,0.5976126206104415,0.5462085308056872
2006-06-20,27.18,-0.07851326562163852,0.7363530778164924,0.17932242990654207,0.6011486883944321,0.5056080653724889,0.5367011798683043,0.24468085106382978
2006-06-21,27.06,-0.04091068238337936,0.7296983758700696,0.3308051341890315,0.5924487055184284,0.5509840718591765,0.5509840718591765,0.0
2006-06-22,25.89,-0.03715362886395335,0.6888760139049827,0.3479020979020979,0.5869797872838984,0.5412526330303263,0.5412526330303263,0.0
2006-06-23,26.12,0.07140224731026423,0.6996527777777778,0.8247962747380675,0.5913778401901776,0.7052756309020075,0.7052756309020075,0.0
2006-06-26,26.07,0.0007674597460343158,0.6965317919075145,0.5319767441860465,0.5820122744998144,0.6035069368644584,0.6035069368644584,0.0
2006-06-27,25.29,-0.07207234804112383,0.6431870669745958,0.20150987224157957,0.5715585567349939,0.4720851653170564,0.5746208875946051,0.6969339622641509
2006-06-28,26.4,-0.024692612590371255,0.7076124567474048,0.3961716937354988,0.5790596945266302,0.5609479483365113,0.576613662890072,0.09529411764705882
2006-06-29,24.9,-0.038988990292784464,0.6117511520737328,0.34125144843568944,0.5937983633856917,0.5156003212983713,0.571483200543681,0.4119718309859155
2006-06-30,22.72,-0.13945571055527983,0.45512082853855007,0.03414351851851852,0.5873589784482209,0.3588744418350965,0.5022029627302989,0.8489461358313818
2006-07-03,23.73,-0.09404515749773834,0.5344827586206896,0.13815028901734103,0.5944965066927741,0.4223765181102683,0.46597687897946083,0.33294392523364486
2006-07-04,23.84,-0.05904421848472463,0.5424799081515499,0.2546189376443418,0.5816771294629322,0.45959199175294124,0.46347824426663775,0.022144522144522144
2006-07-05,24.57,-0.07183782361918256,0.5928899082568807,0.2035755478662053,0.5637380042716498,0.4534011534649119,0.4534011534649119,0.0
2006-07-06,24.91,0.0004015258034271163,0.6156930126002291,0.5339861751152074,0.5468763189033753,0.5655185022062706,0.5655185022062706,0.0
2006-07-07,23.94,0.05230510627687668,0.5480549199084668,0.7738780207134638,0.5356052647518514,0.6191794017912606,0.6191794017912606,0.0
2006-07-10,24.65,0.03803683004102698,0.5994285714285714,0.7224137931034482,0.525041502743721,0.6156279557585802,0.6156279557585802,0.0
2006-07-11,24.75,0.03746064681755046,0.6044520547945206,0.7158438576349024,0.5134257352568956,0.6112405492287728,0.6112405492287728,0.0
2006-07-12,25.13,0.022536165022412735,0.6351197263397947,0.6565366972477065,0.5032250995391783,0.5982938410422265,0.6019720500054222,0.019767441860465116
2006-07-13,26.08,0.04589940778436308,0.7004555808656037,0.7485681557846506,0.5206231522858658,0.6565489629787067,0.6565489629787067,0.0
2006-07-14,26.88,0.11583181552512123,0.7252559726962458,0.9136155606407322,0.5466470851531281,0.7285062061633688,0.7285062061633688,0.0
2006-07-18,27.12,0.09549456258349576,0.7375,0.8748571428571429,0.5632129836687971,0.7251900421753134,0.7251900421753134,0.0
2006-07-19,26.89,0.08292898126607406,0.724744608399546,0.8544520547945206,0.579801012555573,0.7196658919165465,0.7196658919165465,0.0
2006-07-20,23.88,-0.051021063031099434,0.5379818594104309,0.2856328392246294,0.573878792269972,0.46583116363501076,0.6591484533737892,0.9408352668213457
2006-07-21,24.29,-0.07110399404437118,0.565118912797282,0.20558086560364464,0.5672268339348181,0.44597553744524826,0.6170337682670974,0.9108796296296297
2006-07-24,25.38,-0.057421053368706954,0.6527149321266968,0.25995449374288965,0.5519323432686616,0.4882005897127493,0.5689726449769736,0.5669745958429562
2006-07-25,23.74,-0.13311007389067298,0.5276836158192091,0.044886363636363634,0.5355338793527119,0.3693679529360949,0.4978082271291299,0.8006912442396313
2006-07-26,23.9,-0.11787601134330838,0.5400677200902935,0.07094211123723042,0.5296917016554956,0.38023384432767315,0.4299218176113553,0.37126436781609196
2006-07-27,22.88,-0.042778122012804065,0.4549041713641488,0.32142857142857145,0.521505416463241,0.4326127197519871,0.4326127197519871,0.0
2006-07-28,22.91,-0.058491246548676656,0.4594594594594595,0.2576443941109853,0.5156079477897666,0.4109039337867371,0.4162638081030483,0.028669724770642203
2006-07-31,23.75,-0.06637893180559118,0.5292463442069741,0.22228506787330315,0.5221646244153468,0.42456534549854136,0.42456534549854136,0.0
2006-08-01,23.88,0.005879899342879469,0.5382022471910113,0.5632768361581921,0.5328857753081262,0.5447882862191099,0.5447882862191099,0.0
2006-08-02,23.59,-0.013055565517881451,0.5173961840628507,0.46557562076749437,0.5375325992839876,0.5068348013714442,0.5068348013714442,0.0
2006-08-03,22.6,-0.012313260233356882,0.4344170403587444,0.471815107102593,0.5402767665674437,0.4821696380095937,0.4821696380095937,0.0
2006-08-04,22.1,-0.03599588794169728,0.3896976483762598,0.3552927927927928,0.5301595479037842,0.42504999635761226,0.4766816134912603,0.38329519450800914
2006-08-07,23.56,-0.008032171697264445,0.5162192393736018,0.4932508436445444,0.5223479764636896,0.5106060198272786,0.5106060198272786,0.0
2006-08-08,23.43,-0.01902403600469693,0.5027932960893855,0.43202247191011234,0.5126723115503765,0.48249602651662477,0.48249602651662477,0.0
2006-08-09,22.77,-0.03537901334393556,0.45145089285714285,0.35858585858585856,0.49991583252571603,0.4366508613229058,0.4673945084068031,0.24315068493150685
2006-08-10,23.28,0.0296447165849969,0.49108138238573024,0.6967488789237668,0.4973201784687659,0.561716813259421,0.561716813259421,0.0
2006-08-11,22.98,0.0390466638969027,0.4643652561247216,0.7295632698768197,0.49094279820254805,0.5616237747346965,0.5616237747346965,0.0
2006-08-14,23.29,-0.011526274887136534,0.4944382647385984,0.47706935123042504,0.4742587002683492,0.48192210541245756,0.5048819162492211,0.17425968109339407
2006-08-16,20.51,-0.133104680435415,0.2477777777777778,0.045251396648044694,0.4412755010575662,0.24476822516112953,0.4573363559781221,0.9647727272727272
2006-08-17,19.9,-0.1347241483452013,0.20199778024417314,0.040736607142857144,0.40786394416239025,0.21686611051647353,0.41337940581683563,0.9421768707482994
2006-08-18,19.23,-0.1911230632625487,0.15354767184035475,0.0039018952062430325,0.3912098158726787,0.18288646097309216,0.33761333535956983,0.8653846153846154
2006-08-21,20.59,-0.10981875138091146,0.2558139534883721,0.08964365256124722,0.38057876156389603,0.24201212253783844,0.27369100492019827,0.24943566591422123
2006-08-22,19.42,-0.18172062103307063,0.16537610619469026,0.010567296996662959,0.3621606109969402,0.17936800472943112,0.21318018478359294,0.26463963963963966
2006-08-23,19.67,-0.04181793968332137,0.1839779005524862,0.3283333333333333,0.3606541423576964,0.29098845874783863,0.29098845874783863,0.0
2006-08-24,19.22,-0.034768328188300224,0.15176600441501104,0.3634850166481687,0.35826017210108774,0.2911703977214225,0.2911703977214225,0.0
2006-08-25,19.22,-0.0005201560585419429,0.15214994487320838,0.5349223946784922,0.3560286620200623,0.34770033385725435,0.34770033385725435,0.0
2006-08-28,20.06,-0.026077738505908776,0.21640969162995594,0.39700996677740863,0.3534365571409853,0.3222854051827833,0.3222854051827833,0.0
2006-08-29,18.2,-0.06488186878042912,0.08635863586358636,0.230641592920354,0.34257327755857686,0.21985783544750573,0.2944004861913609,0.5292134831460674
2006-08-30,18.84,-0.04311236325275081,0.12307692307692308,0.31988950276243094,0.32611046112083064,0.25635896232006156,0.28747458690580546,0.24775784753363228
2006-08-31,17.9,-0.07115069069543756,0.06750823271130625,0.20695364238410596,0.3083977128774573,0.19428652932428983,0.26809781322637893,0.5268456375838926
2006-09-01,17.85,-0.07394789531649826,0.06524122807017543,0.19128996692392503,0.29215518906577637,0.18289546135329227,0.23513683872558655,0.38950892857142855
2006-09-04,18.07,-0.10447467792965215,0.07995618838992333,0.10407488986784141,0.27813120499299415,0.15405409441691964,0.20149057657241382,0.36414253897550114
2006-09-05,18.42,0.01201543674441119,0.10831509846827134,0.61001100110011,0.27085260540675005,0.32972623499171044,0.32972623499171044,0.0
2006-09-06,19.07,0.012134150464110594,0.14754098360655737,0.6104395604395605,0.2664317248079155,0.34147075628467777,0.34147075628467777,0.0
2006-09-07,19.48,0.08458758536768007,0.1784934497816594,0.8644346871569704,0.27225400944530626,0.4383940487946454,0.4383940487946454,0.0
2006-09-08,19.31,0.07861958821477488,0.16739367502726282,0.8470394736842105,0.2679190816303557,0.42745074344727635,0.42745074344727635,0.0
2006-09-11,20.46,0.12421865591934322,0.25272331154684097,0.9315443592552026,0.2676775602503682,0.4839817436841373,0.4839817436841373,0.0
2006-09-12,21.27,0.14386059838498477,0.3226332970620239,0.9469365426695843,0.27512911584443284,0.5148996518586804,0.5148996518586804,0.0
2006-09-13,20.26,0.06053207920820958,0.2407608695652174,0.807103825136612,0.29400000385133296,0.4472882328510542,0.46240288412715874,0.09444444444444444
2006-09-14,18.6,-0.04622671749523333,0.11726384364820847,0.3094978165938865,0.2986006856727096,0.24178744863826818,0.42308156409588327,0.9235033259423503
2006-09-15,16.62,-0.15001630701312108,0.03308026030368764,0.026717557251908396,0.29615939193543456,0.11865240316367687,0.36132189603916337,0.9900442477876106
2006-09-18,17.25,-0.17065961704611166,0.05037919826652221,0.01252723311546841,0.2890956125687439,0.11733401465024484,0.2879923502323849,0.9017660044150111
2006-09-19,17.24,-0.2100653639765988,0.049783549783549784,0.003808487486398259,0.28603682842070877,0.1132096218968856,0.20765434424002596,0.6354625550660793
2006-09-20,17.8,-0.12945004152249773,0.06648648648648649,0.05380434782608696,0.2762363184313775,0.132175717581317,0.1446318411860785,0.07802197802197802
2006-09-21,17.85,-0.04115807249350745,0.06911447084233262,0.33821932681867534,0.2735383878463233,0.2269573951691104,0.2269573951691104,0.0
2006-09-22,18.25,0.09355829060119847,0.0965480043149946,0.8725596529284165,0.28058927078861606,0.4165656426773425,0.4165656426773425,0.0
2006-09-25,18.03,0.044224893737856874,0.0824353448275862,0.7481040086673889,0.28601726316580633,0.3721855388869271,0.3721855388869271,0.0
2006-09-26,18.29,0.05912219716722733,0.10172228202368137,0.8024891774891775,0.30069754393402925,0.401636334482296,0.401636334482296,0.0
2006-09-27,17.25,-0.0313863138206707,0.05161290322580645,0.3810810810810811,0.3004407328957176,0.24437823906753506,0.3323446300566422,0.5975877192982456
2006-09-28,16.85,-0.05765285142727761,0.040279269602577876,0.26511879049676024,0.3012141375208158,0.20220406587338466,0.32739396419749706,0.7778993435448578
2006-09-29,16.71,-0.08815773742119815,0.03594420600858369,0.15803667745415317,0.2996503797325317,0.16454375439842286,0.2769895865417132,0.7368995633187773
2006-10-02,17.24,-0.044804771979678915,0.051982851018220796,0.3173491379310345,0.30428290249981893,0.22453829714969142,0.247460138194266,0.16884531590413943
2006-10-04,18.24,-0.0027374777565887243,0.10010706638115632,0.5258342303552207,0.30197328242901883,0.3093048597217986,0.3093048597217986,0.0
2006-10-09,22.65,0.2723477084516741,0.4577540106951872,0.9951612903225806,0.31934665135331014,0.5907539841236926,0.5907539841236926,0.0
2006-10-10,22.25,0.2779913518138786,0.42414529914529914,0.9951664876476907,0.32875624259966907,0.5826893431308863,0.5826893431308863,0.0
2006-10-11,21.6,0.25668597208281696,0.36125933831376733,0.9908798283261803,0.3371988930478809,0.5631126865626095,0.5631126865626095,0.0
2006-10-12,20.09,0.1529899135912962,0.23667377398720682,0.9533762057877814,0.3373434507722045,0.5091311435157309,0.5109984034109436,0.014130434782608696
2006-10-13,18.96,0.03871451218069044,0.14909478168264112,0.7264453961456103,0.32749270922462065,0.4010109623509574,0.5293396239367752,0.7950108459869848
2006-10-16,18.5,-0.20238911984476404,0.12393617021276596,0.004812834224598931,0.30451481696800903,0.1444212738017913,0.440073081872395,0.9989177489177489
2006-10-17,18.7,-0.17381848475170836,0.13496280552603612,0.014423076923076924,0.2975804225231845,0.14898876832409919,0.35333296691103766,0.9470842332613391
2006-10-18,18.71,-0.1436351744041211,0.13641188959660297,0.03575240128068303,0.30038958435622676,0.15751795841117092,0.2722140212807499,0.7424568965517241
2006-10-19,18.85,-0.06370926493282303,0.14262990455991517,0.23720682302771856,0.3083128417613678,0.22938318978300054,0.22938318978300054,0.0
2006-10-20,17.77,-0.06481985466031581,0.06938559322033898,0.23482428115015974,0.3145782876888816,0.2062627206864601,0.2062627206864601,0.0
2006-10-23,18.06,-0.024071184095439513,0.08835978835978836,0.4101063829787234,0.32403267111453005,0.27416628081768063,0.27416628081768063,0.0
2006-10-24,17.75,-0.05213800793911627,0.06923890063424948,0.2906482465462274,0.32284650485251676,0.22757788401099788,0.22757788401099788,0.0
2006-10-25,17.18,-0.08531222372988889,0.0501583949313622,0.16932059447983014,0.3041057881567113,0.17452825918930123,0.22238366689748806,0.36451612903225805
2006-10-26,17.46,-0.07660036348256405,0.06065400843881857,0.18504772004241782,0.28948484753136783,0.17839552533753475,0.2121861340083949,0.2628755364806867
2006-10-27,17.25,-0.029699498689191195,0.05532139093782929,0.3914194915254237,0.2780480831051277,0.2415963218561269,0.2415963218561269,0.0
2006-10-30,18.07,0.0005535566152978788,0.09421052631578947,0.5455026455026455,0.28322356279291633,0.30764557820378374,0.30764557820378374,0.0
2006-10-31,16.84,-0.052628507107244094,0.03995793901156677,0.2891120507399577,0.283815361034221,0.20429511692858182,0.2212921603030657,0.11670235546038545
2006-11-01,15.96,-0.07366032453444671,0.006827731092436975,0.1958817317845829,0.2840335755195781,0.16224767946553265,0.218836044358312,0.4198717948717949
2006-11-02,16.06,-0.08358084189284032,0.007869884575026232,0.17141350210970463,0.279282360462965,0.15285524904923195,0.21372798910065144,0.453091684434968
2006-11-03,15.73,-0.09224242640718261,0.0005241090146750524,0.1459430979978925,0.2672955082198697,0.1379209050774791,0.19299290574492184,0.4095744680851064
2006-11-06,16.51,-0.09028684667210074,0.029842931937172777,0.1531578947368421,0.23554764636127593,0.13951615767843026,0.15936702163985114,0.13694267515923567
2006-11-07,16.31,-0.031978592181258314,0.018305439330543932,0.3843322818086225,0.21013079471993032,0.20425617195303225,0.20425617195303225,0.0
2006-11-08,16.04,0.005000010416705614,0.008881922675026124,0.5698529411764706,0.19079568715021905,0.25651018366723854,0.25651018366723854,0.0
2006-11-09,14.7,-0.08848421473392509,0.0005219206680584551,0.1589716684155299,0.16503177738293404,0.10817512215550747,0.16927570810633752,0.4608050847457627
2006-11-10,14.43,-0.08626034428440699,0.0005213764337851929,0.16719077568134172,0.14733607674010596,0.10501607628507763,0.16269474234785722,0.4281183932346723
2006-11-13,14.94,-0.09992407822736515,0.0026041666666666665,0.11675392670157068,0.14710130396337776,0.08881979911053837,0.15255547063427885,0.48628691983122363
2006-11-14,14.15,-0.1420637925436754,0.0005202913631633715,0.03608786610878661,0.14428186083894867,0.06029667277029955,0.1237635707977323,0.48526315789473684
2006-11-15,14.46,-0.1036993857077495,0.002598752598752599,0.11128526645768025,0.14282485404342735,0.08556962436662006,0.08957545893760861,0.026260504201680673
2006-11-16,14.41,-0.019925083773259633,0.001557632398753894,0.4420668058455115,0.14441954680984315,0.19601466168470286,0.19601466168470286,0.0
2006-11-17,14.29,-0.00974938084400323,0.0015560165975103733,0.4989572471324296,0.14932713154382918,0.21661346509125637,0.21661346509125637,0.0
2006-11-20,15.46,0.03421386345460453,0.007772020725388601,0.7130208333333333,0.15488529861183442,0.29189271755685214,0.29189271755685214,0.0
2006-11-21,14.72,0.039492489211483406,0.006728778467908903,0.7372528616024974,0.16448766093408265,0.3028231003348296,0.3028231003348296,0.0
2006-11-22,14.23,-0.01603380462885795,0.0015511892450879006,0.46413721413721415,0.17064289628336043,0.2121104332218875,0.24389087557790567,0.25052410901467503
2006-11-23,14.17,-0.016795356308841658,0.0015495867768595042,0.46157840083073726,0.17607855276151943,0.2130688467897054,0.24730171259890624,0.27510460251046026
2006-11-24,14.28,-0.0007000350303378866,0.003611971104231166,0.5440871369294605,0.17860250840078037,0.2421005388114907,0.25239912734295306,0.06993736951983298
2006-11-27,14.98,-0.03154006507020268,0.011855670103092783,0.38808290155440417,0.17260814339675692,0.19084890501808463,0.2321903648351996,0.3302083333333333
2006-11-28,15.46,0.0490489298585457,0.013388259526261586,0.7665631469979296,0.1838801788160736,0.3212771951134216,0.3212771951134216,0.0
2006-11-29,15.2,0.06594301575046968,0.01286008230452675,0.8195449844881075,0.19962256891396396,0.3440092119021994,0.3440092119021994,0.0
2006-11-30,14.68,0.03535896948378037,0.008735868448098663,0.7143595041322314,0.21321786856135394,0.3121044137138947,0.3121044137138947,0.0
2006-12-01,14.44,0.01114217655324179,0.0077002053388090345,0.608359133126935,0.22495767184768334,0.2803390034378091,0.28971574583708193,0.061330561330561334
2006-12-04,15.68,0.04567003683318838,0.017948717948717947,0.7561855670103093,0.23973600830480865,0.33795676442127864,0.33795676442127864,0.0
2006-12-05,15.71,0.016041409108253912,0.018954918032786885,0.6318228630278064,0.24593950980284435,0.2989057636211459,0.31466303141926555,0.10892116182572614
2006-12-06,16.83,0.10186758035048404,0.06397134083930399,0.8966049382716049,0.25548554518432964,0.4053539414317462,0.4053539414317462,0.0
2006-12-07,16.79,0.13429744790307963,0.06390593047034765,0.9378211716341213,0.27654138300985165,0.42608949503810684,0.42608949503810684,0.0
2006-12-08,18.23,0.23306645522589164,0.13125638406537282,0.9861396303901437,0.30028347956836143,0.47255983134129265,0.47255983134129265,0.0
2006-12-11,17.91,0.13297320115035882,0.10918367346938776,0.9348717948717948,0.323400913942685,0.45581879409462256,0.45581879409462256,0.0
2006-12-12,18.26,0.15041542289929266,0.13710499490316005,0.9513319672131147,0.34969663405879314,0.47937786539168936,0.47937786539168936,0.0
2006-12-13,17.33,0.029276095524799928,0.08706720977596741,0.6944728761514841,0.3663880357305686,0.3826427072193401,0.44329773861701033,0.4606625258799172
2006-12-14,16.4,-0.023502136259296424,0.04323499491353001,0.4125766871165644,0.3666927168252143,0.27416813295176956,0.4129134661997428,0.8295454545454546
2006-12-15,15.1,-0.18837384486969277,0.014735772357723578,0.008682328907048007,0.35476533776358515,0.12606114634278556,0.3436137292000414,0.9639175257731959
2006-12-18,14.23,-0.2300068039708596,0.003045685279187817,0.001530612244897959,0.33685992385021923,0.113812073791435,0.2752123851394039,0.8816872427983539
2006-12-19,14.74,-0.2141479884056321,0.013691683569979716,0.003567787971457696,0.31869186963699503,0.11198378039281082,0.20173356813962823,0.6149897330595483
2006-12-20,14.65,-0.16799876826443816,0.010638297872340425,0.01985743380855397,0.3078120528444598,0.11276926150845139,0.14775887899745047,0.2817622950819672
2006-12-21,14.71,-0.1087538002168067,0.013663967611336033,0.09816887080366225,0.29902967411464487,0.1369541708432144,0.1369541708432144,0.0
2006-12-22,14.65,-0.030254408357802465,0.011122345803842264,0.39176829268292684,0.2954094623759718,0.2327667002875803,0.2327667002875803,0.0
2006-12-26,15.71,0.098945040165769,0.025252525252525252,0.8878172588832487,0.3082377426879287,0.4071025089412343,0.4071025089412343,0.0
2006-12-27,15.5,0.05027513716401044,0.023713420787083755,0.7692697768762677,0.30856353746640774,0.3671822450432531,0.3671822450432531,0.0
2006-12-28,15.4,0.049927173956507254,0.021673387096774195,0.7684903748733536,0.30750750484584505,0.365890422271991,0.365890422271991,0.0
2007-01-02,15.68,0.0638584803089155,0.026183282980866064,0.8142712550607287,0.3104414839823767,0.3836320073413238,0.3836320073413238,0.0
2007-01-03,17.25,0.16337180801429252,0.0925553319919517,0.962082912032356,0.32140595662134075,0.45868140021521614,0.45868140021521614,0.0
2007-01-04,17.33,0.09814165145998466,0.09849246231155778,0.8853535353535353,0.3266487494389924,0.4368315823680285,0.4368315823680285,0.0
2007-01-05,17.25,0.10697211955216801,0.0928714859437751,0.9006054490413723,0.33521622828710623,0.4428977210907512,0.4428977210907512,0.0
2007-01-08,18.3,0.17253355042779184,0.15396188565697091,0.9652217741935484,0.3391814128055965,0.486121690885372,0.486121690885372,0.0
2007-01-09,17.68,0.12004804228723565,0.11172344689378758,0.9169184290030211,0.33985428215040503,0.456165386015738,0.456165386015738,0.0
2007-01-10,18.9,0.09134977858822779,0.1941941941941942,0.863682092555332,0.3383662889577552,0.4654141919024271,0.4654141919024271,0.0
2007-01-11,18.69,0.07554951773995722,0.181,0.8326633165829146,0.3376064851637986,0.45042326724890436,0.46020445142863853,0.06441717791411043
2007-01-12,16.54,-0.04203045388182369,0.06243756243756244,0.3318273092369478,0.3202521829027544,0.2381723515257549,0.4192593775156393,0.9193877551020408
2007-01-15,16.68,-0.09269066291677497,0.07035928143712575,0.14493480441323972,0.30609603290082726,0.17379670625039756,0.3567943805886444,0.9256619144602851
2007-01-16,16.66,-0.059423420470800625,0.0682951146560319,0.2620240480961924,0.3029587199188805,0.21109262755703492,0.30777982889690375,0.657520325203252
2007-01-17,16.84,-0.11540491325141611,0.07918326693227092,0.08358358358358359,0.3064424386501576,0.1564030963886707,0.24597760979415248,0.6115618661257607
2007-01-18,16.91,-0.10008345855698275,0.08507462686567165,0.1195,0.31144239688369724,0.17200567458312296,0.19029409126099622,0.1305668016194332
2007-01-19,17.48,0.05527568063184418,0.10685884691848907,0.7837162837162838,0.33327528836103065,0.40795013966526783,0.40795013966526783,0.0
2007-01-22,17.38,0.041109722906645274,0.105759682224429,0.7310379241516967,0.3534328352284114,0.3967434805348457,0.3967434805348457,0.0
2007-01-23,17.53,0.0509030621944464,0.11160714285714286,0.7681954137587238,0.37263207818343314,0.4174782115997666,0.4174782115997666,0.0
2007-01-24,16.73,-0.006553493815447897,0.07383548067393458,0.5034860557768924,0.37699285063253457,0.3181047956944539,0.3424564604154914,0.18686868686868688
2007-01-25,16.62,-0.017298373483186857,0.06732673267326733,0.4532338308457711,0.3671801201171162,0.29591356121205153,0.3672380377412771,0.5191532258064516
2007-01-26,17.23,-0.0144053196875511,0.09347181008902077,0.4676938369781312,0.3613846813522112,0.30751677613978773,0.3471513650361811,0.3209255533199195
2007-01-29,17.9,0.029480593009463263,0.13043478260869565,0.6906653426017875,0.3621580904332201,0.39441940521456775,0.39441940521456775,0.0
2007-01-30,17.73,0.011344421152973627,0.12191510365251727,0.6016865079365079,0.35923676727190584,0.36094612628697703,0.36094612628697703,0.0
2007-01-31,17.99,0.07261253296370906,0.14053254437869822,0.8300297324083251,0.3571348680909737,0.44256571495933233,0.44256571495933233,0.0
2007-02-01,16.92,0.0178895647507753,0.08719211822660099,0.6292079207920792,0.3504487191248134,0.35561625271449787,0.37221285506303253,0.11144578313253012
2007-02-02,16.39,-0.04998065778409977,0.050688976377952756,0.30217606330365976,0.33443342174222507,0.22909948714127917,0.3565293972633308,0.7925851703406813
2007-02-05,17.19,-0.04047289345195093,0.09488692232055064,0.34535573122529645,0.3174598965846082,0.25256751671015176,0.32815901956244764,0.551
2007-02-06,17.29,-0.0251298203909176,0.10461689587426326,0.4052319842053307,0.30449007168917785,0.2714463172562573,0.3102590577563037,0.31636726546906185
2007-02-07,17.39,-0.03392071959624987,0.11236506378802748,0.3703155818540434,0.2901101806614915,0.25759694210118744,0.2732653031846747,0.10258964143426295
2007-02-08,17.25,0.019315789299291453,0.10196078431372549,0.6428571428571429,0.28338904592619035,0.34273565769901954,0.34273565769901954,0.0
2007-02-09,16.05,-0.020962543179713578,0.03770812928501469,0.4296259842519685,0.28521577697275213,0.2508499635032451,0.2750392794539723,0.1878727634194831
2007-02-12,17.11,-0.004664731490656049,0.09148727984344422,0.5137659783677483,0.2949647562817728,0.3000726714976551,0.3000726714976551,0.0
2007-02-13,16.8,-0.028749413285985792,0.07966764418377321,0.39145383104125736,0.298484814093593,0.2565354297728745,0.28155813291479637,0.1974206349206349
2007-02-14,16.57,-0.04830149692772023,0.06591796875,0.3066732090284593,0.3037304222751581,0.2254405333512058,0.27512685116480007,0.3831683168316832
2007-02-15,16.41,-0.04992123837536955,0.054146341463414634,0.3014705882352941,0.30750647984598406,0.22104113651489757,0.25078794692797557,0.23616600790513834
2007-02-16,16.08,0.00186741417479519,0.039473684210526314,0.5519098922624878,0.30002669099194007,0.2971367558216514,0.2971367558216514,0.0
2007-02-20,16.68,-0.025452690973501557,0.0759493670886076,0.40459882583170254,0.2911204556555447,0.2572228828586183,0.2572228828586183,0.0
2007-02-21,16.86,0.0035650661644961446,0.08998054474708171,0.5596285434995112,0.28536561894631285,0.31165823573096857,0.31165823573096857,0.0
2007-02-22,17.33,0.04484527228904289,0.11710398445092322,0.74755859375,0.29254914499006524,0.3857372410636628,0.3857372410636628,0.0
2007-02-23,17.12,0.04235646561159667,0.09757281553398059,0.7360975609756097,0.30037689031482906,0.37801575560813977,0.37801575560813977,0.0
2007-02-26,17.82,0.10274515829184327,0.13918525703200776,0.895224171539961,0.31220798485244944,0.4488724711414727,0.4488724711414727,0.0
2007-02-27,17.9,0.07059031591610854,0.14583333333333334,0.8261927945472249,0.3159811349192013,0.42933575426658654,0.42933575426658654,0.0
2007-02-28,20.38,0.18961007522086915,0.32575024201355274,0.9742217898832685,0.33039039542689624,0.5434541424412391,0.5434541424412391,0.0
2007-03-02,20.06,0.14628867880627494,0.3036750483558994,0.9470359572400389,0.33739411364711913,0.5293683730810191,0.5293683730810191,0.0
2007-03-05,21.62,0.23337144149746614,0.4222222222222222,0.9868932038834951,0.35471199832429506,0.5879424748100041,0.5879424748100041,0.0
2007-03-06,20.33,0.13177620559759173,0.32432432432432434,0.9306498545101843,0.3772647268031174,0.5440796352125421,0.5440796352125421,0.0
2007-03-07,19.43,0.08201755054263948,0.2598842815814851,0.8502906976744186,0.39401303494586887,0.5013960047339242,0.5412481260557458,0.3323471400394477
2007-03-08,17.91,-0.12919481172195812,0.14884393063583815,0.05663117134559535,0.38640369049341483,0.19729293082494945,0.47201588373248776,0.9970472440944882
2007-03-09,18.7,-0.07020425867324853,0.20837343599615016,0.2122823984526112,0.3848530702135821,0.2685029682207812,0.4198428027604402,0.8477406679764243
2007-03-12,19.01,-0.1286536557107243,0.23028846153846153,0.05748792270531401,0.3734270316404048,0.22040113862806013,0.3463345355240514,0.7813725490196078
2007-03-13,19.67,-0.03300299523928718,0.27857829010566765,0.3721042471042471,0.3780107422322281,0.34289775981404763,0.34289775981404763,0.0
2007-03-14,21.07,0.08103196442674898,0.3829174664107486,0.8461909353905497,0.3936071208219807,0.5409051742077596,0.5409051742077596,0.0
2007-03-15,20.14,0.1173486712177958,0.3144774688398849,0.9128131021194605,0.41251134821533864,0.5466006397248947,0.5466006397248947,0.0
2007-03-16,20.29,0.08160462997718243,0.32567049808429116,0.8484119345524542,0.43254862958679574,0.5355436874078471,0.5355436874078471,0.0
2007-03-19,21.04,0.10146023136917126,0.38086124401913873,0.8870192307692307,0.4553552182140373,0.5744118976674689,0.5744118976674689,0.0
2007-03-20,20.43,0.03790977642856275,0.33413001912045887,0.7132564841498559,0.46675529138396976,0.5047139315514282,0.5404350661118797,0.29060665362035226
2007-03-21,20.49,-0.02791326556528917,0.3414517669531996,0.3939539347408829,0.47312672910331416,0.4028441435991322,0.5128228599901542,0.7255859375
2007-03-22,19.67,-0.02361325488944832,0.27719465648854963,0.4089165867689358,0.4740392829785864,0.3867168420786906,0.48084610046091336,0.6403508771929824
2007-03-23,19.28,-0.05105986465532375,0.24928503336510963,0.28879310344827586,0.4658746719438979,0.33465093625242776,0.4406675502298295,0.7071984435797666
2007-03-26,19.87,-0.057214331305783794,0.29428571428571426,0.2645933014354067,0.4590048879241862,0.3392946345484357,0.3936440976060229,0.41262135922330095
2007-03-27,19.85,-0.028800401696331246,0.29257849666983826,0.388623326959847,0.4501746978006291,0.3771255071434381,0.3771255071434381,0.0
2007-03-28,20.48,-0.0004881620795011976,0.3436311787072243,0.5362941738299905,0.4478721784170456,0.4425991769847535,0.4425991769847535,0.0
2007-03-29,19.91,0.012127485675136995,0.29914529914529914,0.6054389312977099,0.4379874833807002,0.4475239046079031,0.4475239046079031,0.0
2007-03-30,19.64,0.018500013743920185,0.27514231499051234,0.6334604385128694,0.4294347770783863,0.4460125101939227,0.4460125101939227,0.0
2007-04-02,19.71,-0.008084935399096604,0.28199052132701424,0.4976190476190476,0.41369713064939495,0.3977688998651523,0.4222059997590339,0.187015503875969
2007-04-03,19.37,-0.024478529714294872,0.2556818181818182,0.4077069457659372,0.39890749527722613,0.3540987530749938,0.41760064894534504,0.4941972920696325
2007-04-04,18.97,-0.07659001622438444,0.22469252601702933,0.18393536121673004,0.3813688179766725,0.26333223507014397,0.38174726056242314,0.7615830115830116
2007-04-05,18.91,-0.05153123540573867,0.21786389413988658,0.2882241215574549,0.38888414081957023,0.2983240521723039,0.3519072900753033,0.407514450867052
2007-04-06,18.63,-0.0527951183128228,0.20160528800755428,0.2813092979127135,0.39044060960635785,0.2911183985088752,0.32092846773829387,0.23365384615384616
2007-04-09,18.61,-0.05742705051046926,0.2,0.262085308056872,0.39479833270168524,0.2856278802528524,0.2985002638158339,0.08349328214971209
2007-04-10,18.39,-0.05191843880267477,0.18331762488218661,0.2883522727272727,0.3903230167116739,0.2873309714403777,0.2873309714403777,0.0
2007-04-11,18.49,-0.025628738547889274,0.19350282485875706,0.4035004730368969,0.37452038911403285,0.3238412290032289,0.3238412290032289,0.0
2007-04-12,18.54,-0.01976032253265725,0.19708372530573848,0.43903591682419657,0.35974111589329755,0.3319535860077442,0.3319535860077442,0.0
2007-04-13,18.0,-0.034401426717332484,0.15272556390977443,0.36496694995278567,0.34333136792394287,0.287007960595501,0.30315232545994086,0.11015325670498084
2007-04-16,17.94,-0.03666621402350945,0.1488262910798122,0.355188679245283,0.32423473031236105,0.27608323354581876,0.3012433961185341,0.19789674952198852
2007-04-17,18.67,0.015110918937401685,0.20684803001876173,0.620640904806786,0.3187372911012419,0.38207540864226325,0.38207540864226325,0.0
2007-04-18,18.31,-0.009782686712614286,0.17853795688847235,0.4929378531073446,0.3171390438087852,0.32953828460153406,0.32953828460153406,0.0
2007-04-19,19.11,0.03028119811447283,0.24204119850187267,0.6966133584195673,0.3234526266503841,0.42070239452394137,0.42070239452394137,0.0
2007-04-20,17.67,-0.018503471564559337,0.1295603367633302,0.4468984962406015,0.32441214405514773,0.3002903256863598,0.3417379293999835,0.3425572519083969
2007-04-23,17.87,-0.003909527459313278,0.14018691588785046,0.5178403755868545,0.32689085094898734,0.3283060474745641,0.3521824921857325,0.1819047619047619
2007-04-24,17.5,-0.06471707662416293,0.12138188608776844,0.22936210131332083,0.3186294050432725,0.22312446414812057,0.32039230328690393,0.6682509505703422
2007-04-25,18.13,-0.009879333919659672,0.16557835820895522,0.49250234301780693,0.31308328876051117,0.3237213299957578,0.3237213299957578,0.0
2007-04-26,18.0,-0.05984000035601733,0.15563839701770738,0.24859550561797752,0.30057453056532807,0.23493614440033764,0.282075662341028,0.372865275142315
2007-04-27,18.78,0.0609241874485118,0.21927374301675978,0.8058933582787652,0.3034886392601316,0.4428852468518856,0.4428852468518856,0.0
2007-04-30,18.99,0.060789195652857675,0.2372093023255814,0.8042056074766355,0.31003377278153554,0.4504828941945842,0.4504828941945842,0.0
2007-05-02,18.65,0.06364526516035607,0.21050185873605948,0.8099906629318394,0.3189613667245391,0.446484629464146,0.446484629464146,0.0
2007-05-03,17.9,-0.012767311920050428,0.14298978644382543,0.4780783582089552,0.3242723731600146,0.3151135059375984,0.3779804841697104,0.4895833333333333
2007-05-04,17.34,-0.03735578654376859,0.11456400742115028,0.3508853681267474,0.3232564071562785,0.2629019275680587,0.38357364080325457,0.7703213610586012
2007-05-07,16.63,-0.12158418057528086,0.0690454124189064,0.06750465549348231,0.3145972942060815,0.15038245403949008,0.32507308224077547,0.910377358490566
2007-05-08,17.62,-0.07487790431616093,0.1287037037037037,0.18744186046511627,0.31094880060888025,0.2090314549259001,0.2767827943870387,0.5150659133709982
2007-05-09,17.68,-0.053412088880327335,0.1332099907493062,0.2736988847583643,0.30932977505633547,0.23874621685466865,0.23874621685466865,0.0
2007-05-10,17.31,-0.03351634365859102,0.11090573012939002,0.36908077994428967,0.30640435536078614,0.2621302884781553,0.2621302884781553,0.0
2007-05-11,17.43,0.005176888179533545,0.11957525392428439,0.5709647495361782,0.3077648643940493,0.3327682892848373,0.3327682892848373,0.0
2007-05-14,18.36,0.09896609198750816,0.1918819188191882,0.8873957367933272,0.3218044929377982,0.46702738285010453,0.46702738285010453,0.0
2007-05-15,19.04,0.07750740885518592,0.24976958525345622,0.8384259259259259,0.3364090064591554,0.4748681725461792,0.4748681725461792,0.0
2007-05-16,18.26,0.032278817957325234,0.18232044198895028,0.6998149861239593,0.3377751687913394,0.40663686563474966,0.40663686563474966,0.0
2007-05-17,17.12,-0.011036998474521997,0.09383624655013799,0.48844731977818856,0.3355453626996522,0.3059429763426596,0.39744873733170605,0.6268796992481203
2007-05-18,17.12,-0.017945488818333466,0.09420955882352941,0.44829178208679593,0.3256415322993743,0.2893809577365665,0.38877127102205195,0.6801125703564728
2007-05-21,17.11,-0.07051129728824224,0.09274563820018365,0.2061808118081181,0.3187032227244836,0.20587655757759513,0.33654110596755005,0.8155430711610487
2007-05-22,16.93,-0.11745483321817529,0.09036697247706423,0.07788018433179723,0.3064587193578375,0.1582352920555663,0.27321452986942746,0.7542056074766356
2007-05-23,17.69,-0.03171336699512839,0.1388634280476627,0.3779926335174954,0.3106115212119392,0.27582252759236575,0.27582252759236575,0.0
2007-05-25,17.96,0.04789969216045753,0.16071428571428573,0.7566697332106715,0.3170941041543941,0.41149270769311713,0.41149270769311713,0.0
2007-05-28,17.36,0.013921338518608106,0.11939615736505033,0.6162683823529411,0.32537987008145175,0.3536814699331477,0.3536814699331477,0.0
2007-05-29,18.36,0.07051129728824224,0.19789762340036562,0.8250688705234159,0.3253248548971581,0.44943044960697986,0.44943044960697986,0.0
2007-05-30,18.62,0.0951490757038771,0.22100456621004566,0.8747706422018349,0.3266838623623997,0.4741530235914268,0.4741530235914268,0.0
2007-05-31,18.59,0.04962429356165865,0.21624087591240876,0.7612282309807517,0.32560827699303124,0.43435912796206394,0.43435912796206394,0.0
2007-06-01,20.14,0.11456082441636273,0.3432087511394713,0.9134615384615384,0.341498330616737,0.5327228734059156,0.5327228734059156,0.0
2007-06-04,21.63,0.2199125307327634,0.45673952641165755,0.9830741079597438,0.3658574370873246,0.6018903571529087,0.6018903571529087,0.0
2007-06-05,21.26,0.14665298772145752,0.42766151046405826,0.9483546617915904,0.3968440896959061,0.5909534206505183,0.5909534206505183,0.0
2007-06-07,21.07,0.12361395596717628,0.4131818181818182,0.9246575342465754,0.4223864344023954,0.5867419289435963,0.5867419289435963,0.0
2007-06-08,21.16,0.129488805256746,0.4227974568574024,0.9311131386861314,0.446061477403292,0.5999906909822753,0.5999906909822753,0.0
2007-06-11,20.69,0.026942604467035558,0.38430127041742285,0.6759343664539653,0.4605677055732347,0.5069344474815409,0.5773021690421679,0.519589552238806
2007-06-12,19.98,-0.07934946674456,0.3295557570262919,0.17349726775956284,0.4558805311063695,0.31964451863074145,0.5208530013377344,0.9487895716945997
2007-06-13,19.7,-0.07620873716985921,0.3061594202898551,0.18152866242038215,0.44109079178381255,0.30959295816468324,0.46458090884056746,0.8671003717472119
2007-06-14,20.12,-0.04613588258455881,0.3402714932126697,0.30863636363636365,0.4301086004255539,0.35967215242486245,0.41916695353682065,0.4517625231910946
2007-06-15,19.25,-0.09460154625630546,0.2716998191681736,0.13306085376930063,0.41817423154616795,0.27431163482788073,0.35403114230594174,0.5712962962962963
2007-06-18,18.96,-0.08731899493057593,0.24525745257452575,0.15562613430127042,0.41363923205985476,0.27150760631188364,0.30694577407201035,0.28373382624768945
2007-06-19,20.03,0.0024993764573193467,0.3325812274368231,0.5534904805077062,0.42222849123570977,0.436100066393413,0.436100066393413,0.0
2007-06-20,21.39,0.08230488735037156,0.44274120829576197,0.8519021739130435,0.44712141454072246,0.580588265583176,0.580588265583176,0.0
2007-06-21,20.81,0.033719295174004404,0.39369369369369367,0.7,0.47025757796284323,0.521317090552179,0.521317090552179,0.0
2007-06-22,21.84,0.1262320901429108,0.481998199819982,0.9290235081374322,0.49261171912264967,0.6345444756933546,0.6345444756933546,0.0
2007-06-25,21.9,0.14415513999557916,0.48426258992805754,0.9444444444444444,0.5053947945088383,0.6447006096271134,0.6447006096271134,0.0
2007-06-26,20.72,0.03386826771355533,0.3890386343216532,0.6990072202166066,0.5142043273793451,0.534083393972535,0.5830467670856716,0.37546125461254615
2007-06-27,20.79,-0.028451421224392703,0.39138240574506283,0.390892696122633,0.5081870425779428,0.43015404814854624,0.5529599235987457,0.7707182320441989
2007-06-28,20.34,-0.02284424978512911,0.35829596412556053,0.41396396396396395,0.5000991605698839,0.42411969621980283,0.5335204447322704,0.7233455882352942
2007-06-29,19.95,-0.09051400754083172,0.3279569892473118,0.14446444644464446,0.48747296878985374,0.3199648014939367,0.4706045098923868,0.8504587155963302
2007-07-02,19.57,-0.11248885541447029,0.29677708146821846,0.0822841726618705,0.4655327429030808,0.28153133234438993,0.3979706544358422,0.7554945054945055
2007-07-03,19.71,-0.049973296226653474,0.3067978533094812,0.29604672057502246,0.44460851639090837,0.349151030091804,0.3609841816596959,0.07038391224862889
2007-07-04,20.04,-0.036741825653257454,0.3333333333333333,0.3523339317773788,0.42734979371228493,0.37100568627433234,0.37100568627433234,0.0
2007-07-05,21.05,0.0343111695079763,0.41696428571428573,0.7026905829596413,0.42189518161842327,0.5138500167641168,0.5138500167641168,0.0
2007-07-06,20.51,0.027683428748416894,0.37778768956289027,0.6796594982078853,0.4144835964241043,0.4906435947316266,0.4906435947316266,0.0
2007-07-09,21.42,0.09032728361161801,0.44875222816399285,0.8634735899731424,0.420783350955748,0.577669723030961,0.577669723030961,0.0
2007-07-10,22.47,0.13105496503260916,0.5347284060552092,0.9315742397137746,0.44486459148032625,0.63705574574977,0.63705574574977,0.0
2007-07-11,23.39,0.15457830437942377,0.6023131672597865,0.9566577301161752,0.4716466618469693,0.676872519740977,0.676872519740977,0.0
2007-07-12,23.37,0.10455258842237614,0.6,0.8915178571428571,0.4927119118543149,0.6614099229990573,0.6614099229990573,0.0
2007-07-13,27.8,0.3041234486123021,0.8157193605683837,0.9977698483496877,0.5279301252538299,0.7804731113906338,0.7804731113906338,0.0
2007-07-16,25.37,0.16924230859158795,0.725377107364685,0.963903743315508,0.5601400568489397,0.7498069691763777,0.7498069691763777,0.0
2007-07-18,25.09,0.1102882741810931,0.7043439716312057,0.9016028495102404,0.5781369346788627,0.7280279186067696,0.7280279186067696,0.0
2007-07-19,23.86,0.019894836073682143,0.6319751992914083,0.6410142348754448,0.5775955859778139,0.6168616733815556,0.7073159191108788,0.6177007299270073
2007-07-20,22.76,-0.02644853929263613,0.5557522123893806,0.396,0.5740470489452061,0.5085997537781956,0.6767538852667064,0.8970856102003643
2007-07-23,23.34,-0.1748673938381815,0.5954907161803713,0.014653641207815276,0.5540251151809754,0.3880564908563873,0.5982705611598572,0.9609090909090909
2007-07-24,23.42,-0.0799770154416195,0.6020318021201413,0.1725820763087844,0.5376727862823859,0.43742888823710385,0.5357949449720024,0.6651542649727767
2007-07-25,24.12,-0.03942798851934626,0.649602824360106,0.3399822695035461,0.5352112672655208,0.5082654537097243,0.5082654537097243,0.0
2007-07-26,25.1,0.050664429467968564,0.7072310405643739,0.7612931798051373,0.5523674952280662,0.6736305718658592,0.6736305718658592,0.0
2007-07-27,26.78,0.16265073100489635,0.7819383259911894,0.9606194690265487,0.5766249419012714,0.7730609123063364,0.7730609123063364,0.0
2007-07-30,28.73,0.20777324613278836,0.84375,0.9792219274977896,0.6103887041964173,0.8111202105647356,0.8111202105647356,0.0
2007-07-31,27.71,0.1682030007053159,0.8122251539138082,0.9624558303886925,0.6452791974507276,0.8066533939177428,0.8066533939177428,0.0
2007-08-01,31.97,0.28175659121276553,0.8756590509666081,0.9951456310679612,0.6769782001544793,0.8492609607296829,0.8492609607296829,0.0
2007-08-02,32.55,0.2599095225168395,0.8819139596136962,0.9907407407407407,0.7066528860355724,0.8597691954633365,0.8597691954633365,0.0
2007-08-03,29.53,0.09775135549280467,0.8548245614035088,0.871806167400881,0.7218272825388339,0.8161526704477412,0.8285912862246478,0.07518115942028986
2007-08-06,30.16,0.048574670148556987,0.8610867659947414,0.7460387323943662,0.7355692403042923,0.7808982462311334,0.8225468933579274,0.3336347197106691
2007-08-07,29.34,0.05715841383994835,0.8498248686514887,0.7796833773087071,0.7435013009998688,0.7910031823200215,0.819416851038383,0.2157039711191336
2007-08-08,28.75,-0.10616019582839087,0.8403324584426947,0.09797891036906854,0.7303015190759383,0.5562042959625672,0.76080551808496,0.9504504504504504
2007-08-09,30.4,-0.06833476024240204,0.8640734265734266,0.21202809482001755,0.7182297846763753,0.5981104353566065,0.7084737660636139,0.7239208633093526
2007-08-10,37.35,0.23492621582299522,0.9672489082969432,0.9855263157894737,0.7297612188499644,0.8941788143121271,0.8941788143121271,0.0
2007-08-13,36.2,0.1825425756919703,0.9489528795811518,0.9680105170902716,0.732348073543798,0.8831038234050738,0.8831038234050738,0.0
2007-08-14,36.72,0.2243697930374542,0.9577157802964255,0.9802977232924693,0.7385663898665157,0.8921932978184701,0.8921932978184701,0.0
2007-08-16,41.37,0.36391821322996076,0.997822299651568,0.9986876640419947,0.7483304684303185,0.9149468107079605,0.9149468107079605,0.0
2007-08-17,46.69,0.4290874005706695,0.9995648389904265,0.9995629370629371,0.7664839269774812,0.9218705676769483,0.9218705676769483,0.0
2007-08-20,41.77,0.11184546693025732,0.9969565217391304,0.8956331877729258,0.7900048644055482,0.8941981913058682,0.9012625381828642,0.03859964093357271
2007-08-21,38.5,0.061599122462013156,0.9769765421372719,0.7910122164048866,0.8189509744343976,0.8623132443255187,0.8971044223669532,0.2768817204301075
2007-08-22,34.42,-0.06468377496889621,0.9058159722222222,0.2262423714036617,0.8278870860643215,0.6533151432300685,0.8493287914492728,0.9382826475849732
2007-08-23,32.94,-0.22786825572382607,0.8816131830008673,0.0021777003484320556,0.8252422308014626,0.5696777047169207,0.780274970251065,0.9633928571428572
2007-08-24,33.31,-0.33767235677725704,0.8912478336221837,0.0004351610095735422,0.8108212001580188,0.5675013982632587,0.7094011363683269,0.8351158645276292
2007-08-27,32.53,-0.25001563802382387,0.874025974025974,0.002173913043478261,0.7891622524593116,0.5551207131762547,0.6415856407424043,0.5862989323843416
2007-08-28,34.35,-0.11405622262538051,0.9052768166089965,0.08210251954821894,0.7682724376757972,0.5852172579443375,0.586166443466168,0.004440497335701598
2007-08-29,35.67,0.03567220858740683,0.9304235090751944,0.6974826388888888,0.7646030667673369,0.7975030715771401,0.7975030715771401,0.0
2007-08-30,33.08,0.004241145405996516,0.8829879101899827,0.5529054640069384,0.7537302840713956,0.7298745527561056,0.7298745527561056,0.0
2007-08-31,32.33,-0.02986206046824691,0.866695427092321,0.3799826689774697,0.7380808689642795,0.6615863216780233,0.6658603834263722,0.025709219858156027
2007-09-03,32.64,0.003375789610646329,0.8737068965517242,0.5484848484848485,0.7304698943700841,0.7175538798022189,0.7175538798022189,0.0
2007-09-04,33.01,-0.03979147280325668,0.8815676141257537,0.3360726643598616,0.7207327638724967,0.646124347452704,0.7105284346532383,0.4929203539823009
2007-09-05,32.7,-0.0869349214675923,0.8730636833046471,0.15687121866897147,0.7057434302728323,0.5785594440821503,0.6667397091542403,0.5998233215547704
2007-09-06,32.65,-0.013084014433050406,0.8723129836629406,0.4676165803108808,0.7157838851518837,0.6852378163752352,0.6852378163752352,0.0
2007-09-07,31.84,-0.015272230761159467,0.8569587628865979,0.4585849870578085,0.7217699408656578,0.6791045636033548,0.6791045636033548,0.0
2007-09-10,36.44,0.11012854229585134,0.9497854077253219,0.8943965517241379,0.7190551092497339,0.8544123562330647,0.8544123562330647,0.0
2007-09-11,33.75,0.022169871453437295,0.8923670668953688,0.6447028423772609,0.7095577720647641,0.7488758937791312,0.7488758937791312,0.0
2007-09-12,33.65,0.028637978187528557,0.890745501285347,0.6751290877796902,0.7002542992016676,0.7553762960889016,0.7553762960889016,0.0
2007-09-13,34.93,0.06750120309630026,0.915667808219178,0.8052450558899398,0.6933643717120566,0.8047590786070581,0.8047590786070581,0.0
2007-09-14,32.01,0.00532499300558964,0.8584260051325919,0.5597079037800687,0.678839525033539,0.6989911446487332,0.7724829538713778,0.5282186948853616
2007-09-17,31.91,-0.13274763210160545,0.8538461538461538,0.051072961373390555,0.6541477601762262,0.5196889584652569,0.7055382743178162,0.9286971830985915
2007-09-18,34.32,0.016747857301222524,0.9013663535439795,0.6179245283018868,0.6479303132588188,0.7224070650348949,0.7224070650348949,0.0
2007-09-19,28.43,-0.16856813042782814,0.8118600682593856,0.019280205655526992,0.6404073615160446,0.4905158784769858,0.6472724250465858,0.867311072056239
2007-09-20,26.32,-0.28301695236162416,0.7463768115942029,0.0012842465753424657,0.6370041158865507,0.46155505801869867,0.578631620928914,0.7517543859649123
2007-09-21,25.76,-0.21722545274561877,0.7218909710391823,0.005560307955517536,0.6328983229956242,0.453449867330108,0.5295233654651889,0.5472854640980735
2007-09-27,26.23,-0.19601564641136981,0.7451063829787234,0.010683760683760684,0.6298880794104501,0.46189274102431144,0.5179641219769997,0.4187062937062937
2007-09-28,25.78,-0.2861292771087198,0.7232142857142857,0.0012809564474807857,0.6233159770605639,0.4492704064074435,0.4633367902515094,0.09162303664921466
2007-10-01,27.2,-0.044227952360957,0.7757009345794392,0.314419795221843,0.6098713416064939,0.5666640238025921,0.5666640238025921,0.0
2007-10-02,28.35,0.07429792371664501,0.8094227504244482,0.819693094629156,0.6147019033779109,0.7479392494771716,0.7479392494771716,0.0
2007-10-04,30.26,0.16100380712405693,0.8418150975402884,0.9535775127768313,0.6284197662340942,0.8079374588504047,0.8079374588504047,0.0
2007-10-05,30.2,0.1409381305020414,0.8411016949152542,0.9331914893617022,0.6372223022151037,0.8038384954973533,0.8038384954973533,0.0
2007-10-08,30.31,0.16187869355867024,0.8420829805249789,0.953656462585034,0.6516747813307137,0.8158047414802422,0.8158047414802422,0.0
2007-10-09,30.67,0.12006800482420887,0.8464467005076142,0.9069668649107901,0.6697617479168333,0.8077251044450792,0.8077251044450792,0.0
2007-10-10,30.39,0.06948657675494063,0.8436179205409975,0.8077249575551783,0.6775470807698921,0.776296652955356,0.802320490645687,0.19773519163763068
2007-10-11,26.31,-0.13987761330800863,0.7419763513513513,0.04368108566581849,0.6642999229467113,0.48331911998796034,0.7373968228731982,0.9939130434782608
2007-10-12,27.0,-0.11200505837649466,0.7611814345991561,0.09110169491525423,0.639502452198335,0.4972618605709151,0.6760814958879106,0.9105902777777778
2007-10-15,27.26,-0.10605726480132516,0.774451939291737,0.10541913632514818,0.6230724813569414,0.5009811856579421,0.6131167847234507,0.7305025996533796
2007-10-16,28.34,-0.07901074386362605,0.8058129738837405,0.17978003384094754,0.6085654418234328,0.5313861498493736,0.5578489938043094,0.20328719723183392
2007-10-17,29.36,-0.03448040318238732,0.8278619528619529,0.3605240912933221,0.5952522713245866,0.5945461051599539,0.5945461051599539,0.0
2007-10-18,28.69,0.08659953494107242,0.8162321278385197,0.8492398648648649,0.6014357234193547,0.7556359053742464,0.7556359053742464,0.0
2007-10-19,29.64,0.09328793442355687,0.8331932773109244,0.8544303797468354,0.6210033369653101,0.7695423313410233,0.7695423313410233,0.0
2007-10-22,33.81,0.21533619045140817,0.8929471032745592,0.9768128161888702,0.6297650629057492,0.8331749941230595,0.8331749941230595,0.0
2007-10-23,31.04,0.09100246105248377,0.850251677852349,0.850463352990733,0.6515044318289533,0.7840731542240119,0.7840731542240119,0.0
2007-10-24,34.08,0.1490774982148002,0.8973176865046102,0.9414983164983165,0.6787833054497879,0.8391997694842382,0.8391997694842382,0.0
2007-10-25,32.58,0.1271499731806256,0.8672529313232831,0.9179983179142136,0.7052283047058578,0.8301598513144515,0.8301598513144515,0.0
2007-10-26,32.65,0.09672005529455419,0.8694560669456067,0.8609243697478992,0.7295930620316333,0.8199911662417131,0.8213197870774949,0.012953367875647668
2007-10-29,33.3,-0.015199219733396774,0.8867056856187291,0.45717884130982367,0.7450777941508031,0.6963207736931186,0.7939489429915066,0.6577586206896552
2007-10-30,33.95,0.08961215868968742,0.8930659983291562,0.8468959731543624,0.7613238251928589,0.8337619322254591,0.8337619322254591,0.0
2007-10-31,34.05,-0.0008806693655936115,0.8969115191986644,0.5259849119865885,0.7561683398461503,0.7263549236771345,0.7813177294303755,0.41049913941480204
2007-11-01,32.32,-0.008012369521004814,0.8569641367806505,0.4945561139028476,0.7450715308553095,0.6988639271796027,0.7550585446034056,0.4218213058419244
2007-11-02,34.77,0.06291009029733008,0.9154166666666667,0.7887029288702929,0.7433171911368097,0.8158122622245898,0.8158122622245898,0.0
2007-11-05,34.46,0.03424183411338566,0.906744379683597,0.6877090301003345,0.7382850403036577,0.7775794833625297,0.7775794833625297,0.0
2007-11-06,35.57,0.046613731955658544,0.9284525790349417,0.7322472848788638,0.7359671977660428,0.7988890205599494,0.7988890205599494,0.0
2007-11-07,36.81,0.07793951479540873,0.958021612635079,0.8209515859766278,0.739157955778931,0.8393770514635458,0.8393770514635458,0.0
2007-11-08,38.97,0.18710588569772346,0.9829734219269103,0.9670558798999166,0.7682672523991724,0.9060988514086664,0.9060988514086664,0.0
2007-11-09,34.54,-0.006636873301237856,0.9091286307053942,0.49375,0.782032139928947,0.7283035902114471,0.8100495994012278,0.5720411663807891
2007-11-12,38.31,0.1059117276127739,0.9742951907131011,0.8830141548709409,0.8064680966781259,0.8879258140873892,0.8879258140873892,0.0
2007-11-13,36.02,0.012571753787446127,0.9391052195526097,0.5935940099833611,0.8201457522234079,0.7842816605864597,0.8291973935515017,0.348458904109589
2007-11-14,33.63,-0.09035102163875175,0.8820364238410596,0.1483790523690773,0.8161964880247796,0.6155373214116389,0.7844294475411202,0.8914529914529915
2007-11-15,34.35,-0.12619010068225966,0.8999172870140613,0.061877076411960136,0.7986045472928455,0.586799636906289,0.7205696046406448,0.8114334470989761
2007-11-16,34.78,0.006924436207604412,0.9119834710743802,0.5639004149377593,0.7933110530167049,0.7563983130096149,0.7563983130096149,0.0
2007-11-19,35.09,-0.08779476911743389,0.9178364987613542,0.15796019900497513,0.7734619724742775,0.616419556746869,0.6718872977321743,0.41652470187393525
2007-11-20,35.28,-0.020758108609219672,0.9203795379537953,0.4221209610604805,0.7645066091785573,0.7023357027309444,0.7023357027309444,0.0
2007-11-21,38.85,0.14428955106147834,0.982275350370981,0.9341887417218543,0.766447811405805,0.89430396783288,0.89430396783288,0.0
2007-11-22,37.33,0.08319527425813433,0.9616968698517299,0.835814722911497,0.7667543199939483,0.8547553042523918,0.8547553042523918,0.0
2007-11-23,37.76,0.08220783235116302,0.9683127572016461,0.8326446280991735,0.7685187437091312,0.856492043003317,0.856492043003317,0.0
2007-11-26,36.02,0.02615815015268641,0.9366776315789473,0.6535920726672172,0.7746783731420714,0.7883160257960787,0.8192406087231223,0.2423469387755102
2007-11-27,35.81,0.014910952871750816,0.9276910435497124,0.6010726072607261,0.7693984151252444,0.7660540219785611,0.8319842725726458,0.4966044142614601
2007-11-28,36.7,-0.05693132175313176,0.9511494252873564,0.25927452596867273,0.7640866031270137,0.6581701847943476,0.7847575159649393,0.7872881355932203
2007-11-29,34.73,-0.07219342617050994,0.9044298605414274,0.2014003294892916,0.7579443516106943,0.6212581805471378,0.7380580912238884,0.7504230118443317
2007-11-30,32.76,-0.1420420822924311,0.8545081967213115,0.040740740740740744,0.7377225851588217,0.5443238408736247,0.6756244507979499,0.808277027027027
2007-12-03,32.9,-0.0906016819764841,0.857084357084357,0.14679276315789475,0.7229581779202796,0.5756117660541772,0.6330835988495697,0.4274873524451939
2007-12-04,31.51,-0.12792222824115784,0.8310147299509002,0.05957271980279376,0.7037053675662769,0.531430939106657,0.5861589822751889,0.4015151515151515
2007-12-05,30.88,-0.17266802990394936,0.8262469337694195,0.020935960591133004,0.680410609959998,0.5091978347735169,0.5563645122710227,0.35714285714285715
2007-12-06,30.26,-0.13777715839577276,0.8178104575163399,0.04881050041017227,0.6533254013624902,0.5066487864296675,0.5334426334475286,0.200503355704698
2007-12-07,31.32,-0.04495138786226649,0.8306122448979592,0.3110655737704918,0.6467953810615665,0.5961577332433391,0.5961577332433391,0.0
2007-12-10,31.83,-0.03306341647732447,0.8331973898858075,0.3665028665028665,0.6303551538316824,0.6100184700734522,0.6100184700734522,0.0
2007-12-11,31.51,0.0,0.830480847595762,0.5298690671031097,0.6260464209607549,0.6621321118865421,0.6621321118865421,0.0
2007-12-12,30.08,-0.026248226074936376,0.8118892508143323,0.3953393295175797,0.6304667485637994,0.6125651096319038,0.6125651096319038,0.0
2007-12-13,30.75,0.01606328589231687,0.8230268510984541,0.6123366013071896,0.6423059757882899,0.6925564760646447,0.6925564760646447,0.0
2007-12-14,30.07,-0.04072887412216453,0.8101626016260163,0.3326530612244898,0.633979270209249,0.592264977686585,0.6339074290686255,0.3274706867671692
2007-12-17,31.59,-0.0075686264800078895,0.8314378554021121,0.4946982055464927,0.6402377542888059,0.6554579384124702,0.6554579384124702,0.0
2007-12-18,30.43,-0.03487599186030366,0.820211038961039,0.35574572127139364,0.6360741608192597,0.6040103070172308,0.6313709617625669,0.2048494983277592
2007-12-20,28.59,-0.05080349274741858,0.7830494728304948,0.28705211726384366,0.6149150982692974,0.5616722294545453,0.6211923857270952,0.4515859766277129
2007-12-21,26.84,-0.1359966821490457,0.7240680713128039,0.0500406834825061,0.5893300273200994,0.4544795940384698,0.5735770093218602,0.7608333333333334
2007-12-24,25.76,-0.15470509576428482,0.6866396761133603,0.03211382113821138,0.5622749301188683,0.42700947579014664,0.5405259089425726,0.7362728785357737
2007-12-26,25.47,-0.21533932582262816,0.6743527508090615,0.007717303005686434,0.5395699388580828,0.4072133308909436,0.49087698743826724,0.5755813953488372
2007-12-27,25.13,-0.19136661235337904,0.652789005658852,0.012581168831168832,0.5179851019500724,0.3944517588133644,0.4489652777974939,0.4021558872305141
2007-12-28,25.13,-0.12899465477871974,0.6526655896607432,0.06285482562854826,0.505612513550904,0.40704430961339844,0.41803969382926454,0.06870860927152318
2008-01-02,27.01,0.006313855701043369,0.7336561743341404,0.5660453808752026,0.5104592976803696,0.6033869509632376,0.6033869509632376,0.0
2008-01-03,26.11,0.013495481474884663,0.7060483870967742,0.6020242914979758,0.5207798912086871,0.6096175232678123,0.6096175232678123,0.0
2008-01-04,24.97,-0.01982618469968367,0.6377921031426269,0.4324433656957929,0.5224388499235912,0.5308914395873371,0.5308914395873371,0.0
2008-01-07,27.66,0.0959249746811115,0.7556360708534622,0.8621665319320938,0.5406192287493877,0.7194739438449812,0.7194739438449812,0.0
2008-01-08,26.65,0.058726799056352696,0.7188254223652454,0.7790791599353797,0.5568872709478896,0.6849306177495049,0.6849306177495049,0.0
2008-01-09,25.95,-0.04003555819262683,0.6965434083601286,0.3361581920903955,0.5610392870109899,0.5312469624871713,0.6152320973873614,0.5809917355371901
2008-01-10,26.02,-0.0034529096266782133,0.6983935742971887,0.5133064516129032,0.5627898421920309,0.5914966227007076,0.6116079172739404,0.1377887788778878
2008-01-11,26.5,0.05946962870049477,0.7154895666131621,0.782030620467365,0.5702353404593272,0.6892518425132849,0.6892518425132849,0.0
2008-01-14,27.06,-0.021930703493970416,0.7365677626303128,0.4174718196457327,0.5650775821487566,0.5730390548082673,0.6139930200517871,0.3237232289950577
2008-01-15,26.3,-0.013220211428134565,0.7103365384615384,0.4654062751407884,0.5642904379805169,0.5800110838609479,0.5930091132740758,0.08470394736842106
2008-01-16,28.34,0.08810262465063667,0.77822257806245,0.8484726688102894,0.5690737328421943,0.7319229932383112,0.7319229932383112,0.0
2008-01-17,27.58,0.058225399280796175,0.7524,0.7763052208835342,0.5787209717930201,0.7024753975588514,0.7024753975588514,0.0
2008-01-18,27.4,0.033398280401848,0.746203037569944,0.6857945425361156,0.5813675097719564,0.6711216966260053,0.6711216966260053,0.0
2008-01-21,29.43,0.08395793950273944,0.8039137380191693,0.8416198877305533,0.5931069314098887,0.7462135190532037,0.7462135190532037,0.0
2008-01-22,44.6,0.5281649198422995,0.9988028731045491,0.9995993589743589,0.6163144474595029,0.8715722265128036,0.8715722265128036,0.0
2008-01-23,35.94,0.23757664709287862,0.9342105263157895,0.9843875100080064,0.6449266794977151,0.8545082386071702,0.8545082386071702,0.0
2008-01-24,31.48,0.13226155118404703,0.8306772908366534,0.9228,0.670794774337342,0.8080906883913318,0.8080906883913318,0.0
2008-01-25,28.25,0.030550444198425453,0.7726910828025477,0.679056754596323,0.6900367189269451,0.7139281854419387,0.7988625716012896,0.5886699507389163
2008-01-28,33.96,0.14316879919776548,0.8810660302307081,0.9325079872204473,0.7187418150009736,0.8441052774840428,0.8441052774840428,0.0
2008-01-29,32.08,-0.3295010760277046,0.8422098569157392,0.0011971268954509178,0.721938979214021,0.5217819876750703,0.7484828755199108,0.9729508196721312
2008-01-30,33.16,-0.08050655108831872,0.8677521842732328,0.1766347687400319,0.715556114159119,0.5866476890574611,0.694910765609969,0.7111292962356792
2008-01-31,31.39,-0.0028630526953401514,0.8281746031746032,0.5159362549800797,0.7164570686481173,0.6868559756009335,0.6868559756009335,0.0
2008-02-01,29.71,0.05039023188206615,0.8037272006344172,0.7456210191082803,0.7284348874207243,0.7592610357211406,0.7592610357211406,0.0
2008-02-04,29.05,-0.15616487814522628,0.7919968304278923,0.032219570405727926,0.7085952323719258,0.5109372110685153,0.6130967798246242,0.6887254901960784
2008-02-05,28.4,-0.12184363783115337,0.7751385589865399,0.07511923688394277,0.6924040627111723,0.5142206195272183,0.6115845061950538,0.6566068515497553
2008-02-11,32.99,-0.0051398450266040285,0.8627373417721519,0.5015885623510723,0.7006946703029897,0.6883401914754046,0.6883401914754046,0.0
2008-02-12,31.93,0.017056635872828352,0.8367588932806325,0.6178571428571429,0.7067675705586819,0.7204612022321525,0.7204612022321525,0.0
2008-02-13,33.25,0.1125710776273472,0.8708530805687204,0.8957176843774782,0.7134938350053236,0.8266881999838408,0.8266881999838408,0.0
2008-02-14,31.68,0.08666708364830455,0.82991318074191,0.8450871632329635,0.7265178540477943,0.8005060660075559,0.8005060660075559,0.0
2008-02-15,30.44,0.0693683878263247,0.8166403785488959,0.8016627078384798,0.7375818608674206,0.7852949824182655,0.7852949824182655,0.0
2008-02-18,29.64,-0.1070796848126041,0.7998423955870765,0.10561708860759493,0.7195509668004689,0.5416701503317135,0.7349241201947057,0.9340390879478827
2008-02-19,28.76,-0.10456047387384482,0.7830708661417323,0.11264822134387352,0.7037263134655207,0.5331484669837089,0.6974615731450169,0.8853658536585366
2008-02-20,31.53,-0.05311529354489375,0.8288749016522423,0.2744865718799368,0.6955104108011737,0.599623961444451,0.6520487254371389,0.3871753246753247
2008-02-21,30.42,-0.04058528011507834,0.8148584905660378,0.3326756116811365,0.68306042271361,0.6101981749869281,0.6139871472330134,0.02188006482982172
2008-02-22,31.26,0.02658179199984545,0.8244304791830322,0.6589116719242902,0.6701839206893203,0.7178420239322142,0.7178420239322142,0.0
2008-02-25,30.79,0.038065161508523015,0.8182888540031397,0.7048857368006304,0.6602983345513197,0.7278243084516965,0.7278243084516965,0.0
2008-02-26,30.21,0.04918746254573447,0.8066666666666666,0.7405511811023622,0.6551418484746291,0.734119898747886,0.734119898747886,0.0
2008-02-27,28.89,-0.08744395907882563,0.7817398119122257,0.16247049567269867,0.6424534102292805,0.5288879059380683,0.6637744624113586,0.8163430420711975
2008-02-28,28.76,-0.05611475397830068,0.7791699295223179,0.26375786163522014,0.6231872545719399,0.555371681909826,0.6528091637959382,0.6550888529886915
2008-02-29,29.21,-0.067828208593681,0.7875586854460094,0.2187745483110762,0.6272604108205874,0.5445312148592243,0.6181470019813402,0.5266129032258065
2008-03-03,30.99,0.006474609863247771,0.8229085222830336,0.5631868131868132,0.6358031203820019,0.6739661519506162,0.6739661519506162,0.0
2008-03-04,30.18,-0.0009935420588775834,0.805078125,0.5258823529411765,0.6354743608766643,0.655478279605947,0.655478279605947,0.0
2008-03-05,30.88,0.0666132106784314,0.819672131147541,0.7974137931034483,0.6371678034893715,0.7514179092467869,0.7514179092467869,0.0
2008-03-06,29.1,0.011752641324600965,0.7851014040561622,0.5908379013312451,0.6509608761032163,0.6756333938302079,0.6756333938302079,0.0
2008-03-07,30.99,0.05915345540000727,0.8230709275136399,0.778169014084507,0.6697354297464079,0.7569917904481849,0.7569917904481849,0.0
2008-03-10,32.86,0.05859154080946505,0.8574766355140186,0.7752150117279124,0.6764445733243756,0.7697120735221022,0.7697120735221022,0.0
2008-03-11,32.48,0.0734450619537741,0.8486381322957198,0.812890625,0.6816173913533242,0.7810487162163481,0.7810487162163481,0.0
2008-03-12,29.97,-0.029911843828003715,0.7978227060653188,0.37822014051522246,0.6668541933941827,0.614299013324908,0.7195369974683502,0.6964573268921095
2008-03-13,33.86,0.15149620252754215,0.8815073815073815,0.9442277691107644,0.6706225635602645,0.8321192380594701,0.8321192380594701,0.0
2008-03-14,32.6,0.05064771657300504,0.8509316770186336,0.7462977396726422,0.670095721817862,0.7557750461697127,0.7557750461697127,0.0
2008-03-17,38.96,0.17027936616521266,0.982544608223429,0.9591121495327103,0.6960006536568987,0.8792191371376793,0.8792191371376793,0.0
2008-03-18,37.12,0.13353139262452274,0.9585271317829457,0.9241245136186771,0.7206739676047991,0.867775204335474,0.867775204335474,0.0
2008-03-19,31.86,0.06115442315333075,0.8315259488768396,0.7834370139968896,0.7334640048383378,0.7828089892373556,0.8235395229879383,0.317524115755627
2008-03-20,30.76,-0.0960192320675457,0.8123065015479877,0.13247863247863248,0.728395280632824,0.5577268048864813,0.7686610363533406,0.963884430176565
2008-03-21,27.65,-0.16468656040431817,0.731245166279969,0.026009316770186336,0.7102430889313949,0.4891658573271835,0.7153391985848347,0.9719551282051282
2008-03-24,28.84,-0.3007721663575862,0.7708655332302936,0.001939487975174554,0.6914838496914373,0.4880962902989685,0.6371146292170925,0.8424
2008-03-25,27.8,-0.28911988722140824,0.7374517374517374,0.0027131782945736434,0.6713075263908693,0.47049081404572685,0.5576577511591431,0.5870607028753994
2008-03-26,27.73,-0.13883644485421565,0.7334104938271605,0.05073586367157242,0.6673059276387145,0.4838174283791492,0.49785943898750185,0.09011164274322168
2008-03-27,27.68,-0.10550501388797473,0.7316885119506553,0.11106811145510836,0.6623016484449202,0.5016860906168946,0.5016860906168946,0.0
2008-03-28,26.2,-0.053866317201292535,0.6814329738058552,0.27184841453982983,0.6609753523096352,0.5380855802184401,0.5380855802184401,0.0
2008-03-31,27.05,-0.0640763071242576,0.7074672825250192,0.23608964451313755,0.6499118920988429,0.5311562730456666,0.5311562730456666,0.0
2008-04-01,27.47,-0.011941520589409116,0.7203846153846154,0.4745173745173745,0.6465104298978632,0.6138041399332844,0.6138041399332844,0.0
2008-04-02,26.38,-0.049908712338518235,0.6852421214450423,0.29822530864197533,0.630669967543764,0.5380457992102605,0.5445555766049093,0.04060509554140127
2008-04-03,26.93,-0.027469223925961295,0.7004608294930875,0.3936006168080185,0.6236230210666065,0.5725614891225709,0.5725614891225709,0.0
2008-04-04,27.51,0.04879016416943216,0.7229470452801228,0.735362095531587,0.6200497510469456,0.6927862972862183,0.6927862972862183,0.0
2008-04-07,28.29,0.044821380020985124,0.7530674846625767,0.7232486528098537,0.6161403633027079,0.6974855002583795,0.6974855002583795,0.0
2008-04-08,28.56,0.03891263736420125,0.7636015325670498,0.7057692307692308,0.611336413453722,0.6935690589300009,0.6935690589300009,0.0
2008-04-10,26.54,0.006046881614893085,0.6856814701378254,0.5599538816295158,0.6130762260833921,0.6195705259502443,0.6551945743094827,0.2790143084260731
2008-04-11,25.19,-0.06679381645898852,0.6239479724560061,0.22311827956989247,0.5886095036185858,0.47855858521482814,0.6363939935279342,0.8706349206349207
2008-04-14,26.46,-0.03891541624967365,0.6846330275229358,0.3434382194934766,0.5743805493767142,0.5341505987977089,0.6046668538302324,0.5079239302694136
2008-04-15,25.86,-0.08981101196976438,0.660427807486631,0.15682515337423314,0.5462704544543324,0.4545078051050655,0.5560713147995695,0.678006329113924
2008-04-16,25.3,-0.12120274173790913,0.6286259541984733,0.07854406130268199,0.5168834137068208,0.40801780973599205,0.49896106496076775,0.6121642969984202
2008-04-17,24.07,-0.09768677710908102,0.5594965675057209,0.12901990811638592,0.4937222515255302,0.394079575715879,0.45386287491389476,0.44558359621451105
2008-04-18,24.06,-0.04589637981798589,0.5579268292682927,0.311017597551645,0.49182623384536306,0.4535902202217669,0.4535902202217669,0.0
2008-04-21,23.29,-0.1276100747905602,0.5102817974105103,0.06689602446483181,0.4873243173159927,0.3548340463971116,0.413005891435163,0.43070866141732284
2008-04-22,23.81,-0.08259171284494027,0.5429984779299848,0.17838044308632545,0.48603866481126373,0.4024725286091913,0.4025988361359881,0.0007861635220125787
2008-04-23,23.4,-0.07806837336981864,0.5190114068441065,0.18893129770992367,0.4852331095314568,0.39772527136182906,0.4005403284611556,0.01805337519623234
2008-04-24,23.64,-0.018026059257083116,0.5353343465045592,0.4435545385202136,0.4901016727196078,0.4896635192481269,0.4896635192481269,0.0
2008-04-25,22.61,-0.06215842425665441,0.4650721336370539,0.24657012195121952,0.4868238135241706,0.399488689704148,0.4088368110640814,0.05877742946708464
2008-04-28,23.17,-0.005165745451964465,0.498103186646434,0.5038080731150039,0.48803956030956436,0.4966502733570008,0.4966502733570008,0.0
2008-04-29,22.41,-0.0605983726859356,0.4514783927217589,0.25,0.4819875969516544,0.3944886632244711,0.43560328337911514,0.32316118935837246
2008-04-30,22.04,-0.05987703807894196,0.4265151515151515,0.2536121673003802,0.469118230174493,0.3830818496633415,0.43267459903941774,0.37109375
2008-05-02,21.79,-0.0814890435813691,0.41029523088569264,0.1797112462006079,0.459281706349475,0.34976272781192513,0.40469444075217736,0.4079563182527301
2008-05-06,21.17,-0.06580720114310479,0.3657337367624811,0.2319665907365224,0.44687267837942246,0.34819100195947533,0.39443490320324276,0.352803738317757
2008-05-07,21.16,-0.09074573145418618,0.36507936507936506,0.15136570561456753,0.4233260766264781,0.3132570491068036,0.35775625835320335,0.3429237947122862
2008-05-08,20.59,-0.08470176677313734,0.3251510574018127,0.17475360121304018,0.39891578965503854,0.2996068160899638,0.3387798889263019,0.3051242236024845
2008-05-09,21.49,-0.02527127363029491,0.3867924528301887,0.4071969696969697,0.38203125613481054,0.392006892887323,0.392006892887323,0.0
2008-05-13,20.41,-0.06542617213477486,0.3080693815987934,0.23353520060560182,0.36443048689573687,0.30201168970004405,0.33101468994872196,0.22248062015503875
2008-05-14,20.88,-0.01379332213233564,0.3432554634513941,0.4686081694402421,0.3635504214173803,0.3918046847696722,0.3918046847696722,0.0
2008-05-15,20.74,-0.020048404188717672,0.3335843373493976,0.4342403628117914,0.3570442577459997,0.3749563193023962,0.3749563193023962,0.0
2008-05-16,20.86,0.013027928532928001,0.3416102332580888,0.6030966767371602,0.36023060647435934,0.4349791721565361,0.4349791721565361,0.0
2008-05-19,22.31,0.037447297790022205,0.4492481203007519,0.7007547169811321,0.3713014270188776,0.5071014214335872,0.5071014214335872,0.0
2008-05-20,22.7,0.10633994766560351,0.47595792637114953,0.888763197586727,0.38820654322727177,0.5843092223950493,0.5843092223950493,0.0
2008-05-21,23.84,0.13257307918271088,0.551051051051051,0.9250188394875659,0.40338467982023885,0.6264848567862852,0.6264848567862852,0.0
2008-05-22,23.6,0.12918250923018348,0.5375093773443361,0.9198042168674698,0.4253880741286504,0.6275672227801522,0.6275672227801522,0.0
2008-05-23,23.38,0.11404750647129624,0.5209895052473763,0.8987960872836719,0.44284824091651886,0.6208779444825224,0.6208779444825224,0.0
2008-05-26,24.52,0.09445410262356946,0.5902621722846442,0.8582706766917293,0.4613629945270775,0.6366319478344836,0.6366319478344836,0.0
2008-05-27,23.6,0.03888178754420757,0.5374251497005988,0.708114199849737,0.4680292561402165,0.5711895352301841,0.6165503014227255,0.3521671826625387
2008-05-28,23.99,0.006272234654454145,0.5605833956619297,0.56493993993994,0.4783762831405564,0.5346332062474753,0.5981799713149636,0.490726429675425
2008-05-29,23.13,-0.020116235788216752,0.49850523168908817,0.43023255813953487,0.47654694639223605,0.46842824540695305,0.5663521758403237,0.6674382716049383
2008-05-30,23.06,-0.013781441203009503,0.49514563106796117,0.46664167916041976,0.48305466932990154,0.48161399318609416,0.538499385581038,0.4291217257318952
2008-06-02,23.63,-0.036972019869194295,0.5406716417910448,0.35243445692883896,0.4883791388275104,0.46049507918246474,0.5032720118506343,0.33
2008-06-03,24.54,0.03905772725120071,0.5924683072334079,0.7114520958083832,0.5062269869763976,0.6033824633393963,0.6033824633393963,0.0
2008-06-04,23.88,-0.004595788327201866,0.5547690014903129,0.5097232610321616,0.5178967853519845,0.5274630159581529,0.5274630159581529,0.0
2008-06-05,23.13,0.0,0.4977661950856292,0.5343796711509716,0.5307893052405511,0.520978390492384,0.520978390492384,0.0
2008-06-09,25.03,0.08197559060276971,0.6145833333333334,0.8345780433159073,0.5545207231914109,0.6678940332802172,0.6678940332802172,0.0
2008-06-10,26.03,0.09673262780765768,0.6754646840148699,0.8652985074626866,0.5731900674151709,0.7046510862975758,0.7046510862975758,0.0
2008-06-11,24.78,0.009732436918231002,0.6047548291233283,0.5805369127516778,0.589282246406936,0.5915246627606474,0.6025022377577954,0.07142857142857142
2008-06-12,25.6,0.06955106296111557,0.6547884187082406,0.805886736214605,0.6055025344577163,0.6887258964601873,0.6887258964601873,0.0
2008-06-13,24.11,0.04149621594973185,0.5686201780415431,0.7159344750558452,0.6184207832811213,0.6343251454595031,0.6574241648516261,0.17101226993865032
2008-06-16,22.04,-0.12721612115896885,0.42438843587842845,0.06584821428571429,0.6070590267853435,0.3657652256498287,0.5969984033255484,0.9793261868300153
2008-06-17,21.89,-0.1732198074717024,0.41259259259259257,0.02267657992565056,0.5891906851662526,0.3414866192281652,0.5243655099116663,0.922782874617737
2008-06-18,21.63,-0.1359556362360288,0.39378238341968913,0.05386329866270431,0.5662637991193655,0.3379698270672529,0.4736545427729874,0.8236641221374046
2008-06-19,22.93,-0.11014625461570393,0.48409763313609466,0.09910913140311804,0.5439422209693804,0.37571632850286435,0.4110526291815228,0.2736280487804878
2008-06-20,22.81,-0.055427655896783,0.4785661492978566,0.27262611275964393,0.5262891876655228,0.42582714990767445,0.42582714990767445,0.0
2008-06-23,23.35,0.057737999830192344,0.5166174298375185,0.77353595255745,0.5230483824121207,0.6044005882690296,0.6044005882690296,0.0
2008-06-24,23.46,0.06926693169055786,0.5284132841328413,0.8048148148148148,0.5201657636614028,0.6177979542030195,0.6177979542030195,0.0
2008-06-25,23.7,0.09139380817611809,0.5424041297935103,0.8538119911176906,0.5239326829454245,0.6400496012855418,0.6400496012855418,0.0
2008-06-26,23.5,0.024554324280300577,0.5316875460574797,0.6512573964497042,0.5253682231180574,0.5694377218750805,0.5715026031080692,0.01750380517503805
2008-06-27,24.71,0.08000898370422194,0.6038291605301914,0.8288987435328898,0.5379679759739188,0.6568986266789999,0.6568986266789999,0.0
2008-06-30,25.15,0.07426091243084176,0.6320824135393672,0.8142540620384048,0.5500817051076535,0.6654727268951418,0.6654727268951418,0.0
2008-07-01,24.87,0.0583654145899839,0.6099264705882353,0.77380073800738,0.5623472328545469,0.6486914804833874,0.6486914804833874,0.0
2008-07-02,24.94,0.050997892110804965,0.615356355620867,0.7511061946902655,0.5639107865362805,0.6434577789491377,0.6434577789491377,0.0
2008-07-03,25.35,0.0757783088870787,0.6431718061674009,0.818349299926308,0.5738365076255613,0.6784525379064233,0.6784525379064233,0.0
2008-07-04,25.09,0.015261340377812349,0.6228906823184153,0.6064064801178203,0.5787652900305521,0.6026874841555959,0.6477524016779372,0.35030395136778114
2008-07-07,25.1,-0.0019900504080094805,0.625,0.5198675496688742,0.5711579443560428,0.5720084980083057,0.62905955590057,0.4362670713201821
2008-07-08,26.55,0.06536748987263463,0.6992673992673992,0.7930147058823529,0.5699459171978478,0.6874093407825334,0.6874093407825334,0.0
2008-07-09,25.93,0.03892765929868247,0.6753294289897511,0.7049963262307127,0.5748217675314843,0.651715840917316,0.651715840917316,0.0
2008-07-10,25.79,0.01720808985606137,0.6671543525969276,0.6163729809104258,0.570393071996097,0.6179734685011501,0.6263589264729802,0.055303030303030305
2008-07-11,24.67,-0.016881429837065642,0.5986842105263158,0.44644167278063096,0.564407352751336,0.5365110786860943,0.6131236453790799,0.5559757942511346
2008-07-14,26.3,0.04670109304598036,0.6924762600438276,0.7305718475073314,0.5877276391860113,0.6702585822457235,0.6702585822457235,0.0
2008-07-15,28.1,0.05673982865175198,0.7594890510948905,0.7637362637362637,0.6149265427438342,0.7127172858583295,0.7127172858583295,0.0
2008-07-16,28.71,0.10184489458239954,0.7800875273522976,0.8810395314787701,0.6452635771625509,0.7687968786645395,0.7687968786645395,0.0
2008-07-17,26.41,0.023755906415787287,0.6956997084548106,0.6455742501828822,0.6642152570150129,0.6684964052175686,0.6713560461344511,0.02039274924471299
2008-07-18,27.09,0.09357672555573826,0.7221412964311726,0.8578216374269005,0.6849345238100273,0.7549658192227001,0.7549658192227001,0.0
2008-07-21,26.58,0.010590114101380443,0.6997816593886463,0.5788897005113222,0.6846474732476523,0.6544396110492069,0.711883200002469,0.4381598793363499
2008-07-22,26.75,-0.04923510299768452,0.7058181818181818,0.30036496350364966,0.6764713494070067,0.5608848315762794,0.6815167091460589,0.7688253012048193
2008-07-23,24.6,-0.15449905119465557,0.5897529069767442,0.03537563822027717,0.6571941600141521,0.4274409017370579,0.6132455137605626,0.9285714285714286
2008-07-24,24.11,-0.09111603411596114,0.5635439360929557,0.1490524781341108,0.6454354468071493,0.4526772870114053,0.57008169011933,0.7575075075075075
2008-07-25,25.29,-0.06875559541512999,0.6353410740203193,0.21667880553532412,0.6309177461944634,0.49431254191670226,0.5179510346581304,0.17466266866566715
2008-07-28,25.49,-0.04187283489707516,0.6501087744742567,0.324235807860262,0.619117948863382,0.5311541770659669,0.5311541770659669,0.0
2008-07-29,25.64,-0.04238084128954611,0.657608695652174,0.3225454545454545,0.6090286224034323,0.5297275908670203,0.5297275908670203,0.0
2008-07-30,24.53,-0.0028495846679188475,0.5847212165097755,0.5148982558139535,0.6023575454537472,0.5673256725924921,0.5673256725924921,0.0
2008-07-31,23.82,-0.012101128265925798,0.5416063675832128,0.4738562091503268,0.591206082219743,0.5355562196510942,0.5355562196510942,0.0
2008-08-01,24.62,-0.02684993992556617,0.5900216919739696,0.3929608127721335,0.5850482157774897,0.5226769068411976,0.5372881134035542,0.09955089820359281
2008-08-04,25.87,0.014797777809913537,0.6719653179190751,0.6029731689630167,0.5882999892078201,0.6210794920299706,0.6210794920299706,0.0
2008-08-05,25.61,-0.001170731841035444,0.6563176895306859,0.525,0.5805258788173434,0.5872811894493432,0.5872811894493432,0.0
2008-08-06,24.59,0.002442997957702975,0.5876623376623377,0.5405503258508327,0.5742230515246611,0.5674785716792772,0.5674785716792772,0.0
2008-08-07,25.0,0.04835026094104666,0.610310021629416,0.7355282199710564,0.5757808242269891,0.6405396886091539,0.6405396886091539,0.0
2008-08-08,24.73,0.004457960777017433,0.5969020172910663,0.5506146059291396,0.5783405927248205,0.5752857386483421,0.5983329360832175,0.1726457399103139
2008-08-11,25.56,-0.01205536668860363,0.6533477321814255,0.47290462427745666,0.5709206989475136,0.5657243518021319,0.5872619080376497,0.14850746268656717
2008-08-12,25.0,-0.02410707534323331,0.6100719424460431,0.4032490974729242,0.558173092074709,0.5238313773312254,0.5745719456140261,0.38524590163934425
2008-08-13,24.81,0.008906941475608665,0.6013659237958303,0.573953823953824,0.5460279092976736,0.5737825523491092,0.5758327417479925,0.01711309523809524
2008-08-14,23.21,-0.07429260458185505,0.4885057471264368,0.1943042537851478,0.529566310354521,0.4041254370887019,0.5285498914439022,0.7808320950965825
2008-08-18,22.41,-0.09850979372048929,0.4379038047379756,0.12427953890489914,0.504121820599141,0.3554350547473386,0.4845797546637015,0.8063798219584569
2008-08-19,23.94,-0.0654779293795067,0.5491391678622669,0.22858171346292297,0.49159805863477146,0.4231063133199871,0.4560561469672725,0.26
2008-08-20,23.92,-0.044160895785769316,0.5469534050179211,0.3147482014388489,0.4879860201631449,0.4498958755399716,0.4498958755399716,0.0
2008-08-21,24.45,-0.014616581782828764,0.578080229226361,0.4568655643421999,0.49823145137243346,0.5110590816469981,0.5110590816469981,0.0
2008-08-22,24.39,0.04958999194148328,0.5737294201861131,0.7431752873563219,0.5133391587053178,0.6100812887492509,0.6100812887492509,0.0
2008-08-25,25.56,0.13152134169649843,0.6552217453505007,0.9249820531227566,0.531543756678258,0.7039158517171717,0.7039158517171717,0.0
2008-08-26,25.4,0.05919847389466337,0.645818441744103,0.7808464849354376,0.5428517652868836,0.6565055639888081,0.6565055639888081,0.0
2008-08-27,25.37,0.058852444528759484,0.6428571428571429,0.7788530465949821,0.5538906662682461,0.658533618573457,0.658533618573457,0.0
2008-08-28,25.33,0.035359248092702966,0.6384725196288366,0.6880372492836676,0.5595629236829653,0.6286908975318232,0.6515454441121022,0.16789940828402367
2008-08-29,25.66,0.05076014695966169,0.6622681883024251,0.7498210450966356,0.5694785900996033,0.660522607832888,0.6616337079288297,0.00812407680945347
2008-09-01,26.79,0.047000054047183326,0.7131147540983607,0.7321173104434907,0.5810348290944971,0.6754222978787828,0.6754222978787828,0.0
2008-09-02,26.65,0.0480399765873627,0.7072649572649573,0.7337383845604003,0.5851864504680788,0.6753965974311456,0.6753965974311456,0.0
2008-09-03,26.39,0.0394177769040418,0.6978647686832741,0.7075,0.5907876274468935,0.6653841320433892,0.6653841320433892,0.0
2008-09-04,25.83,0.019547143094165165,0.6717638691322901,0.6277658815132049,0.5950705546252015,0.6315334350902322,0.6616518140552875,0.23967551622418878
2008-09-05,26.25,0.02273262985014224,0.6926083866382374,0.6401569186875892,0.5947437312183355,0.6425030121813874,0.6580478949249875,0.10677466863033873
2008-09-08,25.99,-0.03031683490311865,0.6789772727272727,0.3745545260156807,0.5923941106064041,0.5486419697831192,0.6326918293058548,0.5889705882352941
2008-09-09,26.85,0.007476670343020242,0.7154009936124911,0.5665954415954416,0.5962877125751305,0.6260947159276877,0.6260947159276877,0.0
2008-09-10,27.69,0.048086186667637865,0.750709219858156,0.7348754448398577,0.6080943031946066,0.6978929892975402,0.6978929892975402,0.0
2008-09-11,28.33,0.09238470673467614,0.771793054571226,0.8588193456614509,0.6194766195066821,0.750029673246453,0.750029673246453,0.0
2008-09-12,28.36,0.07731371262629416,0.7747875354107648,0.82409381663113,0.6423784032849398,0.7470865851089448,0.7470865851089448,0.0
2008-09-16,37.42,0.364493472192545,0.9670912951167728,0.9975142045454546,0.6774389571854236,0.8806814856158836,0.8806814856158836,0.0
2008-09-17,33.82,0.23078652251556075,0.8893210749646393,0.981902058197303,0.7047765134813425,0.8586665488810951,0.8586665488810951,0.0
2008-09-18,37.6,0.3059327132129783,0.9699646643109541,0.9953900709219858,0.7323678417007468,0.8992408589778956,0.8992408589778956,0.0
2008-09-19,35.58,0.22786236839526364,0.928319209039548,0.979801559177888,0.7541972160669687,0.8874393280948016,0.8874393280948016,0.0
2008-09-22,35.23,0.21691829068921908,0.9206069160197601,0.9769830028328612,0.7687143463497232,0.8887680884007816,0.8887680884007816,0.0
2008-09-23,34.92,-0.06914558987454233,0.9150211565585331,0.21196036801132342,0.7573837895021382,0.6281217713573316,0.8324473191423811,0.9478707782672541
2008-09-24,34.28,0.013509750259144582,0.8967582804792107,0.5937057991513437,0.7589787683259136,0.749814282652156,0.8106768658965933,0.4714076246334311
2008-09-25,33.69,-0.10980299297738716,0.8841549295774648,0.09717314487632508,0.7479692154509552,0.5764324299682483,0.7461151800946638,0.8997071742313324
2008-09-26,34.11,-0.042193085807134434,0.8933849401829698,0.3188559322033898,0.7451124930378017,0.6524511218080538,0.6991175388373142,0.36622807017543857
2008-09-29,35.14,-0.002557909594194996,0.919831223628692,0.5112914608327452,0.745588329314361,0.7255703379252662,0.7255703379252662,0.0
2008-09-30,36.78,0.051894488204773825,0.9567814476458187,0.752820874471086,0.7521975857537373,0.820599969290214,0.820599969290214,0.0
2008-10-01,34.01,-0.007907494710475138,0.8883426966292135,0.48590556730091616,0.7505287088063566,0.708258990912162,0.708258990912162,0.0
2008-10-02,36.08,0.06853763777596145,0.9438596491228071,0.803169014084507,0.7590703061694576,0.8353663231255907,0.8353663231255907,0.0
2008-10-06,39.34,0.1426512165303584,0.9849228611500701,0.9349049964813512,0.7745777588441058,0.8981352054918424,0.8981352054918424,0.0
2008-10-07,40.56,0.1434422765239769,0.991240364400841,0.9356540084388185,0.7894309855319517,0.9054417861238703,0.9054417861238703,0.0
2008-10-08,50.64,0.3197875586597454,0.9996498599439776,0.9954321855235418,0.8129697417000659,0.936017262389195,0.936017262389195,0.0
2008-10-09,47.52,0.33449607603528575,0.9989503149055283,0.995435393258427,0.8307794735239664,0.9417217272293072,0.9417217272293072,0.0
2008-10-10,62.73,0.5531011069142284,0.9996503496503496,0.9996491228070176,0.8436223437179502,0.9476406053917724,0.9476406053917724,0.0
2008-10-13,54.81,0.33163084609711246,0.9989517819706499,0.9940392706872371,0.8526818100285803,0.948557620895489,0.948557620895489,0.0
2008-10-14,48.87,0.18638135199913552,0.9975558659217877,0.9639103013314646,0.8617464304088645,0.9410708658873723,0.9430016163586272,0.016788321167883213
2008-10-15,49.62,-0.020347799572265846,0.9975575715282624,0.41491596638655465,0.8479431313651791,0.7534722230933321,0.9064926084994547,0.8549562682215743
2008-10-16,72.62,0.42408969093180016,0.9996513249651325,0.9975507347795661,0.8510926045297481,0.9494315547581489,0.9494315547581489,0.0
2008-10-17,72.33,0.14239917875253827,0.9989547038327526,0.9297202797202797,0.8501756107377503,0.9262835314302609,0.9262835314302609,0.0
2008-10-20,64.29,0.15953143909557,0.9982590529247911,0.9486373165618449,0.8511450007694803,0.9326804567520388,0.9326804567520388,0.0
2008-10-21,55.73,0.13135489029938174,0.9968684759916493,0.9158519553072626,0.8515232635806378,0.92141456495985,0.92141456495985,0.0
2008-10-22,61.17,0.20926289499081907,0.9968706536856745,0.9703419399860432,0.8725290403081842,0.9465805446599673,0.9465805446599673,0.0
2008-10-23,68.63,-0.0565106090656462,0.998262682418346,0.2583682008368201,0.8666832103987995,0.7077713645513218,0.8869460924706878,0.913391557496361
2008-10-24,77.12,0.06412366944110026,0.9996527777777777,0.7857142857142857,0.8867841851247563,0.8907170828722734,0.8907170828722734,0.0
2008-10-27,84.43,0.2725186905278134,0.9996530187369882,0.9878133704735376,0.9061648230453605,0.9645437374186288,0.9645437374186288,0.0
2008-10-28,70.51,0.2352359421495045,0.996879334257975,0.9801670146137788,0.9198129146556184,0.9656197545091242,0.9656197545091242,0.0
2008-10-29,89.3,0.37834461462797986,0.9996534996534997,0.9968706536856745,0.926985960436175,0.9745033712584498,0.9745033712584498,0.0
2008-10-30,83.57,0.1969548470928011,0.9982686980609419,0.9656011118832523,0.9417264990865266,0.9685321030102404,0.9685321030102404,0.0
2008-10-31,81.27,0.05241429446282364,0.9975778546712802,0.746875,0.9416621038731258,0.8953716528481354,0.9537141238089157,0.4498546511627907
2008-11-03,76.46,-0.0991550604131417,0.9961964038727524,0.11970853573907009,0.9215640309226358,0.6791563235114862,0.8966366410274873,0.9658925979680697
2008-11-04,65.08,-0.08013726138011279,0.992743607463718,0.1744105409153953,0.9025705253111221,0.6899082245634118,0.8414943350383448,0.8485507246376811
2008-11-05,59.72,-0.40233451521146435,0.9899861878453039,0.0003465003465003465,0.8774517913792292,0.6225948265236778,0.7711126260913904,0.841534008683068
2008-11-06,70.15,-0.1750487974648749,0.9934437543133195,0.020429362880886426,0.8529389766049856,0.6222706979330638,0.7018603450759551,0.5671965317919075
2008-11-07,69.5,-0.1564501921943675,0.9927586206896551,0.03217993079584775,0.8285799535806889,0.6178395016887306,0.646353914844074,0.2215007215007215
2008-11-10,66.96,-0.13267230208704728,0.9913852515506547,0.05912863070539419,0.8050180243206431,0.618510635525564,0.6342247772468895,0.11311239193083573
2008-11-11,70.45,0.07928595599385257,0.9934573002754821,0.8199723565998618,0.8013171115611953,0.871582256145513,0.871582256145513,0.0
2008-11-12,68.8,0.1415367722683083,0.991397109428768,0.9257596685082873,0.8139341925617514,0.9103636568329355,0.9103636568329355,0.0
2008-11-13,81.04,0.14430705339195793,0.9969050894085282,0.9306418219461697,0.8121928138520011,0.9132465750688997,0.9132465750688997,0.0
2008-11-14,73.12,0.050775174575148796,0.9948453608247423,0.7382758620689656,0.8073039698355181,0.8468083975764086,0.8468083975764086,0.0
2008-11-17,73.75,0.09658556903870963,0.9948489010989011,0.8563059958649207,0.8049104330224479,0.8853551099954232,0.8854711991238361,0.0007194244604316547
2008-11-18,73.0,0.03555620280370153,0.9934797529169527,0.6766528925619835,0.7988457383769484,0.8229927946186283,0.8757533068184591,0.4015804597701149
2008-11-19,75.75,0.09623469945018126,0.9948559670781894,0.8558155540261528,0.7959322115627641,0.8822012442223688,0.8822012442223688,0.0
2008-11-20,84.39,0.04050605122944795,0.9982864976010967,0.6963548830811555,0.8068824739984413,0.8338412848935645,0.8542397662612787,0.148493543758967
2008-11-21,74.03,0.01236848930911183,0.9934931506849315,0.5804123711340207,0.8015959354566133,0.7918338190918552,0.843244850564368,0.39326647564469913
2008-11-24,74.08,0.004464595117994463,0.9934976043805612,0.5381181318681318,0.7901996691325677,0.7739384684604204,0.8209615222573674,0.3669527896995708
2008-11-25,68.34,-0.06596419446124546,0.9846101231190151,0.22203157172271792,0.770939552781817,0.65919374920785,0.7882017131752118,0.8021428571428572
2008-11-26,64.74,-0.15705919589138073,0.98257006151743,0.03189300411522634,0.7463880255891542,0.5869503637406035,0.7291515370788587,0.8380884450784594
2008-11-27,58.74,-0.3623279853994017,0.9791666666666666,0.001028101439342015,0.7217961495431994,0.5673303058830693,0.6758493412767598,0.7143874643874644
2008-11-28,57.79,-0.24765466612532006,0.9784982935153583,0.007191780821917808,0.7028270800348494,0.5628390514573752,0.6300503877498638,0.5113798008534851
2008-12-01,57.58,-0.2519703051538942,0.977830832196453,0.006502395619438741,0.6995377872399511,0.5612903383519475,0.5875207617281691,0.20241477272727273
2008-12-02,59.36,-0.14087464782802073,0.9792092706203136,0.046853625170998635,0.696010505925256,0.5740244672388561,0.5740244672388561,0.0
2008-12-03,56.48,-0.13649265531311183,0.9764986376021798,0.05502392344497608,0.6970402527466398,0.5761876045979318,0.5761876045979318,0.0
2008-12-04,58.0,-0.012677915224054814,0.9778761061946902,0.4600409836065574,0.707641352061816,0.7151861472876879,0.7151861472876879,0.0
2008-12-05,56.7,-0.019041539595979984,0.9758503401360544,0.4249146757679181,0.7170370136722777,0.70593400985875,0.70593400985875,0.0
2008-12-08,57.35,-0.0040024416086499315,0.9758667573079538,0.4955661664392906,0.7275599897095575,0.7329976378189339,0.7329976378189339,0.0
2008-12-09,56.65,-0.04672861138510953,0.9745244565217391,0.2995910020449898,0.7140771347518422,0.6627308644395237,0.6786072528005654,0.11843971631205674
2008-12-10,54.4,-0.03752243932308952,0.971826205023761,0.34162125340599453,0.6989844017641598,0.6708106200646385,0.6975318558939068,0.20892351274787535
2008-12-11,57.37,-0.010921491932639249,0.9759158751696065,0.4707283866575902,0.6869618355259721,0.7112020324510563,0.7112020324510563,0.0
2008-12-12,64.79,0.1333770597281596,0.9827118644067797,0.9180272108843538,0.6911522818359078,0.8639637857090138,0.8639637857090138,0.0
2008-12-15,64.44,0.11656171473339416,0.9813685636856369,0.8949694085656016,0.6917818587180932,0.856039943656444,0.856039943656444,0.0
2008-12-16,64.58,0.13101277785611387,0.9813811780636426,0.9113451086956522,0.6973466997501021,0.863357662169799,0.863357662169799,0.0
2008-12-17,61.87,0.12867125568100102,0.9786874154262517,0.9093686354378818,0.698281312994097,0.8621124546194102,0.8621124546194102,0.0
2008-12-18,58.18,0.014020134453275546,0.9753211629479378,0.5905698778833107,0.6950625544978218,0.7536511984430234,0.839825008919538,0.5975954738330976
2008-12-19,54.81,-0.16727861140384093,0.9682432432432433,0.028135593220338984,0.6806243873639375,0.5590010746091733,0.77883246669957,0.969632768361582
2008-12-22,52.92,-0.1969532190620189,0.9665766374071574,0.014566395663956639,0.6668625697844981,0.5493352009518707,0.7174915181586553,0.892101551480959
2008-12-23,51.56,-0.22515858725914262,0.9659244264507423,0.00981719702098849,0.661090068000248,0.5456105638239929,0.653942098489494,0.7133802816901409
2008-12-24,50.07,-0.2116133832010445,0.9645987862440998,0.013870094722598106,0.6601902133835991,0.5462196981167656,0.5907635471889652,0.349507735583685
2008-12-26,48.85,-0.17478727457826349,0.9626010781671159,0.02535496957403651,0.6603842453744777,0.5494467643718767,0.5499226603747358,0.0049157303370786515
2008-12-29,47.96,-0.1335053288987118,0.961952861952862,0.06317567567567567,0.6613702069567593,0.562166248195099,0.562166248195099,0.0
2008-12-30,48.61,-0.08495206818939094,0.9619784656796769,0.1725185685347738,0.6651243021167232,0.5998737787770579,0.5998737787770579,0.0
2009-01-02,47.88,-0.07404829738121421,0.960659045057162,0.19804318488529016,0.6684402854705016,0.6090475051376513,0.6090475051376513,0.0
2009-01-05,47.7,-0.04849062844755769,0.960013440860215,0.299055967633176,0.6741289566566576,0.6443994550500162,0.6443994550500162,0.0
2009-01-06,44.62,-0.09057218948440537,0.9580255204835461,0.15330188679245282,0.6659642145935264,0.592430540623175,0.6015835055565999,0.0638148667601683
2009-01-07,42.53,-0.12015762089377136,0.9553691275167785,0.08451178451178451,0.6569421119966411,0.5656076746750681,0.6022717908525937,0.2976190476190476
2009-01-08,46.65,-0.04115634376401145,0.9580818242790073,0.32873485868102287,0.6523267059769607,0.6463811296456637,0.6463811296456637,0.0
2009-01-09,44.5,-0.07320869151757758,0.9560991957104558,0.20342972427706793,0.6494620425124806,0.6029969875000014,0.6103631574987849,0.05244755244755245
2009-01-12,45.95,-0.037377549092599605,0.9574681848626926,0.34643817204301075,0.6492235149743794,0.6510432906266942,0.6510432906266942,0.0
2009-01-13,45.26,0.014241451201004729,0.9568273092369478,0.5946944257891202,0.6518454518043512,0.7344557289434731,0.7344557289434731,0.0
2009-01-14,43.43,0.020940737281188504,0.954180602006689,0.6285234899328859,0.6438945772205621,0.7421995563867122,0.7421995563867122,0.0
2009-01-15,51.92,0.10703114510248213,0.9662433155080213,0.8809523809523809,0.6431660203257913,0.8301205722620645,0.8301205722620645,0.0
2009-01-16,48.71,0.09039515864625658,0.9615898463593855,0.842828418230563,0.6409583197715576,0.8151255281205021,0.8151255281205021,0.0
2009-01-19,46.63,0.014690262018533407,0.9562750333778371,0.5951105157401205,0.6325415572279033,0.727975702115287,0.7699754175656077,0.3372905027932961
2009-01-20,50.81,0.11566954540024943,0.9649766511007338,0.892570281124498,0.6398329545127528,0.8324599622459949,0.8324599622459949,0.0
2009-01-21,53.17,0.2023438809695164,0.967,0.9675585284280936,0.6632874468118656,0.8659486584133198,0.8659486584133198,0.0
2009-01-22,50.75,-0.022792454473937962,0.963690872751499,0.40407754010695185,0.672953081306549,0.680240498055,0.7843500697900208,0.6980474198047419
2009-01-23,53.05,0.08535051724154075,0.9663781624500666,0.8346693386773547,0.6935857282479412,0.8315444097917876,0.8315444097917876,0.0
2009-01-28,48.93,0.04814659448080283,0.9604125083166999,0.7239652870493992,0.7112334511079262,0.7985370821580084,0.801746122132822,0.027158774373259052
2009-01-29,46.81,-0.08199633029366149,0.9544547872340425,0.1771180787191461,0.7148238715632271,0.6154655791721385,0.7583472455180509,0.8407510431154381
2009-01-30,48.21,-0.09792785909871604,0.9571428571428572,0.12966666666666668,0.7163658962177518,0.6010584733424252,0.7053692085038719,0.6979166666666666
2009-02-02,51.73,0.019126266093526745,0.9644754316069057,0.617255163224517,0.7275467352331761,0.7697591100215329,0.7697591100215329,0.0
2009-02-03,49.76,-0.06402341662906785,0.9605175846051759,0.23735019973368843,0.7285258740930864,0.6421312194773169,0.6853902928342844,0.340499306518724
2009-02-04,46.61,-0.04857559491638286,0.9499336870026526,0.2990685296074518,0.7282741942960043,0.659092136968703,0.659092136968703,0.0
2009-02-05,47.26,0.009567416446782495,0.9526176275679258,0.5668218085106383,0.7384769950160683,0.7526388103648776,0.7526388103648776,0.0
2009-02-06,45.07,-0.06734963171497421,0.9473509933774834,0.22159468438538207,0.741703614159426,0.6368830973074305,0.6921008748279721,0.42728531855955676
2009-02-09,47.1,-0.0937648829930513,0.9520185307743216,0.14375830013280214,0.7369276178581033,0.6109014829217424,0.6603293494080141,0.3852005532503458
2009-02-10,47.33,-0.050067104512767635,0.9527116402116402,0.2916390179163902,0.739048161311616,0.6611329398132154,0.6641296934751937,0.026933701657458564
2009-02-11,48.07,0.030843171521219848,0.9553866490416392,0.6674403183023873,0.747021176572574,0.7899493813055335,0.7899493813055335,0.0
2009-02-12,47.33,0.0014800721593948296,0.9517833553500661,0.5291583830351226,0.745256676656552,0.7420661383472469,0.7420661383472469,0.0
2009-02-13,43.74,-0.029953821453934992,0.9422442244224423,0.3758278145695364,0.7386408753328622,0.6855709714416136,0.6979241827658704,0.08896551724137931
2009-02-16,44.73,-0.05162858357761557,0.9442612137203166,0.28491065519523495,0.723190279644241,0.6507873828532641,0.7059013627521746,0.4290633608815427
2009-02-17,48.82,0.030995721046657376,0.9574818721160184,0.6683201058201058,0.7187248724778954,0.7815089501380065,0.7815089501380065,0.0
2009-02-18,49.26,0.024454110786522598,0.9594861660079052,0.6421017845340383,0.7199799325134949,0.7738559610184795,0.7738559610184795,0.0
2009-02-19,46.81,-0.011047488606177325,0.9479921000658328,0.47126816380449144,0.7090227658046222,0.7094276765583155,0.7202301884019359,0.08046767537826685
2009-02-20,49.94,0.13255926960300535,0.9608552631578947,0.9178217821782179,0.7076257287273228,0.8621009246878119,0.8621009246878119,0.0
2009-02-23,47.75,0.06533464948198242,0.9516765285996055,0.7859498680738787,0.7168721783226986,0.8181661916653943,0.8181661916653943,0.0
2009-02-24,49.1,0.005718969835661003,0.9582785808147175,0.549439683586025,0.7095389474045316,0.7390857372684247,0.7805272982396851,0.3331043956043956
2009-02-25,47.31,-0.04039070304933512,0.9478003939592908,0.3336627140974967,0.6994660802217989,0.6603097294261955,0.7578180519212283,0.6659807956104252
2009-02-26,47.43,0.013158084577510998,0.9491469816272966,0.5888742593811718,0.7096272895981808,0.7492161768688831,0.7657757519833419,0.1267123287671233
2009-02-27,47.36,-0.05304429427587687,0.9485245901639344,0.27532894736842106,0.7130533899412516,0.6456356424912024,0.72248269554402,0.5642954856361149
2009-03-02,45.06,-0.057984131922640625,0.9387287024901704,0.2567389875082183,0.7033968173204257,0.6329548357729381,0.6854404243655288,0.4077868852459016
2009-03-03,46.16,-0.06174541260063071,0.9407334643091028,0.24408672798948752,0.7030706275194188,0.6292969399393363,0.6634826648997111,0.2762619372442019
2009-03-04,44.64,-0.058091371570001105,0.9368455497382199,0.25705843729481287,0.701693171779992,0.6318657196043417,0.6577938629353403,0.20367847411444143
2009-03-05,43.81,-0.07939283806368325,0.934270765206017,0.18208661417322836,0.6916161203625091,0.6026578332472515,0.628482194211014,0.20340136054421767
2009-03-06,45.73,-0.035023452905786456,0.9395424836601307,0.3563934426229508,0.6947908765755145,0.6635756009528654,0.6635756009528654,0.0
2009-03-09,43.85,-0.02722021618590631,0.93370346178968,0.3902359108781127,0.7004949401195313,0.6748114375957748,0.6748114375957748,0.0
2009-03-10,42.24,-0.08874598280183799,0.929177545691906,0.15749836280288146,0.6965530713787003,0.5944096599578292,0.6334640502716125,0.31589673913043476
2009-03-11,41.08,-0.0831089330126984,0.9246575342465754,0.1744109947643979,0.6834591104203739,0.594175879810449,0.625926082312834,0.2598371777476255
2009-03-12,41.0,-0.066290035121499,0.9240547588005215,0.22596468279921517,0.6751860530007375,0.6084018315334915,0.627074881970082,0.1443089430894309
2009-03-13,39.83,-0.13813414047641093,0.9195439739413681,0.05392156862745098,0.6665708905901585,0.5466788110529925,0.6036955239901074,0.4539918809201624
2009-03-16,41.28,-0.06039659764488503,0.9267578125,0.25048987589810584,0.6652727860772224,0.6141734914917761,0.6141734914917761,0.0
2009-03-17,40.34,-0.04602410687194025,0.9209499024072869,0.31037859007832896,0.6554109489409596,0.6289131471421918,0.6289131471421918,0.0
2009-03-18,40.38,-0.017186772175665777,0.9210013003901171,0.44390084801043705,0.649493803887425,0.6714653174293264,0.6714653174293264,0.0
2009-03-19,41.26,0.006321440938797718,0.9262508122157245,0.5576923076923077,0.6511108752883678,0.7116846650654667,0.7116846650654667,0.0
2009-03-20,41.11,0.03163100371623395,0.9237012987012987,0.6719869706840391,0.6440361558895983,0.7465748084249787,0.7465748084249787,0.0
2009-03-23,41.06,-0.005343709582519729,0.9224529526281635,0.4951171875,0.6360347494759653,0.6845349632013763,0.688634580252668,0.037162162162162164
2009-03-24,39.18,-0.02917712000967132,0.9108300907911803,0.38288874430709174,0.6306847637434035,0.6414678662805585,0.6911455240803414,0.39473684210526316
2009-03-25,38.2,-0.05549909727216207,0.9005184705119896,0.26950585175552666,0.6278987940986717,0.599307705455396,0.6767140016855553,0.5774932614555256
2009-03-26,36.66,-0.1182072652315469,0.8792098445595855,0.08609486679662118,0.6135808808573653,0.526295197404524,0.6396361081533668,0.7449528936742934
2009-03-27,35.9,-0.13551410541555375,0.8644012944983819,0.058116883116883115,0.6060474968594379,0.5095218914915677,0.5922255247666846,0.5920698924731183
2009-03-30,40.13,-0.022910227311962128,0.9181759379042691,0.40914990266061,0.6093439506236003,0.6455565970628264,0.6455565970628264,0.0
2009-03-31,39.56,0.00965209423811686,0.9130575307045895,0.5736057068741893,0.6168900267556049,0.7011844214447946,0.7011844214447946,0.0
2009-04-01,38.84,0.01661512781059482,0.9072997416020672,0.6121192482177576,0.6250279018252748,0.7148156305483665,0.7148156305483665,0.0
2009-04-02,37.86,0.032208903369618014,0.8963847643641059,0.6745466321243523,0.6363922522530051,0.7357745495804878,0.7357745495804878,0.0
2009-04-03,38.76,0.07665149152833228,0.9061290322580645,0.815210355987055,0.647027338802056,0.7894555756823918,0.7894555756823918,0.0
2009-04-06,38.8,-0.03370393764959756,0.9065119277885235,0.36384217335058217,0.6456877070138388,0.6386806027176481,0.7159821559947378,0.5711409395973155
2009-04-07,37.28,-0.059361516937121106,0.885631443298969,0.25500969618616676,0.6470368377885974,0.5958926590912444,0.6949238035240277,0.6829758713136729
2009-04-08,39.48,0.016343571142156677,0.9114616870573085,0.6101421188630491,0.6576002197113321,0.7264013418772298,0.7264013418772298,0.0
2009-04-09,35.59,-0.06183044625907552,0.8516731016731016,0.24370561652679149,0.6562342016263361,0.5838709732754097,0.6668602305287848,0.5923694779116466
2009-04-10,35.39,-0.09095949266519332,0.8463022508038586,0.14870967741935484,0.656772861267696,0.5505949298303031,0.619088101358367,0.5260695187165776
2009-04-13,36.94,-0.04912527185813387,0.8811053984575835,0.30206318504190843,0.6569208836452305,0.6133631557149075,0.614024611957819,0.006008010680907877
2009-04-14,36.51,-0.02087079414984494,0.8725112395632627,0.4223582474226804,0.6585094085077386,0.6511262984978939,0.6511262984978939,0.0
2009-04-15,36.16,-0.08784067904130533,0.866816431322208,0.16130070830650353,0.6500897832884427,0.5594023076390514,0.5916715329915132,0.266
2009-04-16,36.25,0.01837468177858259,0.8675432969852469,0.6193693693693694,0.6501640219496072,0.7123588961014078,0.7123588961014078,0.0
2009-04-17,35.49,0.002821672301033029,0.8458333333333333,0.5392282958199357,0.6448983559438055,0.6766533283656915,0.6766533283656915,0.0
2009-04-20,36.15,-0.02161802616632036,0.8657911595131326,0.41870179948586117,0.6415714264155763,0.6420214618048566,0.6483124584817802,0.04860186418109188
2009-04-21,36.4,-0.003017421024850364,0.8709987195902689,0.5115606936416185,0.6437924408689166,0.6754506180336014,0.6754506180336014,0.0
2009-04-22,35.01,-0.03231980055740147,0.835572616762636,0.36938382541720155,0.6446657438667247,0.6165407286821875,0.664605006597549,0.3849734042553192
2009-04-23,33.39,-0.08218292734512067,0.7995524296675192,0.17543296985246953,0.6449077610708193,0.5399643868636027,0.630126104749988,0.6314741035856574
2009-04-24,33.19,-0.06700234092652213,0.7952076677316294,0.22147435897435896,0.6472618572980874,0.554647961334692,0.6057250313437881,0.40119363395225466
2009-04-27,35.48,-0.018707791163394827,0.8441890166028098,0.437219730941704,0.6461139299725782,0.642507559172364,0.642507559172364,0.0
2009-04-28,38.2,0.0482667409698343,0.8978940650925336,0.7333546734955185,0.64972856749781,0.7603257686952873,0.7603257686952873,0.0
2009-04-29,36.33,0.037010111266536416,0.8676658163265306,0.6919385796545106,0.6507332026518404,0.7367791995442938,0.7367791995442938,0.0
2009-04-30,34.57,0.0347297999779701,0.8250478011472275,0.684462915601023,0.6491976856583352,0.7195694674688621,0.7195694674688621,0.0
2009-05-04,35.62,0.0706586521296324,0.8487261146496815,0.8060702875399361,0.6475341110069477,0.7674435043988552,0.7674435043988552,0.0
2009-05-06,35.3,-0.005086193502127578,0.8395926161680458,0.4984035759897829,0.6492251632824158,0.6624071184800815,0.729305011717476,0.5211920529801325
2009-05-07,34.55,-0.10042796539885046,0.8234732824427481,0.1196553924696873,0.6442873516680983,0.5291386755268445,0.6830675930837875,0.8683862433862434
2009-05-08,33.59,-0.0784154426089092,0.7975206611570248,0.18654336734693877,0.6308488572326885,0.5383042952455507,0.6433726122240389,0.7113606340819022
2009-05-11,34.24,-0.009591702659991874,0.8119440914866582,0.4847036328871893,0.6358805823870373,0.6441761022536283,0.6441761022536283,0.0
2009-05-12,33.68,-0.05600308848738944,0.799047619047619,0.2678343949044586,0.6376773345302589,0.5681864494941121,0.5884425282000434,0.1536939313984169
2009-05-13,31.21,-0.12314440765656309,0.7496827411167513,0.07352005092297899,0.6286781897437648,0.483960327261165,0.5527531699562601,0.5303030303030303
2009-05-14,32.24,-0.06919963257525152,0.7650602409638554,0.21533078880407125,0.6208162283133145,0.5337357526937471,0.5536725853896407,0.1506578947368421
2009-05-15,29.48,-0.13051633630306547,0.720532319391635,0.0645263827082009,0.6147397673750926,0.4665994898249761,0.5393316243055257,0.5446780551905388
2009-05-18,31.48,-0.08404212772433883,0.7517416086130463,0.17185514612452352,0.6006568695846665,0.5080845414407454,0.5121133121429492,0.03740157480314961
2009-05-19,30.7,-0.09264153478097459,0.7401898734177215,0.14317460317460318,0.5881144407706428,0.4904929724543225,0.4965746167349912,0.04783748361730013
2009-05-20,28.67,-0.08488727638740956,0.6998734977862112,0.17163705583756345,0.5777898806362624,0.4831001447533456,0.4964025802334273,0.10274869109947644
2009-05-21,29.94,-0.07401253864694501,0.7250316055625791,0.20006341154090043,0.5663532707330521,0.49714942927884387,0.49714942927884387,0.0
2009-05-22,31.63,0.07039396999642156,0.7552116234996842,0.8051330798479087,0.575237977262246,0.711860893536613,0.711860893536613,0.0
2009-05-25,33.56,0.06398245804980274,0.7970328282828283,0.7900569981000634,0.5905405879338186,0.7258768047722368,0.7258768047722368,0.0
2009-05-26,34.41,0.11408456521623744,0.8186119873817035,0.895253164556962,0.6079701660646355,0.7739451060011003,0.7739451060011003,0.0
2009-05-27,37.17,0.2596507044138825,0.8852459016393442,0.9851359898798229,0.6226944946640017,0.8310254620610563,0.8310254620610563,0.0
2009-05-28,33.99,0.12687098471654235,0.8049779458097038,0.9118204804045512,0.6248332368546569,0.7805438876896372,0.7805438876896372,0.0
2009-05-29,33.42,0.055048485849690465,0.7937657430730478,0.7596336070751737,0.6246781107088364,0.726025820285686,0.7674834161619434,0.3405228758169935
2009-06-01,33.33,-0.006876989279357204,0.7926368785399622,0.492739898989899,0.6190747622283767,0.6348171799194127,0.7492714911913785,0.7565274151436031
2009-06-02,33.45,-0.02829543323515127,0.7946540880503145,0.38958990536277605,0.6073109520089635,0.5971849818073512,0.7139194663526286,0.7659713168187744
2009-06-03,32.66,-0.1293508967668422,0.7734129478315525,0.0658890290037831,0.5948435966259011,0.4780485244870789,0.6433240788378332,0.8938802083333334
2009-06-04,32.56,-0.042981822573685324,0.7691582914572864,0.3223062381852552,0.5985519929941538,0.5633388408788985,0.5998830694756855,0.3023407022106632
2009-06-05,32.95,-0.014163262218731543,0.7802887633396108,0.4600125944584383,0.6049579262265059,0.615086428008185,0.615086428008185,0.0
2009-06-08,30.41,-0.09168639063037487,0.7318067754077792,0.14505978602894903,0.5944633971530779,0.49044331952993536,0.5488204189422898,0.4655844155844156
2009-06-09,30.46,-0.09363743910722189,0.7338557993730408,0.14182389937106918,0.5896833392728789,0.48845434600566295,0.5270742917819521,0.314526588845655
2009-06-10,29.31,-0.10822233281951776,0.7089598997493735,0.10402262727844123,0.5894278326475809,0.46747011989179854,0.5249586108628961,0.45919689119170987
2009-06-11,30.01,-0.08155388168206379,0.7210394489668128,0.18059045226130654,0.5874588044340856,0.4963629018874016,0.5115634230645967,0.11319534282018111
2009-06-12,29.78,-0.10115423369265342,0.7177722152690864,0.11958568738229755,0.5887662844478744,0.47537472903308614,0.483621083269577,0.06524547803617571
2009-06-15,31.29,0.028527055991517614,0.7457786116322702,0.6659347553324969,0.6009691997535543,0.6708941889061072,0.6708941889061072,0.0
2009-06-16,31.62,0.03737548431431037,0.7509375,0.693730407523511,0.6150017855268339,0.6865565643501149,0.6865565643501149,0.0
2009-06-17,31.69,0.07807241898002859,0.7523422860712055,0.8223684210526315,0.6325817893643355,0.7357641654960574,0.7357641654960574,0.0
2009-06-18,32.08,0.0667021235460381,0.7615480649188514,0.7968065122103944,0.6484132783649796,0.7355892851647418,0.7355892851647418,0.0
2009-06-19,30.82,0.03432680263610699,0.7370555208983156,0.6836670838548186,0.6449227259001182,0.6885484435510841,0.703470529493621,0.11032258064516129
2009-06-22,30.24,-0.034133006369458485,0.7241271820448878,0.36554096310193873,0.6324871838692167,0.5740517763386811,0.6841020469801359,0.7377577319587629
2009-06-23,31.74,0.003787883316936913,0.7523364485981309,0.5471875,0.6221286537857033,0.6405508674612781,0.6749009076023685,0.28378378378378377
2009-06-24,31.16,-0.016865952700281905,0.7425280199252802,0.4487820112429731,0.6051518572769304,0.598820629481728,0.6475122003995026,0.39010282776349614
2009-06-25,29.54,-0.08248750589508003,0.7103298070939639,0.17759051186017477,0.5844299045954274,0.49078340784985536,0.5985510249365252,0.7246469833119383
2009-06-26,28.26,-0.08671645263558858,0.6750621890547264,0.16749844042420461,0.5666589365786953,0.4697398553525421,0.554789307296817,0.610897435897436
2009-06-29,28.27,-0.06736437960583341,0.6752641392169049,0.22412718204488777,0.5570093001719936,0.485466873811262,0.5370723267913331,0.4090909090909091
2009-06-30,27.26,-0.15215728882987634,0.6453416149068323,0.03956386292834891,0.5445258372825459,0.40981043837257564,0.4909242409735926,0.5939897698209718
2009-07-01,25.98,-0.18180820976009437,0.5927995034140285,0.020859277708592777,0.538884757389728,0.3841811795041164,0.4479963509780703,0.5140485312899106
2009-07-02,26.09,-0.12419317795459683,0.6001861042183623,0.07373988799004356,0.5284462939538745,0.40079076205409353,0.4299978218189179,0.23915816326530612
2009-07-03,25.26,-0.11222526033403613,0.5502169869807811,0.0960820895522388,0.5135962369222489,0.38663177115175634,0.41337620497876076,0.21719745222929937
2009-07-06,26.24,-0.07451620762961086,0.6062577447335812,0.20105655686761964,0.5118574304263607,0.43972391067585387,0.43972391067585387,0.0
2009-07-07,25.51,-0.06634989411466652,0.5674922600619196,0.2326086956521739,0.5099679618506102,0.4366896391882345,0.4366896391882345,0.0
2009-07-08,25.43,-0.021397431808424905,0.562809405940594,0.42489137181874614,0.5143359181188984,0.5006788986260795,0.5006788986260795,0.0
2009-07-09,25.56,-0.02052346963930285,0.5705009276437848,0.428970223325062,0.5167819493624165,0.5054177001104211,0.5054177001104211,0.0
2009-07-10,24.39,-0.03504890469451638,0.4956736711990111,0.36298822070675757,0.5173145490937762,0.458658813666515,0.4682337924534208,0.07315521628498728
2009-07-13,27.49,0.04653733810126637,0.6494749845583694,0.7283147459727385,0.5164664581829347,0.6314187295713475,0.6314187295713475,0.0
2009-07-14,26.23,0.027833261725062286,0.6061728395061728,0.6640866873065016,0.5121062486651639,0.5941219251592794,0.5941219251592794,0.0
2009-07-15,25.63,0.007833960941951545,0.5752621838371376,0.5720915841584159,0.5014223251869566,0.5495920310608366,0.5495920310608366,0.0
2009-07-16,25.37,-0.007461255898143282,0.5570283600493219,0.4962894248608534,0.48879640538148,0.5140380634305518,0.5495659125777062,0.29415501905972047
2009-07-17,24.95,0.022700609969698693,0.526494146642021,0.6436959208899876,0.48253309195095173,0.5509077198276535,0.5680156938099337,0.14022842639593908
2009-07-20,24.39,-0.11964908994932566,0.4941502463054187,0.08307597282273008,0.4697220438004849,0.3489827543095445,0.5115284987575732,0.8929024081115335
2009-07-21,24.12,-0.08386242201979766,0.48215384615384616,0.1756172839506173,0.4536782233381431,0.37048311781420223,0.46680073728855775,0.6677215189873418
2009-07-22,24.63,-0.039798328243533465,0.5095325953259533,0.3451573103022825,0.44526272019964275,0.4333175419426262,0.44354583946491566,0.07901390644753477
2009-07-23,24.53,-0.03367051534079257,0.5027658266748617,0.3708384710234279,0.4449048196682465,0.43950303912217875,0.43950303912217875,0.0
2009-07-24,24.66,-0.011691324461329256,0.5125921375921376,0.4802834257547751,0.4486626930149461,0.4805127521206196,0.4805127521206196,0.0
2009-07-27,25.88,0.05929725740487113,0.5914671577655003,0.7817118226600985,0.46050738449404116,0.6112287883065467,0.6112287883065467,0.0
2009-07-28,26.11,0.07927701085205285,0.603680981595092,0.8286153846153846,0.4791921567034235,0.6371628409713,0.6371628409713,0.0
2009-07-29,26.76,0.0829430231275814,0.6269160024524831,0.8397908979089791,0.5005183596843945,0.6557417533486188,0.6557417533486188,0.0
2009-07-30,26.69,0.08439210514603479,0.6240808823529411,0.8429625076828519,0.5203462946300792,0.6624632282219574,0.6624632282219574,0.0
2009-07-31,25.62,0.038190798732390174,0.575015309246785,0.703009828009828,0.5361394461481691,0.604721527801594,0.6342636277300034,0.24305555555555555
2009-08-03,26.89,0.03828400064807358,0.6328029375764994,0.7031921424186618,0.5493564656080181,0.6284505152010598,0.6377079731089059,0.06998738965952081
2009-08-04,27.43,0.04931892223847445,0.6510703363914373,0.7420245398773007,0.5641813136218842,0.6524253966302074,0.6524253966302074,0.0
2009-08-05,26.83,0.002612429177504705,0.6286674816625917,0.5429184549356223,0.568778442592856,0.5801214597303567,0.625636425517035,0.37468513853904284
2009-08-06,25.7,-0.037797971515258766,0.5766646304215027,0.35018382352941174,0.5669628751674078,0.49793710970610744,0.5927312018138651,0.6647798742138364
2009-08-07,24.76,-0.034143848652192776,0.5146520146520146,0.36650336803429273,0.5675252124369212,0.4828935317077428,0.5683656025950947,0.6149497487437185
2009-08-10,25.72,-0.044485570911354966,0.577791336180598,0.3185434516523868,0.5554888388694682,0.4839412089008177,0.5394637413350465,0.4485570890840652
2009-08-11,25.06,-0.09036435548159005,0.5314024390243902,0.15382262996941895,0.5408629774239965,0.40869601547260187,0.49071786510352533,0.5983709273182958
2009-08-12,26.38,-0.016914517148364006,0.6136502132845826,0.4507946210268949,0.5387902540818946,0.5344116961311239,0.5344116961311239,0.0
2009-08-13,24.75,-0.037665502886474744,0.51278928136419,0.3509468540012217,0.5340507128432754,0.46592894940289575,0.47517428032303644,0.06946182728410513
2009-08-14,24.53,-0.009332589545997472,0.49817407181984175,0.4911477411477411,0.5295290064791649,0.5062836064822492,0.5062836064822492,0.0
2009-08-17,28.0,0.08493561080578527,0.6754866180048662,0.8459426479560708,0.5531340826499845,0.6915211162036404,0.6915211162036404,0.0
2009-08-18,27.01,0.07493421833660241,0.6392097264437689,0.8161585365853659,0.5730740109731014,0.6761474246674121,0.6761474246674121,0.0
2009-08-19,27.15,0.028770899090775792,0.6455042527339003,0.6681901279707495,0.5845491228500117,0.6327478345182206,0.6327478345182206,0.0
2009-08-20,26.11,0.05349289369633814,0.6020036429872495,0.7615712545676004,0.5967983878464257,0.6534577618004253,0.6534577618004253,0.0
2009-08-21,25.2,0.02694713624697931,0.5436893203883495,0.6594643944004869,0.6020553416324739,0.6017363521404367,0.651122097866027,0.396875
2009-08-24,24.34,-0.14008342261582252,0.4833232261976956,0.04714111922141119,0.5809874757573115,0.3704839403921394,0.5869146627037268,0.9681647940074907
2009-08-25,24.74,-0.08778580084018239,0.5112121212121212,0.16322188449848024,0.5620409167448146,0.4121583074851387,0.534116839267272,0.7861596009975063
2009-08-26,23.8,-0.13169146570251522,0.45336159903089035,0.06287970838396112,0.5382792769211494,0.35150686144533366,0.47786864465269474,0.8026151930261519
2009-08-27,24.1,-0.08010654221442826,0.4730629539951574,0.18609593199757135,0.5180821643200728,0.39241368343760047,0.4256598289801298,0.27425373134328357
2009-08-28,23.09,-0.08744437115097359,0.4068360556563823,0.1641383495145631,0.5004058960179311,0.3571267670629588,0.37673791196463424,0.1546583850931677
2009-08-31,23.97,-0.015318039113088489,0.4658403869407497,0.4581564584596725,0.49010594015306264,0.4713675951844949,0.4713675951844949,0.0
2009-09-01,22.93,-0.07597527009452909,0.3969788519637462,0.19727272727272727,0.470134857727256,0.3547954789879098,0.38544207722365953,0.25496277915632753
2009-09-02,23.56,-0.010135221894043145,0.44021739130434784,0.48606904906117504,0.46400237032143865,0.4634296035623205,0.4634296035623205,0.0
2009-09-03,23.71,-0.016314940419295265,0.448098974049487,0.45429782082324455,0.4633910788444841,0.45526262457240524,0.45526262457240524,0.0
2009-09-04,23.32,0.009911738115887747,0.42310012062726177,0.5828796128251663,0.46651168761363715,0.49083047368868843,0.49083047368868843,0.0
2009-09-07,23.24,-0.030928116462582533,0.41500904159132007,0.3824062877871826,0.46403870115227513,0.4204846768435926,0.4369605715309833,0.13073110285006195
2009-09-08,22.18,-0.033255114947591924,0.3569277108433735,0.37250755287009063,0.4651439560202665,0.39819307324457687,0.44564009038231667,0.3879950495049505
2009-09-09,23.0,-0.024056142854236295,0.4018663455749548,0.41092995169082125,0.45885274259412395,0.42388301328663336,0.4377307723271793,0.10568603213844252
2009-09-10,22.47,-0.05371581388007618,0.37184115523465705,0.2797223898611949,0.45354842783738497,0.3683706576444123,0.42035237894158073,0.41790123456790124
2009-09-11,22.09,-0.05418634405026568,0.34906794948887554,0.27895054282267795,0.44451584482098416,0.35751144571084587,0.39368857334601215,0.3039457459926017
2009-09-14,22.71,-0.02306957586624314,0.3858173076923077,0.4138034960819771,0.4264706332663179,0.4086971456802009,0.4086971456802009,0.0
2009-09-15,22.21,0.0013516559841151299,0.35705705705705704,0.5412650602409639,0.4125444796230401,0.4369555323070203,0.4369555323070203,0.0
2009-09-16,22.22,-0.03450143171766573,0.35744297719087637,0.3645394340758579,0.39775168038709213,0.3732446972179422,0.38895589571208433,0.12376847290640394
2009-09-17,22.03,-0.019775925382985893,0.34313137372525493,0.4371239470517449,0.3831686909676459,0.3878080039148819,0.3928433649661782,0.03874538745387454
2009-09-18,22.04,-0.0022660331473121076,0.34532374100719426,0.5258568851473241,0.374869363751788,0.4153499966354354,0.4153499966354354,0.0
2009-09-21,22.32,-0.017322218604356898,0.36428999400838824,0.4504206730769231,0.3819755217934431,0.3988953962929181,0.4024507252736396,0.02886977886977887
2009-09-22,22.03,-0.008137477092084122,0.34281437125748504,0.496996996996997,0.3861099558570401,0.40864044137050737,0.40864044137050737,0.0
2009-09-23,22.0,-0.009950330853167877,0.34111310592459604,0.4882953181272509,0.39393913377296497,0.4077825192749373,0.4077825192749373,0.0
2009-09-24,23.06,0.045694354026661,0.4081937799043062,0.729754049190162,0.4059088573505084,0.514618895481659,0.514618895481659,0.0
2009-09-25,22.54,0.022432524326916337,0.37925881649731025,0.6453836930455635,0.41725055995980664,0.4806310231675601,0.4806310231675601,0.0
2009-09-28,23.53,0.052793065226160785,0.4441457586618877,0.7624325943678849,0.42431509765054043,0.543631150226771,0.543631150226771,0.0
2009-09-29,23.03,0.044392553018341996,0.4059701492537313,0.7254491017964072,0.437744289445882,0.5230545134986736,0.5230545134986736,0.0
2009-09-30,22.85,0.03790866398189774,0.39468973747016706,0.7022740873728306,0.4420112240578189,0.5129916829669389,0.5149854530683206,0.01901840490797546
2009-10-01,23.82,0.032426049086240916,0.46213476446034585,0.6821172248803827,0.4480576039195189,0.5307698644200824,0.5307698644200824,0.0
2009-10-05,25.1,0.10757633752610829,0.5423122765196663,0.8909145248057382,0.45873878061634327,0.6306551939805826,0.6306551939805826,0.0
2009-10-06,24.28,0.031376763452026335,0.48808814770696846,0.6789127837514934,0.4679784206683422,0.5449931173756014,0.5484928744483758,0.03002450980392157
2009-10-07,24.01,0.04167269640056803,0.47410714285714284,0.7185074626865672,0.47955790421409833,0.5573908365859361,0.5573908365859361,0.0
2009-10-08,24.18,0.056574727846432804,0.4860202260559191,0.7699880668257757,0.4906382041044964,0.582215498995397,0.582215498995397,0.0
2009-10-09,21.95,-0.0817584244059737,0.3370986920332937,0.17978533094812166,0.48727121605163537,0.33471841301101685,0.5299946119897068,0.9443084455324358
2009-10-12,22.56,-0.10668941950788025,0.37849079025549615,0.10578069129916567,0.48367754078271324,0.3226496741124583,0.4683935080160819,0.8551344743276283
2009-10-13,22.45,-0.0783623520030341,0.37084323040380046,0.19088743299583086,0.4777302872733468,0.3464869835576594,0.4286922812524935,0.6025641025641025
2009-10-14,22.59,-0.06096307975325033,0.3801186943620178,0.2520833333333333,0.4710772850332801,0.3677597709095437,0.39076606811721504,0.19329268292682927
2009-10-15,22.32,-0.08004270767353638,0.36269276393831557,0.18471148126115408,0.46671283088159854,0.33803902536035607,0.34193077339020683,0.03714981729598051
2009-10-16,23.06,0.04933237531973278,0.4096028452874926,0.7464328180737217,0.47610733944620376,0.5440476676024727,0.5440476676024727,0.0
2009-10-19,23.28,0.03141619623337899,0.42476303317535546,0.6788472964943553,0.48191808203408365,0.5285094705679315,0.5285094705679315,0.0
2009-10-20,22.43,-0.0008912656561461674,0.3697454114860864,0.5311757719714965,0.48407334494339044,0.46166484280032444,0.46166484280032444,0.0
2009-10-21,22.5,-0.00399202126953746,0.3757396449704142,0.5118694362017804,0.4852682877663332,0.45762578964617595,0.46597735919545213,0.06873479318734793
2009-10-22,23.5,0.05151728363700325,0.44529863985807216,0.7583036773428232,0.4946231350950595,0.5660751507653182,0.5660751507653182,0.0
2009-10-23,22.03,-0.045694354026661,0.3398345153664303,0.3138707765263782,0.482517071665018,0.37874078785260884,0.4785232083264718,0.7004860267314702
2009-10-26,22.18,-0.048403640941016235,0.3544004725339634,0.3059834123222749,0.47341060604785207,0.3779314969680301,0.44840761360649156,0.5467233009708737
2009-10-27,22.26,-0.007608002684718063,0.359504132231405,0.49763173475429245,0.46467454389675017,0.4406034702941492,0.44419533910525644,0.03212121212121212
2009-10-28,24.16,0.07118306385623985,0.4882005899705015,0.8144970414201184,0.4689565034052622,0.5905513782652939,0.5905513782652939,0.0
2009-10-29,25.59,0.085201229021584,0.5813679245283019,0.8500887049083382,0.4773188235201033,0.6362584843189144,0.6362584843189144,0.0
2009-10-30,25.41,0.14273763651782057,0.5707130229817324,0.9358747044917257,0.4863772169734215,0.6643216481489599,0.6643216481489599,0.0
2009-11-02,25.75,0.1492436451875241,0.5909893992932862,0.9447725930301241,0.48894059674837165,0.6749008630239274,0.6749008630239274,0.0
2009-11-03,25.08,0.11927936991732091,0.5426721600941731,0.9058441558441559,0.4959784813603684,0.6481649324328992,0.6481649324328992,0.0
2009-11-04,24.48,0.013158084577511442,0.505,0.5997050147492625,0.49378074159050717,0.5328285854465898,0.6312949026742581,0.6918886198547215
2009-11-05,25.34,-0.009817475278704357,0.5631981187536743,0.4855542452830189,0.48859934336938216,0.5124505691353584,0.6065333196375469,0.6596130592503023
2009-11-06,23.67,-0.07093437380618006,0.45387779083431257,0.2136122569239835,0.49236449398880416,0.38661818058236674,0.5509926261242283,0.8979468599033816
2009-11-09,22.97,-0.11424561040873815,0.4022313564298297,0.09040047114252062,0.49257350263924626,0.3284017767371989,0.4816928088668826,0.867913148371532
2009-11-10,22.88,-0.09180754925312273,0.3955399061032864,0.14273101824602707,0.49198700916298843,0.3434193111707673,0.4207436846144562,0.5813253012048193
2009-11-11,22.02,-0.10590532634959171,0.3357771260997067,0.10852941176470589,0.48728962191721487,0.3105320532605425,0.37628437817724675,0.5252707581227437
2009-11-12,22.52,-0.11798037162150354,0.37602579132473624,0.08495002939447384,0.48512891130520835,0.3153682440081395,0.336867913151803,0.17247596153846154
2009-11-13,22.44,-0.05336334287139666,0.36906854130052724,0.2817273795534665,0.4724979177425279,0.37443127953217387,0.37443127953217387,0.0
2009-11-16,21.64,-0.05964556272272592,0.31323185011709603,0.25807398708162066,0.4591903054307531,0.3434987142098233,0.3434987142098233,0.0
2009-11-17,21.89,-0.04423325497682562,0.32738443534230544,0.3201291079812207,0.4528551144274017,0.36678955258364265,0.36678955258364265,0.0
2009-11-18,21.04,-0.04552574342502469,0.27573099415204677,0.3164222873900293,0.44546871943664873,0.34587400032624155,0.34919235813200417,0.029411764705882353
2009-11-19,20.57,-0.09057009960662388,0.25073056691992984,0.1503516998827667,0.4254057181766937,0.2754959949931301,0.3412179083290023,0.5257793764988009
2009-11-20,20.68,-0.0816780310142673,0.2558411214953271,0.18072642062097247,0.419977274432281,0.28551493884952683,0.3234346401924729,0.32395209580838324
2009-11-23,20.61,-0.04876705907591328,0.2536485697606538,0.3064988290398126,0.4174713622808867,0.32587292036045107,0.32587292036045107,0.0
2009-11-24,20.88,-0.04723814852033348,0.26896149358226373,0.3104154476301931,0.4105273891365557,0.3299681101163375,0.3299681101163375,0.0
2009-11-25,20.48,-0.026976587698201993,0.24431486880466471,0.4002923976608187,0.3940751300134273,0.34622746549297023,0.34622746549297023,0.0
2009-11-26,19.91,-0.03261158558876076,0.21182983682983683,0.3760958503798948,0.3729868564577546,0.3203041812224954,0.3215775232083562,0.014952153110047847
2009-11-27,22.87,0.10065895839446126,0.39866045428072217,0.8799649532710281,0.3672877984597119,0.548637735337154,0.548637735337154,0.0
2009-11-30,21.94,0.06253505994471631,0.3341094295692666,0.7924693520140105,0.35705821819120853,0.4945456665914952,0.4945456665914952,0.0
2009-12-01,20.89,0.00047881255403625644,0.2719604421175102,0.5399649941656943,0.3411434461998304,0.38435629416101164,0.4188142685610253,0.2945041816009558
2009-12-02,20.38,-0.004894772376728529,0.23662790697674418,0.5110787172011662,0.3322184864355466,0.3599750368711523,0.42156378283666174,0.502983293556086
2009-12-03,19.78,-0.006550791881538842,0.20191748983149332,0.5037878787878788,0.3236423115501136,0.34311589338982856,0.42612612527012833,0.6096543504171633
2009-12-04,20.28,-0.12019082931170733,0.23257839721254356,0.07891671520093185,0.31474243816649305,0.2087458501933228,0.3581477482413621,0.8601190476190477
2009-12-07,20.33,-0.0762138272068289,0.23534532791642485,0.19528521536670548,0.3131924060592626,0.24794098311413096,0.30882681154588926,0.49643281807372175
2009-12-08,20.28,-0.02963539684549188,0.2325986078886311,0.38947062245491565,0.3152873637091184,0.312452198017555,0.312452198017555,0.0
2009-12-09,20.95,0.027584618573567976,0.2756521739130435,0.665406976744186,0.3277061790289388,0.4229217765620561,0.4229217765620561,0.0
2009-12-10,20.71,0.0459453492129267,0.2604287369640788,0.731841952353283,0.3409885507438926,0.4444197466870848,0.4444197466870848,0.0
2009-12-11,20.9,0.030113980247782557,0.2753329473074696,0.6756678281068524,0.34849367210790083,0.433164815840741,0.433164815840741,0.0
2009-12-14,21.39,0.05082589545405902,0.3035300925925926,0.7559489262913522,0.3606980016500315,0.4733923401779922,0.4733923401779922,0.0
2009-12-15,21.1,0.03963786175903827,0.2871602082128398,0.7143271461716937,0.3695473469265567,0.4570115671036967,0.4570115671036967,0.0
2009-12-16,20.82,-0.006224583181323684,0.2661849710982659,0.5057971014492754,0.37404306670169335,0.3820083797497449,0.43799936991185195,0.45546318289786225
2009-12-17,21.0,0.013905762315930215,0.2784517619872906,0.604577056778679,0.38609173050077517,0.42304018308891495,0.43372345719221794,0.09193357058125741
2009-12-18,20.33,-0.027651531330509904,0.23498845265588914,0.39577301679212507,0.39094657868406807,0.3405693493773607,0.4152043638995419,0.5693127962085308
2009-12-21,20.6,-0.03763244729877879,0.2553375649163301,0.3504050925925926,0.39208646015177945,0.3326097058869007,0.3870478370413236,0.4372781065088757
2009-12-22,19.66,-0.07068692576300029,0.19348327566320647,0.21486408328513593,0.38781072059517663,0.2653860265145063,0.34872272892348555,0.6117021276595744
2009-12-23,19.31,-0.07529096674639968,0.17752161383285303,0.19797687861271676,0.38108300124467875,0.2521938312300828,0.3227598192195531,0.5495867768595041
2009-12-24,19.09,-0.09535779998576688,0.16561059907834103,0.1320046216060081,0.3738252395815442,0.22381348675529775,0.2829144799528297,0.4829009433962264
2009-12-28,20.37,0.0019656025984593484,0.23862982153137594,0.5476327944572749,0.3615161697924667,0.3825929285937058,0.3825929285937058,0.0
2009-12-29,20.26,-0.016642576974998047,0.23130034522439585,0.4549913444893249,0.35050899249572776,0.3456002274031495,0.3456002274031495,0.0
2009-12-30,20.35,0.0344947971695837,0.2386428982173663,0.6911764705882353,0.35345634080878774,0.42775856987146305,0.42775856987146305,0.0
2010-01-04,20.94,0.08103810900196784,0.2795977011494253,0.838328530259366,0.3627118309895597,0.4935460207994504,0.4935460207994504,0.0
2010-01-05,20.6,0.07612643805787922,0.25789775990809877,0.8257488479262672,0.3721603619699346,0.4852689899347669,0.4852689899347669,0.0
2010-01-06,19.89,-0.02384613737283381,0.2092422502870264,0.4113413932066782,0.37988757524694033,0.3334904062468816,0.41713284285114227,0.6130742049469965
2010-01-07,19.81,-0.022461638110077953,0.20453241537578887,0.4180092059838895,0.384685352198854,0.3357423245195108,0.4151612622744145,0.5935294117647059
2010-01-08,19.45,-0.04523384182414869,0.18434633027522937,0.31598619896492236,0.3816419346712691,0.29399148797047364,0.3884078458942167,0.6692126909518213
2010-01-11,19.22,-0.08570980190024446,0.17106017191977077,0.16637931034482759,0.3665514429614534,0.23466364174201726,0.33663137008273003,0.7153755868544601
2010-01-12,18.83,-0.0898397331264742,0.1474799541809851,0.1530729465824239,0.3492584982476046,0.21660379967033785,0.28289833202984427,0.5304806565064478
2010-01-13,19.77,-0.0060514556833553,0.20206067544361764,0.5077497129735936,0.3432287385726768,0.35101304232996267,0.35101304232996267,0.0
2010-01-14,19.57,-0.012189079302474592,0.19279176201372997,0.47819850831899025,0.3335165198588962,0.33483559673053875,0.33483559673053875,0.0
2010-01-15,18.19,-0.06697507753442444,0.1126357918810749,0.22735091743119265,0.31697900373208954,0.21898857101478572,0.2712209302975285,0.4174473067915691
2010-01-18,18.53,-0.036560363244878324,0.13428571428571429,0.35730659025787964,0.30996925953199084,0.2671871880251949,0.27772563955416396,0.09064327485380116
2010-01-19,18.27,-0.0301909722791458,0.11850371216447744,0.3857388316151203,0.30049960265733155,0.2682473821456431,0.288054356049225,0.16296728971962618
2010-01-20,18.06,-0.09046608919368593,0.10616438356164383,0.14968517458500286,0.29112680487479736,0.18232545434048134,0.25431683845132874,0.5548424737456242
2010-01-21,18.13,-0.07642975664122531,0.11066742726754136,0.19422196796338673,0.28360547331784747,0.19616495618292518,0.22658271034180605,0.256993006993007
2010-01-22,20.92,0.13983364666669118,0.2844925883694413,0.933390508862207,0.30384386677493014,0.5072423213355262,0.5072423213355262,0.0
2010-01-25,21.98,0.17074190867820693,0.3507122507122507,0.9602857142857143,0.32723135358874,0.5460764395289016,0.5460764395289016,0.0
2010-01-26,23.3,0.24319299018173934,0.44533029612756264,0.9848657909765848,0.355545875249235,0.5952473207844609,0.5952473207844609,0.0
2010-01-27,24.11,0.28892714420424026,0.49943084803642573,0.990582191780822,0.37313963584494986,0.6210508918873993,0.6210508918873993,0.0
2010-01-28,22.35,0.20925829629281845,0.3785551763367463,0.9717626925270965,0.38974029032370294,0.5800193863958486,0.5800193863958486,0.0
2010-01-29,23.29,0.10731844469952723,0.44371802160318363,0.8908209806157354,0.39985828115903593,0.5781324277926517,0.5841052932778524,0.05180442374854482
2010-02-01,23.13,0.050997527267872655,0.43068181818181817,0.7575498575498576,0.401615917267108,0.5299491976662613,0.5808798449053244,0.4087209302325581
2010-02-02,22.15,-0.05061586408051033,0.36598523566155594,0.2935649202733485,0.3910135059696215,0.35018788730150857,0.531867958208734,0.9308943089430894
2010-02-03,20.51,-0.16171412010879038,0.25595913734392733,0.029311326124075127,0.3826306764689789,0.22263371331232715,0.4521845224937195,0.9808584686774942
2010-02-04,20.82,-0.07091225787275501,0.2739648326715825,0.21530147895335608,0.3792987937256104,0.2895217017835163,0.39408498557125304,0.7271147161066048
2010-02-05,22.71,-0.025218727778782313,0.4050453514739229,0.40733371233655485,0.38709995708986855,0.39982634030011543,0.39982634030011543,0.0
2010-02-08,22.92,-0.009120584396808962,0.4172804532577904,0.49630681818181815,0.40150365181924375,0.43836364108628406,0.43836364108628406,0.0
2010-02-09,23.71,0.06805940358616969,0.47451868629671573,0.8066439522998297,0.4260188952650722,0.5690605112872058,0.5690605112872058,0.0
2010-02-10,22.97,0.1132764446167176,0.4207696661007357,0.8981271282633371,0.44124605541374373,0.5867142832592722,0.5867142832592722,0.0
2010-02-11,22.68,0.08556941567272824,0.4029977375565611,0.8505388542257516,0.4558097134499836,0.5697821017440988,0.5697821017440988,0.0
2010-02-12,21.74,-0.04365147442440387,0.3352176370830978,0.32227891156462585,0.46374745943337,0.3737480026936979,0.5075337080141118,0.8327546296296297
2010-02-16,21.11,-0.08226302998630963,0.2966101694915254,0.17535410764872522,0.4632567587482864,0.31174034529617906,0.4822090488560907,0.9127167630057803
2010-02-17,19.58,-0.1913882629749497,0.19424054206662902,0.014439411098527746,0.45586769398292537,0.22151588238269404,0.41270012307518844,0.9405311778290993
2010-02-18,19.63,-0.15713000841263725,0.19497742663656886,0.03254102999434069,0.455159416445032,0.22755929102531383,0.3408691246283967,0.759515570934256
2010-02-19,20.8,-0.0865304921522787,0.2718556119571348,0.16544117647058823,0.4584696012749518,0.29858879656755827,0.29858879656755827,0.0
2010-02-22,20.15,-0.07594959330037154,0.22970687711386698,0.19700395703787452,0.4386902946979541,0.28846704294989856,0.28846704294989856,0.0
2010-02-23,19.69,-0.06963596920919501,0.19943661971830987,0.22005649717514125,0.4164026734953413,0.27863193012959747,0.27863193012959747,0.0
2010-02-24,20.01,0.02172351149327767,0.22015765765765766,0.6428571428571429,0.4022231413306076,0.4217459806151361,0.4217459806151361,0.0
2010-02-25,21.06,0.0703164984174598,0.29487900956668545,0.8112302483069977,0.3926255467820185,0.49957826821856727,0.49957826821856727,0.0
2010-02-26,20.59,-0.010147465667574185,0.26152980877390325,0.48815566835871405,0.37760973698873784,0.37576507137378506,0.37576507137378506,0.0
2010-03-02,19.54,-0.03074064177805491,0.18943226531759416,0.38416009019165726,0.35858607082099614,0.31072614211008254,0.3772894784894337,0.5293778801843319
2010-03-03,19.24,-0.023119447413473715,0.17387640449438202,0.416056338028169,0.3436285974907681,0.31118711333777305,0.3838005151310688,0.5540851553509781
2010-03-04,19.64,-0.01866384566932222,0.19623806850084222,0.44510135135135137,0.3431733290887003,0.32817091631363127,0.36508550227076786,0.3120689655172414
2010-03-05,18.76,-0.11564856312775085,0.14562289562289563,0.08750703432751829,0.3418698157507606,0.19166658190039151,0.3035031650071327,0.7560275545350172
2010-03-08,18.75,-0.09361176862327847,0.14554122265844083,0.13807649043869516,0.3367286007875655,0.20678210462823385,0.2697065716580224,0.5063073394495413
2010-03-09,19.04,-0.025921617251417395,0.1633968609865471,0.40556492411467115,0.330643168819834,0.29986831797368413,0.29986831797368413,0.0
2010-03-10,19.21,-0.001560468457095343,0.17170868347338936,0.5345505617977528,0.3254599681656224,0.3439064044789215,0.3439064044789215,0.0
2010-03-11,19.0,-0.033129323759879536,0.15985442329227323,0.37366647950589554,0.306768924770663,0.2800966091896106,0.2800966091896106,0.0
2010-03-12,17.78,-0.053652713492319926,0.08757694459988809,0.2797418630751964,0.2829794751034383,0.21676609425950757,0.26948390610599154,0.4209621993127148
2010-03-15,18.41,-0.018299757171433395,0.12807606263982102,0.44840157038698825,0.26605300113455066,0.2808435447204533,0.2842961941244354,0.03032036613272311
2010-03-16,18.19,-0.04567003683318838,0.11207378423700391,0.31698430493273544,0.26034203964760105,0.22980004293911346,0.2702825391175213,0.3365714285714286
2010-03-17,17.44,-0.0966645582996315,0.07569832402234637,0.126890756302521,0.2536076597272165,0.15206558001736128,0.23191437422520922,0.5976027397260274
2010-03-18,17.35,-0.09084647277357183,0.0728643216080402,0.14585666293393057,0.2538586855116368,0.15752655668453586,0.2074003637241943,0.40193842645381983
2010-03-19,16.93,-0.048987033940714575,0.05524553571428571,0.3063794068270845,0.25721134765939835,0.20627876340025617,0.20627876340025617,0.0
2010-03-22,17.4,-0.05642378902450318,0.07612939208031233,0.2715324384787472,0.2549704737126818,0.2008774347572471,0.2008774347572471,0.0
2010-03-23,17.1,-0.06179352902141666,0.05713489409141583,0.25069871436556734,0.2519985430703128,0.1866107171757653,0.1866107171757653,0.0
2010-03-24,17.2,-0.013857034661426404,0.06323119777158774,0.4729050279329609,0.25491462079059024,0.26368361549837965,0.26368361549837965,0.0
2010-03-25,17.39,0.0023028219733234323,0.07683741648106904,0.5547180346175321,0.24912813705518527,0.29356119605126213,0.29356119605126213,0.0
2010-03-26,17.2,0.015822187674363164,0.06343906510851419,0.6202566964285714,0.23856779964677033,0.3074211870612853,0.3074211870612853,0.0
2010-03-29,18.34,0.05261426060783547,0.12680756395995552,0.7660345789180145,0.24214671629040413,0.3783296197227914,0.3783296197227914,0.0
2010-03-30,17.75,0.03730705241281029,0.0906058921623124,0.7015050167224081,0.24760968012479084,0.3465735296698371,0.3465735296698371,0.0
2010-03-31,17.68,0.027524673390090015,0.08861111111111111,0.6676880222841226,0.2517688398966079,0.3360226577639472,0.3360226577639472,0.0
2010-04-01,17.34,-0.0028793570137959357,0.07440310938367574,0.5281180400890868,0.2507983831371221,0.2844398442032949,0.33055736768423116,0.37528473804100226
2010-04-02,16.47,-0.0433688396298586,0.034683684794672584,0.32526432943795214,0.2539688352441774,0.2046389498256007,0.31000092023709425,0.729806598407281
2010-04-05,16.99,-0.07645953114447801,0.056572379367720464,0.1935483870967742,0.25313141157836133,0.16775072601428534,0.26788514149539305,0.70625
2010-04-06,16.97,-0.04493843667528985,0.05626385809312639,0.32045580878265706,0.2483253586227255,0.20834834183283632,0.2402401039279929,0.2684449489216799
2010-04-07,16.98,-0.04039787632629599,0.05678670360110803,0.3436111111111111,0.24067882285875242,0.2136922125236572,0.2157740148799349,0.023242630385487528
2010-04-08,16.93,-0.023928775207351816,0.05564784053156146,0.4161576901721266,0.2391359385563904,0.2369804897533595,0.2369804897533595,0.0
2010-04-09,16.91,0.026364618720940314,0.054233536247924735,0.6617647058823529,0.2478529244177702,0.3212837221826826,0.3212837221826826,0.0
2010-04-12,17.64,0.0375441148948048,0.09015486725663717,0.7057681641708264,0.25333905937778656,0.3497540302684167,0.3497540302684167,0.0
2010-04-13,17.2,0.013462304573272466,0.0666113875069099,0.6078159645232816,0.25947329094929794,0.31130021432649646,0.31130021432649646,0.0
2010-04-14,15.51,-0.090551203694754,0.01408839779005525,0.1476454293628809,0.2584519096199996,0.14006191225764522,0.27187607375772005,0.8306908267270668
2010-04-15,15.22,-0.10647684371150445,0.011871893981225842,0.10382059800664452,0.2558761973061471,0.12385622976467248,0.2492512217599827,0.8037330316742082
2010-04-16,16.24,-0.040427828176957004,0.027317880794701987,0.3433868289983398,0.2561031914874389,0.20893596709349352,0.2267816707421449,0.15084745762711865
2010-04-19,18.63,0.05460413403485154,0.15223386651958082,0.7718473451327433,0.2705136760147705,0.39819829588903155,0.39819829588903155,0.0
2010-04-20,17.66,0.026392811356406476,0.0934399117971334,0.6619679380873411,0.28170303205045777,0.3457036273116441,0.3457036273116441,0.0
2010-04-21,17.01,0.09231642921932304,0.06088154269972452,0.8632596685082873,0.29140315668804434,0.4051814559653521,0.4051814559653521,0.0
2010-04-22,17.28,0.12693941094237005,0.07516519823788546,0.9191054665930425,0.30047103703135253,0.43158056728742683,0.43158056728742683,0.0
2010-04-23,17.54,0.07700665221050507,0.09080902586681343,0.8291942604856513,0.30637872515173703,0.4087940038347339,0.4087940038347339,0.0
2010-04-26,17.64,-0.05460413403485154,0.09378437843784379,0.27606177606177607,0.2933038254422783,0.22104999331396605,0.36246192954262463,0.8481941309255079
2010-04-27,17.53,-0.0073884962426706835,0.08960967564595931,0.5057883131201764,0.2883860024393136,0.29459466373514975,0.35224013682732574,0.46617812852311163
2010-04-28,19.55,0.13917388002360465,0.2076923076923077,0.9325068870523416,0.29798350397304907,0.4793942329058994,0.4793942329058994,0.0
2010-04-29,19.71,0.131576357788719,0.21993410214168038,0.9237334801762115,0.3115121647941773,0.4850599157040231,0.4850599157040231,0.0
2010-04-30,18.27,0.040776383445878306,0.13172338090010977,0.7195927352779307,0.3237963673428127,0.39170416117361767,0.39170416117361767,0.0
2010-05-03,20.45,0.1478138319101654,0.2668678003291278,0.9441694169416942,0.3478192786129709,0.5196188319612642,0.5196188319612642,0.0
2010-05-04,19.22,0.09203770460900351,0.18859649122807018,0.8611874656404618,0.36464588586278956,0.4714766142437738,0.4714766142437738,0.0
2010-05-06,21.72,0.10525820863435964,0.3545205479452055,0.887087912087912,0.385676151995812,0.5424282040096432,0.5424282040096432,0.0
2010-05-07,26.45,0.2941300371396798,0.6536144578313253,0.9914881933003844,0.4150085800065126,0.6867037437127408,0.6867037437127408,0.0
2010-05-10,25.94,0.35052580849838266,0.6308155446086481,0.9953347969264544,0.43776238249163324,0.6879709080089119,0.6879709080089119,0.0
2010-05-11,25.03,0.20209222295487184,0.5681072210065645,0.9695556774547449,0.45630587916747933,0.6646562592095963,0.6646562592095963,0.0
2010-05-12,24.9,0.25891639992851534,0.5617823947512302,0.9849232456140351,0.47811283637585617,0.6749394922470405,0.6749394922470405,0.0
2010-05-13,21.7,-0.0009212345193208016,0.3521857923497268,0.5367123287671233,0.496291943724954,0.46173002161393467,0.6352000849584448,0.9183558558558559
2010-05-14,20.47,-0.25629575863111054,0.2695248498088476,0.0052026286966046,0.5002678183878936,0.25833176563111526,0.5495256893421196,0.9983127109111362
2010-05-17,23.85,-0.08400196155394779,0.5010917030567685,0.17049808429118773,0.5077899453267665,0.3931265775582409,0.4905568232519856,0.6825842696629213
2010-05-18,23.9,-0.046196646506217576,0.5051827605019095,0.3115426695842451,0.5051060507876122,0.44061049362458893,0.445747670134984,0.04769921436588103
2010-05-19,25.06,0.006405145997260053,0.5730643402399127,0.5727173318753417,0.5148653963433817,0.5535490228195453,0.5535490228195453,0.0
2010-05-20,25.88,0.1761582090862861,0.6299727520435967,0.9587431693989071,0.531479764099244,0.7067318951805825,0.7067318951805825,0.0
2010-05-24,27.21,0.2846241531219569,0.6854575163398693,0.9893500819224468,0.5484931874350287,0.7411002618991148,0.7411002618991148,0.0
2010-05-25,30.95,0.26058878179625466,0.7716385410996189,0.9855349344978166,0.5694224421661529,0.7755319725878628,0.7755319725878628,0.0
2010-05-26,29.5,0.2105118044083092,0.7451033732317737,0.9713584288052373,0.6030878333545877,0.7731832117971994,0.7731832117971994,0.0
2010-05-27,26.09,0.04027914968071489,0.6394779771615008,0.7145583424209379,0.6220537916249953,0.6586967037358112,0.7310488090401142,0.5532511210762332
2010-05-28,23.89,-0.0800105082949818,0.502445652173913,0.18283378746594006,0.6106807977473754,0.43198674579574287,0.6760997791631462,0.9938409854423292
2010-05-31,24.01,-0.12511414256199282,0.5095057034220533,0.06781045751633986,0.5965220122128879,0.39127939105042703,0.6061356049934087,0.9670022371364653
2010-06-01,24.1,-0.2501611586339956,0.5157437567861021,0.006260206859009254,0.5882892083995647,0.370097724014892,0.5250487552788146,0.876536312849162
2010-06-03,21.85,-0.3001893418041752,0.3589256646771568,0.0029923830250272033,0.5670612291603488,0.30965975895417763,0.43234406471021014,0.7885044642857143
2010-06-04,21.8,-0.17964212935359347,0.35683297180043383,0.021479064709081022,0.5502744311513733,0.3095288225536294,0.36251048847377376,0.4230769230769231
2010-06-07,24.72,0.03415267125177168,0.5531165311653117,0.6872282608695652,0.5502428394514173,0.5968625438287648,0.5968625438287648,0.0
2010-06-08,23.93,-0.003337508312879933,0.5054171180931745,0.5211841390548615,0.5347803046018255,0.5204605205832872,0.5204605205832872,0.0
2010-06-09,23.57,-0.02223712354856966,0.4805089334055225,0.4220955483170467,0.5166916581065121,0.47309871327636044,0.47309871327636044,0.0
2010-06-10,22.38,0.02396678134218,0.3969155844155844,0.6519262072707542,0.5044711304371379,0.5177709740411588,0.5177709740411588,0.0
2010-06-11,20.52,-0.06050994949247457,0.27393185505678747,0.25352494577006507,0.4789899094486775,0.33548223675850997,0.48873499769761625,0.8669265033407573
2010-06-14,20.13,-0.20540139293778958,0.2437837837837838,0.013821138211382113,0.46320757947063546,0.2402708338219338,0.4174166556962501,0.9204671857619577
2010-06-15,19.84,-0.18743280006355523,0.2260940032414911,0.019772481040086675,0.4624860546150386,0.23611751296553876,0.36054805417270036,0.7938888888888889
2010-06-16,19.11,-0.20976295869585782,0.17980561555075594,0.013806172171088251,0.45053660462438583,0.21471613078207666,0.3088715376738436,0.6598224195338512
2010-06-17,19.47,-0.13929288349967095,0.20048569886670264,0.05005411255411255,0.4363819641577523,0.22897392519285584,0.25111212790418297,0.17572062084257206
2010-06-18,19.45,-0.05355295023811335,0.2001078748651564,0.2809626825310979,0.41976418628977735,0.3002782478953439,0.3002782478953439,0.0
2010-06-21,19.13,-0.05095345619953884,0.1811320754716981,0.29486486486486485,0.39194621176212874,0.2893143840328972,0.2893143840328972,0.0
2010-06-22,19.22,-0.03174869831458027,0.1866918103448276,0.38222582387898435,0.3642989626611662,0.3110721989616594,0.3110721989616594,0.0
2010-06-23,19.33,0.011446534968057698,0.19520732364028,0.5969222462203023,0.3401728650177448,0.37743414495944244,0.37743414495944244,0.0
2010-06-24,18.75,-0.03768106696768836,0.15823466092572658,0.3537506745817593,0.31006095335450673,0.2740154296206642,0.3104228810940014,0.3017718715393134
2010-06-25,19.7,0.012771565679487118,0.2192038730500269,0.6027508090614887,0.2967589124177336,0.3729045315097497,0.3729045315097497,0.0
2010-06-28,20.43,0.0657466253773693,0.26666666666666666,0.7997304582210243,0.30628685454892957,0.45756132647887354,0.45756132647887354,0.0
2010-06-29,22.15,0.1418860929489978,0.3868887694787749,0.9323814655172413,0.32483570640037013,0.5480353137987954,0.5480353137987954,0.0
2010-06-30,21.9,0.12482834360221551,0.3651987110633727,0.9114162627894453,0.34370098165556284,0.5401053185027936,0.5401053185027936,0.0
2010-07-01,22.03,0.1612114083978322,0.37546967257112185,0.951291711517761,0.3678220650652303,0.5648611497180377,0.5648611497180377,0.0
2010-07-02,22.47,0.1315624504532953,0.4096030042918455,0.9190424959655729,0.3915804016589279,0.5734086339721155,0.5734086339721155,0.0
2010-07-05,21.56,0.05383533721126543,0.3415549597855228,0.7663978494623656,0.3882706020892532,0.4987411371123805,0.5450303106208245,0.3733407079646018
2010-07-06,20.28,-0.0882023177681619,0.2558949624866024,0.15717356260075227,0.37293228378773613,0.26200026962503026,0.48782330178607153,0.9751381215469613
2010-07-07,20.75,-0.053940390145747585,0.2911087305838243,0.27792696025778735,0.3645930640157122,0.3112095849524413,0.44204415507600103,0.8217439293598234
2010-07-08,19.63,-0.11534615252588232,0.21199143468950749,0.0893719806763285,0.3459061046076996,0.2157565066578452,0.37222322646396255,0.8792723263506064
2010-07-09,18.13,-0.21461306143047842,0.11958266452648475,0.011534334763948498,0.33599760956928915,0.15570486961990745,0.2886824735935209,0.8254405286343612
2010-07-12,18.4,-0.15848908142585616,0.13823529411764707,0.032975871313672925,0.333837765655193,0.16834964369550431,0.22260417491014567,0.4273927392739274
2010-07-13,18.09,-0.11427587931577854,0.11758417958311064,0.09190782422293677,0.3329284036433048,0.1808068024831174,0.20636548148176312,0.20824175824175825
2010-07-14,18.16,-0.13332487350356015,0.12179487179487179,0.06025709694697375,0.3326394081688048,0.1715637923035501,0.17843632295198492,0.05982436882546652
2010-07-15,18.69,-0.04907038682089793,0.15563267485317672,0.30754817987152033,0.33795543425140184,0.26704542965869965,0.26704542965869965,0.0
2010-07-16,19.73,0.08457229526776455,0.22331910352187834,0.8451043338683788,0.3526392562512519,0.47368756454716965,0.47368756454716965,0.0
2010-07-19,21.15,0.13928924087734673,0.324,0.9286096256684492,0.37205457338454906,0.5415547330176661,0.5415547330176661,0.0
2010-07-20,20.62,0.13090217918160985,0.2867803837953092,0.9163548904329236,0.38791001438465955,0.5303484295376308,0.5303484295376308,0.0
2010-07-21,20.01,0.0970107754224947,0.2410761854022376,0.8683226495726496,0.3958417460125172,0.5017468603291347,0.5017468603291347,0.0
2010-07-22,20.87,0.11032409962163747,0.3021831735889244,0.891884676988788,0.41289380888927285,0.5356538864889951,0.5356538864889951,0.0
2010-07-23,19.62,-0.005590865897306951,0.2131452900478978,0.5109391675560299,0.41044705327658315,0.37817717029350356,0.4974962159333861,0.7779605263157895
2010-07-26,19.79,-0.06646314587781221,0.22686170212765958,0.23226666666666668,0.39526533437424904,0.2847979010561918,0.44614484954109124,0.8888280394304491
2010-07-27,19.64,-0.04869317566249398,0.215311004784689,0.30836886993603413,0.37537557536736677,0.2996851500293633,0.40001219363943774,0.6985776805251641
2010-07-28,19.27,-0.037682666169366996,0.1920828905419766,0.3545551411827384,0.35712615181416413,0.3012547278462931,0.3599137671428694,0.4737704918032787
2010-07-29,19.07,-0.09019630147678148,0.17870419543281996,0.15362087326943558,0.33226524392949847,0.2215301042105847,0.2970890106871873,0.5671397379912664
2010-07-30,19.26,-0.018519047767237673,0.1921443736730361,0.44837679616817455,0.3150621356690933,0.31852776850343467,0.31852776850343467,0.0
2010-08-02,18.55,-0.06470697056103036,0.14748010610079576,0.24122340425531916,0.2970809031967989,0.22859480451763795,0.27391851102146275,0.36368593238822244
2010-08-03,17.67,-0.10570001659471462,0.09331919406150584,0.10978203083466241,0.29183172069201924,0.1649776485293958,0.24697701072146921,0.5974945533769063
2010-08-04,17.64,-0.08838043184762956,0.09114997350291468,0.15913921360255048,0.2838630580986156,0.17805074840136026,0.2223362148324827,0.35418933623503807
2010-08-05,17.65,-0.07738063623302205,0.0926906779661017,0.194105151354222,0.28349886844747785,0.19009823258926717,0.21604984050821918,0.21141304347826087
2010-08-06,17.55,-0.09297645645810437,0.08867125463208046,0.1398619957537155,0.2859342747248619,0.17148917503688596,0.1866421218149094,0.11997828447339848
2010-08-09,17.81,-0.04070969175187411,0.1007936507936508,0.34456233421750665,0.2927878952143578,0.24604796007517174,0.24604796007517174,0.0
2010-08-10,18.34,0.03721618049671349,0.1361713379164463,0.6990986214209968,0.3084323441026427,0.38123410114669526,0.38123410114669526,0.0
2010-08-11,19.38,0.09407255588397456,0.20322410147991543,0.8608903020667726,0.33048390497276375,0.4648661028398173,0.4648661028398173,0.0
2010-08-12,20.35,0.14234512850929848,0.2696777601690438,0.9329978813559322,0.3489712746427708,0.5172156387225822,0.5172156387225822,0.0
2010-08-13,18.59,0.05756985182147778,0.15126715945089758,0.7758073054526204,0.34543755033060225,0.42417067174470674,0.42417067174470674,0.0
2010-08-16,18.71,0.0492980429844283,0.16094986807387862,0.7441798941798942,0.3367505537452354,0.4139601053330027,0.44028932395736087,0.2185466377440347
2010-08-17,18.39,0.002722571787911132,0.13976793248945146,0.5555261766261237,0.32405452461741896,0.339782877910998,0.4319990793102214,0.6516793066088841
2010-08-18,18.16,-0.0650202332894727,0.12308908803373748,0.23916490486257927,0.30537590356545463,0.22254329882059046,0.38353451850637604,0.8869047619047619
2010-08-19,17.77,-0.13556926972204408,0.09905163329820864,0.05573164289487586,0.27939378920583896,0.14472568846630782,0.30903652845512114,0.8956756756756756
2010-08-20,18.25,-0.018458721704852188,0.12954186413902052,0.45010559662090815,0.27578286428473897,0.28514344168155586,0.28514344168155586,0.0
2010-08-23,18.59,-0.006434338552645524,0.1531578947368421,0.5100263852242745,0.28088426206390876,0.3146895140083417,0.3146895140083417,0.0
2010-08-24,18.9,0.027354883449366874,0.17175170962651237,0.6648206751054853,0.2887065748141906,0.3750929865153961,0.3750929865153961,0.0
2010-08-25,19.62,0.07732808096406973,0.22082018927444794,0.8247232472324724,0.3011792099337457,0.4489075488135554,0.4489075488135554,0.0
2010-08-26,19.11,0.07270011608562177,0.18681029952706255,0.815331928345627,0.3179246389130066,0.4400222889285654,0.4400222889285654,0.0
2010-08-27,18.65,0.021681066061324028,0.15861344537815125,0.6416535018430753,0.321918283347507,0.3740617435229112,0.39055481635775396,0.1355291576673866
2010-08-30,17.9,-0.03782308888664376,0.1057742782152231,0.35447368421052633,0.32370689464924784,0.26131828569166576,0.3798805706944187,0.7750809061488673
2010-08-31,18.79,-0.005837108640222688,0.16789087093389296,0.5120988953182536,0.33562910818314734,0.33853962481176464,0.3725698983536925,0.27747844827586204
2010-09-01,18.01,-0.08562229494935236,0.11484006292606187,0.1695583596214511,0.3364818390691985,0.2069600872055705,0.3241804060320955,0.7701829924650161
2010-09-02,17.11,-0.1105486703480798,0.0600104821802935,0.09800315291644772,0.33326228421360893,0.1637586397701167,0.26892767620040575,0.7188172043010753
2010-09-03,16.8,-0.10446725968061132,0.047668936616029334,0.11370798319327731,0.33158337594919673,0.16432009858616778,0.22697934721305707,0.5
2010-09-06,16.55,-0.078414611023637,0.03743455497382199,0.19343832020997376,0.3262212982035127,0.1856980577957695,0.21185530163387783,0.2140557939914163
2010-09-07,16.72,-0.11671920576881867,0.04552590266875981,0.08735571878279119,0.3086615897563654,0.1471810704026388,0.17358359075205265,0.21918542336548769
2010-09-08,16.64,-0.07911772379480198,0.04210251046025105,0.19113791295228108,0.2878897402530115,0.1737100545551812,0.1737100545551812,0.0
2010-09-09,16.66,-0.026652451165405378,0.04286461055933089,0.40697064989517817,0.26906873072624976,0.23963466372691963,0.23963466372691963,0.0
2010-09-10,15.87,-0.05694835187089575,0.019070010449320794,0.2716081718177056,0.25315882366033754,0.18127900197578795,0.18550056969125941,0.04229122055674518
2010-09-13,15.22,-0.08377574938953236,0.011488250652741514,0.17617801047120418,0.23522223613209184,0.14096283241867916,0.17655352461584134,0.2967914438502674
2010-09-14,15.65,-0.06613469067039324,0.014874739039665972,0.23783359497645212,0.2241575917546054,0.15895530859024118,0.1789083722533618,0.16185897435897437
2010-09-15,15.49,-0.07161478096428553,0.013823682837767345,0.21678870292887029,0.22086655157636342,0.15049297911433368,0.17426495716519233,0.19583778014941303
2010-09-16,15.9,-0.0466915275125106,0.021637122002085507,0.31704129639309986,0.22546393013141594,0.1880474495088671,0.1880474495088671,0.0
2010-09-17,15.32,-0.035271370225872456,0.012245961438249088,0.36964472309299895,0.2205200107256989,0.20080356508564898,0.20080356508564898,0.0
2010-09-20,16.27,0.06671256879740683,0.029427083333333333,0.8028720626631853,0.22474788237658397,0.35234900945770087,0.35234900945770087,0.0
2010-09-24,16.47,0.05106962720338659,0.03800104112441437,0.7580897703549061,0.22373584304526703,0.33994221817486253,0.33994221817486253,0.0
2010-09-27,16.56,0.06679549452833644,0.042403746097814776,0.8030777256129369,0.21873429392536284,0.35473858854537155,0.35473858854537155,0.0
2010-09-28,16.55,0.04006699259688595,0.04160166406656266,0.7161105318039624,0.21262354312530873,0.3234452463319446,0.3234452463319446,0.0
2010-09-29,16.67,0.08445153245025772,0.04911642411642412,0.8454924439812402,0.21498209114721964,0.369863653081628,0.369863653081628,0.0
2010-09-30,16.77,0.03026865460417083,0.054025974025974026,0.67734375,0.22176013518722523,0.3177099530710664,0.3411399318409746,0.19349680170575692
2010-10-01,16.35,-0.007312646846286075,0.032191069574247146,0.5062467464862052,0.21822133643243294,0.2522197174976284,0.32359543170552774,0.5468583599574015
2010-10-04,16.53,-0.0018132371241805778,0.04099636741048261,0.5353798126951093,0.22552078037138493,0.26729898682565895,0.30610751136158526,0.32393617021276594
2010-10-05,16.45,-0.00606062461169099,0.03656639004149378,0.5124804992199687,0.23529661172550292,0.2614478336623218,0.29370802882766067,0.27151965993623806
2010-10-06,16.2,-0.02859945452436463,0.02669777086573354,0.39942827442827444,0.24191533986262045,0.22268046171887615,0.26427139055511034,0.3466029723991507
2010-10-07,16.27,-0.03026865460417083,0.03005181347150259,0.3914285714285714,0.24668052760552742,0.2227203041685338,0.2452734607746038,0.179745493107105
2010-10-08,16.21,-0.008599561595677763,0.027446918694976695,0.5012980269989615,0.2565771107115871,0.2617740188018418,0.2617740188018418,0.0
2010-10-11,16.7,0.010231807589776487,0.05408902691511387,0.5923715620134925,0.266907614849489,0.3044560679260318,0.3044560679260318,0.0
2010-10-12,16.82,0.02224317733342085,0.05975168132436627,0.64548755186722,0.2732927141679159,0.3261773157865007,0.3261773157865007,0.0
2010-10-13,16.5,0.018349138668196652,0.042140641158221304,0.628564022809746,0.28279337621043943,0.3178326800594689,0.3178326800594689,0.0
2010-10-14,16.28,0.0006144393434479589,0.031266149870801035,0.5484455958549223,0.2925945133254838,0.290768753017069,0.3002017671181824,0.07891949152542373
2010-10-15,16.43,0.01348059630159204,0.03770661157024793,0.6077162092180217,0.3024123754947876,0.31594506542768575,0.31594506542768575,0.0
2010-10-18,18.71,0.11364942086328877,0.1768198244708312,0.8977743271221532,0.3235119196404463,0.46603535707781024,0.46603535707781024,0.0
2010-10-19,19.62,0.15398079959241517,0.23503611971104232,0.9480082772891878,0.3446210691055724,0.5092218220352676,0.5092218220352676,0.0
2010-10-20,19.02,0.14213067621070952,0.19546157813305828,0.9335573940020683,0.3632992762956694,0.49743941614359866,0.49743941614359866,0.0
2010-10-21,18.36,0.12023702461794983,0.15257731958762888,0.9062015503875969,0.36896126939513707,0.47591337979012094,0.47591337979012094,0.0
2010-10-22,17.0,0.034104412007039286,0.07135497166409067,0.6882747933884298,0.36804974323446704,0.3758931694289958,0.4649006288951586,0.6386243386243386
2010-10-25,16.57,-0.12146430884752668,0.04840370751802266,0.07718120805369127,0.35005232933099106,0.15854574830090165,0.40340270713977694,0.9941860465116279
2010-10-26,16.34,-0.18293336470536037,0.033710756562017496,0.02089783281733746,0.33247473916871184,0.12902777618268893,0.3273638979692612,0.9487856388595565
2010-10-27,16.51,-0.14152479918520777,0.044238683127572016,0.04564208354822073,0.3123565366331651,0.13407910110298596,0.2546918349611387,0.7821729957805907
2010-10-28,16.59,-0.10137428098999113,0.05089974293059126,0.1172680412371134,0.2982764881367083,0.155481424101471,0.19060544382340866,0.2934668071654373
2010-10-29,18.6,0.0899482366629396,0.17034943473792394,0.8539412673879444,0.31042281028834373,0.44490450413807064,0.44490450413807064,0.0
2010-11-01,18.34,0.10149063538984704,0.15254237288135594,0.8782183316168898,0.32178242339816004,0.4508477092988019,0.4508477092988019,0.0
2010-11-02,18.38,0.11764702749568423,0.15682751540041068,0.9024704065877509,0.33453869921632756,0.46461220706816303,0.46461220706816303,0.0
2010-11-03,18.8,0.1298906119038672,0.18547973319651104,0.9174382716049383,0.35145849820401354,0.48479216766848765,0.48479216766848765,0.0
2010-11-04,18.67,0.11811785335127833,0.1764102564102564,0.9025706940874036,0.36789601234395325,0.48229232094720437,0.48229232094720437,0.0
2010-11-05,19.61,0.05287805948909918,0.23910814966683752,0.762332990750257,0.3797134172120321,0.4603848525430421,0.46858585150513987,0.0668421052631579
2010-11-08,19.3,0.05102062908252103,0.22003073770491804,0.7552645095017977,0.38793428366898486,0.45440984362523357,0.46929827837042615,0.11514195583596215
2010-11-09,18.71,0.017795023358457396,0.18074756784434204,0.6234599589322382,0.39040849100860975,0.39820533926173,0.4560169048091396,0.4679621848739496
2010-11-10,18.39,-0.022049831219673965,0.1573694984646878,0.4245767060030785,0.3881895295211047,0.32337857799629033,0.42373418687470005,0.7025183630640084
2010-11-11,20.54,0.09545624694678079,0.3092071611253197,0.8633333333333333,0.40301024823942794,0.5251835808993603,0.5251835808993603,0.0
2010-11-12,20.68,0.05312740943197358,0.31722903885480574,0.7634546386468478,0.41389176965726254,0.4981918157196387,0.4981918157196387,0.0
2010-11-15,20.32,0.05150052679944128,0.2889626980071538,0.7558913934426229,0.41314826815368233,0.48600078653448636,0.48600078653448636,0.0
2010-11-16,20.58,0.0952615901199052,0.3110316649642492,0.8625192012288786,0.4129109298835048,0.5288205986922109,0.5288205986922109,0.0
2010-11-17,20.37,0.10225619162248467,0.293517100561511,0.8794779938587513,0.41401033294063316,0.5290018091202985,0.5290018091202985,0.0
2010-11-18,19.21,-0.0669432277199471,0.21173469387755103,0.229923273657289,0.3985823103796235,0.28008009263815453,0.46441902054095785,0.9344863731656184
2010-11-19,18.43,-0.11518727795849681,0.1626721060683325,0.09023517382413088,0.3859142482506221,0.2129405093810285,0.4073687592732357,0.943979057591623
2010-11-22,18.35,-0.10197604820970163,0.1529051987767584,0.11624936126724579,0.38950348936242934,0.21955268313547785,0.35407913859343404,0.8289748953974896
2010-11-23,19.29,-0.06473290348826577,0.2205807437595517,0.2423391215526047,0.39971127126074946,0.2875437121909686,0.30582376129318556,0.14994775339602925
2010-11-24,19.93,-0.02183709601401107,0.26782077393075354,0.4280245022970903,0.41486038399955066,0.3702352200757982,0.3702352200757982,0.0
2010-11-25,19.88,0.034283224447962724,0.2636132315521629,0.6875,0.43443402018416216,0.4618490839121083,0.4618490839121083,0.0
2010-11-26,22.49,0.1990909942894925,0.4417599186164802,0.9686384497705253,0.44408671184069065,0.618161693409232,0.618161693409232,0.0
2010-11-29,23.36,0.24139558345944678,0.49796644636502285,0.9829255861365953,0.4553399950407749,0.6454106758474644,0.6454106758474644,0.0
2010-11-30,22.76,0.16541778234049254,0.45960365853658536,0.9554253693326541,0.4642332726878018,0.626420766852347,0.626420766852347,0.0
2010-12-01,21.73,0.08646766004363471,0.3877602844083291,0.8459775967413442,0.46750376959650736,0.567080550248727,0.5837845540539758,0.1393528183716075
2010-12-02,19.8,-0.0040322635279381736,0.25710659898477156,0.516793893129771,0.45987675813692946,0.4112590834171573,0.5736665539549854,0.892075078206465
2010-12-03,18.84,-0.1770884968230071,0.18746829020801623,0.02365208545269583,0.44011873901801996,0.21707970489291065,0.49345015625172123,0.9973958333333334
2010-12-06,19.2,-0.1961148789262901,0.21171399594320486,0.015505846466700559,0.4214168538980997,0.21621223210266838,0.40761046750276203,0.9380853277835588
2010-12-07,18.72,-0.1954121382086842,0.1819564115560061,0.016514227642276422,0.4062734317086423,0.20158135696897492,0.3226425855260876,0.7811850311850311
2010-12-08,18.87,-0.1411204348878794,0.189209726443769,0.04697816150330117,0.39762947379562485,0.21127245391423166,0.2514809662591886,0.3348909657320872
2010-12-09,18.2,-0.08426034361774004,0.14025316455696202,0.17436548223350254,0.3761814276039201,0.23026669146479492,0.23026669146479492,0.0
2010-12-10,17.5,-0.07378138821874858,0.09843117408906883,0.20877727042110603,0.35684454677913313,0.22135099709643602,0.22135099709643602,0.0
2010-12-13,16.95,-0.12464244520727696,0.07005563985837127,0.07226166328600406,0.33428112707149815,0.15886614340529115,0.20466752856994574,0.37396265560165975
2010-12-14,15.99,-0.1576289442035832,0.02300303336703741,0.03522554485554993,0.30639806987223456,0.12154221603160731,0.1886597003824722,0.5279792746113989
2010-12-15,15.85,-0.17440385905716926,0.01995957554320364,0.026595744680851064,0.2782370755173294,0.10826413191379469,0.1680580359823848,0.4839544513457557
2010-12-16,16.12,-0.12136085700426724,0.02601010101010101,0.08075949367088607,0.2698648661959831,0.1255448202923234,0.1471136617478905,0.17114788004136505
2010-12-17,15.99,-0.09023735408360567,0.023725391216557295,0.15612348178137653,0.2680384060236199,0.14929575967385122,0.14929575967385122,0.0
2010-12-20,17.98,0.058992195217015375,0.1284056508577195,0.7807283763277694,0.28403789270215696,0.39772397329588194,0.39772397329588194,0.0
2010-12-21,17.51,0.09080861945189778,0.1016137165910237,0.85262891809909,0.2963209619366059,0.41685453220890656,0.41685453220890656,0.0
2010-12-22,17.67,0.10869878600831573,0.11113911290322581,0.8895907023749369,0.3039430754128639,0.43489096356367557,0.43489096356367557,0.0
2010-12-23,17.69,0.09293877109321169,0.11385390428211586,0.8563131313131314,0.30441942051394094,0.42486215203639605,0.42486215203639605,0.0
2010-12-24,18.1,0.12394841142591728,0.1377139979859013,0.9098939929328622,0.2953496610772349,0.44765255066533277,0.44765255066533277,0.0
2010-12-27,18.1,0.006651909228305719,0.13789632611977856,0.572401614530777,0.27608480878095837,0.3287942498105046,0.4106108896569631,0.5986570247933884
2010-12-28,17.05,-0.026621942568235024,0.07570422535211267,0.4062027231467474,0.2527567567966989,0.2448879017651863,0.37621756356821906,0.8209494324045408
2010-12-29,16.19,-0.08747451864206113,0.02790346907993967,0.16507056451612903,0.22673766060785874,0.13990389806797582,0.31722015046907914,0.9190721649484536
2010-12-30,15.83,-0.11109263427877325,0.019597989949748745,0.10050377833753149,0.2103926925121772,0.11016482026648582,0.254280684115097,0.849124613800206
2011-01-03,16.37,-0.10046154688873665,0.03741838272225013,0.12260825780463243,0.20911534913383148,0.12304732988690469,0.18935963995941146,0.5241769547325102
2011-01-04,15.7,-0.14225122591751793,0.016817269076305222,0.045546049320583794,0.20499393603350602,0.08911908481013169,0.14142460695933684,0.4157245632065776
2011-01-05,15.86,-0.07234998752282396,0.02132463622679378,0.21654929577464788,0.205979018353585,0.14795098345167557,0.14795098345167557,0.0
2011-01-06,15.67,-0.032645711321614534,0.01579739217652959,0.3808446455505279,0.20999037209808474,0.2022108032750474,0.2022108032750474,0.0
2011-01-07,15.41,-0.026890224560896403,0.012781954887218045,0.4062814070351759,0.21260148997638298,0.21055495063292565,0.21055495063292565,0.0
2011-01-10,16.24,-0.007973056649511534,0.03406813627254509,0.5020090406830738,0.21832320828751905,0.251466795081046,0.251466795081046,0.0
2011-01-11,15.78,0.005082603063466085,0.02028042063094642,0.5660140562248996,0.22942263763030582,0.2719057048287173,0.2719057048287173,0.0
2011-01-12,15.58,-0.017812175764099436,0.015765765765765764,0.4538384345208229,0.23970702818190587,0.23643707615616485,0.23643707615616485,0.0
2011-01-13,16.87,0.07378884018994736,0.0727863931965983,0.8146940822467402,0.260730157062388,0.3827368775019089,0.3827368775019089,0.0
2011-01-14,15.64,0.014815085785140791,0.01625,0.612280701754386,0.27377418473922294,0.30076829549786965,0.30076829549786965,0.0
2011-01-17,16.55,0.018908767089540035,0.05322338830584707,0.6310120240480962,0.2863838482231231,0.3235397535256888,0.3235397535256888,0.0
2011-01-18,16.79,0.06204015567172094,0.06793206793206794,0.7884326489734602,0.28506461546612416,0.38047644412388415,0.38047644412388415,0.0
2011-01-19,15.57,-0.0006420545966951963,0.015726410384423364,0.5402902902902903,0.2751089671157391,0.2770418892634843,0.33291265198256714,0.4471252566735113
2011-01-20,15.81,-0.06489424533649624,0.02220558882235529,0.24437218609304653,0.25675516610667015,0.174444313674024,0.29125413921699017,0.7656410256410257
2011-01-21,16.87,0.0757051614407116,0.07531172069825437,0.81875,0.2548525332342453,0.3829714179774999,0.3829714179774999,0.0
2011-01-24,16.18,-0.022610190192726254,0.03265204386839481,0.4230384807596202,0.24005459657697656,0.23191504040166386,0.2893698210881112,0.45952868852459017
2011-01-25,15.42,-0.08511810295426603,0.013203786746387643,0.17457542457542458,0.226991628343758,0.13825694655519008,0.24092592157437237,0.7098259979529171
2011-01-26,14.62,-0.06295553152427447,0.005229083665338645,0.25237144283574636,0.22138396779381359,0.15966149809829952,0.21744984334133544,0.46370143149284254
2011-01-27,14.57,-0.0816780310142673,0.005226480836236934,0.18562874251497005,0.2213309975376921,0.13739540696296637,0.21004006199912392,0.5531154239019408
2011-01-28,14.5,-0.15138824713134813,0.0052238805970149255,0.04164588528678304,0.21950019747760502,0.08878998778713433,0.15120377596105083,0.5015306122448979
2011-01-31,16.3,0.007389196182371105,0.0417702635504724,0.57901296111665,0.23101911208111106,0.2839341122494112,0.2839341122494112,0.0
2011-02-01,16.28,0.054271992439211214,0.040755467196819085,0.7650722471350274,0.249605721979485,0.3518111454371105,0.3518111454371105,0.0
2011-02-07,16.32,0.11000089521432832,0.04346746150024838,0.891683266932271,0.2670376418902619,0.4007294567742605,0.4007294567742605,0.0
2011-02-08,16.95,0.15130321361934573,0.08341608738828203,0.9454952712792434,0.28284437491377357,0.43725191119376633,0.43725191119376633,0.0
2011-02-09,17.84,0.2072944777253345,0.13076923076923078,0.9708955223880597,0.299909409694646,0.46719138761731216,0.46719138761731216,0.0
2011-02-10,18.77,0.14109474278570078,0.20089285714285715,0.9316260566882149,0.31482045311653234,0.48244645564920147,0.48244645564920147,0.0
2011-02-11,19.46,0.17842371618346453,0.24814080317302925,0.9604870775347912,0.3303787882128317,0.5130022229735508,0.5130022229735508,0.0
2011-02-14,17.59,0.07493920921350572,0.11769078295341923,0.8149528067560854,0.3419547729484046,0.4248661208859697,0.4649516196639601,0.32976554536187563
2011-02-15,17.79,0.048368667851284464,0.1295195641406637,0.7356007944389275,0.34139577002681093,0.4021720428688007,0.457935645998967,0.4445010183299389
2011-02-16,18.81,0.0529455161610759,0.2042079207920792,0.7590570719602978,0.3497641273017607,0.43767637335137927,0.45203264314578034,0.11037639877924721
2011-02-17,19.12,0.01847505702483776,0.22538347352795646,0.6262400793650794,0.35394883081523804,0.4018574612360913,0.4359148442631584,0.2779471544715447
2011-02-18,17.76,-0.09141233919383485,0.12784371909000988,0.146504709965295,0.3393984236189825,0.20458228422476243,0.37423085651340066,0.9071065989847715
2011-02-21,18.78,0.06546191503065035,0.20266930301532377,0.793607532210109,0.3504049269827504,0.448893920736061,0.448893920736061,0.0
2011-02-22,20.33,0.13346112596251158,0.3105237154150198,0.9244675581971273,0.374615264450169,0.5365355126874387,0.5365355126874387,0.0
2011-02-23,20.2,0.07129396109422004,0.302962962962963,0.8081683168316832,0.3800420034275788,0.497057761074075,0.497057761074075,0.0
2011-02-24,20.63,0.07601141945990486,0.33687068114511354,0.818159327065809,0.3975254905171515,0.5175184995760247,0.5175184995760247,0.0
2011-02-25,19.83,0.11024720496768037,0.2794770596941293,0.8904549950544016,0.4220793116028195,0.5306704554504501,0.5306704554504501,0.0
2011-02-28,20.06,0.06593530875367248,0.29363905325443784,0.7926347009391992,0.44279614229513325,0.5096899654962568,0.5182944388568491,0.06947261663286004
2011-03-02,19.45,-0.044250557575799654,0.2491375061606703,0.3253458498023715,0.45238684561042913,0.342290067191157,0.4794453497575927,0.8363728470111449
2011-03-03,17.9,-0.12088189156045015,0.13596059113300493,0.08074074074074074,0.45663263476017785,0.2244446555446412,0.42492272865170594,0.9519230769230769
2011-03-04,16.25,-0.23865341830741382,0.03914327917282127,0.007650542941757157,0.44228289969636425,0.1630255739369809,0.3540241435238972,0.9368048533872598
2011-03-07,17.91,-0.10183672645908404,0.1392716535433071,0.11914158855451407,0.4285975378905135,0.2290035933294449,0.2936907710996962,0.5166666666666667
2011-03-08,17.78,-0.12065355244803078,0.1293654697491392,0.08210059171597633,0.4105054212163285,0.20732382756048132,0.23321754351254106,0.21039354187689202
2011-03-09,17.8,-0.08864861276641589,0.13077679449360866,0.16091670773780187,0.39207497480542564,0.2279228256789454,0.2279228256789454,0.0
2011-03-10,18.59,0.03782308888664376,0.18796068796068796,0.6982758620689655,0.3866892697272347,0.4243086065856294,0.4243086065856294,0.0
2011-03-11,19.23,0.16837865082494208,0.23722986247544203,0.9564254062038404,0.38821767859844,0.5272909824259074,0.5272909824259074,0.0
2011-03-14,18.91,0.0543316665977458,0.21305841924398625,0.7615649606299213,0.38236756607759215,0.45233031531716655,0.45233031531716655,0.0
2011-03-15,25.92,0.3769406413983152,0.6660942100098135,0.9972946384653222,0.400636197546733,0.6880083486739563,0.6880083486739563,0.0
2011-03-16,21.49,0.18838925335637935,0.39136831780284453,0.9648475909537857,0.41291358630115893,0.5897098316859296,0.5897098316859296,0.0
2011-03-17,22.05,0.17068880015950239,0.4308823529411765,0.957002457002457,0.42352908173094034,0.6038046305581913,0.6038046305581913,0.0
2011-03-18,20.42,0.060043253135831254,0.32092111709946103,0.7802062868369352,0.42976667800702434,0.5102980273144736,0.5688302307099435,0.4722782258064516
2011-03-21,18.4,-0.027340218055426302,0.17678746327130265,0.4013254786450663,0.43736079082855095,0.3384912442483066,0.5460624164961715,0.9602215508559919
2011-03-22,17.26,-0.4066231858287921,0.09960841899167891,0.0002453385672227674,0.41495021388688763,0.17160132381526308,0.4427810115244328,0.9954728370221329
2011-03-23,17.46,-0.20767516024296295,0.11007827788649706,0.014467876410004904,0.38718908590399653,0.1705784134001662,0.3589547278672801,0.9331658291457287
2011-03-24,16.69,-0.2785028642191114,0.06772616136919316,0.005637254901960784,0.36124488931590926,0.14486943519568773,0.2671676887947795,0.7796184738955824
2011-03-25,15.56,-0.271811293986274,0.01735092864125122,0.006124448799608035,0.33295602354665765,0.11881046699583897,0.1888701767310525,0.5381143430290872
2011-03-28,16.0,-0.13976194237515882,0.031021006350757205,0.05264446620959843,0.30579935899195326,0.12982161051743632,0.14713624998487845,0.14278557114228457
2011-03-29,16.11,-0.06895148846639865,0.033447265625,0.22980910425844348,0.2852239243841984,0.18282676475588064,0.18282676475588064,0.0
2011-03-30,16.55,-0.05352644858838396,0.05905319668130796,0.28791585127201563,0.2795360666839555,0.20883503821242635,0.20883503821242635,0.0
2011-03-31,16.57,-0.007215906235272129,0.06219512195121951,0.5029339853300734,0.2882467610691442,0.28445862278347905,0.28445862278347905,0.0
2011-04-01,16.39,0.05196787400549274,0.04826913700633837,0.7519550342130987,0.30708251979676565,0.3691022303387343,0.3691022303387343,0.0
2011-04-04,17.54,0.09189526470425591,0.11915204678362573,0.853199804592086,0.32493098502871287,0.4324276121348081,0.4324276121348081,0.0
2011-04-05,17.54,0.08504378975515392,0.11933755479785679,0.842041015625,0.3436787977526564,0.4350191227251711,0.4350191227251711,0.0
2011-04-06,18.07,0.0878670027810653,0.1543330087633885,0.8469985358711567,0.3614197488127348,0.45425043114909336,0.45425043114909336,0.0
2011-04-07,18.31,0.0998535272479475,0.17226277372262774,0.8729268292682927,0.36539357513676646,0.47019439270922897,0.47019439270922897,0.0
2011-04-08,18.13,0.10089663201102095,0.15904669260700388,0.8739639200390054,0.36137745873593463,0.46479602379398127,0.46479602379398127,0.0
2011-04-11,18.26,0.040228888222785475,0.16893534273213417,0.7073586744639376,0.3589192246689888,0.4117377472883535,0.44719954353316566,0.2927927927927928
2011-04-12,19.12,0.08625092067921836,0.2337220602526725,0.8429128105211885,0.34425037522645685,0.4736284153334392,0.4736284153334392,0.0
2011-04-13,18.64,0.031056704653307676,0.19936862554638174,0.6721032132424537,0.332131773477262,0.40120120408869914,0.4443115566427404,0.3485
2011-04-14,18.35,0.0021822158141602266,0.17694174757281553,0.5476885644768856,0.3155504110299137,0.34672690769320497,0.41961805963953563,0.5559440559440559
2011-04-15,18.04,-0.004976510132281842,0.15186802523047063,0.5119163424124513,0.3046168351225768,0.3228004009218329,0.39121893506510597,0.533433133732535
2011-04-18,18.53,0.01467816513044573,0.19131910766246363,0.604521147301896,0.3100600179487766,0.36863342430437873,0.38259807046831096,0.1061814556331007
2011-04-19,18.35,-0.04110533312267606,0.17741153659718856,0.34086491739552965,0.320520585359622,0.2795990131174468,0.3437921900251125,0.5144422310756972
2011-04-20,17.21,-0.07981919903399692,0.09714147286821706,0.1925692083535697,0.32464969853275416,0.20478679325151364,0.3045093078576754,0.6920398009950248
2011-04-21,17.38,-0.05430945466333359,0.1099273607748184,0.28179611650485437,0.33260870005796705,0.24144405911254663,0.2834527381415437,0.34542743538767395
2011-04-22,16.85,-0.0682408578361069,0.07889641819941917,0.23022804463852498,0.3397499271928942,0.2162914633436128,0.2621509506258997,0.3699106256206554
2011-04-25,17.56,-0.05376745209029776,0.12191582002902758,0.284917555771096,0.34782912477388844,0.25155416685800397,0.25155416685800397,0.0
2011-04-26,18.13,-0.012061549733819898,0.1607833655705996,0.47964129907901115,0.3572583321430426,0.3325609989308845,0.3325609989308845,0.0
2011-04-27,18.44,0.06903160790499996,0.19091348477525374,0.8001453488372093,0.37336057678452106,0.45480647013232806,0.45480647013232806,0.0
2011-04-28,18.09,0.04003917956995817,0.1572463768115942,0.7072639225181598,0.3808451065857326,0.4151184686384955,0.4151184686384955,0.0
2011-04-29,18.36,0.08582372839397356,0.18179623370352488,0.8429332042594385,0.3864577382543207,0.4703957254057614,0.4703957254057614,0.0
2011-05-02,18.43,0.04835618347476123,0.19087837837837837,0.7312530237058539,0.38520222702203377,0.43577787636875537,0.43577787636875537,0.0
2011-05-03,18.71,0.03149011551923886,0.2105643994211288,0.6733558994197292,0.3832657702324838,0.42239535635778064,0.4396987793806241,0.1423611111111111
2011-05-04,18.73,0.01560429832754906,0.21287367405978785,0.6097148380860319,0.3787971944202657,0.4004619021886951,0.42882986579189764,0.232408325074331
2011-05-06,19.62,0.08119015473001312,0.27518072289156625,0.8301932367149758,0.3803018033356562,0.49522525431406605,0.49522525431406605,0.0
2011-05-09,20.32,0.1014312375179367,0.3236994219653179,0.8751810719459199,0.3844485503672869,0.5277763480928416,0.5277763480928416,0.0
2011-05-11,20.08,0.08574452314179659,0.3086181993259509,0.8424227799227799,0.3913172244186034,0.5141194012224447,0.5141194012224447,0.0
2011-05-12,20.84,0.10781607659916803,0.3640519730510106,0.8868789194404245,0.39567462496154276,0.5488685058176593,0.5488685058176593,0.0
2011-05-13,20.24,0.07753432796326765,0.31866281866281865,0.8194310511089682,0.4023401757361166,0.5134780151693011,0.5198935049232626,0.05297029702970297
2011-05-16,20.37,0.03751377610149742,0.3295673076923077,0.6918072289156626,0.40975878135007326,0.4770444393193478,0.5162573419243189,0.3259149357072206
2011-05-17,19.84,-0.02390552085355413,0.2936088419029313,0.41401734104046245,0.4108548267325851,0.37282700322532625,0.48526747295081585,0.7485177865612648
2011-05-18,18.24,-0.09610731017734286,0.16762728146013448,0.13360616273471354,0.3984896564633473,0.23324103355273174,0.42909179941687325,0.9442250740375123
2011-05-19,18.22,-0.1343543250533541,0.16658665386461835,0.06039461020211742,0.3912072767151977,0.20606284692731117,0.36053066763880365,0.8683431952662722
2011-05-20,17.29,-0.15753254472406564,0.10316698656429943,0.0367965367965368,0.38746359776867395,0.17580904037650338,0.29299687268024405,0.7660098522167488
2011-05-23,19.3,-0.053958134327874774,0.2551558752997602,0.2829326923076923,0.39112272502686846,0.3097370975447737,0.3097370975447737,0.0
2011-05-24,19.25,-0.030189041122933524,0.25119846596356665,0.3889956751561749,0.3993994669839134,0.34653120270121834,0.34653120270121834,0.0
2011-05-25,19.87,0.08559407191753987,0.29731672256827985,0.8422190201729106,0.41771702615744005,0.5190842562995436,0.5190842562995436,0.0
2011-05-26,19.08,0.04612077418832827,0.23730842911877395,0.7222755640902544,0.42569600937142543,0.46176000086015123,0.46176000086015123,0.0
2011-05-27,18.13,0.04743972507156036,0.16036381043561512,0.7262476007677543,0.42308482381119816,0.4365654116715225,0.4365654116715225,0.0
2011-05-30,19.42,0.006198366952339107,0.26220095693779905,0.564748201438849,0.4221457952873705,0.4163649845546728,0.4360611712174217,0.15698818897637795
2011-05-31,18.56,-0.03650233337573905,0.19775227164036346,0.3612176414189837,0.4105018071647801,0.3231572400747091,0.4313863786921198,0.7281219272369714
2011-06-01,17.97,-0.10050735576825787,0.14746653919694072,0.12290368950646861,0.3942077778302595,0.22152600217788962,0.3718747278677891,0.8541257367387033
2011-06-02,18.93,-0.007892700798909136,0.22742474916387959,0.49688697318007663,0.390217563417837,0.37150976192059776,0.37150976192059776,0.0
2011-06-03,18.75,0.03362572764966032,0.21466093600764088,0.6761608425083773,0.39192339507709195,0.4275817245310367,0.4275817245310367,0.0
2011-06-07,19.72,0.015329886311310492,0.2885441527446301,0.6083732057416268,0.3867119800490848,0.4278764461784472,0.4278764461784472,0.0
2011-06-08,20.66,0.10719073633343834,0.35758587786259544,0.8859397417503587,0.3878281081916277,0.5437845759348606,0.5437845759348606,0.0
2011-06-09,19.85,0.09950030633773199,0.2985216976633286,0.8730879541108987,0.3883423250047652,0.5199839922596641,0.5199839922596641,0.0
2011-06-10,19.36,0.02246111662719974,0.26048617731172546,0.6376015289058767,0.3795212453479193,0.4258696505218405,0.46901927788516984,0.34985279685966636
2011-06-13,19.59,0.043825479540029466,0.2770366841353025,0.7160936007640879,0.3758971557261094,0.4563424802084999,0.4747714290206625,0.15049019607843137
2011-06-14,18.81,-0.04724470586155016,0.21904761904761905,0.3124105011933174,0.36364924531693354,0.2983691218526234,0.4488699641554977,0.8545543584720862
2011-06-15,18.82,-0.09327932953425888,0.2196573060447406,0.1424141221374046,0.35501037644790234,0.23902726821001585,0.38791850261052874,0.8498043052837574
2011-06-16,19.91,0.003018110942905494,0.3054234062797336,0.5495946590367191,0.36885499197594246,0.40795768576413177,0.40795768576413177,0.0
2011-06-17,21.32,0.09643651744921256,0.40252020922491677,0.8639180171591992,0.39484141603387696,0.5537598808059977,0.5537598808059977,0.0
2011-06-20,21.67,0.10090958359181856,0.4220532319391635,0.8754168651738923,0.4237790803776824,0.5737497258302461,0.5737497258302461,0.0
2011-06-21,20.36,0.0791835483693828,0.3351543942992874,0.8230952380952381,0.43928310699735923,0.5325109131306283,0.5325109131306283,0.0
2011-06-22,19.7,0.04569850158670885,0.28679962013295346,0.7198952879581152,0.4484456261716424,0.48504684475423704,0.5106050100570483,0.20674486803519063
2011-06-23,19.95,0.002007025259767481,0.3087327954437589,0.5440057088487155,0.4412756952104246,0.43133806650096634,0.5152810862044152,0.61083984375
2011-06-24,18.92,-0.11942603567391119,0.2265180265654649,0.08535425582501188,0.4250829024399607,0.2456517282768125,0.453659455698578,0.9604878048780487
2011-06-27,20.65,-0.04821349614122594,0.36012328117591275,0.311074144486692,0.4196975528014416,0.3636316594880154,0.41163584243013196,0.3864522417153996
2011-06-28,21.11,0.03617467017790732,0.3917061611374408,0.6866983372921616,0.42598393630276554,0.501462811577456,0.501462811577456,0.0
2011-06-29,20.65,0.04709668366309927,0.3600189483657035,0.726258309591643,0.4391666199252155,0.5084812926275207,0.5084812926275207,0.0
2011-06-30,19.24,-0.0362376980983119,0.2518939393939394,0.3609397247271001,0.4477282058106563,0.3535206233105653,0.394549623056074,0.33641674780915287
2011-07-01,17.65,-0.06948378024442681,0.12423095125414103,0.224146110056926,0.43832983928483404,0.26223563353196705,0.3978664041071049,0.828307392996109
2011-07-04,17.66,-0.1564131242312281,0.12535477767265846,0.038643907064959696,0.42015926194037395,0.19471931555933067,0.36408393532136796,0.9003887269193391
2011-07-05,17.12,-0.20949949114663324,0.09078014184397164,0.014928909952606635,0.4003790542731321,0.1686960353565701,0.29753058007719074,0.8053398058252427
2011-07-06,17.14,-0.1863004062374083,0.09239130434782608,0.022501184272856467,0.37216322599832524,0.16235190487300258,0.22830470252628712,0.5213385063045587
2011-07-07,17.25,-0.10917930176019164,0.09990552668871044,0.10582386363636363,0.3480162194620965,0.18458186992905687,0.19451695184998546,0.0809108527131783
2011-07-08,17.41,-0.013691029599208093,0.11166194523135033,0.46781826786559394,0.34005103213408,0.3065104150770081,0.3065104150770081,0.0
2011-07-11,18.38,0.03996092175172716,0.1849929211892402,0.7050614947965941,0.33747413541124105,0.40917618379902515,0.40917618379902515,0.0
2011-07-12,20.31,0.1708660048786972,0.33254716981132076,0.9591016548463357,0.3564789030216591,0.5493759092264385,0.5493759092264385,0.0
2011-07-13,19.97,0.15281623425809032,0.3118811881188119,0.9458884688090737,0.3788713587403026,0.5455470052227294,0.5455470052227294,0.0
2011-07-14,20.12,0.1539022017541698,0.3206880301602262,0.9473311289560699,0.38919638608529866,0.5524051817338649,0.5524051817338649,0.0
2011-07-15,20.53,0.16484247725074486,0.3553933113518606,0.9539660056657224,0.39026941335113535,0.5665429101229061,0.5665429101229061,0.0
2011-07-18,21.16,0.14084949006255787,0.3999529190207156,0.9299197734780557,0.3910794782357782,0.5736507235781831,0.5736507235781831,0.0
2011-07-19,21.0,0.03340906213112982,0.3861176470588235,0.6733490566037735,0.38860990501748,0.48269220289335907,0.5441676047102085,0.49225556631171347
2011-07-20,19.6,-0.018701581191252092,0.2791627469426152,0.442008486562942,0.38147181315284223,0.3675476822194665,0.508567740109556,0.8351063829787234
2011-07-21,19.47,-0.03283952584743055,0.26986365773389753,0.37582469368520266,0.3762955593310079,0.3406613035833694,0.4662189644794569,0.7908212560386474
2011-07-22,17.9,-0.13708651818413342,0.14168233082706766,0.05723033443240697,0.3734715689027328,0.1907947447207358,0.3910693313990228,0.9502895752895753
2011-07-25,19.78,-0.06744128079553269,0.2949741662752466,0.2304613935969868,0.36982752225797355,0.29842102737673565,0.3360233921587333,0.30906460945033754
2011-07-26,19.4,-0.0792493716541407,0.2650234741784038,0.19364705882352942,0.3543341731222818,0.2710015687080716,0.2936852653216758,0.17967244701348747
2011-07-27,19.19,-0.021140256216863218,0.24706710464570625,0.42968015051740355,0.3440959230524259,0.34028105940517855,0.34028105940517855,0.0
2011-07-28,19.9,0.021844912346338674,0.3074577861163227,0.6335213916314058,0.3522995608930931,0.43109291288027385,0.43109291288027385,0.0
2011-07-29,21.0,0.159721724876714,0.3881856540084388,0.9508928571428571,0.37706709713909886,0.5720485360967983,0.5720485360967983,0.0
2011-08-01,19.31,-0.02404822975414289,0.2603092783505155,0.4131047440112729,0.38980248057970307,0.35440550098049717,0.39376591561416385,0.3238691049085659
2011-08-02,21.44,0.09998527013331904,0.4159250585480094,0.8725352112676056,0.419371261030179,0.5692771769485979,0.5692771769485979,0.0
2011-08-03,21.72,0.12384418504612604,0.43375468164794007,0.9087282965743783,0.4500610232702199,0.5975146671641793,0.5975146671641793,0.0
2011-08-04,22.58,0.12634482699106897,0.4897051941974731,0.9120544090056285,0.4799617785921706,0.6272404605984241,0.6272404605984241,0.0
2011-08-05,28.31,0.2986926614003851,0.7558465855940131,0.9922644163150492,0.5091775483124736,0.752429516740512,0.752429516740512,0.0
2011-08-08,35.26,0.6021260805293007,0.8803179055633473,0.9997656982193065,0.5339282780073941,0.8046706272633494,0.8046706272633494,0.0
2011-08-09,50.11,0.8489622527690317,0.9726635514018691,0.9997658079625292,0.5509477913750626,0.8411257169131536,0.8411257169131536,0.0
2011-08-10,46.89,0.7695709380357605,0.9600653900046707,0.9992977528089888,0.5684876285222069,0.8426169237786221,0.8426169237786221,0.0
2011-08-11,43.89,0.6646219449786268,0.9516806722689075,0.9988301357042583,0.5855499197436287,0.8453535759055981,0.8453535759055981,0.0
2011-08-12,37.15,0.2717486720399602,0.9129724685020999,0.985734331150608,0.6002836068095068,0.8329968021540716,0.833352729202959,0.002403846153846154
2011-08-16,28.53,-0.21179301174431542,0.7607276119402985,0.01332398316970547,0.5863880793747875,0.4534798914949305,0.7631145820492752,0.9995196926032661
2011-08-17,28.86,-0.5517640356259084,0.7687645687645688,0.00023364485981308412,0.5791263671238321,0.4493748602494046,0.6847644107165254,0.9832053742802304
2011-08-18,31.12,-0.4099537337913044,0.804520037278658,0.0007006071929005138,0.5812276023979823,0.4621494156231803,0.608670909085437,0.8461169702780441
2011-08-19,41.91,-0.04616204176316252,0.9476013041453191,0.31629318394024275,0.5966827558146439,0.6201924146334019,0.6201924146334019,0.0
2011-08-22,37.99,0.022359196035766082,0.9215549348230913,0.6339244050396641,0.6305969226797258,0.7286920875141604,0.7286920875141604,0.0
2011-08-23,34.78,0.1980863437007283,0.8706375058166589,0.9666511194029851,0.6633932493134111,0.8335606248443517,0.8335606248443517,0.0
2011-08-24,36.68,0.23977509404253938,0.9062790697674419,0.9801864801864801,0.6990881247372108,0.8618512248970442,0.8618512248970442,0.0
2011-08-25,37.4,0.18382000511029561,0.9163179916317992,0.9606244175209693,0.7290930035869523,0.8686784709132404,0.8686784709132404,0.0
2011-08-26,38.37,-0.0882485576781189,0.9258828996282528,0.16278528178854215,0.7327852286786789,0.6071511366984913,0.7799867089734576,0.9085249042145593
2011-08-29,33.41,-0.12846771083086939,0.841848583372039,0.07099627560521415,0.7221293873743279,0.544991415450527,0.743246574560731,0.9449760765550239
2011-08-30,30.39,-0.1349289019974349,0.7899257195914577,0.06165658445788739,0.7265835944165168,0.5260552994886206,0.6817455094895848,0.8695028680688337
2011-08-31,28.05,-0.26824301541955853,0.7440835266821346,0.007209302325581395,0.7131544083963194,0.4881490791346785,0.6070050803371115,0.7645654250238777
2011-09-01,29.79,-0.22749793769529525,0.7803803339517625,0.011390051139005115,0.6993865935680306,0.4970523262195994,0.5326798513983834,0.29341603053435117
2011-09-02,30.63,-0.22529598341417723,0.7939267501159017,0.011849442379182156,0.6844870083003302,0.49675440026513806,0.5106005041117128,0.10343183984747378
2011-09-05,35.55,0.06208489988058474,0.8820667284522706,0.7786809103576405,0.6823029242228513,0.7810168543442542,0.7810168543442542,0.0
2011-09-06,40.46,0.28620022481089746,0.9404817044928208,0.9881615598885793,0.68351691573782,0.8707200600397401,0.8707200600397401,0.0
2011-09-07,35.9,0.2467486635255276,0.8902777777777777,0.9812064965197216,0.6809932886111475,0.8508258543028823,0.8508258543028823,0.0
2011-09-08,33.93,0.13012681207094756,0.8479870430356317,0.9121057513914657,0.6760115299014835,0.8120347747761936,0.8120347747761936,0.0
2011-09-09,36.96,0.18785632592879953,0.9095744680851063,0.9612888270746407,0.6740203420811479,0.8482945457469651,0.8482945457469651,0.0
2011-09-14,43.38,0.19905834914947862,0.9498381877022654,0.9654772937905468,0.6744355591271506,0.8632503468733209,0.8632503468733209,0.0
2011-09-15,39.14,-0.03316886977166922,0.9318391866913124,0.37355257063455305,0.6877190631825472,0.6643702735028042,0.8077551590404332,0.8404761904761905
2011-09-16,35.42,-0.013460663139545748,0.8773672055427252,0.4664351851851852,0.7020891676101353,0.6819638527793486,0.7739827587357265,0.6417697431018078
2011-09-19,39.04,0.1402871827487533,0.9314404432132964,0.9238778343359556,0.7283416084370776,0.8612199619954432,0.8612199619954432,0.0
2011-09-20,38.59,0.043156928776043824,0.9259344716197508,0.7083718778908418,0.7376019049727034,0.7906360848277654,0.7906360848277654,0.0
2011-09-21,37.51,-0.14539094130493257,0.9148985239852399,0.048774849745723534,0.7228067558194087,0.5621600431834574,0.7120700432577637,0.848384030418251
2011-09-22,40.58,0.0361303724297386,0.9407561088059013,0.6818391866913124,0.7174394225763479,0.7800115726911873,0.7800115726911873,0.0
2011-09-23,45.95,0.26027721644700863,0.9566820276497696,0.9836027713625866,0.7187849038028087,0.886356567605055,0.886356567605055,0.0
2011-09-26,46.16,0.16752686065495226,0.9571625978811608,0.9499076638965835,0.7195381001184331,0.8755361206320592,0.8755361206320592,0.0
2011-09-27,41.8,0.07990316398118313,0.9463627992633518,0.8188740193816336,0.736452316049138,0.8338963782313744,0.8338963782313744,0.0
2011-09-28,43.29,0.14331409736009348,0.9486884491486425,0.9291974169741697,0.7605783412277769,0.8794880691168631,0.8794880691168631,0.0
2011-09-29,42.43,0.0445803248165646,0.9468721251149954,0.7116182572614108,0.7807510431859535,0.8130804751874532,0.8576715221545609,0.3603988603988604
2011-09-30,40.56,-0.12477148951876815,0.9379310344827586,0.0771889400921659,0.7873467218251335,0.6008222321333526,0.8005646550602206,0.9473434535104365
2011-10-04,45.32,-0.018365186040038672,0.9551930147058824,0.4438046982957163,0.8025274050229043,0.7338417060081678,0.7722257721354422,0.3132701421800948
2011-10-05,45.64,0.08788818546316435,0.9552135966926963,0.839548802946593,0.8272520602015095,0.8740048199469329,0.8740048199469329,0.0
2011-10-06,41.41,-0.044399263896413466,0.9437557392102847,0.3232857800276116,0.8174094072122091,0.6948169754833685,0.743313241751855,0.3877840909090909
2011-10-07,39.84,-0.06298422649783575,0.9327673244607618,0.25137994480220793,0.7987970073342485,0.6609814255324061,0.7128934318208456,0.40823084200567644
2011-10-10,39.41,-0.028762768076015632,0.9282110091743119,0.3914942528735632,0.7850025320280077,0.7015692646919609,0.7330428383325673,0.2556710775047259
2011-10-11,36.35,-0.22055423218027714,0.8920220082530949,0.012637867647058824,0.7636167090648341,0.5560921949883293,0.6974929361285995,0.8305004721435316
2011-10-12,34.06,-0.2926608497593324,0.8448670944087993,0.004363803399173174,0.7380758991310399,0.5291022656463374,0.6285124252684804,0.6806603773584906
2011-10-13,31.82,-0.26342737464783506,0.8018781493357765,0.008034894398530763,0.7104408381870772,0.5067846273071281,0.5909059556332323,0.6074458058435438
2011-10-14,31.49,-0.23520139760346437,0.7964743589743589,0.011243689765947683,0.6979989954724383,0.5019056814042483,0.5590908068076008,0.4533898305084746
2011-10-17,30.61,-0.2526928382495912,0.7837528604118993,0.008944954128440367,0.6842213810677491,0.4923063985360296,0.5172382335764145,0.19990592662276577
2011-10-18,33.07,-0.09456767698582702,0.82548032936871,0.14328289775332417,0.6620575048070686,0.5436069106430342,0.5436069106430342,0.0
2011-10-19,31.73,-0.07086106963943806,0.7999542752629173,0.22387717690192485,0.6467956323734247,0.556875694846089,0.556875694846089,0.0
2011-10-20,36.22,0.12951642954562637,0.8900822669104205,0.9095281722400367,0.6676940590089121,0.8224348327197898,0.8224348327197898,0.0
2011-10-21,34.42,0.08896775567046022,0.8524440383736867,0.8404304029304029,0.6694510376540841,0.7874418263193913,0.7874418263193913,0.0
2011-10-24,32.85,0.07062499197329863,0.8180365296803653,0.7961098398169336,0.6612975769162076,0.7584813154711688,0.7584813154711688,0.0
2011-10-25,33.72,0.01946460613995349,0.8372889091738932,0.6205397987191217,0.6500665380690893,0.7026317486540347,0.7255730836020947,0.1837406015037594
2011-10-26,33.92,0.0667422053285982,0.8391879562043796,0.7866941015089163,0.6465826690457972,0.757488242253031,0.7656955930834831,0.06244131455399061
2011-10-27,30.07,-0.1860834554548294,0.7701778385772914,0.027193784277879343,0.6195698129641061,0.4723138119397589,0.6956713889274769,0.973264540337711
2011-10-28,29.23,-0.16344221166023898,0.7572926162260711,0.03723161260849703,0.5979706591255601,0.4641649626533761,0.6310160161942739,0.8917525773195877
2011-10-31,31.02,-0.05731958718222696,0.7888382687927107,0.2732876712328767,0.5991458082618267,0.553757249429138,0.5900712029858678,0.29634831460674155
2011-11-01,31.99,-0.05266777917222809,0.8048724954462659,0.2932450935645824,0.5916238051620579,0.5632471313909687,0.5632471313909687,0.0
2011-11-02,33.94,0.0005894488823776634,0.8400091033227128,0.5367244525547445,0.5811730840680122,0.6526355466484898,0.6526355466484898,0.0
2011-11-03,36.21,0.1858073267771121,0.8901273885350318,0.959188326493388,0.5957299389627753,0.815015217997065,0.815015217997065,0.0
2011-11-04,31.12,0.06265512018703623,0.7889949977262392,0.7768915223336372,0.6052734202326979,0.7237199800975248,0.7237199800975248,0.0
2011-11-07,32.67,0.05182506786458596,0.8152272727272727,0.7428246013667426,0.6112320855338514,0.7230946532092889,0.7230946532092889,0.0
2011-11-08,32.86,0.026832758647695076,0.8175829168559745,0.6464025500910747,0.6252152253100238,0.6964002307523577,0.7221731257409452,0.20720299345182414
2011-11-09,30.46,-0.10817991233906454,0.7779291553133515,0.11219845243513883,0.6262376430585367,0.5054550836023424,0.6927370331317158,0.9294392523364486
2011-11-10,35.72,-0.013624567769251694,0.8785746709033136,0.46656050955414013,0.6396181964766154,0.6615844589780231,0.6620508813279073,0.004201680672268907
2011-11-11,34.18,0.093789978377254,0.8466424682395645,0.8497044110959527,0.6618339172414955,0.7860602655256709,0.7860602655256709,0.0
2011-11-14,31.47,-0.03742251453666334,0.790702947845805,0.35659090909090907,0.670698818301405,0.6059975584127063,0.6510995194542201,0.365205223880597
2011-11-15,32.34,-0.0159512584601611,0.8068902991840435,0.45729213993639256,0.6780842986013651,0.647422245907267,0.647422245907267,0.0
2011-11-16,35.43,0.15114457141036475,0.8710919800634346,0.9375567665758402,0.6977047309632259,0.8354511592008335,0.8354511592008335,0.0
2011-11-17,34.86,-0.024370715916423258,0.8616394927536232,0.41103041307308213,0.684531217630132,0.6524003744856124,0.705466320706418,0.4235787511649581
2011-11-18,36.16,0.05631285783653084,0.8895427795382526,0.7561252268602541,0.6833510567574925,0.7763396877186665,0.7763396877186665,0.0
2011-11-21,36.17,0.1391953348876913,0.8898190045248868,0.9213151927437642,0.6882757524517763,0.833136649906809,0.833136649906809,0.0
2011-11-22,35.36,0.08927638362048196,0.8686114880144731,0.8402085222121487,0.6945505350101164,0.8011235150789128,0.8011235150789128,0.0
2011-11-23,34.87,-0.015932058189820797,0.8605334538878843,0.4569551427276846,0.6868406984826733,0.6681097650327473,0.7462219984445497,0.5833333333333334
2011-11-24,33.66,-0.03502985132921488,0.8323542702214188,0.364356884057971,0.6968241867682787,0.6311784470158895,0.741977612950605,0.7306976744186047
2011-11-25,32.63,-0.10272142491874625,0.809620596205962,0.12245359891353554,0.700262935925402,0.5441123770149665,0.6955321508098651,0.8526951672862454
2011-11-28,30.25,-0.1787338614871561,0.7672686230248307,0.030090497737556562,0.6936437654438221,0.4970009620687364,0.6283050132422505,0.8073351903435468
2011-11-29,28.43,-0.21813631210653428,0.7351083032490975,0.014699231117141566,0.6849360140777068,0.4782478494813153,0.5637298801227311,0.6136363636363636
2011-11-30,29.04,-0.18295267073096433,0.7476319350473613,0.02825497287522604,0.669914847878835,0.4819339186004741,0.5264947108362764,0.35912882298424464
2011-12-01,27.13,-0.2156700620918195,0.6990532010820559,0.016041572525982827,0.6415593243433255,0.45221803265045474,0.49070262796318936,0.31342592592592594
2011-12-02,26.67,-0.20169277241130645,0.6825146462370437,0.021906052393857272,0.6200226788076011,0.441481125812834,0.4701763777227629,0.2335800185013876
2011-12-05,27.64,-0.09023218557738133,0.7114864864864865,0.16230248306997744,0.6029161061941624,0.49223502525020874,0.49223502525020874,0.0
2011-12-06,28.64,0.007359416429536303,0.7386312471859523,0.5679151624548736,0.5989801297615067,0.6351755131341109,0.6351755131341109,0.0
2011-12-07,29.27,0.00788891074719933,0.7513501350135013,0.5703653585926928,0.6097698269079493,0.6438284401713812,0.6438284401713812,0.0
2011-12-08,29.49,0.08341109615634412,0.7559604138551507,0.8279981965734896,0.615740412657229,0.7332330076952897,0.7332330076952897,0.0
2011-12-09,31.07,0.1527033852110331,0.7839478417266187,0.9393871113114015,0.6164151144997916,0.7799166891792706,0.7799166891792706,0.0
2011-12-12,28.43,0.028180926763439196,0.7337078651685394,0.652927927927928,0.6223986629037854,0.6696781520000842,0.6923663604360273,0.17698706099815156
2011-12-13,28.03,-0.021528976915747844,0.7216981132075472,0.4279603782080144,0.6195355642111635,0.589731351875575,0.6832775281843201,0.646814404432133
2011-12-14,27.4,-0.06602008730977005,0.7027391109115402,0.2427992799279928,0.59795780531617,0.514498732051901,0.6574115865604241,0.8380996309963099
2011-12-15,27.26,-0.07863079655879801,0.7017504488330341,0.1995051731893837,0.5886724482210629,0.49664269008116024,0.6100935230375982,0.7423963133640553
2011-12-16,25.42,-0.2007064576436477,0.6285329744279946,0.022257194244604317,0.5638005022779151,0.4048635569835047,0.5350828965984451,0.8043278084714549
2011-12-19,27.98,-0.015954956425573208,0.7208520179372198,0.4582022471910112,0.5479985039744046,0.5756842563675452,0.5756842563675452,0.0
2011-12-20,26.65,-0.05048621456484348,0.6783953384132676,0.30166217430368375,0.5297794415366629,0.5032789847512048,0.5032789847512048,0.0
2011-12-21,24.87,-0.09688075557871123,0.5940860215053764,0.13762909744050292,0.5151351045949206,0.41561674118026665,0.47921724587273634,0.5073597056117756
2011-12-22,25.12,-0.08175608466838868,0.6106135244066279,0.19008078994614003,0.505234683596755,0.4353096659831743,0.4669506410531391,0.25597426470588236
2011-12-23,24.54,-0.03523182647854295,0.5778871978513876,0.36585912965455364,0.5055264869064161,0.4830909381374524,0.4830909381374524,0.0
2011-12-26,25.18,-0.10543994062113393,0.6149888143176734,0.1195067264573991,0.5039548974067334,0.4128168127272686,0.4500226285558734,0.3044077134986226
2011-12-27,26.26,-0.014742281737203378,0.6683810375670841,0.46458987001344687,0.5135339817370906,0.5488349631058739,0.5488349631058739,0.0
2011-12-28,26.35,0.057806017172058244,0.6707644166294144,0.7632168458781362,0.5299863406017147,0.6546558677030884,0.6546558677030884,0.0
2011-12-29,26.4,0.04969966855227259,0.6729222520107239,0.732422749664129,0.547242596303385,0.6508625326594126,0.6508625326594126,0.0
2012-01-02,27.13,0.10033568738807519,0.6971862438588655,0.86727842435094,0.5687436955428576,0.7110694545842211,0.7110694545842211,0.0
2012-01-03,26.72,0.05936232005224351,0.6819196428571429,0.7697986577181208,0.5831919288183276,0.6783034097978637,0.6783034097978637,0.0
2012-01-04,27.08,0.030748579169423973,0.6954484605087015,0.6630143112701252,0.5844898378717776,0.6476508698835347,0.6685084269256241,0.1610091743119266
2012-01-05,27.23,0.03285103169829684,0.701828724353256,0.6685292802860975,0.5857059006476066,0.6520213017623201,0.6679815137374705,0.12511457378551788
2012-01-06,27.17,0.028749413285985792,0.6983950066874721,0.6557193923145666,0.5799597953619415,0.6446913981213267,0.6667472868298533,0.16895604395604397
2012-01-09,27.01,-0.004432958866316117,0.6911764705882353,0.5120589548905762,0.5669573071729614,0.5900642442172577,0.6425462447564606,0.41765782250686184
2012-01-10,24.84,-0.07295709160316699,0.5904231625835189,0.21763392857142858,0.5524928396244234,0.45351664359312366,0.5975888915155126,0.8414076782449725
2012-01-11,24.35,-0.10626359851547518,0.5645592163846839,0.11668897813476127,0.5407825822020205,0.4073435922404885,0.5495274359869033,0.8351598173515982
2012-01-12,22.76,-0.17931469742753814,0.4775255896751224,0.03189116859946477,0.5298795413878968,0.3464320998874946,0.4884095956119382,0.8334854014598541
2012-01-13,22.28,-0.19842400837917307,0.4472864768683274,0.02251448952296032,0.5190931749971186,0.3296313804628021,0.42539759208023337,0.6586144029170465
2012-01-16,24.22,-0.10902842967957804,0.5600266785237884,0.11163101604278075,0.5196148631444679,0.39709085257034565,0.39709085257034565,0.0
2012-01-17,23.42,-0.05886489889570656,0.5151111111111111,0.27060133630289535,0.5097813177016122,0.43183125503853953,0.43183125503853953,0.0
2012-01-18,23.79,-0.023266525213732514,0.5346512661039537,0.4178539626001781,0.5090925106012918,0.4871992464351412,0.4871992464351412,0.0
2012-01-19,22.94,0.007877502443094375,0.48468028419182946,0.5712060525144638,0.5171967910453021,0.5243610425838651,0.5243610425838651,0.0
2012-01-20,23.12,0.037008628745093475,0.49489569462938304,0.68394128113879,0.5266503575806872,0.5684957777829535,0.5684957777829535,0.0
2012-01-25,23.89,-0.013718776787228215,0.5425909494232476,0.4688750555802579,0.5283433495181263,0.513269784840544,0.513269784840544,0.0
2012-01-26,23.76,0.014413136324872955,0.5339246119733925,0.598,0.5382790762980842,0.5567345627571589,0.5567345627571589,0.0
2012-01-27,23.83,0.0016799667957845266,0.5383421985815603,0.5417592181252776,0.5369573390262421,0.53901958524436,0.5403761506417762,0.015027322404371584
2012-01-30,24.41,0.062110772703643846,0.5702259636685866,0.7777531083481349,0.5348072842639713,0.6275954520935643,0.6275954520935643,0.0
2012-01-31,23.36,0.010327114155849415,0.5106288751107174,0.5803373280071017,0.5269478143000454,0.5393046724726215,0.5551848114816498,0.1251137397634213
2012-02-01,23.44,-0.019015996628906073,0.5159362549800797,0.441659272404614,0.5117760857794177,0.48979053772137043,0.5504889620578151,0.485
2012-02-02,22.89,-0.03730336052996863,0.48008849557522126,0.3580931263858093,0.4964376688140618,0.4448730969250308,0.5281166688913894,0.5999091734786558
2012-02-03,22.85,-0.041994173770437015,0.47722246793454226,0.3357712765957447,0.4828009431328484,0.4319315625543784,0.5066990643533931,0.5621597096188747
2012-02-06,23.45,-0.04012238951258018,0.5174624226348364,0.3462560921577315,0.4701349558866787,0.4446178235597489,0.47010353864663,0.20353581142339075
2012-02-07,22.17,-0.05228513433180604,0.4390190013256739,0.29517271922054916,0.4546368889252833,0.39627620315716877,0.44149784478353943,0.36730072463768115
2012-02-08,21.36,-0.09292395061681802,0.38847173144876324,0.14984506418769367,0.4380139231792244,0.32544357293856047,0.4086284518269775,0.6004524886877828
2012-02-09,21.76,-0.05062671197673341,0.4123620309050773,0.3011061946902655,0.4356492015402343,0.3830391423785257,0.39626166091767645,0.09900542495479205
2012-02-10,21.56,-0.05811137129941768,0.39783759929391,0.2708978328173375,0.43533638248002937,0.3680239381970923,0.3834801360462192,0.11517615176151762
2012-02-13,21.32,-0.09522489559464464,0.38685487428319365,0.14257294429708223,0.43583665898767154,0.3217548258559825,0.358907536505466,0.3064079422382672
2012-02-14,20.23,-0.09157337244856611,0.3099647266313933,0.15355722492266902,0.4356796836167409,0.2997338783902677,0.33959907155208574,0.33047790802524796
2012-02-15,19.82,-0.07482848519015217,0.28316438959894225,0.21135159010600707,0.43125114074520043,0.3085890401500499,0.3362281649943836,0.22657657657657657
2012-02-16,21.3,-0.021366349272362584,0.3859030837004405,0.4315673289183223,0.43204508987531937,0.4165051674980274,0.4165051674980274,0.0
2012-02-17,20.14,-0.06813185875037986,0.30603258476442097,0.23411297440423653,0.42173609813693247,0.3206272191018633,0.3334420261992382,0.09585958595859587
2012-02-20,21.0,-0.015123161574220667,0.36641725352112675,0.4651521835024261,0.41612817564486393,0.41589920422280563,0.41589920422280563,0.0
2012-02-21,21.17,0.04541843396711975,0.38099428068631763,0.716710758377425,0.41409987722725317,0.5039349720969986,0.5039349720969986,0.0
2012-02-22,21.0,0.05783090882158115,0.36631486367634125,0.7657558395769061,0.4171149946834968,0.5163952326455813,0.5163952326455813,0.0
2012-02-23,21.08,-0.01038234904221813,0.37384615384615383,0.4870044052863436,0.4103381433624744,0.4237295674983239,0.4361172391131145,0.09217625899280575
2012-02-24,20.29,0.007420266547307097,0.3148066783831283,0.5713342140026421,0.4054891302544477,0.4305433408800727,0.4581004634687564,0.22776280323450135
2012-02-27,21.54,0.025389234004819627,0.398989898989899,0.6445862676056338,0.397879057618918,0.4804850747381502,0.4804850747381502,0.0
2012-02-28,20.34,-0.03999569452635976,0.31957857769973663,0.34821821381434226,0.3872998223288245,0.35169887128096783,0.4405704174086192,0.6324057450628366
2012-02-29,19.4,-0.0792493716541407,0.24879333040807372,0.19788918205804748,0.37452699695586017,0.27373650314066045,0.39203867150763505,0.7609865470852017
2012-03-02,18.64,-0.12301491441571644,0.19210526315789472,0.0832967032967033,0.3604575055681994,0.21195315734093248,0.34968338947615674,0.8266129032258065
2012-03-05,19.25,-0.052617093103930035,0.2387110916264796,0.2954745166959578,0.3534873021630031,0.29589097016181354,0.32275291533250494,0.2242614145031334
2012-03-06,19.35,-0.10721925225245155,0.2464943032427695,0.11396574440052701,0.34090584048427136,0.23378862937585598,0.27341362626004606,0.3287119856887299
2012-03-07,20.85,0.024764557624396666,0.3580814717477004,0.6442054433713784,0.34760822034859273,0.4499650451558905,0.4499650451558905,0.0
2012-03-08,19.91,0.025949052006822626,0.2913747810858144,0.6456779289161914,0.35757661820773146,0.43154310940324575,0.43154310940324575,0.0
2012-03-09,18.07,-0.031056704653307676,0.1450765864332604,0.3875,0.35305432722867935,0.29521030455397995,0.34127961173015714,0.37935656836461124
2012-03-12,18.87,-0.019937701353334614,0.20909886264216973,0.43862341078474354,0.352528998261571,0.33341709056282803,0.34878483581036007,0.115625
2012-03-13,18.12,-0.06567611886095781,0.14866637516397027,0.2460560911481157,0.34916136445486623,0.2479612769223174,0.3516193653196523,0.7042818911685995
2012-03-14,18.28,-0.13154638221880655,0.163243006993007,0.07205431449846693,0.34345574870330153,0.19291769006492512,0.3002098943014592,0.7188057040998217
2012-03-15,18.43,-0.07724234639437322,0.1799912625600699,0.2038091068301226,0.34068785844543265,0.24149607594520836,0.26220048760985176,0.16340160284951025
2012-03-16,17.65,-0.023517321224831633,0.1165938864628821,0.4190371991247265,0.3336418752696538,0.2897576536190874,0.2897576536190874,0.0
2012-03-19,18.07,-0.0433202547763214,0.14535137494543868,0.33223972003499563,0.3320780136649482,0.26988970288179415,0.26988970288179415,0.0
2012-03-20,17.87,-0.013892971443496549,0.13023560209424084,0.47114123305640576,0.32632319861812553,0.3092333445895907,0.3092333445895907,0.0
2012-03-21,17.73,-0.0305494459398874,0.12211077191452246,0.39007867132867136,0.3116853087226118,0.2746249173219352,0.27700033887152314,0.02179715302491103
2012-03-22,17.37,-0.059235191428717915,0.1006974716652136,0.26933158584534733,0.2926342675790447,0.22088777502986856,0.2728786786884552,0.41644444444444445
2012-03-23,17.35,-0.01714327698643725,0.09978213507625272,0.4574235807860262,0.28504314649728923,0.2807496207865227,0.2807496207865227,0.0
2012-03-26,17.87,-0.011129775432800582,0.13153310104529617,0.48690528153644697,0.2783505837521885,0.2989296554446439,0.2989296554446439,0.0
2012-03-27,17.1,-0.044044865662722366,0.08141053548106225,0.33049738219895286,0.26255887752930057,0.2248222650697719,0.26000284673054846,0.28907637655417406
2012-03-28,17.44,-0.016491701605283016,0.10530896431679722,0.46075010902747493,0.26001543457505544,0.2753581693064426,0.2753581693064426,0.0
2012-03-29,17.78,0.02332964983274488,0.12679425837320574,0.6410200523103748,0.26804372953049194,0.3452860134046909,0.3452860134046909,0.0
2012-03-30,17.56,0.012031081814102063,0.11369565217391304,0.5928104575163399,0.27882133311138324,0.32844248093387873,0.32844248093387873,0.0
2012-04-02,17.4,-0.026653122950853536,0.10386788352890047,0.405705574912892,0.27820602936436717,0.26259316260205323,0.28730041826336744,0.20186335403726707
2012-04-03,16.88,-0.012948974340803332,0.0738488271068636,0.478232477144101,0.28299656077955887,0.2783592883435078,0.2980078229181147,0.15469858156028368
2012-04-04,17.32,-0.006904515346544571,0.09769865392965697,0.5054395126196692,0.273017842065315,0.29205200287154703,0.30134658963113553,0.07130203720106289
2012-04-05,17.19,-0.033746410691000595,0.0876736111111111,0.3747281426707264,0.26115156815981083,0.24118444064721611,0.28052627507964056,0.3305309734513274
2012-04-06,16.75,-0.04722532993589512,0.06572668112798265,0.31630434782608696,0.25738792922283105,0.21313965272563354,0.2574657094379916,0.365605658709107
2012-04-09,17.9,0.028330506626225826,0.13746747614917607,0.6616688396349413,0.2611732802817612,0.3534365320219595,0.3534365320219595,0.0
2012-04-10,18.19,0.07474250336221999,0.16124837451235371,0.8095134665508253,0.2755742646505385,0.4154453685712392,0.4154453685712392,0.0
2012-04-12,19.04,0.0946801262289303,0.2296360485268631,0.8573599652627009,0.2968667319579908,0.46128758191585156,0.46128758191585156,0.0
2012-04-13,17.47,0.016157304751207135,0.10848852317020355,0.6126302083333334,0.3052996910108244,0.3421394741714538,0.35708972188122756,0.11174911660777385
2012-04-16,18.54,0.10153230186663365,0.19177489177489176,0.8748373101952278,0.3185742189203872,0.4617288069635023,0.4617288069635023,0.0
2012-04-17,18.55,0.035669076206735095,0.1927736910428386,0.6862532523850824,0.32861011513157434,0.40254568618649844,0.4166293835617091,0.10812003530450133
2012-04-18,17.28,-0.051322229154121324,0.09558823529411764,0.29843953185955785,0.32342638843165006,0.2391513851951085,0.3813705868864829,0.841710758377425
2012-04-19,17.29,-0.09641372966802031,0.0966277561608301,0.1384315424610052,0.3164981348161161,0.18385247781265046,0.3258835660658427,0.8383259911894273
2012-04-20,17.81,0.01927497315560478,0.13223854796888504,0.6251624079688177,0.3261824322767946,0.3611944627381658,0.3611944627381658,0.0
2012-04-23,18.13,-0.022362535370949566,0.15831533477321813,0.4244588744588745,0.32682164461104,0.3031986179477109,0.3031986179477109,0.0
2012-04-24,18.47,-0.004321994842295673,0.18976683937823835,0.5181739506707054,0.32905920479772,0.3456666649488879,0.3456666649488879,0.0
2012-04-25,19.01,0.09541539312442815,0.229607250755287,0.8583477508650519,0.34596038189622813,0.4779717945055224,0.4779717945055224,0.0
2012-04-26,18.5,0.06764243238907985,0.1911130284728214,0.7948551664504971,0.35645810993570426,0.4474754349530076,0.4474754349530076,0.0
2012-04-27,17.55,-0.014706147389695001,0.11556705476498491,0.46737251512532413,0.35183624141587244,0.3115919371020605,0.37718088989143783,0.5224471830985915
2012-04-30,17.31,-0.04628365557864145,0.0980603448275862,0.3177105831533477,0.3445678618731395,0.25344626328469116,0.3672304189588339,0.748900615655233
2012-05-02,16.47,-0.11460725002159977,0.048039638087031454,0.09952504317789292,0.33551764244371773,0.16102744123621404,0.33030257421629916,0.9020210896309314
2012-05-03,16.02,-0.1711272148601246,0.027777777777777776,0.03603798014674148,0.3233110037855566,0.12904225390335863,0.2605166660958664,0.8125548726953468
2012-05-04,16.34,-0.12415464265242226,0.04089539388721481,0.08088869715271786,0.3112771518978218,0.14435374764591816,0.1998923286344485,0.4504385964912281
2012-05-07,18.57,0.05649342545273939,0.19771944922547333,0.7621819749892195,0.32371464365864316,0.4278720226244453,0.4278720226244453,0.0
2012-05-08,17.28,-0.0017346058122083008,0.09655913978494624,0.5321120689655172,0.32988064815355306,0.3195172856346722,0.3195172856346722,0.0
2012-05-09,18.28,0.10426702183645542,0.17325881341358557,0.8782852218871177,0.3361908411414677,0.46257829214739027,0.46257829214739027,0.0
2012-05-10,17.83,0.10704449023483553,0.13515255694026643,0.8835055986218777,0.3373882490039418,0.45201546818869537,0.45201546818869537,0.0
2012-05-11,18.99,0.15029643539233772,0.23131443298969073,0.9395178648299612,0.339484156104694,0.503438817974782,0.503438817974782,0.0
2012-05-14,18.7,0.006976148495926537,0.20953198797767283,0.5703528399311532,0.34095330851482625,0.3736127121412174,0.42223251521735145,0.3974583698510079
2012-05-15,19.0,0.09488921579053056,0.23261802575107296,0.8565591397849462,0.3415174326039737,0.47689819937999767,0.47689819937999767,0.0
2012-05-16,23.23,0.2396369807563139,0.5143715143715144,0.9800085984522786,0.3569012618388705,0.6170937915542212,0.6170937915542212,0.0
2012-05-17,21.63,0.19319880808991874,0.4183104631217839,0.9654061022776107,0.3816434817950135,0.5884533490648027,0.5884533490648027,0.0
2012-05-18,25.43,0.29201705460983396,0.6408058294042006,0.989905498281787,0.41653478252161735,0.6824153700692016,0.6824153700692016,0.0
2012-05-21,24.77,0.2811097196407273,0.602827763496144,0.9873336195792185,0.43735379320005874,0.6758383920918071,0.6758383920918071,0.0
2012-05-22,21.66,0.1310282624064043,0.42119914346895077,0.9130901287553648,0.4561416697748644,0.5968103139997266,0.6321222433559519,0.29115586690017514
2012-05-23,23.24,0.0004303852013922693,0.5154109589041096,0.539039039039039,0.4648043999722195,0.506418132638456,0.6099871115727987,0.7038495188101487
2012-05-24,23.21,0.070501980321378,0.5124090714591356,0.7986706689536878,0.47038251844203155,0.5938207529516183,0.6110605923501619,0.14117132867132867
2012-05-25,21.91,-0.14898642582665333,0.4358426005132592,0.051221603086155164,0.457909918658934,0.3149913740861161,0.5375757931535449,0.974235807860262
2012-05-29,21.61,-0.13647707298247358,0.4153484395040616,0.06362467866323908,0.4553107573658588,0.31142795851105315,0.46469370643739405,0.8643106457242583
2012-05-30,21.82,0.007359738832080076,0.43162393162393164,0.5710920770877944,0.4699843843841286,0.49090013103195157,0.49090013103195157,0.0
2012-05-31,22.69,-0.02395063319195989,0.4850491243058522,0.4141695205479452,0.4887757334738504,0.4626647927758826,0.4626647927758826,0.0
2012-06-01,23.49,0.011991578384475954,0.5356532877882152,0.5907145913564399,0.5153395365043538,0.5472358052163363,0.5472358052163363,0.0
2012-06-04,26.6,0.19396806218027862,0.6890738369611609,0.9647134302822925,0.5536396159094418,0.735808961050965,0.735808961050965,0.0
2012-06-05,24.95,0.14371765167873285,0.6122013651877133,0.9309533988884139,0.5682209494059777,0.703791904494035,0.703791904494035,0.0
2012-06-07,23.55,0.0762988400575022,0.5383795309168443,0.8113247863247863,0.5862467771182569,0.6453170314532959,0.6453170314532959,0.0
2012-06-08,23.86,0.05027911787801953,0.5558397271952259,0.7366510038445109,0.5922704445117327,0.6282537251838232,0.652081485479691,0.1965998256320837
2012-06-11,22.76,-0.031570189412691185,0.48934810396250533,0.3823654995730145,0.5885968307110672,0.4867701447488623,0.6399883533861963,0.8628048780487805
2012-06-12,23.79,-0.11164589147278736,0.5502555366269165,0.1056338028169014,0.5757232567516712,0.410537532065163,0.5749340675890358,0.8942558746736292
2012-06-13,24.23,-0.02928228736909322,0.5770540655598126,0.3927047781569966,0.5804701071468708,0.5167429836212266,0.5375242834144742,0.1656521739130435
2012-06-14,24.69,0.04727248289466113,0.6002127659574468,0.7243070362473347,0.5863536730635899,0.6369578250894571,0.6369578250894571,0.0
2012-06-15,25.61,0.07077948354166397,0.6518502764780945,0.8002983802216539,0.5852978866604888,0.6791488477867457,0.6791488477867457,0.0
2012-06-18,21.97,-0.035326722861611426,0.43813775510204084,0.3636557307200682,0.5707498096710566,0.45751443183105517,0.5401803240787295,0.5990443092962641
2012-06-19,21.33,-0.10915079183160703,0.4005524861878453,0.11009369676320273,0.5427481810526832,0.35113145466791035,0.528299108599279,0.91796875
2012-06-20,20.58,-0.16327180442253075,0.3498300764655905,0.039378458918688804,0.5127243598604061,0.30064429841489515,0.48507937155801273,0.9301821335646141
2012-06-21,19.79,-0.2212215437426135,0.29044585987261146,0.013404255319148937,0.4869633809345921,0.26360449870878416,0.4104087062818781,0.847053726169844
2012-06-22,21.06,-0.1956073935056044,0.38306451612903225,0.023606975754997872,0.4707689182831142,0.29248013672238143,0.3330749640690053,0.3398268398268398
2012-06-25,21.55,-0.01930206984676186,0.4104794229953331,0.44153911564625853,0.4592923882388334,0.43710364229347504,0.43710364229347504,0.0
2012-06-26,21.5,0.007938402650357723,0.4079728583545377,0.5747981300467488,0.47168505785888026,0.48481868208672224,0.48481868208672224,0.0
2012-06-27,20.93,0.016863806052004993,0.374099194573972,0.6144859813084113,0.4844253593017573,0.49100351172804685,0.49100351172804685,0.0
2012-06-28,20.89,0.05409381595399987,0.37203389830508476,0.7547770700636943,0.48752773329318355,0.5381129005539875,0.5381129005539875,0.0
2012-06-29,20.03,-0.050144357028102604,0.3083439220669208,0.30199490662139217,0.48030573788904646,0.3635481888591198,0.4629173851042703,0.6803633217993079
2012-07-02,19.61,-0.09433617634150204,0.275190516511431,0.14616037335596097,0.46268031315711494,0.29467706767483565,0.4344320701805424,0.8258426966292135
2012-07-03,18.53,-0.14866189483634873,0.192551840880237,0.052374893977947416,0.4274587998474832,0.22412851156855587,0.38229403607690915,0.8795336787564767
2012-07-04,18.01,-0.15025637727004382,0.14826565143824028,0.0506570580754557,0.3938529984834224,0.19759190266570614,0.323611714264441,0.7847282139775669
2012-07-05,18.21,-0.1372996818289578,0.16469344608879494,0.06377118644067796,0.36582200636561846,0.1980955462983638,0.2556082434133163,0.4642241379310345
2012-07-06,18.67,-0.07031319212409537,0.20519864750633982,0.22681067344345615,0.34430997111337,0.25877309735438864,0.25877309735438864,0.0
2012-07-09,18.69,-0.04805101874078321,0.20659062103929024,0.3139288738357324,0.33553011839685754,0.28534987109062676,0.28534987109062676,0.0
2012-07-10,18.26,-0.01467816513044573,0.16934121621621623,0.46783749471011427,0.3350623526839204,0.32408035453675027,0.32408035453675027,0.0
2012-07-11,18.39,0.02087987942836511,0.18277754326720136,0.6313451776649747,0.3311714496143045,0.3817647235154935,0.3817647235154935,0.0
2012-07-12,18.83,0.033480448929544604,0.21940928270042195,0.6758985200845666,0.32044114962880965,0.40524965080459935,0.40524965080459935,0.0
2012-07-13,18.42,-0.01348092672647061,0.1874736398144243,0.4735841081994928,0.3006638769116639,0.3205738749751937,0.34340369498453266,0.1838931955211025
2012-07-16,17.85,-0.045985113241823417,0.13427487352445194,0.32129277566539927,0.2920082309958575,0.2491919600619029,0.33617211277878795,0.6200516351118761
2012-07-17,17.7,-0.031148235587039164,0.12579013906447534,0.3861908783783784,0.29204160185815264,0.26800753976700215,0.3249575498248383,0.45614789337919176
2012-07-18,18.49,0.005423006782803608,0.19250210614995789,0.5616293794850148,0.3011646756144199,0.3517653870831308,0.3517653870831308,0.0
2012-07-19,17.42,-0.07783237124470421,0.10631578947368421,0.20232067510548524,0.3012843343491052,0.20330693297609156,0.2785691389726642,0.5665807560137457
2012-07-20,17.59,-0.04610647207769425,0.11742424242424243,0.3203289751159848,0.3020613774905101,0.24660486501024578,0.2637753369796746,0.1386266094420601
2012-07-23,20.19,0.12318392409909773,0.3241480858224653,0.9032462057335582,0.31144577131337087,0.5129466876231314,0.5129466876231314,0.0
2012-07-24,20.26,0.13508385924075395,0.3277964676198486,0.9209860935524652,0.31809606063264656,0.5222928739349868,0.5222928739349868,0.0
2012-07-25,21.26,0.1395973275147684,0.4003783102143758,0.9239679865206403,0.3264900886539624,0.5502787951296595,0.5502787951296595,0.0
2012-07-26,20.54,0.16475523307605533,0.35252100840336137,0.9496842105263158,0.3308749449179848,0.5443600546158873,0.5443600546158873,0.0
2012-07-27,18.5,0.05044017333481232,0.19382612347753045,0.7384259259259259,0.3389227754358634,0.4237249416131066,0.5107206705833544,0.6213550600343053
2012-07-30,19.25,-0.047676371590952726,0.25440806045340053,0.31320992848127893,0.3425794529125456,0.3033991472824084,0.46881116251520966,0.8950299914310197
2012-07-31,20.32,0.0029571238897436736,0.3329836340746958,0.5510933557611438,0.358558209286987,0.4142117330409422,0.4471949343364008,0.2718321917808219
2012-08-01,20.92,-0.01612173371707959,0.37940436241610737,0.45964691046658257,0.37456142337121184,0.40453756541796726,0.4180466883940624,0.09880239520958084
2012-08-02,21.57,0.04892925590065289,0.4192872117400419,0.7308823529411764,0.3976040466750055,0.5159245371187412,0.5159245371187412,0.0
2012-08-03,19.44,0.04956206694801413,0.2678122380553227,0.7347753044939102,0.4118685022149914,0.4714853482547414,0.4714853482547414,0.0
2012-08-06,19.38,0.006730545728826698,0.2643485546711353,0.5682199832073888,0.4196697282900789,0.4174127553895344,0.44471438784438533,0.22863247863247863
2012-08-07,18.96,-0.06927412588340509,0.23031825795644892,0.22891313470415442,0.4152210453334358,0.29148414599801303,0.4201688704357995,0.796327924850555
2012-08-08,19.13,-0.08944785574456082,0.24424445374633738,0.1654781879194631,0.40511104335177633,0.27161122833919227,0.39358360302004447,0.7700511945392492
2012-08-09,19.41,-0.10551506322014648,0.26631799163179914,0.11970649895178197,0.3923789605467412,0.2594678170434408,0.3422922590049844,0.5980392156862745
2012-08-10,18.97,-0.024474015085370393,0.2317022166457549,0.4130343671416597,0.39197093144107864,0.3455691717428311,0.3455691717428311,0.0
2012-08-13,19.3,-0.004136510551780326,0.25898829431438125,0.5171763720150817,0.39998585686956895,0.3920501743996773,0.3920501743996773,0.0
2012-08-14,18.34,-0.03324702999855722,0.17613873798579188,0.3758375209380235,0.4009857379065929,0.3176539989434694,0.3176539989434694,0.0
2012-08-16,18.73,-0.0211312669961643,0.21428571428571427,0.4326077856843868,0.3983047882649712,0.3483994294116908,0.3483994294116908,0.0
2012-08-17,18.72,-0.0361959261314726,0.21356993736951985,0.36255230125523014,0.4049919326161107,0.3270380570802869,0.3461421663155911,0.1511925042589438
2012-08-20,19.44,0.024474015085370393,0.27065943238731216,0.6455457967377666,0.41695323290573194,0.4443861540102702,0.4443861540102702,0.0
2012-08-21,19.58,0.01440354119152465,0.2809762202753442,0.602633779264214,0.4083586256053204,0.43065620838162616,0.43065620838162616,0.0
2012-08-22,19.69,0.07102642582271557,0.2900333611342786,0.8025491015461763,0.40445362314302385,0.4990120286078263,0.4990120286078263,0.0
2012-08-23,19.26,0.027903889913982294,0.2565652355147978,0.6585213032581454,0.39422212919397204,0.4364362226556384,0.4364362226556384,0.0
2012-08-24,19.67,0.049502161351521856,0.28875,0.735490605427975,0.3872730138564295,0.47050453976146817,0.47050453976146817,0.0
2012-08-27,19.97,0.026898348395430816,0.31445231153685965,0.6533806343906511,0.38816253626953084,0.45199849406568054,0.45772149869444795,0.04297872340425532
2012-08-28,19.68,0.005094254521742947,0.28975853455453787,0.5592407175636211,0.39519706784911784,0.414732106655759,0.45453667834927447,0.33290816326530615
2012-08-29,19.3,-0.020005796740194537,0.2596754057428215,0.4372393661384487,0.3905180124002536,0.36247759476050795,0.42722979157981084,0.5178419711129991
2012-08-30,20.0,0.03770186718401147,0.31593178036605657,0.6942476031679866,0.39479621516653746,0.4683251995668602,0.4683251995668602,0.0
2012-08-31,20.35,0.03398627948763622,0.3422037422037422,0.6785416666666667,0.3915606112712672,0.47076867338055867,0.47076867338055867,0.0
2012-09-03,20.02,0.0025006264593505634,0.31733167082294267,0.5483132028321532,0.38813704454891373,0.41792730606800327,0.4268461760863378,0.0666383701188455
2012-09-04,20.01,0.016629256971534723,0.3165766514333195,0.6138634471273938,0.3905838335659685,0.440341310708894,0.440341310708894,0.0
2012-09-05,21.0,0.08441734181258331,0.38891196013289037,0.8341656263004578,0.4096799884102871,0.5442525249478783,0.5442525249478783,0.0
2012-09-06,20.86,0.04210117601863539,0.3787878787878788,0.7102745424292846,0.42666348289907124,0.5052419680387449,0.5052419680387449,0.0
2012-09-07,18.97,-0.07022212794168148,0.23132780082987553,0.22432432432432434,0.4284041737633367,0.2946854329725122,0.4404897085472065,0.8460559796437659
2012-09-10,19.35,-0.03403935441128336,0.26337619245126503,0.3701163757273483,0.4281230733731166,0.35387188051724333,0.42767862343705454,0.5588983050847458
2012-09-11,19.78,-0.01156082240107592,0.2974709784411277,0.48338180307436646,0.4282402762527674,0.40303101925608714,0.4202165651464932,0.1401354784081287
2012-09-12,20.02,-0.04779066383634856,0.3182760049730626,0.3104235880398671,0.4301583596049953,0.35295265087264166,0.38195659033144586,0.24576988155668358
2012-09-13,19.09,-0.08866881183497011,0.24067937033968517,0.16542133665421338,0.42413853978059024,0.27674641559149626,0.33625747984199605,0.4830938292476754
2012-09-14,17.98,-0.05359875490344823,0.14451345755693581,0.28319502074688796,0.420428195772567,0.28271222469213025,0.3338628381859197,0.4108952702702703
2012-09-17,18.03,-0.07065538226056534,0.14817880794701987,0.2233513065118208,0.4068113179059111,0.25944714412158393,0.31497789090678785,0.44852320675105484
2012-09-18,18.04,-0.09207981156008849,0.149151841125362,0.15111940298507462,0.39222784902018304,0.2308330310435399,0.28053829326427837,0.4051433389544688
2012-09-19,18.23,-0.09366318519650285,0.1654259718775848,0.1469125569830087,0.37272175067468655,0.22835342651176002,0.2556184483921021,0.22872788542544228
2012-09-20,18.64,-0.023854828480211143,0.204836709384043,0.41611433305716655,0.3653683632663932,0.3287731352358676,0.3287731352358676,0.0
2012-09-21,18.15,0.009410531667385147,0.1597107438016529,0.5799171842650104,0.35825304633236044,0.36596032479967455,0.36596032479967455,0.0
2012-09-24,18.28,0.013770528810778337,0.17203634861627426,0.5999586092715232,0.35335709663136755,0.37511735150638836,0.37511735150638836,0.0
2012-09-25,18.1,0.003320423637302561,0.1546242774566474,0.5529582126603227,0.3498216775813378,0.352468055899436,0.352468055899436,0.0
2012-09-26,17.92,-0.01715118114378722,0.14156004952538176,0.45471464019851116,0.3473056755274034,0.31452678841709875,0.347369131171693,0.27314814814814814
2012-09-27,17.53,-0.06139611032430192,0.11035478547854785,0.25816453079785034,0.33126417384596224,0.23326116337412017,0.3282667367993436,0.6614802354920101
2012-09-28,17.23,-0.052018510171021326,0.08742268041237114,0.29359504132231407,0.31527098166756923,0.23209623446741814,0.3014939187328923,0.5399159663865546
2012-10-02,17.65,-0.03507178264669841,0.11974443528441879,0.36575795125981,0.3057674194897975,0.2637566020113421,0.27922176883388306,0.11628883291351805
2012-10-04,17.13,-0.05508062593575147,0.08281829419035847,0.2784888521882741,0.2915390956852455,0.2176154140212927,0.2522512404582543,0.2873322147651007
2012-10-05,17.06,-0.04918086548325151,0.07887149917627677,0.3068510111432109,0.27060521878239896,0.21877590970062888,0.23310106471496042,0.10603520536462699
2012-10-08,17.33,-0.011474595205628546,0.09880609304240429,0.4861798679867987,0.2580033072777,0.28099642276896764,0.28099642276896764,0.0
2012-10-09,16.87,-0.0211151539819614,0.07098765432098765,0.43278350515463915,0.2592062831357356,0.25432581420378747,0.25432581420378747,0.0
2012-10-10,17.81,0.009024313922264326,0.13266145619086794,0.5801731244847486,0.2611898334481607,0.3246748047079257,0.3246748047079257,0.0
2012-10-11,17.51,0.021940833961731965,0.11101973684210527,0.6372064276885043,0.26037416802353863,0.33620011085138274,0.33620011085138274,0.0
2012-10-12,17.19,0.007591277331225221,0.08610768598438143,0.5755766062602965,0.26119878550433234,0.30762769258300343,0.30762769258300343,0.0
2012-10-15,17.08,-0.014530915367090724,0.0794987674609696,0.46829971181556196,0.26474122981139814,0.2708465696959766,0.29873499840841516,0.23408710217755443
2012-10-16,16.4,-0.028255561727724032,0.04271047227926078,0.3977366255144033,0.26505969529864415,0.2351689310307694,0.2949036217738116,0.4874476987447699
2012-10-17,16.28,-0.08982273672717556,0.035919540229885055,0.16269025092554504,0.2607366872160589,0.15311549279049633,0.26059175939032564,0.7203177257525084
2012-10-18,16.47,-0.06123160210821199,0.04759950759130078,0.25760690789473684,0.2608600665004489,0.18868882732882883,0.23108950268581493,0.35463659147869675
2012-10-19,16.82,-0.021759164849956214,0.06767842493847416,0.4284833538840937,0.2654556477494983,0.25387247552402203,0.25387247552402203,0.0
2012-10-22,17.79,0.04072831331731974,0.13366133661336613,0.7105587510271159,0.2710373738794801,0.37175248717332066,0.37175248717332066,0.0
2012-10-23,17.91,0.08807788124246763,0.1456967213114754,0.8457905544147843,0.27733385757096995,0.4229403777657432,0.4229403777657432,0.0
2012-10-24,18.64,0.13537244868305054,0.21179844326095862,0.9222085385878489,0.28638415816999524,0.4734637133396009,0.4734637133396009,0.0
2012-10-25,17.82,0.07878087785311472,0.13636363636363635,0.8221173574066475,0.29265662076132803,0.41704587151053724,0.41704587151053724,0.0
2012-10-26,19.0,0.12187032462163838,0.24212034383954154,0.9017637407711239,0.3063468556334974,0.48341031341472096,0.48341031341472096,0.0
2012-10-29,18.55,0.04183328737570058,0.2041734860883797,0.7123821238212382,0.3200477629743279,0.4122011242946486,0.4418122800650502,0.248330550918197
2012-10-30,18.26,0.019353659094202058,0.17607361963190185,0.6276639344262295,0.330615758782414,0.37811777094684845,0.43284775870127123,0.4407839866555463
2012-10-31,18.37,-0.014590910030410686,0.1884709730171709,0.46763621466612043,0.3348808788108906,0.33032935549806064,0.4042208871329632,0.56625
2012-11-01,18.39,0.03148561657356641,0.1906416019615856,0.6734234234234234,0.34744982578605,0.4038382837236864,0.4038382837236864,0.0
2012-11-02,17.46,-0.08452642875498428,0.1096813725490196,0.17908309455587393,0.3450258747056852,0.21126344727019294,0.3471499963466874,0.824729392173189
2012-11-05,17.82,-0.04014836701078073,0.1365863617803185,0.3443126022913257,0.3424236997817462,0.27444088795113014,0.3195979490779837,0.37396006655574043
2012-11-06,17.51,-0.04194072886906186,0.11326530612244898,0.3347648261758691,0.3410301741023135,0.2630201021335439,0.2965784153153228,0.2772236076475478
2012-11-07,17.36,-0.05655018999483019,0.1036311709506324,0.27248569092395747,0.33261223113228783,0.23624303100229258,0.27776115041616917,0.3500830564784053
2012-11-08,17.64,-0.04163798803758434,0.12255301794453508,0.33694319574989784,0.3253939823613834,0.2616300653519388,0.2616300653519388,0.0
2012-11-09,17.19,-0.015584731016697884,0.08764777823073787,0.463031045751634,0.32261884565482574,0.2910992232123992,0.2910992232123992,0.0
2012-11-12,17.3,-0.02961492053893,0.09820700896495517,0.39220089832584726,0.3211840813551825,0.27053066288199495,0.27053066288199495,0.0
2012-11-13,17.22,-0.016700647298176108,0.09022403258655805,0.45816326530612245,0.32388258635765793,0.29075662808344616,0.29075662808344616,0.0
2012-11-14,16.78,-0.03398100819314376,0.06535016286644951,0.37107303141574866,0.3298279214358272,0.2554170385726751,0.2738867236204909,0.14896265560165975
2012-11-15,17.24,-0.02293678534309862,0.09238909238909239,0.42026916802610115,0.335014217559056,0.2825574926580832,0.2825574926580832,0.0
2012-11-16,17.07,-0.007005282588409045,0.0807567127746135,0.5057072971871178,0.3372717733375351,0.3079119277664221,0.3079119277664221,0.0
2012-11-19,16.44,-0.05098911187569932,0.04453029686864579,0.2952322738386308,0.32466033541420497,0.22147430204049387,0.2716234778242241,0.41003316749585406
2012-11-20,15.83,-0.08416462510666367,0.021341463414634148,0.17902240325865582,0.30488225018788073,0.1684153722870569,0.24715522666494624,0.5903065451532725
2012-11-21,15.83,-0.05828082714613947,0.021535960991466884,0.2660830618892508,0.2837225512136785,0.1904471913647987,0.23416125722337097,0.36299668874172186
2012-11-22,15.37,-0.11481470768504254,0.011169780666125102,0.09788359788359788,0.26248686083316447,0.12384674646096248,0.20241910798394686,0.5901571546732837
2012-11-23,15.37,-0.10490497925584474,0.011368250101502234,0.11818551668022782,0.2371286028874411,0.12222745655639038,0.16528221374194046,0.3566115702479339
2012-11-26,15.78,-0.040974074210305744,0.020698051948051948,0.34099227328182186,0.22325697077044748,0.1949824320001071,0.1949824320001071,0.0
2012-11-27,15.51,-0.020421896704473586,0.015010141987829614,0.43678861788617884,0.21445850091584445,0.22208575359661764,0.22208575359661764,0.0
2012-11-28,15.43,-0.025593207517851546,0.013179237631792377,0.40898008939455505,0.2086098043994208,0.21025637714192272,0.21025637714192272,0.0
2012-11-29,15.07,-0.019711544912100365,0.009120389136603162,0.4433387489845654,0.1983196572178248,0.2169262651129978,0.2169262651129978,0.0
2012-11-30,14.87,-0.03307179707844066,0.008306320907617504,0.37738530247665447,0.20074283612480928,0.19547815316969375,0.2079457962042678,0.09042113955408754
2012-12-03,15.36,-0.026976587698202437,0.011948157148643175,0.40320616883116883,0.19909922017251344,0.20475118205077514,0.2098995462144014,0.040016501650165015
2012-12-04,15.25,-0.016905474135026743,0.011538461538461539,0.459026369168357,0.19966258763272596,0.22340913944651483,0.22340913944651483,0.0
2012-12-05,15.24,-0.01239011611656915,0.011533791987049777,0.4843876723438767,0.20265770269413438,0.23285972234168695,0.23285972234168695,0.0
2012-12-06,15.3,0.015146815759985888,0.012338187702265371,0.6122821240372922,0.2067858051452625,0.27713537229494006,0.27713537229494006,0.0
2012-12-07,15.11,0.01601101581258435,0.010311362717347351,0.6160858995137763,0.20867876610148128,0.27835867611086834,0.27835867611086834,0.0
2012-12-10,15.45,0.005842275624228677,0.016370250606305578,0.567233697853382,0.21100866713070343,0.26487087186346364,0.26487087186346364,0.0
2012-12-11,15.29,0.002619516887550244,0.012727272727272728,0.5532388663967611,0.21144813816148728,0.259138092428507,0.2624725470078932,0.025968672712283595
2012-12-12,15.2,-0.0026281224062696396,0.010904684975767368,0.5299473897207608,0.21405886017184547,0.2516369782894579,0.2662279981974474,0.10831960461285008
2012-12-13,14.61,-0.046146602635781964,0.005046427129592248,0.3161407766990291,0.20927208375718118,0.17681976252860085,0.24616487624417954,0.5444444444444444
2012-12-14,14.08,-0.0706014255547518,0.00020177562550443906,0.22098665588354224,0.2001401942958641,0.1404428752683036,0.2185817160756666,0.5916940789473685
2012-12-17,14.86,-0.03893596405414135,0.009076240419524002,0.3502425222312045,0.20062909909445037,0.18664928724839294,0.20293739915265246,0.13023829087921118
2012-12-18,14.59,-0.04686265740627649,0.005443548387096774,0.31252525252525254,0.20356922245042686,0.17384600778759207,0.18587898222446947,0.0874384236453202
2012-12-20,14.66,-0.03617273139372523,0.007456670697299476,0.3616720516962843,0.20560696493824854,0.1915785624439441,0.1915785624439441,0.0
2012-12-21,16.03,0.09275574085885374,0.03525382755842063,0.854864755752927,0.22513359505728917,0.37175072612287896,0.37175072612287896,0.0
2012-12-24,15.8,0.11525458930302479,0.027990334273056788,0.8964891041162227,0.24500673684747784,0.38982872507891914,0.38982872507891914,0.0
2012-12-26,16.03,0.07578892733184839,0.035829307568438,0.8158531665994353,0.25725654057092784,0.3696463382462671,0.3696463382462671,0.0
2012-12-27,15.77,0.07777303844025285,0.02716297786720322,0.8211693548387097,0.26716987989172547,0.37183407086587944,0.37183407086587944,0.0
2012-12-28,15.89,0.08056728409011926,0.033185840707964605,0.828093510681177,0.2781478805007953,0.37980907729664565,0.37980907729664565,0.0
2013-01-02,15.5,-0.03362194269626073,0.020908725371934056,0.3732876712328767,0.2766913119628863,0.22362923618923236,0.34694948953538873,0.7813781788351107
2013-01-03,14.78,-0.0667350245128655,0.00984726688102894,0.2337897704389851,0.27313994731127994,0.17225899487709798,0.3034355434950245,0.8110655737704918
2013-01-04,14.4,-0.1072337600395068,0.003013258336681398,0.1105072463768116,0.265599101779622,0.12637320216437167,0.2547809162786454,0.7997542997542998
2013-01-07,14.32,-0.09645223944244741,0.0030120481927710845,0.13541247484909458,0.2572955940879981,0.13190670570995458,0.20679544324746044,0.5716039279869067
2013-01-08,13.98,-0.12806224374296038,0.0002007226013649137,0.07381335478680612,0.24674790941442923,0.10692066226753343,0.152217760241638,0.3798037612428455
2013-01-09,13.75,-0.1198011998126205,0.00020064205457463884,0.08785685564937676,0.2333338390635391,0.1071304455891635,0.12891800212162424,0.17279411764705882
2013-01-10,13.53,-0.08836547333735867,0.00020056157240272763,0.1657958199356913,0.22182381704546333,0.12927339951785247,0.12927339951785247,0.0
2013-01-11,13.74,-0.0469169197877517,0.0006014434643143544,0.3131779831257533,0.21507820399872285,0.17628587686293015,0.17628587686293015,0.0
2013-01-14,14.11,-0.014773395667777134,0.0022044088176352704,0.4708835341365462,0.21275624909447655,0.22861473068288599,0.22861473068288599,0.0
2013-01-15,15.14,0.07971251120363876,0.015825320512820512,0.8267763950220794,0.22029999011543583,0.35430056855011194,0.35430056855011194,0.0
2013-01-16,15.53,0.12173481304801514,0.025830997196635962,0.9034911717495987,0.23550336424337615,0.38827517772987025,0.38827517772987025,0.0
2013-01-17,15.1,0.10978530163818201,0.01521216973578863,0.8886883273164862,0.2525711658819568,0.3854905543114106,0.3854905543114106,0.0
2013-01-18,14.65,0.06412904866887326,0.00980392156862745,0.7884923817161187,0.26354560439780733,0.3539473025608511,0.3539473025608511,0.0
2013-01-21,14.58,0.03276696071578966,0.0082,0.679559118236473,0.2727903623309104,0.3201831601891278,0.36043935266827437,0.34
2013-01-22,14.28,-0.05848029109786479,0.004398240703718513,0.26502403846153844,0.27029770125020225,0.1799066601384864,0.3255605709859492,0.850326264274062
2013-01-23,14.7,-0.05492614337590496,0.012390087929656275,0.27693231878253904,0.25527779683522345,0.18153340118247294,0.28421221567646976,0.7070089649551752
2013-01-24,14.62,-0.03230428949924624,0.00998801438274071,0.3813050440352282,0.24194813733594067,0.21108039858463654,0.24933018453111494,0.31962540716612375
2013-01-25,14.9,0.016920877488336927,0.01577476038338658,0.6216486594637856,0.23659166097792314,0.29133836027503174,0.29133836027503174,0.0
2013-01-28,15.22,0.04295962585302737,0.020159680638722553,0.7182,0.23384234467624337,0.3240673417716553,0.3240673417716553,0.0
2013-01-29,14.77,0.03373813963185013,0.014565043894652832,0.6831267493002798,0.22975265572138817,0.30914814963877363,0.30914814963877363,0.0
2013-01-30,14.72,0.0013596195160396896,0.013960909453530115,0.5469624300559552,0.233920829294005,0.26494805626783013,0.28011646130758544,0.11513425549227013
2013-01-31,15.18,0.037588317645851355,0.019736842105263157,0.6985617259288853,0.24578736756185834,0.32136197853200227,0.32136197853200227,0.0
2013-02-01,15.12,0.014657157799973675,0.019330410522120367,0.6076277955271565,0.25862331009525297,0.2951938387148433,0.30294387298502096,0.056504065040650406
2013-02-04,15.76,0.03486473199619322,0.035856573705179286,0.6888223552894212,0.27327967024407135,0.33265286641289055,0.33265286641289055,0.0
2013-02-05,15.79,0.0667787317242623,0.03763440860215054,0.7958898643256185,0.2922674251325613,0.37526389935344345,0.37526389935344345,0.0
2013-02-06,15.11,0.026149662983917743,0.01910828025477707,0.6535700039888312,0.3068829447960527,0.326520409679887,0.33019859853861333,0.029650690495532088
2013-02-07,14.59,-0.03964240943278963,0.00915240748109829,0.3478867623604466,0.311659014504389,0.22289939478197796,0.31050608178860845,0.6335227272727273
2013-02-08,14.25,-0.059261464036727496,0.004176610978520286,0.26125946592267835,0.3104504307621673,0.19196216922112197,0.2898597478898642,0.6824817518248175
2013-02-12,14.9,-0.05611387147831959,0.01749502982107356,0.27231075697211155,0.3058683768581424,0.19855805455044248,0.26304078551737453,0.523095623987034
2013-02-13,14.33,-0.09702158642746994,0.006160572337042925,0.13201911589008364,0.288257826175448,0.14214583813419152,0.2164171732735242,0.5688259109311741
2013-02-14,13.86,-0.08634978252289072,0.0013905442987683751,0.17257165605095542,0.26937382696053525,0.14777867577008633,0.18066882649156404,0.27548543689320387
2013-02-15,13.63,-0.0680631168262531,0.0005957108816521049,0.22861122164743336,0.25250648784745555,0.16057114012551368,0.16820317556027117,0.05699272433306386
2013-02-18,13.56,-0.0496326242024101,0.0005954743946010321,0.3031026252983294,0.2401415327576601,0.18127987748353017,0.18127987748353017,0.0
2013-02-19,13.31,-0.11284558054439309,0.0001984126984126984,0.09880715705765407,0.22542269404564994,0.10814275460057222,0.14798365722277879,0.33804523424878835
2013-02-20,13.44,-0.06411990674507706,0.0005950019833399445,0.2462241653418124,0.22485761624964734,0.15722559452493323,0.15722559452493323,0.0
2013-02-21,13.87,0.0007212405649830167,0.0033703409992069788,0.545689312673818,0.2313510474236681,0.26013690036556436,0.26013690036556436,0.0
2013-02-22,14.12,0.03531898635665476,0.004954419342053111,0.6900317712470214,0.23894337572794572,0.31130985543900674,0.31130985543900674,0.0
2013-02-25,14.94,0.09691789719242205,0.021394611727416798,0.8672092100039698,0.24522288577505108,0.3779422358354792,0.3779422358354792,0.0
2013-02-26,15.51,0.1529693447814271,0.03504950495049505,0.9450396825396825,0.2512661234463375,0.41045177031217167,0.41045177031217167,0.0
2013-02-27,15.4,0.13613217432458002,0.030878859857482184,0.924434748115827,0.25770666881579685,0.40434009226303536,0.40434009226303536,0.0
2013-02-28,15.19,0.09090908228094108,0.02552433715868619,0.8511102299762093,0.26559944950643216,0.3807446722137759,0.3807446722137759,0.0
2013-03-04,15.68,0.10479378285716567,0.039754746835443035,0.8812921125644074,0.2706681567905747,0.3972383387301417,0.3972383387301417,0.0
2013-03-05,15.31,0.024464029964920808,0.029458283906682484,0.6491679873217115,0.2719598584200526,0.31686204321614886,0.3819273833470547,0.5258272800645682
2013-03-06,15.26,-0.01624995133213636,0.02865612648221344,0.4623762376237624,0.26611869429783697,0.25238368613460427,0.3503137665115412,0.6850806451612903
2013-03-07,15.14,-0.01702726141028066,0.024891347293559858,0.4574425969912906,0.25733893608176406,0.2465576267888715,0.31875727341670845,0.5572119258662369
2013-03-08,14.7,-0.03278982282299081,0.016785150078988943,0.3789077958053027,0.2504143026227811,0.2153690828356909,0.28568215554109144,0.5479066022544283
2013-03-11,15.89,0.013303965626362935,0.05092775365179629,0.6014636075949367,0.25779810740791087,0.3033964895515479,0.3033964895515479,0.0
2013-03-12,15.95,0.04095261956126128,0.05228887134964483,0.713918544879399,0.27031739089110696,0.3455082690400502,0.3455082690400502,0.0
2013-03-13,15.41,0.009781623475713541,0.03353057199211045,0.5859683794466403,0.2785597200072461,0.2993528904819989,0.2993528904819989,0.0
2013-03-14,15.66,0.0337694425533539,0.04081230283911672,0.6829316475701304,0.29319882656179913,0.3389809256570154,0.3389809256570154,0.0
2013-03-15,15.98,0.08349044655343807,0.05380370516357903,0.8366903633491312,0.3111121232658738,0.400535397259528,0.400535397259528,0.0
2013-03-18,16.49,0.037064156022883044,0.07840819542947203,0.6950256612712199,0.3247177963701639,0.36605055102361866,0.36605055102361866,0.0
2013-03-19,16.41,0.028432075871145823,0.07286333202048051,0.665153906866614,0.335575774850018,0.3578643379123709,0.3578643379123709,0.0
2013-03-20,16.57,0.07257718210644715,0.08503937007874016,0.8088757396449704,0.3554485133492091,0.41645454102430657,0.41645454102430657,0.0
2013-03-21,16.67,0.06250100620004595,0.09012199921290831,0.7845031545741324,0.3711436630107563,0.4152562722659323,0.4152562722659323,0.0
2013-03-22,16.12,0.008722796740353811,0.05861526357199056,0.579621600315333,0.3733730932661138,0.3372033190511458,0.3785658042554748,0.3495575221238938
2013-03-25,14.85,-0.10475427132279913,0.01985843491938655,0.11682427107959023,0.35941550615136136,0.16536607071677936,0.33842890819410704,0.917604501607717
2013-03-26,14.6,-0.11686937638770845,0.013168238993710692,0.09196534068530918,0.3398287501000522,0.14832077659302403,0.2965201959302376,0.8558232931726908
2013-03-27,14.56,-0.12931578866993165,0.011591355599214145,0.07066929133858267,0.3173830365862427,0.13321456117467984,0.2398721999603123,0.7219101123595506
2013-03-28,14.9,-0.11224948381128952,0.022191673212882953,0.09937032664305391,0.29653924638330836,0.1393670820797484,0.1846943619230755,0.3821170809943865
2013-03-29,14.34,-0.11700790190700827,0.00922654102866117,0.09225019669551535,0.27716030064804037,0.1262123461240723,0.1424961673376608,0.1310096153846154
2013-04-01,15.07,0.014706147389695445,0.024725274725274724,0.6081399921352733,0.26995576083455786,0.30094034256503527,0.30094034256503527,0.0
2013-04-02,15.45,0.056587474629463674,0.0372695174578266,0.7670990566037735,0.273099318405388,0.3591559641556627,0.3591559641556627,0.0
2013-04-03,15.33,0.05153365011518263,0.033529411764705884,0.7530451866404715,0.280487874262868,0.3556874908893484,0.3556874908893484,0.0
2013-04-04,16.61,0.1086437106737903,0.09035672285378284,0.8894344069128044,0.2929243038999114,0.42423847788883284,0.42423847788883284,0.0
2013-04-05,18.51,0.2552582914139321,0.23413009404388715,0.9833137023949745,0.3134680751637757,0.5103039572008791,0.5103039572008791,0.0
2013-04-08,18.29,0.19364844976437023,0.2134743439091265,0.9668367346938775,0.32666606809768245,0.5023257155668955,0.5023257155668955,0.0
2013-04-09,18.72,0.19198346770569152,0.2545027407987471,0.9648881914476265,0.3379956559981157,0.5191288627481631,0.5191288627481631,0.0
2013-04-10,19.38,0.23442991357889742,0.30665362035225047,0.9782352941176471,0.3546304050738944,0.5465064398479307,0.5465064398479307,0.0
2013-04-11,18.52,0.10884630559282948,0.2347417840375587,0.8884751078008624,0.36461722860962376,0.49594470681601494,0.5148419364359766,0.15492393915132105
2013-04-12,20.1,0.08240868847962401,0.3617520531873289,0.8320924764890282,0.3722009901387149,0.5220151732716907,0.5220151732716907,0.0
2013-04-15,18.78,0.026438011377342807,0.2589913995308835,0.6527614571092832,0.37565896513720176,0.4291372739257895,0.5025464913219178,0.5644
2013-04-16,17.63,-0.05999047463966711,0.15533411488862836,0.2574393108848865,0.3675278698093623,0.26010043186095905,0.450740805144477,0.9404476418864908
2013-04-17,16.77,-0.1446500306275027,0.0986328125,0.05029354207436399,0.3489031509306286,0.1659431685016642,0.3746281508752237,0.9644568690095847
2013-04-18,17.03,-0.08387473454343608,0.11323701679031628,0.17938184663536777,0.3343529936715947,0.20899061903242624,0.31723733331850595,0.729050279329609
2013-04-19,16.16,-0.2181807619720808,0.0624512099921936,0.013101290574892453,0.32028588458858875,0.13194612838522493,0.23922352434121277,0.7236842105263158
2013-04-22,15.68,-0.18040645885785533,0.04486929379633242,0.029124315871774824,0.318718657180317,0.13090408894947475,0.17957688734594984,0.40199203187251
2013-04-23,15.49,-0.1294073419810018,0.0390015600624025,0.070926143024619,0.31883851026551707,0.14292207111751284,0.1561412151972606,0.09753184713375797
2013-04-24,14.63,-0.1365173608030843,0.015399610136452241,0.0611328125,0.31869530465798346,0.13174257576481188,0.14930109664989014,0.1475735879077168
2013-04-25,14.91,-0.1329443658979499,0.02357755261106781,0.06813744631003514,0.3179491296346126,0.13655470951857185,0.13655470951857185,0.0
2013-04-26,14.83,-0.08588689694310858,0.02123100895987534,0.17505854800936768,0.32031945011573926,0.17220300236166075,0.17220300236166075,0.0
2013-04-29,15.27,-0.026495895691720506,0.03290498442367601,0.40635973468591496,0.31547943642196535,0.2515813851771855,0.2515813851771855,0.0
2013-04-30,14.74,-0.049629767667586755,0.02024133904242896,0.3040171606864275,0.30347668456364674,0.2092450614308344,0.2092450614308344,0.0
2013-05-02,15.0,0.024975986070177036,0.025875486381322955,0.6500974658869396,0.3007116434102239,0.3255615318928288,0.3255615318928288,0.0
2013-05-03,14.65,-0.017591793313570747,0.01633605600933489,0.4538191738113796,0.28797074591157706,0.2527086585774305,0.2527086585774305,0.0
2013-05-06,14.73,-0.006765925675301876,0.02041213063763608,0.5074016361511492,0.27072999517032514,0.2661812539863701,0.2661812539863701,0.0
2013-05-07,14.37,-0.06074741913960757,0.009521958802953751,0.2564252336448598,0.2478708980164454,0.17127269682141966,0.2449938405417767,0.5663751987281399
2013-05-08,14.18,-0.038732365657208945,0.006021756021756022,0.3516932658622032,0.226329000257385,0.1946813407137814,0.2420810963983661,0.39515488482922956
2013-05-09,14.23,-0.05269778900044919,0.006796116504854369,0.28891050583657585,0.20159944295417334,0.16576868843186784,0.21012252770617393,0.36944444444444446
2013-05-10,14.74,0.006124551298114067,0.022321428571428572,0.5676779463243874,0.18826900503060823,0.2594227933088081,0.2594227933088081,0.0
2013-05-13,14.61,-0.008180004711931144,0.015521924718665115,0.5009720062208398,0.1713352400621869,0.22927639033389727,0.22927639033389727,0.0
2013-05-14,13.48,-0.06393559460677256,0.000969743987587277,0.2469879518072289,0.15474036104105315,0.13423268561195645,0.1966763796800622,0.5087232355273592
2013-05-15,13.8,-0.027163928940822313,0.0032958511050794883,0.40345765345765344,0.1545898630107836,0.1871144558578388,0.19516300270887368,0.05744849445324881
2013-05-16,13.43,-0.05786140156661457,0.0005813953488372093,0.26854368932038836,0.15759483126315516,0.14223997197746024,0.1904572594179922,0.4010292953285827
2013-05-20,14.27,-0.032405455272445316,0.00910499806276637,0.38101708074534163,0.16003241164771573,0.18338483015194126,0.18338483015194126,0.0
2013-05-21,14.31,-0.020747632194248133,0.010650658404337723,0.43674815677143963,0.169328569512933,0.20557579489623679,0.20557579489623679,0.0
2013-05-22,14.08,0.043548245245735195,0.005420054200542005,0.7211016291698992,0.18564177135549137,0.3040544849086442,0.3040544849086442,0.0
2013-05-23,14.71,0.06385894245018697,0.02321981424148607,0.7884839084916634,0.20318617184664456,0.338296631526598,0.338296631526598,0.0
2013-05-24,14.45,0.07320340402329473,0.014506769825918761,0.8106589147286821,0.22190200339459829,0.349022562649733,0.349022562649733,0.0
2013-05-27,14.67,0.02764516066614542,0.021848414539829854,0.6619527314994188,0.23670415707255194,0.3068351010372669,0.3068351010372669,0.0
2013-05-28,14.33,0.0013966482717209239,0.01198299188248937,0.546281951975213,0.24575354174476344,0.26800616186748866,0.3132429883979461,0.37935126582278483
2013-05-29,14.28,0.014104606181541968,0.010239567233384853,0.6049167634533488,0.25015083203419197,0.28843572090697517,0.31011923559761234,0.1743083003952569
2013-05-30,14.36,-0.024080970993268114,0.013325608342989572,0.4146671826625387,0.25274418931610876,0.226912326773879,0.2878423746470686,0.49960505529225907
2013-05-31,14.16,-0.020273326292867377,0.007142857142857143,0.43771760154738876,0.24696637697665835,0.23060894522230138,0.2641596511615822,0.2782162588792423
2013-06-03,14.45,-0.015110177596449503,0.016209957545349287,0.46925754060324826,0.24734918368485542,0.24427222727781764,0.2516470764096924,0.05402208201892744
2013-06-04,14.36,0.0020913217799973793,0.013888888888888888,0.5498647081561654,0.24824767944126216,0.27066709216210544,0.27066709216210544,0.0
2013-06-05,15.05,0.05251803428344681,0.034516004627844196,0.7571483771251932,0.2613906091738928,0.3510183303089767,0.3510183303089767,0.0
2013-06-07,16.76,0.15454853143385883,0.10929067077872012,0.9465044418694477,0.27884261144299793,0.444879241363722,0.444879241363722,0.0
2013-06-10,15.82,0.11085387407393421,0.06165703275529865,0.8932432432432432,0.29532245278442576,0.4167409095943226,0.4167409095943226,0.0
2013-06-11,15.37,0.061723142992063273,0.04526194144838212,0.7832883056734852,0.30128622459007703,0.3766121572373147,0.3766121572373147,0.0
2013-06-12,15.64,0.08538517149708724,0.05429341547939931,0.8420138888888888,0.3107815589257966,0.4023629544313616,0.4023629544313616,0.0
2013-06-13,16.82,0.1111906633499169,0.11412625096227867,0.8933667566525261,0.32976994172129637,0.44575431644536706,0.44575431644536706,0.0
2013-06-14,15.78,-0.060251779636208536,0.06060023085802232,0.25655358519660754,0.32752994950859377,0.21489458852107454,0.37127298524588814,0.8821907013396375
2013-06-17,16.03,0.01318700428195374,0.07134615384615385,0.5998073217726397,0.337580659282333,0.33624471163370884,0.3551737456537653,0.1562992125984252
2013-06-18,15.89,0.03327242299812028,0.06708958093041138,0.6789291217257319,0.3464780748785338,0.36416559251155906,0.36416559251155906,0.0
2013-06-19,16.59,0.05896836908518788,0.10280553420445811,0.7753176742395071,0.35724618471023856,0.41178979771806795,0.41178979771806795,0.0
2013-06-20,17.37,0.03217592570821193,0.15309258547829427,0.6760969976905312,0.35981288220519814,0.39633415512467457,0.39633415512467457,0.0
2013-06-21,18.57,0.16280405994688607,0.25268817204301075,0.9517121969988457,0.36963029836291583,0.524676889134924,0.524676889134924,0.0
2013-06-24,19.95,0.21876717671441082,0.363915547024952,0.9748076923076923,0.3824692372323669,0.5737308255216704,0.5737308255216704,0.0
2013-06-25,20.23,0.2414766706310294,0.38123561013046814,0.9821222606689735,0.39945815535137175,0.5876053420502712,0.5876053420502712,0.0
2013-06-26,20.32,0.20280551850792783,0.3881856540084388,0.9698308993082244,0.4194519455878457,0.5924894996348363,0.5924894996348363,0.0
2013-06-27,18.1,0.041167358018766365,0.20820552147239263,0.7124471763349981,0.4270893547658622,0.449247350857751,0.5455499814398905,0.6730920535011802
2013-06-28,17.11,-0.08188428746051235,0.1303181295515523,0.18413978494623656,0.4242509828531687,0.24623629911698586,0.48986186343630295,0.9909591194968553
2013-07-01,17.24,-0.14599687810032558,0.1400383141762452,0.049712092130518235,0.41787323154358164,0.20254121261678168,0.41562394085532517,0.9689709347996858
2013-07-02,17.06,-0.1704301091161211,0.12792033703561853,0.03434382194934766,0.40979314806449085,0.19068576901648568,0.33624002624856814,0.8496860282574569
2013-07-03,17.93,-0.12513033509323934,0.19697549770290965,0.07729190640583046,0.402555993241083,0.2256077991166077,0.2628636861449224,0.31333333333333335
2013-07-04,17.55,-0.030857988359905164,0.16704936854190586,0.38554447852760737,0.39657922987399485,0.316391025647836,0.316391025647836,0.0
2013-07-05,18.15,0.059007472806757555,0.21499617444529456,0.7752012265235723,0.39493928708201237,0.46171222935029305,0.46171222935029305,0.0
2013-07-08,18.62,0.07700400661337437,0.25908221797323133,0.8178160919540229,0.39798923793023017,0.49162918261916144,0.49162918261916144,0.0
2013-07-09,18.05,0.05640914271535724,0.20470183486238533,0.7638835695135964,0.401490116861583,0.45669184041252153,0.45669184041252153,0.0
2013-07-10,17.81,-0.006715190315471631,0.18456247611769203,0.5059341500765697,0.3963448499072324,0.3622804920338314,0.4177409540127287,0.454153605015674
2013-07-11,17.3,-0.014347448408141616,0.14686783804430864,0.47091465748182165,0.38660208710501553,0.33479486087704863,0.42142172105857123,0.6307752545027407
2013-07-12,17.07,-0.06134802390451055,0.12829324169530354,0.2526778882938026,0.3881975199533774,0.25638954998082786,0.38035718518467815,0.7836463223787168
2013-07-15,17.39,-0.06834094348272934,0.15591603053435116,0.22543021032504781,0.3809523390843925,0.2540995266479305,0.332851253990432,0.5961688819390148
2013-07-16,18.16,0.006075688394257206,0.21747424647081268,0.5655581039755352,0.38187768027914765,0.3883033435751652,0.3883033435751652,0.0
2013-07-17,18.1,0.016151840970210163,0.21109839816933637,0.6146350783339702,0.3805679369806312,0.4021004711613126,0.4021004711613126,0.0
2013-07-18,18.17,0.04906538090434642,0.21864277544796035,0.7366310160427807,0.3837200421886791,0.44633127789314003,0.44633127789314003,0.0
2013-07-19,18.08,0.05748381815768111,0.20903201219512196,0.7691867124856816,0.37806550107965275,0.45209474192015214,0.45209474192015214,0.0
2013-07-22,18.21,0.04607556537332469,0.2220952380952381,0.725381679389313,0.3682843430334505,0.43858708683933384,0.43858708683933384,0.0
2013-07-23,17.05,-0.06307116944362168,0.1268088347296268,0.24666157954979015,0.3435371566204498,0.23900252363328892,0.3956232202894455,0.882421875
2013-07-24,16.52,-0.09134017017894802,0.0957365816520746,0.15045766590389015,0.3157415989764324,0.18731194884413238,0.35266551582600947,0.899687743950039
2013-07-25,16.4,-0.10249054757792697,0.08770928462709285,0.12180709111704155,0.2979631909248509,0.16915985555632843,0.29723123135864715,0.7991419656786272
2013-07-26,15.9,-0.1284872457378441,0.06732597945987068,0.07298018292682927,0.29360939712207373,0.1446385198362579,0.2357399869418683,0.6480904130943103
2013-07-29,16.32,-0.10957954420355565,0.08365019011406843,0.10685714285714286,0.2936283202886849,0.16137855108663207,0.18029827979132793,0.154595015576324
2013-07-30,15.95,-0.06669137449867213,0.06841505131128849,0.23324447829398323,0.29711320455419254,0.19959091138648807,0.19959091138648807,0.0
2013-07-31,16.26,-0.01586366397316752,0.08035714285714286,0.46345641416063954,0.30385185837691864,0.2825551384649004,0.2825551384649004,0.0
2013-08-01,15.48,-0.0577324666685719,0.04918344094189138,0.268455098934551,0.29797797569709183,0.20520550519117808,0.20520550519117808,0.0
2013-08-02,14.92,-0.06361651445057115,0.03246013667425968,0.24667173830353747,0.2802013375473151,0.1864444041750374,0.2070349020608472,0.16848249027237355
2013-08-05,14.92,-0.08968875476034599,0.03263757115749526,0.16102661596958176,0.25812048447731073,0.1505948905347959,0.20487816995047997,0.4405132192846034
2013-08-06,14.98,-0.06274285114178024,0.03414264036418816,0.24952489547700493,0.24099753776394098,0.174888357868378,0.19993765924685797,0.2094017094017094
2013-08-07,15.35,-0.05759263008645865,0.044937428896473265,0.2699468085106383,0.2316072280442622,0.18216382181712457,0.18216382181712457,0.0
2013-08-08,14.96,-0.03416889561524972,0.03392721758908264,0.36973034561336876,0.22625410473617028,0.20997055597954054,0.20997055597954054,0.0
2013-08-09,14.38,-0.03686424248271436,0.014588859416445624,0.3582004555808656,0.22604955936137539,0.19961295811956217,0.19961295811956217,0.0
2013-08-12,14.72,-0.013495481474884663,0.027083333333333334,0.4776091081593928,0.22913321437720854,0.24460855195664488,0.24460855195664488,0.0
2013-08-13,14.26,-0.049257563102923285,0.009655433547898523,0.3051972685887709,0.21742872316946663,0.177427141768712,0.20275660592831685,0.2107919254658385
2013-08-14,13.78,-0.10789720844769368,0.003595760787282362,0.1105422828972317,0.19963883734899676,0.10459229367783694,0.18724230030045932,0.6078355314197051
2013-08-16,14.23,-0.05002756044457035,0.009080590238365494,0.3011751326762699,0.18351338563459413,0.16458970284974317,0.17816612967449985,0.0996124031007752
2013-08-19,14.51,0.00899971460319593,0.01909984871406959,0.5818491852974612,0.1740816433678623,0.2583435591264644,0.2583435591264644,0.0
2013-08-20,15.58,0.056780927141871995,0.05746691871455577,0.7679924242424242,0.17103120400467303,0.3321635156538843,0.3321635156538843,0.0
2013-08-21,16.11,0.12198178220273315,0.07860922146636433,0.9059068534645968,0.18630734552096162,0.3902744734839742,0.3902744734839742,0.0
2013-08-22,16.32,0.1691730839504486,0.08934642992066491,0.9547691143073429,0.20625537793776272,0.4167903073885902,0.4167903073885902,0.0
2013-08-23,15.0,0.05269778900044919,0.037386706948640484,0.7565266742338252,0.22086530307372101,0.3382595614187289,0.3471662834143284,0.06622773044151821
2013-08-26,14.61,0.006868158866511376,0.022083805209513023,0.5716717095310136,0.23220153688256667,0.2753190172076978,0.35056137503057505,0.5777863777089783
2013-08-27,15.3,-0.018135212044212423,0.04679245283018868,0.4504725897920605,0.23987047962384261,0.24571184074869726,0.33327104004953767,0.6345707656612529
2013-08-28,15.7,-0.02577948483462089,0.06261788004526593,0.4079743008314437,0.24409379590562855,0.23822865892744605,0.302861877138232,0.5227975270479135
2013-08-29,15.66,-0.04128165897330405,0.06033182503770739,0.337174159425765,0.24043610659177078,0.21264736368508105,0.2620332883975302,0.4081081081081081
2013-08-30,15.73,0.04751951596797621,0.06445533358462119,0.7316842900302115,0.2523986336852305,0.3495127524333544,0.3495127524333544,0.0
2013-09-02,16.12,0.09835451131587458,0.08157498116051243,0.8703284258210645,0.26921792198532507,0.40704044298896735,0.40704044298896735,0.0
2013-09-03,16.02,0.045985113241823417,0.0775894538606403,0.7258490566037736,0.28446228006875846,0.3626335968443908,0.3626335968443908,0.0
2013-09-04,16.26,0.03504739176540239,0.08810240963855422,0.6874764239909468,0.29676006251346615,0.3574462987143224,0.3574462987143224,0.0
2013-09-05,16.16,0.031429362530292604,0.08336469702672186,0.6736425339366516,0.30781313735237276,0.3549401227719154,0.36631464275059,0.08449074074074074
2013-09-06,15.97,0.015142245156734901,0.07580887885628292,0.6100640784018093,0.31486852220376377,0.33358049315395205,0.3631281908947096,0.2501927525057826
2013-09-09,16.41,0.01783016802351689,0.09909740503948852,0.6211379050489827,0.32355467208104277,0.34792999405650465,0.35130610110821703,0.025038520801232665
2013-09-10,15.9,-0.007518832414027177,0.07387218045112783,0.5033898305084745,0.32536891131771467,0.300876974092439,0.3389547765578267,0.3206312548113934
2013-09-11,15.65,-0.03823718713350255,0.05975197294250282,0.35033885542168675,0.3277498644734026,0.24594689761253075,0.31665489633746835,0.5534615384615384
2013-09-12,15.71,-0.0282416008254196,0.0640495867768595,0.3976289047798269,0.336438375670207,0.2660389557422978,0.29887466293154485,0.27478862413528055
2013-09-13,15.76,-0.013236877797188296,0.06590311678558017,0.477614747930775,0.34226992921524996,0.2952625979772017,0.2952625979772017,0.0
2013-09-16,15.93,-0.02968678118004231,0.07601351351351351,0.3913125235050771,0.3389293542904265,0.26875179710300573,0.275375444505495,0.050307219662058374
2013-09-17,16.37,0.029131282156857452,0.0975609756097561,0.6671052631578948,0.33740952668569324,0.36735858848444797,0.36735858848444797,0.0
2013-09-23,15.91,0.01647692536353329,0.0755813953488372,0.6168733558812477,0.33010799359317133,0.34085424827441874,0.34085424827441874,0.0
2013-09-24,15.43,-0.017983785892460524,0.05211848518935133,0.4502253944402705,0.31656370197821165,0.2729691938692778,0.30903928514167045,0.3050652340752111
2013-09-25,15.01,-0.04875843878436248,0.03804347826086957,0.3062335711603455,0.3053227936841804,0.21653328103513184,0.2932934217532564,0.5870398773006135
2013-09-26,14.62,-0.08581366960032444,0.023042337954289997,0.1721096096096096,0.29535770450476473,0.16350321735622145,0.2722437058038995,0.7367816091954023
2013-09-27,14.45,-0.12475597682460249,0.017790262172284643,0.07711069418386492,0.2852986023481122,0.12673318623475394,0.22411862535396074,0.6810872894333844
2013-09-30,15.38,-0.033879878272197406,0.05110445526020217,0.37115528882220555,0.2840902914282547,0.2354500118368875,0.2354500118368875,0.0
2013-10-01,15.53,0.006459970785526181,0.05875748502994012,0.5693663292088489,0.28985573717263763,0.30599318380380885,0.30599318380380885,0.0
2013-10-02,14.72,-0.019509532344640146,0.02955480733258511,0.44209145427286356,0.281743403122403,0.2511298882426172,0.2511298882426172,0.0
2013-10-04,15.1,0.03230428949924624,0.04094988780852655,0.678343949044586,0.2759281638691914,0.33174066690743464,0.33174066690743464,0.0
2013-10-07,15.38,0.06237354951905694,0.051962616822429905,0.7870786516853933,0.2768182328202767,0.3719531671093666,0.3719531671093666,0.0
2013-10-08,15.39,0.0006499837732900637,0.052503736920777276,0.5423062523399476,0.2722990117110572,0.28903633365726067,0.3099706479440976,0.17253251721499618
2013-10-10,15.51,-0.0012886599721482206,0.05939484497571909,0.5331212574850299,0.26818673349849165,0.2869009453197469,0.30615220024728523,0.15863914373088686
2013-10-11,13.92,-0.05588045839445677,0.005041075429424944,0.272914328469884,0.257988794664522,0.17864806618794363,0.29165583583635046,0.7505729564553094
2013-10-14,14.19,-0.062157252648927575,0.008771929824561403,0.24925205684367988,0.24643351157901625,0.1681524994157525,0.25893820233801407,0.6515267175572519
2013-10-15,13.52,-0.1288978934626801,0.0016791044776119403,0.07121495327102803,0.2338243127487422,0.10223945683246072,0.20499546028263288,0.7128146453089245
2013-10-16,14.61,-0.05201172208818017,0.02349869451697128,0.29091928251121074,0.23143249146534206,0.18195015616450805,0.18357822478408237,0.013338414634146341
2013-10-17,14.01,-0.10171361683953162,0.006152125279642058,0.1230855435188644,0.2231214708963875,0.11745304656496465,0.1496886450331259,0.2722772277227723
2013-10-18,13.43,-0.035835644371127184,0.0007454342154304882,0.361277072442121,0.21858408694491743,0.19353553120082298,0.19353553120082298,0.0
2013-10-21,13.82,-0.02642067283242744,0.005029806259314456,0.4066815976110489,0.21719372111621174,0.20963504166219168,0.20963504166219168,0.0
2013-10-22,13.81,0.021222896806382785,0.005027932960893855,0.6371268656716418,0.2141309351128339,0.28542857791512316,0.28542857791512316,0.0
2013-10-23,14.22,-0.027056801387513207,0.010982874162323157,0.40264826557254757,0.20716034482545354,0.2069304948534414,0.2069304948534414,0.0
2013-10-24,13.54,-0.03412309286478665,0.0027912169705991813,0.36968680089485456,0.20391369828134934,0.19213057204893436,0.21753204353610273,0.2134703196347032
2013-10-25,13.56,0.009633271977103064,0.0033482142857142855,0.5853522176667909,0.21002428284463157,0.2662415715990456,0.2662415715990456,0.0
2013-10-28,13.62,-0.014577517618157732,0.003904797322424693,0.4722429210134128,0.21704917711393001,0.2310656318165892,0.2363593696466267,0.04068441064638783
2013-10-29,13.48,-0.024185861937039643,0.0018587360594795538,0.4143389199255121,0.22508159460465108,0.21375975019654758,0.2220256041029116,0.064209726443769
2013-10-30,13.55,-0.04826287704938448,0.003530286138981791,0.3084512285927029,0.22232463887088297,0.17810205120085587,0.21625991537239453,0.3246013667425968
2013-10-31,14.41,0.0622741425273019,0.021173848439821695,0.7880535913658355,0.2268522295100547,0.34535988977190396,0.34535988977190396,0.0
2013-11-01,13.76,0.0146415499929482,0.006126995915336057,0.6077008928571429,0.23040677018923045,0.28141155298723647,0.28141155298723647,0.0
2013-11-04,14.03,0.029658593393003585,0.00983667409057164,0.6714391967274079,0.2294563210383521,0.3035773972854439,0.3035773972854439,0.0
2013-11-05,13.53,0.003702336698535813,0.002968460111317254,0.5578066914498141,0.22249966811468483,0.26109160655860536,0.2739084995608091,0.09749620637329287
2013-11-06,13.61,0.004418269337664427,0.005007418397626113,0.5598290598290598,0.22175033033883387,0.26219560285517324,0.29072720989167256,0.2460197119029568
2013-11-07,13.47,-0.06745741958915819,0.0016685205784204673,0.22529717682020803,0.2126115702122809,0.14652575587030311,0.2509603831113524,0.718560606060606
2013-11-08,13.63,-0.009492586796756353,0.006300963676797628,0.49814333457111026,0.21827379257099583,0.2409060302729679,0.2428592785684987,0.015518546555639667
2013-11-11,13.92,-0.007871239208096181,0.010374212671359764,0.5042687453600594,0.22468926685507523,0.2464440749621648,0.2464440749621648,0.0
2013-11-12,13.56,0.0022148403295525476,0.005,0.5504638218923933,0.2367535109586691,0.2640724442836875,0.2640724442836875,0.0
2013-11-13,14.75,0.0804382661224543,0.04017030729359496,0.8314169139465876,0.2506827420639691,0.3740899877680506,0.3740899877680506,0.0
2013-11-14,14.22,0.05418443395282191,0.015914137675795706,0.7639970337411939,0.2669495796294312,0.34895358368214024,0.34895358368214024,0.0
2013-11-15,13.78,0.010945019877071083,0.008509064002959674,0.5913639733135656,0.2728958428959055,0.29092296007081025,0.30489661015337066,0.10779122541603631
2013-11-18,13.99,0.005016133771116316,0.01201923076923077,0.5622452760281585,0.2769596704690812,0.28374139242215685,0.3123560736453691,0.24829931972789115
2013-11-19,13.84,0.020438667677274314,0.010166358595194085,0.6361111111111111,0.27706273724592545,0.3077800689840769,0.32109759858544695,0.10309667673716012
2013-11-20,14.13,-0.04294288608939256,0.014966740576496674,0.32747130692336174,0.2752829099400501,0.20590698581330283,0.28746099819449744,0.6086792452830189
2013-11-21,15.15,0.06335110758028373,0.05374953823420761,0.7914507772020726,0.2871009673793208,0.37743376093853365,0.37743376093853365,0.0
2013-11-22,14.41,0.044704144425918635,0.02603397341211226,0.7253052164261932,0.2911669363264658,0.34750204205492374,0.34750204205492374,0.0
2013-11-25,14.48,0.03442559828018066,0.02897748246585456,0.6891642011834319,0.297216785459302,0.3384528230361961,0.3384528230361961,0.0
2013-11-26,14.47,0.04451459045386885,0.02896678966789668,0.7247689463955638,0.3056552374612637,0.3531303245082414,0.3531303245082414,0.0
2013-11-27,14.65,0.03614013876664002,0.03633345628919218,0.6956762749445676,0.3161559428738156,0.34938855803585844,0.35318150171475066,0.032805429864253395
2013-11-28,14.69,-0.03083354176959263,0.03853244837758112,0.384373845585519,0.30649791422775163,0.24313473606361727,0.3263216967397674,0.6190655614167294
2013-11-29,14.42,0.0006937218453719751,0.026723184666420936,0.5419128508124077,0.3053681178954104,0.291334717791413,0.31508823188706525,0.20444277108433734
2013-12-02,14.62,0.009622067364062126,0.03500368459837878,0.5845330380214101,0.30382463919045566,0.30778712060341484,0.30895509140050903,0.009405568096313018
2013-12-03,14.62,0.010312913678240054,0.03517495395948435,0.5887453874538745,0.30540326893676134,0.30977453678337336,0.30977453678337336,0.0
2013-12-04,14.62,-0.0020498811414437768,0.035346097201767304,0.5287716709701217,0.3053853011853914,0.2898343564524268,0.2898343564524268,0.0
2013-12-05,14.89,0.013522856510131742,0.04766286345233714,0.603429203539823,0.3159884604252297,0.3223601758057966,0.3223601758057966,0.0
2013-12-06,14.93,0.03475647969429607,0.05022075055187638,0.6905639513453741,0.32189697051646327,0.35422722413790453,0.35422722413790453,0.0
2013-12-09,14.79,0.01156082240107592,0.04615667524825304,0.5945099484156227,0.3250475621572747,0.32190472860705016,0.32190472860705016,0.0
2013-12-10,14.15,-0.03267583023238574,0.015441176470588236,0.3747697974217311,0.3209162409572729,0.23704240494986406,0.3050737779906084,0.543984962406015
2013-12-11,14.31,-0.021431860753272858,0.022418228592429253,0.42838733431516934,0.31039669949895826,0.2537340874688523,0.29785372419389355,0.3745304282494365
2013-12-12,15.13,0.015989681104346953,0.05786186627479794,0.6163047478836953,0.3077530855674958,0.3273065665753297,0.3273065665753297,0.0
2013-12-13,14.92,-0.0006700167754840614,0.05086301872934264,0.5351361295069904,0.307406238340491,0.29780179552560804,0.29780179552560804,0.0
2013-12-16,15.41,0.041065372609315975,0.06993392070484582,0.716623758734829,0.3127135676565481,0.3664237490320743,0.3664237490320743,0.0
2013-12-17,14.88,0.05030340531569921,0.04862385321100918,0.7487132352941176,0.3164900581265187,0.3712757155438818,0.3712757155438818,0.0
2013-12-18,15.08,0.05241076901145014,0.05630961115187087,0.7594634325615582,0.32832343303185796,0.381365492248429,0.381365492248429,0.0
2013-12-19,14.08,-0.07192417707036824,0.013751375137513752,0.20922116091109477,0.3127677385471662,0.17858009153192492,0.3190893687763836,0.8382132132132132
2013-12-20,13.3,-0.11493855954790666,0.00018328445747800586,0.09456481821520382,0.29635296136802564,0.13036702134690248,0.28560241394064245,0.8825956489122281
2013-12-23,13.15,-0.15859489070825106,0.00018321729571271528,0.03726138032305433,0.2793355342172626,0.10559337727867656,0.23343633958996293,0.8047226386806596
2013-12-24,12.64,-0.16315164068623478,0.00018315018315018315,0.036513761467889906,0.2614095636069521,0.09936882508599741,0.17905496149838607,0.602621722846442
2013-12-26,12.91,-0.15536715772125875,0.0005492493592090809,0.04273661041819516,0.24419146682054324,0.09582577553264916,0.1219470181552301,0.22642215568862276
2013-12-27,12.6,-0.11105853677246413,0.00018301610541727673,0.10286028602860287,0.2361948920248162,0.11307939805294544,0.11307939805294544,0.0
2013-12-30,12.84,-0.03519873696589304,0.0009147457006952067,0.36088709677419356,0.23102403719971773,0.1976086265582022,0.1976086265582022,0.0
2014-01-02,13.99,0.06192103005361638,0.014630577907827359,0.7891168926346647,0.23562930589778527,0.34645892548009244,0.34645892548009244,0.0
2014-01-03,14.11,0.11001737714601134,0.017184643510054845,0.893956043956044,0.24280981454910383,0.3846501673384009,0.3846501673384009,0.0
2014-01-06,14.29,0.10155778708322494,0.025219298245614034,0.8804467228121567,0.2513485208712508,0.38567151397634053,0.38567151397634053,0.0
2014-01-07,13.85,0.09458841867591561,0.012605042016806723,0.8632869692532943,0.2569685194781993,0.3776201769161001,0.3776201769161001,0.0
2014-01-08,13.62,0.05897400245955087,0.008400292184075968,0.7802780826930114,0.25816586130269525,0.34894807872659417,0.36866977248750565,0.16641735228122662
2014-01-09,13.4,-0.04308808172052414,0.002738225629791895,0.3253474762253109,0.2503513382574759,0.1928123467041929,0.33794045673232576,0.8538863976083707
2014-01-10,13.75,-0.025844941752142248,0.010583941605839416,0.4056672760511883,0.25100234435159363,0.22241785400287375,0.30549399406522026,0.6179985063480209
2014-01-13,13.39,-0.06505183223869482,0.0027362276541408243,0.23519736842105263,0.24568054518078353,0.16120471375199233,0.2606006340203506,0.6973880597014925
2014-01-14,13.29,-0.04127335990819381,0.0020058351568198397,0.33339422725611984,0.23721138138714468,0.19087048126669479,0.22325069489046956,0.27926920208799405
2014-01-15,13.06,-0.04198517687308101,0.0016405395552314983,0.3299853907962016,0.2308520509400222,0.1874926604304851,0.19095961123124777,0.027943368107302535
2014-01-16,12.82,-0.044248255464341746,0.0009110787172011661,0.32110259218692955,0.21923845072663362,0.18041737387692144,0.18848061666579347,0.06142963514519732
2014-01-17,13.11,-0.047663526336971795,0.0023679417122040073,0.3074817518248175,0.20705126585243097,0.17230031979648416,0.17845710982451557,0.04873511904761905
2014-01-20,13.14,-0.018847146646616686,0.0027312454479242534,0.4452754469171835,0.19785710706872292,0.21528793314461023,0.21528793314461023,0.0
2014-01-21,12.97,-0.024372874396801247,0.002002184200946487,0.412290299051787,0.20264010574882607,0.2056441963338532,0.2056441963338532,0.0
2014-01-22,12.9,-0.012326812480658589,0.0016375545851528383,0.48323004010207804,0.2123930930491898,0.23242022924547356,0.23242022924547356,0.0
2014-01-23,13.22,0.030724382931016425,0.004183339396144053,0.6751093294460642,0.22843929482977582,0.30257732122399467,0.30257732122399467,0.0
2014-01-24,13.29,0.013636574949545288,0.0047272727272727275,0.6041894353369763,0.24274478974010605,0.283887165934785,0.283887165934785,0.0
2014-01-27,15.07,0.1370449995819394,0.06415848782260997,0.9273488710852149,0.2664503272183666,0.41931922870873056,0.41931922870873056,0.0
2014-01-28,14.89,0.13805084836756487,0.057412790697674417,0.9281033855114671,0.2885121490702446,0.42467610842646203,0.42467610842646203,0.0
2014-01-29,14.43,0.1120820614181528,0.03632401017072285,0.8968340611353712,0.3027960547910248,0.41198470869903964,0.41198470869903964,0.0
2014-02-03,15.88,0.1833296213954494,0.10257806826434278,0.9623499454347035,0.3093255683699386,0.45808452735632826,0.45808452735632826,0.0
2014-02-04,17.67,0.2848564136064513,0.2148820326678766,0.99,0.31666910199998305,0.5071837115559532,0.5071837115559532,0.0
2014-02-05,17.11,0.1269570752656981,0.17108127721335267,0.9143947655398037,0.32116435254236764,0.46888013176517473,0.46888013176517473,0.0
2014-02-06,16.52,0.10388192139691466,0.13746826260428002,0.881359011627907,0.3247377341164198,0.447855002782869,0.45879761643187295,0.08810408921933086
2014-02-07,15.39,0.06440857506500874,0.07831762146482958,0.794224482382855,0.32683432734068474,0.3997921437294565,0.45635910343795627,0.4684249628528975
2014-02-10,15.29,-0.037861435878018934,0.0735773831098224,0.34731299927378356,0.3291544443538973,0.2500149422458344,0.4147451864158576,0.9031180400890868
2014-02-11,14.78,-0.1785933708115497,0.05507246376811594,0.028493647912885663,0.32083731670449667,0.13480114279516608,0.34026867266370014,0.9625370919881305
2014-02-12,14.46,-0.16827687117348322,0.03839188699746469,0.03356313497822932,0.31668785235200925,0.1295476247759011,0.2724021712658454,0.8484062268346924
2014-02-13,14.99,-0.09718845597832582,0.06354091238233164,0.13039535727239754,0.3131512575330539,0.16902917572926102,0.21663700585512383,0.40555555555555556
2014-02-14,14.14,-0.0847102873823613,0.023344191096634093,0.17385786802030456,0.3097906607521916,0.16899757328971007,0.17047809176717454,0.013693560325684678
2014-02-17,14.27,-0.06903958845222569,0.02894356005788712,0.21982602392171077,0.30795955857907825,0.18557638085289205,0.18557638085289205,0.0
2014-02-18,14.29,-0.03371492357827943,0.030922242314647377,0.3697463768115942,0.31023003171880875,0.2369662169483501,0.2369662169483501,0.0
2014-02-19,14.54,0.005517255374754448,0.04139551699204628,0.5641072075335024,0.31416743252281976,0.3065567190161228,0.3065567190161228,0.0
2014-02-20,14.75,-0.016140229328677425,0.056017347307553304,0.46071687183200577,0.3167284759199904,0.2778208983531832,0.2778208983531832,0.0
2014-02-21,14.14,0.0,0.02348265895953757,0.5376402461093015,0.3186348586795306,0.29325258791612324,0.29325258791612324,0.0
2014-02-24,14.36,0.006287132131332918,0.034488985193210545,0.5685600578871202,0.31672876803548367,0.30659260370527147,0.30659260370527147,0.0
2014-02-25,13.62,-0.04802069122040997,0.012454873646209386,0.3054249547920434,0.30945284604483375,0.20911089149436216,0.27866674009701253,0.5491863905325444
2014-02-26,13.6,-0.06683367936336682,0.011728617827499097,0.22686189443239335,0.2906299248786354,0.17640681237950928,0.25263675876968983,0.5872135994087213
2014-02-27,13.44,-0.09300774769082532,0.007575757575757576,0.14293458619443442,0.2697547790676617,0.14008837427928456,0.22509025395491014,0.6310930576070901
2014-02-28,13.49,-0.04705899024876237,0.009195816804904436,0.3090679190751445,0.25438242068201056,0.19088205218735319,0.20461614680915613,0.1088560885608856
2014-03-03,14.51,0.010391503276018454,0.043258832011535686,0.5899241603466956,0.24358879514849022,0.2922572625022405,0.2922572625022405,0.0
2014-03-04,14.45,0.059155113837074946,0.04072072072072072,0.7817689530685921,0.23402898617652612,0.3521728866552796,0.3521728866552796,0.0
2014-03-05,13.82,0.01604702559751736,0.018011527377521614,0.6183688199206063,0.2228015937901504,0.2863939803627595,0.2863939803627595,0.0
2014-03-06,13.57,0.009626138751773983,0.01242347857400072,0.5845959595959596,0.21225639788859474,0.26975861201951834,0.27829295874543025,0.06969026548672566
2014-03-07,13.17,-0.024007154464474656,0.00413966882649388,0.41453299675441757,0.20090966193192542,0.20652744250427893,0.28142203680881533,0.5788504053058217
2014-03-10,13.96,-0.03864196956187005,0.021410579345088162,0.3469718817591925,0.19959696389994228,0.18932647500140765,0.2608358793086488,0.5592783505154639
2014-03-11,13.4,-0.07543970760157537,0.006834532374100719,0.19873873873873873,0.20264714288573824,0.1360734713328592,0.21761599624416475,0.6096394407652685
2014-03-12,14.49,0.047341937993067074,0.0447680690399137,0.7354106628242075,0.22035273563294888,0.33351048916569,0.33351048916569,0.0
2014-03-13,13.78,0.01535679173873472,0.01779295470884256,0.6152322650342096,0.231329959385157,0.2881183930427364,0.2881183930427364,0.0
2014-03-14,14.52,0.09758549364146019,0.046532518864534675,0.8713102951763859,0.2493459782582565,0.38906293076639237,0.38906293076639237,0.0
2014-03-17,14.34,0.026856737837247735,0.03735632183908046,0.6597697013314142,0.26055488923802894,0.3192269708028412,0.3192269708028412,0.0
2014-03-18,13.43,0.0022363035782806406,0.007719928186714542,0.5483812949640288,0.2644407043386415,0.2735139758297949,0.3206865519214909,0.4011029411764706
2014-03-19,13.45,-0.07447965028474268,0.009152907394113424,0.20082704063286588,0.25455263492617725,0.15484419431771887,0.28495329295189675,0.8152094048493754
2014-03-20,13.76,-0.00145243308031473,0.01794043774668102,0.5307332854061826,0.2553511225265098,0.2680082818931245,0.2809312707219743,0.10242290748898679
2014-03-21,12.76,-0.1292117314800061,0.000896700143472023,0.0695292849443047,0.2430836995269833,0.10450322820492002,0.22401933020967993,0.7780630961115187
2014-03-24,12.84,-0.11048753690965896,0.0017927572606669057,0.10255028735632184,0.23061604956539977,0.1116530313941295,0.18250454232793756,0.5553519061583577
2014-03-25,12.96,-0.03562331961101739,0.0030465949820788533,0.358886894075404,0.23171739108088052,0.19788362671278778,0.19788362671278778,0.0
2014-03-26,12.59,-0.06607625799159234,0.00017914725904693657,0.23205312275664033,0.23155843502477538,0.15459690168015422,0.1673290139770232,0.09926739926739926
2014-03-27,12.97,-0.059126834176844945,0.003939828080229226,0.2585217079296735,0.23435721483076813,0.1656062502802236,0.1656062502802236,0.0
2014-03-28,13.23,0.036171700210220425,0.006623702112423917,0.6978120516499282,0.24401151527782572,0.3161490896800593,0.3161490896800593,0.0
2014-03-31,13.82,0.0735515200777086,0.022727272727272728,0.8166009322337755,0.24916514559289618,0.3628311168513148,0.3628311168513148,0.0
2014-04-01,13.61,0.04893712573924569,0.016815742397137744,0.7413978494623656,0.24755824354465092,0.3352572784680514,0.3352572784680514,0.0
2014-04-02,13.34,0.057864192431221984,0.008404864091559371,0.776961662486564,0.2512828980266508,0.34554980820159137,0.34554980820159137,0.0
2014-04-03,13.1,0.009973231878753097,0.004826599928494816,0.5872134670487106,0.25115841374683195,0.2810661602413458,0.32817069068847254,0.3993411420204978
2014-04-04,12.75,-0.0369557065224293,0.0012508934953538242,0.35392051557465093,0.24957088233405927,0.2015807638013547,0.30525702551273165,0.7187271397220191
2014-04-07,12.92,-0.06734031998506795,0.0037513397642015005,0.2253042233357194,0.2460877098839503,0.15838109099462372,0.26436702034139337,0.7277046783625731
2014-04-08,12.97,-0.04816581833502198,0.004821428571428571,0.30500894454382826,0.24869413743401067,0.18617483684975586,0.23455053201773426,0.40869247626004385
2014-04-09,12.68,-0.050741091478398115,0.0012495537308104248,0.2909513590844063,0.2364946919577881,0.17623186825766826,0.20068694402894965,0.21204379562043796
2014-04-10,12.59,-0.03970938215084985,0.00035688793718772306,0.3434036467643904,0.22926307483175123,0.19100786984444315,0.19100786984444315,0.0
2014-04-11,12.42,-0.026223195099102092,0.00017838030681412772,0.4058255897069335,0.21646710373107192,0.20749035791493986,0.20749035791493986,0.0
2014-04-14,12.22,-0.055702544611006655,0.0001783166904422254,0.2702750982493748,0.20580028852530496,0.158751234488374,0.1839312334710362,0.21845368344274252
2014-04-15,12.15,-0.06530982854179523,0.00017825311942959,0.2344642857142857,0.19776382141737928,0.14413545341703152,0.17552335678449135,0.27223032069970843
2014-04-16,12.15,-0.04269677922252235,0.0003563791874554526,0.32827561585148163,0.20073012259267822,0.17645403921053845,0.17645403921053845,0.0
2014-04-17,12.11,-0.03887129049125493,0.00017812611328820805,0.3474304068522484,0.19570349283799507,0.18110400860117723,0.18110400860117723,0.0
2014-04-18,11.47,-0.07957314536405358,0.00017806267806267807,0.18605066000713522,0.19859856127793057,0.12827576132104282,0.15774409940763282,0.2574654042243263
2014-04-21,11.96,-0.02150620522096336,0.000533997864008544,0.43134807417974325,0.20678703696359965,0.21288970300245047,0.21288970300245047,0.0
2014-04-22,11.89,-0.0216314590838671,0.0005338078291814947,0.4297682709447415,0.20849625170651068,0.21293277682681122,0.21293277682681122,0.0
2014-04-23,11.79,-0.030077455237278006,0.0005336179295624333,0.3897006414825374,0.212446301441421,0.20089352028450694,0.20089352028450694,0.0
2014-04-24,12.07,-0.0033085224555606807,0.001600284495021337,0.5238688991806199,0.21902149263306442,0.24816355876956853,0.24816355876956853,0.0
2014-04-25,12.2,0.06170102059793159,0.003021685033771774,0.7897079772079773,0.22122884034504936,0.3379861675289328,0.3379861675289328,0.0
2014-04-28,12.18,0.0182275137592649,0.0030206112295664534,0.6281594873620505,0.2160251376858136,0.28240174542581015,0.28240174542581015,0.0
2014-04-29,11.66,-0.01953352978034406,0.0005328596802841918,0.44288256227758005,0.2081551834382726,0.2171902017987123,0.25732703876150614,0.3482532751091703
2014-04-30,11.6,-0.01624661643696035,0.0005326704545454545,0.4626467449306297,0.2001005056584489,0.22109330701454133,0.261366996107513,0.3501818181818182
2014-05-02,10.76,-0.11488748037580176,0.0001774937877174299,0.09406116642958748,0.18765547048945136,0.09396471023558543,0.2305272264007164,0.8353924418604651
2014-05-07,12.0,-0.016529301951210496,0.002661462029808375,0.4612513330963384,0.19037400514085495,0.21809560008900056,0.21809560008900056,0.0
2014-05-08,11.36,-0.06969684898874551,0.000532103582830791,0.21481876332622601,0.19003138773608333,0.1351274182150467,0.17709424747057728,0.3634713144517066
2014-05-09,10.71,-0.08498629646268885,0.0001773049645390071,0.17104795737122558,0.186566259966596,0.11926384076745351,0.1575089752643255,0.329100145137881
2014-05-12,10.38,-0.11112422037457659,0.0001772421127259837,0.10067471590909091,0.18178253609676104,0.09421149803952598,0.13213261346932242,0.32741116751269034
2014-05-13,10.21,-0.05246792255706412,0.00017717930545712261,0.284877529286475,0.18031489044401988,0.15512319967865065,0.15512319967865065,0.0
2014-05-14,11.17,-0.07167503670689124,0.001594048884165781,0.20919091554293825,0.1754344153043538,0.12873979324381926,0.12873979324381926,0.0
2014-05-15,11.37,0.0008798944694392574,0.002301699716713881,0.545760908123448,0.1823746451268624,0.24347908432234144,0.24347908432234144,0.0
2014-05-16,11.4,0.06243547094079238,0.002654867256637168,0.7930851063829787,0.1964020809970099,0.3307140182122086,0.3307140182122086,0.0
2014-05-19,11.93,0.13917535837208206,0.004777070063694267,0.9299893654732364,0.21155544200945978,0.38210729251546355,0.38210729251546355,0.0
2014-05-20,11.99,0.16070533686284838,0.005482844004244782,0.9516300496102055,0.22679305102568265,0.39463531488004433,0.39463531488004433,0.0
2014-05-21,11.87,0.06078259554046728,0.00442008486562942,0.7872830322352108,0.24192991088607366,0.34454434266230466,0.34454434266230466,0.0
2014-05-22,11.29,-0.007060929600874122,0.0019441498762813715,0.5072592067988668,0.24386294300185857,0.2510220998923356,0.3406046136324713,0.6539855072463768
2014-05-23,11.09,-0.027569554038174182,0.0015901060070671379,0.39946902654867256,0.24313186934640402,0.21473033396738125,0.3174078767835059,0.7165097755249819
2014-05-26,11.13,-0.06941207082237089,0.001942776404097492,0.21709129511677283,0.23885186464912325,0.15262864538999785,0.2715121473584127,0.7782199710564399
2014-05-27,11.11,-0.07622736538788422,0.001942090395480226,0.19472939511850018,0.23063192219508175,0.14243446923635406,0.22107197822967467,0.6005061460592914
2014-05-28,10.8,-0.09446807449140238,0.0015884221673138016,0.13772984441301273,0.21429663730354614,0.11787163462795756,0.17573743662280525,0.4822976878612717
2014-05-29,10.49,-0.07349495575336462,0.0008821453775582216,0.20378225521385648,0.2036337448535411,0.13609938181498527,0.1527528930073352,0.14187725631768952
2014-05-30,10.86,-0.02095748685648635,0.002292768959435626,0.43586572438162546,0.20350232163812104,0.21388693832639405,0.21388693832639405,0.0
2014-06-02,10.89,-0.02179922834258452,0.002644569816643159,0.4290003532320735,0.2027139593297096,0.21145296079280876,0.21145296079280876,0.0
2014-06-03,10.88,-0.0209193622237418,0.0026436376454000705,0.4362641242937853,0.21133068687275655,0.21674614960398064,0.21674614960398064,0.0
2014-06-05,11.46,0.05931657715641947,0.00616631430584919,0.7852100247087893,0.21951727546996888,0.3369645381615358,0.3369645381615358,0.0
2014-06-09,11.63,0.10316554412236734,0.007220852412821416,0.8837332392378264,0.23640735608850866,0.3757871492463855,0.3757871492463855,0.0
2014-06-10,11.52,0.05899834076195587,0.006866197183098592,0.7821869488536155,0.2518530531810324,0.34696873307258214,0.34696873307258214,0.0
2014-06-11,11.45,0.050144793055379555,0.006159802886307638,0.7487658674188998,0.26820489598811714,0.34104352209777494,0.34104352209777494,0.0
2014-06-12,11.6,0.06407885668452229,0.007741027445460943,0.7974973563623546,0.28120948786851424,0.3621492905587766,0.3621492905587766,0.0
2014-06-13,12.09,0.053515953340107725,0.011783327470981358,0.7651515151515151,0.29536323482339905,0.35743269248196513,0.35743269248196513,0.0
2014-06-16,11.7,0.006000875273137307,0.008966244725738396,0.5686861570975695,0.2961029796729777,0.2912517938320952,0.3397692064086388,0.41305916305916307
2014-06-17,11.37,-0.013106347505300597,0.00562390158172232,0.4808098591549296,0.28837032435040355,0.2582680283623518,0.3220290654665927,0.5237923576063447
2014-06-18,11.47,0.0017452011410306056,0.007378777231201687,0.5485744456177403,0.27889999403320387,0.27828440562738194,0.30947724217251416,0.27053314121037464
2014-06-19,10.95,-0.05766564184980938,0.0033368458025992273,0.26337086558761436,0.26163986447759796,0.17611585862260384,0.2722705557852796,0.6799856011519079
2014-06-20,11.48,-0.051772273735280816,0.008251404494382022,0.28825184664087233,0.24925986782845833,0.18192103965457088,0.23716822521980077,0.45863309352517984
2014-06-23,11.01,-0.06078489106912199,0.0036855036855036856,0.2505274261603376,0.24288510715772568,0.16569934566785563,0.2120577355869528,0.39791516894320633
2014-06-24,10.77,-0.05421381659414726,0.0019298245614035089,0.2750439367311072,0.23978297287614492,0.17225224472288522,0.19485457885905952,0.19001436781609196
2014-06-25,10.95,-0.046395474878769605,0.003858295334970186,0.311841180604357,0.24219960798660636,0.18596636130864452,0.18596636130864452,0.0
2014-06-26,10.86,-0.008253141756720428,0.002805049088359046,0.5021074815595363,0.2499056341149542,0.25160605492094984,0.25160605492094984,0.0
2014-06-27,11.08,-0.03546470957228243,0.005082369435681739,0.3611306179775281,0.2555780021357763,0.20726366318299538,0.20726366318299538,0.0
2014-06-30,11.48,0.04180244015683199,0.010161177295024528,0.7204282204282204,0.26872612706407206,0.3331051749291057,0.3331051749291057,0.0
2014-07-01,11.25,0.04360363748213203,0.006830122591943958,0.7250877192982456,0.27607011077780025,0.33599598422266325,0.33599598422266325,0.0
2014-07-02,10.98,0.0027359798188748563,0.004726890756302521,0.5557699052963873,0.27929140760289956,0.27992940121852977,0.2815800556948488,0.014716439339554917
2014-07-03,10.85,-0.0009212345193208016,0.002625131256562828,0.5368162692847125,0.28180474856795185,0.27374871636974235,0.2860085879846073,0.0936154949784792
2014-07-04,10.66,-0.038643262581439686,0.001224632610216935,0.3478794251664914,0.2707479415370036,0.20661733310457064,0.28587932196892235,0.6046594982078853
2014-07-07,10.78,-0.06291382541056922,0.0026232948583420775,0.24299229152067273,0.25461447890521277,0.1667433550947425,0.2526069580020497,0.6378939828080229
2014-07-08,10.61,-0.05857117602453776,0.0012237762237762239,0.25901926444833623,0.2413942262710977,0.16721242231440336,0.21885024562039773,0.43342877594846096
2014-07-09,10.99,0.0009103323341452807,0.00646627053477805,0.5463935574229691,0.23634258021241122,0.26306746939005277,0.26306746939005277,0.0
2014-07-10,11.1,0.022780028331820024,0.007861635220125786,0.6491074553727686,0.23263584788203814,0.2965349794916442,0.2965349794916442,0.0
2014-07-11,11.3,0.05830430698059663,0.009954593084177437,0.7800909727081875,0.2329636159612849,0.34100306058455,0.34100306058455,0.0
2014-07-14,10.93,0.013818736707595924,0.005412011173184358,0.6084295208114725,0.23386834421531866,0.2825699587333252,0.2825699587333252,0.0
2014-07-15,10.39,-0.02095314751475552,0.0008726003490401396,0.4351398601398601,0.23260781170912487,0.22287342406600838,0.2812097784531161,0.4867668097281831
2014-07-16,10.47,-0.048471743533084144,0.0012212142358688067,0.3035651869975533,0.22632864116873685,0.1770383474673863,0.2640039540685828,0.6429592566118656
2014-07-17,10.47,-0.0584310834358428,0.0013951866062085804,0.25943396226415094,0.22618167710574047,0.16233694199203333,0.23716434656866064,0.5803571428571429
2014-07-18,10.76,-0.048967170984656416,0.003486750348675035,0.3019559902200489,0.2264051643415772,0.17728263497010036,0.20442026144577072,0.23733047822983583
2014-07-21,10.95,0.0018281540740625601,0.007493900313698153,0.5504539106145251,0.23399853636863677,0.26398211576562,0.26398211576562,0.0
2014-07-22,10.82,0.04055246830719961,0.005052264808362369,0.7167539267015707,0.24511934712407232,0.32230851287800183,0.32230851287800183,0.0
2014-07-23,10.86,0.03657228962334358,0.006095437129919889,0.7001046755059316,0.2548818630414854,0.3203606585591123,0.3203606585591123,0.0
2014-07-24,10.85,0.03565105510402278,0.005571030640668524,0.697070108126962,0.2598250782444788,0.3208220723373698,0.3208220723373698,0.0
2014-07-25,10.88,0.011090686694158247,0.007309432648799165,0.5960599721059973,0.26575398867801847,0.2897077978109383,0.30343623147020843,0.10877318116975748
2014-07-28,11.69,0.06539431922146743,0.018963117606123868,0.8021958870686651,0.2680182288518071,0.3630590778421987,0.3630590778421987,0.0
2014-07-29,12.18,0.11839898886341516,0.024,0.9067944250871081,0.27299014343173,0.40126152283961264,0.40126152283961264,0.0
2014-07-30,13.49,0.21686235571387513,0.04033379694019471,0.9757924068268896,0.28438087862458994,0.4335023607972248,0.4335023607972248,0.0
2014-07-31,12.69,0.15664920173982777,0.027285366701425097,0.9493384401114207,0.2953104387813792,0.4239780818647416,0.4239780818647416,0.0
2014-08-01,13.08,0.1841581046012557,0.03214037526059764,0.9636268708666899,0.3114770184901437,0.4357480882058104,0.4357480882058104,0.0
2014-08-04,13.19,0.12072519124524606,0.034213268496005554,0.9079679888656924,0.32889116026471077,0.4236908058754696,0.4236908058754696,0.0
2014-08-05,12.42,0.019512814223582087,0.025347222222222222,0.636,0.3389187648034635,0.3334219956752286,0.410068266483695,0.5919458303635068
2014-08-06,12.09,-0.10957000559296315,0.022561610551891705,0.10239916550764952,0.3282212885060083,0.1510606881885165,0.35357993196195336,0.959045584045584
2014-08-07,11.54,-0.0949950206463428,0.017522553782095766,0.1343413277719847,0.315593658280038,0.15581917994470615,0.2999481515779462,0.8580071174377224
2014-08-08,12.9,-0.01385703466142596,0.030523759972251128,0.47550382209867964,0.30849320868700214,0.27150693025264433,0.27150693025264433,0.0
2014-08-11,12.39,-0.06256927108817223,0.025832177531206656,0.24261896491837442,0.29985844894862523,0.1894365304660688,0.2202490649054329,0.2677809388335704
2014-08-12,12.51,0.00722024797348686,0.026863084922010397,0.5769097222222223,0.30405245761500854,0.3026084215864137,0.3026084215864137,0.0
2014-08-13,12.92,0.06639783372775465,0.032224532224532226,0.8040610898993406,0.3173399381372698,0.3845418534203809,0.3845418534203809,0.0
2014-08-14,12.57,0.08549376152220267,0.027190855559404224,0.8485426786953505,0.3327125477718797,0.40281536067554485,0.40281536067554485,0.0
2014-08-18,12.27,-0.05007005264480657,0.02579639889196676,0.2936177592785293,0.333061833211924,0.21749199712747336,0.29937883265517634,0.6158493248045487
2014-08-19,11.47,-0.07715476449977166,0.016095534787123573,0.18949375866851595,0.3242528702751094,0.17661405457691629,0.29681433747734587,0.7837357954545454
2014-08-20,11.45,-0.08853859447857104,0.01522491349480969,0.1561525129982669,0.310492151149688,0.1606231925475882,0.2684172916695807,0.7398864442867282
2014-08-21,12.05,-0.06971183841779194,0.023002421307506054,0.21292446292446293,0.29873532043959095,0.17822073489051996,0.22715306796360854,0.4145390070921986
2014-08-22,11.3,-0.10651029688386116,0.013485477178423237,0.10859023207481815,0.2842211847017312,0.13543229798499087,0.17367645542549776,0.32778171509567683
2014-08-25,11.53,-0.06220492444185233,0.018492913930176286,0.24463296398891968,0.2757150965308387,0.17961365814997823,0.17961365814997823,0.0
2014-08-26,10.99,-0.04274916272574947,0.010020732550103663,0.3283142956040152,0.2636444971178219,0.20065984175731358,0.20065984175731358,0.0
2014-08-27,10.84,-0.05474673398874863,0.00535405872193437,0.27318339100346023,0.2473380727337791,0.1752918408197246,0.1752918408197246,0.0
2014-08-28,10.79,-0.11044488066662073,0.004661602209944752,0.09979245935662401,0.22454626917876622,0.10966677691511166,0.16013288312542379,0.42457507082152973
2014-08-29,10.86,-0.03971641121250569,0.007248878149810148,0.34457123098201936,0.2089261767367408,0.1869154286228568,0.1869154286228568,0.0
2014-09-01,11.19,-0.029931811957133903,0.013975155279503106,0.39077082613204284,0.19415064511884725,0.19963220884346441,0.19963220884346441,0.0
2014-09-02,11.25,0.02338236023489948,0.014487754398068299,0.6511748445058743,0.18723767865740337,0.28430009252044863,0.28430009252044863,0.0
2014-09-03,11.17,0.02998861706960909,0.013793103448275862,0.6751295336787565,0.18792706403002363,0.29228323371901865,0.29228323371901865,0.0
2014-09-04,11.24,0.04085906519550164,0.014650120648052396,0.7184046961325967,0.20312941504805132,0.31206141060956677,0.31206141060956677,0.0
2014-09-05,11.65,0.07021986550592052,0.022915230875258444,0.8120469451156369,0.2202068724089717,0.351723016133289,0.351723016133289,0.0
2014-09-11,11.99,0.06905244671558908,0.026179813985532208,0.8100414078674948,0.2284617134035241,0.35489431175218367,0.35489431175218367,0.0
2014-09-12,11.17,-0.0071365155693201565,0.013946280991735538,0.5068989306657468,0.23477156513372166,0.2518722589304013,0.31256684622889186,0.5021231422505308
2014-09-15,11.93,0.06582462302871539,0.025817555938037865,0.801896551724138,0.2403700976466702,0.35602806843628204,0.35602806843628204,0.0
2014-09-16,12.05,0.06958581547111908,0.027873365450791467,0.8119613926232334,0.24045882604542404,0.36009786137314964,0.36009786137314964,0.0
2014-09-17,12.15,0.04202298977484764,0.030099759201926386,0.7210544452101999,0.23734434279935832,0.3294995157371616,0.3304784032458356,0.006718528995756719
2014-09-18,12.2,0.017362982699788088,0.03163686382393398,0.6267654150878401,0.24581904581789024,0.3014071082432214,0.3197809625440432,0.15653710247349822
2014-09-19,11.65,0.04207456693060063,0.023375730491577863,0.7212465564738292,0.25929487065563445,0.33463905254034715,0.33633432126603235,0.015889830508474576
2014-09-22,12.34,0.03378978236741714,0.03316151202749141,0.6869191049913942,0.2730124504187797,0.3310310224792217,0.3313349120746203,0.0017642907551164433
2014-09-23,12.14,0.007441125694688466,0.03005839917554105,0.5782863041982106,0.28232289589732423,0.2968891997570253,0.3186931797513954,0.18370944992947813
2014-09-24,12.13,-0.0016474468305984757,0.030048076923076924,0.5313037495700035,0.2933047988283202,0.28488554177380015,0.30977038495872317,0.21458773784355178
2014-09-25,12.15,-0.00410678195265346,0.0312392722279437,0.5187414030261348,0.30047616876169475,0.2834856146719244,0.30618608624446375,0.19471830985915492
2014-09-26,12.3,0.054293082366662304,0.034145504461221686,0.7677896184255758,0.3120661711300117,0.3713337646722697,0.3713337646722697,0.0
2014-09-29,12.62,0.022436838635825573,0.03756432246998285,0.6458762886597939,0.32218875016512133,0.33520978709829935,0.33520978709829935,0.0
2014-09-30,12.69,0.044308496094943806,0.0387517146776406,0.7274132600480935,0.3387315229941004,0.36829883257327817,0.36829883257327817,0.0
2014-10-01,13.16,0.08150020294121241,0.04610901611244429,0.8394574175824175,0.3520751811081762,0.412547204934346,0.412547204934346,0.0
2014-10-02,14.25,0.15942773692810208,0.07607950651130911,0.951081359423275,0.3676355532212522,0.4649321397186121,0.4649321397186121,0.0
2014-10-06,13.21,0.07137485615586181,0.04710517300445358,0.8165751544269046,0.37258599643443757,0.41208877462193194,0.41208877462193194,0.0
2014-10-07,12.98,0.028126854162876747,0.04400684931506849,0.6660377358490566,0.37311404513536484,0.36105287676649667,0.40378396572293296,0.36840253342716395
2014-10-08,13.37,0.05219910938755534,0.05015405682985279,0.7594307270233196,0.37502729431217796,0.3948706927217834,0.40909833775263404,0.11638537271448664
2014-10-10,15.35,0.15393354813603466,0.1273100616016427,0.9477202605416524,0.38102899796598794,0.48535310670309434,0.48535310670309434,0.0
2014-10-13,15.74,0.0994483362745977,0.14591173451932946,0.8774845784784099,0.3857083752446058,0.46970156274744834,0.46970156274744834,0.0
2014-10-14,16.38,0.2150869598906895,0.17664158686730505,0.9751627269612881,0.40148235279888356,0.5177622222091589,0.5177622222091589,0.0
2014-10-15,15.71,0.1908877409915859,0.14461538461538462,0.9666095890410958,0.4085701244487412,0.5065983660350739,0.5065983660350739,0.0
2014-10-16,17.07,0.2443091456924975,0.21684894053315107,0.984080794248545,0.41759749886643294,0.5395090778827097,0.5395090778827097,0.0
2014-10-17,18.65,0.19473067205661865,0.34079262043047487,0.9686858316221766,0.431555605057446,0.5803446857033658,0.5803446857033658,0.0
2014-10-20,16.17,0.026952430599758603,0.16581284153005466,0.6601094765651727,0.43574360603703244,0.42055530804408664,0.512953931974879,0.6707659873506676
2014-10-21,15.99,-0.02409755157906046,0.1589279617616934,0.4112517099863201,0.43138254065659754,0.333854070801537,0.4761723016933546,0.8535814606741573
2014-10-22,14.89,-0.05360760557161237,0.10938566552901025,0.2747008547008547,0.422982688236872,0.26902306948891236,0.4286572423841223,0.8957894736842106
2014-10-23,14.55,-0.15973154318884752,0.09194814056635961,0.03571428571428571,0.4109656313095444,0.17954268586339658,0.3566639639802597,0.9274193548387096
2014-10-24,14.7,-0.23799865230513406,0.10163710777626193,0.008711991800478306,0.39969056313663587,0.1700132209044587,0.2745976710204783,0.7277505255781359
2014-10-27,14.32,-0.12150051205651602,0.081145584725537,0.07906420765027322,0.3899462910646792,0.18338536114682982,0.2271636816410269,0.375
2014-10-28,14.01,-0.1321921664969472,0.06884798909338787,0.06367360874018436,0.37321095293834855,0.1685775169239736,0.1941083708655142,0.22218334499650105
2014-10-29,13.51,-0.09725969472381024,0.05502555366269165,0.1264505119453925,0.3606618393003062,0.18071263496946344,0.18071263496946344,0.0
2014-10-30,13.41,-0.08159029632391457,0.05126021798365123,0.17860798362333674,0.34725441997233764,0.19237420719310852,0.19237420719310852,0.0
2014-10-31,13.99,-0.04950470510730076,0.06894790602655772,0.2975784447476125,0.3342784178993203,0.23360158955783017,0.23360158955783017,0.0
2014-11-03,14.45,0.009037253025941272,0.08934649421375085,0.5825093760654619,0.325395793007936,0.33241722109571625,0.33241722109571625,0.0
2014-11-04,14.86,0.05890167894069753,0.1105818305546104,0.7806748466257669,0.3260852017516615,0.4057806263106796,0.4057806263106796,0.0
2014-11-05,14.44,0.06657198149257271,0.08843537414965986,0.803236797274276,0.3306258914081568,0.40743268761069756,0.40743268761069756,0.0
2014-11-06,14.35,0.06774924491204315,0.08415504930295818,0.8067098092643051,0.33265789327600903,0.4078409172810908,0.4078409172810908,0.0
2014-11-07,14.29,0.021217203264386253,0.08089734874235215,0.6382362955396663,0.32376047632947713,0.34763137353716517,0.38022056516706987,0.28496503496503495
2014-11-10,13.98,-0.03306667775277683,0.06829765545361875,0.37389380530973454,0.30923035502361745,0.2504739385956569,0.363831908667058,0.7613556953179594
2014-11-11,13.73,-0.0790898195097336,0.061311141304347824,0.1849268458659408,0.28659119685715984,0.17760972800914945,0.318197729006752,0.8432262569832403
2014-11-12,13.73,-0.05041891368480034,0.061460101867572156,0.2916666666666667,0.2676387417291038,0.20692183675444756,0.27809555883550197,0.5593161200279134
2014-11-13,14.23,-0.008397530103869233,0.07790224032586558,0.4979598775926556,0.25201205130752447,0.2759580564086819,0.2759580564086819,0.0
2014-11-14,13.55,-0.05317344461606588,0.057007125890736345,0.2788919102651258,0.2276725659101047,0.18785720068865563,0.21976415209131828,0.2785913528591353
2014-11-17,13.57,-0.029766262958886625,0.05868385345997286,0.3895684675501189,0.2182308159829763,0.22216104566435602,0.22216104566435602,0.0
2014-11-18,13.01,-0.053864927255465656,0.04391319091217362,0.2742866847826087,0.21193132108164553,0.17671039892547594,0.2139217076883234,0.32229965156794427
2014-11-19,13.0,-0.054633862318342885,0.043898305084745765,0.27113752122241086,0.21020505373357778,0.17508029334691147,0.20755339900681619,0.2837743732590529
2014-11-20,12.89,-0.09890059515066474,0.04049474754320569,0.12338764426340801,0.21111055287172703,0.12499764822611359,0.17736131737030253,0.44154488517745305
2014-11-21,12.63,-0.0703116109633104,0.03743224932249323,0.21089243298269428,0.2145599424399382,0.1542948749150419,0.1706488522155798,0.13803894297635605
2014-11-24,12.32,-0.09663751574140367,0.034033186589908566,0.1290705563093623,0.21463229120302468,0.12591201136743183,0.15139904535619492,0.22063933287004864
2014-11-25,12.03,-0.07831476253782643,0.027589708869329724,0.18802984062394032,0.21670973999451718,0.14410976316259574,0.1448789182036189,0.005902777777777778
2014-11-26,12.02,-0.07837742835447514,0.02758037225042301,0.1876271186440678,0.21755302562667733,0.14425350550705604,0.14425350550705604,0.0
2014-11-27,11.7,-0.09686297514738573,0.02435723951285521,0.12826160623517452,0.21562179173020338,0.12274687915941103,0.1382634068223073,0.12734212352532964
2014-11-28,11.59,-0.08593227901073952,0.02181264795400744,0.16514227642276422,0.2111325060702684,0.13269581014901335,0.1339435938691016,0.012135922330097087
2014-12-01,12.07,-0.020500922995933646,0.029749830966869506,0.4370132069082289,0.20600518526016556,0.22425607437842132,0.22425607437842132,0.0
2014-12-02,11.83,-0.016764851996291963,0.025515376816492057,0.45988490182802977,0.19585877529676915,0.22708635131376367,0.22708635131376367,0.0
2014-12-03,11.49,-0.04509483724639729,0.020777027027027026,0.31962774957698814,0.18207709042627115,0.17416062234342877,0.17618914746880762,0.02182952182952183
2014-12-04,12.16,0.03856303473431044,0.033941236068895646,0.7085588633288228,0.17836797144703254,0.306956023614917,0.306956023614917,0.0
2014-12-05,12.29,0.05864326622628324,0.036293045239702906,0.7803517078119716,0.18080574916627393,0.33248350073931615,0.33248350073931615,0.0
2014-12-08,12.67,0.04851395922360746,0.04134323320958488,0.741210277214334,0.1893148004077881,0.323956103610569,0.323956103610569,0.0
2014-12-09,12.33,0.04139663918595726,0.03728070175438596,0.718316998986144,0.2020487932470441,0.31921549799585797,0.31921549799585797,0.0
2014-12-10,13.65,0.1722624297703046,0.0669477234401349,0.9589527027027027,0.2188681346872591,0.4149228536100323,0.4149228536100323,0.0
2014-12-11,14.43,0.17115749624775844,0.09558327714093054,0.958628841607565,0.23082688470800844,0.42834633448550136,0.42834633448550136,0.0
2014-12-12,13.39,0.08572223612513774,0.05527468823727671,0.850270087778528,0.24506802820450702,0.38353760140677057,0.38353760140677057,0.0
2014-12-15,13.92,0.09408966057322576,0.07429245283018868,0.8641579480256497,0.25732298020065064,0.39859112701882965,0.39859112701882965,0.0
2014-12-16,14.96,0.1933446553700784,0.12495789828224992,0.9681174089068826,0.2766948659880094,0.456590057725714,0.456590057725714,0.0
2014-12-17,15.86,0.1500606945757328,0.16363636363636364,0.9414839797639123,0.29644697891533744,0.46718910743853775,0.46718910743853775,0.0
2014-12-18,15.21,0.052643733485422395,0.1337933355772467,0.7601146325016858,0.3146976183221454,0.4028685288003593,0.4217552844780422,0.1623961218836565
2014-12-19,13.47,0.005956830719191508,0.05888290713324361,0.5660599932591843,0.3241130737743264,0.3163519913889181,0.4083181624744717,0.6688581314878893
2014-12-22,12.9,-0.076099343538647,0.04524049781365624,0.1932277628032345,0.3259971867172669,0.1881551491113859,0.36623096689298296,0.9304979253112033
2014-12-23,12.77,-0.15828130250188321,0.043544048419636855,0.03654429100707309,0.3226089064656029,0.13423241529743762,0.3017594384073277,0.9111955770559779
2014-12-24,12.43,-0.243687310684082,0.03882352941176471,0.008249158249158249,0.31840553638476365,0.12182607468189555,0.23268683185599928,0.7531077348066298
2014-12-26,12.32,-0.21072914816582777,0.03696236559139785,0.015651295859979805,0.31590540677734735,0.122839689409575,0.17668106397784242,0.4530710835058661
2014-12-29,12.91,-0.04246278556372163,0.047027208599261,0.32957604306864063,0.32064661495962565,0.23241662220917578,0.23241662220917578,0.0
2014-12-30,12.97,0.005411686960726136,0.049026192075218265,0.5635721493440968,0.32429249754823103,0.31229694632251537,0.31229694632251537,0.0
2015-01-02,12.5,-0.0213700257361924,0.039442766028868745,0.4309011432414257,0.3239160883138753,0.2647533325280566,0.2647533325280566,0.0
2015-01-05,12.41,-0.0016103063061039258,0.03842281879194631,0.5309243697478991,0.32963964861227113,0.2996622790507055,0.2996622790507055,0.0
2015-01-06,13.88,0.11922499697328437,0.07665213015766521,0.9054099462365591,0.33562869803718376,0.43923025814380273,0.43923025814380273,0.0
2015-01-07,13.72,0.06085241743918823,0.07025486250838364,0.7882096069868996,0.336674190948274,0.39837955348118576,0.39837955348118576,0.0
2015-01-08,13.36,0.029626169780147205,0.05715722427086825,0.6710879785090665,0.3353164832571744,0.3545205620123697,0.3545205620123697,0.0
2015-01-09,12.87,0.02917037729977956,0.04607908847184987,0.6695199731453508,0.3343165172790912,0.34997185963209726,0.3683529024640322,0.1589655172413793
2015-01-12,13.36,0.07376256889198407,0.0576214405360134,0.8203020134228188,0.33061709297449104,0.4028468489777744,0.4028468489777744,0.0
2015-01-13,13.34,-0.03968191459118042,0.05726724715338245,0.3440120764844012,0.31429377309672324,0.23852436557816895,0.34884863793631926,0.7508614748449345
2015-01-14,13.86,0.010152371464017929,0.07766990291262135,0.5890342052313883,0.30832275639992834,0.3250089548479793,0.3341745182096779,0.0747245179063361
2015-01-15,13.61,0.018539648554874777,0.06910977242302543,0.6287294669795508,0.3023074773635968,0.3333822389220577,0.3333822389220577,0.0
2015-01-16,14.61,0.1268072041545727,0.11057209769153563,0.9150469168900804,0.3006210700484089,0.4420800282100083,0.4420800282100083,0.0
2015-01-19,14.08,0.052490182621396375,0.08361204013377926,0.7592964824120603,0.29406577452704796,0.37899143235762917,0.37899143235762917,0.0
2015-01-20,13.85,0.03751819214586982,0.07756603142761619,0.7007702612190221,0.29117648264124063,0.35650425842929295,0.36719338255339345,0.08774948382656572
2015-01-21,13.85,-0.0007217611284096037,0.0777072192513369,0.5338131904921326,0.2908409203750167,0.30078711003949543,0.3623490135916967,0.5140990371389271
2015-01-22,13.9,0.02108402347327143,0.07968593384563982,0.6377175368139224,0.30281430062608344,0.3400725904285486,0.36368708389299487,0.20790378006872853
2015-01-23,13.2,-0.10148939617028274,0.05460921843687375,0.11759785881565742,0.3051172690717289,0.15910811544142003,0.3070927013392772,0.865728021978022
2015-01-26,13.77,-0.022263037989332712,0.07462437395659433,0.4222408026755853,0.3163620812960104,0.27107575264273004,0.2855095653962974,0.11908030199039121
2015-01-27,13.25,-0.04428768020111651,0.05590787716955941,0.32012704781009693,0.32444761288421736,0.2334941792879579,0.2609075495680304,0.24588477366255143
2015-01-28,13.5,-0.025595547188963952,0.06489823156489823,0.40691844919786097,0.32682794861158876,0.266214876458116,0.266214876458116,0.0
2015-01-29,13.84,-0.004325889947122352,0.07838559039359573,0.516037420648179,0.3263735653521503,0.30693219213130835,0.30693219213130835,0.0
2015-01-30,13.67,0.03498682114353313,0.0725241747249083,0.6912157648630595,0.33370846611009214,0.3658161352326867,0.3658161352326867,0.0
2015-02-02,14.11,0.024391453124159135,0.0875,0.6499165275459099,0.3379101995852437,0.3584422423770512,0.3584422423770512,0.0
2015-02-03,13.67,0.031206098303627083,0.07264245251582806,0.67673564753004,0.3320931001765348,0.36049040007413424,0.36049040007413424,0.0
2015-02-04,13.14,-0.027028672387919173,0.05296469020652898,0.3995662328995662,0.3219447615168051,0.2581585615409668,0.3299679062712294,0.5664838930774503
2015-02-05,13.34,-0.036795909702045826,0.05810855810855811,0.35440293529019345,0.31405141878227555,0.2421876373936757,0.3170189953237029,0.5845890410958904
2015-02-06,13.06,-0.04564952688757318,0.05159786950732357,0.3156052017339113,0.3053415190228764,0.2241815300880371,0.288692074294773,0.5328542094455853
2015-02-09,12.98,-0.08347405458877866,0.05058236272878536,0.1725,0.2889704917421252,0.17068428482363684,0.2511404827840901,0.6152530779753762
2015-02-10,13.12,-0.04106586721991512,0.053393213572854294,0.3353882039320227,0.2886580440888026,0.22581315386455988,0.22581315386455988,0.0
2015-02-11,12.98,-0.012251301780520585,0.05071499833721317,0.48317788141239176,0.28533776337894246,0.27307688104284916,0.27307688104284916,0.0
2015-02-12,12.74,-0.046020390343460615,0.04371675531914894,0.3135198135198135,0.2768226966148521,0.21135308848460485,0.22102178766073757,0.07963089542036911
2015-02-13,11.58,-0.12027465170343588,0.021768029245596544,0.08072569906790945,0.25374456445814936,0.11874609759055178,0.1999347011612405,0.6171448087431693
2015-02-16,11.64,-0.10896226897265215,0.023421926910299002,0.10266222961730449,0.23582395530769346,0.1206360372784323,0.18992505165219958,0.551877133105802
2015-02-17,11.69,-0.11540400803196604,0.024908668216539354,0.08898868928809049,0.21921298192914324,0.1110367798112577,0.16696977684153916,0.4716916780354707
2015-02-23,11.86,-0.09023831770636459,0.026726427622841966,0.1504822081809112,0.20835518758065033,0.12852127446146785,0.1380586555252629,0.0787321063394683
2015-02-24,11.78,-0.07834347192057667,0.02605376700962496,0.18833111702127658,0.19577972291493378,0.13672153564861178,0.13672153564861178,0.0
2015-02-25,11.43,-0.013037994338129799,0.017750497677504976,0.4803921568627451,0.20392811234712677,0.23402358896245898,0.23402358896245898,0.0
2015-02-26,11.35,-0.025229698375880183,0.016417910447761194,0.4098006644518272,0.202161947303812,0.20946017406780015,0.20946017406780015,0.0
2015-02-27,11.11,-0.050888171832438545,0.012599469496021221,0.2894387246761873,0.20031202903362583,0.1674500744019448,0.17523532950845672,0.06164850136239782
2015-03-02,11.13,-0.06352722828212576,0.013258203513423931,0.23920982735723773,0.19482831278632334,0.149098781218995,0.17935083085996215,0.2692307692307692
2015-03-03,10.82,-0.08500690480510498,0.005301524188204109,0.16777298373713906,0.18429460020841257,0.11912303604458525,0.17583113093915687,0.47653061224489796
2015-03-04,10.84,-0.052998481795219377,0.0059622391520370984,0.2811877903118779,0.17237985245531126,0.15317662730640877,0.1596617386079468,0.05404486743711761
2015-03-05,10.9,-0.04045495469231364,0.009437086092715232,0.3404643449419569,0.16269197504253033,0.1708644686924008,0.1708644686924008,0.0
2015-03-06,10.78,-0.030153038170687374,0.004303210857332009,0.3890915119363395,0.15379239061122538,0.18239570446829897,0.18239570446829897,0.0
2015-03-09,11.68,0.04823381211262756,0.02729980145598941,0.7406363937686443,0.16167752241418887,0.30987123921294085,0.30987123921294085,0.0
2015-03-10,11.83,0.08924240457195998,0.029771749917300694,0.8563618290258449,0.17351807455279872,0.35321721783198146,0.35321721783198146,0.0
2015-03-11,12.37,0.13203119039289657,0.04249338624338624,0.9229877442861875,0.18847502603500718,0.3846520521881936,0.3846520521881936,0.0
2015-03-12,12.73,0.15519862333421708,0.048760330578512395,0.9481788079470199,0.20782144542992587,0.40158686131848603,0.40158686131848603,0.0
2015-03-13,11.45,0.060297164519397484,0.020654329147389294,0.7879841112214498,0.21831787100152492,0.34231877045678805,0.358329228201678,0.1402853260869565
2015-03-16,11.56,-0.01032711415584986,0.024611826891311528,0.492554599602912,0.2178997096701404,0.2450220453881213,0.34535938943671407,0.7138492871690427
2015-03-17,11.56,-0.02308781474606425,0.02476882430647292,0.41994707244459145,0.22008669286794288,0.22160086320633576,0.3190361185115849,0.6950474898236092
2015-03-18,12.22,-0.012200232660947385,0.040937603169362825,0.4852843915343915,0.23067989952769916,0.2523006314104845,0.2925658343560431,0.35559322033898305
2015-03-19,11.38,-0.11210398387113019,0.019636963696369636,0.0947107438016529,0.2303864883019596,0.11491139859999404,0.23523074181234477,0.7889566395663956
2015-03-20,11.17,-0.02475811691913954,0.015506433520290333,0.41192994051553206,0.23822496371523944,0.2218871125836873,0.2218871125836873,0.0
2015-03-23,11.67,0.009470583054233206,0.028858839050131927,0.5852329038652131,0.24914704139302923,0.28774626143612475,0.28774626143612475,0.0
2015-03-24,11.6,0.0034542348680877133,0.026871084734586218,0.5576287978863936,0.25839991635778115,0.280966599659587,0.280966599659587,0.0
2015-03-25,11.71,-0.04263077613382338,0.031147000659195782,0.3279960382964675,0.2549249259681665,0.20468932164127662,0.22204013878413392,0.15605958023019634
2015-03-26,11.76,0.03284651377229597,0.0314662273476112,0.6833333333333333,0.26213945061270044,0.32564633709788166,0.32564633709788166,0.0
2015-03-27,11.31,0.012455677046919966,0.018610013175230568,0.6006268558231607,0.270069417483355,0.29643542882724877,0.29643542882724877,0.0
2015-03-30,11.34,-0.02868514799885835,0.018933157721435626,0.39396437994722955,0.2740801551533051,0.22899256427399006,0.2673460502999968,0.33728010825439786
2015-03-31,11.09,-0.044961296750043456,0.013166556945358789,0.3176722716782064,0.2780242631707606,0.20295436393144195,0.2517436031543678,0.4208924949290061
2015-04-01,11.36,-0.030344764316620587,0.020072392234287594,0.38612392880685564,0.28100042046019136,0.22906558050044487,0.2566188549262015,0.24695945945945946
2015-04-02,11.28,-0.04167269640056803,0.01792763157894737,0.33228995057660626,0.28100832423821337,0.21040863546458902,0.23357131459954292,0.2076299797434166
2015-04-03,11.02,-0.02597548640326064,0.012660309108845774,0.40694993412384717,0.28166371224918885,0.23375798516062726,0.23375798516062726,0.0
2015-04-06,10.92,-0.03774032798284699,0.010026298487836949,0.35083964438590715,0.2714869559404166,0.21078429960472023,0.21739417293236465,0.05499325236167341
2015-04-07,10.95,-0.012704345099765924,0.0111731843575419,0.4837063857801185,0.2617056057202795,0.2521950586193133,0.2521950586193133,0.0
2015-04-08,11.29,-0.006181035131434864,0.01938239159001314,0.5128331688055281,0.2508739664669287,0.26102984228749,0.26102984228749,0.0
2015-04-09,11.12,-0.0142859572474765,0.015599343185550082,0.47384868421052634,0.2381866886886923,0.24254490536158957,0.24254490536158957,0.0
2015-04-10,11.37,0.03126650403767606,0.022816808929743925,0.6795462019072673,0.23552980295039663,0.31263093792913593,0.31263093792913593,0.0
2015-04-13,12.05,0.09846868961990474,0.04053167049556941,0.8765614727153189,0.2455279708683132,0.38754037135973385,0.38754037135973385,0.0
2015-04-14,12.09,0.09903920836419156,0.04215879265091863,0.8775879066710484,0.25740374093258583,0.3923834800848509,0.3923834800848509,0.0
2015-04-15,11.96,0.05765037036091547,0.03837323712692686,0.7771024967148489,0.2646350844110363,0.360036939417604,0.360036939417604,0.0
2015-04-16,12.5,0.11698335548581928,0.05213114754098361,0.9042692939244663,0.28568640276022206,0.414028948075224,0.414028948075224,0.0
2015-04-17,12.29,0.077807615815499,0.048180924287118974,0.8310899540380827,0.2969822653674565,0.39208438123088607,0.39208438123088607,0.0
2015-04-20,12.61,0.045425490040164274,0.05455439056356488,0.7303905480800787,0.301253595260664,0.36206617796810253,0.38411998535533354,0.19049224544841536
2015-04-21,12.03,-0.0049751346401136765,0.040288241074353096,0.5159120734908137,0.3005461060592686,0.28558214020814515,0.36275971737999235,0.6014150943396226
2015-04-22,12.32,0.02965620958288806,0.04960707269155206,0.672843555264021,0.3096287957842664,0.34402647457994645,0.35955762441246086,0.13097643097643097
2015-04-23,13.52,0.07844142630656226,0.08183306055646482,0.8329508196721311,0.31462840377295764,0.40980409466718454,0.40980409466718454,0.0
2015-04-24,13.1,0.06382630662916222,0.06773560209424084,0.7972795804654211,0.3207728616119895,0.39526268139055043,0.39526268139055043,0.0
2015-04-27,13.21,0.046483968557405664,0.07131174353941773,0.733781127129751,0.33057774493700204,0.37855687186872355,0.37855687186872355,0.0
2015-04-28,12.48,0.03672383295469395,0.052812295618051015,0.6988208319685555,0.34109760241107806,0.36424357666589485,0.37837873983445997,0.11810228802153432
2015-04-29,12.26,-0.0048820275973087135,0.04789146779993462,0.5158808120497708,0.3450370013812921,0.30293642707699914,0.37016073033387054,0.5490921318090114
2015-04-30,11.76,-0.139466128144337,0.03496732026143791,0.05122749590834697,0.3384364322316479,0.14154374946714424,0.31650866129386246,0.9270833333333334
2015-05-04,12.1,-0.07940677760441028,0.04361319830120876,0.181119109947644,0.3335644838570519,0.18609893070196823,0.274675911156146,0.6598388179986568
2015-05-06,12.4,-0.0632776459232427,0.05241672109732201,0.23765129211645403,0.3317945356155527,0.20728751627644293,0.24042204003768988,0.29630872483221476
2015-05-07,12.13,-0.02844563998532257,0.04440091413646752,0.394865925441465,0.3304042173515595,0.25655701897649735,0.25655701897649735,0.0
2015-05-08,12.54,0.022581604696709334,0.05564621409921671,0.6454723765936581,0.33462679310899285,0.3452484612672892,0.3452484612672892,0.0
2015-05-11,12.71,0.077685142730882,0.059869494290375205,0.8308823529411765,0.3446593886048797,0.41180374527881053,0.41180374527881053,0.0
2015-05-12,12.72,0.04997010530928048,0.06017612524461839,0.749264946096047,0.34733634011747105,0.38559247048604545,0.38559247048604545,0.0
2015-05-13,13.06,0.05185765123729391,0.06961199869579393,0.7581645983017635,0.3451034264621378,0.3909600078198984,0.3909600078198984,0.0
2015-05-14,12.76,0.05063355496068489,0.06160365058670143,0.7517140058765915,0.34244270039067093,0.3852534522846547,0.3852534522846547,0.0
2015-05-15,12.14,-0.03241774957342214,0.044965786901270774,0.3758159268929504,0.33257534988948206,0.2511190212279011,0.36494573941946207,0.7709590878604963
2015-05-18,11.62,-0.08966133377759755,0.030781758957654722,0.15154975530179446,0.31322362670933207,0.16518504698959377,0.3156219997616187,0.8736595174262735
2015-05-19,11.39,-0.11043978045288494,0.023607945294692283,0.09801043705153294,0.2942823143098577,0.13863356555202763,0.26623021877481506,0.8127930341594106
2015-05-20,11.59,-0.11941146649662482,0.029947916666666668,0.08200195630909683,0.2774574376681606,0.12980243688130802,0.21399870458709708,0.6382195448460509
2015-05-21,11.64,-0.09186783561335199,0.032216075496257726,0.14097131681877445,0.26788211461190725,0.14702316897564646,0.16635264792529542,0.17023411371237457
2015-05-22,11.62,-0.04377803420758708,0.03155497722836695,0.32144020853698274,0.2586457285571517,0.20388030477416716,0.20388030477416716,0.0
2015-05-26,12.36,0.061737700605779544,0.05382113821138211,0.792671009771987,0.256938435251021,0.36781019441146334,0.36781019441146334,0.0
2015-05-27,13.1,0.13987645274801475,0.07330949284785436,0.9324324324324325,0.2604566038190367,0.4220661763664412,0.4220661763664412,0.0
2015-05-28,12.84,0.10242264091015496,0.06516087097822554,0.8849283854166666,0.2640815134621798,0.40472358995235735,0.40472358995235735,0.0
2015-05-29,12.59,0.07845540575296406,0.05864197530864197,0.8335502766026684,0.26759549157029733,0.38659591449386926,0.38659591449386926,0.0
2015-06-01,13.3,0.13503628380394295,0.07989607015264696,0.9269681197137281,0.2786727893207141,0.4285123263956964,0.4285123263956964,0.0
2015-06-02,13.38,0.07929560267053759,0.08262987012987014,0.8352845528455285,0.29946577949085446,0.4057934008220843,0.4095382816060898,0.035093582887700536
2015-06-03,13.9,0.059276609929540314,0.10548523206751055,0.7846228868660599,0.31610017475797236,0.40206943123051425,0.4055389325789044,0.031062124248496994
2015-06-04,14.52,0.12296171113483467,0.1336794289422453,0.9117647058823529,0.3349845777982429,0.4601429042076137,0.4601429042076137,0.0
2015-06-05,14.44,0.1370992854084241,0.1289328576062277,0.9286874593892138,0.3504434147336806,0.4693545772430407,0.4693545772430407,0.0
2015-06-08,15.0,0.1202861658745018,0.15839818417639429,0.9082494316336472,0.3595816403616098,0.4754097520572171,0.4754097520572171,0.0
2015-06-09,15.54,0.14965629023941895,0.18103727714748785,0.9430194805194805,0.3654142631224952,0.4964903402631545,0.4964903402631545,0.0
2015-06-10,15.26,0.09334618571966491,0.16753078418664938,0.861895488477767,0.370913893155589,0.46678005527333505,0.47363552580887225,0.05707610146862483
2015-06-11,13.82,-0.049410191057126074,0.10171687722708131,0.295425048669695,0.36014802637806953,0.25242998409161527,0.4320929417856725,0.9349566377585057
2015-06-12,13.3,-0.0822380982369717,0.07982512953367876,0.17337009406422316,0.3461449655564347,0.19978006305144555,0.37817803894735347,0.9323333333333333
2015-06-15,13.96,-0.07185410376798362,0.10747814826804791,0.20444228274967574,0.3434234334870222,0.21844795483491528,0.3267856795028931,0.7478347768154564
2015-06-16,14.24,-0.08736243895567153,0.11828478964401294,0.15899513776337115,0.34579714381572063,0.20769235707436826,0.2690260828651359,0.5143142476697736
2015-06-17,14.36,-0.06078846223623291,0.1258492397282433,0.2464355152300713,0.35206380313102287,0.24144951936311246,0.24144951936311246,0.0
2015-06-18,14.2,0.027125146267691136,0.11594437257438552,0.6597019760285067,0.3686562150217011,0.38143418787486444,0.38143418787486444,0.0
2015-06-19,13.9,0.044124804908937776,0.10588425476883284,0.7239313471502591,0.3850719202618026,0.40496250739363154,0.40496250739363154,0.0
2015-06-22,14.24,0.019858808649603432,0.11893988364576599,0.6333764972483005,0.3950549501400205,0.38245711034469565,0.38245711034469565,0.0
2015-06-23,13.1,-0.08344267577672415,0.07366720516962844,0.17168284789644012,0.380026397767088,0.2084588169443855,0.32375242838413787,0.7734530938123753
2015-06-24,12.72,-0.12127100570810212,0.062338501291989666,0.07748301520543513,0.3583783875475164,0.16606663468164706,0.3086758514478448,0.8553856382978723
2015-06-25,12.83,-0.10145578597966987,0.06506296415886341,0.11659120310478654,0.33916751031923537,0.17360722586096178,0.2671104590450643,0.674750830564784
2015-06-26,12.66,-0.09344142342061579,0.0605229180116204,0.13724539282250242,0.32180691179230564,0.17319174087547617,0.22075630574143323,0.41268260292164677
2015-06-29,14.69,0.03111208420195588,0.1468215553404324,0.6756625727213963,0.317197410247192,0.37989384610300686,0.37989384610300686,0.0
2015-06-30,14.45,0.09808218435133531,0.1335483870967742,0.8747980613893377,0.31945821088495985,0.4426015531236905,0.4426015531236905,0.0
2015-07-01,13.6,0.06689423483003054,0.09416317316994519,0.8057170542635659,0.3197025135974584,0.4065275803436565,0.4065275803436565,0.0
2015-07-02,13.13,0.023113509687159972,0.07591876208897486,0.6449790119470455,0.31158885457774393,0.3441622095379215,0.3492753859967503,0.04280026542800265
2015-07-03,13.75,0.08259140739655013,0.1000644537544312,0.841994835377663,0.30869982888116027,0.41691970600441813,0.41691970600441813,0.0
2015-07-06,15.4,0.047200519233797866,0.17864046391752578,0.7342691190706679,0.30485637806061405,0.4059219870162692,0.4059219870162692,0.0
2015-07-07,14.51,0.004143652337655457,0.13768115942028986,0.5569354838709677,0.29412037520122125,0.3295790061641596,0.38062209781328493,0.4340185676392573
2015-07-08,15.65,0.14040112424415563,0.18882807469414037,0.9334085778781038,0.29644063469891696,0.4728924290903871,0.4728924290903871,0.0
2015-07-09,14.92,0.12780290646090986,0.15963952365626005,0.9173114119922631,0.3134358599427106,0.4634622651970779,0.4634622651970779,0.0
2015-07-10,15.41,0.1139778252194441,0.18018018018018017,0.8999355462455688,0.3341088725134068,0.4714081996463853,0.4714081996463853,0.0
2015-07-13,14.92,-0.0316649146439687,0.15969765197812802,0.3793492268041237,0.33978703370752006,0.2929446374965906,0.40605730751892005,0.7630881378396289
2015-07-14,14.18,-0.023005545792115,0.11736334405144695,0.4194847020933977,0.34627623667595653,0.2943747609402671,0.39901645847414163,0.730794701986755
2015-07-15,13.4,-0.15521621002929642,0.08502089360334297,0.040083708950418545,0.3400967328658427,0.15506711180653474,0.33545139501737115,0.9354731965585705
2015-07-16,12.68,-0.16267664576653518,0.061053984575835475,0.033955584164789186,0.323080813369286,0.13936346070330355,0.27063163411861624,0.8257275132275133
2015-07-17,12.88,-0.17934092865581697,0.06697719241888853,0.02557915057915058,0.3046493318962597,0.13240189163143293,0.2028303725156258,0.5581625908790483
2015-07-20,13.24,-0.11946004426675261,0.08012202954399486,0.08185911868768092,0.2898909510797,0.1506240331037919,0.17436625163706604,0.21235138705416115
2015-07-21,13.17,-0.07389100534879178,0.07800963081861959,0.19983922829581993,0.2907034212309092,0.18951742678178288,0.18951742678178288,0.0
2015-07-22,13.47,0.005210283465407084,0.08937740693196405,0.5620379299260688,0.30349326673992444,0.3183028678659858,0.3183028678659858,0.0
2015-07-23,13.13,0.03487373930562532,0.0763554700032082,0.6900706940874036,0.3181125666605985,0.3615129102504035,0.3615129102504035,0.0
2015-07-24,13.26,0.029076264081508985,0.08130211674150097,0.6670414391262448,0.33187694778643906,0.3600735012180616,0.3600735012180616,0.0
2015-07-27,13.78,0.03997571507664999,0.10420006412311639,0.7108220937700707,0.331690398532223,0.38223751880847007,0.38223751880847007,0.0
2015-07-28,14.09,0.06752381015539921,0.11618589743589744,0.8062600321027288,0.3295428855585359,0.41732960503238736,0.41732960503238736,0.0
2015-07-29,13.65,0.01327453120869615,0.09964754886254405,0.6002888318356868,0.32454428939015384,0.3414935566961282,0.37252941840109016,0.27755775577557756
2015-07-30,13.85,0.05338554431864262,0.108263933376041,0.7637151106833494,0.3283213211407381,0.40010012173337617,0.40010012173337617,0.0
2015-07-31,13.54,0.02089628272641253,0.09382004482869036,0.6348620910840282,0.3229868923102537,0.3505563427409908,0.3783434290022705,0.2509894459102902
2015-08-03,14.03,0.017979628528857372,0.11555697823303457,0.6224751522924014,0.3186149559986847,0.3522156955080402,0.37233906434218456,0.17831245880026367
2015-08-04,13.32,-0.05619866079834601,0.08336,0.2639423076923077,0.30993209760871104,0.21907813510033958,0.332688770355775,0.7677865612648221
2015-08-05,12.97,-0.051100523302616274,0.07053742802303263,0.28596603652675423,0.2907887679081496,0.2157640774859788,0.3075428745137451,0.6691902567478605
2015-08-06,13.67,-0.013081581897489425,0.10121522225775503,0.4770980140935298,0.2783228254257186,0.2855453539256678,0.2855453539256678,0.0
2015-08-07,13.51,-0.002218115512021779,0.09271099744245524,0.5259365994236311,0.26678612218672704,0.2951445730176045,0.2951445730176045,0.0
2015-08-10,13.7,-0.0238020612802905,0.10210930009587728,0.41597311139564663,0.26626201050445886,0.26144814066532757,0.26144814066532757,0.0
2015-08-11,13.85,0.039018567521104774,0.11006389776357828,0.70832,0.2733004067949272,0.36389476818616845,0.36389476818616845,0.0
2015-08-12,14.53,0.11357647925383896,0.1445225167678058,0.8997120921305183,0.2962786569535413,0.44683775528395514,0.44683775528395514,0.0
2015-08-13,13.93,0.018841137055856105,0.11414431673052362,0.6272785417332907,0.312438989196621,0.35128728255347846,0.35128728255347846,0.0
2015-08-17,14.34,0.05962268319936692,0.13325885732524737,0.7856457800511509,0.33309769655608,0.41733411131082604,0.41733411131082604,0.0
2015-08-18,14.13,0.030904363862357176,0.12093171665603063,0.6738574624480664,0.34891789732789047,0.38123569214399583,0.3921179218956848,0.09111842105263158
2015-08-19,14.57,0.050679387573765666,0.1467304625199362,0.7506389776357828,0.3644059118539225,0.42059178400321384,0.42059178400321384,0.0
2015-08-20,14.92,0.026487117193423337,0.16677295918367346,0.654263813478122,0.36864644774901656,0.3965610734702707,0.3965610734702707,0.0
2015-08-21,18.51,0.2842663387936919,0.37328657953458716,0.9905810983397191,0.3835824855936089,0.5824833878226384,0.5824833878226384,0.0
2015-08-24,28.58,0.6896543373302473,0.8130975143403442,0.9992020427705075,0.41018138562468665,0.7408269809118461,0.7408269809118461,0.0
2015-08-25,28.05,0.6856884352722692,0.8024848677922906,0.9988832163369495,0.4348400337805879,0.7454027059699427,0.7454027059699427,0.0
2015-08-26,22.99,0.4560947185679769,0.6256369426751592,0.9972886762360447,0.4523520260149024,0.6917592149753689,0.6917592149753689,0.0
2015-08-27,20.33,0.3093950328646402,0.4925183062718879,0.9931441326530612,0.47199517747057024,0.6525525387985064,0.6826049656956605,0.27120315581854043
2015-08-28,18.34,-0.009226659757087585,0.3583704646721833,0.49362448198916165,0.4714955750356191,0.4411635072323214,0.6543409895775971,0.9740473061760841
2015-08-31,19.75,-0.36955368115459075,0.4567292395800191,0.0014340344168260039,0.46473260348772233,0.3076319591615225,0.5677019852275323,0.995075508864084
2015-09-01,22.09,-0.2388636145366796,0.585559796437659,0.008442179037910162,0.4611318496114757,0.35171127502901495,0.4889636990393469,0.8408792650918635
2015-09-02,22.4,-0.025998379914096148,0.5992050874403816,0.40302547770700636,0.4775050560478526,0.4932452070650802,0.4932452070650802,0.0
2015-09-03,20.41,0.003927349181498396,0.4980928162746345,0.5544412607449857,0.49490582135959843,0.5158132994597395,0.5158132994597395,0.0
2015-09-04,22.74,0.21504102149407123,0.6151890689545599,0.9746976448122215,0.520195158294986,0.7033606240205893,0.7033606240205893,0.0
2015-09-07,24.14,0.20071672432225496,0.6799555273189326,0.9708876869233216,0.5460000487293901,0.7322810876572148,0.7322810876572148,0.0
2015-09-08,21.34,-0.034541771558418866,0.5489044140997142,0.3618002544529262,0.555815605155918,0.48884009123618616,0.586708061887762,0.6973770491803278
2015-09-09,18.01,-0.2181337996731294,0.33111111111111113,0.012559618441971383,0.5439477759506557,0.29587283516791274,0.5472335875083285,0.9937745740498034
2015-09-10,20.75,0.016521269854953946,0.5172960964773088,0.6161792752701843,0.5461787950218848,0.5598847222564592,0.5598847222564592,0.0
2015-09-11,19.86,-0.13541782970536342,0.4635152284263959,0.057991738163330156,0.5406808977250327,0.3540626214382529,0.4861882715512051,0.8287491814014407
2015-09-14,21.88,-0.09829723811560509,0.5732635585156993,0.12341168996188055,0.5351251630025622,0.4106001371600474,0.4218520814517717,0.09325916230366492
2015-09-15,22.03,0.0318219149406449,0.5814838300570704,0.6771991108288345,0.5467225070471073,0.6018018159776708,0.6018018159776708,0.0
2015-09-16,21.23,0.16448811652730022,0.5432646592709984,0.9534920634920635,0.561707189112291,0.6861546372917843,0.6861546372917843,0.0
2015-09-17,20.76,0.0004818116209803769,0.5172686945500634,0.5364963503649635,0.5675253959186217,0.5404301469445495,0.5404301469445495,0.0
2015-09-18,17.5,-0.12650677768755791,0.2958504909724422,0.06963832487309644,0.5425659243679026,0.30268491340448045,0.5083343301557065,0.9650098103335514
2015-09-21,19.91,-0.09435085947767563,0.4670677644078531,0.13495084046939423,0.5123089005620625,0.3714425018131033,0.5005028030863177,0.8173202614379085
2015-09-22,18.31,-0.18495780212783286,0.35533396644507753,0.023620798985415345,0.4767485675945937,0.28523444434169554,0.43718932875912264,0.8755715218811234
2015-09-23,19.71,-0.0742891545505362,0.4534810126582278,0.19793977812995245,0.4524609468915182,0.36796057922656616,0.37355051714607895,0.0466710182767624
2015-09-24,19.52,-0.06158847731274131,0.43941790572603606,0.24445500633713563,0.43241620871997377,0.3720963735943818,0.3720963735943818,0.0
2015-09-25,19.56,0.11128578367720277,0.44212523719165087,0.8959455178967374,0.4445681039306498,0.594212953006346,0.594212953006346,0.0
2015-09-30,20.48,0.028226682095202182,0.5028453999367689,0.6626029132362254,0.46225022991005355,0.5425661810276826,0.5425661810276826,0.0
2015-10-01,18.44,0.007074859442028902,0.3686788874841972,0.5709085153529598,0.47088986559409324,0.47015908947708346,0.47015908947708346,0.0
2015-10-02,18.47,-0.06497832695348027,0.3693522906793049,0.23117088607594938,0.4608471808842899,0.35379011921318143,0.466564943263735,0.7583170254403131
2015-10-05,17.69,-0.0984400728132524,0.3093809222994315,0.1232204998418222,0.4453488645123308,0.2926500955511948,0.4506756876550977,0.8940677966101694
2015-10-06,17.06,-0.13675012254313845,0.2657088727502368,0.0558191018342821,0.4136398960327742,0.245055956872431,0.38084428842831464,0.8355048859934854
2015-10-07,15.89,-0.25375881962268254,0.20801767676767677,0.006481188744862473,0.37773128731453126,0.19741005094235684,0.3118130624112495,0.7659505208333334
2015-10-08,15.97,-0.14381025590152685,0.2117387188387504,0.04788242730720607,0.3614541992543642,0.2070251151334402,0.25918626754252083,0.4401431359791802
2015-10-12,16.2,-0.13113655197281027,0.22050473186119873,0.0646129541864139,0.35999037316672744,0.21503601973811337,0.23143544764750726,0.1440182054616385
2015-10-13,15.96,-0.10291391615003143,0.21128981393882057,0.11576121288692356,0.33982976454368374,0.22229359712314264,0.22229359712314264,0.0
2015-10-14,16.49,-0.03398240549202525,0.23817780580075662,0.36738238080202085,0.34193109504401004,0.31583042721559584,0.31583042721559584,0.0
2015-10-15,15.92,0.0018861998676125147,0.20989599747872675,0.5452967171717171,0.3433940316983316,0.3661955821162585,0.3661955821162585,0.0
2015-10-16,15.84,-0.0081735758406416,0.20494643982356647,0.4977911012937835,0.32949539670411776,0.34407764594048923,0.34407764594048923,0.0
2015-10-19,16.31,0.0067671743945840745,0.2274015748031496,0.5705047318611988,0.3120241363016499,0.3699768143219994,0.3699768143219994,0.0
2015-10-20,15.49,-0.029890937592885525,0.18875944584382873,0.3877325764742983,0.3000923107367274,0.29219477768495145,0.3376550494558589,0.39603638726445745
2015-10-21,14.41,-0.1348317265600767,0.13534781240163676,0.05974148802017654,0.29583232285113426,0.1636405410909825,0.3072170722309362,0.8581168831168832
2015-10-22,14.5,-0.09342753098970835,0.14191315292636877,0.14008824456350458,0.28783189266644993,0.18994443005210773,0.2719668418181061,0.618105126541207
2015-10-23,13.94,-0.12777598105390187,0.11277131173324945,0.07041587901701324,0.2829377032994442,0.1553749646832356,0.23422630556665536,0.6040856031128404
2015-10-26,14.22,-0.1371289922578276,0.12342767295597484,0.055590551181102364,0.2711276391331666,0.1500486210900813,0.19024066692027172,0.3535320803629294
2015-10-27,14.3,-0.07993511716291568,0.12999056900345804,0.18372166246851385,0.2618736221183866,0.19186195119678617,0.19186195119678617,0.0
2015-10-28,14.69,0.01924458017435482,0.15446260213702073,0.6296820900220333,0.24802547054515323,0.34405672090140244,0.34405672090140244,0.0
2015-10-29,14.7,0.013698844358161821,0.1556707508639648,0.6030522341095028,0.23785733734016506,0.3321934407712109,0.3321934407712109,0.0
2015-10-30,14.22,0.019887019042716947,0.12342964824120603,0.6336898395721925,0.2332956394645711,0.3301383757593232,0.3301383757593232,0.0
2015-11-02,14.6,0.026372104339196234,0.1478806907378336,0.654559748427673,0.23834357102482745,0.34692800339677804,0.34692800339677804,0.0
2015-11-03,13.52,-0.05608946665104364,0.09180790960451977,0.2667400188619931,0.2364922336829589,0.19834672071649062,0.31033265230904106,0.7542098445595855
2015-11-04,13.68,-0.07123207799138154,0.10056479447756511,0.20977372721558768,0.23621249736067473,0.1821836730179425,0.27795804273234903,0.6812297734627831
2015-11-05,13.69,-0.07118185448433323,0.10084692597239649,0.21002199183160541,0.23862174866796132,0.1831635554906544,0.24815206567623777,0.5313712807244502
2015-11-06,13.98,-0.017021687569430455,0.11461273126371903,0.45555904522613067,0.24638551442655868,0.2721857636388028,0.2721857636388028,0.0
2015-11-09,14.04,-0.039111130116626036,0.11739811912225705,0.34521193092621666,0.2508228235265802,0.2378109578583513,0.2378109578583513,0.0
2015-11-10,15.36,0.12759665710470802,0.18489501723597618,0.9166666666666666,0.2701855899535026,0.45724909128538177,0.45724909128538177,0.0
2015-11-11,14.68,0.07055111099196543,0.15570175438596492,0.8140884844681519,0.27929134125978616,0.41636052670463436,0.41636052670463436,0.0
2015-11-12,14.79,0.07728563742235117,0.16348261822737237,0.8276348808030113,0.2851894608692846,0.42543565329988947,0.42543565329988947,0.0
2015-11-13,14.9,0.06373347614574909,0.16718847839699436,0.7960175603637504,0.2917011733103695,0.4183024040237047,0.4183024040237047,0.0
2015-11-16,16.77,0.17768117723745247,0.25852895148669797,0.9603448275862069,0.30222536012058343,0.5070330463978294,0.5070330463978294,0.0
2015-11-17,14.99,-0.024383415605019554,0.17240300375469336,0.411939830774052,0.30242163042584885,0.29558815498486474,0.4125439570821845,0.7747252747252747
2015-11-18,14.97,0.019562175245167346,0.17156709415076635,0.6317355889724311,0.3176269649933835,0.3736432160388603,0.4040004949490298,0.2703488372093023
2015-11-19,13.68,-0.0780163645283043,0.10037523452157598,0.18994675853429377,0.3178349798825334,0.2027189909794677,0.35945716248494536,0.8918657198192382
2015-11-20,13.38,-0.10760015825133085,0.0840887777430447,0.10629304946775203,0.3180148457940467,0.16946555766828117,0.30968979321386064,0.8422580645161291
2015-11-23,13.09,-0.24774299591330884,0.07265625,0.007981220657276996,0.31555532695705174,0.1320642658714429,0.2346960371085834,0.715344938749194
2015-11-24,12.57,-0.17607028951235026,0.05592002499218994,0.02862953692115144,0.30982626021808596,0.13145860737714246,0.20187012758703893,0.5531572164948454
2015-11-25,12.58,-0.17393994715924244,0.05637101811367895,0.030184548013762903,0.29238653206729565,0.12631403273157918,0.1524042909255827,0.23341918866709593
2015-11-26,12.67,-0.07669791786135649,0.059631595379331874,0.19277673545966229,0.2797286657139338,0.17737899885097597,0.17737899885097597,0.0
2015-11-27,12.86,-0.039639335890609306,0.06569912609238451,0.34495154735854955,0.2710669453548722,0.22723920626860208,0.22723920626860208,0.0
2015-11-30,14.37,0.09329412016912508,0.13790951638065524,0.86171875,0.2759966410352509,0.42520830247196867,0.42520830247196867,0.0
2015-12-01,13.65,0.08242649902881283,0.1005926388022458,0.8417681974383006,0.2905919637296018,0.41098426665671606,0.41098426665671606,0.0
2015-12-02,13.92,0.10121840363397894,0.114437168693483,0.8799188007495315,0.30769239992334835,0.43401612312212096,0.43401612312212096,0.0
2015-12-03,14.86,0.1594360449565655,0.16723815461346633,0.9505151420543241,0.327864509394943,0.48187260202091114,0.48187260202091114,0.0
2015-12-04,15.44,0.18283982578715685,0.19460891243378,0.9627028714107366,0.3425430095788097,0.49995159780777537,0.49995159780777537,0.0
2015-12-07,15.06,0.046899522280813954,0.17741433021806854,0.7333853354134166,0.35374774996838493,0.42151580519995663,0.4496680789614961,0.2519305019305019
2015-12-08,15.73,0.14183019543921738,0.20756773590781688,0.9337180286961946,0.35474085198591915,0.49867553886331023,0.49867553886331023,0.0
2015-12-09,15.66,0.11778303565638337,0.20345579078455792,0.9031805425631432,0.3581620043482588,0.48826611256532,0.48826611256532,0.0
2015-12-10,15.88,0.06638741652937652,0.21599751011515717,0.8012780548628429,0.3588159559969492,0.45869717365831647,0.4734212456189358,0.12186495176848874
2015-12-11,15.39,-0.003243596745841959,0.19119477286869943,0.5208787784356498,0.3525376438105393,0.3548703983716295,0.44440500573170655,0.6532776349614395
2015-12-14,17.14,0.12937269079788605,0.2824261275272162,0.9172897196261682,0.3520586955125513,0.5172581808886453,0.5172581808886453,0.0
2015-12-15,17.59,0.11176084167928035,0.3123445273631841,0.8955154157583307,0.3676466232273705,0.5251688554496284,0.5251688554496284,0.0
2015-12-16,16.27,0.03821323066828963,0.23391358408455082,0.7043897882938979,0.3710216404587518,0.4364416709457335,0.45848725586279065,0.18978805394990367
2015-12-17,14.34,-0.10200762064751556,0.1357986326911125,0.11780267662620604,0.370103623365288,0.20790164422753551,0.4083281499766344,0.9586007702182285
2015-12-18,14.16,-0.08329685958521438,0.12426219322771047,0.17501555693839452,0.37282602143917076,0.22403459053509192,0.38216098840932694,0.8951250801796024
2015-12-21,15.24,-0.11749136291113338,0.18478260869565216,0.08786936236391912,0.3776263839492281,0.21675945166959978,0.3220612425655178,0.7278846153846154
2015-12-22,14.63,-0.1842563437174336,0.1555417572182552,0.024098258706467663,0.38000364529951264,0.18654788707474515,0.25433704889054115,0.542921204356182
2015-12-23,13.33,-0.1993057870403292,0.08302296710117939,0.018806341311781164,0.38038548885665063,0.16073826575653707,0.1991963678527019,0.33834827144686297
2015-12-24,13.37,-0.07003944405762264,0.08501396214706795,0.21581727781230578,0.38159606158466014,0.22747576718134463,0.22747576718134463,0.0
2015-12-28,14.54,0.026482383839799617,0.14950372208436724,0.6547064305684995,0.3914350485647084,0.39854840040585837,0.39854840040585837,0.0
2015-12-29,13.9,-0.09203471012185416,0.11348837209302326,0.14456521739130435,0.37289568164230025,0.21031642370887593,0.23672534882547222,0.23832373640435062
2015-12-30,14.18,-0.03124169392805154,0.12600743955362678,0.3823346786712201,0.36204521369190773,0.29012911063891816,0.29012911063891816,0.0
2016-01-04,16.25,0.19807577458512915,0.23489308955686397,0.9700496585971446,0.36730988315968255,0.5240842104378971,0.5240842104378971,0.0
2016-01-05,15.92,0.17456278930238556,0.2213444857496902,0.9591995035681042,0.3688796504759327,0.516474546597909,0.516474546597909,0.0
2016-01-06,16.63,0.13430482109946285,0.25921337875503253,0.9247828784119106,0.36954676230899336,0.5178476731586455,0.5178476731586455,0.0
2016-01-07,19.02,0.3136022169805983,0.42027863777089786,0.9933333333333333,0.382117069945812,0.598576347016681,0.598576347016681,0.0
2016-01-08,17.82,0.2284889009386819,0.329619312906221,0.9781463112213267,0.3862790664339004,0.5646815635204827,0.5646815635204827,0.0
2016-01-11,20.06,0.21063487375804302,0.4873143564356436,0.9741245739076542,0.3951491313587903,0.6188626872340294,0.6188626872340294,0.0
2016-01-12,20.48,0.25187261975507,0.5134549953603464,0.9843556381660471,0.4071625080725002,0.6349910471996312,0.6349910471996312,0.0
2016-01-13,18.05,0.081937391574054,0.3453927025355597,0.8369464230411893,0.4189191474293102,0.5337527576686864,0.5901728805279022,0.47154731457800514
2016-01-14,19.06,0.00210084110881148,0.42272024729520863,0.5453560371517028,0.41312815836164835,0.46040148093618655,0.5625379073118032,0.712779552715655
2016-01-15,20.7,0.14981227822865995,0.5261124845488258,0.9404209223150727,0.4195949949552079,0.6287094672730354,0.6287094672730354,0.0
2016-01-18,21.22,0.05621635065204744,0.5540624034599938,0.7662438118811881,0.42914506602927627,0.5831504271234861,0.5831504271234861,0.0
2016-01-19,20.01,-0.023216651575665104,0.48378628783199507,0.4180327868852459,0.4453505101642743,0.4490565282938384,0.5310141322590465,0.6152618135376756
2016-01-20,24.04,0.2865734248881169,0.6835443037974683,0.9902597402597403,0.4797136675115519,0.7178392371895869,0.7178392371895869,0.0
2016-01-21,24.15,0.236692481872526,0.6890432098765432,0.9800618238021638,0.5146249940770303,0.7279100092519125,0.7279100092519125,0.0
2016-01-22,20.23,-0.022967049091669356,0.4955260721999383,0.41980840543881337,0.533017355619881,0.48278394441954414,0.5921480292556736,0.7450542437779196
2016-01-25,19.11,-0.10473237493365506,0.4244293645897594,0.11383997528575841,0.5439283564064449,0.36073256542732085,0.5476644569164405,0.9435586734693877
2016-01-26,20.41,0.019792828226111503,0.5086339808818995,0.6298641136504015,0.5648700277707681,0.567789374101023,0.5714110260778775,0.03218610579987253
2016-01-27,19.19,-0.2253297996473984,0.4284833538840937,0.010960172892868169,0.5557508621238705,0.3317314629669441,0.4941894712333489,0.9028662420382165
2016-01-28,18.77,-0.2520245295001642,0.4032357473035439,0.006944444444444444,0.559554027180462,0.3232447396428168,0.41325641731152984,0.6546785486950987
2016-01-29,17.93,-0.12069136356261234,0.3376463339494763,0.0822277074976859,0.5573423252610199,0.3257387889027274,0.38184738620816644,0.469147582697201
2016-02-01,17.41,-0.09316700447208426,0.3030489682784108,0.14204194941394202,0.5383460294994785,0.3278123157306105,0.37526333626882435,0.40718372536554354
2016-02-02,17.38,-0.16070485698450776,0.3009544334975369,0.03746530989824237,0.5172929233514282,0.2852375555824025,0.31875297256510027,0.2957433290978399
2016-02-03,18.43,-0.04040953833787686,0.3793474915358572,0.3392416769420469,0.5056577461342022,0.4080823048707021,0.4080823048707021,0.0
2016-02-04,16.74,-0.11445878553708866,0.26276923076923075,0.09445300462249615,0.4792480027413896,0.2788234127110389,0.3251388755594963,0.3996825396825397
2016-02-05,18.15,0.01219527309381796,0.3541987080898185,0.5944239063462723,0.47026942749910317,0.472964013978398,0.472964013978398,0.0
2016-02-11,22.55,0.25869031216858973,0.6185424354243543,0.9847551586079458,0.4738158940913282,0.6923711627078761,0.6923711627078761,0.0
2016-02-12,23.47,0.30040289002568654,0.6607746695358131,0.9921490147783252,0.47769372036102176,0.7102058015583866,0.7102058015583866,0.0
2016-02-15,21.1,0.13529326880028902,0.5494775660725261,0.9232071406586642,0.4849523598898828,0.652545688873691,0.652545688873691,0.0
2016-02-16,19.08,0.13083960095881153,0.4236559139784946,0.9155384615384615,0.494230312166634,0.6111415625611968,0.6278456459359096,0.14689086294416243
2016-02-17,18.55,0.02179922834258452,0.38713144963144963,0.6365733620424485,0.48315959728688396,0.5022881363202608,0.6337104704042823,0.8253012048192772
2016-02-18,17.33,-0.2632959622211728,0.29674547129260054,0.005996309963099631,0.45772048643474683,0.25348742256348233,0.5459337223754035,0.9984157160963245
2016-02-19,17.12,-0.3154756391493363,0.28161448741559236,0.00261297264063941,0.4422806960682217,0.24216938537481783,0.45232643913868975,0.9686510449651679
2016-02-22,16.9,-0.22195941855299317,0.2710954280454127,0.012753534111862324,0.40753181902072333,0.23046026039266612,0.36790935344248477,0.8382911392405064
2016-02-23,16.61,-0.13863574239493692,0.2558282208588957,0.05606758832565284,0.3736015884083693,0.22849913253097265,0.2913808674364399,0.5158127767235927
2016-02-24,17.13,-0.07963847671741542,0.28319533885311254,0.18627149877149876,0.36245489740801584,0.2773072450108757,0.2773072450108757,0.0
2016-02-25,16.95,-0.022171269901055446,0.27360515021459225,0.4250844335277863,0.36646540350468737,0.3550516624156887,0.3550516624156887,0.0
2016-02-26,16.82,-0.01767871616879413,0.2663193380324854,0.45196439533456106,0.355960044475556,0.3580812592808675,0.3580812592808675,0.0
2016-02-29,17.56,0.03830996627794292,0.31403186274509803,0.7040503221847192,0.37042601092937744,0.46283606528639815,0.46283606528639815,0.0
2016-03-02,15.31,-0.08149871395561137,0.1871362940275651,0.18236196319018405,0.3694089625661214,0.24630240659462352,0.33991572771769074,0.6684576485461441
2016-03-03,14.33,-0.17847607049594805,0.13456827924066136,0.02959214964734744,0.3630161222521426,0.17572551704671713,0.319599382124859,0.8575489576753
2016-03-04,14.11,-0.18338406796173645,0.12059993878175697,0.02590435315757204,0.355551456608317,0.16735191618254866,0.282059432878231,0.766729797979798
2016-03-07,13.96,-0.18637255721057544,0.11490208078335373,0.024670548574931044,0.3505802787573796,0.16338430270522145,0.2431200415631018,0.6041009463722398
2016-03-08,14.08,-0.2208682374770743,0.11945549097583359,0.01332720588235294,0.3359351169668867,0.15623927127502443,0.18180068276082703,0.2260403530895334
2016-03-09,14.24,-0.07245130368576236,0.12951070336391438,0.20903522205206737,0.3354682092174931,0.22467137821115826,0.22467137821115826,0.0
2016-03-10,13.63,-0.05008199613163944,0.09859370223173342,0.29592774035517455,0.32161567992126344,0.23871237416939048,0.23871237416939048,0.0
2016-03-11,13.52,-0.04271369524990476,0.09199266503667482,0.3285889194980104,0.2920477796838231,0.23754312140616943,0.23754312140616943,0.0
2016-03-14,13.9,-0.004307257197580405,0.11258783990223037,0.5163708690330477,0.2664486552993516,0.29846912141154325,0.29846912141154325,0.0
2016-03-15,13.97,-0.007843177461025697,0.11621869273060477,0.5012236157846436,0.2450675953439531,0.2875033012864005,0.2875033012864005,0.0
2016-03-16,14.13,-0.007754709287393524,0.12351145038167939,0.5013761467889908,0.22720992588529593,0.28403250768532207,0.28403250768532207,0.0
2016-03-17,13.26,-0.027521260950724713,0.07936507936507936,0.39941913787832467,0.2135869110245336,0.23079037608931255,0.26766768557574955,0.3216761184625079
2016-03-18,12.94,-0.04384678154206334,0.06759231003967044,0.3238080684596577,0.2158033759556243,0.20240125148498414,0.26063931159151255,0.4852015113350126
2016-03-21,13.51,-0.02845868816453878,0.09167175106772422,0.3958142377024137,0.22088483917347196,0.2361236093145366,0.2481702091721112,0.0947136563876652
2016-03-22,12.68,-0.09688622425979077,0.05901189387008234,0.1321014050091631,0.21856644759152116,0.13655991549025553,0.21798153201288217,0.6103773584905661
2016-03-23,12.71,-0.10591111149507348,0.060365853658536583,0.11374045801526718,0.2151217101537526,0.1297426739425188,0.1871235652643215,0.47674418604651164
2016-03-24,12.64,-0.04788559603900522,0.057604388905821396,0.30753968253968256,0.21251364099927486,0.19255257081492627,0.19255257081492627,0.0
2016-03-25,12.28,-0.052351366353758255,0.047989031078610606,0.2857796765334147,0.20339061909601605,0.17905310890268045,0.17905310890268045,0.0
2016-03-28,12.78,-0.05554870302271864,0.06381358513554676,0.2716595485051861,0.1938203541028582,0.17643116258119704,0.17643116258119704,0.0
2016-03-29,12.3,-0.03042668663070769,0.04902557856272838,0.38716071973162547,0.17927295693697162,0.2051530850771085,0.2051530850771085,0.0
2016-03-30,11.9,-0.06585068508387915,0.03668188736681887,0.2342987804878049,0.1768100172028935,0.1492635616858391,0.18049069781235025,0.2773241206030151
2016-03-31,12.33,-0.02483107154245845,0.050821667681071214,0.41313623895153917,0.18430495414650855,0.21608762025970632,0.21608762025970632,0.0
2016-04-01,13.56,0.0991523597932531,0.09796166717371463,0.873400365630713,0.204926397668136,0.39209614349085453,0.39209614349085453,0.0
2016-04-04,13.25,0.036116103482842554,0.08150851581508516,0.6949436491014316,0.22084838605709178,0.3324335169912028,0.3324335169912028,0.0
2016-04-05,13.83,0.11724088329829474,0.11204013377926421,0.8999695493300852,0.24282906071337088,0.41827958127424014,0.41827958127424014,0.0
2016-04-06,13.31,0.11197723228953649,0.08419452887537994,0.8936073059360731,0.2588104584482577,0.4122040977532369,0.4122040977532369,0.0
2016-04-07,13.06,0.05751880667203224,0.07383773928896992,0.7722154595252587,0.2700987523539407,0.3720506503893897,0.38541279797978484,0.10765850596359071
2016-04-08,13.07,-0.03680475487611856,0.07457472660996355,0.35701247337998177,0.2703738927403222,0.23398703091008918,0.3537909754636318,0.784504391468005
2016-04-11,13.35,0.007518832414027177,0.08669905860917097,0.5764902676399026,0.2712296581731671,0.31147299480741353,0.34959887102687387,0.33197492163009407
2016-04-12,12.51,-0.1003118211978471,0.05494839101396479,0.12511401641836425,0.26029516064609404,0.14678585602614103,0.2953001259772541,0.8668546365914787
2016-04-14,12.48,-0.06438826946573872,0.054021244309559936,0.23996960486322189,0.2520227419461469,0.18200453037297626,0.24926021250120192,0.5400751408891672
2016-04-15,12.11,-0.07552256628328413,0.042779126213592235,0.2000911577028259,0.2461248936129722,0.16299839250979678,0.20744976092528336,0.3807884856070088
2016-04-18,12.93,-0.010769334852364754,0.0705186533212011,0.49073511543134873,0.25037122836930276,0.27054166570728416,0.27054166570728416,0.0
2016-04-19,12.42,-0.07220830834092551,0.05351728320194057,0.20968721530519283,0.24476419111272762,0.16932289653995367,0.1863306682312304,0.14978111319574733
2016-04-20,12.73,0.017433088090495374,0.06395877538648075,0.6215846994535519,0.25712494551174736,0.31422280678392667,0.31422280678392667,0.0
2016-04-21,12.19,-0.0235114194481012,0.046515151515151516,0.42078907435508345,0.26445489336665806,0.24391970641229768,0.24391970641229768,0.0
2016-04-22,12.33,0.01800375961125189,0.051348076340502875,0.6233313106796117,0.2721932762560234,0.31562422109204596,0.31562422109204596,0.0
2016-04-25,12.83,-0.007764014156220966,0.06723198061780739,0.502729754322111,0.2780981019392207,0.28268661229304637,0.28268661229304637,0.0
2016-04-26,12.49,0.005620247632153408,0.05555555555555555,0.5644329896907216,0.2852109872293593,0.30173317749187883,0.30173317749187883,0.0
2016-04-27,12.74,0.0007852375747021689,0.06537530266343826,0.5421339799939375,0.28949406183843485,0.29900111483193687,0.29900111483193687,0.0
2016-04-28,12.74,0.04413070665083696,0.06550680786686838,0.7243939393939394,0.30246706382358945,0.3641226036947991,0.3641226036947991,0.0
2016-04-29,12.42,0.007272759329080003,0.05414398064125832,0.5742199333535293,0.3065772140076439,0.31164704266747717,0.31183811019582763,0.0015625
2016-05-02,12.78,-0.003904729678156471,0.06773510734804959,0.5198364627498486,0.29698245243998067,0.2948513408459596,0.3142710559064103,0.16895690193628982
2016-05-03,12.51,0.0016000003413334518,0.05698307134220072,0.5451105056009689,0.29262348774064695,0.2982390215612722,0.313572224720289,0.1270287141073658
2016-05-04,12.82,0.006259801348506677,0.06860078573587186,0.5682506053268765,0.28324453043948195,0.30669864050074347,0.31511172985405034,0.06955708047411104
2016-05-09,13.14,0.030914362912447313,0.08262839879154078,0.6757942511346445,0.2777600508173502,0.34539423358117854,0.34539423358117854,0.0
2016-05-10,12.61,0.015182073471495361,0.060102688009664756,0.6117664851784634,0.2734054501766977,0.31509154112160864,0.31509154112160864,0.0
2016-05-11,12.79,0.0007821666413625472,0.06868961352657005,0.541124886604173,0.2778611326802177,0.2958918776036536,0.31226306287369127,0.14245635910224438
2016-05-12,12.05,-0.03746366454215577,0.040144883791125865,0.3535368802902056,0.27112344362602414,0.22160173590245189,0.29693560574192723,0.5847352024922119
2016-05-13,11.93,-0.07195021538269941,0.03696439348219674,0.2098821396192203,0.27279304676775135,0.17321319328972282,0.27023851629972306,0.6864881693648817
2016-05-16,11.84,-0.10417738360060502,0.03544494720965309,0.11737160120845921,0.26926368924888455,0.14069341255566561,0.22929835209462052,0.6512134411947729
2016-05-17,11.7,-0.0749013081731178,0.03302171290711701,0.20039263062518878,0.2690272907392818,0.16748054475719587,0.19977615282173794,0.28824626865671643
2016-05-18,11.99,-0.0645906465513284,0.03904130238167018,0.23958333333333334,0.2619615624133431,0.18019539937611553,0.18019539937611553,0.0
2016-05-19,12.08,0.0024865325700047514,0.04264617239300784,0.5507093268940537,0.2702153374328414,0.28785694557330094,0.28785694557330094,0.0
2016-05-20,12.1,0.01414921649287093,0.043989153359445615,0.6066686783343391,0.26934319635418513,0.3066670093493233,0.3066670093493233,0.0
2016-05-23,12.46,0.0510398839034476,0.05707831325301205,0.7542986425339366,0.27794501460210297,0.3631073234630173,0.3631073234630173,0.0
2016-05-24,12.8,0.08985632912186103,0.07121348991267691,0.8538902291917974,0.284205622904212,0.4031031140028954,0.4031031140028954,0.0
2016-05-25,11.91,-0.006694585672213815,0.03717639975918122,0.5063310220078384,0.2835442650748895,0.2756838956139697,0.3272836576005013,0.4341205717837166
2016-05-26,11.71,-0.031108014897042846,0.03370448390009028,0.3835141651597348,0.2784750176702282,0.23189788891001775,0.3160918462678447,0.6313664596273292
2016-05-27,11.55,-0.04652001563489261,0.026624548736462094,0.311388972582103,0.27173762363675796,0.20325038165177434,0.2954085207283349,0.6669770328988206
2016-05-30,11.92,-0.04430585172210355,0.03804511278195489,0.32123493975903616,0.2609721062687625,0.2067507196032512,0.2641371999563817,0.4785980148883375
2016-05-31,11.81,-0.08049854071630058,0.035628382441371016,0.18262571514604034,0.2507193608585781,0.15632448614866315,0.21478147438553524,0.490700557966522
2016-06-01,11.67,-0.02035693706874442,0.03186053501653141,0.43874172185430466,0.24779512802790155,0.23946579496624587,0.23946579496624587,0.0
2016-06-02,11.6,-0.009438079497306795,0.028846153846153848,0.4951850737285585,0.24584356929369014,0.2566249322894675,0.2566249322894675,0.0
2016-06-03,11.81,0.022261193241468025,0.03634725142685491,0.6430505415162455,0.24690722934069892,0.30876834076126647,0.30876834076126647,0.0
2016-06-07,12.3,0.03138160074116847,0.053903903903903906,0.6789473684210526,0.24626794490066822,0.3263730724085416,0.3263730724085416,0.0
2016-06-08,12.19,0.03166931328390943,0.05073551486040228,0.6805472038484667,0.24775328353868672,0.3263453340825186,0.3263453340825186,0.0
2016-06-09,12.08,0.03452974620820415,0.045018007202881155,0.6908626390141268,0.25090493719084334,0.3289285278026171,0.3289285278026171,0.0
2016-06-10,11.87,0.023009110509257358,0.038103810381038106,0.646484375,0.25817759772333604,0.31425526103479134,0.320934107217947,0.05545229244114003
2016-06-13,15.08,0.24442273237053902,0.1949610077984403,0.9830279363172124,0.28145615799869195,0.48648170070478153,0.48648170070478153,0.0
2016-06-14,16.1,0.2692200096120452,0.24212893553223389,0.9866366366366366,0.3083548835924609,0.512373485253777,0.512373485253777,0.0
2016-06-15,16.21,0.28501239225440456,0.2468525179856115,0.9896427499249475,0.3334319067019172,0.5233090582041587,0.5233090582041587,0.0
2016-06-16,17.44,0.367215225974165,0.3204974528019179,0.9956482593037215,0.35936993361168307,0.5585052152391076,0.5585052152391076,0.0
2016-06-17,17.73,0.4012439114645403,0.33867585380467347,0.9965496549654965,0.37791668384876076,0.5710473975396435,0.5710473975396435,0.0
2016-06-20,16.4,0.08391197225034297,0.2581611260856544,0.8420815836832634,0.38915630580063915,0.4964663385231856,0.5323402989519745,0.31671826625386995
2016-06-21,16.1,0.0,0.24191616766467067,0.5355322338830585,0.38830809194465865,0.38858549783079593,0.5075827014673783,0.7837252475247525
2016-06-22,16.71,0.030379006859717617,0.2768632146064053,0.6731115107913669,0.38892986710199107,0.44630153083325447,0.4921811959931974,0.3961038961038961
2016-06-23,18.17,0.04100546392724613,0.371932974266906,0.7160623314354211,0.40254206420037375,0.4968457899675669,0.4968457899675669,0.0
2016-06-24,22.53,0.23958963435803637,0.6278791504636554,0.9794787297783104,0.4322955449799273,0.6798844750739644,0.6798844750739644,0.0
2016-06-27,19.47,0.1715934845539553,0.46366626794258375,0.9555256064690026,0.45932500380725283,0.6261722927396131,0.6261722927396131,0.0
2016-06-28,17.39,0.07707605637577464,0.31808669656203287,0.8241017964071856,0.4788977148179585,0.5403620692623924,0.5579132315753583,0.15667490729295427
2016-06-29,14.67,-0.13020275045241192,0.17393903167961747,0.0677940736306495,0.4794846900110299,0.2404059317737656,0.5167341117634605,0.9966028412600371
2016-06-30,13.9,-0.2678830422714338,0.1275769345682701,0.0058348294434470375,0.4710549276895519,0.20148889723375638,0.45766273321669837,0.9935185185185185
2016-07-01,12.91,-0.556845549585602,0.07900238948626045,0.00014956625785222854,0.4599329458937869,0.1796949672126332,0.3576248316444321,0.9293645897594077
2016-07-04,12.38,-0.4527925521276579,0.057778441325768884,0.0007476076555023923,0.4444111522947412,0.16764573375867084,0.2659195198482437,0.6963625154130703
2016-07-05,12.8,-0.30645015744062043,0.07462686567164178,0.0034379671150971598,0.42804149130628577,0.16870210803100824,0.19158752760196684,0.2017868145409735
2016-07-06,14.68,0.0006814310314791072,0.17561921814383766,0.5393006575014944,0.4276324202296974,0.38085076529167644,0.38085076529167644,0.0
2016-07-07,13.85,-0.003603607503298356,0.1255966587112172,0.518822826411712,0.42534589120234534,0.35658845877509143,0.35658845877509143,0.0
2016-07-08,14.74,0.1325626819026393,0.1813301521025947,0.9201015531660693,0.43576697919953594,0.5123995614894,0.5123995614894,0.0
2016-07-11,14.08,0.12867308347344597,0.13655336911150864,0.9135562854583458,0.43256999696089105,0.4942265505102485,0.4942265505102485,0.0
2016-07-12,14.33,0.11291007091450922,0.15290611028315945,0.8938805970149254,0.42802052533912144,0.4916024108790687,0.4916024108790687,0.0
2016-07-13,14.41,-0.01856361317493871,0.1580750893921335,0.4465831095195464,0.4122245986141494,0.33896093250860976,0.4387555828324837,0.7053571428571429
2016-07-14,13.95,0.007194275634026859,0.13121834971700924,0.5729415274463007,0.39692495274059125,0.3670282766346338,0.44084354640439216,0.5738461538461539
2016-07-15,13.35,-0.09904850191493209,0.09797498511018464,0.12660304205189382,0.3691587657003889,0.19791226428748912,0.37794608696401,0.9332718327183271
2016-07-18,13.43,-0.0472643401947499,0.10241143197380173,0.30754323196183664,0.3519015645545569,0.25395207616339843,0.32989119209463996,0.5860479409956976
2016-07-19,13.49,-0.060406571620416294,0.10580357142857143,0.25320417287630403,0.34144054812348557,0.233482764142787,0.2782672627473836,0.3842137592137592
2016-07-20,13.04,-0.09990085351292421,0.08434989586432609,0.12559594755661502,0.3229398260740648,0.1776285564983353,0.24600078754532873,0.5441988950276243
2016-07-21,12.84,-0.08291421000555932,0.07644259369422962,0.17709264224009533,0.30207832432986476,0.1852045200880632,0.20963603623601462,0.21441717791411044
2016-07-22,12.85,-0.03817257350502956,0.07716324710080286,0.34946396664681356,0.272560057667506,0.2330624238050408,0.2330624238050408,0.0
2016-07-25,13.02,-0.03100437375472298,0.0848692033293698,0.38359630842512654,0.24879189860107878,0.23908580345185837,0.23908580345185837,0.0
2016-07-26,12.64,-0.06508228150095308,0.06671619613670134,0.23526785714285714,0.2277867876088373,0.1765902802961319,0.20231431682788595,0.22838749233599018
2016-07-27,12.88,-0.0123458358222992,0.0784313725490196,0.4812555786968164,0.2357356337572265,0.2651408616676875,0.2651408616676875,0.0
2016-07-28,12.68,-0.012539349252735477,0.06860706860706861,0.4805175490779298,0.2461284550990585,0.2650843575946857,0.2650843575946857,0.0
2016-07-29,12.6,-0.019646997383796716,0.06502375296912113,0.44261076419863216,0.25684051913464956,0.25482501210080094,0.25482501210080094,0.0
2016-08-01,12.59,-0.03358378872416745,0.06441080439299496,0.37143281807372175,0.2662734584717857,0.23403902697950082,0.23913590772776136,0.040747549019607844
2016-08-02,12.58,-0.0047581374464167325,0.06379821958456973,0.5148588410104011,0.2787882641669915,0.2858151082539875,0.2858151082539875,0.0
2016-08-03,13.14,0.019985292380257036,0.09196084247997627,0.6350267379679144,0.2790899567870554,0.3353591790783154,0.3353591790783154,0.0
2016-08-04,12.72,0.0031496089028961727,0.07161921708185054,0.5543510543510544,0.27862872644480485,0.30153299929256994,0.30153299929256994,0.0
2016-08-05,12.56,-0.0031796529173795385,0.0630002964719834,0.5227137767220903,0.2657357856429401,0.2838166196123379,0.28811258664334227,0.04011022657685242
2016-08-08,12.24,-0.028193570972075754,0.0523117960877297,0.3967052537845058,0.2507084705254996,0.23324184013257834,0.2879531492739578,0.454406364749082
2016-08-09,11.47,-0.09237332013101529,0.024,0.1446587537091988,0.22875527168577747,0.13247134179832543,0.2572843959828254,0.7996941896024465
2016-08-10,11.68,-0.11778303565638337,0.032582938388625596,0.08884603975081579,0.2166745411664715,0.11270117310197096,0.2127527947875565,0.7069070904645477
2016-08-11,11.38,-0.11131812921379103,0.021320698845128813,0.10038552787663108,0.20211319990543272,0.10793980887573086,0.1740341567041887,0.5354306658521686
2016-08-12,11.2,-0.11460338273900383,0.016429840142095916,0.09501927067892084,0.1992849769969062,0.10357802927264098,0.13798643863624932,0.3037240537240537
2016-08-16,11.9,-0.0281708769666964,0.03965670316661734,0.3975992886781268,0.19996751019463385,0.21240783401312602,0.21240783401312602,0.0
2016-08-17,11.82,0.03005808083667283,0.03742603550295858,0.673037037037037,0.20875389340051184,0.30640565531350245,0.30640565531350245,0.0
2016-08-18,11.64,-0.0034305350967893666,0.031203785862170954,0.5211789099526066,0.21731481471035777,0.2565658368417118,0.2565658368417118,0.0
2016-08-19,11.73,0.030292233967199156,0.035925487876995864,0.6747112822031389,0.228742353064003,0.3131263743813793,0.3131263743813793,0.0
2016-08-22,12.35,0.09774228477293745,0.059266922849541825,0.8695973949082297,0.2412982806642569,0.3900541994740095,0.3900541994740095,0.0
2016-08-23,11.87,-0.002524191495907324,0.03974586288416076,0.5263391535957384,0.243738768282392,0.26994126158743037,0.30721866551960664,0.32733374008541793
2016-08-24,12.03,0.017610518008635445,0.045051698670605614,0.6229289940828402,0.25288868426923916,0.3069564590075617,0.3073288262584185,0.003353658536585366
2016-08-25,11.92,0.02377021933391177,0.041642055522740695,0.6499556344276841,0.25618645273685386,0.3159280475624262,0.3192012684025614,0.0258988421694089
2016-08-26,12.01,0.02358997342650815,0.04472984942426927,0.6491720875221763,0.25980588571839003,0.3179026075549452,0.3201565150372746,0.022838002436053592
2016-08-29,11.98,-0.030417470386682854,0.04353600944510035,0.3853088974283181,0.2578361454610317,0.22889368411148336,0.28792441196476937,0.4951308581862447
2016-08-30,11.49,-0.03253711676091209,0.025966361758630863,0.3757387706855792,0.256982683210469,0.21956260521822638,0.27784868069092855,0.48813868613138683
2016-08-31,11.56,-0.03985266674235621,0.027876106194690265,0.3413589364844904,0.25174713276257427,0.20699405848058497,0.2578562005855332,0.4288753799392097
2016-09-01,11.65,-0.022911481625493835,0.03258625774107933,0.4224748966331955,0.24494897211073385,0.23333670882833624,0.2413379328387152,0.06470230862697449
2016-09-02,11.75,-0.02188639550172411,0.03699882075471698,0.42795984647180396,0.24092368200557424,0.2352941164106984,0.2352941164106984,0.0
2016-09-05,11.44,-0.046122606735651495,0.022841143530798705,0.3127213695395514,0.23466989300248114,0.19007746869094375,0.2170529915257579,0.24377656344869458
2016-09-06,10.84,-0.05823409584916428,0.005745433117265763,0.26069637061079964,0.2301055118488769,0.16551577185898078,0.20624362485390885,0.3595266990291262
2016-09-07,11.08,-0.04240918192509335,0.012665684830633284,0.32876106194690263,0.23442471167558532,0.1919504861510404,0.20323491038799993,0.0936931473620376
2016-09-08,11.13,-0.04566201472425613,0.01516489988221437,0.3159834856974344,0.2396676968615905,0.19027202748041308,0.19462197411841528,0.04212121212121212
2016-09-09,11.56,-0.016302377345936758,0.029143361789814543,0.4612323113207547,0.24888443302131077,0.24642003537729332,0.24642003537729332,0.0
2016-09-12,16.47,0.3644245582378969,0.27383755150088285,0.9948423224285293,0.27781520209902066,0.5154983586761442,0.5154983586761442,0.0
2016-09-13,15.71,0.37105445625602984,0.23433362753751102,0.9954331172657631,0.29762797092298393,0.5091315719087527,0.5091315719087527,0.0
2016-09-19,14.01,0.23462967902977772,0.1448529411764706,0.9771723122238586,0.30791702544449223,0.47664742628160717,0.47664742628160717,0.0
2016-09-20,13.96,0.22655193204677282,0.14201705380770363,0.9742343934040048,0.3220137442294155,0.4794217304803747,0.4794217304803747,0.0
2016-09-21,14.04,0.19435953535343353,0.14638447971781304,0.9651162790697675,0.33203534394710166,0.4811787009115607,0.49237555765168783,0.09357964869775894
2016-09-22,12.23,-0.29764859449046766,0.058330884513664416,0.0042672160094173045,0.3103786885162344,0.12432559634643871,0.4141410051857467,0.9972760290556901
2016-09-23,11.88,-0.2794411383330311,0.04274383078730905,0.005736981465136805,0.2974385834105481,0.11530646522099797,0.33537598384819584,0.9761040532365396
2016-09-26,12.68,-0.09974541133983594,0.07679882525697504,0.12573529411764706,0.28580241907607745,0.1627788461502332,0.27260226782192104,0.7487908101571947
2016-09-27,12.54,-0.10727256212945191,0.06987668819729888,0.10893854748603352,0.2729828577194002,0.15059936446757752,0.20683779461936158,0.47220543806646526
2016-09-28,12.79,-0.09324678300691369,0.08335779277957148,0.1435920047031158,0.2613090542328062,0.16275295057183117,0.16275295057183117,0.0
2016-09-29,12.33,0.008143367477171815,0.06279342723004695,0.5811049074346165,0.2666853899275873,0.30352790819741693,0.30352790819741693,0.0
2016-09-30,14.11,0.17202745193022384,0.15092402464065707,0.9549059929494712,0.2842885120562353,0.4633728432154545,0.4633728432154545,0.0
2016-10-04,13.88,0.09042300606957854,0.13900293255131965,0.8535976505139501,0.29987265056588747,0.4308244112103858,0.4308244112103858,0.0
2016-10-05,13.94,0.10583887012760318,0.1427733802403987,0.882413388138579,0.31412579091600507,0.4464375197649943,0.4464375197649943,0.0
2016-10-06,13.83,0.07817653008591563,0.1354044548651817,0.8275609040211329,0.32657595820749996,0.4298471056979382,0.4298471056979382,0.0
2016-10-07,14.24,0.14401958880757704,0.16026955757398184,0.9338321596244131,0.34553943831070105,0.47988038516969866,0.47988038516969866,0.0
2016-10-10,14.47,0.02519377477866991,0.1769185705916813,0.6534174244646523,0.3596367930939078,0.39665759605008044,0.43672940357861945,0.35295893719806765
2016-10-11,15.46,0.10780708808061767,0.2273792093704246,0.8857771260997067,0.3789300328112226,0.4973621227604513,0.4973621227604513,0.0
2016-10-12,14.75,0.0564806774534512,0.19628220140515223,0.76883611844034,0.3947792811678687,0.453299200337787,0.453299200337787,0.0
2016-10-13,15.19,0.09379717093101458,0.21393034825870647,0.8585873388042204,0.40933283151667765,0.49395017285986825,0.49395017285986825,0.0
2016-10-14,14.11,-0.009171140119107246,0.1515506143943827,0.49501904482859654,0.39378007614901683,0.3467832451239987,0.4376104674264371,0.6617380808690404
2016-10-17,14.55,0.00551345297410899,0.18104708979233694,0.5640011716461628,0.3816621140648975,0.37557012516779914,0.4333929732499809,0.4864294330518697
2016-10-18,13.92,-0.10492938825300246,0.14166666666666666,0.11405563689604685,0.36000454031895707,0.2052422812938902,0.37496900495666863,0.9183242917420132
2016-10-19,13.65,-0.07750356115486001,0.12657117801812334,0.19276932084309134,0.34008176661019474,0.21980742182380317,0.32827064925387195,0.744277108433735
2016-10-20,13.35,-0.12912093176142303,0.10885447106954997,0.0700907228563067,0.31676787748865165,0.16523769047150277,0.2625281527761988,0.689042745334136
2016-10-21,13.18,-0.06818323679036142,0.10181127665790242,0.22308367466354592,0.3233252987586108,0.21607341669335303,0.2363861870900697,0.18020457280385077
2016-10-24,12.8,-0.1281458226919301,0.0839661214953271,0.07180462123427903,0.3260075470205398,0.16059276325004865,0.19339071470651956,0.2919422730006013
2016-10-25,12.62,-0.09804379779320627,0.07416058394160584,0.12967836257309942,0.32604016769904187,0.17662637140458237,0.187667532728658,0.0928485576923077
2016-10-26,13.39,-0.019231361927887658,0.11223000583771162,0.44504530838935985,0.33550166966263534,0.2975923279632356,0.2975923279632356,0.0
2016-10-27,13.08,-0.0204320388172059,0.09716953603735046,0.43731735827001755,0.3431900970832524,0.2925589971302068,0.2925589971302068,0.0
2016-10-28,13.23,0.003786449052503027,0.1044340723453909,0.5575518550978674,0.34364228690271725,0.33520940478199185,0.33520940478199185,0.0
2016-10-31,14.61,0.13226105483703643,0.18664333624963547,0.9186623831775701,0.3436291794486442,0.4829782996252832,0.4829782996252832,0.0
2016-11-01,14.79,0.1586684196096413,0.20072886297376094,0.9458394160583942,0.3474783718478164,0.4980155502933239,0.4980155502933239,0.0
2016-11-02,17.25,0.25330398377428764,0.3241037598367823,0.9826328079392878,0.3545171168327437,0.5537512282029379,0.5537512282029379,0.0
2016-11-03,16.94,0.25859334319485594,0.30667249417249415,0.9832214765100671,0.36269033212764984,0.5508614342700703,0.5508614342700703,0.0
2016-11-04,18.41,0.33040701711812215,0.40824351878823184,0.992852975495916,0.37036520155479363,0.5904872319463138,0.5904872319463138,0.0
2016-11-07,17.7,0.1918584138171755,0.35527082119976705,0.9619422572178478,0.3825371286388256,0.5665834023521468,0.5665834023521468,0.0
2016-11-08,16.52,0.11062049137012364,0.2834061135371179,0.8896501457725947,0.3840346267348152,0.5190302953481759,0.5561427184239289,0.32642642642642644
2016-11-09,19.26,0.1102182628926105,0.4650756693830035,0.8882250072865054,0.39373918565541566,0.5823466207749748,0.5823466207749748,0.0
2016-11-10,14.23,-0.17432527712214752,0.16089613034623218,0.03307109557109557,0.3717754241267756,0.18858088334803447,0.4894056867539292,0.9990996398559424
2016-11-11,15.04,-0.20218067672329276,0.21131471785922049,0.020535974366443343,0.36140744995184276,0.19775271405916886,0.41085878317650015,0.9709058188362327
2016-11-14,16.74,-0.05576357451845437,0.2961616749054958,0.26951077460687245,0.35692305465368945,0.3075318347220192,0.35904846965047466,0.43495203836930457
2016-11-15,16.23,-0.017710386566332392,0.26598837209302323,0.45254730713246,0.3684933890452587,0.362343022756914,0.362343022756914,0.0
2016-11-16,14.93,-0.2546577948188804,0.2072072072072072,0.00829452852153667,0.36589741996694697,0.19379971856523026,0.25000163469027337,0.47183942480527263
2016-11-17,14.08,-0.010597061371864669,0.15122022080185937,0.4889438463776549,0.3774278917982884,0.33919731965926764,0.33919731965926764,0.0
2016-11-18,13.71,-0.09258782494747031,0.13055474876561138,0.14616055846422338,0.376223400695998,0.21764623597527757,0.2841036263357417,0.5410179640718563
2016-11-21,13.86,-0.1887940712995717,0.13980836236933797,0.025152660657167782,0.3764531577034205,0.1804713935766421,0.2586915381066663,0.6023339317773788
2016-11-22,12.85,-0.23351757018527097,0.08679245283018867,0.012354651162790697,0.3738358616403774,0.15766098854445226,0.21775513126417398,0.5038875598086124
2016-11-23,12.25,-0.19784667456036287,0.058473592571096925,0.02252252252252252,0.36192888166204107,0.14764166558522018,0.20852352066817198,0.5077704722056187
2016-11-24,12.42,-0.12544727422456337,0.06599941978532056,0.07655432887855898,0.35213055302095386,0.1648947672282778,0.17366301018197397,0.07317801672640382
2016-11-25,12.51,-0.09159716909540361,0.06931554524361949,0.15001452221899506,0.34106415652143773,0.18679807466135076,0.18679807466135076,0.0
2016-11-28,12.78,-0.08112554481236867,0.08335749492606552,0.18423344947735193,0.3201212871458431,0.19590407718308686,0.19590407718308686,0.0
2016-11-29,12.96,0.008523879582900129,0.0927536231884058,0.5821480406386067,0.3083296217657145,0.3277437618642423,0.3277437618642423,0.0
2016-11-30,12.8,0.04391923393483532,0.08490292668791655,0.7250435287289612,0.29590986895673466,0.36861877479120414,0.36861877479120414,0.0
2016-12-01,12.94,0.04101521256742169,0.09269988412514485,0.716710182767624,0.28389777136198985,0.3644359460849196,0.3644359460849196,0.0
2016-12-02,13.49,0.07542034574084466,0.11989574283231973,0.8185904872389791,0.27233251475666864,0.4036062482759892,0.4036062482759892,0.0
2016-12-05,13.16,0.029300476947782705,0.10335842501447597,0.6699043200927806,0.2587337564239097,0.3439988338437221,0.3616807129720155,0.15970149253731344
2016-12-06,12.29,-0.053081767346185416,0.0597684515195369,0.2818840579710145,0.23794866267843068,0.19320039072299403,0.3347720387437658,0.8481503579952268
2016-12-07,11.68,-0.09156719352549025,0.03515625,0.15024630541871922,0.20875120964716093,0.1313845883552934,0.28732520145658363,0.8881932021466905
2016-12-08,11.68,-0.10244531167267334,0.035290714492334396,0.12065469293163383,0.20780066418482696,0.12124869053626507,0.23868775034685275,0.7792014302741359
2016-12-09,11.84,-0.13046504076380483,0.041353383458646614,0.06907037358818419,0.2047649908053561,0.10506291595072896,0.1789790838818007,0.5780226325193567
2016-12-12,11.85,-0.10485405831603112,0.041775079502746455,0.11682107701215981,0.19458808348041956,0.11772807999844194,0.13372493311274466,0.14017857142857143
2016-12-13,11.39,-0.07605014611885252,0.02254335260115607,0.20014471780028945,0.1821918932598186,0.13495998788708805,0.13495998788708805,0.0
2016-12-14,11.31,-0.0321906872720521,0.019647500722334586,0.3794849537037037,0.186782661227251,0.19530503855109646,0.19530503855109646,0.0
2016-12-15,11.04,-0.05635293655113216,0.012276140958983247,0.2694532831935204,0.17782179515157573,0.15318373976802646,0.15318373976802646,0.0
2016-12-16,10.92,-0.08088765913910034,0.009240542881894312,0.18522267206477733,0.17576549284449663,0.12340956926372275,0.14491728309367513,0.18649613325401546
2016-12-19,11.28,-0.04929662151122738,0.018764434180138567,0.30138768430182133,0.179645270230883,0.16659912957094763,0.16659912957094763,0.0
2016-12-20,11.03,-0.03211694419367994,0.012554112554112554,0.38049132947976877,0.18699272868190556,0.1933460569052623,0.1933460569052623,0.0
2016-12-21,11.08,-0.020545608808891114,0.01341604154645124,0.43816815949147647,0.19625743083051322,0.21594721062281366,0.21594721062281366,0.0
2016-12-22,11.09,0.0045187605133265585,0.014277473319873089,0.5616695551704217,0.20709226282617363,0.2610130971054895,0.2610130971054895,0.0
2016-12-23,11.09,0.015447831045516391,0.01441753171856978,0.6149292520935605,0.21734268073491153,0.2822298215156806,0.2822298215156806,0.0
2016-12-26,11.37,0.007947061692531676,0.02363793600461228,0.5812644341801386,0.22577546637944484,0.27689261218806527,0.27689261218806527,0.0
2016-12-27,11.5,0.041728202103793244,0.029827089337175792,0.7202020202020202,0.22765365252224945,0.32589425402048183,0.32589425402048183,0.0
2016-12-28,11.22,0.012556218775412464,0.018870642466148085,0.5999711482977496,0.22287603590592497,0.2805726088899409,0.2853204787439316,0.04191438763376932
2016-12-29,11.51,0.037172421371515885,0.03038594470046083,0.7010383616959908,0.22092639189351707,0.3174502327633229,0.3174502327633229,0.0
2017-01-02,11.68,0.0518341760378056,0.03901526058162971,0.7567762399077278,0.21735902365396848,0.3377168413811087,0.3377168413811087,0.0
2017-01-03,11.24,-0.011499463296899659,0.019286125503742084,0.4873162294609398,0.2106925139004041,0.23909828962169533,0.30014644533530993,0.5106951871657754
2017-01-04,10.9,-0.053584246134106284,0.008920863309352519,0.2793948126801153,0.20935909306287703,0.16589158968411497,0.26814591246803654,0.7188242280285035
2017-01-05,11.12,-0.008952611272114108,0.016398158803222096,0.4979832901181216,0.21758356540044263,0.2439883381072621,0.2608290583115008,0.1510385756676558
2017-01-06,11.0,-0.045320949935420796,0.012223180903077365,0.31869239631336405,0.22195781964525446,0.18429113228723196,0.2341972382162826,0.4261565836298932
2017-01-09,11.13,-0.04823381211262756,0.017538815411155838,0.3059314713504175,0.22728398288812307,0.18358475654989878,0.20337082125004063,0.17634854771784234
2017-01-10,10.97,-0.02431457017840577,0.011353837309571716,0.41493955094991364,0.2339764136817375,0.22008993398040763,0.22008993398040763,0.0
2017-01-11,11.39,0.04397298822399298,0.027155172413793102,0.7267625899280575,0.2472571559802476,0.33372497277403274,0.33372497277403274,0.0
2017-01-12,12.03,0.07865824116415121,0.05486929043378339,0.8292577675489068,0.2593820210691639,0.3811696930172847,0.3811696930172847,0.0
2017-01-13,10.96,-0.0036429912785012064,0.011344055140723721,0.5209951107276388,0.2656472646120604,0.26599547682680763,0.27691296662968623,0.09093601895734597
2017-01-16,11.8,0.05845536618416558,0.04579385587137525,0.777889591719379,0.2813777704281625,0.36835373933963894,0.36835373933963894,0.0
2017-01-17,11.81,0.07378235592213178,0.04635476463834673,0.817045127910319,0.29495896477983014,0.38611961910949866,0.38611961910949866,0.0
2017-01-18,12.25,0.07279015953164514,0.06628407460545194,0.8153735632183908,0.30717426967457917,0.39627730249947396,0.39627730249947396,0.0
2017-01-19,12.56,0.043113631053464996,0.07888697647733792,0.7229244469979891,0.3159299502355141,0.37258045790361366,0.37258045790361366,0.0
2017-01-20,12.72,0.14892327639210645,0.08832807570977919,0.9372487076392878,0.3271706941069834,0.45091582581868345,0.45091582581868345,0.0
2017-01-23,12.91,0.08990267338693192,0.09977064220183486,0.8519954062589722,0.3352311757232004,0.4289990747280024,0.4289990747280024,0.0
2017-01-24,12.49,0.05598169392821539,0.0762396102034967,0.767939150401837,0.3412130854837149,0.39513061536301625,0.40878065526255797,0.1127886323268206
2017-01-25,12.12,-0.010668956349567882,0.06060171919770774,0.4890961262553802,0.33620480388156226,0.29530088311155006,0.3885853713849732,0.6718934911242603
2017-01-26,11.59,-0.08037450368839227,0.035663133772558,0.18459552495697074,0.326240225580703,0.18216629477007726,0.35050253875826587,0.9133648728562981
2017-01-31,12.53,-0.015049789003998892,0.07889461626575028,0.4673071408087181,0.32160966184765344,0.28927047297404057,0.31817346818933734,0.2621158392434988
2017-02-01,12.1,-0.06479675225585568,0.05997709705124535,0.2383887614678899,0.30917402079839784,0.20251329310584434,0.2728763118649057,0.5572947430596574
2017-02-02,12.21,-0.022673036014873027,0.06568402976531196,0.4234737747205503,0.3087379070364274,0.26596523717409654,0.26596523717409654,0.0
2017-02-03,11.93,-0.015800744531343724,0.05236051502145923,0.4643266475644699,0.3144471942013389,0.277044785595756,0.277044785595756,0.0
2017-02-06,11.96,0.03142509117082559,0.0533466819221968,0.6796046977943283,0.3199114424712185,0.35095427406258123,0.35095427406258123,0.0
2017-02-07,11.71,-0.06768259129835119,0.043894766943094084,0.22494272623138603,0.31835949037016936,0.1957323278482165,0.25844198355729897,0.5203659976387249
2017-02-08,11.31,-0.06751816247466635,0.02387078330474557,0.22545090180360722,0.3165057753288389,0.1886091534790639,0.25566115563194286,0.5436578171091445
2017-02-09,10.92,-0.11165931780585403,0.009574164046870535,0.10002862049227247,0.30858851023583034,0.13939709825832444,0.2303475278487884,0.6636202830188679
2017-02-10,10.39,-0.13821243099868852,0.0008571428571428571,0.05708154506437768,0.2911890333753221,0.11637590709894753,0.19821375214942671,0.6190335886859163
2017-02-13,10.49,-0.1311453261142801,0.001999428734647244,0.06736270022883295,0.2708199101498418,0.11339401303777401,0.15070169994446528,0.3295053003533569
2017-02-14,10.47,-0.11192915272718018,0.0015705311250713877,0.10022876751501286,0.2600564134691349,0.12061857070307304,0.13567894851543658,0.12683931724543848
2017-02-15,10.19,-0.10428044289339589,0.00014273479874393378,0.11878216123499143,0.2424374496802094,0.1204541152379816,0.12204794086722012,0.015
2017-02-16,10.14,-0.07410797215372211,0.00014269406392694063,0.20534438410974565,0.22598962932083455,0.14382556916483571,0.14382556916483571,0.0
2017-02-17,10.02,-0.036260709454417395,0.0001426533523537803,0.3595714285714286,0.2129410404233331,0.1908850407823718,0.1908850407823718,0.0
2017-02-20,10.17,-0.03098021234773718,0.000713063320022818,0.3851756640959726,0.20254297302184981,0.1961439001459484,0.1961439001459484,0.0
2017-02-21,10.0,-0.04592893188839975,0.00014257199885942402,0.3171045117075957,0.18483473053078447,0.16736060474574654,0.16736060474574654,0.0
2017-02-22,9.72,-0.047221228762285516,0.00014253135689851768,0.31044818726805595,0.16880534728488816,0.1597986886366142,0.17160276069510333,0.09670781893004116
2017-02-23,9.79,-0.035126541620618124,0.0004274722143060701,0.3645833333333333,0.1568261484084458,0.17394565131869508,0.1776267771258752,0.03437132784958872
2017-02-24,10.19,0.016823751577914603,0.0019943019943019944,0.6223965763195435,0.15869347422996477,0.2610281175146034,0.2610281175146034,0.0
2017-02-27,10.62,0.043296805753324286,0.005269154087154657,0.7246149458071877,0.17143411025908512,0.3004394033844758,0.3004394033844758,0.0
2017-02-28,10.64,0.06203539091945265,0.005552391799544419,0.7902765896777872,0.17767479086915666,0.32450125744882946,0.32450125744882946,0.0
2017-03-02,10.55,0.08194024144972767,0.004981497295758611,0.8373717217787914,0.19127447488304203,0.34454256465253064,0.34454256465253064,0.0
2017-03-03,10.97,0.11380281774472012,0.01593625498007968,0.896124251923625,0.2018470424434881,0.37130251644906426,0.37130251644906426,0.0
2017-03-06,11.28,0.10162439883527963,0.026600284495021338,0.8776353276353276,0.2115357536820986,0.37192378860414915,0.37192378860414915,0.0
2017-03-07,11.19,0.05228150651004082,0.024459613196814563,0.7583309598405013,0.21278173351511837,0.3318574355174781,0.3488255125344103,0.1541397533763946
2017-03-08,11.3,0.060182241804796366,0.028291157236280923,0.7854498861047836,0.22640432226928295,0.3467151218701158,0.3532682854186676,0.05663145539906103
2017-03-09,11.96,0.1254418886004105,0.059124502558271744,0.9096214062055223,0.24438992786066902,0.40437861220815435,0.40437861220815435,0.0
2017-03-10,10.67,-0.027728208973476942,0.00639386189258312,0.399402390438247,0.2517947645554612,0.21919700562876376,0.3348143927657322,0.7762463343108504
2017-03-13,10.7,-0.052787504602052504,0.006676136363636363,0.2840682788051209,0.2576149077366421,0.18278644096846644,0.2969869232385957,0.7699296600234466
2017-03-14,11.11,-0.007174918672295139,0.02172678216415791,0.5055460750853242,0.26906267594379213,0.2654451777310914,0.28370447168131835,0.16490919742237845
2017-03-15,11.38,0.007054702979889971,0.03307779670641681,0.5747796417401194,0.28171412943895346,0.2965238559618299,0.2965238559618299,0.0
2017-03-16,11.27,-0.05942342047080107,0.02739142776043145,0.25739056281978395,0.28586055680261546,0.19021418246094365,0.23083333255021904,0.36211943793911006
2017-03-17,11.25,0.05293206333676714,0.02709988649262202,0.7617220801364024,0.30044392901399924,0.3630886318810079,0.3630886318810079,0.0
2017-03-20,11.74,0.09275807293209004,0.05177304964539007,0.8572443181818182,0.3141765111615849,0.4077312929962644,0.4077312929962644,0.0
2017-03-21,12.64,0.12902078506717274,0.09359047078842882,0.9138028969042885,0.32971412716850296,0.4457024982870734,0.4457024982870734,0.0
2017-03-22,13.16,0.14532449719898644,0.12177487950099235,0.9356899488926746,0.3482195707856833,0.46856146639311674,0.46856146639311674,0.0
2017-03-23,12.75,0.12338694355275015,0.10034013605442177,0.9067556060175986,0.3656321963718599,0.4575759794812934,0.4575759794812934,0.0
2017-03-24,12.36,0.09409732337911558,0.08104278832530462,0.8599602724177071,0.3800320027517442,0.44034502116491864,0.44398325166453334,0.033060269163253365
2017-03-27,12.97,0.09963718392840226,0.11331444759206799,0.8727659574468085,0.3890742409198699,0.4583848819862488,0.4583848819862488,0.0
2017-03-28,12.25,-0.03134045172797517,0.07547436986689324,0.3818774815655133,0.38226093470832156,0.27987092871357605,0.42094765554783076,0.8476608187134503
2017-03-29,11.55,-0.1304964889293685,0.04077010192525481,0.06818826197901899,0.36508916926899515,0.15801584439108965,0.3588385311474253,0.9582115721800117
2017-03-30,11.2,-0.12961749330338623,0.025757146900651003,0.06901927437641724,0.3463997493240581,0.14705872353370877,0.2967350799579084,0.8712032710280374
2017-03-31,11.06,-0.11113045593535587,0.019100169779286927,0.1015868517993766,0.32661541219093204,0.14910081125653185,0.238486237976231,0.6558669001751314
2017-04-03,11.01,-0.16383504759376422,0.018104667609618104,0.037535410764872525,0.3054005238470356,0.12034686740717541,0.17087863506041634,0.4296966161026838
2017-04-04,10.94,-0.11310013999690094,0.014847285067873302,0.09728122344944774,0.28863397223403575,0.1335874935837856,0.14162194803445827,0.06618075801749271
2017-04-05,11.1,-0.03974032864951438,0.02205258693808312,0.3444224235560589,0.2774523214128627,0.21464244396900156,0.21464244396900156,0.0
2017-04-06,11.82,0.05387923367690339,0.05624646693046919,0.7637984715539202,0.27373479715587756,0.36459324521342235,0.36459324521342235,0.0
2017-04-07,12.63,0.1327399402682108,0.09522463972873693,0.9206281833616299,0.2889862114248659,0.43494634483841094,0.43494634483841094,0.0
2017-04-10,14.77,0.2937941458086999,0.2214689265536723,0.9902404526166902,0.3120103355249061,0.5079065715650896,0.5079065715650896,0.0
2017-04-11,16.68,0.4217845999367653,0.31361197401863883,0.9967477375565611,0.33158750688304905,0.5473157394860829,0.5473157394860829,0.0
2017-04-12,15.75,0.3498952569533538,0.26439864483342745,0.9936386768447837,0.3478420039638409,0.5352931085473506,0.5352931085473506,0.0
2017-04-13,14.53,0.2064224656042395,0.2043465989274626,0.9682023742227247,0.3700361785280902,0.5141950505594258,0.5141950505594258,0.0
2017-04-14,16.4,0.26120639846775306,0.2969808126410835,0.9843176038428935,0.382348089774464,0.5545488354194803,0.5545488354194803,0.0
2017-04-17,15.81,0.06804455467809234,0.2674188998589563,0.8032485875706215,0.38638934276452325,0.4856856100647004,0.527407668815408,0.3709207459207459
2017-04-18,15.38,-0.08114243285310252,0.24717992103778905,0.18314035583168597,0.3719625154939422,0.2674275974544724,0.4714300404090859,0.9595224228305184
2017-04-19,14.87,-0.057494604799578575,0.22469692698054694,0.2649632975719932,0.35776740039791405,0.28247587498348475,0.42086659369631274,0.8413853317811408
2017-04-20,13.3,-0.08845144235448332,0.13021420518602028,0.16186847304544172,0.33989207380190006,0.21065825067778735,0.36015923371998504,0.870564281559046
2017-04-21,12.89,-0.2408295178790567,0.11045364891518737,0.010863431151241535,0.3193999242849855,0.14690566811713812,0.2786306002595166,0.8270348837209303
2017-04-24,12.77,-0.21354398117693263,0.10366197183098591,0.017912552891396333,0.2977872772770731,0.13978726733315178,0.2094509317132069,0.5546194073213249
2017-04-25,12.02,-0.24649603497043637,0.06505209800056322,0.010575296108291032,0.2882441658439843,0.12129051998427953,0.18022351621916832,0.4962253193960511
2017-04-26,12.18,-0.1995504981903129,0.07418355855855856,0.022131378629828023,0.2879280801760872,0.12808100578815793,0.14934454238010292,0.1889146836912362
2017-04-27,11.82,-0.11797102324975617,0.05614973262032086,0.09005073280721533,0.28921368127984887,0.14513804890246168,0.14513804890246168,0.0
2017-04-28,12.27,-0.04929455822827622,0.07878446820483961,0.30135249366018596,0.2956999297870079,0.22527896388401114,0.22527896388401114,0.0
2017-05-02,13.18,0.03160185902991319,0.1271448663853727,0.6792957746478874,0.31446994385347715,0.37363686162891235,0.37363686162891235,0.0
2017-05-04,13.77,0.1359203836335019,0.15832395950506187,0.9226978315967334,0.338692275918089,0.47323802233996143,0.47323802233996143,0.0
2017-05-08,15.74,0.2564099807075064,0.26651672757942085,0.9818412162162162,0.3607393492506264,0.5363657643487545,0.5363657643487545,0.0
2017-05-10,16.15,0.3121270376907135,0.28569421023046654,0.9916971573318323,0.3721730099775741,0.549854792513291,0.549854792513291,0.0
2017-05-11,14.72,0.18204985457791034,0.22014610845743185,0.956809229037704,0.3762005728376933,0.5177186367776098,0.5177186367776098,0.0
2017-05-12,12.32,-0.06747657096898729,0.08146067415730338,0.2268635724331927,0.35361594452319667,0.22064673037123092,0.4595647892701695,0.9869489559164734
2017-05-15,12.89,-0.06604049578946736,0.11190676776186465,0.234392575928009,0.32951443532606356,0.22527125967197906,0.40997143673657305,0.94
2017-05-16,12.51,-0.22967691851043748,0.08997754070746772,0.013072814169243744,0.30063976115602603,0.1345633720109125,0.3296109582690046,0.9493047508690614
2017-05-17,12.83,-0.23013387104112049,0.10875666573112545,0.012788083192804946,0.27436465555036965,0.13196980149143336,0.24603396006463313,0.7663578459756804
2017-05-18,13.18,-0.11050658422636905,0.12808641975308643,0.10466423152570947,0.2481509614202401,0.16030053756634532,0.17455034022238022,0.12181712962962964
2017-05-19,12.88,0.04445176257083361,0.111781206171108,0.7257022471910113,0.2423213605685536,0.35993493797689097,0.35993493797689097,0.0
2017-05-22,12.79,-0.007788201360344971,0.10642176107683679,0.502808199943836,0.24679410267233357,0.28534135456433546,0.28534135456433546,0.0
2017-05-23,12.88,0.02914739619738782,0.112139052425007,0.6677428411005053,0.2540496443966579,0.3446438459740568,0.3446438459740568,0.0
2017-05-24,12.95,0.009309609518001416,0.11701233183856502,0.5841987089531294,0.2642778534606637,0.32182963141745274,0.32182963141745274,0.0
2017-05-25,13.56,0.028423753437888166,0.15004202857943402,0.6651234567901234,0.2816240635932419,0.36559651632093315,0.36559651632093315,0.0
2017-05-26,13.51,0.047754431295899735,0.146218487394958,0.7359046283309958,0.3006377783683312,0.3942536313647617,0.3942536313647617,0.0
2017-05-29,14.02,0.09182126601569296,0.1765611873424811,0.8531968592260235,0.3244910446798224,0.45141636374944233,0.45141636374944233,0.0
2017-05-30,13.6,0.05439407206579894,0.1518756998880179,0.7640874684608915,0.34498225045883546,0.42031513960258166,0.42031513960258166,0.0
2017-05-31,13.18,0.0176047409288147,0.1290232297788973,0.6214966367713004,0.360090235486902,0.3702033673456999,0.40035700367668375,0.272700983227299
2017-06-01,12.77,-0.06002561246780136,0.10478455512031337,0.25651442981227235,0.35961928606359106,0.24030609033205894,0.37529891847890895,0.8315028901734104
2017-06-02,12.68,-0.06340420296302751,0.09902097902097902,0.24523809523809523,0.34806474689423644,0.23077460705110356,0.34260311361617724,0.7541883304448296
2017-06-05,12.97,-0.0778458832780915,0.11898769574944072,0.19504340520862504,0.32888997964064315,0.2143070268662363,0.29518124623953607,0.6128752886836027
2017-06-07,12.89,-0.05361797579091032,0.11350293542074363,0.2798152295632699,0.3075139851703526,0.23361071671812206,0.2578403616626442,0.21898442008078475
2017-06-08,12.12,-0.08384354843319297,0.07098937954164337,0.17646235656311224,0.281765494383914,0.1764057434962232,0.21908083689274882,0.3728373702422145
2017-06-09,11.43,-0.11085719223772861,0.03632299525006985,0.10394515948517068,0.2558483148149166,0.1320388231833857,0.19742738346301417,0.5334293948126801
2017-06-12,12.09,-0.04764728438237853,0.06927374301675977,0.31034965034965034,0.2576307934843145,0.21241806228357488,0.21241806228357488,0.0
2017-06-13,11.54,-0.11681973724839922,0.041608489248813184,0.09242170022371364,0.2523240646288808,0.12878475136713588,0.17665161940968835,0.41215437788018433
2017-06-14,11.63,-0.10286385042052304,0.04662199888330541,0.12202963377131675,0.2539640965733286,0.14087190974265026,0.15810385801459398,0.1574553828439839
2017-06-15,11.71,-0.0344138030315424,0.052749092938878035,0.36906092789267747,0.2614707283710192,0.2277602497341916,0.2277602497341916,0.0
2017-06-16,11.46,0.0026212334798740855,0.03794642857142857,0.5528080469404861,0.2704208239768472,0.2870584331629206,0.2870584331629206,0.0
2017-06-19,11.74,-0.02937685022675085,0.05411436541143654,0.39539106145251396,0.26072137331439293,0.23674226672611445,0.23674226672611445,0.0
2017-06-20,11.71,0.014623916529672432,0.05312325711098717,0.6080703714046356,0.2620204650017667,0.3077380311724632,0.3077380311724632,0.0
2017-06-21,11.63,0.0,0.04697518817953722,0.538107202680067,0.257150477435119,0.28074428943157437,0.28074428943157437,0.0
2017-06-22,11.18,-0.04631670988267267,0.025780379041248608,0.31495953111917385,0.2481386991693372,0.19629286977658655,0.26171517805393185,0.5348101265822784
2017-06-23,11.31,-0.013175421158564404,0.03176372248537197,0.4780970982142857,0.2405060825525897,0.25012230108408245,0.2543279516381642,0.03996549741230592
2017-06-26,11.87,0.011012394221626032,0.06100278551532033,0.592887029288703,0.2348002500295414,0.2962300216111882,0.2962300216111882,0.0
2017-06-27,11.74,0.002558636790324531,0.055277081592871063,0.5522866703848299,0.22424539266477134,0.2772697148808241,0.2772697148808241,0.0
2017-06-28,11.98,0.029650626156730198,0.06625835189309577,0.6714524672428213,0.21978908393444657,0.3191666343567879,0.3191666343567879,0.0
2017-06-29,11.65,0.04117971228475659,0.04926245477317005,0.7166945373467113,0.22017501207368864,0.3287106680645233,0.3287106680645233,0.0
2017-06-30,12.0,0.05921935965997127,0.06789092932665554,0.7816940651992198,0.23238216231352085,0.3606557189464654,0.3606557189464654,0.0
2017-07-03,12.3,0.03558505375679566,0.08456189151599444,0.6945682451253482,0.24325393887307759,0.3407946918381401,0.3407946918381401,0.0
2017-07-04,14.03,0.1781960797144193,0.18256395995550612,0.955583402951824,0.2638568454218092,0.46733473610971304,0.46733473610971304,0.0
2017-07-05,13.18,0.09546193638705791,0.1344175701973867,0.8623329621380846,0.27894265460559564,0.425231062313689,0.425231062313689,0.0
2017-07-06,12.99,0.10887365067079857,0.1254863813229572,0.8865850264403006,0.29805814639705813,0.436709851386772,0.436709851386772,0.0
2017-07-07,12.97,0.07773234854035227,0.12364545707140873,0.8242904841402338,0.3182498410589682,0.4220619274235369,0.4220619274235369,0.0
2017-07-10,12.55,0.020121403199421017,0.09569444444444444,0.6343532684283727,0.32701044904662846,0.35235272063981515,0.4207380595747052,0.5502873563218391
2017-07-11,12.09,-0.14881922948766846,0.07289641766176062,0.04991657397107898,0.32673001910063626,0.14984767024449194,0.357240646401661,0.9646754738655945
2017-07-12,11.73,-0.11655086640897716,0.054969461410327596,0.09271615234917988,0.32620586862825834,0.1579638274625886,0.30378719943144095,0.863662456946039
2017-07-13,10.93,-0.17266852849406122,0.014432417429919511,0.03571428571428571,0.3169142856860746,0.1223536629434266,0.24091596174277186,0.7822719449225474
2017-07-14,10.43,-0.21795272931567178,0.0034683684794672587,0.016810225062517364,0.3026523886368263,0.10764366072627031,0.17803230840331855,0.5581995412844036
2017-07-17,10.78,-0.1520281000969419,0.008460471567267683,0.04847222222222222,0.2928380703099648,0.11659025469981822,0.13087981521531916,0.12177650429799428
2017-07-18,10.74,-0.11840357554598269,0.007348863006100943,0.08928075534573729,0.27872397005587024,0.1251178628025695,0.12593385372693464,0.006586483390607102
2017-07-19,10.62,-0.09941064685159118,0.005822012752980316,0.13062187673514714,0.2675080075215833,0.13465063233657026,0.13465063233657026,0.0
2017-07-20,10.39,-0.05066749707731111,0.003187361419068736,0.2946155981126839,0.26643458375586654,0.18807918109587307,0.18807918109587307,0.0
2017-07-21,9.82,-0.060265146646306444,0.0006927126627874758,0.25679800221975585,0.2601253311104387,0.17253868199766065,0.17253868199766065,0.0
2017-07-24,10.06,-0.06912540080925789,0.0015235457063711912,0.22399445214979197,0.24941603568674217,0.15831134451430176,0.15831134451430176,0.0
2017-07-25,10.36,-0.03602285224938173,0.0031847133757961785,0.3623128119800333,0.2433643800211954,0.2029539684590083,0.2029539684590083,0.0
2017-07-26,10.52,-0.009460808504229146,0.006229235880398671,0.4961186581646798,0.23748030689392446,0.24660940031300096,0.24660940031300096,0.0
2017-07-27,10.38,-0.0009629273733935406,0.0035981179075560477,0.5345066518847007,0.23178400133573382,0.25662959037599686,0.25662959037599686,0.0
2017-07-28,12.93,0.27512907041739165,0.12451577199778639,0.986007204211693,0.23830745087782396,0.4496101423624344,0.4496101423624344,0.0
2017-07-31,12.79,0.24009645091915788,0.11452282157676348,0.9782548476454294,0.24614863919234517,0.44630876947151266,0.44630876947151266,0.0
2017-08-01,11.66,0.11821194409100944,0.05282079646017699,0.8993353641650512,0.24149885913529262,0.3978850065868403,0.3978850065868403,0.0
2017-08-02,11.41,0.0812119565644207,0.03939729057229748,0.8331949058693244,0.2383949007379464,0.37032903239318943,0.38415250823799474,0.1159129937034917
2017-08-03,13.48,0.26132622774641856,0.15436705362078496,0.984085247716579,0.24155442307729907,0.46000224147155433,0.46000224147155433,0.0
2017-08-04,12.78,-0.011668743834377437,0.11411992263056092,0.4865799667957941,0.23287352178266688,0.27785780373634067,0.39047657073188746,0.7582951945080092
2017-08-07,12.62,-0.01338075847768394,0.1037292817679558,0.47621023513139693,0.22912081688333025,0.26968677792756096,0.35515217242309716,0.6383647798742138
2017-08-08,12.54,0.0727593542824283,0.09900579950289976,0.813191371681416,0.24885542137211716,0.38701753085214435,0.38701753085214435,0.0
2017-08-09,15.7,0.3191705484802778,0.27650469353948093,0.9921205418855406,0.276878911913755,0.5151680491129255,0.5151680491129255,0.0
2017-08-10,16.55,0.205178996338911,0.3214187137731162,0.9666943062465451,0.3078280698356414,0.5319803632851009,0.5319803632851009,0.0
2017-08-11,18.96,0.3944500478774873,0.4730960264900662,0.9962696877590494,0.3440552478533197,0.6044736540341451,0.6044736540341451,0.0
2017-08-14,16.75,0.28311540115800815,0.33241379310344826,0.9863259668508287,0.37560042450743936,0.5647800614872388,0.5647800614872388,0.0
2017-08-16,14.09,0.11654179070581439,0.19111969111969113,0.895747031206849,0.4003563521068069,0.49574102481111565,0.5424286305461051,0.4037142857142857
2017-08-17,12.19,-0.25304476886108196,0.08257513096222774,0.00842076200993926,0.3992201521939079,0.1634053483886916,0.4720760904012584,0.999143346659052
2017-08-18,13.1,-0.2337738716159663,0.134922822491731,0.012558653049958598,0.3954621150941563,0.18098119687861527,0.4018762571199613,0.97574200913242
2017-08-21,13.41,-0.34633079953328894,0.15210801873794433,0.002345474613686534,0.3928861845558835,0.18244655930250478,0.3174708381736332,0.8314318311466058
2017-08-22,12.65,-0.2807410430975459,0.10619834710743802,0.005655172413793103,0.39004457259751024,0.16729936403958046,0.2379746986841016,0.5612884834663626
2017-08-23,12.61,-0.11097517593376072,0.10341503717984027,0.10548814120242692,0.3861297139231712,0.19834429743514614,0.19834429743514614,0.0
2017-08-24,12.17,-0.001642036493744392,0.08136013215859031,0.5308795147504825,0.388877007744771,0.33370555155128123,0.33370555155128123,0.0
2017-08-25,12.18,-0.07281696792535497,0.08202587393338838,0.21099779492833518,0.3827499802215077,0.22525788302774374,0.22525788302774374,0.0
2017-08-28,13.05,-0.027212563524884548,0.13304898183819483,0.4038302562689446,0.3684088867689492,0.30176270829202956,0.30176270829202956,0.0
2017-08-29,13.72,0.08119740712420986,0.17111416781292985,0.8320936639118457,0.3661696408315137,0.4564591575187631,0.4564591575187631,0.0
2017-08-30,12.94,0.025833139095926327,0.12747524752475248,0.6525750481960892,0.3618669942089041,0.38063909664324863,0.38063909664324863,0.0
2017-08-31,13.64,0.11403274541588004,0.16785812482815507,0.8933094713656388,0.3665813792027084,0.4759163251321674,0.4759163251321674,0.0
2017-09-01,13.36,0.09246990582674908,0.15021990104452995,0.8534269199009084,0.36321124219291023,0.4556193543794495,0.4556193543794495,0.0
2017-09-04,15.23,0.15447903313836786,0.25845012366034625,0.9409741331865713,0.3781793513784243,0.5258678694084473,0.5258678694084473,0.0
2017-09-05,16.12,0.1612061147807431,0.3,0.9456671251719395,0.394822541585239,0.5468298889190595,0.5468298889190595,0.0
2017-09-06,16.29,0.2302281335411993,0.30870639934084043,0.9729097909790979,0.40405801706362954,0.5618914024611893,0.5618914024611893,0.0
2017-09-07,14.66,0.07211604404318939,0.23091707852828117,0.809595820731372,0.39835520865949536,0.4796227026397162,0.5139662435615724,0.30512820512820515
2017-09-08,14.99,0.1151181440060065,0.2496568762009333,0.8937603078614623,0.3947378127605637,0.5127183322743197,0.5253860391405464,0.104498861047836
2017-09-11,13.89,-0.09209801014081798,0.18180570801317233,0.15045342126957956,0.3663101481364046,0.23285642580638552,0.4667837504201341,0.9826408651109846
2017-09-12,13.46,-0.18033841286190055,0.15569272976680384,0.0320054945054945,0.3380341097443551,0.17524411133888448,0.3924665949040991,0.9718430034129693
2017-09-13,13.4,-0.19529671565708817,0.15277015907844213,0.025954408129634714,0.3153305558663936,0.16468504102482348,0.3130253226168259,0.8655486071631608
2017-09-14,11.53,-0.24017036217753773,0.04469426926240746,0.011943986820428337,0.3144716149441603,0.12370329034233203,0.24184144015734904,0.7775568181818182
2017-09-15,11.12,-0.29863802329207,0.025904605263157895,0.0042547351084271205,0.31153856156490767,0.11389930064549757,0.16207763383158463,0.412549687677456
2017-09-18,11.34,-0.20283285846664612,0.03535215127432173,0.022914379802414928,0.30913388750803533,0.122466806194924,0.1399997099092923,0.16146424517593644
2017-09-19,11.34,-0.17138602591697571,0.03547945205479452,0.03854595336076817,0.3081881846553936,0.1274045300236521,0.13043179364624582,0.025241066364152014
2017-09-20,11.69,-0.13652093147288857,0.05628594905505341,0.06321996708721887,0.3059532530993937,0.14181972308055532,0.14181972308055532,0.0
2017-09-21,11.56,0.0025985289632637354,0.04750821467688938,0.5518234165067178,0.30563055270625705,0.3016540612966214,0.3016540612966214,0.0
2017-09-22,12.32,0.10247866928293758,0.09102107856556255,0.8754111842105263,0.3224657675541162,0.42963267677673506,0.42963267677673506,0.0
2017-09-25,12.36,0.08612915372993868,0.0937328954570334,0.8428336530556316,0.33245795031425435,0.4230081662756398,0.4230081662756398,0.0
2017-09-26,12.65,0.10932091687392331,0.10861833105335157,0.8845205479452055,0.3322062264960989,0.441781701831552,0.441781701831552,0.0
2017-09-27,12.37,0.056540410920419504,0.09436542669584246,0.7659545330046562,0.3342129680955903,0.3981776425986963,0.3988508497558489,0.005952380952380952
2017-09-28,12.65,0.09010635192929817,0.10896910035548264,0.8481653888280394,0.3316121404203335,0.4295822098679518,0.4295822098679518,0.0
2017-09-29,13.41,0.08477673918821305,0.15623291416074359,0.838899534629072,0.33139928111644296,0.44217724330208613,0.44217724330208613,0.0
2017-10-10,13.86,0.11454154173221243,0.18365673681333697,0.8936781609195402,0.328347047138592,0.46856064829048966,0.46856064829048966,0.0
2017-10-11,13.2,0.04255961441879563,0.1448087431693989,0.7169630642954856,0.3187496641959156,0.3935071572202667,0.4264009802558982,0.29603399433427763
2017-10-12,12.18,-0.015478924122645843,0.08317399617590822,0.4648522975929978,0.3004099167821398,0.28281207018368193,0.40332786577289526,0.7879388448471121
2017-10-13,11.46,-0.098794503886936,0.041916985253959586,0.1333059885151764,0.2787776686448768,0.1513335474713376,0.3476781332935724,0.9493491794001132
2017-10-16,11.92,-0.11778303565638337,0.06838656838656838,0.09294696555494805,0.25422557739185486,0.13851970377779044,0.2869466253887133,0.8656674208144797
2017-10-17,12.0,-0.14410034397375693,0.07273471615720524,0.054523093741459416,0.24910054440725266,0.1254527847686391,0.21832505268434316,0.6690220463538722
2017-10-18,12.08,-0.08866563708565645,0.07708049113233288,0.16489071038251366,0.2504573688383164,0.16414285678438764,0.17245219259716735,0.07203389830508475
2017-10-19,12.4,0.017901210329240413,0.09656301145662848,0.6220977874897569,0.2639557746317741,0.32753885785938647,0.32753885785938647,0.0
2017-10-20,11.93,0.04019352482323102,0.06940278156531224,0.7093118514472966,0.2820076840550184,0.35357410568920905,0.35357410568920905,0.0
2017-10-23,12.23,0.025674288061877437,0.08751363140676117,0.650969150969151,0.2997157701051266,0.34606618416034624,0.34606618416034624,0.0
2017-10-24,12.29,0.023879273789943145,0.09048787135459253,0.6469705240174672,0.31669556671250965,0.3513846540281898,0.3513846540281898,0.0
2017-10-25,12.37,0.023722993897727918,0.09632152588555859,0.6459754433833561,0.3334023558088435,0.35856644169258606,0.35856644169258606,0.0
2017-10-26,12.57,0.013616549991164906,0.10528466357940616,0.6013366066557556,0.3480802396611657,0.3515671699654425,0.35223171110715473,0.005928853754940711
2017-10-27,12.21,0.023199052012788712,0.08660130718954248,0.6439869102808835,0.3513616543183362,0.36064995726292076,0.36064995726292076,0.0
2017-10-30,12.39,0.012997745941969896,0.09746800980125238,0.5977371864776445,0.3445809776559064,0.3465953913116011,0.35375272285214804,0.06179458239277652
2017-10-31,12.06,-0.018891732278904172,0.07634730538922156,0.44685200327064595,0.33424679665958645,0.285815368439818,0.34063886573447366,0.4565707839819515
2017-11-01,12.69,0.025540095321899603,0.11551020408163265,0.6513623978201635,0.32859013973216744,0.36515424721132117,0.36515424721132117,0.0
2017-11-02,12.99,0.03286680808035225,0.13764961915125137,0.6816943612094797,0.32756574024867324,0.3823032402031348,0.3823032402031348,0.0
2017-11-03,13.09,0.06959329179919527,0.14141963557247755,0.8043300653594772,0.32728112054238406,0.42434360715811287,0.42434360715811287,0.0
2017-11-06,13.79,0.10705399616415967,0.18284393692224035,0.8811598148652328,0.3290029031173255,0.46433555163493284,0.46433555163493284,0.0
2017-11-07,13.92,0.14343246360723416,0.19189997281870072,0.9304572672836146,0.33012846167656146,0.4841619005929589,0.4841619005929589,0.0
2017-11-08,13.22,0.040916552697244146,0.14972826086956523,0.7119727891156462,0.33012669273956957,0.39727591424159364,0.4304840427661466,0.29847801578354
2017-11-09,11.97,-0.0817763111126264,0.07104047813094268,0.18430359085963002,0.3228096371201113,0.19271790203689468,0.39256697513289857,0.9529577464788732
2017-11-10,11.11,-0.16400297627026994,0.024986420423682782,0.040930106064726676,0.32007697593809314,0.1286645008088342,0.33343115386304284,0.959740990990991
2017-11-13,11.81,-0.15499706159593973,0.06272060819983709,0.04907558455682436,0.31883854240847176,0.14354491172171105,0.2692730258803985,0.80106921778278
2017-11-14,11.64,-0.17887921260298167,0.05238870792616721,0.033840717586300625,0.31781283279881684,0.13468075277042824,0.19937679631589236,0.5295275590551181
2017-11-15,12.03,-0.09432730443695281,0.07557666214382633,0.14605978260869565,0.3173044638797587,0.17964696954409357,0.17964696954409357,0.0
2017-11-16,11.33,-0.05494944452996675,0.03513293543136191,0.2766911165444173,0.3071335452054936,0.20631919906042429,0.20631919906042429,0.0
2017-11-17,11.29,0.016071774510031833,0.03295362082994304,0.614204236827811,0.3038446258216222,0.3170008278264587,0.3170008278264587,0.0
2017-11-20,11.79,-0.0016949156599914694,0.06263557483731019,0.5282378495791474,0.3001543918726358,0.29700927209636446,0.29700927209636446,0.0
2017-11-21,11.53,-0.009495108022324228,0.046218487394957986,0.49334961997828447,0.29520713467266535,0.2782584140153026,0.2782584140153026,0.0
2017-11-22,11.47,-0.047668598845308274,0.04349593495934959,0.31058344640434193,0.2855016949750348,0.2131936921129088,0.2623562810222918,0.4196177627880832
2017-11-23,11.5,0.014892960329289107,0.04551612029260363,0.6081117742810634,0.28417686058349745,0.31260158505238816,0.31260158505238816,0.0
2017-11-24,11.49,0.017559713699093926,0.04509750812567714,0.6201518850013561,0.28254338997491263,0.3159309277006486,0.3159309277006486,0.0
2017-11-27,12.43,0.0528611909733403,0.10316815597075549,0.7574566160520607,0.28667887936851055,0.38243455046377556,0.38243455046377556,0.0
2017-11-28,12.0,0.03995431550703277,0.07552788305360043,0.7087286527514232,0.2932053100471395,0.35915394861738775,0.35915394861738775,0.0
2017-11-29,12.23,0.06415701855780176,0.09106901217861976,0.7922764227642276,0.29611713087316577,0.39315418860533774,0.39315418860533774,0.0
2017-11-30,13.2,0.13786979422312085,0.15219155844155843,0.9229206177187754,0.30251133576815586,0.4592078373094966,0.4592078373094966,0.0
2017-12-01,13.26,0.1432748928970522,0.1553962672437111,0.9302546045503792,0.30600886503970925,0.46388657894459984,0.46388657894459984,0.0
2017-12-04,13.23,0.062374072604244546,0.15400216333153055,0.7867587327376117,0.302927793646751,0.4145628965719644,0.4179930900097572,0.030056179775280897
2017-12-05,12.98,0.07850306148794362,0.14030819140308193,0.8244450460205739,0.2989876935797845,0.4212469770011468,0.43041169568650905,0.08001122964626614
2017-12-06,13.58,0.10470617243146885,0.1760810810810811,0.8772665764546684,0.30377885876854793,0.4523755054347658,0.4523755054347658,0.0
2017-12-07,13.66,0.034255024550319035,0.18089705485004054,0.6854707792207793,0.3190544528955541,0.39514076232212464,0.42944254405492027,0.30667789001122336
2017-12-08,13.04,-0.016730428259209784,0.1423554835224203,0.45699215580200164,0.33239023071645446,0.31057929001362544,0.39878108626872544,0.6491867638810993
2017-12-11,12.46,-0.059963464767557095,0.10396975425330812,0.2583829096809086,0.3386541424958933,0.23366893547670334,0.3626022940496732,0.8136210762331838
2017-12-12,12.16,-0.06525783473792313,0.08639308855291576,0.23884833738848338,0.3446294425066166,0.2232902894826719,0.3230109565459782,0.7033613445378152
2017-12-13,11.18,-0.1944716544035967,0.028609986504723347,0.02662162162162162,0.34046932159096216,0.13190030990576904,0.25891591744017883,0.8065509518477044
2017-12-14,11.76,-0.1497679116721633,0.06300593631948193,0.05255336395568765,0.3355627027984469,0.15037400102453882,0.20996256518066173,0.4983212087297146
2017-12-15,11.06,-0.16468656040431773,0.02185055300782304,0.04119394921663965,0.32095986891261463,0.12800145704569243,0.1734469985870751,0.3940156599552573
2017-12-18,11.4,-0.08891015795885737,0.040453074433656956,0.1643262219821766,0.311307515712599,0.1720289373761442,0.1720289373761442,0.0
2017-12-19,11.75,-0.03429863594785276,0.06308978161229442,0.36865550755939525,0.30861194525756025,0.24678574480975,0.24678574480975,0.0
2017-12-20,11.87,0.05988774089462323,0.06940700808625337,0.7807017543859649,0.32101267978527337,0.39037381408583055,0.39037381408583055,0.0
2017-12-21,12.72,0.07847161544149506,0.12220425761250336,0.8244738262277388,0.32833893451693774,0.4250056727857266,0.4250056727857266,0.0
2017-12-22,11.92,0.07488266554301459,0.07192887931034483,0.8140005395198273,0.3338559351595162,0.4065951179965628,0.4065951179965628,0.0
2017-12-26,12.93,0.1259368373833163,0.1380285483436574,0.9076321467098166,0.3384818332352827,0.46138084276291896,0.46138084276291896,0.0
2017-12-27,12.9,0.0933740707774584,0.13570274636510501,0.8545430035049879,0.34363156358690944,0.4446257711523341,0.4446257711523341,0.0
2017-12-28,12.06,0.015879982677462934,0.08102288021534321,0.6111859838274932,0.3388531493144092,0.34368733778574856,0.41625894849665823,0.5687534935718278
2018-01-02,12.66,-0.004728141195945668,0.11840688912809473,0.5129345189975748,0.32775888011354254,0.3197000960797374,0.3951978331554603,0.5879888268156425
2018-01-03,12.64,0.0586487270815077,0.11689534570890503,0.7733028017241379,0.32287256200451636,0.4043569031458531,0.4043569031458531,0.0
2018-01-04,12.22,-0.056476239040316845,0.09238838084991931,0.27080527875033666,0.3084333810927942,0.22387568023101675,0.34724915767893794,0.7936906756002233
2018-01-05,11.92,-0.0790096497304229,0.07192793761763915,0.194264943457189,0.2909693721840735,0.1857207510863005,0.29546815366573126,0.7435825892857143
2018-01-08,12.31,0.02051774889732272,0.09825268817204301,0.6327052489905788,0.2829096291747453,0.33795585544578904,0.33795585544578904,0.0
2018-01-09,12.03,-0.05104388672944271,0.07927976350443429,0.29319160387513454,0.27056221750746406,0.21434452829567763,0.2732507436409274,0.4927495817066369
2018-01-10,12.12,-0.04200940807754305,0.08610961848468565,0.33400591875168145,0.26608141495526266,0.22873231739720992,0.2381258264911988,0.08333333333333333
2018-01-11,11.19,-0.08805343141961552,0.029411764705882353,0.16769768692845616,0.2619503346477657,0.1530199287607014,0.2239546761971357,0.5618384401114206
2018-01-12,11.0,-0.08032238883883291,0.020139634801288938,0.18889486421080937,0.25904516147453316,0.1560265534955438,0.21801583667898433,0.5130846325167038
2018-01-15,11.78,-0.04400876197292147,0.0646979865771812,0.3272849462365591,0.2674639445917181,0.21981562580181946,0.21981562580181946,0.0
2018-01-16,11.81,-0.018456899777316682,0.06642512077294686,0.4489384574039237,0.27745905153926065,0.26427420990537703,0.26427420990537703,0.0
2018-01-17,12.21,0.007398307481444988,0.09350684196404616,0.5740193444384739,0.29257109364371203,0.3200324266820774,0.3200324266820774,0.0
2018-01-18,12.53,0.11310524658414334,0.11185622317596566,0.8913510609723342,0.3125317933370237,0.4385796924951078,0.4385796924951078,0.0
2018-01-19,12.67,0.14134172153467706,0.12188254223652453,0.9279001074113856,0.3279827273489292,0.45925512566561305,0.45925512566561305,0.0
2018-01-22,13.09,0.10544540169836791,0.15134048257372654,0.8785234899328859,0.33247660759978903,0.45411352670213373,0.45411352670213373,0.0
2018-01-23,12.75,0.07658464139516408,0.1282497989815063,0.8176328502415459,0.3324567217343593,0.42611312365247045,0.42611312365247045,0.0
2018-01-24,12.76,0.044059989794030585,0.1290192926045016,0.7216259726321438,0.33157461789452114,0.3940732943770555,0.43442695257847613,0.3564273789649416
2018-01-25,12.48,-0.00399840596669554,0.10889365121885883,0.5159603004291845,0.3210544493093853,0.3153028003191429,0.40977157414328313,0.6771412680756396
2018-01-26,12.52,-0.01190962866109535,0.11181039100160686,0.4831053901850362,0.3111712000922991,0.30202899375964737,0.37832634776209,0.5922734852695942
2018-01-29,13.42,0.024897551621727132,0.17255689424364123,0.6489276139410187,0.3144030911958447,0.37862919979350157,0.37862919979350157,0.0
2018-01-30,14.23,0.10982114049732594,0.22149357601713063,0.8856874832484588,0.3262990824743427,0.4778267139133107,0.4778267139133107,0.0
2018-01-31,14.54,0.13058819418872947,0.24177147444474179,0.9133172561629154,0.33292134705370807,0.4960033592204551,0.4960033592204551,0.0
2018-02-01,13.98,0.11350037386438272,0.20759764579989298,0.8913742298419501,0.3513158024547477,0.4834292260321969,0.4834292260321969,0.0
2018-02-02,14.34,0.1357254694995218,0.22987429794062583,0.9213979646491698,0.3734427869926219,0.5082383498608057,0.5082383498608057,0.0
2018-02-05,16.24,0.19073120318999637,0.3236631016042781,0.9605087014725568,0.3872731336404772,0.5571483122391041,0.5571483122391041,0.0
2018-02-06,22.61,0.46303987418811765,0.6701416733493718,0.9977248394004282,0.41965801227473304,0.6958415083415109,0.6958415083415109,0.0
2018-02-07,23.04,0.4603283637223172,0.6858631747728487,0.9974578538934975,0.4512381495604825,0.7115197260756095,0.7115197260756095,0.0
2018-02-08,18.21,0.26434315693385235,0.43962062516697836,0.9835473515248796,0.48188961268692043,0.6350191964595928,0.6350191964595928,0.0
2018-02-09,23.73,0.5036872352761979,0.7135416666666666,0.9977266648836587,0.5194454585003762,0.7435712633502338,0.7435712633502338,0.0
2018-02-12,21.67,0.2884514808147358,0.6311081441922564,0.9875668449197861,0.5501127599078337,0.7229292496732921,0.7229292496732921,0.0
2018-02-13,20.14,-0.11568439899946226,0.557794981313401,0.09582999198075381,0.5535692947857658,0.4023980893599735,0.6430875049837403,0.9869444444444444
2018-02-14,18.52,-0.2183806066096574,0.4623698959167334,0.016969535008017102,0.5488646258988216,0.3427346856078574,0.56933049689019,0.9786229872293171
2018-02-19,16.66,-0.08896025700081989,0.34725186766275346,0.16310446166176865,0.5365433520282272,0.34896656045091645,0.5121199696884547,0.9014983351831298
2018-02-20,17.1,-0.32766160693905766,0.36796479061082954,0.0030715811965811965,0.5195746950822147,0.2968703556298751,0.4227797881443829,0.8011647254575707
2018-02-21,16.56,-0.2689386665911542,0.3424,0.007343124165554072,0.5025716738736883,0.2841049326797474,0.335014924745674,0.4276607538802661
2018-02-22,16.85,-0.17835723049204555,0.3579045587843242,0.035371062466631076,0.4887564981743858,0.2940107064751137,0.313337448168702,0.17534626038781165
2018-02-23,15.49,-0.1786565747892559,0.2891791044776119,0.03482786228983187,0.4755905407126558,0.2665325024933665,0.29809701154580387,0.2810077519379845
2018-02-26,15.11,-0.09765386045404867,0.27271516120436984,0.13647278548559233,0.47019889058870373,0.29312894575955534,0.29312894575955534,0.0
2018-02-27,14.53,-0.1628629859264228,0.2406766116142781,0.044145105361429716,0.46244653898343036,0.24908941865304604,0.2773733012121658,0.25539568345323743
2018-02-28,15.55,-0.06292951033187055,0.29254327563249,0.2492,0.4554530081696261,0.33239876126737206,0.33239876126737206,0.0
2018-03-02,17.39,0.03154467156782115,0.38964323748668794,0.6754198880298588,0.45440005982590004,0.5064877284474822,0.5064877284474822,0.0
2018-03-05,18.69,0.18779396703869455,0.4749800372637743,0.9580223880597015,0.46134790219379546,0.6314501091724237,0.6314501091724237,0.0
2018-03-06,16.67,0.09825392047805481,0.3487227248536456,0.8642419397815081,0.46419772191862824,0.5590541288512606,0.5590541288512606,0.0
2018-03-07,17.6,0.19168342446191478,0.40130353817504655,0.9596430474160895,0.4694395799936618,0.6101287218615993,0.6101287218615993,0.0
2018-03-08,15.49,-0.003865984196465888,0.2892287234042553,0.5165113182423435,0.4574787859579058,0.4210729425348349,0.5456387261735202,0.7972898230088495
2018-03-09,14.8,-0.16126814759612262,0.2591066205796331,0.04512779552715655,0.4233879835418306,0.2425407998828734,0.4928493404605983,0.9908789386401327
2018-03-12,15.13,-0.2113090936672073,0.27352472089314195,0.021426670215597552,0.3886787426028905,0.22787671123720998,0.4121346608735556,0.9345303867403315
2018-03-13,15.05,-0.10223270556781783,0.2697315971299495,0.1265300691857371,0.3630060848434862,0.2530892503863909,0.35094168518058166,0.6921590281612369
2018-03-14,15.16,-0.14923852182988062,0.27484059511158343,0.05466879489225858,0.3284621113048241,0.21932383376955536,0.2727807075621729,0.4467439293598234
2018-03-15,15.52,0.0019348603262954178,0.29229747675962814,0.544281914893617,0.30890972136835415,0.38182970434053304,0.38182970434053304,0.0
2018-03-16,15.52,0.047502333985003364,0.29235262878385554,0.7313214570592927,0.318160949182079,0.4472783450084091,0.4472783450084091,0.0
2018-03-19,16.3,0.07448558001245242,0.32824528802760816,0.81113769271664,0.3346620379275664,0.49134833955727153,0.49134833955727153,0.0
2018-03-20,16.47,0.09016255299466369,0.3381104033970276,0.8462662769067234,0.3515125467020471,0.5119630756685994,0.5119630756685994,0.0
2018-03-21,16.73,0.09854313478450694,0.3534093924117803,0.86490435706695,0.3726944811438301,0.5303360768741868,0.5303360768741868,0.0
2018-03-22,16.24,0.04534781997845938,0.32413793103448274,0.7233731739707835,0.39013868066482293,0.47921659522336313,0.49202848646636593,0.107280750137893
2018-03-23,20.21,0.2640480166604573,0.5633784142137364,0.9828730748805098,0.41896307736090527,0.6550715221517172,0.6550715221517172,0.0
2018-03-26,19.29,0.16842171910492088,0.5123276776246023,0.9486328643482878,0.4473869167410413,0.6361158195713105,0.6361158195713105,0.0
2018-03-27,18.16,0.09768082898359864,0.4387755102040816,0.8618630573248408,0.4696731822620154,0.5901039165969792,0.5901039165969792,0.0
2018-03-28,19.81,0.16898334571172668,0.5423953365129836,0.9486601220482886,0.4998290258016545,0.6636281614543089,0.6636281614543089,0.0
2018-03-29,18.94,0.15379875302440027,0.4909933774834437,0.9385941644562334,0.5220251324593341,0.6505375581330037,0.6505375581330037,0.0
2018-03-30,17.54,-0.14169354447149285,0.3992319915254237,0.05873773534871387,0.5068477974932739,0.32160584145580384,0.5723982594422813,0.99090407938258
2018-04-02,18.3,-0.05268576707026229,0.44903362456976437,0.2877783669141039,0.4894430366472838,0.4087516760437173,0.5269254307367626,0.774931129476584
2018-04-03,18.61,0.02447769748101214,0.47181048173636847,0.6452425125894513,0.4870452448895504,0.53469941307179,0.53469941307179,0.0
2018-04-04,18.86,-0.049143583505148136,0.48729822704419157,0.3043190249072602,0.47281201154855823,0.42147642116667,0.467414181974197,0.39454845814977973
2018-04-05,17.03,-0.10629959308333525,0.3667989417989418,0.11827814569536424,0.464795437694751,0.316624175063019,0.4006315053602,0.6287837094111173
2018-04-06,17.35,-0.01089148055116862,0.387595874107379,0.4858315677966102,0.47902526333968093,0.4508175684145567,0.4508175684145567,0.0
2018-04-09,16.5,-0.10354067894084062,0.33923849814912743,0.1253640455387874,0.4832665421541603,0.3159563619473584,0.4079147879326788,0.6630913091309131
2018-04-10,15.11,-0.20834229436951146,0.27147766323024053,0.02263102170460561,0.4807127176196394,0.25827380085149515,0.3526296654886199,0.6737218251786696
2018-04-11,15.65,-0.18657236021914914,0.29466173361522197,0.030034400635088648,0.4805923862258011,0.2684295068253706,0.3220202826203599,0.446978021978022
2018-04-12,15.24,-0.11105294441609681,0.2767503302509908,0.1085978835978836,0.46931160678069184,0.28488660687652206,0.31567276898306057,0.2742998352553542
2018-04-13,13.81,-0.22819953897166778,0.1930797675647121,0.014943136736313145,0.44892032724213865,0.21898107718105464,0.26930547073636013,0.4239846322722283
2018-04-16,13.91,-0.17075237497118323,0.20081858991285978,0.04058699101004759,0.42647089224660517,0.2226254910565042,0.25063929655818934,0.2526055951727921
2018-04-17,13.35,-0.12384039143838965,0.16525871172122492,0.084456780333069,0.40310436254036874,0.21760661819822089,0.2425058600275345,0.22231359649122806
2018-04-18,12.92,-0.19169441863170622,0.14001055687516495,0.027880549682875264,0.3768437964673515,0.18157830100846392,0.22513561886415312,0.37397260273972605
2018-04-19,12.6,-0.19022673630106812,0.11517150395778364,0.02892998678996037,0.35425855611091345,0.16612001561955247,0.20138230061275922,0.3102409638554217
2018-04-20,12.91,-0.06739076256264953,0.13940912687945134,0.23256735340729,0.3249016808907258,0.23229272039248905,0.23229272039248905,0.0
2018-04-23,13.58,-0.024009883804801735,0.1819620253164557,0.41708476366517033,0.3033538370659442,0.3008002086825234,0.3008002086825234,0.0
2018-04-24,14.3,0.06874315241960316,0.2256788821513314,0.7987064413938754,0.29644750596635133,0.44027760983718606,0.44027760983718606,0.0
2018-04-25,14.86,0.13989654093515735,0.26014760147601473,0.9241224597519134,0.28877787103301766,0.49101597742031533,0.49101597742031533,0.0
2018-04-26,14.57,0.14526780624968127,0.24255599472990777,0.9317941952506597,0.28239693723403997,0.4855823757382025,0.4855823757382025,0.0
2018-04-27,14.05,0.08462019092120387,0.21008956796628028,0.8357953046689528,0.2970948158780674,0.4476598961711001,0.4476598961711001,0.0
2018-04-30,13.59,0.0007361060325026259,0.18211746115354227,0.5386339662447257,0.29669330177592734,0.3391482430580652,0.4407368204449738,0.710727969348659
2018-05-02,13.63,-0.04798629155742029,0.1850974196945761,0.31096757184286844,0.28116860170621794,0.25907786441455416,0.40449687136044743,0.8591356673960613
2018-05-03,13.66,-0.08420118514696906,0.18715451434588048,0.18068002108592515,0.27057403379322686,0.21280285640834418,0.3488542471580532,0.8351558228540186
2018-05-04,13.31,-0.09044898780009314,0.16355263157894737,0.1619235836627141,0.2665840119869107,0.19735340907619073,0.29120845382565086,0.6707650273224044
2018-05-08,13.39,-0.048114236076673755,0.16863983162325705,0.3107218124341412,0.2567323670407459,0.24536467036604806,0.25074940866464046,0.04833424358274167
2018-05-09,12.73,-0.06537281559373742,0.12532877432930037,0.24137476955491177,0.25428489204565335,0.20699614530995514,0.22431898911501844,0.15966157205240175
2018-05-10,11.95,-0.1315419673309215,0.07349460951880095,0.07385466034755134,0.250615906668941,0.13265505884509776,0.1990344280011272,0.5376432078559739
2018-05-11,11.25,-0.19410372549221488,0.03128286014721346,0.027770465912082126,0.24397483646416568,0.10100938750782042,0.17667573422102242,0.5880588876772083
2018-05-14,11.71,-0.12807245479739437,0.060183968462549274,0.08013157894736841,0.23784901980319173,0.12605485573770314,0.1624160235533249,0.3190735694822888
2018-05-15,12.8,-0.045062988777509805,0.13229111928533893,0.3253091291765325,0.24408845340721289,0.23389623395636142,0.23389623395636142,0.0
2018-05-16,12.69,-0.003147130843018875,0.12345679012345678,0.5219621251972646,0.2541887867671583,0.2998692340292932,0.2998692340292932,0.0
2018-05-17,13.09,0.09111730154428876,0.15178571428571427,0.8473573494609519,0.2729244760594675,0.4240225132687112,0.4240225132687112,0.0
2018-05-18,12.69,0.12044615307586692,0.12352323444473615,0.8994479495268138,0.2943014779948053,0.4390908873221185,0.4390908873221185,0.0
2018-05-21,12.94,0.0998801114631287,0.14330708661417324,0.8674113009198423,0.31596690041446207,0.4422284293161592,0.4422284293161592,0.0
2018-05-23,12.82,0.0015612805669524832,0.13369194437155602,0.5426957435627956,0.3235771806056523,0.33332162284666794,0.38770653735659,0.45179738562091504
2018-05-24,12.84,0.011751016535519021,0.1354931794333683,0.5911478854741266,0.3267670375037991,0.35113603413709793,0.39795989737815096,0.4009254218835057
2018-05-25,12.5,-0.046119935613552876,0.1087070548124836,0.32024684873949577,0.3118812520039683,0.24694505185198257,0.36254440509480523,0.7690424374319913
2018-05-28,12.55,-0.011093616148503127,0.11221814368117462,0.48608558676818064,0.29723209373450404,0.2985119413946198,0.3344286159093055,0.31674823273518216
2018-05-29,12.93,-0.0007730962889884729,0.14338138925294888,0.5324146981627297,0.2847682411703818,0.32018810952868676,0.32018810952868676,0.0
2018-05-30,15.52,0.1911230632625487,0.29703878406708595,0.9597218577801102,0.29004013540068085,0.5156002590826256,0.5156002590826256,0.0
2018-05-31,14.55,0.1250256953556863,0.24561173696620384,0.9046432318992654,0.3007777239373609,0.4836775642676101,0.4836775642676101,0.0
2018-06-01,13.18,0.05297188476610559,0.15950759559979047,0.7541306058221873,0.31121705418447426,0.4082850852021507,0.4082850852021507,0.0
2018-06-04,12.67,0.009516328755254655,0.12123592563498298,0.5806240167802832,0.31956768935906077,0.34047587725810896,0.4136453790678364,0.5703804347826087
2018-06-05,12.51,-0.033021868304946356,0.10968586387434555,0.37732634338138926,0.32360608915941264,0.27020609880504914,0.4036489769231089,0.8275393807713199
2018-06-07,12.35,-0.22847345168108646,0.10128238680973567,0.01480607966457023,0.31452425971983533,0.1435375753980471,0.3292364401861932,0.9372964169381107
2018-06-08,12.96,-0.11572330269337261,0.14612768184196756,0.0994236311239193,0.31149545394687717,0.185682255637588,0.26963737846018876,0.6280520889853499
2018-06-11,13.25,0.005297023357869968,0.16466126078995552,0.5603719224724987,0.3259375517817797,0.350323578348078,0.350323578348078,0.0
2018-06-12,12.81,0.010989121575595284,0.1342834728033473,0.5879811468970935,0.34251783412280834,0.3549274846077497,0.3549274846077497,0.0
2018-06-14,13.18,0.052172204595541505,0.16065359477124183,0.749607329842932,0.3617664685529147,0.4240091310556962,0.4240091310556962,0.0
2018-06-15,13.65,0.10008345855698275,0.19145321484579195,0.867704789322167,0.3768054124455669,0.4786544722045086,0.4786544722045086,0.0
2018-06-18,15.09,0.15216458185562853,0.277632610399791,0.9370748299319728,0.391037625570843,0.5352483553008689,0.5352483553008689,0.0
2018-06-19,16.74,0.23380351262909782,0.3610240334378265,0.9737117447031127,0.3994274434306998,0.5780544071905463,0.5780544071905463,0.0
2018-06-20,15.38,0.18284184816885496,0.2901540872290415,0.9556746861924686,0.40499888316694876,0.5502758855294863,0.5502758855294863,0.0
2018-06-21,15.85,0.18446897124892825,0.3138381201044386,0.9564705882352941,0.4114886411870917,0.5605991165089415,0.5605991165089415,0.0
2018-06-22,15.17,0.10558027172947204,0.28125815713912816,0.8751960271824359,0.42349030359677203,0.5266481626394454,0.5501651854338577,0.21122559652928416
2018-06-25,15.48,0.025516595381823493,0.29592901878914407,0.6481578259733473,0.428926448093147,0.4576710976185461,0.5346497338973931,0.5937669376693767
2018-06-26,15.74,-0.061595822072071815,0.30876597965040437,0.2545715778474399,0.4322860394417936,0.3318745323132126,0.48541375892192634,0.8794691224268689
2018-06-27,16.08,0.04450829967332215,0.32472613458528954,0.7204230869678767,0.4434571767193888,0.4962021327575184,0.4962021327575184,0.0
2018-06-28,16.7,0.05223921909942009,0.35984354628422427,0.7492167101827676,0.4542887809456717,0.5211163458042212,0.5211163458042212,0.0
2018-06-29,16.04,0.055765809077927386,0.3237747653806048,0.7597233098407726,0.4499572167800262,0.5111517640004678,0.5111517640004678,0.0
2018-07-02,18.34,0.16953559866673773,0.4593432369038311,0.948982254697286,0.4564089798484174,0.6215781571498449,0.6215781571498449,0.0
2018-07-03,17.76,0.12074349457476696,0.4197498697238145,0.8986433602921993,0.46652785556326826,0.5949736951930941,0.5949736951930941,0.0
2018-07-04,17.49,0.08405302527969027,0.4037509768168794,0.8324204486176318,0.4798856426387495,0.5720190226910868,0.5720190226910868,0.0
2018-07-05,17.34,0.03760725192968639,0.39544270833333334,0.6950456323337679,0.4949725459740336,0.5284869622137117,0.565641920249641,0.32512181916621546
2018-07-06,16.28,0.014851758136026127,0.334548294714918,0.6038842544316997,0.5155311480408414,0.48465456572915305,0.5603424805953782,0.5879329004329005
2018-07-09,14.81,-0.21378183854861144,0.26405517959396146,0.020458691686213188,0.5165052119986987,0.2670063610929578,0.48942812138400066,0.9753921038399135
2018-07-10,13.89,-0.24577958079777185,0.2047879260994015,0.011594580510682647,0.5037889450823894,0.24005715056415786,0.41844481245821347,0.9251351351351351
2018-07-11,14.83,-0.1649771328806695,0.2645681581685744,0.04363115394634019,0.4934373123927512,0.2672122081692219,0.3574834495538405,0.6555915721231766
2018-07-12,14.11,-0.2061322054876733,0.21833550065019505,0.023828125,0.4767348799186517,0.23963283518961562,0.2997126241490212,0.49811015118790497
2018-07-13,13.06,-0.22038323672610938,0.1517160686427457,0.01783389742254621,0.454494678966085,0.20801488167712565,0.24438468733861574,0.31759309228278465
2018-07-16,13.57,-0.08744115443292966,0.18546919677670912,0.1734773555439875,0.43310065676580833,0.2640157363621683,0.2640157363621683,0.0
2018-07-17,13.8,-0.0065005646030931175,0.1988045738045738,0.504423627374447,0.4173129673417605,0.37351372284026046,0.37351372284026046,0.0
2018-07-18,14.0,-0.05759482653458248,0.2131722525331255,0.26990114464099896,0.3982440829355758,0.2937724933699001,0.2937724933699001,0.0
2018-07-19,14.27,0.01127566562402249,0.2292207792207792,0.5884265279583876,0.38692754790656164,0.4015249516952428,0.4015249516952428,0.0
2018-07-20,13.93,0.06449066394342928,0.20903661386652816,0.7877015080603225,0.3829346463466938,0.4598909227578481,0.4598909227578481,0.0
2018-07-23,14.66,0.07726122261172774,0.2558411214953271,0.8150506888484533,0.38610477048622605,0.4856655269433355,0.4856655269433355,0.0
2018-07-24,14.09,0.02079673374742974,0.21814170776018688,0.6303274428274428,0.39323306031347066,0.4139007369670334,0.4139007369670334,0.0
2018-07-25,13.89,-0.007888172849006114,0.20511157239231967,0.4971421148350221,0.38466067195532505,0.3623047863942223,0.42465738495153643,0.5126752966558792
2018-07-26,13.17,-0.08021791573355541,0.15862516212710764,0.19233766233766234,0.3657082361552695,0.23889035354001317,0.3921304653204905,0.8768194070080862
2018-07-27,12.67,-0.09480779345866663,0.12072095435684647,0.1476239937678525,0.3453294079778525,0.2045581187008505,0.34106390450909096,0.8353987068965517
2018-07-30,13.2,-0.1049058668661802,0.1617837697692507,0.12370197300103843,0.31725841425708184,0.2009147190091237,0.2841137429222486,0.6233171782444803
2018-07-31,13.05,-0.07667719214188651,0.15085536547433903,0.20360757851025174,0.2931601571062962,0.2158743670302957,0.24450846893490108,0.2559203444564047
2018-08-01,12.51,-0.1046408322874326,0.1089660533817051,0.12545407368967307,0.26811637464721794,0.16751216723953202,0.20554994510396302,0.33162990855298546
2018-08-02,13.47,0.022523474667083043,0.17849740932642488,0.6377431906614786,0.261260181130238,0.35916692703938047,0.35916692703938047,0.0
2018-08-03,12.4,-0.02154052172205656,0.1032116032116032,0.4303682572614108,0.2511388639133979,0.26157290812880396,0.26157290812880396,0.0
2018-08-06,12.49,-0.05528850545483888,0.10732780942516831,0.27858439201451907,0.2536738221673857,0.21319534120235772,0.24346434212807394,0.26801075268817204
2018-08-07,12.04,-0.08055369388802758,0.07908361377168004,0.1916796267496112,0.2550333405151659,0.17526552701215237,0.23534257412444531,0.49785061794734015
2018-08-08,12.02,-0.0399563953717581,0.07725155279503106,0.34685151593677116,0.2579309344305881,0.22734466772079678,0.2473090742206983,0.17910848549946295
2018-08-09,11.44,-0.16334900447062095,0.04087968952134541,0.04572538860103627,0.25404197074239276,0.11354901628825814,0.1981854920704738,0.6331186258722491
2018-08-10,12.14,-0.021190686979638773,0.08678220382824625,0.4329189329189329,0.2627957500094399,0.26083229558553966,0.26083229558553966,0.0
2018-08-13,14.21,0.129017617971523,0.22717869149211276,0.9087260486794407,0.2822197047057114,0.4727081482924216,0.4727081482924216,0.0
2018-08-14,13.13,0.08666524843403023,0.1578335056876939,0.8404090085425835,0.2895950625319928,0.42927919225409,0.42927919225409,0.0
2018-08-16,14.32,0.17508523242543816,0.23610752132333937,0.952251552795031,0.3072272044555989,0.49852875952465653,0.49852875952465653,0.0
2018-08-17,13.79,0.1868277058535588,0.2007751937984496,0.9576972833117723,0.31574783370387527,0.49140677027136576,0.49140677027136576,0.0
2018-08-20,13.64,0.11650086678396354,0.19245672952725393,0.8927832384893947,0.31796037985612025,0.4677334492909229,0.4719312639266914,0.039967811158798286
2018-08-21,12.43,-0.13383303658638956,0.10627582644628099,0.0717610550814585,0.2956390066357192,0.15789196272115288,0.40896802681243766,0.9911528150134048
2018-08-22,12.29,-0.06611376473676156,0.09643687064291247,0.23901240951396072,0.28281350987495035,0.20608759667727453,0.3643297076970745,0.8930868167202572
2018-08-23,12.01,-0.17591752544060757,0.07692307692307693,0.038640475575084,0.2681462565067208,0.1279032696682939,0.290204609725802,0.8985002678093198
2018-08-24,11.61,-0.17207689609541044,0.051483870967741936,0.041472868217054266,0.26169610437472146,0.11821761451983921,0.21556677857549666,0.6870985010706638
2018-08-27,11.74,-0.15000483801536557,0.06140350877192982,0.056445362955308706,0.2579337024647849,0.1252608580640078,0.14707226033011367,0.19074371321562333
2018-08-28,11.66,-0.06394872460027345,0.0553262832086665,0.24883780991735538,0.2584006612236783,0.18752158478323336,0.18752158478323336,0.0
2018-08-29,11.38,-0.07692849487975861,0.038164002062919034,0.20410534469403563,0.25559582129298736,0.16595505601664734,0.16595505601664734,0.0
2018-08-30,11.43,-0.04949815828517279,0.04060324825986079,0.304981930820857,0.2583749475932208,0.2013200422246462,0.2013200422246462,0.0
2018-08-31,11.64,0.0025806465934916645,0.053994845360824745,0.5485161290322581,0.2530317069533503,0.2851808937821444,0.2851808937821444,0.0
2018-09-03,11.99,0.0210711546394724,0.07678433393455295,0.6327399380804953,0.2574303172419012,0.3223181964189832,0.3223181964189832,0.0
2018-09-04,11.63,-0.002576214391773135,0.05306543019062339,0.5232138251225175,0.26218949358873755,0.2794895829672928,0.2794895829672928,0.0
2018-09-05,12.6,0.10183938525924718,0.11898016997167139,0.8704228984012378,0.2801554892850279,0.42318618588597906,0.42318618588597906,0.0
2018-09-06,12.44,0.08467560950431396,0.10903707518022657,0.8346223253415829,0.29314439757977817,0.4122679327005292,0.4122679327005292,0.0
2018-09-07,12.72,0.0887281156086841,0.12972972972972974,0.8416237113402062,0.315263106653467,0.4288721825744677,0.4288721825744677,0.0
2018-09-10,12.56,0.04644419200062977,0.11618630983015955,0.7254573563514558,0.3233116698893279,0.38831844535698107,0.38831844535698107,0.0
2018-09-11,12.29,0.055197957047370405,0.09853357344996141,0.7587583719732097,0.31634635002061834,0.3912127651479298,0.40877150233317733,0.1606951871657754
2018-09-12,12.01,-0.04795717786553988,0.07883230452674897,0.3125160958022148,0.30117399717308546,0.23084079916734976,0.37030242498945154,0.8393907001603421
2018-09-13,11.51,-0.0777008645772419,0.04628439187451787,0.2022399588053553,0.2776781290871231,0.17540082658899872,0.3229290037671454,0.8624465811965812
2018-09-14,10.66,-0.17667713917427763,0.007712082262210797,0.03822393822393822,0.24986471767152127,0.09860024605255675,0.2568746164627632,0.8929524826481581
2018-09-17,11.56,-0.08296629779582121,0.04960164482138268,0.18592382913021102,0.22862185531989487,0.15471577642382953,0.21015408267613292,0.4586446104589114
2018-09-18,11.62,-0.05605817215417819,0.053057553956834536,0.27643426807306404,0.23240822883244888,0.18730001695411583,0.18730001695411583,0.0
2018-09-19,11.42,-0.050373431864028095,0.04045723092730542,0.3005401234567901,0.23254693068812943,0.19118142835740834,0.19118142835740834,0.0
2018-09-20,10.97,-0.04805194844665239,0.018361581920903956,0.3125482129082026,0.23793058674640305,0.1896134605251699,0.1896134605251699,0.0
2018-09-21,11.09,0.0395453826245773,0.023234916559691912,0.7037275064267352,0.2537807288414438,0.3269143839426236,0.3269143839426236,0.0
2018-09-27,11.35,-0.01833311931681969,0.036704312114989736,0.449627345155487,0.26299279848002477,0.2497748185835005,0.2497748185835005,0.0
2018-09-28,11.24,-0.03324890695822047,0.030664613805491403,0.3767985611510791,0.26557527552578847,0.22434615016078632,0.2363660483138977,0.09786666666666667
2018-10-01,11.6,0.01563889388445494,0.05323242688558235,0.6091703056768559,0.2760786101709256,0.31282711424445464,0.31282711424445464,0.0
2018-10-02,11.81,0.07378235592213178,0.06873557322390357,0.807909604519774,0.2893551101374996,0.388666762627059,0.388666762627059,0.0
2018-10-04,12.93,0.15350639142149047,0.15064102564102563,0.9385109114249037,0.30152113420432075,0.46355769042341666,0.46355769042341666,0.0
2018-10-05,13.06,0.14033637992087344,0.1594462958215842,0.9238963039014374,0.3108665923970201,0.4647363973733472,0.4647363973733472,0.0
2018-10-08,14.01,0.22029251588337084,0.2229625832906202,0.9711316397228638,0.32631196658952866,0.5068020632010042,0.5068020632010042,0.0
2018-10-10,14.72,0.23820201518841122,0.2703048936715347,0.9757567983581323,0.3327284321809476,0.5262633747368716,0.5262633747368716,0.0
2018-10-11,19.49,0.5009548833101984,0.5398309426229508,0.9975634778148244,0.34757180767884677,0.628322076038874,0.628322076038874,0.0
2018-10-12,17.18,0.28419572377234337,0.3933418693982074,0.986025641025641,0.3577721594126945,0.5790465566121811,0.5790465566121811,0.0
2018-10-15,18.4,0.3427965407666549,0.47452636968766,0.9924378364521917,0.3734051729116505,0.6134564596838341,0.6134564596838341,0.0
2018-10-16,18.05,0.25337432442997443,0.4470181725108779,0.9791132752434649,0.38762616046992976,0.6045858694080909,0.6045858694080909,0.0
2018-10-17,16.08,0.08836915045008986,0.3348259979529171,0.8402510889059698,0.4072193776331779,0.5274321548306883,0.5905686233147336,0.5162579957356077
2018-10-18,16.4,-0.17262017868931645,0.3517523663341008,0.04136782786885246,0.4108342737212549,0.2679848226414027,0.5185011726352393,0.9901438465636654
2018-10-19,15.96,-0.07366032453444671,0.33005115089514064,0.21357234314980794,0.4232764605602249,0.3222999848683912,0.4671518582864815,0.8559637912673056
2018-10-22,16.24,-0.12487332988140798,0.34223983635898747,0.08512544802867383,0.4280724558211266,0.2851459134029293,0.4014897490303005,0.7671633847791378
2018-10-23,19.04,0.05339634458432929,0.5152096114519428,0.753647299718454,0.45155658304963897,0.5734711647400119,0.5734711647400119,0.0
2018-10-24,18.93,0.16317170147041127,0.5079223102478917,0.9440890481064483,0.4793319331488951,0.6437810971677451,0.6437810971677451,0.0
2018-10-25,20.68,0.2318857148100757,0.604496678589678,0.9719877206446662,0.510471298259026,0.6956518991644568,0.6956518991644568,0.0
2018-10-26,22.42,0.3398678256223513,0.6762452107279694,0.9921994884910486,0.5340083551648408,0.7341510181279528,0.7341510181279528,0.0
2018-10-29,23.03,0.349320379099062,0.6990551583248212,0.9927128611608285,0.5641442642202201,0.7519707612352899,0.7519707612352899,0.0
2018-10-30,21.91,0.14040112424415563,0.6554761296910901,0.9220347648261759,0.5933954572092375,0.7236354505755012,0.7236354505755012,0.0
2018-10-31,20.49,0.07918899702957694,0.5949464012251149,0.8189368770764119,0.6121824708527147,0.6753552497180806,0.7161528757642562,0.3571808510638298
2018-11-01,19.7,-0.04854841389628595,0.5515437611635622,0.3090189064895248,0.61178040810045,0.490781025251179,0.6751787009816007,0.9348750664540139
2018-11-02,18.11,-0.21348914574869182,0.4514030612244898,0.0210727969348659,0.5963635061277855,0.35627978809571376,0.5996044549751529,0.9864505844845909
2018-11-05,19.73,-0.15465739379806998,0.5536852843662331,0.05426455566905005,0.5844786871355921,0.39747617572362515,0.5287055378728199,0.8159851301115242
2018-11-06,19.89,-0.09672606074149437,0.5627231004589495,0.14309420474853204,0.572271764190442,0.42602968979930783,0.46918438571758125,0.36969214437367304
2018-11-07,19.25,-0.06242590151701499,0.5260005098139179,0.25382848392036755,0.5606159467330576,0.446814980155781,0.446814980155781,0.0
2018-11-08,16.6,-0.17121594038144483,0.3640417940876656,0.04223016075529472,0.5323378850931872,0.31286994664538254,0.38789411608396207,0.5790450928381963
2018-11-09,15.79,-0.1370874436277716,0.32,0.06798469387755102,0.5075533146795297,0.29851266951902694,0.3763406923686247,0.5967656415694592
2018-11-12,16.69,-0.16733058236078024,0.36907794192562404,0.044503953073195615,0.48121875690100396,0.2982668839666079,0.35649883401722127,0.4803921568627451
2018-11-13,18.62,-0.06598082101695946,0.48917748917748916,0.24107598164201938,0.46382180747763313,0.39802509276571385,0.39802509276571385,0.0
2018-11-14,18.94,-0.016234972975861073,0.5078920570264766,0.46023451440224317,0.4586480445918789,0.4755915386735328,0.4755915386735328,0.0
2018-11-15,18.32,0.09859066388348658,0.4666581827437007,0.8612385321100917,0.48201745760814985,0.6033047241539807,0.6033047241539807,0.0
2018-11-16,18.15,0.139293732443309,0.4544529262086514,0.9198726114649681,0.5027850086988667,0.6257035154574955,0.6257035154574955,0.0
2018-11-19,17.72,0.0598842075031909,0.42699058763673364,0.7736882322975038,0.5221178470875311,0.5742655556739229,0.5742655556739229,0.0
2018-11-20,18.55,-0.0037664827954770885,0.48474059003051884,0.516042780748663,0.5154160085777507,0.5053997931189774,0.5568530254155819,0.428760593220339
2018-11-21,18.91,-0.0015852050875659884,0.5063564708873634,0.5271130346232179,0.5049524622566567,0.5128073225890794,0.5642961821986912,0.42906299629433564
2018-11-22,18.41,0.004900635999002034,0.4755973563802745,0.5567574446424026,0.491349222301365,0.5079013411080141,0.5452155055894978,0.3251322751322751
2018-11-23,18.48,0.018018505502678472,0.47979669631512073,0.6184478371501272,0.4770942181575208,0.5251129172075896,0.5251129172075896,0.0
2018-11-26,17.82,0.005627476865728731,0.4322916666666667,0.5607987789366573,0.45962727881046267,0.48423924147126224,0.5070921230989847,0.2017451084082496
2018-11-27,17.46,-0.06055723864198814,0.4109728219456439,0.26004577822990843,0.4369649714519198,0.36932785720915734,0.4798777359170205,0.74392177589852
2018-11-28,17.54,-0.07520689572632921,0.41620111731843573,0.20963640986524282,0.41726382767397363,0.3477004516192174,0.44685636172304816,0.6975699947173798
2018-11-29,17.99,-0.023077947282544642,0.443005839045443,0.4210726995424504,0.41735172444734375,0.42714342101174574,0.4307047777037944,0.031414994720168954
2018-11-30,18.57,0.004858309151076323,0.4866751269035533,0.5566709021601016,0.4316234787199512,0.49165650259453536,0.49165650259453536,0.0
2018-12-03,16.62,-0.06971463261536126,0.3637401674701852,0.22548272357723578,0.4311553049952547,0.34012606534755857,0.3951908595564429,0.454089709762533
2018-12-04,16.75,-0.041514292140380604,0.3715119228817859,0.340487680975362,0.43130986246149633,0.3811031554395481,0.397545919202521,0.14372362869198313
2018-12-05,17.1,-0.025405523435422683,0.38701496322597007,0.41074149314372776,0.4317580490273817,0.40983816846569315,0.40997346257181616,0.0013178703215603585
2018-12-06,18.96,0.052515448864434155,0.5109026369168357,0.7487941101802488,0.45309366883373475,0.5709301386436064,0.5709301386436064,0.0
2018-12-07,18.15,-0.022876814653754796,0.45487959442332065,0.4234771573604061,0.4653529702813891,0.4479032406883719,0.4479032406883719,0.0
2018-12-10,19.82,0.17608473947453973,0.5615813482007096,0.950647043897488,0.49281913270887356,0.6683491749356903,0.6683491749356903,0.0
2018-12-11,18.62,0.10583801357784584,0.4906257917405625,0.8735413495687468,0.5086669744711185,0.624278038593476,0.624278038593476,0.0
2018-12-12,17.25,0.008733679968754515,0.39703647416413373,0.5765914278468172,0.5088045077356743,0.4941441365822084,0.5611209458886706,0.5376712328767124
2018-12-13,15.87,-0.17790096228855834,0.32236009116231956,0.037398580121703856,0.48460105664643016,0.28145324264348454,0.5032255666886463,0.9728804634017905
2018-12-14,17.65,-0.027934777331553917,0.42253164556962025,0.40012674271229404,0.47080937791163757,0.4311559220645173,0.49987610296387536,0.5460526315789473
2018-12-17,17.44,-0.12792511042100818,0.41002277904328016,0.0824885960466295,0.4531051917905294,0.3152055222934797,0.4292473724354332,0.759863229879011
2018-12-18,17.98,-0.034976242805446756,0.44268724696356276,0.36825437040790476,0.4483591479553365,0.4197669217756013,0.4197669217756013,0.0
2018-12-19,17.85,0.03419136474827944,0.4346066278775613,0.6809777102330293,0.4504120187703367,0.5219987856269758,0.5219987856269758,0.0
2018-12-20,18.57,0.15711684082629684,0.4876074860900354,0.9393517346163586,0.4602771292624296,0.6290787833229411,0.6290787833229411,0.0
2018-12-21,18.67,0.056182174174325805,0.49481668773704174,0.7586075949367088,0.4641566229926422,0.5725269685554643,0.5725269685554643,0.0
2018-12-24,19.49,0.11113509503863561,0.5434782608695652,0.8831941280688433,0.4749961715760193,0.6338895201714759,0.6338895201714759,0.0
2018-12-26,21.74,0.1898938526495888,0.6528936062673742,0.9578694331983806,0.49848978255827436,0.7030842740080097,0.7030842740080097,0.0
2018-12-27,19.26,0.07602689814433106,0.53044466902476,0.8098912218568176,0.5163522416507219,0.6188960441774332,0.6314951180470648,0.10331230283911672
2018-12-28,18.99,0.022365149459580014,0.5137661025511493,0.6356853818917552,0.5234865652970971,0.5576460165800006,0.6172085646984767,0.4931686810299527
2019-01-02,19.74,0.055729076451703996,0.5577020202020202,0.7571428571428571,0.5302740365041277,0.6150396379496684,0.6257110985773175,0.08849789915966387
2019-01-03,19.25,-0.012390452785675965,0.529159303206261,0.47762891809908997,0.5407131697605759,0.5158337970219756,0.6020999539474176,0.6380577427821522
2019-01-04,17.96,-0.19100681881900972,0.4409389197375063,0.02944149608289108,0.5346726900596572,0.33501770196001823,0.5284866395378193,0.9435991605456453
2019-01-07,16.67,-0.14441970960727657,0.3646227605349483,0.060510358767054066,0.5253571066329649,0.31683007531165575,0.4680734457646637,0.8707393812270582
2019-01-08,16.13,-0.16323163268707708,0.33350151362260344,0.04736044455670624,0.5033862369100205,0.29474939836311004,0.4154941221212856,0.784853249475891
2019-01-09,15.45,-0.24503803066158092,0.30050441361916774,0.01148989898989899,0.48922717593065396,0.2670738295132402,0.345900960434,0.6011000523834469
2019-01-10,15.01,-0.24879441508842293,0.2811396873424105,0.01047715223428427,0.45871188711761635,0.25010957556477037,0.2927561161425589,0.36518324607329844
2019-01-11,14.67,-0.202342470719163,0.2617847239727754,0.025113579000504795,0.43178016615921566,0.23955948971083196,0.27366447369272173,0.29748822605965464
2019-01-14,14.97,-0.10756249833116582,0.2789818548387097,0.11973252586424427,0.41740732812651576,0.2720405696098232,0.2720405696098232,0.0
2019-01-15,15.06,-0.06863866976536981,0.28269085411942557,0.2307013118062563,0.42124816549255717,0.31154677713941303,0.31154677713941303,0.0
2019-01-16,14.62,-0.05521854902212198,0.25806045340050376,0.28058007566204285,0.414147719012073,0.3175960826915399,0.3175960826915399,0.0
2019-01-17,14.98,-0.002000667556297131,0.27965248048350544,0.5248361069087242,0.4219471493196309,0.40881191223728686,0.40881191223728686,0.0
2019-01-18,14.32,-0.024147430622390775,0.23841893252769386,0.4158053945046635,0.41802921706115326,0.3574178480311702,0.3574178480311702,0.0
2019-01-21,14.64,-0.02229068989837124,0.25962748552730935,0.42653729838709675,0.40729372820624865,0.36448617070688494,0.36448617070688494,0.0
2019-01-22,14.93,-0.008669610820648543,0.27793155510820333,0.4952128999748047,0.39094835906566394,0.3880309380495573,0.3880309380495573,0.0
2019-01-23,14.8,0.012236726448436652,0.2711949685534591,0.5928211586901764,0.38121315517991106,0.4150764274745155,0.4150764274745155,0.0
2019-01-24,14.03,-0.0655180839747036,0.22007042253521128,0.24263409720473433,0.35711395844994953,0.2732728260632984,0.3596568420650853,0.6378138075313807
2019-01-25,14.42,0.006958970324303149,0.24490822227809908,0.5691087613293051,0.33719530705349077,0.3837374302202983,0.3837374302202983,0.0
2019-01-28,14.94,0.020284671171505675,0.2791603821015586,0.6293732695695947,0.3264002510732301,0.41164463424812786,0.41164463424812786,0.0
2019-01-29,15.18,0.016606160416384963,0.2900226187484293,0.6138651233014595,0.3202611575134048,0.40804963318776455,0.40804963318776455,0.0
2019-01-30,16.99,0.13799775491377142,0.38379396984924624,0.9181132075471699,0.31993771501469326,0.5406149641370365,0.5406149641370365,0.0
2019-01-31,15.51,0.10028708307407763,0.3068324541572469,0.8648138832997988,0.3240591679184856,0.4985685017918438,0.4985685017918438,0.0
2019-02-01,14.86,0.03005690743281031,0.2731039678553491,0.6659542368619562,0.3357761126409083,0.4249447724527378,0.4567645011635021,0.2794040773653947
2019-02-07,14.75,-0.012799096918842512,0.2688927943760984,0.47649572649572647,0.3437824976801539,0.363057006183993,0.4470469755506752,0.6272204806687566
2019-02-08,14.83,-0.02332661581764306,0.27221385542168675,0.41982910278964564,0.35156202268095443,0.3478683269640956,0.43501071430594135,0.6415143603133159
2019-02-11,14.87,-0.133279175211777,0.2744040150564617,0.075,0.3524972652421393,0.23396709343286703,0.37368114016510745,0.8384655532359081
2019-02-12,14.88,-0.04146694778350124,0.27496236828901155,0.340241145440844,0.3605869320959683,0.32526348194194127,0.33902013619512694,0.11450182576943141
2019-02-13,15.77,0.05943636168533395,0.31928768497617255,0.7736062280261176,0.3807368223466936,0.4912102451163279,0.4912102451163279,0.0
2019-02-14,13.76,-0.06947725028063134,0.2007271815446339,0.2270901330655285,0.3814643956943738,0.26976057010151205,0.33361394351134877,0.5205943691345151
2019-02-15,14.24,-0.04059725016601101,0.23276510403609926,0.34475401606425704,0.3830675695487406,0.3201955632163656,0.3280793907618028,0.06435643564356436
2019-02-18,14.29,-0.03978576853028759,0.2362155388471178,0.349435382685069,0.38424282936048165,0.3232979169642228,0.34594555546807393,0.19817708333333334
2019-02-19,15.15,0.017982502550432322,0.2904034076672513,0.6192925238334169,0.3868730129631926,0.4321896481546203,0.4321896481546203,0.0
2019-02-20,14.64,-0.07435189244178142,0.2597695390781563,0.2110609480812641,0.3822881669663692,0.2843728847085965,0.32596331662906347,0.3610098906819365
2019-02-21,14.53,0.05444964507699401,0.2516904583020286,0.7561434302908726,0.39032989458333156,0.4660545943920776,0.4660545943920776,0.0
2019-02-22,14.2,-0.002812941376614919,0.22884326489734602,0.5218099774379543,0.38976761426463885,0.3801402855333131,0.3801402855333131,0.0
2019-02-25,14.59,0.02077637059291826,0.25544430538172713,0.6309523809523809,0.3903271282419007,0.42557460485866955,0.42557460485866955,0.0
2019-02-26,14.63,-0.03492631692334536,0.25988488488488487,0.3684540215484841,0.39446798790923626,0.3409356314475351,0.3794156001880384,0.3363683662851197
2019-02-27,14.54,-0.006854036427792476,0.25268951713785337,0.5031312625250501,0.39301308281062375,0.3829446208245091,0.3991299474112209,0.14170566822672906
2019-02-28,15.49,0.0639791768465856,0.3076538269134567,0.7849987478086652,0.39761605588689797,0.4967562102030066,0.4967562102030066,0.0
2019-03-04,15.01,0.05547468103815545,0.2851962990747687,0.7580120180270405,0.401099070263196,0.48143579578833506,0.48143579578833506,0.0
2019-03-05,14.75,0.010906720251134594,0.270125,0.5861076345431789,0.38995720669186507,0.4153966137450147,0.42349377440168007,0.0673076923076923
2019-03-06,14.53,-0.0068587374498414455,0.25156210947263186,0.5026276276276276,0.3795207916829454,0.37790350959440167,0.43088735003105344,0.44233766233766236
2019-03-07,14.55,0.000687521512128253,0.2536231884057971,0.5375281461095822,0.37582311992789724,0.3889914848144255,0.43209672282903666,0.3694184839044652
2019-03-08,15.17,-0.020874861068336248,0.29278041468898325,0.43534267133566784,0.3753914840567179,0.367838190027123,0.40631311879386,0.3365334717176959
2019-03-11,15.58,0.03727139479723185,0.3135614385614386,0.6927981995498874,0.38324940105421773,0.46320301305518125,0.46320301305518125,0.0
2019-03-12,14.6,-0.01022155407153802,0.25630461922596753,0.487625,0.3931125411584554,0.37901405346147427,0.39539005019052115,0.14445020746887965
2019-03-13,14.79,0.017735799140516928,0.272591113330005,0.6177205698575357,0.3999902453948975,0.43010064286081273,0.43010064286081273,0.0
2019-03-14,13.96,-0.041394896283275084,0.21425006239081607,0.3394552723638181,0.38651053093870613,0.31340528856444677,0.3907122375938076,0.5948678071539658
2019-03-15,13.6,-0.10925000061843448,0.19036926147704591,0.11553834624031976,0.3834627882663862,0.22979013199458395,0.36310262598729975,0.8246113989637306
2019-03-18,13.9,-0.11409920030595622,0.21015215764529807,0.10601898101898102,0.37692908873048425,0.23103340913158776,0.31666870520258106,0.6367167270844122
2019-03-19,13.6,-0.07095173597228444,0.1903990024937656,0.2215980024968789,0.3725877408169457,0.26152824860253004,0.2931715442307923,0.2776915113871636
2019-03-20,13.95,-0.05847176845533397,0.21416105709299427,0.2677234148776835,0.361892454328696,0.28125897543312456,0.28125897543312456,0.0
2019-03-21,13.48,-0.03498899185006543,0.18195413758723827,0.36798103319191416,0.36387007141918926,0.30460174739944723,0.30460174739944723,0.0
2019-03-22,13.1,-0.037457562534900735,0.15823573386493894,0.35815868263473055,0.35158408461685847,0.2893261670388427,0.2893261670388427,0.0
2019-03-25,15.06,0.08015338223510149,0.2886148480318884,0.8232726365677226,0.3606149406734662,0.4908341417576924,0.4908341417576924,0.0
2019-03-26,14.82,0.08590782712593459,0.275093399750934,0.837281795511222,0.36626440339666744,0.4928798662196077,0.4928798662196077,0.0
2019-03-27,14.67,0.050325083887516,0.26469123505976094,0.7388431812515582,0.37564429114361614,0.4597262358183118,0.4597262358183118,0.0
2019-03-28,14.92,0.10149548929145391,0.2816778690565098,0.8682701894317049,0.385497473114249,0.5118151772008211,0.5118151772008211,0.0
2019-03-29,14.29,0.08694776173467034,0.23668491786958687,0.8396461500124595,0.3850894354432471,0.4871401677750978,0.4884791177543062,0.014226590791515779
2019-04-01,13.73,-0.0924590025918679,0.1986812639960189,0.15508221225710014,0.36785331442202984,0.24053893022504966,0.4384200754477776,0.9490692864529473
2019-04-02,13.34,-0.10521057938046319,0.17238805970149254,0.12440846824408468,0.3538674117570898,0.216887979900889,0.38322169818403384,0.9062015503875969
2019-04-03,13.29,-0.09879271942973666,0.16948520268589903,0.1385707171314741,0.34271406632501755,0.21692332871413023,0.3346611167631976,0.7735020661157025
2019-04-04,13.6,-0.09263280203360846,0.19094977623073098,0.15521533482698532,0.33158941073857606,0.22591817393209745,0.2774817161094528,0.43082085699535366
2019-04-05,13.59,-0.050225763778723564,0.19015659955257272,0.3002737680438029,0.3256470927778691,0.27202582012474824,0.27202582012474824,0.0
2019-04-08,13.15,-0.043161461156106196,0.1610337972166998,0.33229659119183874,0.31282136153529944,0.2687172499812793,0.2687172499812793,0.0
2019-04-09,12.67,-0.05153004615443013,0.12422360248447205,0.29539800995024873,0.30471366136551825,0.24144509126674638,0.24500593280380034,0.03173374613003096
2019-04-10,30.4,0.8274307356870221,0.8738201689021361,0.9996269584680427,0.3292920474700842,0.7342463916134211,0.7342463916134211,0.0
2019-04-11,12.29,-0.10128386916406296,0.09821206853737273,0.13339134758826454,0.3212394995043593,0.1842809718766655,0.3401431049725721,0.8852501289324394
2019-04-12,12.41,-0.09083162894653674,0.10650446871896722,0.16144668158090977,0.3202905880689221,0.19608057945626634,0.32495405683887574,0.8105670103092784
2019-04-15,12.92,-0.017645260269317564,0.14569372052618515,0.45315606361829025,0.327357554205927,0.30873577945013414,0.33295776273264666,0.21561051004636786
2019-04-16,12.66,-0.0007895776170174784,0.12369727047146402,0.5322981366459627,0.3334575142590966,0.3298176404588411,0.3506322725710656,0.18511843460350155
2019-04-17,12.65,-0.8767853932386465,0.12304639047382783,0.00012419274714356682,0.3244896670403539,0.14922008342044177,0.23362701093246976,0.6307256819351518
2019-04-18,12.85,0.04455788776328529,0.14074900793650794,0.7200148994288552,0.33226038545500913,0.39767476427345744,0.39767476427345744,0.0
2019-04-19,12.45,0.0032180236942007667,0.10897594842548972,0.5525074478649454,0.3358876099497783,0.3324570020800712,0.3324570020800712,0.0
2019-04-22,12.89,-0.0023246814033597296,0.14340604858701042,0.5245718540580789,0.3247898704009153,0.3309225910153349,0.3309225910153349,0.0
2019-04-23,12.72,0.004728141195945668,0.12998760842627013,0.5579404466501241,0.31417869189627123,0.3340355823242218,0.3340355823242218,0.0
2019-04-24,12.9,0.019570096194096998,0.14482160555004955,0.6282560158769536,0.30841727202416336,0.3604982978170555,0.3604982978170555,0.0
2019-04-25,12.88,0.0023319093349787323,0.14255635372801587,0.5469990079365079,0.29690745460357104,0.32882093875603163,0.337346882398543,0.07330246913580248
2019-04-26,12.98,0.041689088365227445,0.15366518078256564,0.7112571286883214,0.2916222356432921,0.38551484837139305,0.38551484837139305,0.0
2019-04-29,13.22,0.02527901747244421,0.16922505570685814,0.649107585523054,0.3032364647677119,0.3738563686658747,0.3738563686658747,0.0
2019-04-30,13.28,0.04308358613631169,0.17215346534653464,0.7146220570012392,0.3179859396277668,0.4015871539918468,0.4015871539918468,0.0
2019-05-02,13.72,0.061627310930112866,0.20205394704281118,0.7796085232903865,0.33482610339066243,0.43882952457462004,0.43882952457462004,0.0
2019-05-03,13.54,0.049972546807921514,0.18988124690747155,0.7382957641813228,0.3493764008914394,0.42585113732674457,0.42585113732674457,0.0
2019-05-07,14.61,0.1182965144866639,0.26279990106356665,0.895121347201585,0.36606367290815883,0.5079949737244368,0.5079949737244368,0.0
2019-05-08,15.83,0.18017603946938054,0.3317260138476756,0.9533300321861847,0.3858568143487918,0.5569709534608841,0.5569709534608841,0.0
2019-05-09,18.28,0.3195484219777165,0.47515451174289247,0.9907178217821783,0.41201308237605055,0.6259618053003738,0.6259618053003738,0.0
2019-05-10,18.53,0.3005364179995289,0.4939446366782007,0.9889878742885424,0.40225021696596464,0.6283942426442359,0.6283942426442359,0.0
2019-05-13,18.38,0.3056148494434119,0.48295033358042994,0.9892380009896091,0.4332648399270747,0.6351510581657046,0.6351510581657046,0.0
2019-05-14,18.05,0.21143945901628225,0.45701581027667987,0.9667326242888944,0.46215977203371716,0.6286360688664304,0.6286360688664304,0.0
2019-05-15,16.63,0.04930141931191523,0.3745369226969622,0.7340504451038575,0.4749032116251257,0.5278301931419819,0.6091946736237454,0.6110539845758355
2019-05-16,16.6,-0.09640487066350634,0.3728395061728395,0.14524103831891225,0.47145534005948386,0.32984529485041186,0.549971371533753,0.9725077081192189
2019-05-17,16.03,-0.14492907367580665,0.3413971858800296,0.060182896688087,0.4784155775431625,0.2933318867037597,0.4829589003456577,0.9396507447354905
2019-05-20,15.9,-0.14494400770135485,0.33588351431391905,0.06016802569804794,0.46679776835932757,0.2876164361237648,0.41345197593726973,0.7979979466119097
2019-05-21,15.66,-0.14203599421623325,0.3214902541327412,0.06287055335968379,0.4598697036393773,0.2814101703772674,0.34400679623943714,0.5123140071831709
2019-05-22,16.1,-0.03238902121441889,0.34422792303897387,0.3809582612990862,0.4612999106817016,0.3954953650065873,0.3954953650065873,0.0
2019-05-23,16.4,-0.012121360532344916,0.36066584463625156,0.4803703703703704,0.4651276146799573,0.4353879432288597,0.4353879432288597,0.0
2019-05-24,16.66,0.03854867011723506,0.3764792899408284,0.698963218958282,0.47268673686676,0.5160430819219568,0.5160430819219568,0.0
2019-05-27,17.07,0.07100342758016298,0.3973379344343111,0.8012092793682132,0.48541153317020996,0.5613195823242447,0.5613195823242447,0.0
2019-05-28,17.01,0.08269171584511348,0.39477575160177425,0.8286454478164322,0.4943740054188931,0.5725984016123665,0.5725984016123665,0.0
2019-05-29,17.32,0.07304263114387188,0.41352549889135254,0.8047607301430686,0.5043728451140057,0.5742196913828089,0.5742196913828089,0.0
2019-05-30,16.67,0.01632936193254997,0.3774630541871921,0.6112207151664611,0.5069205512891527,0.49853477354760195,0.5445431061577958,0.3935897435897436
2019-05-31,17.32,0.03885126639559244,0.41369120906180745,0.6993343195266272,0.5102046277455337,0.5410767187779895,0.5495498335290023,0.07303946694003076
2019-06-03,17.32,0.014539366327940062,0.4137124569177745,0.6008134089228494,0.5123633491143293,0.5089630716516511,0.5390785313944836,0.265625
2019-06-04,17.4,0.02266879981271286,0.4205020920502092,0.6383686545096107,0.5098870865716961,0.5229192777105053,0.5291427066141113,0.05248335893497184
2019-06-05,16.46,-0.0509287078853653,0.36331200787401574,0.29625523527962555,0.4942498664996906,0.38460570321777726,0.491219908981105,0.7285056294779939
2019-06-07,15.79,-0.054233868495152215,0.328290282902829,0.2811576354679803,0.47283925612083405,0.36076239149721445,0.4636654325710275,0.717391304347826
2019-06-10,14.94,-0.1478197234296177,0.2865223807181505,0.05897562176803743,0.44440339340882024,0.26330046529833606,0.40811018187509684,0.8560838445807771
2019-06-11,14.85,-0.15386203788558062,0.2790754856159331,0.05526834071885771,0.41595728070293897,0.2501003690125766,0.35633764134728196,0.7273888605007665
2019-06-12,14.96,-0.15109023367415197,0.28748770894788594,0.056485355648535567,0.3889628964537101,0.24431198701671053,0.300616183208523,0.46654749744637386
2019-06-13,14.89,-0.10024334855300632,0.2821332022609978,0.1359498031496063,0.3717002873939548,0.26326109760151967,0.27634726208527144,0.11000510464522716
2019-06-14,14.4,-0.09214862168559579,0.24643734643734644,0.15756457564575646,0.3688483218337385,0.25761674797228046,0.25761674797228046,0.0
2019-06-17,14.68,-0.01755615651830178,0.2684844018668632,0.4524102311854402,0.37683118559584317,0.36590860621604887,0.36590860621604887,0.0
2019-06-18,14.54,-0.021096393143335224,0.256262278978389,0.43361199901647407,0.3841767540454156,0.3580170106800929,0.3580170106800929,0.0
2019-06-19,14.4,-0.038151765964376416,0.24637859071937146,0.3545968534906588,0.38959211996335574,0.33018918805779535,0.33018918805779535,0.0
2019-06-20,13.67,-0.08548619596005924,0.19882179675994108,0.17952813959203737,0.3809212137637037,0.25309038337189405,0.31296438725962233,0.4956632653061224
2019-06-21,13.77,-0.044735893841391317,0.20404907975460124,0.3269041769041769,0.3731691398050076,0.30137413215459524,0.32171586409608527,0.18281489036206017
2019-06-24,13.99,-0.04814323450897984,0.2205593719332679,0.31183984279046917,0.3595930574506233,0.2973307573914535,0.3080002943311662,0.08944954128440367
2019-06-25,14.09,-0.031438146194784355,0.22639195486877606,0.38543713163064836,0.3449251042680458,0.31891806358915675,0.31891806358915675,0.0
2019-06-26,14.05,-0.024605810802199812,0.22412947523295734,0.4135772158114412,0.3302822415587006,0.32266297753436635,0.32266297753436635,0.0
2019-06-27,13.94,0.019558754596519456,0.2168423633243442,0.6272704958271969,0.3209279073116286,0.3883469221543899,0.3883469221543899,0.0
2019-06-28,14.43,0.0468170600452158,0.25,0.7267484662576688,0.32062952473422895,0.43245933033063255,0.43245933033063255,0.0
2019-07-01,14.03,0.0028551054369798656,0.22310708159764764,0.5501717369970559,0.31213585698438573,0.3618048918596964,0.3648384370936484,0.02521650534895568
2019-07-02,13.41,-0.04946462861700196,0.1795688388045076,0.30475840078489086,0.298880891328105,0.26106937697250115,0.3532686997703173,0.6662423625254582
2019-07-03,13.5,-0.03993271033537127,0.18540289003183932,0.3478420794507111,0.28574024690117333,0.2729950721279079,0.3433351186890256,0.5519083969465649
2019-07-04,13.15,-0.05834064670860428,0.16197355533790403,0.26783525373866146,0.2799962860492464,0.23660169837527065,0.3129860739332017,0.5887589013224822
2019-07-05,13.16,-0.09212744688860797,0.16279069767441862,0.15723039215686274,0.27276061533575824,0.19759390172234656,0.2660129882115445,0.5447381799694967
2019-07-08,14.48,0.03157049284320079,0.25477239353891334,0.6744670423915707,0.2873541511718657,0.4055311957007833,0.4055311957007833,0.0
2019-07-09,14.43,0.07330867549219233,0.250917543430389,0.8065899069083783,0.30543324177196507,0.45431356403691076,0.45431356403691076,0.0
2019-07-10,14.63,0.0803845295876493,0.2671232876712329,0.8237815331863826,0.3241065356784949,0.47167045217870346,0.47167045217870346,0.0
2019-07-11,13.96,0.05977433871045301,0.21887992174125703,0.7758325171400587,0.3385222715152627,0.44441157013219285,0.44441157013219285,0.0
2019-07-12,12.81,-0.026955809988528312,0.13618581907090466,0.40477356181150553,0.3419462079852454,0.2943018629558852,0.41404572900089515,0.7822662601626016
2019-07-15,13.03,-0.10551399582081666,0.15387435834759228,0.12347038668624571,0.33085746078478373,0.20273406860620724,0.3734863035819799,0.9159471813103098
2019-07-16,12.57,-0.13799635018362322,0.11510263929618768,0.06789821384878884,0.31818562516353655,0.167062159436171,0.31603602266183195,0.866243654822335
2019-07-17,13.04,-0.11505265853352631,0.15453212802345467,0.10384050880626224,0.30962055497902874,0.18933106393624854,0.25956814501334097,0.5502283105022832
2019-07-18,13.8,-0.011527505171067265,0.2072545188080117,0.4838591342626559,0.31743964789699597,0.3361844336558879,0.3361844336558879,0.0
2019-07-19,13.11,0.023149181866965574,0.1601953601953602,0.6419315403422983,0.324218988993968,0.3754486298438755,0.3754486298438755,0.0
2019-07-22,13.67,0.047949259599104455,0.2000732421875,0.730261549743339,0.33416737842414557,0.4215007234516615,0.4215007234516615,0.0
2019-07-23,13.16,0.04586890329501525,0.16365633390285575,0.7232404692082112,0.3410440713394366,0.4093136248168345,0.4093136248168345,0.0
2019-07-24,13.75,0.05301726761407366,0.2042459736456808,0.7533593940874664,0.3490415382566553,0.4355489686632675,0.4355489686632675,0.0
2019-07-25,14.09,0.02079673374742974,0.22944620639180288,0.6314118221787982,0.3494601674921318,0.40343939868757767,0.4090502690926433,0.049442190669371194
2019-07-26,14.34,0.08967753739586559,0.2473170731707317,0.8438339438339438,0.352320231260807,0.48115708275516084,0.48115708275516084,0.0
2019-07-29,15.08,0.09816571184395162,0.29931723969763474,0.8619384765625,0.36201965370244277,0.5077584566541925,0.5077584566541925,0.0
2019-07-30,14.96,0.1281980466491599,0.2930277913213067,0.9066390041493776,0.3799031425994749,0.526523312690053,0.526523312690053,0.0
2019-07-31,15.29,0.10616019582839042,0.30892030221788935,0.8764031234748658,0.39620510400473,0.5271761765658284,0.5271761765658284,0.0
2019-08-01,15.22,0.07714502652295074,0.30628654970760233,0.8142229812149304,0.4134726220508792,0.5113273843244707,0.5113273843244707,0.0
2019-08-02,16.01,0.11016069183714938,0.3462850182704019,0.8830487804878049,0.4362054397740523,0.5551797461774196,0.5551797461774196,0.0
2019-08-05,19.08,0.23527130344033065,0.5361665854846566,0.973786881248476,0.4507232905441185,0.653558919092417,0.653558919092417,0.0
2019-08-06,20.62,0.32088150604248256,0.6195519844168493,0.9911019015114578,0.464551951433857,0.6917352791207215,0.6917352791207215,0.0
2019-08-07,19.24,0.22979242529658972,0.5444255111976631,0.9703875213258591,0.4751496567255048,0.6633208964163423,0.6633208964163423,0.0
2019-08-08,16.47,0.07893019175600902,0.37052810902896083,0.81932261208577,0.48002811378134014,0.5566262782986904,0.6240842238211182,0.5395337050177395
2019-08-09,15.91,-0.006265684658928183,0.3418491484184915,0.505115712545676,0.487678250783384,0.4448810372491838,0.602024482035471,0.8893110435663627
2019-08-12,15.34,-0.21817687008103048,0.3105083921187059,0.018144179249878226,0.4889609464417527,0.27253783927011227,0.5258202660710101,0.9921518987341772
2019-08-13,17.25,-0.1784493351114449,0.4148832684824903,0.03713172632091551,0.49568629998321334,0.3159004315955397,0.4506532965659737,0.8256578947368421
2019-08-14,16.09,-0.1787934842332688,0.34950158035497203,0.03614897760467381,0.4988682480114616,0.2948396019903692,0.37695703768077904,0.6158320687910976
2019-08-16,17.06,0.0351959978739842,0.4027710257656782,0.6847164760282307,0.5087775942295427,0.5320883653411506,0.5320883653411506,0.0
2019-08-19,16.41,0.030943062752303963,0.36743620899149454,0.6692214111922141,0.5146408622206939,0.5170994941348009,0.5170994941348009,0.0
2019-08-20,14.99,-0.023080483824603704,0.2942176870748299,0.4204573096570178,0.5092493673407192,0.407974788024189,0.4135805362172099,0.04929221435793731
2019-08-21,15.18,-0.12783337150988494,0.3037405878066553,0.08426556420233464,0.49677710106316725,0.2949277510240524,0.4093860001029125,0.7612430520464881
2019-08-22,15.23,-0.05493079409722146,0.30645944633317146,0.27947969851689763,0.4874854454910903,0.3578081967803864,0.42197971906091586,0.5204545454545455
2019-08-23,15.55,-0.0926759034382898,0.3236222384073804,0.15544482255712203,0.47794067130093787,0.3190025774218134,0.37936256147704844,0.49596163553760725
2019-08-26,17.33,0.05454819862551519,0.4220873786407767,0.7563791008505468,0.480123557863104,0.5528633457848092,0.5528633457848092,0.0
2019-08-27,16.66,0.10562732462419033,0.38303809754913853,0.874514091350826,0.4825309696790998,0.5800277195263548,0.5800277195263548,0.0
2019-08-28,16.46,0.08095442328143987,0.37020863658418246,0.8237794510565946,0.482389001983352,0.558792363208043,0.558792363208043,0.0
2019-08-29,16.81,0.09870678051345383,0.3927965073975261,0.8621903836813988,0.4841305886180063,0.5797058265656437,0.5797058265656437,0.0
2019-08-30,15.75,0.012779726646399148,0.3319592628516004,0.5924981791697014,0.4792292863954756,0.4678955761389258,0.5478569662447553,0.6062058526740666
2019-09-02,16.15,-0.07051905405884895,0.3527272727272727,0.22342233009708737,0.4628996814971294,0.3463497614404965,0.5065542493758928,0.8948562783661119
2019-09-03,16.53,-0.007833724905763617,0.37554532234609794,0.4973307449648144,0.44697274651157387,0.4399496046074954,0.4785386263921209,0.3364415322580645
2019-09-04,15.97,-0.030221233022002636,0.34468136661012844,0.38998059194565743,0.42507294832726084,0.3865783022943489,0.44409581420938204,0.4738035264483627
2019-09-05,15.07,-0.10926793478212016,0.29723837209302323,0.1155711860295901,0.39752286146723814,0.2701108065299505,0.3821768102022435,0.748992950654582
2019-09-06,14.54,-0.07993689316626895,0.25938483894405423,0.19556256062075655,0.3791502784284901,0.2780325593311003,0.3442042068406783,0.531202818319074
2019-09-09,14.37,-0.116777349577732,0.24782082324455207,0.10072727272727272,0.36668985930368153,0.23841265175850213,0.3226167849042795,0.6300301810865191
2019-09-10,13.43,-0.20768590129778675,0.18070685064149117,0.023388269510421715,0.3635759230232648,0.18922368105839257,0.2724716001944589,0.622674710910005
2019-09-11,13.5,-0.16802227678253745,0.18550338818973863,0.04446329052580567,0.3580247151210682,0.19599713127887083,0.23435536599136325,0.33241206030150755
2019-09-16,14.41,-0.04478360262697301,0.250181466247278,0.3269137596899225,0.3628108318205071,0.3133020192525692,0.3133020192525692,0.0
2019-09-17,14.63,0.006170742926659756,0.2683841315916788,0.5641801889077258,0.35643775228814445,0.3963340242625164,0.3963340242625164,0.0
2019-09-18,14.76,0.026778119081392937,0.2796856106408706,0.6531476997578692,0.35384214454352025,0.4288918183140867,0.4288918183140867,0.0
2019-09-19,14.26,0.05996740445100368,0.23911992263056092,0.7757201646090535,0.3613462718062144,0.4587287863486096,0.4587287863486096,0.0
2019-09-20,14.08,0.04206566528551248,0.22649262750785593,0.7106727976766699,0.37507525363560285,0.4374135596067095,0.4374135596067095,0.0
2019-09-23,14.7,0.019925083773259633,0.2750120831319478,0.6277522380837164,0.3829958830447427,0.4285867347534689,0.4299909846570782,0.014816675037669513
2019-09-24,14.69,0.004092775153752726,0.2739792220343078,0.5535800677310111,0.3917081887647631,0.4064224928433607,0.4320086783732471,0.22866465863453816
2019-09-25,15.62,0.056631325239213215,0.3264492753623188,0.7619105199516324,0.38945552166032876,0.49260510565809335,0.49260510565809335,0.0
2019-09-26,15.06,0.05458380738559754,0.29823714078724944,0.7564071566731141,0.38438282437433874,0.4796757072782341,0.4796757072782341,0.0
2019-09-27,14.85,0.05324451451881229,0.2842829550941574,0.7528402223833696,0.38046120162025754,0.47252812636592817,0.47252812636592817,0.0
2019-09-30,15.15,0.030153038170687818,0.3040067583876418,0.6659014016433059,0.37333423334405813,0.4477474644583353,0.4597957793207904,0.10110386352232816
2019-10-01,14.89,0.013522856510131742,0.2875241312741313,0.5960376902633486,0.37231184283196256,0.41862455478981414,0.462236191710081,0.37236710130391176
2019-10-02,15.86,0.015248071795161966,0.3407720144752714,0.604951690821256,0.38155119539376675,0.44242496689676475,0.45220016395781526,0.08546365914786967
2019-10-04,16.31,0.07973619426117473,0.3648094548962856,0.8226273846896884,0.3894152147006433,0.5256173514288724,0.5256173514288724,0.0
2019-10-07,16.25,0.09009304352703795,0.36086327465637813,0.8441574118783196,0.4011741829001161,0.5353982898116046,0.5353982898116046,0.0
2019-10-08,15.37,0.01441702559512592,0.31388621022179364,0.5994448467294231,0.4136872203708311,0.4423394257740159,0.47288091774021435,0.2692885771543086
2019-10-10,15.63,0.048502297737467615,0.3271872740419378,0.730815637065637,0.4287636081594003,0.4955888397556583,0.4955888397556583,0.0
2019-10-11,14.84,-0.06647397846746728,0.28349397590361447,0.23727382388419782,0.43306910075479993,0.3179456335142041,0.46337790805687107,0.8580370555833751
2019-10-14,14.3,-0.13151887936706075,0.24198988195615515,0.07754462132175591,0.4359550853329499,0.251829862870287,0.408620410345154,0.8891391391391391
2019-10-15,13.8,-0.16342431661258727,0.20592485549132947,0.04690137448758138,0.43652657411453405,0.2297842680311483,0.34749760598906276,0.7726363181590795
2019-10-16,13.27,-0.14691170920638807,0.16939561762581268,0.06014946962391514,0.4278378206473472,0.21912763596569165,0.3028552480273979,0.62475
2019-10-17,13.34,-0.15842510394590725,0.1732065479056331,0.0504940949626416,0.41261622870656894,0.21210562385828122,0.24615860484792246,0.29560219890054973
2019-10-18,13.85,-0.06904100510588673,0.20998796630565583,0.22951807228915663,0.4002830469114708,0.2799296951687611,0.2799296951687611,0.0
2019-10-21,13.84,-0.032696587076337824,0.2089749759384023,0.37882437966755,0.3896070286206293,0.3258021280755272,0.3258021280755272,0.0
2019-10-22,13.09,-0.05282001224135069,0.15576136636997834,0.2896194605009634,0.37731241366278967,0.2742310801779105,0.2742310801779105,0.0
2019-10-23,13.22,-0.003775013920575887,0.16666666666666666,0.5146881772212858,0.37177717672959687,0.3510440068725164,0.3510440068725164,0.0
2019-10-24,13.2,-0.010550210895152734,0.1653041596537629,0.48591718825228697,0.36736872818311517,0.33953002536305504,0.33953002536305504,0.0
2019-10-25,13.42,-0.03153910108981206,0.18004807692307692,0.3844765342960289,0.354272848580744,0.3062658199332833,0.3193746120844585,0.11163836163836163
2019-10-28,13.64,-0.01455629777420775,0.1967075222302331,0.46643407122232916,0.344485280980549,0.3358756248110371,0.3358756248110371,0.0
2019-10-29,13.48,0.029358525562352522,0.1839259971167708,0.6633389463555449,0.3397388251304187,0.3956679228675781,0.3956679228675781,0.0
2019-10-30,13.85,0.046554398209807335,0.21138601969733364,0.7247474747474747,0.3388944584907652,0.4250093176451912,0.4250093176451912,0.0
2019-10-31,13.59,0.02911739857072737,0.19248318924111432,0.6618177446501563,0.33816293629961003,0.3974879567302936,0.3974879567302936,0.0
2019-11-01,13.22,-0.015015297119995274,0.16674669867947178,0.4643028846153846,0.33029608324956816,0.32044855551480816,0.3748978755137816,0.4475786320519221
2019-11-04,13.32,-0.02373998730307303,0.1728276524243879,0.4178082191780822,0.3153760590499806,0.30200397688415026,0.3681235459284043,0.531686626746507
2019-11-05,13.42,-0.00446097394062539,0.18034557235421167,0.5111725132148006,0.30253849402583843,0.3313521931982836,0.35526039999454534,0.21471321695760598
2019-11-06,13.89,0.002883924132904614,0.21521113243761997,0.5487629113619985,0.2988045686970485,0.354259537498889,0.354259537498889,0.0
2019-11-07,13.78,0.013884037422459805,0.20664427920364595,0.5981027857829011,0.29247317254402283,0.36574007917685664,0.36574007917685664,0.0
2019-11-08,13.79,0.042212857381670243,0.20755395683453237,0.711764705882353,0.30243694411724964,0.4072518689447116,0.4072518689447116,0.0
2019-11-11,14.21,0.06467927699676634,0.23735315272117,0.7886461833893423,0.32009856493806466,0.44869930034952565,0.44869930034952565,0.0
2019-11-12,13.65,0.01699339008743328,0.1984659635666347,0.6144708423326134,0.33410132933607317,0.38234604507844044,0.39165936620968467,0.08100697906281157
2019-11-13,13.85,-0.002883924132904614,0.21267673136832016,0.519073896353167,0.3466564678478671,0.35946903185645135,0.3927012650811971,0.2922272047832586
2019-11-14,13.42,-0.02647213404197668,0.18016291327264014,0.4047733269369153,0.3556873577813991,0.31354119933031815,0.38226148911188945,0.5465637450199203
2019-11-15,13.11,-0.050568394029602004,0.15748502994011976,0.29772182254196644,0.35607987812858094,0.2704289102035557,0.35489689736365826,0.6333997013439522
2019-11-18,13.34,-0.06317890162153139,0.17385057471264367,0.2504195636538,0.3519916476975932,0.2587539286880123,0.3169078230313556,0.47885572139303484
2019-11-19,13.52,-0.009569451016151032,0.18853243954991622,0.4895733461169703,0.35780977166749184,0.34530518577812613,0.34530518577812613,0.0
2019-11-20,14.11,0.018598533231374947,0.23336524652943993,0.6214953271028038,0.36214741491109914,0.4056693295144476,0.4056693295144476,0.0
2019-11-21,14.52,0.07878087785311427,0.2623833452979182,0.8206756109247724,0.37294335511901516,0.48533410378056857,0.48533410378056857,0.0
2019-11-22,13.88,0.057073657303049696,0.2159090909090909,0.7646706586826347,0.38334473357833065,0.4546414943900188,0.4546414943900188,0.0
2019-11-25,13.91,0.041840965447873746,0.21908634298014829,0.7106082375478927,0.39000855825521763,0.4399010462610862,0.4399010462610862,0.0
2019-11-26,14.21,0.04977587149419138,0.23900047824007653,0.7377304285372277,0.39324520733784235,0.4566587047050488,0.4566587047050488,0.0
2019-11-27,13.85,-0.018598533231374947,0.21324408319388,0.4448300622307324,0.38629372361233744,0.3481226230123166,0.43693159442980783,0.6526603679761313
2019-11-28,13.77,-0.0530346966560864,0.20626195028680688,0.28726968174204354,0.37727449106577693,0.2902687076982091,0.3979185152133359,0.7333499005964215
2019-11-29,13.96,0.005747142255568161,0.22353643966547193,0.5608851674641149,0.3811087916616452,0.38851013293041065,0.38851013293041065,0.0
2019-12-02,13.96,0.0035880913988748375,0.2236024844720497,0.551183927290122,0.38571255516563774,0.3868329889759365,0.3868329889759365,0.0
2019-12-03,14.26,0.0035124728771407376,0.24468593264867447,0.5508130081300813,0.38831207654588135,0.39460367244154565,0.39460367244154565,0.0
2019-12-04,14.37,0.03685746745758589,0.25405921680993315,0.6907721730815204,0.3928335101981772,0.44588830002987695,0.44588830002987695,0.0
2019-12-05,14.55,0.05509868087693803,0.26748627357364524,0.7589627151051626,0.3983760582904837,0.47494168232309714,0.47494168232309714,0.0
2019-12-06,13.91,-0.0035880913988748375,0.2192124105011933,0.5148148148148148,0.39374377235546176,0.3759236658904899,0.4156380619321892,0.34451068057625434
2019-12-09,13.61,-0.025391280670851835,0.19518014793605346,0.40814620162446247,0.38317694769171184,0.32883443241740923,0.4040383506204838,0.5801886792452831
2019-12-10,13.33,-0.06744128079553269,0.17247137404580154,0.23190828755672319,0.37296301908429375,0.25911422689560615,0.3769404615112959,0.7749379652605459
2019-12-11,13.4,-0.0698879931340679,0.17827331266396376,0.2238538681948424,0.3647224329127267,0.25561653792384426,0.3388861090900893,0.6237599206349206
2019-12-12,13.39,-0.08308283391442028,0.1772770624701955,0.18536643590355695,0.3591651143668317,0.24060287091352803,0.2920183468081755,0.4261279127416956
2019-12-13,13.12,-0.05847022241940847,0.1573301549463647,0.2662291169451074,0.3583739248520663,0.2606443989145128,0.2689624934129801,0.07160555004955402
2019-12-16,13.27,-0.025298968319258375,0.16920877025738798,0.4090909090909091,0.36222466337661263,0.31350811424163655,0.31350811424163655,0.0
2019-12-17,13.05,-0.02122900042191489,0.15141767929473435,0.4314169847328244,0.35984288533562947,0.31422584978772944,0.31422584978772944,0.0
2019-12-18,13.01,-0.029536414432451696,0.14983325393044306,0.3924397805866921,0.3520281968577518,0.29810041045829566,0.29810041045829566,0.0
2019-12-19,13.2,-0.014291330110756117,0.1648011431293165,0.4672150691463996,0.3407521282590774,0.32425611351159783,0.32425611351159783,0.0
2019-12-20,13.08,-0.0030534374868906866,0.15392857142857144,0.5190703218116806,0.33306260685029054,0.3353538333635142,0.3353538333635142,0.0
2019-12-23,13.97,0.051406324924754276,0.226612711259224,0.7455910390848427,0.33412533609569117,0.43544302881325264,0.43544302881325264,0.0
2019-12-24,13.81,0.05660483365249824,0.21144693003331747,0.7639980938765785,0.334093189024006,0.436512737644634,0.436512737644634,0.0
2019-12-26,14.15,0.08399633156483288,0.2392338805615037,0.8343258694616484,0.3444803291389695,0.4726800263873739,0.4726800263873739,0.0
2019-12-27,14.13,0.06808336710411123,0.23810656517602283,0.7972136222910217,0.3580250430249244,0.46444841016398963,0.46444841016398963,0.0
2019-12-30,14.69,0.1160826441567333,0.2826397146254459,0.8936904761904761,0.3678227576170827,0.5147176494776683,0.5147176494776683,0.0
2020-01-02,15.4,0.09745533615071311,0.3254873989538754,0.8608664603665794,0.3781119438060398,0.5214886010421649,0.5214886010421649,0.0
2020-01-03,15.88,0.13966748839778909,0.35143807939149035,0.922536887196573,0.39007384445127247,0.554682937013112,0.554682937013112,0.0
2020-01-06,15.88,0.11534583172974289,0.3514733840304182,0.8928146561979539,0.3975602607096954,0.5472827669793557,0.5472827669793557,0.0
2020-01-07,15.08,0.06506916588337353,0.30909954858636257,0.7888915318744053,0.39934881300424446,0.49911329782167074,0.5274570504667944,0.25086676572560673
2020-01-08,15.97,0.08354497204113542,0.35700712589073635,0.832936979785969,0.41074673501326187,0.5335636135633224,0.5335636135633224,0.0
2020-01-09,13.58,-0.12576938728903375,0.1936594633103776,0.08571088920589634,0.40264783508715585,0.22733939586780993,0.47239640224905416,0.9893564356435643
2020-01-10,12.81,-0.21483433991034673,0.13259734093067427,0.019610173520323272,0.39634353140836764,0.1828503486197884,0.39802988457038946,0.9685799109351806
2020-01-13,13.26,-0.18030847106127323,0.1692380726323285,0.034814638783269965,0.39139166967228745,0.19848146036262862,0.328269623247044,0.8147873392680515
2020-01-14,13.41,-0.11736866528622292,0.18070716658756525,0.10014255167498218,0.3893468251695073,0.2233988478106849,0.2731267332448469,0.41695501730103807
2020-01-15,13.37,-0.17769857111306964,0.1771055753262159,0.037885985748218526,0.38413263239908135,0.19970806449117193,0.20635562343041675,0.058053359683794464
2020-01-16,13.58,0.0,0.19449715370018975,0.5321776300166231,0.3878420100082943,0.371505597908369,0.371505597908369,0.0
2020-01-17,13.6,0.059843676833363446,0.19646668247569363,0.7764719848053181,0.3975946100896306,0.45684442579021417,0.45684442579021417,0.0
2020-01-20,13.64,0.02825466765759943,0.20033191085822666,0.6587942084025635,0.405515937208222,0.4215473521563374,0.4215473521563374,0.0
2020-01-21,14.41,0.07192171271784398,0.25989570988385874,0.8043426672994779,0.4163214913309125,0.49351995617141636,0.49351995617141636,0.0
2020-01-22,14.29,0.06654660082792452,0.2508293838862559,0.7922894424673784,0.4255744896587471,0.48956443867079386,0.48956443867079386,0.0
2020-01-23,15.3,0.11925470626783996,0.32160625444207536,0.8978889943074004,0.4317567771188823,0.5504173419561194,0.5504173419561194,0.0
2020-01-28,18.32,0.2979235665039779,0.4983420180009474,0.9882617974863647,0.4445357469083177,0.6437131874652099,0.6437131874652099,0.0
2020-01-29,16.99,0.21961828326852473,0.4148709448259531,0.9690611664295875,0.45229505593912744,0.6120757223982226,0.6120757223982226,0.0
2020-01-30,18.38,0.24334070691610998,0.5037878787878788,0.9771272813462906,0.4634349302558055,0.6481166967966584,0.6481166967966584,0.0
2020-01-31,19.29,0.3000268349758617,0.5607100591715977,0.9885071090047394,0.47275710468981585,0.6739914242887176,0.6739914242887176,0.0
2020-02-03,19.32,0.2332880003859823,0.5634169427354472,0.9719260838663824,0.4814818338718503,0.6722749534912266,0.6722749534912266,0.0
2020-02-04,18.39,0.0038136793702454597,0.5046132008516678,0.5512790146849834,0.4760297650955649,0.5106406602107387,0.6234198914371127,0.7533333333333333
2020-02-05,18.23,0.07044365300673094,0.4913670766319773,0.7995500828794696,0.47719549307764175,0.589370884196363,0.6188789237967408,0.2593780848963475
2020-02-06,17.81,-0.03150301962597091,0.4631118467722866,0.38127367424242425,0.47085535409149043,0.43841362503540043,0.5769383094444892,0.8379378391711889
2020-02-07,17.53,-0.09567312798449468,0.44728132387706854,0.14662721893491124,0.4559544650198723,0.3499543359439507,0.5121308917755358,0.89965483234714
2020-02-10,18.22,-0.05862093695255988,0.49101867170881586,0.2644344533838145,0.4678565343342812,0.4077698864756372,0.459229878372418,0.4270576638738295
2020-02-11,18.16,-0.012585665443082483,0.4872400756143667,0.47421339011118996,0.48808768311614525,0.48318038294723403,0.48318038294723403,0.0
2020-02-12,16.95,-0.07280075486411253,0.41270966217812427,0.21464049195837276,0.4986701191841677,0.37534009110688826,0.41093166430182215,0.3096059113300493
2020-02-13,16.68,-0.06554970037096952,0.39891355692017005,0.2406006148025538,0.507636730520672,0.38238363408113196,0.39972566611096844,0.15928114229443624
2020-02-14,16.85,-0.03956304213477235,0.40826446280991735,0.3485815602836879,0.5211830920711513,0.4260097050549188,0.4260097050549188,0.0
2020-02-17,17.16,-0.059938797771995844,0.4237488196411709,0.26081304656109666,0.5201302691332876,0.4015640451118518,0.41369557166040494,0.1016240157480315
2020-02-18,18.25,0.00494370685535328,0.4936275666745339,0.5561200378071833,0.5220504925633054,0.5239326990150075,0.5239326990150075,0.0
2020-02-19,18.19,0.07060415870357195,0.48949976403964135,0.8009685802031656,0.5328340481878557,0.6077674641435542,0.6077674641435542,0.0
2020-02-20,18.24,0.08940658771558496,0.49292285916489736,0.843528578176665,0.5396393746918113,0.6253636040111246,0.6253636040111246,0.0
2020-02-21,19.8,0.161331280902119,0.5893867924528302,0.9429752066115702,0.5518704540095805,0.6947441510246604,0.6947441510246604,0.0
2020-02-24,23.65,0.32078202087812535,0.7449893892949776,0.9911473087818697,0.5647864902427648,0.7669743961065375,0.7669743961065375,0.0
2020-02-25,22.72,0.21908051382445004,0.7114568599717115,0.9680198253481237,0.5696083119885779,0.7496949991028043,0.7496949991028043,0.0
2020-02-26,25.1,0.32199585360770744,0.7898892293188782,0.9913874469089193,0.5795419261128842,0.7869395341135604,0.7869395341135604,0.0
2020-02-27,26.84,0.38627632745729557,0.8322337417530632,0.9953998584571833,0.5882098871147863,0.8052811624416775,0.8052811624416775,0.0
2020-02-28,33.81,0.535074679019305,0.9137809187279152,0.997995283018868,0.5972738629540475,0.8363500215669436,0.8363500215669436,0.0
2020-03-02,32.66,0.32278797260437697,0.9013188883655205,0.9909219523697241,0.6061963083073828,0.8328123830142092,0.8328123830142092,0.0
2020-03-03,29.49,0.260805628974234,0.8712032022604191,0.9798444130127298,0.6260751933007953,0.8257076028579814,0.8257076028579814,0.0
2020-03-04,26.76,0.06404038912228938,0.8302730696798494,0.7837614895121376,0.6341531282928087,0.7493958958282653,0.8099094131418154,0.4975405804230202
2020-03-05,23.66,-0.1261074535532405,0.7440574252765356,0.08565032987747408,0.6337861841462912,0.48783131310010025,0.7464194432734998,0.9933628318584071
2020-03-06,27.47,-0.20766211661261247,0.8430588235294117,0.023439340400471142,0.6406009246742388,0.5023663628680405,0.6796227115337194,0.9235872235872236
2020-03-09,36.21,0.1031842362352311,0.9430722183015761,0.8715261422515308,0.6670795555607507,0.8272259720379526,0.8272259720379526,0.0
2020-03-10,34.8,0.16556616395324397,0.9266227657572906,0.9440781728278785,0.6898107423822409,0.8535038936558034,0.8535038936558034,0.0
2020-03-11,37.6,0.3400958151358209,0.9548553961909241,0.9918785310734464,0.7227953367104378,0.8898430879916027,0.8898430879916027,0.0
2020-03-12,43.07,0.5990408405157788,0.9730841560883874,0.9982348787950106,0.7560904582894546,0.9091364977242842,0.9091364977242842,0.0
2020-03-13,53.86,0.6732935872762704,0.9883666274970623,0.9987058823529412,0.7868461204583646,0.9246395434361228,0.9246395434361228,0.0
2020-03-16,64.56,0.5782597001841436,0.9933035714285714,0.9977652317101858,0.8195087938817769,0.9368591990068446,0.9368591990068446,0.0
2020-03-17,64.49,0.6168927862418574,0.9930702372562837,0.9982361241768579,0.8430477628055625,0.944784708079568,0.944784708079568,0.0
2020-03-18,62.8,0.5129510230783039,0.9923673085955848,0.9965906418998354,0.8605100029618779,0.9498226511524327,0.9498226511524327,0.0
2020-03-19,69.24,0.4747520312419895,0.9951866635360413,0.9958862247296661,0.8768755392349814,0.9559828091668964,0.9559828091668964,0.0
2020-03-20,60.73,0.1200497225260313,0.9911971830985915,0.8945945945945946,0.8857112837007011,0.9238343537979624,0.9422567442407408,0.16723968565815325
2020-03-23,62.5,-0.03242846721933734,0.9916686223891106,0.37582236842105265,0.876495141019034,0.7479953772763991,0.9044839798946518,0.8868433971526755
2020-03-24,53.78,-0.18160852218156753,0.9867433129985922,0.034178999295278366,0.8600312816933849,0.6269845313290853,0.8409239445445552,0.9673699705593719
2020-03-25,49.32,-0.24162539517800896,0.983227773868168,0.01162517613903241,0.84037068853787,0.6117412128483567,0.77330765688374,0.8977439921530161
2020-03-26,52.76,-0.27182540245889486,0.985811444652908,0.006456914768725053,0.8194865575181545,0.6039183056465959,0.7028947561796799,0.696813725490196
2020-03-27,54.62,-0.10603769386392514,0.987221570926143,0.12312206572769953,0.7994507433908311,0.6365981266815579,0.6454475107563991,0.07569818716315532
2020-03-30,54.83,-0.13092906732639875,0.9876933895921237,0.07873738559023703,0.778805491752009,0.6150787556447899,0.6188641864300771,0.03599412340842312
2020-03-31,48.55,-0.10230745610338454,0.9804312163112257,0.13127639605818864,0.7603219916794156,0.6240098680162767,0.6240098680162767,0.0
2020-04-01,50.0,0.013693327132002331,0.9832474226804123,0.5940652122918133,0.7594039435739216,0.778905526182049,0.778905526182049,0.0
2020-04-02,47.24,-0.11051233651995229,0.9769266807214805,0.11339118198874297,0.7659191962628269,0.6187456863243501,0.6546675925698047,0.3135095447870778
2020-04-03,45.34,-0.18621047096617582,0.9734192037470726,0.03223915592028136,0.7693982011562637,0.5916855202745391,0.645685071288401,0.44447162426614484
2020-04-06,38.26,-0.3598325254038506,0.9537579021306486,0.002226910454758556,0.7479328624570712,0.5679725583474928,0.6362638318289415,0.5415647921760391
2020-04-07,36.14,-0.29519390957325164,0.9373829588014981,0.004804312163112257,0.7247200207665572,0.5556357639103892,0.6225890110077641,0.5354349951124144
2020-04-08,40.05,-0.2218943319137776,0.962204540135736,0.01698687910028116,0.7005314580658484,0.5599076257672885,0.5787894309248119,0.16976062530532487
2020-04-09,35.55,-0.2843008350799119,0.9291062236780534,0.005739048957601312,0.6746196140096548,0.5364882955484366,0.5623379527696292,0.231201171875
2020-04-10,35.84,-0.2351250569726533,0.9328654970760234,0.014168618266978922,0.6486186541469798,0.5318842564966607,0.5503777000140535,0.16861883845778428
2020-04-13,39.69,0.036694302782867005,0.9608278765201123,0.68684148911262,0.6400336682093292,0.7625676779473537,0.7625676779473537,0.0
2020-04-14,36.04,-0.002770852423945147,0.9355856909048399,0.518375468164794,0.6266000381502416,0.6935203990732918,0.6935203990732918,0.0
2020-04-16,34.82,-0.13993673917432536,0.9213417484805985,0.06704891177158905,0.6015858558941607,0.5299921720487827,0.6108905602229051,0.6095121951219512
2020-04-17,31.44,-0.12285918868824375,0.882799719560645,0.09230229293401965,0.5761865839998845,0.5170961988315164,0.607012140879521,0.6565090199902487
2020-04-20,33.29,-0.0738075365197961,0.9030373831775701,0.2134502923976608,0.5569539814469356,0.5578138856740554,0.612198066715,0.4466374269005848
2020-04-21,36.53,-0.08296542598778256,0.9417192244802616,0.18744153414405987,0.5509957256422897,0.5600521614222037,0.57169496340997,0.09766195811008281
2020-04-22,36.55,0.014051753455650129,0.9417328351237739,0.5972644376899696,0.5639475996552864,0.7009816241563432,0.7009816241563432,0.0
2020-04-23,34.46,-0.010392703240259316,0.9160635068876956,0.4842215988779804,0.5740834035492484,0.6581228364383082,0.6581228364383082,0.0
2020-04-24,37.54,0.1773260635973566,0.9492296918767507,0.9482355690581912,0.596713326087081,0.8313928623406742,0.8313928623406742,0.0
2020-04-27,35.15,0.054367566669740075,0.9235705950991832,0.7526869158878504,0.610861172945411,0.7623728946441481,0.7623728946441481,0.0
2020-04-28,32.64,-0.11259531071128492,0.8933737750816613,0.10943704741882737,0.609270674128364,0.5373604988762842,0.6980461432911517,0.8950827653359299
2020-04-29,30.51,-0.1806266874672091,0.8741544203405645,0.03608127043437646,0.6042338760885022,0.5048231889544811,0.6588144562507792,0.8795620437956204
2020-05-04,36.36,0.053670038209494564,0.9397154850746269,0.7509922951202428,0.6070687547190684,0.7659255116379794,0.7659255116379794,0.0
2020-05-06,31.81,-0.16562632539731004,0.8849382140359058,0.04703548085901027,0.6031101505236857,0.5116946151395338,0.6164353418504853,0.7225194552529183
2020-05-07,31.31,-0.11568708291835961,0.8803030303030303,0.1044340723453909,0.6025871190982123,0.5291080739155445,0.5697823777047646,0.35415653864851726
2020-05-08,28.77,-0.12620535253244958,0.8563271964577022,0.08784414372375175,0.6022917822881135,0.5154877074898558,0.565407819427479,0.41812439261418854
2020-05-11,29.33,-0.03944361573921862,0.8610205032618826,0.35001166316771637,0.6090129046747382,0.6066816903681124,0.6066816903681124,0.0
2020-05-12,27.79,-0.26879302555486584,0.8409037968786397,0.0078125,0.6057510266158038,0.4848224411648145,0.5295589056155723,0.3805245264691598
2020-05-13,25.75,-0.2113460786513075,0.80018630647415,0.02319888085800886,0.6029645244832164,0.4754499039384584,0.5223099633753571,0.39733009708737865
2020-05-14,26.79,-0.1559088517817968,0.8225844004656577,0.05582750582750583,0.6012489692569705,0.49322029185004473,0.5151324069622573,0.19335274138767589
2020-05-15,26.96,-0.06497889151935032,0.8255353817504656,0.24574691214169192,0.5868392924634561,0.5527071954518713,0.5527071954518713,0.0
2020-05-18,27.04,-0.08129363181459626,0.8274377472655341,0.19326654240447344,0.5760078707284654,0.532237386799491,0.532237386799491,0.0
2020-05-19,25.0,-0.10580041888621183,0.7755932992089344,0.12706731889121825,0.5738646196746646,0.4921750792582724,0.5091579714596275,0.15300678952473326
2020-05-20,24.85,-0.03557687456710745,0.7718073970690859,0.36387983232417326,0.5778792500971294,0.5711888264967961,0.5711888264967961,0.0
2020-05-21,23.57,-0.12805396660847768,0.7325581395348837,0.0860302677532014,0.5704317683899507,0.46300672522601194,0.5222630426464885,0.48982064953950555
2020-05-22,27.74,0.028521128842578847,0.840153452685422,0.658403165735568,0.5796666648848674,0.6927410944352858,0.6927410944352858,0.0
2020-05-25,25.27,-0.06769932977466064,0.7853324035332404,0.23376774493832908,0.5666692367763131,0.5285897950826276,0.5495403040997987,0.1877422480620155
2020-05-26,23.8,-0.04919024419077145,0.739484080873809,0.30793392275476966,0.5578475592228858,0.5350885209504882,0.5581229924382419,0.2089588377723971
2020-05-27,24.47,-0.015409875088057579,0.7604553903345725,0.46161898115840894,0.5409627869868368,0.587679052826606,0.587679052826606,0.0
2020-05-28,25.24,0.06845532072497251,0.7850174216027874,0.7943023255813954,0.5385393428917655,0.7059530300253162,0.7059530300253162,0.0
2020-05-29,25.64,-0.07872178283421594,0.797724105898746,0.2014647756335736,0.5384487943675612,0.5125458919666269,0.573971258170333,0.5060503388189739
2020-06-01,24.94,-0.013144981148212054,0.7738565126538194,0.4722222222222222,0.5468448704700887,0.5976412017820434,0.5976412017820434,0.0
2020-06-02,25.0,0.04919024419077145,0.7750696378830083,0.7316988147803858,0.5422463872818017,0.6830049466483986,0.6830049466483986,0.0
2020-06-03,25.74,0.05059832471340053,0.7996054769087956,0.7373373605947955,0.5573706158470186,0.6981044844502033,0.6981044844502033,0.0
2020-06-04,25.69,0.017671773448780126,0.7980278422273782,0.6152148664343786,0.5680832559973521,0.6604419882197029,0.6604419882197029,0.0
2020-06-05,25.45,-0.007437889055937674,0.791579679888657,0.4982582443102647,0.5767249205977888,0.6221876149322368,0.6522760472065171,0.26584421867440733
2020-06-08,27.4,0.094070073142134,0.8342996289424861,0.8508242396099374,0.5885772131508593,0.7579003605677609,0.7579003605677609,0.0
2020-06-09,26.53,0.05940034328144783,0.8167169023881289,0.7721680594243269,0.6070814297742048,0.7319887971955534,0.7319887971955534,0.0
2020-06-10,26.06,0.01235536952871863,0.8079508576726936,0.5895799489440705,0.6214350702563199,0.6729886256243613,0.6891014773079231,0.1419245647969052
2020-06-11,26.79,0.04192687243472504,0.8223638470451912,0.7077726218097448,0.6377281843203643,0.7226215510584334,0.7226215510584334,0.0
2020-06-12,32.88,0.2561488271914474,0.8968952734012975,0.9762236140106704,0.6577740991583594,0.8436309955234425,0.8436309955234425,0.0
2020-06-15,39.69,0.3705562534009492,0.9610840861709521,0.9926948051948052,0.6811009642007532,0.8782932851888369,0.8782932851888369,0.0
2020-06-16,35.9,0.30246112734458475,0.9329550717924965,0.986204498029214,0.7065134379937922,0.8752243359385008,0.8752243359385008,0.0
2020-06-17,37.05,0.3518667800453965,0.945589256772401,0.9915391747797867,0.7265494680477653,0.8878926331999843,0.8878926331999843,0.0
2020-06-18,37.3,0.33096464309325224,0.9473379629629629,0.9892236384704519,0.7544987979013986,0.8970201331116044,0.8970201331116044,0.0
2020-06-19,34.04,0.034671733517194436,0.9097431150196714,0.6799119555143651,0.7567762592042248,0.7821437765794204,0.8641148328036694,0.6164813919768004
2020-06-22,34.03,-0.15385677828215938,0.9094169366034244,0.05802640722724114,0.7554848390882022,0.5743093943062892,0.8033180546271599,0.9785024154589372
2020-06-23,31.73,-0.1234746898991288,0.8831829747860283,0.09182491894395553,0.7536745863407373,0.576227493356907,0.7435186861108412,0.9084983099951714
2020-06-24,30.2,-0.20442642736127192,0.8679463459759482,0.025816161148413983,0.7454667897315218,0.5464097656186281,0.6752221125945699,0.8091216216216216
2020-06-25,33.12,-0.11885599713271056,0.8991907514450868,0.09988425925925926,0.7309606713195259,0.576678560674624,0.6111537981071737,0.30270139893873615
2020-06-26,30.56,-0.10784433940685378,0.8727461858529819,0.12277250636426754,0.7308689165866491,0.5754625362679662,0.5754625362679662,0.0
2020-06-29,33.58,-0.013311836863419746,0.9037439334411833,0.4700370198981953,0.7340614720482326,0.7026141417958703,0.7026141417958703,0.0
2020-06-30,31.07,-0.021019882190148387,0.8770794824399261,0.43268563497571133,0.7291363886670387,0.679633835360892,0.679633835360892,0.0
2020-07-01,29.9,-0.009983443984183271,0.8640563640563641,0.4864708603145236,0.7244759983387211,0.6916677409032029,0.6916677409032029,0.0
2020-07-02,27.45,-0.1877711615615194,0.832217090069284,0.032716763005780344,0.7107682769490538,0.5252340433413727,0.6349224595338608,0.7408389585342333
2020-07-03,24.78,-0.20965508809732336,0.7655275917801894,0.024156264447526582,0.6982644252497736,0.4959827604924965,0.6190265043787669,0.7901204819277109
2020-07-06,24.02,-0.3350438349975571,0.7427285318559557,0.002888837531777213,0.6747767627706562,0.473464710719463,0.5731966181634853,0.7030346820809249
2020-07-07,24.85,-0.22338497086231834,0.7670205400415416,0.017444547134935304,0.6546662659047568,0.47971045102707793,0.5332119412967227,0.4427058257101589
2020-07-08,25.04,-0.17738393416474274,0.7726119058606368,0.04146454146454146,0.6400799069224672,0.48471878474921515,0.4918221500659251,0.05943214629451395
2020-07-09,23.38,-0.16048521191161713,0.7196078431372549,0.05300230946882217,0.6211417490162457,0.464583967207441,0.4796921348391387,0.12962962962962962
2020-07-10,24.83,0.0020157233190789547,0.766259225092251,0.5424844146848303,0.6070323678253736,0.6385920025341516,0.6385920025341516,0.0
2020-07-13,23.63,-0.01636972545302129,0.7288448236107908,0.4564866112650046,0.5878211814131246,0.5910508720963067,0.5910508720963067,0.0
2020-07-14,24.45,-0.016227536621756578,0.7548409405255878,0.4579967689822294,0.5701631349052771,0.5943336148043649,0.5943336148043649,0.0
2020-07-15,23.63,-0.05795745503308147,0.7286241069370822,0.272381172127365,0.5467600560930836,0.5159217783858436,0.5608964470056215,0.38245192307692305
2020-07-16,23.48,0.004268038915973271,0.7230414746543778,0.5542099192618224,0.5302773009051533,0.6025095649404512,0.6025095649404512,0.0
2020-07-17,22.34,-0.10567380587902075,0.6815249942409584,0.1290359778597786,0.5107999484443209,0.4404536401816859,0.5488538940817305,0.737385872176838
2020-07-20,22.37,-0.05479631569677812,0.6821741133118379,0.2827991699331335,0.5107381969296785,0.49190382672488325,0.5290244850074458,0.32204610951008644
2020-07-21,21.09,-0.14783122143019778,0.6360810499654617,0.06327800829875518,0.5038469760430344,0.4010686781024171,0.49037149766705623,0.6536245799327892
2020-07-22,20.82,-0.1266030280119934,0.6235036832412523,0.0890758239225628,0.49931740104402056,0.4039656360692785,0.46798026920374325,0.5218330134357005
2020-07-23,21.0,-0.11162655723647275,0.6313003452243958,0.11578341013824885,0.4930176196604781,0.4133671250077076,0.43015178121719444,0.15083932853717028
2020-07-24,22.5,0.007136515569319712,0.6883341003221353,0.5695692236811795,0.4995772354551297,0.5858268531528148,0.5858268531528148,0.0
2020-07-27,22.96,0.026032795949327614,0.7031285944329423,0.6486642100414556,0.4990275317335053,0.6169401120693011,0.6169401120693011,0.0
2020-07-28,22.92,0.08321089735585563,0.7017019319227231,0.8294957402717016,0.504563345602975,0.6785870059324667,0.6785870059324667,0.0
2020-07-29,23.33,0.11382602284651577,0.7170613934237756,0.8873158379373849,0.5109095957777317,0.7050956090462973,0.7050956090462973,0.0
2020-07-30,22.91,0.08705105874198127,0.7010344827586207,0.839240506329114,0.5277931241780485,0.6893560377552609,0.6893560377552609,0.0
2020-07-31,23.57,0.04645940773766544,0.7268444035853827,0.7216981132075472,0.5442645906921788,0.6642690358283696,0.670849560126339,0.055848513902205174
2020-08-03,23.52,0.02409755157906046,0.7252987132352942,0.6426270991488383,0.5598223017670889,0.6425827047170738,0.6759780786558937,0.2934834690943939
2020-08-04,22.42,-0.02205647420252488,0.6836664369400414,0.4255979760809568,0.5679422849132019,0.5590688993114,0.6520744573316803,0.6707375478927203
2020-08-05,21.58,-0.07797312620335006,0.6515847496554892,0.20521959071050816,0.5690104822392223,0.4752716075350732,0.6061096570294355,0.8178554332216371
2020-08-06,22.06,-0.03780748264004785,0.6714121699196326,0.35597701149425287,0.5753799579594177,0.5342563797911011,0.5750897254366035,0.357177033492823
2020-08-07,22.07,-0.06575549667939473,0.6717171717171717,0.244656400827396,0.5655707062786047,0.49398142627439084,0.5410322035258078,0.39956958393113345
2020-08-10,22.94,-0.024969011329201596,0.7023181087904522,0.41164981617647056,0.563786618530883,0.5592515144992686,0.5592515144992686,0.0
2020-08-11,22.98,0.024670854776595696,0.7043368517668656,0.6449575005743166,0.567198034601717,0.638830795647633,0.638830795647633,0.0
2020-08-12,22.86,0.05762169853667576,0.6984400091764166,0.7642397795130914,0.5787398973423435,0.6804732286772839,0.6804732286772839,0.0
2020-08-13,22.12,0.002716162828777513,0.6732798165137615,0.5470723306544202,0.5773174161736431,0.5992231877806082,0.5992231877806082,0.0
2020-08-14,22.58,0.022845338452870845,0.6897500573263013,0.6380853994490359,0.5902492782905081,0.6393615783552818,0.6393615783552818,0.0
2020-08-18,25.21,0.09435862949860363,0.7820953690967446,0.8520771172825339,0.6069792583688658,0.7470505815827148,0.7470505815827148,0.0
2020-08-19,24.38,0.05913885163251553,0.7533807013522805,0.7701927489674163,0.6275846181702527,0.7170526894966498,0.7170526894966498,0.0
2020-08-20,28.18,0.20922384810386996,0.8452108157653528,0.9615737554484973,0.6549397447715036,0.8205747719951179,0.8205747719951179,0.0
2020-08-21,26.89,0.19527229362663956,0.8227949599083619,0.9576834862385321,0.6807746120411099,0.820417686062668,0.820417686062668,0.0
2020-08-24,26.44,0.15781345626196996,0.8139028859367843,0.9361385003439578,0.6930780635980456,0.814373149959596,0.814373149959596,0.0
2020-08-25,24.63,-0.02327552906738184,0.760705289672544,0.41872994039431455,0.6887691242378571,0.6227347847682386,0.759030616456454,0.8338910133843213
2020-08-26,25.44,0.04255961441879608,0.7889194139194139,0.7097180838872336,0.6879551198781626,0.7288642058949367,0.7613929197361113,0.28595317725752506
2020-08-27,27.22,-0.03466050924721431,0.8310826276035707,0.3681255728689276,0.6778258941059461,0.6256780315261481,0.7224135716423175,0.686007640878701
2020-08-28,26.4,-0.018390460128502983,0.812929061784897,0.4466208476517755,0.6708077671146696,0.6434525588504473,0.6870205461998733,0.37255369928400955
2020-08-31,27.77,0.049078286335222376,0.8396247998169756,0.7307604214383875,0.6738538347262304,0.7480796853271978,0.7480796853271978,0.0
2020-09-01,27.59,0.1134881760967481,0.8361161939615737,0.8856194183650103,0.6826990797247917,0.8014782306837919,0.8014782306837919,0.0
2020-09-02,26.26,0.0317241304027287,0.8097415961582438,0.6720467032967034,0.6920121768856404,0.7246001587801958,0.7246001587801958,0.0
2020-09-03,25.3,-0.07314760148984556,0.7828074988568816,0.21801327534905013,0.6956125877316388,0.5654777873125235,0.6966176841908313,0.8179866412213741
2020-09-04,27.83,0.05275056538552869,0.8417142857142857,0.7477116704805492,0.7096635071011625,0.7663631544319992,0.7663631544319992,0.0
2020-09-07,25.85,-0.07164570036426987,0.79981718464351,0.22203157172271792,0.712300386696704,0.5780497143543107,0.6871938091125642,0.740343347639485
2020-09-08,23.87,-0.14483094787845596,0.7357779300891021,0.0648444647758463,0.7044667484441546,0.5016963811030343,0.6272374391964127,0.7976644423260247
2020-09-09,24.73,-0.060029787341325136,0.762220191868433,0.2637777269608964,0.6963843376063583,0.5741274188118959,0.5971428912027528,0.2079561696045736
2020-09-10,22.14,-0.13341846845298377,0.6713861612240237,0.07830361225422953,0.6785595872260769,0.47608312023477667,0.5792639577872033,0.7173809523809523
2020-09-11,21.68,-0.2497243989663538,0.6530821917808219,0.011085714285714286,0.6646549811985358,0.4429409624216907,0.5145795193851417,0.5623512613041409
2020-09-14,21.28,-0.19454293648099474,0.6379821958456974,0.030278793418647167,0.648165619510761,0.43880886959170184,0.4867313504326199,0.4060418648905804
2020-09-15,20.97,-0.12952959543691023,0.6248288452761296,0.08396161754626456,0.6250310689218389,0.4446071772480777,0.4753135096616285,0.2703281027104137
2020-09-16,21.05,-0.1611165214049346,0.6289071412274698,0.052649611694837825,0.6039806514869042,0.4285124681364039,0.44619051952653016,0.16183460076045628
2020-09-17,22.31,0.007649081163950466,0.6765510948905109,0.5726193194793332,0.590040297565804,0.6130702373118827,0.6130702373118827,0.0
2020-09-18,21.59,-0.00415993204472942,0.6481185860889396,0.5115296803652968,0.5745195430734876,0.5780559365092413,0.5780559365092413,0.0
2020-09-21,23.31,0.09111478857422206,0.7145462836297309,0.8451266834056151,0.5697603325923526,0.7098110998758994,0.7098110998758994,0.0
2020-09-22,25.2,0.1837511496035491,0.7799179393663096,0.9510497489730717,0.5835486440491657,0.7715054441295157,0.7715054441295157,0.0
2020-09-23,24.64,0.15747057853692858,0.759799453053783,0.9360027378507871,0.5884777613766138,0.7614266507603946,0.7614266507603946,0.0
2020-09-24,27.21,0.1985495443507137,0.8307131465026202,0.9588275547445255,0.60323607389598,0.7975922583810419,0.7975922583810419,0.0
2020-09-25,26.13,0.1908538350058051,0.8077448747152619,0.9542759407069555,0.6157978465456185,0.7926062206559453,0.7926062206559453,0.0
2020-09-28,25.01,0.07039329184186238,0.7707811432475518,0.7971956224350205,0.6157376351562989,0.7279048002796237,0.7702070748413042,0.365083135391924
2020-09-29,24.15,-0.04255961441879563,0.7449908925318761,0.3356507864144062,0.5997102868217913,0.5601173219226911,0.7279294503999394,0.9104938271604939
2020-10-05,23.87,-0.03174869831458027,0.7350330070566811,0.3824065633546035,0.5906015685956998,0.5693470463356615,0.6895135295149928,0.7833412434741338
2020-10-06,22.29,-0.19944640539737746,0.6746700045516614,0.02813852813852814,0.5831512625578061,0.42865326508266516,0.6157257308553173,0.9395161290322581
2020-10-07,21.55,-0.1927082629827641,0.6445961319681456,0.03109339407744875,0.5603078518040752,0.41199912594988986,0.5396043119141062,0.8058321479374111
2020-10-08,21.0,-0.17475330716610493,0.6243175614194723,0.04361193350034161,0.5514598702679148,0.40646312172924287,0.4753159762040301,0.5476303317535545
2020-10-12,20.36,-0.1707121884162599,0.5963156697748465,0.0467896174863388,0.5475219425778207,0.39687574327966874,0.4426676604754256,0.3896257697773567
2020-10-13,20.34,-0.16003304973032462,0.5949295134151887,0.05406328249487821,0.5380968145048391,0.3956965368049687,0.4079375585692871,0.10108901515151515
2020-10-14,20.97,-0.061045302483949015,0.6229824960218231,0.2613791533909877,0.5414636114032031,0.47527508693867127,0.47527508693867127,0.0
2020-10-15,21.47,-0.0037192046590672767,0.6425,0.5147895335608647,0.5537916520905612,0.570360395217142,0.570360395217142,0.0
2020-10-16,22.03,0.04788272309082897,0.6645080663485572,0.7260009099181074,0.5718478517656193,0.654118942677428,0.654118942677428,0.0
2020-10-19,22.51,0.10038746323631909,0.6845751930940481,0.8650216056402092,0.5928680101634158,0.7141549362992244,0.7141549362992244,0.0
2020-10-20,22.18,0.086601591301807,0.6723824665001136,0.8375397908140063,0.6135771477732112,0.7078331350291104,0.7078331350291104,0.0
2020-10-21,21.88,0.042480132639952206,0.657811080835604,0.708683791770857,0.6165102592291266,0.6610017106118625,0.6614938239669534,0.0049692380501656416
2020-10-22,22.54,0.04863489672094046,0.6860385925085131,0.7289772727272728,0.6228944491986654,0.679303438144817,0.6832824325524884,0.03760643330179754
2020-10-23,21.9,-0.005918523991796931,0.658760780753518,0.505453306066803,0.6130079771932897,0.5924073546712035,0.6709401149512435,0.599290780141844
2020-10-26,22.94,0.01892245678258364,0.6996823235761289,0.6209677419354839,0.6027500366225954,0.6411333673780694,0.6563358011670125,0.1316162570888469
2020-10-27,23.58,0.061207913187003804,0.7252722323049002,0.7768566886213945,0.5979082048731386,0.7000123752664779,0.7000123752664779,0.0
2020-10-28,23.29,0.062451106342468865,0.712860058970288,0.7803133514986376,0.5904990226036831,0.6945574776908696,0.6945574776908696,0.0
2020-10-29,25.9,0.13895146009386172,0.8023809523809524,0.9167990919409762,0.5894280033261758,0.7695360158827015,0.7695360158827015,0.0
2020-10-30,31.97,0.3783113262492952,0.8884606665155294,0.9935315478892419,0.5972783895442308,0.8264235346496673,0.8264235346496673,0.0
2020-11-02,28.65,0.22227133145952394,0.8540344514959202,0.9658497844338553,0.6157594534688181,0.8118812297995311,0.8118812297995311,0.0
2020-11-03,26.54,0.11825413379483685,0.8153183775209608,0.89258166969147,0.6305209653888468,0.7794736708670925,0.7794736708670925,0.0
2020-11-04,24.75,0.06080140511845,0.7629134571816946,0.7748922658199138,0.6513958951466323,0.7297338727160803,0.7834096647830145,0.4461502125649504
2020-11-05,22.16,-0.15595410682640898,0.6699886749716875,0.057709750566893425,0.652696117633957,0.460131514390846,0.7215287644846434,0.9940982058545798
2020-11-06,21.74,-0.385644081378687,0.6524003623188406,0.0017002947177510769,0.6523503966868764,0.4354836845744894,0.6433407944696079,0.9615384615384616
2020-11-09,21.58,-0.28338648333076,0.6444419289110256,0.006233000906618314,0.6525396377507879,0.43440485585614397,0.5678455196809304,0.8252358490566037
2020-11-10,21.02,-0.23317866345525662,0.6233589859665006,0.01552232041694992,0.6522868505126225,0.4303893856320243,0.49802866263391676,0.541018387553041
2020-11-11,20.68,-0.1796584393744709,0.608621860149355,0.03908019936565473,0.6463703607651775,0.43135747342672914,0.4383533827760465,0.05914231856738925
2020-11-12,19.85,-0.11008485474588348,0.5686651583710407,0.12129105322763307,0.6346870277161226,0.4415477464382655,0.4415477464382655,0.0
2020-11-13,19.77,-0.09498824451053789,0.5631078941415969,0.15545742753623187,0.6178884363514018,0.44548458600974356,0.44548458600974356,0.0
2020-11-16,20.5,-0.051342073685626044,0.6008593396653098,0.29805297713380124,0.6016213243030232,0.5001778803673781,0.5001778803673781,0.0
2020-11-17,19.72,-0.06384101627431571,0.5611575853493104,0.25294250792213674,0.5842257702019563,0.4661086211578011,0.4661086211578011,0.0
2020-11-18,19.63,-0.05210804135185887,0.5554927667269439,0.29588142113600363,0.5713477530833685,0.4742406469821054,0.4742406469821054,0.0
2020-11-19,19.41,-0.022415609952280757,0.5446327683615819,0.4247737556561086,0.5602075195529161,0.5098713478568689,0.5098713478568689,0.0
2020-11-20,19.21,-0.028734660402060186,0.5319701762313601,0.3961773354444696,0.5543058551743039,0.4941511222833779,0.4941511222833779,0.0
2020-11-23,19.79,-0.03524812652988807,0.5648294556132821,0.3662369968340118,0.5445662648476959,0.49187757243166325,0.49187757243166325,0.0
2020-11-24,19.81,0.004553511535970056,0.5667344173441734,0.555392267691612,0.5350662089504331,0.5523976313287395,0.5523976313287395,0.0
2020-11-25,20.82,0.05885505489845322,0.6143599006547753,0.7675180831826401,0.5322838232846453,0.6380539357073536,0.6380539357073536,0.0
2020-11-26,20.0,0.029943876373072165,0.5760722347629796,0.6629378531073447,0.5202795743733553,0.5864298874145598,0.5864298874145598,0.0
2020-11-27,19.66,0.02315513793855528,0.5565335138794855,0.6381608676005422,0.5030971285502367,0.5659305033434214,0.5669379060451475,0.009185115402731984
2020-11-30,20.77,0.0483328782735466,0.6127030685920578,0.7272419245538739,0.4910986474806406,0.6103478802088574,0.6103478802088574,0.0
2020-12-01,20.21,0.019990670705070546,0.5856079404466501,0.6261291779584462,0.4786945742604572,0.5634772308885178,0.592847887512542,0.259180790960452
2020-12-02,20.18,-0.03122204826135988,0.5842354533152909,0.38575299164596977,0.4644991423094485,0.47816252909023643,0.5608696061891185,0.62
2020-12-03,20.02,0.0009995003330836028,0.5773393461104848,0.5373589164785553,0.47417413823571,0.52962413360825,0.5495084554278566,0.17991533396048917
2020-12-04,21.01,0.06641240013788874,0.6244364292155095,0.7897765741367637,0.493176946893602,0.6357966500819584,0.6357966500819584,0.0
2020-12-07,21.3,0.025197434827358478,0.63657876943881,0.6449684115523465,0.5089487531729399,0.5968319780546988,0.5968319780546988,0.0
2020-12-08,20.7,0.023956168855793436,0.6101847679134745,0.6412136250845928,0.5242616803383052,0.5918866911121242,0.5918866911121242,0.0
2020-12-09,20.15,-0.001487726532771294,0.5832394683487272,0.525597654488047,0.5357900569213494,0.5482090599193745,0.5804697025552812,0.2842031029619182
2020-12-10,20.03,0.000499375790652401,0.5773648648648648,0.5333709131905299,0.5463095460827674,0.5523484413793874,0.5850145641095088,0.28829887218045114
2020-12-11,19.85,-0.05679450772370975,0.5678901148390002,0.2758115419296664,0.5494379544600384,0.46437987040956835,0.5507312081750306,0.6413809300140911
2020-12-14,21.25,-0.0023501773449536856,0.634736605132823,0.5211854856885283,0.5558631988105943,0.5705950965439818,0.5705950965439818,0.0
2020-12-15,21.27,0.027163928940822313,0.6356065721359442,0.6533348355114916,0.567734231669994,0.6188918797724766,0.6188918797724766,0.0
2020-12-16,20.4,0.012330612457478907,0.5956345634563457,0.5892092813696779,0.576070973094071,0.5869716059733648,0.5869716059733648,0.0
2020-12-17,19.85,-0.009027142544527411,0.5674915635545557,0.4911036036036036,0.5783006891725828,0.5456319521102474,0.5572940809619278,0.09741784037558686
2020-12-18,19.57,-0.014206225725214683,0.5502699055330634,0.4664489979734294,0.5805149739683493,0.532411292491614,0.570900365378337,0.3385734396996715
2020-12-21,20.54,-0.0339826908700136,0.6038902630987182,0.3713417379558757,0.5816191126835317,0.5189503712460418,0.560571420318749,0.36327392120075047
2020-12-22,22.85,0.07165348812806815,0.6966052158273381,0.8022732388026108,0.5910379069233859,0.6966387871844449,0.6966387871844449,0.0
2020-12-23,21.52,0.053447834443412834,0.643627781523938,0.7512376237623762,0.5913625924596083,0.6620759992486408,0.6620759992486408,0.0
2020-12-24,21.53,0.08124330424307225,0.6439325842696629,0.8250843644544432,0.5971127639809528,0.6887099042350197,0.6887099042350197,0.0
2020-12-28,23.14,0.16756494035754566,0.7088294765221299,0.9423076923076923,0.6085238336646978,0.75322033416484,0.75322033416484,0.0
2020-12-29,21.63,0.05170703546455524,0.648921832884097,0.7421857431976614,0.6098028982380934,0.6669701581066173,0.6935230365879125,0.2393342709798406
2020-12-30,22.09,-0.03382609990818786,0.6688749157871098,0.37218974820143885,0.6055360868776798,0.5488669169554095,0.6639686625421055,0.7659325210871603
2021-01-04,24.81,0.14226406241012635,0.7674000898069151,0.9225668689593167,0.623535549722804,0.7711675028296786,0.7711675028296786,0.0
2021-01-05,26.22,0.19707516695928184,0.8108866442199776,0.958314606741573,0.6398981244321168,0.8030331251312224,0.8030331251312224,0.0
2021-01-06,27.6,0.17625305095757415,0.838532315978456,0.9468658728375646,0.6491777540687105,0.8115253142949103,0.8115253142949103,0.0
2021-01-07,26.75,0.2124532333770479,0.8209557998653803,0.9632749326145552,0.6617448428559298,0.8153251917786216,0.8153251917786216,0.0
2021-01-08,29.18,0.27835852566261376,0.8612606550022431,0.9807994610375028,0.6765113859319719,0.8395238339905725,0.8395238339905725,0.0
2021-01-11,35.65,0.3625023491565953,0.9314868804664723,0.9915806017063313,0.6968671449153726,0.8733115423627255,0.8733115423627255,0.0
2021-01-12,34.95,0.2873959903442658,0.9232062780269058,0.9828282828282828,0.7167496144853674,0.8742613917801854,0.8742613917801854,0.0
2021-01-13,32.0,0.14792013007662197,0.8895987446760816,0.9267280071813285,0.741065241862586,0.8524639979066654,0.8524639979066654,0.0
2021-01-14,29.68,0.10393894495716438,0.8658673240699238,0.8695310747139331,0.7555521495616487,0.8303168494485019,0.8539755230977301,0.21334894613583139
2021-01-15,31.56,0.07840695288303356,0.8840466054223617,0.8152759084791387,0.7658116772180004,0.8217113970398335,0.8504130357075823,0.2563202247191011
2021-01-18,33.18,-0.07180186209800654,0.9023297491039427,0.22146221125812962,0.7642853801064015,0.6293591134894913,0.8016225499329355,0.9192793635938231
2021-01-19,34.08,-0.025207766718704505,0.9128779395296752,0.4088565022421525,0.7708638619717433,0.6975327679145237,0.7662768251598031,0.5488774555659495
2021-01-20,33.32,0.04042191449891552,0.9040528437080161,0.6995068370320556,0.7855348814025828,0.7963648540475514,0.7963648540475514,0.0
2021-01-21,30.63,0.031506502545504134,0.8748600850682785,0.6688704616763783,0.7997473450448342,0.7811592972631637,0.7811592972631637,0.0
2021-01-22,29.36,-0.07225729223135868,0.8614592658907789,0.21947120770781986,0.7892986455190505,0.6234097063725498,0.7055651478174559,0.6182795698924731
2021-01-25,28.97,-0.13568647298103942,0.8576862832848512,0.07672491039426524,0.7777872902288706,0.570732827969329,0.6938398907134236,0.7913551401869159
2021-01-26,29.99,-0.12784670920019714,0.8672259507829978,0.08947368421052632,0.7649793573856061,0.5738929974597101,0.6691119366224608,0.6807566557683326
2021-01-27,29.41,-0.12482306473273841,0.8617758890628495,0.09348410210479176,0.7475824279440515,0.5676141397038976,0.6233617937537301,0.4624183006535948
2021-01-28,33.09,0.0772512010888371,0.9006037567084079,0.8116185359301544,0.7556102958579716,0.8226108628321779,0.8226108628321779,0.0
2021-01-29,35.73,0.1963574682890039,0.9323720098367986,0.9569158460161146,0.7768158756545807,0.8887012438358313,0.8887012438358313,0.0
2021-02-01,34.16,0.16479455713911006,0.9135002235136344,0.9394719176549564,0.7808910052146396,0.8779543821277436,0.8779543821277436,0.0
2021-02-02,33.4,0.10769190722173683,0.9042458100558659,0.875503355704698,0.781154703084615,0.8536346229483929,0.8536346229483929,0.0
2021-02-03,31.29,0.061963805114887194,0.8800268096514745,0.7766718854842317,0.7779372157426072,0.8115453036261044,0.85088928307405,0.3436770881941204
2021-02-04,32.06,-0.031621974752114035,0.8888764797855707,0.38182021466905186,0.7650988647919743,0.6785985197488656,0.8220868144573876,0.8547108208955224
2021-02-05,28.65,-0.2208372288745699,0.8516078606520768,0.018891124524927343,0.7408098365204058,0.5371029405658033,0.751767153803382,0.968065268065268
2021-02-08,27.33,-0.22307036898039279,0.8304308997544094,0.017992847563701387,0.7139437431490385,0.5207891634890497,0.6803341100756433,0.8939888164026095
2021-02-09,25.21,-0.2813151587828262,0.778125,0.0065921787709497205,0.6859108085969325,0.49020932912262744,0.6076490513104902,0.7724732184443409
2021-02-10,26.43,-0.1687988290645932,0.8112028565052444,0.04814566577301162,0.6619863528574537,0.5071116250452365,0.5467623155943165,0.3447392923649907
2021-02-15,26.22,-0.20108666884585347,0.8063364569388666,0.02847889211525575,0.6394717766142103,0.4914290418894442,0.5093284200224322,0.1630991158678455
2021-02-16,25.08,-0.13308272739602867,0.7712469328574615,0.08184457347029923,0.6183160014248668,0.49046916925087586,0.5000016657594466,0.08255813953488372
2021-02-17,25.58,-0.06617420378927985,0.7889161462979483,0.2421299397186872,0.615997354566231,0.5490144801942888,0.5490144801942888,0.0
2021-02-18,26.1,0.03469457312881952,0.8037904124860646,0.6791294642857143,0.6200269904412297,0.7009822890710029,0.7009822890710029,0.0
2021-02-19,26.86,0.016138462478894056,0.819995541685243,0.6066726177192591,0.6156047024078404,0.6807576206041142,0.6807576206041142,0.0
2021-02-22,27.64,0.05274152056391568,0.8355248495654112,0.7457608210620259,0.61654358050491,0.732609750377449,0.732609750377449,0.0
2021-02-23,27.16,0.07967458692577534,0.8267602495543672,0.8194289538255632,0.6306750487494432,0.7589547507097912,0.7589547507097912,0.0
2021-02-24,28.93,0.12306832283734703,0.8560926709734907,0.8975245316681534,0.6511551989735064,0.8015908005383835,0.8015908005383835,0.0
2021-02-25,27.92,0.06740796356552403,0.8417594654788418,0.7903010033444816,0.6680392198192514,0.7666998962141917,0.7666998962141917,0.0
2021-02-26,31.34,0.1542570458327832,0.8807615230460922,0.9325679893000446,0.6894909578487138,0.8342734900649503,0.8342734900649503,0.0
2021-03-02,30.97,0.11375499508564202,0.8770035618878005,0.8851125473590372,0.6907383032639206,0.8176181375035861,0.8176181375035861,0.0
2021-03-03,28.31,0.04146979643331283,0.8458713554417984,0.7026515151515151,0.6822191786324306,0.743580683075248,0.792752601479272,0.4153881915388192
2021-03-04,29.5,0.019511144357730714,0.8622607921673342,0.6200712853642236,0.6729531770415049,0.7184284181910209,0.7761201250097993,0.4783921933085502
2021-03-05,29.09,0.0410511946129386,0.857285873192436,0.7012249443207127,0.6674222183353196,0.7419776786161562,0.7711756814901923,0.2584765443567116
2021-03-08,29.48,-0.061183169606739085,0.8613211743772242,0.2599643731908261,0.6540368896461282,0.5917741457380595,0.7226758126248141,0.8182451253481894
2021-03-09,29.78,-0.03918196672924834,0.8644651990215699,0.35006678539626,0.6526327718952082,0.6223882521043461,0.6836298355449661,0.5055684454756381
2021-03-10,28.85,0.018894893830300408,0.8537127612272121,0.6175161362118852,0.6676510197017606,0.7129599723802859,0.7129599723802859,0.0
2021-03-11,26.45,-0.10913410504146581,0.8095132251611469,0.12383177570093458,0.6697740510403598,0.5343730173008138,0.6406946132279323,0.7284322820037106
2021-03-12,25.64,-0.12624084045464112,0.7887777777777778,0.09221357063403782,0.6721809052813815,0.517724084564399,0.5958438944175809,0.5982846546128883
2021-03-15,25.9,-0.12946909861564393,0.7962674961119751,0.08596530249110321,0.6727530121895021,0.5183286035975269,0.5811547859894743,0.5141334569045413
2021-03-16,24.28,-0.20418406106456555,0.7421146157263439,0.027240382477207028,0.6711165034182378,0.48015716720726287,0.5527085690100577,0.5662343677628532
2021-03-17,24.53,-0.16221313468371035,0.7497224072840328,0.05391285015562472,0.6698800971960351,0.4911717848785642,0.5083509315097132,0.15486111111111112
2021-03-18,22.69,-0.15333185951255812,0.6842806394316163,0.061902645032229385,0.6627585271572154,0.46964727054035366,0.4954057821576213,0.22975474317445627
2021-03-19,23.61,-0.08248328095504798,0.7200887902330744,0.1918888888888889,0.64848497221597,0.5201542171126444,0.5201542171126444,0.0
2021-03-22,23.7,-0.0887679205644063,0.7225920994229915,0.1749611197511664,0.6352570987102114,0.5109367726281232,0.5109367726281232,0.0
2021-03-23,23.19,-0.045931814923856784,0.7016862658087419,0.3235228787205686,0.6213551855577583,0.5488547766956896,0.5488547766956896,0.0
2021-03-24,22.71,-0.07709150215293104,0.6845607808340728,0.20775038862980236,0.6025082347098569,0.4982731347245773,0.5095732343402777,0.09551341350601295
2021-03-25,21.69,-0.04507297395296739,0.6445996895098691,0.32648756660746003,0.582944986046749,0.5180107473880261,0.5192459297098122,0.011789181692094313
2021-03-26,20.36,-0.1480981594150994,0.5856984478935698,0.06559378468368479,0.5584257801405973,0.4032393375726173,0.49586295380180667,0.6702865064695009
2021-03-29,21.01,-0.1204765332841764,0.6161604965639548,0.10219707057256991,0.531051481510357,0.41646968288229386,0.4769695358526408,0.49907621247113165
2021-03-30,20.64,-0.11649021065407839,0.5995124113475178,0.10971821610827602,0.5047293444655809,0.40465332397379156,0.4481292453082612,0.37280701754385964
2021-03-31,20.44,-0.10531159078196328,0.5891867937070685,0.13365128660159717,0.4840872247084647,0.4023084350057102,0.4289363053644878,0.2392708814028611
2021-04-01,19.88,-0.08713712361035508,0.5610323438192291,0.18130405854956752,0.4655873328293957,0.4026412450660641,0.40586240490009545,0.025599630996309963
2021-04-02,19.51,-0.04264503704730194,0.5389811738648947,0.33625277161862527,0.44850541102865493,0.44124645217072506,0.44124645217072506,0.0
2021-04-05,18.97,-0.10213973090998651,0.5099645704162976,0.14021281312347594,0.43672770692794805,0.36230169682257385,0.402630230607773,0.3533886583679115
2021-04-06,18.34,-0.1181464737850435,0.47022359973433697,0.10582890070921985,0.42076571982859123,0.332272740090716,0.38815411383115783,0.4642857142857143
2021-04-07,17.45,-0.1581541166870677,0.41578131916777333,0.05639264347440727,0.39578934645866826,0.2893211030336163,0.36555664743673905,0.5902809765085214
2021-04-08,16.19,-0.20532043353888385,0.3441026775835362,0.0269162605228179,0.38173119488977514,0.25091671099870977,0.3352117406232682,0.6346685082872928
2021-04-09,16.69,-0.15611741696127623,0.37466814159292033,0.0592469545957918,0.3705542885841976,0.2681564615909699,0.3005937425073172,0.286470317533364
2021-04-12,16.54,-0.1370770943513775,0.3645211236452112,0.07672719220549158,0.35952967651538814,0.26692599745536366,0.2815186026338751,0.12534498620055198
2021-04-13,17.11,-0.06942137892421663,0.39451570101724903,0.2332300199247288,0.3559894445838488,0.3279117218419422,0.3279117218419422,0.0
2021-04-14,16.49,-0.056585512076928524,0.3617068317488393,0.2789951305887561,0.35191611220629726,0.3308726915146309,0.3308726915146309,0.0
2021-04-15,17.6,0.0835051343545623,0.4248452696728559,0.8297189643726488,0.36462563594583874,0.5397299566637811,0.5397299566637811,0.0
2021-04-16,17.61,0.053657184834370764,0.4250828729281768,0.7507743362831858,0.3712226241980737,0.5156932778031454,0.5156932778031454,0.0
2021-04-19,18.04,0.08680982503893242,0.4489615554573575,0.8381995133819952,0.3809628204397036,0.556041296426352,0.556041296426352,0.0
2021-04-20,17.96,0.04848397496995149,0.4447757897062072,0.7270013268465281,0.38462701974028923,0.5188013787643415,0.5188013787643415,0.0
2021-04-21,18.95,0.13904979495692782,0.5089443462897526,0.915874419632987,0.39793970965176084,0.6075861585248336,0.6075861585248336,0.0
2021-04-22,17.86,0.01466467340424682,0.4388385957164937,0.5989168877099912,0.3996064153344897,0.47912063292032486,0.5354485488877995,0.46873563218390807
2021-04-23,18.33,0.04007213934349885,0.4703090507726269,0.6988950276243094,0.4125542114799818,0.5272527632923061,0.5377604459856316,0.08892463235294118
2021-04-26,18.36,0.01758287055786667,0.4738468329287133,0.6123508616880248,0.42175021466698703,0.5026493030945751,0.5270820473192762,0.21887919154800184
2021-04-27,18.1,0.007764875397726634,0.4534421888790821,0.57090788601723,0.429628200853,0.4846594252497707,0.520253656616362,0.31290174471992654
2021-04-28,18.92,-0.0015843679047029546,0.5078314581954555,0.524845406360424,0.4373741704591804,0.49001701167168665,0.49673982724573273,0.058054153281321706
2021-04-29,18.92,0.057655988175379314,0.5078297309219233,0.7627511591962906,0.45058028265291583,0.57372039092371,0.57372039092371,0.0
2021-04-30,18.84,0.027443207296603767,0.5040793825799339,0.6524282560706401,0.4576121249820922,0.5380399212108887,0.5380399212108887,0.0
2021-05-03,18.09,-0.014815085785140347,0.4521604938271605,0.4633634959170161,0.46424579013720224,0.45992325996045963,0.5092720018033032,0.41811926605504585
2021-05-04,16.89,-0.06919020745207138,0.38428476967158914,0.2335613415710503,0.46529063040717933,0.36104558054993957,0.48454923286333695,0.7943603851444292
2021-05-06,17.0,-0.10700621956751633,0.3884971353018951,0.12960511802338406,0.46643883767425676,0.328180363666512,0.45218190326230195,0.7958295142071494
2021-05-07,16.43,-0.1411106315745556,0.3563560255562899,0.07112924569916189,0.46785049600298423,0.29844525575281206,0.39712687622812237,0.7001832340815392
2021-05-10,17.34,-0.08296629779582121,0.40925110132158593,0.19250275633958103,0.47204646503979564,0.3579334409003209,0.36110558016600885,0.024954212454212456
2021-05-11,20.0,0.10037297414678692,0.568927548998018,0.8643077601410935,0.4968461398720058,0.6433604830037057,0.6433604830037057,0.0
2021-05-12,22.17,0.2720182928085113,0.667107001321004,0.9796120784659467,0.5223204738431302,0.7230131845433604,0.7230131845433604,0.0
2021-05-13,21.9,0.2532732927662389,0.6539731454985692,0.9745482591449978,0.5470159599007794,0.7251791215147821,0.7251791215147821,0.0
2021-05-14,19.32,0.16203189673519525,0.5326804577464789,0.93842256003525,0.5524294294941849,0.6745108157586378,0.6745108157586378,0.0
2021-05-17,19.29,0.10657085556524182,0.5299229922992299,0.873898678414097,0.5581285410317341,0.6539834039150203,0.6840094017471012,0.26613272311212816
2021-05-18,18.23,-0.09266368486341925,0.46282446106467223,0.16329002422373926,0.5416023764429606,0.3892389539104573,0.6331850959284516,0.987419945105215
2021-05-20,19.12,-0.1480051160049647,0.5202331207389488,0.06594011448701012,0.5269622794097912,0.3710451715452501,0.5627914933288295,0.9435299497027893
2021-05-21,20.09,-0.086264457995612,0.5739885664028144,0.18412942989214176,0.5102947601690966,0.42280425215468426,0.5023165194568099,0.6058043875685558
2021-05-24,20.59,0.06366469225532612,0.6000219828533744,0.7813600352112676,0.5188854235350505,0.6334224805332309,0.6334224805332309,0.0
2021-05-25,18.99,-0.015674302093443337,0.5126373626373626,0.45995599559955996,0.5139701555310501,0.4955211712559909,0.4955211712559909,0.0
2021-05-26,18.68,0.02438484411012487,0.494946165677873,0.6404531456225253,0.5152001959481417,0.5501998357495134,0.5501998357495134,0.0
2021-05-27,18.29,-0.044380445220481235,0.46759666080843587,0.3304376511985925,0.5095423018759097,0.4358588712943126,0.5075613221975465,0.5653266331658291
2021-05-28,17.31,-0.14893780963872505,0.40500768723918296,0.06519349164467898,0.4954804097341092,0.32189386287265703,0.48737924434114105,0.9075342465753424
2021-05-31,17.04,-0.18924199963852883,0.38877909530083443,0.03374367992965487,0.474278956861916,0.29893391069746844,0.4204815303739885,0.7879963486992241
2021-06-01,16.48,-0.14176500034286876,0.3589462129527991,0.07087912087912088,0.4561118992414497,0.29531241102445654,0.3804397783276816,0.6389142335766423
2021-06-02,16.63,-0.11624513959586036,0.36830553116769094,0.11107448912326962,0.4452083000051193,0.30819610676535997,0.33203903253085093,0.21454628362973097
2021-06-03,17.48,-0.0452970921753848,0.4165020847048497,0.32765817223198596,0.4483661536474742,0.3975088035281033,0.3975088035281033,0.0
2021-06-04,17.43,0.006908490343811469,0.4139973672663449,0.5658906215681968,0.4599107970352058,0.4799329286232492,0.4799329286232492,0.0
2021-06-07,17.04,0.0,0.3889010747971046,0.5312911725955204,0.4722284714386351,0.46414023961042,0.46414023961042,0.0
2021-06-08,16.24,-0.01467018974779366,0.34385964912280703,0.4650933040614709,0.47740844882671285,0.4287871340036636,0.4287871340036636,0.0
2021-06-09,16.58,-0.003011143497687385,0.3654900241175181,0.5181079894644425,0.46366751643778403,0.44908851000658156,0.44908851000658156,0.0
2021-06-10,15.44,-0.12409582563075938,0.30491012713722054,0.09754224270353302,0.43256084868912914,0.2783377395099609,0.42005731035077504,0.847538742023701
2021-06-11,14.51,-0.18335479263583299,0.24720578566732412,0.03696796840719614,0.398952157424903,0.2277086371664744,0.36961245205942006,0.8489749430523919
2021-06-14,14.46,-0.16417730467055058,0.2450701139351446,0.05099802588286905,0.3695762854758101,0.2218814750979413,0.32116069915692436,0.7010473588342441
2021-06-15,14.33,-0.12512209289345133,0.23515881708652794,0.09616228070175438,0.342763771152684,0.22469495631365546,0.2803422636189227,0.4617660446062813
2021-06-16,14.7,-0.12034965592245817,0.2644546649145861,0.10403420302565226,0.3363231307189797,0.23493733288640603,0.23751202819488762,0.022520473157415833
2021-06-17,14.98,-0.03024556650755672,0.2826800963433326,0.3922621657167909,0.33854235638983377,0.33782820614998577,0.33782820614998577,0.0
2021-06-18,14.62,0.0075523874255361,0.25678633975481613,0.571663379355687,0.3403006494602224,0.3895834561902419,0.3895834561902419,0.0
2021-06-21,16.28,0.11855114384377563,0.34766907419566645,0.8931858019281332,0.3367874709117014,0.525880782345167,0.525880782345167,0.0
2021-06-22,15.11,0.053001534444567344,0.2900437636761488,0.7484118291347207,0.33843402677605006,0.45896320652897327,0.45896320652897327,0.0
2021-06-23,14.75,0.003395589001138344,0.2686501859549333,0.5496057818659659,0.3305054431890626,0.38292047033665394,0.4190352243102044,0.31628012733060484
2021-06-24,14.84,-0.00938974034983886,0.27296587926509186,0.49036566673965404,0.3296378740390056,0.3643231400145838,0.42433421108312397,0.4975
2021-06-25,14.82,0.013587165546308455,0.2720314891755959,0.5944614711033275,0.33954516857388206,0.40201270961760177,0.42682006176859594,0.2210358927760109
2021-06-28,14.8,-0.09531017980432521,0.2714254481853957,0.1572554169402495,0.33969912082126097,0.25612666198230205,0.372869237696023,0.7699818346957311
2021-06-29,14.52,-0.03982976688799811,0.24786885245901638,0.350218818380744,0.343905679246457,0.31399778336207246,0.34387615306264285,0.2644121652292329
2021-06-30,14.17,-0.040116029083239635,0.22268356643356643,0.34882957777291623,0.346209007344345,0.3059073838502759,0.3284735357653672,0.198502722323049
2021-07-01,14.33,-0.034970995899153756,0.23487000218483722,0.3699693788276465,0.3427259854462362,0.3158551221529066,0.31877993219303175,0.023809523809523808
2021-07-02,13.74,-0.07566633307373793,0.19047619047619047,0.21506669582331073,0.3283673578828602,0.24463674806078714,0.2873047398816688,0.3696736174070716
2021-07-05,13.11,-0.12125188299446066,0.1445730508844726,0.10242675994752952,0.31153754696884467,0.18617911926694894,0.2733152313385982,0.6472587222473947
2021-07-06,12.71,-0.13313792419528703,0.1138646288209607,0.08295081967213115,0.296234109351565,0.16434985261488563,0.24338564518916087,0.6043931159420289
2021-07-07,13.29,-0.0641151809774354,0.15760750927745035,0.254916958041958,0.28445727069500115,0.23232724600480317,0.23232724600480317,0.0
2021-07-08,14.19,-0.009817750668129399,0.22435617634220864,0.4884203626829801,0.2922153749246121,0.33499730464993366,0.33499730464993366,0.0
2021-07-09,15.12,0.09570708395718386,0.29260309840715687,0.8539755351681957,0.31377549691213286,0.48678471016249514,0.48678471016249514,0.0
2021-07-12,13.62,0.0381640029457575,0.18346422338568935,0.6939288054160297,0.32830861913672554,0.4019005493128149,0.4019005493128149,0.0
2021-07-13,12.55,-0.012668419623569793,0.10152671755725191,0.47652838427947597,0.3344769692379367,0.3041773570248882,0.352037433430987,0.40810321412403805
2021-07-14,12.97,-0.024372874396801247,0.13508504143044048,0.41541148220912466,0.3390271606304198,0.29650789475666167,0.3648735631813587,0.5459276018099547
2021-07-15,13.04,-0.08451593467344454,0.13908872901678657,0.18976429506765605,0.33037492968102783,0.2197426512551568,0.3418226325024033,0.789914066033469
2021-07-16,13.23,-0.13353139262452274,0.1549694856146469,0.08193323150774602,0.31558625463132506,0.18416299058457267,0.2812982885868188,0.6891952983725136
2021-07-19,15.25,0.11304020233205447,0.29962954892133364,0.8844895287958116,0.3141678596711587,0.49942897912943457,0.49942897912943457,0.0
2021-07-20,15.68,0.22266534934446858,0.31971677559912853,0.9660850599781897,0.3203515157403199,0.5353844504392127,0.5353844504392127,0.0
2021-07-21,16.12,0.21742173875012982,0.3423001524722283,0.9645660706498037,0.3325667721228482,0.5464776650816268,0.5464776650816268,0.0
2021-07-22,14.6,0.11299997221578417,0.2556620209059233,0.8839110529758012,0.34197281031977267,0.4938486280671657,0.4938486280671657,0.0
2021-07-23,14.42,0.08612915372993868,0.24286958414979318,0.8354402789886661,0.3472682328912611,0.4751926986765735,0.5100664842788026,0.3061455038409399
2021-07-26,16.05,0.05112934652260437,0.3397910317805834,0.7399215515362824,0.36354402584604156,0.4810855363876358,0.5063977957304429,0.22470641373080397
2021-07-27,15.75,0.004454350349380576,0.32372143634385203,0.5541394335511982,0.37053835582242384,0.41613307523915805,0.48254752069043194,0.537020316027088
2021-07-28,16.11,-0.0006205398895993142,0.3421453437771976,0.5304944456545415,0.37806652195305523,0.4169021037949314,0.4566324084330929,0.34724729241877256
2021-07-29,15.58,0.06496651172831136,0.31607570154448555,0.7856054006968641,0.3904875649837769,0.4973895557417089,0.4973895557417089,0.0
2021-07-30,17.3,0.18209036964693048,0.4095258808177468,0.9489440452863053,0.41431074097889076,0.5909268890276476,0.5909268890276476,0.0
2021-08-02,15.77,-0.01759944860107776,0.3249619482496195,0.4509142359599478,0.4275326503133298,0.40113627817429903,0.464497580395549,0.5189445196211097
2021-08-03,14.78,-0.06356544975158673,0.2718478260869565,0.25647442872687704,0.43582032047134833,0.321380858428394,0.4455471370333962,0.7968890892696122
2021-08-04,14.77,-0.08684210064559483,0.2713540534666377,0.18396431679721498,0.43689016804495945,0.2974028461029374,0.42164728549499736,0.7974312753492564
2021-08-05,14.53,-0.06977256286041067,0.2503259452411995,0.23199912986730475,0.43112888144704237,0.3044846521851822,0.3830663047836921,0.602027027027027
2021-08-06,14.18,-0.1988739803997519,0.22398435802737346,0.02925184862983906,0.4087953207740888,0.22067717581043378,0.3090163621402493,0.6535344439441693
2021-08-09,14.28,-0.099249444063509,0.2315377932232841,0.1481843879104153,0.39635354958238833,0.2586919102386959,0.2805274885531287,0.19104410441044103
2021-08-10,14.52,-0.0177479061234056,0.2496199782844734,0.45010869565217393,0.39939538888488635,0.36637468760717784,0.36637468760717784,0.0
2021-08-11,15.12,0.023420274208098668,0.29407294832826747,0.63910019560965,0.4089623043923451,0.4473784827767542,0.4473784827767542,0.0
2021-08-12,14.09,-0.030750151671602666,0.21814629911004993,0.38993915688830944,0.41594311519019306,0.3413428570628508,0.3413428570628508,0.0
2021-08-13,15.45,0.08577648223977308,0.3103298611111111,0.8349989137519009,0.4386537666337086,0.5279941804989069,0.5279941804989069,0.0
2021-08-17,16.34,0.13475613252041851,0.35636797569971795,0.912141615986099,0.44076352948292535,0.5697577070562474,0.5697577070562474,0.0
2021-08-18,15.48,0.06402185876493105,0.3116052060737527,0.783170466883822,0.4359878754174318,0.5102545161250022,0.5102545161250022,0.0
2021-08-19,17.82,0.16430305129127643,0.4422034265885925,0.9395353886235345,0.4378596902196842,0.6065328351439371,0.6065328351439371,0.0
2021-08-20,18.92,0.2947542377131436,0.514093668690373,0.9846971999131756,0.4468401350877297,0.6485436678970928,0.6485436678970928,0.0
2021-08-23,17.29,0.11251929635144453,0.4101452417082159,0.8829210069444444,0.4522090447255847,0.5817584311260816,0.5833694314696722,0.015969410706252813
2021-08-24,15.62,-0.045063945020316964,0.31772865192891203,0.32837925797353007,0.44136892789022414,0.36249227926422206,0.5419163459112671,0.9300809352517986
2021-08-25,15.48,0.0,0.3113759479956663,0.531887201735358,0.4405039848861235,0.42792237820571594,0.52544991832741,0.6941573033707865
2021-08-26,16.15,-0.09840137237399782,0.3458622183708839,0.14975059639991325,0.43107831051959994,0.3088970417634657,0.4659227596513157,0.8910601976639713
2021-08-27,16.17,-0.1570618900347167,0.3469785575048733,0.058000867302688636,0.41366076858375533,0.2728800644637724,0.3907900389646516,0.7757072294566681
2021-08-30,15.88,-0.08506784387620936,0.3327197921177999,0.1882722740082376,0.3927238220843049,0.3045719627367808,0.3353527452867914,0.2726660682226212
2021-08-31,14.76,-0.056631325239213215,0.27105434076639967,0.279692241005635,0.38709558202336664,0.3126140545984671,0.3253771003536404,0.10744728577837595
2021-09-01,14.96,-0.03416889561524972,0.2843073593073593,0.37313109425785485,0.39032348699215114,0.3492539801857884,0.3492539801857884,0.0
2021-09-02,15.25,-0.057340546615245014,0.3002596840510712,0.27827123050259966,0.39340380059939656,0.32397823838435574,0.32397823838435574,0.0
2021-09-03,14.62,-0.10076721926738319,0.2582215491129381,0.1450075806800953,0.3914264019665098,0.26488517725318106,0.3110606826317146,0.39663677130044844
2021-09-06,14.24,-0.10900554983515987,0.2282067921263249,0.1272195755738415,0.3939811559925836,0.24980250789758332,0.30010679166387516,0.42335275661138505
2021-09-07,14.18,-0.04008829806834502,0.22329152249134948,0.34953453128382767,0.39880875280862055,0.32387826886126586,0.32387826886126586,0.0
2021-09-08,14.73,-0.015493742071792216,0.26897297297297296,0.4622294372294372,0.39959559621526464,0.3769326688058916,0.3769326688058916,0.0
2021-09-09,16.02,0.049258438586792685,0.3407911802853437,0.7306859987015798,0.4030531970914898,0.49151012535947114,0.49151012535947114,0.0
2021-09-10,15.18,0.037588317645851355,0.2971687918737843,0.6906101254868022,0.4125455336255454,0.4667748169953773,0.4667748169953773,0.0
2021-09-13,15.28,0.0704898777545444,0.30196629213483145,0.7978585334198572,0.41140793489283745,0.5037442534825087,0.5037442534825087,0.0
2021-09-14,14.67,0.03397207105090905,0.2630157701447397,0.676794982698962,0.4031904639217845,0.44766707225516206,0.45732578737968216,0.08400537634408602
2021-09-15,14.66,-0.004763534016033688,0.26220302375809934,0.5090810810810811,0.3951031747188246,0.38879575985266834,0.4596984055890375,0.5613524406627854
2021-09-16,15.44,-0.03687639704358325,0.3106240552796372,0.36219195849546043,0.37738010468289895,0.35006537281933214,0.4314094550810097,0.6134735899731424
2021-09-17,15.48,0.019570096194096998,0.3129317789291883,0.6241625243138103,0.36333769054888515,0.43347733126396126,0.43347733126396126,0.0
2021-09-23,16.72,0.09006082391818104,0.38301316641485,0.8421564390665515,0.36164027446960373,0.528936626650335,0.528936626650335,0.0
2021-09-24,16.33,0.10719931482748324,0.3584376348726802,0.8752430330524952,0.376329593420172,0.5366700871151158,0.5366700871151158,0.0
2021-09-27,15.92,0.08245348395773178,0.33743257820927725,0.8262419006479481,0.38433987664832703,0.5160047851685174,0.5160047851685174,0.0
2021-09-28,16.45,0.06336393261475104,0.36496980155306297,0.7807169077952926,0.400591724012766,0.5154261444537073,0.5154261444537073,0.0
2021-09-29,17.87,0.1435744610097558,0.4480267414276472,0.9236830742659758,0.4247599837849176,0.5988232664928469,0.5988232664928469,0.0
2021-09-30,17.35,0.03698689873631311,0.41871496334626995,0.6864882365637816,0.43936526212951793,0.5148561540131898,0.5363560874486755,0.18814317673378075
2021-10-01,18.91,0.1466869756879925,0.515843931881871,0.9265213638325421,0.46165572997807736,0.6346736752308302,0.6346736752308302,0.0
2021-10-05,21.22,0.2873679527695998,0.6351293103448276,0.9830636461704423,0.48567459255182877,0.7012891830223662,0.7012891830223662,0.0
2021-10-06,21.84,0.2834176736653231,0.6591251885369532,0.9813416738567731,0.5122229912478302,0.7175632845471854,0.7175632845471854,0.0
2021-10-07,20.54,0.13925087532907554,0.6055579491598448,0.9160017252533966,0.5401812548633353,0.6872469764255257,0.6872469764255257,0.0
2021-10-08,20.47,0.16536789328032953,0.6009045875511523,0.9403837861147046,0.5698278050124775,0.7037053928927781,0.7037053928927781,0.0
2021-10-12,22.4,0.16937007619062783,0.681739879414298,0.9427678378960983,0.596119846600858,0.7402091879704181,0.7402091879704181,0.0
2021-10-13,20.54,-0.03256992868542463,0.6054897739504844,0.3804956896551724,0.6024894229359392,0.5294916288471987,0.6756432941366212,0.8642665474060823
2021-10-14,18.21,-0.1817722571371876,0.4698665518725786,0.037815126050420166,0.5883945354093412,0.3653587377774466,0.6052023847826734,0.9845775592311131
2021-10-15,17.03,-0.18739770982581527,0.39681514955885516,0.03479103834554072,0.5744902171729364,0.33536546835911074,0.5348260831693905,0.9519660411081322
2021-10-18,18.01,-0.12803324048533327,0.45578743545611017,0.09142795606289038,0.5606749813220441,0.36929679094701484,0.4679443627802378,0.6987494417150514
2021-10-19,17.24,-0.26182869362544725,0.4082598408259841,0.009151593453919036,0.5476149983579492,0.32167547754595077,0.38423762069534434,0.5127232142857143
2021-10-20,17.73,-0.14711608441429558,0.4395698924731183,0.06706135629709364,0.540998676956225,0.34920997524214564,0.34920997524214564,0.0
2021-10-21,17.68,-0.02953683653001926,0.4375403139109869,0.3959319845027981,0.5450150840721922,0.45949579416199243,0.45949579416199243,0.0
2021-10-22,17.2,0.009932889144810275,0.4062768701633706,0.5798364536259952,0.5462405595858513,0.510784627791739,0.510784627791739,0.0
2021-10-25,17.03,-0.05595066451326769,0.3964109176875134,0.28237951807228917,0.5325810803428114,0.40379050536753797,0.40899127602187313,0.04618473895582329
2021-10-26,16.11,-0.06779206804666371,0.34443489471422434,0.23865347386534738,0.5163162728591713,0.3664682138129143,0.41794982327526586,0.43108831400535236
2021-10-27,16.88,-0.04912863091830566,0.3908700322234157,0.31172043010752687,0.5047891724460143,0.4024598782589856,0.4285998038786339,0.23517610343290235
2021-10-28,17.09,-0.03394056008199797,0.40002147766323026,0.3748656202967104,0.4955191821613038,0.42346876004041484,0.42346876004041484,0.0
2021-10-29,18.55,0.07556040523403684,0.4965643117887052,0.8072871883061049,0.4938227242713336,0.5992247414553812,0.5992247414553812,0.0
2021-11-01,18.33,0.07356256717701637,0.4798196650923143,0.8036750483558994,0.49828001210978756,0.5939249085193338,0.5939249085193338,0.0
2021-11-02,17.28,0.07010956618702657,0.4118909637261215,0.7951224752900731,0.4923962156923321,0.5664698849028422,0.5664698849028422,0.0
2021-11-03,18.36,0.08404489602453324,0.48358369098712445,0.8293233082706767,0.4847640667608954,0.5992236886728989,0.5992236886728989,0.0
2021-11-04,17.6,0.029405404916607036,0.43284702853464924,0.6599012027491409,0.471071100983147,0.5212731107556458,0.5760232668612204,0.4534313725490196
2021-11-05,18.02,-0.028987536873252395,0.4572072072072072,0.3973588146875671,0.4543962596701854,0.43632076052165325,0.5434424706744748,0.7334075723830735
2021-11-08,18.24,-0.004922077205427922,0.47330045035384943,0.5074066122799484,0.4403817268943839,0.4736962631760606,0.5193967416058202,0.391139804096171
2021-11-09,18.0,0.04082199452025481,0.4557246998284734,0.7006868426701008,0.4286793225240883,0.5283636216742209,0.5283636216742209,0.0
2021-11-10,18.19,-0.009302392662313252,0.46966773847802784,0.4910944206008584,0.428048739910919,0.46293696632993503,0.4845181444915031,0.189363595905652
2021-11-11,16.98,-0.03586272116090505,0.3934847835405058,0.36462132589573054,0.43430935069875,0.3974718200449954,0.45975788634937304,0.511788256227758
2021-11-12,16.18,-0.10770634054984596,0.3473323334047568,0.12923637923637923,0.43543341381716855,0.3040007088194348,0.43329387600892943,0.8170297910182304
2021-11-15,15.9,-0.13729787541999938,0.3338688946015424,0.07645292730002144,0.4320110745767326,0.28077763215943213,0.39471014980560365,0.7611111111111111
2021-11-16,15.97,-0.11965979566924334,0.3374384236453202,0.1051672384219554,0.4326409302714168,0.29174886411289747,0.347387198293339,0.46179475788538427
2021-11-17,16.51,-0.09690573459799445,0.36798715203426124,0.15359056806002144,0.4330145920545186,0.31819743738293377,0.3184392925039387,0.0019982238010657193
2021-11-18,16.74,-0.014235115821872313,0.3828944551487904,0.46817402486069437,0.43345449659441104,0.42817432553463197,0.42817432553463197,0.0
2021-11-19,16.25,0.004316997145400681,0.3516695205479452,0.5537818727233769,0.43143794833146004,0.44562978053426067,0.44562978053426067,0.0
2021-11-22,16.17,0.01683856436282971,0.3469933661459448,0.6110754070265638,0.4384199067667776,0.4654962266464287,0.4654962266464287,0.0
2021-11-23,16.5,0.032648418679613656,0.3676722293538725,0.6721996144784751,0.44983949364809706,0.4965704458268149,0.4965704458268149,0.0
2021-11-24,16.27,-0.014643336701090082,0.35294117647058826,0.46541755888650965,0.45273370047375094,0.42369747861028295,0.45191365143048384,0.250554815801154
2021-11-25,16.16,-0.035262011968379525,0.3462360992301112,0.3670520231213873,0.4511937260835399,0.38816061614501285,0.44391090955256,0.46339840283939665
2021-11-26,18.04,0.10449860585873116,0.45937566816335257,0.8695419520547946,0.45182037908662326,0.5935793331015902,0.5935793331015902,0.0
2021-11-29,20.92,0.25754796560770643,0.6246259085079093,0.975925529638348,0.4597467972040744,0.6867660784501105,0.6867660784501105,0.0
2021-11-30,23.23,0.34208416587578316,0.7139346014105578,0.9904792468977321,0.47218180743637683,0.7255318852482223,0.7255318852482223,0.0
2021-12-01,20.57,0.2345107824339192,0.6086538461538461,0.9690909090909091,0.47880275133605066,0.6855158355269353,0.6855158355269353,0.0
2021-12-02,21.02,0.26293531235585554,0.6292458876308481,0.9780795551753636,0.4916671816241112,0.699664208143441,0.699664208143441,0.0
2021-12-03,20.09,0.10763066419236544,0.5837249038872276,0.8748129142612786,0.5067664765304545,0.6551014315596536,0.6905158877856726,0.3093126385809313
2021-12-06,20.91,-0.0004781257561798924,0.6240657698056801,0.5304617357845233,0.5111119876043646,0.5552131643981894,0.6642053049752883,0.7417996453900709
2021-12-07,18.48,-0.22875548056877992,0.49348847139197266,0.01592220559948707,0.4949369659666868,0.3347825476527155,0.5860554374561869,0.9913602126716881
2021-12-08,17.69,-0.15083419549317156,0.4390608324439701,0.06335470085470085,0.48347830032218136,0.3286312778736174,0.5146785259255233,0.9391054030115146
2021-12-09,16.65,-0.2330641490223524,0.37633376013657704,0.015274513992736594,0.4743158544395084,0.28864137618960733,0.4324739595347566,0.8572377158034529
2021-12-10,17.39,-0.1443268504606512,0.421378280349904,0.06952157197778727,0.47467413293167215,0.32185799508645446,0.36582527224011685,0.3767699115044248
2021-12-13,18.0,-0.1498557555443778,0.4564846416382253,0.06480888319453341,0.47744842550495215,0.3329139834459036,0.3329139834459036,0.0
2021-12-14,18.4,-0.004338401598598107,0.4890168479419919,0.5103543979504697,0.49136756510058166,0.4969129369976811,0.4969129369976811,0.0
2021-12-15,18.43,0.040980263510037584,0.49211087420042643,0.7019210245464248,0.508178919566896,0.5674036061045824,0.5674036061045824,0.0
2021-12-16,16.98,0.01962596445674869,0.39383926668087826,0.623666239863423,0.5123398452302663,0.5099484505915225,0.5099484505915225,0.0
2021-12-17,17.02,-0.021506205220963803,0.39588661551577153,0.4312993385961169,0.5103832092512806,0.445856387787723,0.4706070729854825,0.21959310039805396
2021-12-20,19.52,0.08106782308878202,0.5530577455785212,0.8215656996587031,0.5207970760528984,0.6318068404300409,0.6318068404300409,0.0
2021-12-21,18.32,-0.004357305368955622,0.48072006817213464,0.5100234591597356,0.5195688681403865,0.5034374651574188,0.5316905500142576,0.2504420866489832
2021-12-22,17.42,-0.05636080025737478,0.4230031948881789,0.2804904051172708,0.5166972397565953,0.4067302799206816,0.4995558847774773,0.6714538223596995
2021-12-23,16.93,-0.00294898473815719,0.3916098807495741,0.518759326369644,0.5216242668757882,0.4773311579983354,0.49303242625884,0.13582155477031801
2021-12-24,16.5,-0.03102874223869323,0.3664040877155631,0.38842710997442453,0.5072721063125842,0.4207011013341906,0.4880013689681335,0.5419426048565121
2021-12-27,17.46,-0.11152703057349056,0.42539378458918686,0.12135094822075432,0.48092693867917635,0.3425572238297058,0.4301514456480665,0.6484995586937334
2021-12-28,17.07,-0.0706708224396353,0.39912747393062353,0.22954835960801023,0.4540334883099349,0.3609031072828562,0.4016445740731539,0.35663872959858844
2021-12-29,16.55,-0.051232869601284925,0.36957446808510636,0.3004259850905218,0.43133988075820673,0.3671134446446116,0.3937212070179399,0.23875661375661375
2021-12-30,16.5,-0.025726815238509282,0.3661986811316741,0.4098168654173765,0.41055713335177774,0.3955242266336094,0.3955242266336094,0.0
2022-01-03,16.57,0.0042334505319368,0.37165036154827735,0.5536512667660208,0.39722622860592255,0.44084261897340693,0.44084261897340693,0.0
2022-01-04,16.0,-0.08732382817167483,0.33659366361896664,0.18316304810557685,0.38135695875928105,0.30037122349460815,0.3729509242058185,0.5691934773027766
2022-01-05,16.58,-0.029125387099200317,0.37255527210884354,0.39742498403915727,0.3878711982381946,0.38595048479539845,0.38595048479539845,0.0
2022-01-06,17.52,0.056956983685173324,0.4292242295430393,0.7590425531914894,0.40501747947409095,0.53109475406954,0.53109475406954,0.0
2022-01-07,16.99,0.02926455477730583,0.3949213769655759,0.6597532439906403,0.4215941381447636,0.49208958636699324,0.49208958636699324,0.0
2022-01-10,17.41,0.04945092234162596,0.4235181644359465,0.7312845597618035,0.438191709941515,0.5309981447130884,0.5309981447130884,0.0
2022-01-11,17.27,0.07638216991880586,0.41217077315208156,0.8093769934084627,0.45569806598470974,0.5590819441817514,0.5590819441817514,0.0
2022-01-12,15.91,-0.04124930735745336,0.3318114249309832,0.34258078231292516,0.4475735900184959,0.37398859908746807,0.4974506056837683,0.7944933920704845
2022-01-13,15.96,-0.09325749348658263,0.33397027600849255,0.16354941551540914,0.4301607848379222,0.30922682545394126,0.4530770199606485,0.8579920739762219
2022-01-14,16.97,-0.0011778564377058487,0.3937592867756315,0.5279430514237144,0.4277657056292982,0.4498226812762147,0.4498226812762147,0.0
2022-01-17,17.53,0.00686894515304548,0.4307088285229202,0.5671340556617803,0.4320321288811185,0.47662500435527305,0.47662500435527305,0.0
2022-01-18,18.16,0.05025048101456031,0.4707192870782941,0.7339634664401019,0.4277836115881478,0.5441554550355145,0.5441554550355145,0.0
2022-01-19,18.76,0.16477910122838324,0.5142129826050064,0.9393714164366107,0.43935463338089153,0.6309796774741695,0.6309796774741695,0.0
2022-01-20,17.99,0.11973045594077902,0.4575821845174973,0.8935244161358811,0.4555449583970897,0.602217186350156,0.602217186350156,0.0
2022-01-21,19.36,0.1317620026022963,0.5477099236641222,0.9075567819995755,0.4691673958607018,0.6414780338414664,0.6414780338414664,0.0
2022-01-24,21.48,0.20320857070752085,0.6488234047063812,0.9595713073005093,0.4905064837186243,0.6996337319085049,0.6996337319085049,0.0
2022-01-25,26.26,0.3688254957015027,0.8142221280203477,0.9928920008487163,0.5220157186201024,0.7763766158297222,0.7763766158297222,0.0
2022-01-26,24.83,0.28032565594199665,0.7705022250476796,0.980377598642342,0.550070818373887,0.7669835473546361,0.7669835473546361,0.0
2022-01-27,27.94,0.44024330586637417,0.8477754237288135,0.995440084835631,0.5794011947586075,0.807538901107684,0.807538901107684,0.0
2022-01-28,23.97,0.21359396659786167,0.744757466638424,0.9619380831212893,0.602668194838874,0.7697879148661957,0.7697879148661957,0.0
2022-02-03,22.92,0.06488762220587496,0.7046802202456586,0.7832308670765317,0.6167334313140713,0.7015481728787538,0.7644470304073984,0.5165052816901409
2022-02-04,21.02,-0.222572503425845,0.6311666313783613,0.01812208562950403,0.6199717314461544,0.4230868161513399,0.6937890704717219,0.9949406071271447
2022-02-07,21.59,-0.13982235499335927,0.6531541066892464,0.07363848272939182,0.6188920397779203,0.4485615430655195,0.6301046696138985,0.9320580474934037
2022-02-08,21.06,-0.28268384712298644,0.6334391534391535,0.00625,0.6051775990455359,0.4149555841615631,0.5515880062246744,0.838021978021978
2022-02-09,19.68,-0.1972001568221855,0.5625264494286923,0.03018428299089176,0.5936285018321201,0.3954464114172347,0.4767197055348822,0.6122583479789103
2022-02-10,19.21,-0.1765789150660737,0.5362809392849588,0.043943244387971196,0.5792640383189996,0.38649607399730984,0.4137092857585934,0.2422046552481335
2022-02-11,20.92,-0.0047687262520828,0.626163282571912,0.507834003811137,0.5770752763145622,0.5703575208992038,0.5703575208992038,0.0
2022-02-14,23.84,0.09913459767043298,0.7400084584478748,0.8595469940728196,0.6002043574464819,0.7332532699890587,0.7332532699890587,0.0
2022-02-15,24.62,0.15618361405047798,0.7633192389006342,0.9323809523809524,0.630158869940424,0.7752863537406701,0.7752863537406701,0.0
2022-02-16,21.94,0.10870856322297673,0.6676178397801733,0.8758992805755396,0.6457042394943332,0.7297404532833487,0.7297404532833487,0.0
2022-02-17,23.28,0.19216364608277203,0.7179839391377852,0.9541992807277343,0.6625627478863536,0.7782486559172911,0.7782486559172911,0.0
2022-02-18,23.68,0.12392517081908272,0.734206634270019,0.8973138747884941,0.6732336917748566,0.7682514002777899,0.7682514002777899,0.0
2022-02-21,23.79,-0.0020995178822826865,0.7375369666244191,0.5219919644745189,0.6683823050762896,0.6426370787250758,0.7388327883888351,0.6841527655838455
2022-02-22,25.34,0.02882505413668568,0.7884899683210137,0.6567653276955603,0.6707360224603696,0.7053304394923146,0.724841605539164,0.1726634488810882
2022-02-23,24.07,0.09265479694789658,0.7480996621621622,0.8443246670894102,0.6741649630500663,0.7555297641005462,0.7555297641005462,0.0
2022-02-24,27.09,0.1515700332337664,0.8321722609246358,0.9280431107354185,0.6779604795413954,0.8127252837338167,0.8127252837338167,0.0
2022-02-25,23.84,0.006734032181344052,0.7395525538201773,0.5648637227973801,0.6653930332351078,0.6566031032842217,0.714565133867195,0.48004385964912283
2022-02-28,24.41,0.02572756009000221,0.7574382781177463,0.644169835234474,0.6566612404766627,0.6860897846096278,0.7232556750441054,0.3237615081104779
2022-03-02,24.89,-0.017918058513492596,0.7723628691983122,0.44762407602956705,0.6410805263932486,0.6203558238737094,0.7062607519203843,0.6408851884312007
2022-03-03,22.73,-0.057280613930528634,0.6974267032271673,0.27713260135135137,0.6227771202637188,0.5324454749474125,0.6616438940897577,0.8162505475251861
2022-03-04,24.57,-0.09763846956391564,0.7620202446225222,0.15210048553937092,0.6084323613347113,0.5075176971655347,0.6006023767761012,0.6722854640980735
2022-03-07,27.84,0.1551089932690699,0.8468269028041324,0.9317222456732799,0.63666387212145,0.8050710068662874,0.8050710068662874,0.0
2022-03-08,28.95,0.1705773196141358,0.8626686340640809,0.9424984173876345,0.6636232336722769,0.8229300950413307,0.8229300950413307,0.0
2022-03-10,25.71,0.03241390489829765,0.799473129610116,0.6703586497890295,0.6843767993212768,0.7180695262401408,0.7180695262401408,0.0
2022-03-11,24.41,0.07130724654041654,0.7566371681415929,0.7974056106306686,0.7084101004800937,0.754150959750785,0.754150959750785,0.0
2022-03-14,24.7,0.005277057100843585,0.7658521171266063,0.5568325601012231,0.7269716128189662,0.6832187633489318,0.7566880702494952,0.5717724288840262
2022-03-15,25.77,-0.0772628108019453,0.8017059814658803,0.20988825637781994,0.7239115366054825,0.5785019248163943,0.7113742538395165,0.8274278215223098
2022-03-16,23.74,-0.19840881483748252,0.7341545588544957,0.029827150084317033,0.7030221930159354,0.4890013006515827,0.6445884949615669,0.8860953213817228
2022-03-17,22.55,-0.13114495532911086,0.6898947368421052,0.08672286617492098,0.6800451283093214,0.4855542437754492,0.5980854384686285,0.7528409090909091
2022-03-18,21.93,-0.10713732197507175,0.664386444958956,0.13158449220396123,0.6613564737295016,0.48577580363080636,0.544410407244633,0.48645696810834427
2022-03-21,22.4,-0.09774228477293745,0.6831860269360269,0.15199073098799243,0.6404313121809639,0.49186935670166115,0.5061405259151788,0.12117903930131005
2022-03-22,21.03,-0.2032610349496653,0.6285503892278561,0.02727464195450716,0.6160389252340602,0.42395465213880784,0.4752310713796614,0.426669576604103
2022-03-23,19.61,-0.19112174897326684,0.5554270088346656,0.0335860181090756,0.5992760276301803,0.3960963515246405,0.456650081554273,0.4989092495636998
2022-03-24,19.73,-0.13359474591416332,0.5630914826498423,0.08326315789473684,0.5793035112433805,0.40855271726265324,0.44124977625171385,0.28761447884866986
2022-03-25,19.62,-0.1113061082925797,0.5560344827586207,0.1226057672069038,0.5564589092612293,0.4116997197422512,0.42643455947400283,0.12489102005231037
2022-03-28,19.6,-0.1335313926245223,0.5547614042463738,0.0836489898989899,0.5284137848233621,0.38894139298957525,0.40584896673158566,0.15010893246187365
2022-03-29,18.75,-0.11475623729818851,0.5092475830180748,0.11687355354512939,0.5114564063220032,0.3791925142950691,0.39689653916283785,0.16093205574912892
2022-03-30,17.88,-0.09235687046288676,0.44683757091826015,0.16817416912074043,0.49179149698917274,0.36893441234272445,0.3914641513264546,0.19656073138876795
2022-03-31,17.14,-0.14072540686489043,0.4009453781512605,0.0732912723449001,0.47314773962087975,0.3157947967056801,0.37291256721506005,0.47280243690165363
2022-04-01,17.07,-0.139226917330868,0.3959252257929006,0.07579899074852818,0.46057686241995244,0.31076702632046044,0.35272602853070184,0.36428882122662026
2022-04-04,16.49,-0.17277542966496418,0.3612977740445191,0.04677317637166281,0.4479256179263097,0.2853321894474972,0.33200418782228625,0.3984782608695652
2022-04-05,15.91,-0.1642459100667244,0.3281545244593743,0.05180748213535099,0.41296093937924255,0.2643076486579893,0.3090272146948703,0.3822251195132551
2022-04-06,16.79,-0.06289929865591892,0.3815071368597817,0.2606640050430763,0.3838860416405211,0.3420190611811263,0.3420190611811263,0.0
2022-04-07,17.78,0.03665931691612512,0.4409233997901364,0.6849789915966387,0.3752878069402118,0.5003967327756622,0.5003967327756622,0.0
2022-04-08,17.1,0.0017559267022653202,0.39771296684851026,0.540537702163411,0.3598930041962033,0.43271455773604145,0.43271455773604145,0.0
2022-04-11,17.57,0.0634387656274984,0.43056429620306275,0.7787694246115078,0.35705923028587183,0.5221309837001474,0.5221309837001474,0.0
2022-04-12,18.47,0.14919995186145307,0.49234479865771813,0.925992021834978,0.3672277948520967,0.595188205114931,0.595188205114931,0.0
2022-04-13,17.02,0.013605652055778794,0.39253512266722584,0.5941435768261965,0.37279521961596196,0.4531579730364614,0.5007176904726488,0.40551694178974806
2022-04-14,17.13,-0.03724291774972999,0.4008385744234801,0.36107030430220355,0.37242750150867837,0.37811212674478734,0.4762607692664738,0.6984368215371255
2022-04-15,17.77,0.03843317865794571,0.44068329490672814,0.6933487201007134,0.3808790284547915,0.5049703478207443,0.5049703478207443,0.0
2022-04-18,18.88,0.07191025851834842,0.5162405699916177,0.7993496958254668,0.3928893661521181,0.5694932106564009,0.5694932106564009,0.0
2022-04-19,17.69,-0.04314828603945431,0.43756547244919336,0.3352558724832215,0.39581427399586944,0.38954520630942807,0.45905577291356436,0.552734375
2022-04-20,17.34,0.018626848207167868,0.415060745705907,0.6176347242608513,0.40690633507144486,0.4798672683460677,0.4798672683460677,0.0
2022-04-21,16.77,-0.021239736500911377,0.3797905759162304,0.43280922431865826,0.41106246406370256,0.4078874214328638,0.47035269091310095,0.513882863340564
2022-04-22,17.75,-0.001126126245135417,0.44001256281407036,0.5274575560679103,0.418283210786614,0.4619177765561983,0.4619177765561983,0.0
2022-04-25,21.05,0.10879739941103583,0.6315679296629684,0.8758382229673093,0.44000810474873686,0.6491380857930049,0.6491380857930049,0.0
2022-04-26,19.94,0.11972825636199813,0.5774382586856426,0.8919966478106013,0.4610909489970629,0.643508618497769,0.643508618497769,0.0
2022-04-27,21.98,0.23711697762307926,0.6681314082444026,0.9699413489736071,0.48666747442653807,0.708246743881516,0.708246743881516,0.0
2022-04-28,20.45,0.19839130665369353,0.601673640167364,0.9571727748691099,0.5137827185400459,0.6908763778588399,0.6908763778588399,0.0
2022-04-29,18.92,0.06383404770230783,0.5188245137000628,0.7792085427135679,0.5344404395368509,0.6108244986501605,0.6605188649362581,0.41912402428447526
2022-05-02,20.5,-0.026475673984027726,0.6052906733584275,0.4066359639941386,0.5495368317102606,0.5204878230209422,0.6347888123818455,0.7635457303857824
2022-05-03,20.25,0.015427029018856064,0.5911561781308802,0.6032858936793638,0.5698988333406485,0.5881136350502975,0.6237098156923512,0.3108752166377816
2022-05-04,19.61,-0.11409330876722024,0.556438127090301,0.11853944339820047,0.5707189940552897,0.41523218818126373,0.5651069045523007,0.8724556084885232
2022-05-06,20.87,0.020329838600298356,0.6217345872518286,0.625418410041841,0.573750259202962,0.6069677521655439,0.6069677521655439,0.0
2022-05-09,21.39,0.12270395947058166,0.6450062682824906,0.8953147877013177,0.5888020188772591,0.7097076916203559,0.7097076916203559,0.0
2022-05-10,22.11,0.07560510872499249,0.6751618968038438,0.8058343789209536,0.5955935827500148,0.6921966194916042,0.6921966194916042,0.0
2022-05-11,21.1,0.04111824692947241,0.6346073517126148,0.7019652937486933,0.5935494783742301,0.6433740412785128,0.6433740412785128,0.0
2022-05-12,22.72,0.1472059536446957,0.6981624556274797,0.924435618729097,0.609447462745809,0.7440151790341285,0.7440151790341285,0.0
2022-05-13,19.69,-0.058201828438074976,0.5609603340292275,0.2747126436781609,0.6112915652203517,0.4823215143092467,0.6543230091467696,0.9201298701298701
2022-05-16,20.27,-0.05378156263040568,0.5915257774994782,0.2896991224404513,0.604971387343664,0.49539876242786446,0.6114612233082714,0.7691475551709217
2022-05-17,19.06,-0.1484380966432992,0.5269198664440734,0.06695216210570294,0.5869284314119811,0.3936001533205859,0.5517419300740677,0.8946799307958477
2022-05-18,18.4,-0.13692237586708078,0.48664719382432714,0.07926065162907268,0.5817555939250058,0.3825544797928018,0.49957801777692545,0.7719412019022914
2022-05-19,20.42,-0.10673078111643086,0.6002294534835211,0.13374399665901024,0.5742875434294,0.4360869978573105,0.43799238154156184,0.017934312878133102
2022-05-20,19.1,-0.030422557598449806,0.5287799791449427,0.39091858037578286,0.576965012411546,0.4988878573107572,0.4988878573107572,0.0
2022-05-23,19.44,-0.041809161431615394,0.5475396163469558,0.34095178459611775,0.5749905444630733,0.4878273151353823,0.4878273151353823,0.0
2022-05-24,20.61,0.07818449667631189,0.6114238065457578,0.8129173622704507,0.5729139198677216,0.6657516962279767,0.6657516962279767,0.0
2022-05-25,19.89,0.0778664282509407,0.5736765318882868,0.8119132067598581,0.570817790671519,0.6521358431065546,0.6521358431065546,0.0
2022-05-26,19.91,-0.02529269466041484,0.5752240050010419,0.4116604088443888,0.5545380820872047,0.5138074986442117,0.5636820420849765,0.4200863930885529
2022-05-27,18.8,-0.015831465216680662,0.51125,0.45954118873826905,0.5398367014297495,0.5035426300560061,0.5646129966340262,0.5049654576856649
2022-05-30,17.74,-0.09151082215085982,0.43751301812122473,0.17149708090075064,0.5226111274949581,0.3772070755056445,0.5424889487080787,0.9078549848942599
2022-05-31,17.26,-0.17738470924708594,0.4064972927946689,0.043256201792787156,0.5085567989258304,0.3194367645044288,0.4732259623633691,0.881578947368421
2022-06-02,17.6,-0.12231819082177431,0.4295232146575057,0.10243851604835348,0.4919947903982208,0.3413188403680267,0.4110625618156635,0.5530401034928849
2022-06-03,16.87,-0.16568522151822807,0.38301415487094087,0.0507397374453011,0.48596419844391425,0.30657269692005207,0.3696156014708316,0.5170258620689655
2022-06-07,18.1,-0.037944931564123596,0.4612903225806452,0.3567708333333333,0.47523690240942196,0.4310993527744668,0.4310993527744668,0.0
2022-06-08,17.1,-0.03674351337281889,0.3951310861423221,0.3629452197458863,0.45568078365703196,0.4045856965150801,0.4045856965150801,0.0
2022-06-09,17.0,-0.015178341599065615,0.389120033284793,0.46282798833819244,0.4399545773044866,0.43063419964249067,0.43063419964249067,0.0
2022-06-10,18.29,0.03845556035866782,0.4767054908485857,0.6932125754736623,0.4357882128260102,0.5352354263827528,0.5352354263827528,0.0
2022-06-13,23.3,0.3229164640137778,0.7210438760657101,0.9888634471273938,0.4379709440469234,0.7159594224133424,0.7159594224133424,0.0
2022-06-14,23.74,0.2712494509097416,0.7374220374220374,0.9786680541103018,0.4599813718925471,0.7253571544749621,0.7253571544749621,0.0
2022-06-15,24.27,0.35016255622989556,0.7550405321139056,0.991156887224303,0.4816056848775041,0.7426010347385709,0.7426010347385709,0.0
2022-06-16,23.72,0.3331052300733086,0.7360764754779717,0.989286457249844,0.5098929574819551,0.7450852967365903,0.7450852967365903,0.0
2022-06-17,25.79,0.3436323574904794,0.8050072719717432,0.990328618968386,0.5406286586191233,0.7786548498530842,0.7786548498530842,0.0
2022-06-20,26.37,0.12377363979354072,0.8186539260490237,0.8961322520274485,0.5651489768174718,0.759978384964648,0.759978384964648,0.0
2022-06-21,23.4,-0.014425366817865992,0.7241952232606438,0.4664241164241164,0.5719219963215727,0.5875137786687776,0.7227666689923342,0.8330461008186126
2022-06-22,25.64,0.054912612313959386,0.8004568106312292,0.7510912492205363,0.58849841279429,0.7133488242153518,0.7169162268876904,0.03251507321274763
2022-06-23,25.92,0.08869629735454909,0.808802159020137,0.8365544472152951,0.5940237987297705,0.7464601349884008,0.7464601349884008,0.0
2022-06-24,23.94,-0.07443611976342623,0.7455375674553757,0.21909412009141907,0.5834998474522368,0.5160438449996771,0.6646689935673711,0.868489022815325
2022-06-27,22.5,-0.1587116911548212,0.689769661755551,0.056398005816368925,0.5774819287953992,0.4412165321224397,0.6009166229989293,0.8978055077452668
2022-06-28,21.21,-0.09826325378706446,0.6381742738589211,0.1529595015576324,0.5729904934623562,0.4547080896263032,0.5743554851904346,0.7817204301075269
2022-06-29,22.46,-0.13241768274217236,0.687720389960589,0.08689784053156147,0.5771306967491105,0.450582975747087,0.5218023154967816,0.5616938950988822
2022-06-30,23.9,-0.08113641254660875,0.74419328079635,0.2016815445297903,0.5895337300175776,0.5118028517812393,0.5118028517812393,0.0
2022-07-01,23.98,0.0016694494695408402,0.7465270578478126,0.5395392278953923,0.6083863438935113,0.6314842098789054,0.6314842098789054,0.0
2022-07-04,24.07,0.06745094258460638,0.7494817578772802,0.7878190495953518,0.6359750167724211,0.724425274748351,0.724425274748351,0.0
2022-07-05,22.73,0.06921286928786063,0.6982383419689119,0.7913900414937759,0.6527641974611388,0.7141308603079422,0.7141308603079422,0.0
2022-07-06,24.67,0.09385198123096838,0.7680273518441774,0.8461937357394731,0.6741678170035248,0.7627963015290584,0.7627963015290584,0.0
2022-07-07,23.6,-0.01263174690590052,0.7309923347835094,0.47583990045624225,0.6830399223439441,0.6299573858612318,0.6925588064650977,0.5128921357971638
2022-07-08,23.0,-0.041725933670218485,0.7081607290803645,0.34097035040431267,0.6800202476730047,0.5763837757192273,0.681538719633162,0.7240120274914089
2022-07-11,23.33,-0.031226165761641944,0.7202319320770346,0.38733416252072966,0.6649617169581212,0.5908426038519619,0.6548221854538843,0.5227565478746243
2022-07-12,23.33,0.02605444816888669,0.7201863354037267,0.6452849740932642,0.6561962474072376,0.6738891856347428,0.6738891856347428,0.0
2022-07-13,23.3,-0.05713456996961064,0.7188987787207618,0.2790095317032739,0.6374890196843832,0.545132443369473,0.6032410788873273,0.4778969957081545
2022-07-14,23.32,-0.011935350549272972,0.7197847682119205,0.4801118707271597,0.6243523623396647,0.6080830004262483,0.6080830004262483,0.0
2022-07-15,22.08,-0.040821994520255256,0.6715290709704117,0.34517398508699254,0.6048865414675968,0.540529865841667,0.5916954198248187,0.42492492492492495
2022-07-18,20.53,-0.1278528550024962,0.6050889532478279,0.09474011182439429,0.5795126136424905,0.4264472262382375,0.5588163443020736,0.826114922813036
2022-07-19,20.74,-0.11767588323195755,0.6143743536711479,0.11169772256728779,0.5678989320563324,0.43132366943158934,0.510303241061443,0.603300471495928
2022-07-20,20.31,-0.1373399849793615,0.5908808933002482,0.07793417511902298,0.5458306072705199,0.40488189189659707,0.4822531307668679,0.5957583547557841
2022-07-21,20.02,-0.15257958759521717,0.5778375025842465,0.06301738410596026,0.5207180642818894,0.38719098365736543,0.4380747274130912,0.42162740899357604
2022-07-22,19.71,-0.1135461002442657,0.5600454733360893,0.11990482102213945,0.5136010294521751,0.39785044127013464,0.4095388424987848,0.0956763698630137
2022-07-25,19.97,-0.027656083603118553,0.575428807604877,0.402875465453041,0.5194044445893251,0.4992362392157477,0.4992362392157477,0.0
2022-07-26,19.38,-0.06782259633876109,0.5419421487603305,0.2404343329886246,0.5191855122476352,0.4338539979988634,0.4338539979988634,0.0
2022-07-27,19.39,-0.046355906337732566,0.5423466225986366,0.3222704714640198,0.5214354838368979,0.4620175259665181,0.4620175259665181,0.0
2022-07-28,18.36,-0.08655738869473018,0.4795539033457249,0.1878230308042175,0.514473036557493,0.39394999023581184,0.4373816389374151,0.36820710312366284
2022-07-29,17.79,-0.10248961948688518,0.43764195746438156,0.1441711451012815,0.4968667069780543,0.35955993651457246,0.4297235379863027,0.5541060735671514
2022-08-01,18.22,-0.09171125559591164,0.467382328654005,0.17162636908452159,0.4744094042347017,0.37113936732440944,0.404104163608035,0.28794356562633605
2022-08-02,19.24,-0.007250161225059504,0.5331269349845201,0.4994834710743802,0.462983954799607,0.49853145361950246,0.49853145361950246,0.0
2022-08-03,18.45,-0.04969309876802441,0.4881345439537763,0.3091303449700475,0.4425600498331114,0.41327497958564513,0.41327497958564513,0.0
2022-08-04,17.7,-0.03660974561256092,0.4331545285743759,0.36441553077240807,0.4323284954357872,0.4099661849275238,0.41049438439433067,0.005341880341880342
2022-08-05,17.0,-0.04542315762152738,0.3859323432343234,0.32799917406566176,0.42394850638116993,0.37929334122705166,0.4144410653368265,0.3030756087142247
2022-08-08,17.15,-0.06052171821986363,0.3965766137347907,0.26744426094137075,0.41285987588312983,0.3589602501864304,0.4120052419092307,0.44086251067463705
2022-08-09,16.5,-0.1536310643310257,0.3560824742268041,0.06264189886480909,0.3891912024729953,0.2693051918548695,0.36615998955630413,0.6882202304737516
2022-08-10,17.18,-0.0713184539304268,0.39754689754689754,0.22998349153941394,0.37993175443955224,0.3358207145086212,0.3506691365408993,0.12436006825938567
2022-08-11,15.74,-0.11735939659052619,0.3114179719703215,0.11295646791829998,0.3605436994632908,0.2616393797839707,0.3210037755121887,0.48976545842217484
2022-08-12,15.45,-0.0956043407124616,0.29723882134762003,0.16058168316831684,0.3465716356747541,0.268130713396897,0.2987712499461578,0.2674765558397272
2022-08-16,15.42,-0.10633280547676538,0.29563246806757315,0.13600742421117756,0.33986690635491734,0.2571689328778894,0.27841298648444956,0.18342564976565828
2022-08-17,15.51,-0.06187540371808753,0.30175077239958803,0.2638144329896907,0.3358542345836884,0.30047314665765573,0.30047314665765573,0.0
2022-08-18,15.77,-0.08563651558116225,0.313838550247117,0.19057926200783343,0.33174430317958037,0.2787207051448436,0.2787207051448436,0.0
2022-08-19,15.73,-0.0006355259190709006,0.31109738521721225,0.5322547403132729,0.3368067341505873,0.3933862865603575,0.3933862865603575,0.0
2022-08-22,16.76,0.0813860917101823,0.3742280773981062,0.8220688234082011,0.3497153993117893,0.5153374333726989,0.5153374333726989,0.0
2022-08-23,17.72,0.13902857704175142,0.434863140563902,0.9133704161516275,0.35896363140322957,0.5690657293729197,0.5690657293729197,0.0
2022-08-24,17.48,0.11957239303894207,0.4198559670781893,0.8911431513903193,0.3721791973212184,0.5610594385965757,0.5610594385965757,0.0
2022-08-25,16.19,0.026284366714596885,0.3368648426249743,0.6473434925864909,0.3751689783499387,0.4531257711871346,0.49839493181793726,0.38479557069846676
2022-08-26,16.19,0.028824050619357777,0.33689839572192515,0.657916409306156,0.3833549251218921,0.45938991004999113,0.5115956565158639,0.43486590038314177
2022-08-29,18.72,0.11059737599550923,0.5065803002261978,0.8786537669822972,0.4034404492379629,0.5962248388154859,0.5962248388154859,0.0
2022-08-30,17.47,-0.014208821030969432,0.41961348684210525,0.4695410578308294,0.4096940954113231,0.4329495466947526,0.5005499010687879,0.5431914893617021
2022-08-31,17.31,-0.009773001039271367,0.4079136690647482,0.48960905349794237,0.4063169033239179,0.43461320862886943,0.4752606550752468,0.35112717992343684
2022-09-01,19.2,0.170516511344192,0.5318536785861077,0.9420901049166838,0.42323387568839205,0.6323925530637278,0.6323925530637278,0.0
2022-09-02,19.07,0.16372265192278368,0.5261968358331621,0.9373714520773344,0.4398838314024848,0.6344840397709938,0.6344840397709938,0.0
2022-09-05,18.87,0.007980888331012626,0.5132497945768283,0.5744396463088628,0.4492277794921275,0.5123057401259395,0.5293490176568566,0.15114795918367346
2022-09-06,18.49,0.05674492125306818,0.491168617785993,0.7564761513157895,0.46381837685276806,0.5704877153181834,0.5704877153181834,0.0
2022-09-07,19.85,0.13691963794508144,0.571047227926078,0.9108941418293937,0.49039880176936446,0.6574467238416121,0.6574467238416121,0.0
2022-09-08,19.17,-0.0015637219761828192,0.5309997947033464,0.5264077270859022,0.501145730086938,0.5195177506253955,0.5788483939364248,0.4906502337441564
2022-09-13,16.68,-0.13390602268172724,0.3689449917898194,0.0833162112184097,0.5018428991649281,0.3180347007243857,0.5155585261271033,0.9513593882752761
2022-09-14,18.73,-0.007446842924461627,0.5071824338190026,0.49887017255546423,0.5155487017113913,0.5072004360286194,0.5145374653076392,0.060934182590233546
2022-09-15,18.39,-0.005423006782803608,0.483483791546984,0.5063668104333539,0.5295039694539311,0.506451523811423,0.506451523811423,0.0
2022-09-16,19.13,-0.03694622368103806,0.530051282051282,0.3627310061601643,0.5376843965244852,0.4768222282453105,0.4768222282453105,0.0
2022-09-19,19.64,0.024221745868766575,0.5583470057424118,0.6406282077602136,0.5550483315556771,0.5846745150194341,0.5846745150194341,0.0
2022-09-20,19.28,0.14485789225179913,0.5386508099241337,0.9225164203612479,0.5704937091745494,0.6772203131533102,0.6772203131533102,0.0
2022-09-21,20.8,0.10482647025127534,0.6194136941369414,0.8677406115329366,0.5777651442961388,0.6883064833220055,0.6883064833220055,0.0
2022-09-22,20.47,0.10715336105696815,0.6039147366263579,0.8714608124743537,0.5809436941057683,0.6854397477354933,0.6854397477354933,0.0
2022-09-23,20.33,0.06083984418809374,0.5957991803278688,0.7711794871794871,0.5823431828317396,0.6497739501130319,0.657083001868655,0.06090831918505942
2022-09-26,24.02,0.2013185137255178,0.7502560950624872,0.9580598851517638,0.6004458739568092,0.7695872847236868,0.7695872847236868,0.0
2022-09-27,23.62,0.20302552158681664,0.7346374436706268,0.9586836169776501,0.6179085303473141,0.770409863665197,0.770409863665197,0.0
2022-09-28,26.59,0.24558221854765616,0.8254147040753635,0.9726322263222632,0.6282288519270424,0.808758594108223,0.808758594108223,0.0
2022-09-29,25.96,0.2375964921626914,0.8119369369369369,0.9695634351301496,0.6505374976118962,0.8106792898929943,0.8106792898929943,0.0
2022-09-30,27.19,0.29075163100412427,0.8392016376663255,0.983094262295082,0.673656827046864,0.8319842423360906,0.8319842423360906,0.0
2022-10-04,24.99,0.03958892819502324,0.7794719607040524,0.6956566277402172,0.673686447170401,0.7162716785382236,0.7876207337081457,0.5657615613067458
2022-10-05,24.36,0.030848632072479898,0.7595661960302844,0.6643793527242933,0.672695878691503,0.6988804758153603,0.7733148561381784,0.5803647158608991
2022-10-06,23.37,-0.12908205670416217,0.7237111292962357,0.09184927298791726,0.6658926527264646,0.4938176850035392,0.7103266743172416,0.9705383637134379
2022-10-07,23.93,-0.08142398991560729,0.7466762119042749,0.20157657657657657,0.6584078532109413,0.5355535472305976,0.6553015257847622,0.7845338983050848
2022-10-11,25.78,-0.05325026113333786,0.8065439672801636,0.29365404298874104,0.6488642692237772,0.583020759830894,0.6055088292837228,0.19462092333756884
2022-10-12,24.69,-0.012077441489772855,0.7703946023308117,0.4796356938190749,0.6536798385827931,0.6345700449108932,0.6345700449108932,0.0
2022-10-13,27.22,0.11100955438162385,0.8404538021259199,0.8779414773889912,0.6853331904954602,0.8012428233367904,0.8012428233367904,0.0
2022-10-14,23.94,0.024097551579060905,0.7468833026772941,0.6392184942716858,0.6948344202598229,0.6936454057362674,0.6936454057362674,0.0
2022-10-17,24.4,0.019450230378874167,0.7605230894973437,0.6202699938637758,0.7046079822943425,0.6951336885518207,0.6951336885518207,0.0
2022-10-18,22.86,-0.12021033914437718,0.701532175689479,0.10644171779141104,0.7024877724260786,0.5034872219689895,0.6656158369009523,0.9028365791701948
2022-10-19,23.21,-0.06181508307074246,0.7140522875816994,0.26303414434675937,0.6969405528867244,0.5580089949383944,0.6503036269064525,0.6705459162082099
2022-10-20,24.04,-0.12423288755631301,0.7495405350214417,0.09965249386753884,0.6816411978518144,0.5102780755802651,0.5921106773551474,0.6178087986463621
2022-10-21,23.94,0.0,0.7466312780726827,0.5326997751890455,0.6764456165416106,0.651925556601113,0.651925556601113,0.0
2022-10-24,24.62,0.008975988457151196,0.7672994488671158,0.5757049448304046,0.6731363376565309,0.6720469104513503,0.6720469104513503,0.0
2022-10-25,24.23,0.058202876461769915,0.7559183673469387,0.7606741573033707,0.6768766840851047,0.7311564029118047,0.7311564029118047,0.0
2022-10-26,23.42,0.009007137883225713,0.724239951030402,0.5758782679738562,0.666671740054855,0.6555966530197044,0.6555966530197044,0.0
2022-10-27,22.12,-0.08323693301287305,0.6740106079151367,0.19634470083724728,0.6460975962574576,0.5054843016699472,0.6432419649307839,0.8412262156448203
2022-10-28,22.71,-0.052745344012360196,0.6957984907199674,0.2967537770518579,0.6259602296918125,0.5395041658212126,0.6207576867748038,0.613905325443787
2022-10-31,21.97,-0.11388123435978859,0.6661908646003263,0.11951418656868748,0.6010653466693607,0.4622567992794582,0.5787996645404254,0.769539501478665
2022-11-01,21.11,-0.13784467296820502,0.6336391437308868,0.0770408163265306,0.573274948171761,0.42798496940972613,0.5181653778400097,0.6606841216216216
2022-11-02,21.13,-0.10289652654160575,0.6344272319608643,0.14354213425831464,0.5558459676161337,0.44460511127843755,0.4759670694917563,0.27332207682566484
2022-11-03,21.21,-0.04200940807754261,0.6369472182596291,0.3405752753977968,0.544685391238705,0.5074026282987103,0.5074026282987103,0.0
2022-11-04,20.84,-0.08593113923230078,0.6183781581092095,0.18937385274321844,0.5444901814529117,0.4507473974351132,0.4585993811402891,0.06434599156118144
2022-11-07,20.82,-0.05376382320969597,0.6171317987370136,0.2914967373572594,0.5434995751432473,0.4840427037458401,0.4840427037458401,0.0
2022-11-08,19.99,-0.05451471334792046,0.575458248472505,0.2889908256880734,0.5376058517405392,0.4673516419670392,0.47082989654502805,0.030577815267819487
2022-11-09,20.1,-0.04997401656293521,0.5814498065567094,0.30890746025275173,0.5286140260070286,0.4729904309388299,0.47650696047710656,0.03140809443507588
2022-11-10,21.21,0.0,0.637214983713355,0.5333197472997758,0.514917512294484,0.5618174144358716,0.5618174144358716,0.0
2022-11-11,19.97,-0.04264306945744245,0.5745980052920823,0.3389364303178484,0.5031033282610078,0.47221258795697946,0.4916829558089121,0.1721449641803624
2022-11-14,20.32,-0.024308440476541904,0.5912698412698413,0.4177021796699939,0.4938078017004758,0.5009266075467703,0.5009266075467703,0.0
2022-11-15,19.63,-0.01817314022393912,0.5534079348931842,0.4489816700610998,0.4986681944873105,0.5003525998138648,0.5016599281384633,0.013268744734625105
2022-11-16,19.87,-0.01150875850130495,0.5687550854353133,0.48289554062309104,0.5005322993405592,0.5173943084663212,0.5173943084663212,0.0
2022-11-17,20.09,-0.05425058974974828,0.5807402887939801,0.28898615635179153,0.5010456347469789,0.45692402663091686,0.48956202608297056,0.28610526315789475
2022-11-18,19.87,-0.005020090863998572,0.56862545750305,0.5077345817219622,0.495971359396061,0.5241104662070245,0.5241104662070245,0.0
2022-11-21,19.81,-0.025418761999821626,0.564545639357593,0.41239316239316237,0.4868197195973919,0.4879195071160491,0.49734018164683524,0.08186026936026936
2022-11-22,19.09,-0.027894370550713532,0.5228658536585366,0.40335707019328587,0.4720604795774298,0.4660944678097508,0.4904885552460125,0.2156079091291544
2022-11-23,17.92,-0.10329364901694094,0.44391383865068074,0.1429007323026851,0.45422788837615746,0.34701415310984113,0.45641252417471645,0.7432716568544996
2022-11-24,16.85,-0.17587152202847234,0.37474603819585534,0.0436241610738255,0.4429282606390899,0.2870994866362569,0.42244761617578447,0.8345943673812526
2022-11-25,16.97,-0.1577639773175905,0.38035750558602477,0.05723871492476616,0.429054359457564,0.28888352665611833,0.3754022282656032,0.6455882352941177
2022-11-28,18.12,-0.08917056009562607,0.4564378554021121,0.18042285017279935,0.4253332508177114,0.3540646521308743,0.3540646521308743,0.0
2022-11-29,17.76,-0.072215900173632,0.43279187817258885,0.22713414634146342,0.42406440242912735,0.36133014231439314,0.36133014231439314,0.0
2022-11-30,17.78,-0.007843177461025697,0.4341250507511165,0.49786628733997157,0.4279149517259251,0.45330209660567106,0.45330209660567106,0.0
2022-12-01,17.51,0.03842148949938995,0.4174954333265679,0.6939252336448598,0.431262406058775,0.5142276910100676,0.5142276910100676,0.0
2022-12-02,18.49,0.0857829661528986,0.4872159090909091,0.8323176924639447,0.4440569458263358,0.5878635157937299,0.5878635157937299,0.0
2022-12-05,17.98,-0.00775627157135883,0.44674376141205113,0.4984768480909829,0.4449717476615548,0.4633974523881963,0.47602417962241156,0.10562788744225116
2022-12-06,18.19,0.02392325496600689,0.4625760649087221,0.640507614213198,0.45093761278558836,0.5180070973025028,0.5180070973025028,0.0
2022-12-07,18.45,0.03699014040077753,0.4857026972216589,0.6866626065773447,0.4579878137103268,0.5434510391697768,0.5434510391697768,0.0
2022-12-08,18.38,0.04849097062978025,0.47860908353609083,0.725898112441648,0.45883712533444204,0.5544481071040603,0.5544481071040603,0.0
2022-12-09,17.57,-0.05103714320002739,0.4218528278937766,0.30326704545454547,0.4541267612779019,0.3930822115420747,0.49447718150132225,0.7126364399664148
2022-12-12,18.52,0.02959120017455863,0.4894608836643697,0.6614932034895517,0.457676312933254,0.5362101333623918,0.5362101333623918,0.0
2022-12-13,19.09,0.04829264520762511,0.5242147922998986,0.7248478701825558,0.4638431393714583,0.570968600617971,0.570968600617971,0.0
2022-12-14,17.27,-0.0660934783279492,0.3997163695299838,0.24812411275603327,0.4537478857771486,0.3671961226877219,0.48438103506284397,0.773604699958036
2022-12-15,16.71,-0.09525577432023846,0.3659104719465262,0.1608880778588808,0.4451746883936395,0.32399107939968214,0.4382896295219683,0.7623741610738255
2022-12-16,17.03,-0.031216407524409018,0.38355609558525716,0.38951956213257655,0.43759257885596003,0.40355607885793127,0.44038440298513964,0.31928721174004193
2022-12-19,17.6,-0.050952327173926726,0.42326381858675843,0.3041143088771788,0.43135356199878966,0.3862438964875756,0.41039115561017636,0.21311818943839062
2022-12-20,17.98,-0.05990460869418168,0.44686234817813764,0.27041540020263427,0.42612993261201326,0.3811358936642617,0.3811358936642617,0.0
2022-12-21,17.62,0.020063728349446475,0.42410443230115363,0.6263168557536467,0.43772010053954913,0.49604712953144975,0.49604712953144975,0.0
2022-12-22,16.6,-0.0066046472448046956,0.3584581141238365,0.503443386672068,0.44880838307770476,0.4369032946245364,0.4369032946245364,0.0
2022-12-23,17.43,0.023216364857332472,0.41219906939105805,0.6378088294856217,0.46411867503685195,0.5047088579711773,0.5047088579711773,0.0
2022-12-26,17.46,-0.00798635163265038,0.41403721682847894,0.49615306742255516,0.4709519145037551,0.46038073291826304,0.46038073291826304,0.0
2022-12-27,17.09,-0.05076653191597513,0.38705763397371085,0.3047570850202429,0.4717491318657526,0.3878546169532355,0.45717892639973245,0.5511101801424382
2022-12-28,17.53,-0.0051209215748904136,0.4187221997573797,0.5080955272212103,0.4716197915879402,0.4661458395221767,0.4661458395221767,0.0
2022-12-29,18.4,0.1029479692524422,0.48231251263391955,0.8657426143261837,0.47753565308765705,0.6085302600159201,0.6085302600159201,0.0
2023-01-02,18.85,0.07832005436209055,0.5105092966855295,0.8135747521747926,0.4776494142702937,0.6005778210435385,0.6005778210435385,0.0
2023-01-03,18.96,0.08241894641541991,0.5171751869064457,0.8241302588996764,0.4875515351778709,0.609618993661331,0.609618993661331,0.0
2023-01-04,18.17,0.061278385280580494,0.4621212121212121,0.7732052578361982,0.49085760494875813,0.5753946916353895,0.5753946916353895,0.0
2023-01-05,17.85,0.018089809292505254,0.4392042011714805,0.6159522846744845,0.4879273844999322,0.5143612901152991,0.5816966112942956,0.5416666666666666
2023-01-06,17.74,-0.036528687733506704,0.4319466882067851,0.36517081059227813,0.47774264207046535,0.42495338028984286,0.5449812353490802,0.786312264545835
2023-01-09,18.48,-0.019823847680481954,0.4881889763779528,0.4414915117219078,0.48285665743925377,0.4708457151797048,0.5190348141763135,0.40690376569037656
2023-01-10,18.22,-0.03981160499506364,0.4657852240613646,0.3516872095372803,0.47451961610037185,0.4306640165663389,0.483243818757315,0.4385194479297365
2023-01-11,17.98,-0.010511853364605361,0.4472250252270434,0.4863636363636364,0.46663276607807747,0.4667404758895857,0.4667404758895857,0.0
2023-01-12,18.34,0.027080958602670346,0.4756860371267151,0.6524944455665522,0.47864126608825874,0.5356072495938421,0.5356072495938421,0.0
2023-01-13,17.19,-0.03149415748667517,0.39308049223320557,0.38762116316639744,0.4849888437281137,0.42189683304257225,0.4651508580544087,0.3685200668896321
2023-01-16,16.88,-0.09055957704572704,0.37474788221056876,0.1749444780940844,0.4794042612927842,0.3430322071991458,0.43958815645829696,0.6880484747179273
2023-01-17,16.85,-0.07816923503344153,0.37245412381528537,0.21063786838918047,0.47579710791129737,0.3529630333719211,0.4240479598194134,0.5628654970760234
2023-01-18,16.8,-0.06788114263426115,0.36985887096774195,0.23985872855701312,0.4731081041898969,0.36094190123821734,0.4028882448891397,0.36096033402922756
2023-01-19,16.89,-0.08236273600860988,0.37552912719209836,0.19804277643260695,0.4611868695791446,0.34491959106794995,0.36475071318396124,0.1755008347245409
2023-01-20,16.81,-0.022353871974233996,0.3702136235388956,0.4279806334476498,0.4595941884839106,0.4192628151568187,0.4192628151568187,0.0
2023-01-25,16.84,-0.0023724803536304684,0.37175095708240985,0.5236990722065349,0.4557302417442172,0.4503934236777207,0.4503934236777207,0.0
2023-01-26,16.53,-0.019173744965437667,0.3517324738114424,0.4445452712240371,0.4528824282638283,0.41638672443310254,0.41638672443310254,0.0
2023-01-27,16.86,0.0035650661644961446,0.37381671701913394,0.5532258064516129,0.4587631233757482,0.46193521561549833,0.46193521561549833,0.0
2023-01-30,17.38,0.028598389017536974,0.4089810712847362,0.6584357992340254,0.4622781019642524,0.5098983241610047,0.5098983241610047,0.0
2023-01-31,17.75,0.054411568500900565,0.4332595127843769,0.7516122531237405,0.45819851793795285,0.5476900946153568,0.5476900946153568,0.0
2023-02-01,17.54,0.040726978129856484,0.420390499194847,0.7016925246826516,0.4531484923133823,0.5250771720636269,0.5250771720636269,0.0
2023-02-02,17.08,0.03273127652749075,0.3865969007848662,0.6737510072522159,0.44612455386915634,0.5021574873020794,0.5093516587515132,0.0607008760951189
2023-02-03,17.01,0.008857453834060891,0.3817907444668008,0.5771399798590131,0.4392146602283663,0.46604846151806,0.5101743079320256,0.3759382819015847
2023-02-06,17.55,0.009733830074629246,0.4216455441561054,0.5812525171163915,0.43790819961402966,0.4802687536288422,0.504248393825593,0.21279699874947894
2023-02-07,17.31,-0.025101146733306656,0.4030571198712792,0.414233944030602,0.4384125387416001,0.41856786754782704,0.4784239484120871,0.4952083333333333
2023-02-08,17.5,-0.0022831060145684923,0.41695153830685705,0.523852657004831,0.4386906314218958,0.4598316089111946,0.46537483578160066,0.048104956268221574
2023-02-09,17.95,0.049681926573863944,0.44732609569762766,0.7324411350372309,0.44774800135030113,0.5425050773617199,0.5425050773617199,0.0
2023-02-10,17.53,0.03011229252537273,0.4191959798994975,0.6644869215291751,0.45150035734625094,0.5117277529249745,0.5117277529249745,0.0
2023-02-13,18.23,0.0380146387786966,0.46875,0.6929189297927982,0.4523375685237392,0.5380021661055124,0.5380021661055124,0.0
2023-02-14,18.52,0.06756686002991508,0.49316857544705645,0.79032582461786,0.46490738714037205,0.5828005957350961,0.5828005957350961,0.0
2023-02-15,18.18,0.03812120781986428,0.4644435516271595,0.6934446008445606,0.4801122819445487,0.5460001448054229,0.5460001448054229,0.0
2023-02-16,17.84,-0.006146987782424507,0.4398473589074111,0.5051266586248492,0.4891593325777436,0.4780444500366679,0.5313150219215348,0.44400499583680264
2023-02-17,18.23,0.039154889757428535,0.46887550200803213,0.6977889447236181,0.503083003757916,0.5565824834965221,0.5565824834965221,0.0
2023-02-20,18.64,0.022241220566873388,0.5018068660911463,0.6321342443729904,0.5170922339289017,0.5503444481310128,0.5503444481310128,0.0
2023-02-21,18.89,0.019781452295385193,0.5152549177037334,0.6241711874623267,0.5256230301333896,0.5550163784331499,0.5550163784331499,0.0
2023-02-22,19.56,0.07316457585733849,0.5541842263696568,0.8024306950582564,0.5371521524368639,0.631255691288259,0.631255691288259,0.0
2023-02-23,18.99,0.06246939767233117,0.5224719101123596,0.7777666198031733,0.5497511720588653,0.616663233991466,0.616663233991466,0.0
2023-02-24,18.81,0.03132005462236753,0.5114343029087262,0.6683734939759036,0.5560703038942122,0.5786260335929473,0.586381157087367,0.06512692467748647
2023-02-27,19.38,0.038931797205175034,0.546028880866426,0.6967476410359366,0.5604542951788023,0.601076939027055,0.601076939027055,0.0
2023-02-28,18.53,-0.01924164121615002,0.4938840986565069,0.4422922521075873,0.5542369098002016,0.49680442018809856,0.5848852636175652,0.653702163061564
2023-03-02,18.31,-0.0660393059202522,0.4747393744987971,0.24714027694160146,0.5442318254892742,0.4220371589765575,0.5430415571552248,0.7910602910602911
2023-03-03,17.69,-0.07091301665250027,0.42974543996792947,0.22963483146067415,0.5342076345740622,0.3978626353342219,0.49928143742377606,0.7138403990024937
2023-03-06,17.18,-0.09064272675682972,0.39178356713426854,0.17321965897693078,0.5243594471186968,0.3631208910766321,0.456180408920513,0.6744910677191525
2023-03-07,16.95,-0.13397377263616095,0.37657784011220197,0.08192940232651424,0.5107496766478523,0.32308563969552284,0.4005821490542066,0.5998754152823921
2023-03-08,17.21,-0.07390043007382019,0.3942307692307692,0.22087427311008623,0.5056950261088267,0.37360002281656074,0.37594126957989904,0.022208385222083852
2023-03-09,16.53,-0.10227044685348607,0.34978970558782296,0.14324378508420207,0.49450075849283504,0.3291780830549534,0.3573694543955782,0.2483402489626556
2023-03-10,17.56,-0.007375919964723643,0.4220064076892271,0.49919823611946285,0.48803669381968084,0.4697471125427903,0.4697471125427903,0.0
2023-03-13,18.2,0.05767567752664027,0.4661661661661662,0.7622244488977956,0.49165438666056305,0.573348333908175,0.573348333908175,0.0
2023-03-14,21.11,0.21947902803377017,0.6396116893514812,0.9640352634742536,0.5027038372363866,0.7021169300207072,0.7021169300207072,0.0
2023-03-15,18.75,0.0857031421929717,0.5090054032419452,0.8334334935897436,0.5041774496555559,0.6155387821624149,0.6155387821624149,0.0
2023-03-16,19.97,0.18905423559479084,0.5811324529811924,0.9514320048067294,0.5135443572884608,0.6820362716921275,0.6820362716921275,0.0
2023-03-17,18.26,0.03908928695985203,0.47149429885977195,0.697537044453344,0.5191457904329824,0.5627257112486994,0.6271532058064249,0.5265450020738283
2023-03-20,20.62,0.12483988450606409,0.616,0.8987987987987988,0.527849149234661,0.6808826493444866,0.6808826493444866,0.0
2023-03-21,19.51,-0.07881970722520926,0.5526894621075785,0.20746597277822257,0.5185045073452026,0.4262199807436679,0.5934806790382792,0.9135572139303483
2023-03-22,18.29,-0.0248392900136456,0.4739104358256697,0.41394836902141285,0.5122153248372282,0.46669137656143694,0.5637111979180837,0.6910484873601326
2023-03-23,17.97,-0.10552744663225644,0.44733160103937636,0.13595438175270108,0.4928821013713323,0.3587226947211366,0.49904848252388556,0.8473487986743994
2023-03-24,17.59,-0.0373823164173559,0.42246203037569946,0.360372074414883,0.4799469907432085,0.420927031844597,0.47068874664306504,0.41801242236024844
2023-03-27,17.97,-0.13755777779334633,0.4474525474525475,0.0763,0.4635456095074065,0.329099385653318,0.4003320939048313,0.5647764900662252
2023-03-28,16.81,-0.1489532072144959,0.3674590491410308,0.0648870225954809,0.44328484825326014,0.29187697332992396,0.3734634924220825,0.6175010343400911
2023-03-29,16.15,-0.1244344127341086,0.32474535650089875,0.09866053578568573,0.4304655867913224,0.28462382635930233,0.3370499823816556,0.43734491315136476
2023-03-30,15.7,-0.13504298844120521,0.30011980830670926,0.08085148910653608,0.4219428779406436,0.2676380584512963,0.31883305512768756,0.4264158743282348
2023-03-31,15.57,-0.12198457290355957,0.2950688760231583,0.10241806554756196,0.4153955446941965,0.27096082875497224,0.28883981450976254,0.1609504132231405
2023-04-03,15.88,-0.12364324497647772,0.31097804391217565,0.1,0.411544915139221,0.27417431968379885,0.2778548013158587,0.03572903758777365
2023-04-04,15.22,-0.09936359498698444,0.2766912791857913,0.15051937674790253,0.41076250047659535,0.27932438547009636,0.27932438547009636,0.0
2023-04-05,15.36,-0.050153321949139684,0.2824221867517957,0.30707010185739964,0.41012218163330383,0.3332048234141664,0.3332048234141664,0.0
2023-04-06,15.87,0.010769822184055311,0.31029323758228605,0.584564696485623,0.4201677927182009,0.4383419089287033,0.4383419089287033,0.0
2023-04-07,15.35,-0.014230511812701074,0.2819106501794974,0.4686564184467958,0.41590185333864105,0.3888229739883114,0.3888229739883114,0.0
2023-04-10,15.72,-0.010126668817929119,0.30199401794616154,0.4875249500998004,0.404930062163191,0.39814967673638435,0.39814967673638435,0.0
2023-04-11,15.62,0.02594179197800006,0.2965510366826156,0.64667730991818,0.38841959700756756,0.4438826478694544,0.4438826478694544,0.0
2023-04-12,15.82,0.029508234619981977,0.3078532987841339,0.6619114126097366,0.3791027423716221,0.4496224845884975,0.4496224845884975,0.0
2023-04-13,15.52,-0.022301019783244946,0.2935432443204464,0.42738878914821465,0.35881193176364057,0.3599146550774339,0.40807848765201626,0.4060693641618497
2023-04-14,15.42,0.004549894101977259,0.28661087866108786,0.5571400079776625,0.35067992034678147,0.3981436023285106,0.4099426133200561,0.09843169624432521
2023-04-17,15.49,-0.014739132572283431,0.29113545816733066,0.46490528414755733,0.33171096893468366,0.3625839037498572,0.4028294587227507,0.34715346534653463
2023-04-18,15.17,-0.02923235105109878,0.27375024895439154,0.39762759170653905,0.32949152907906193,0.33362312324666415,0.38077755379819267,0.3993814432989691
2023-04-19,14.86,-0.06260192304989465,0.25607327757865395,0.26041459039266496,0.32020725565716784,0.2788983745428289,0.34663273178905896,0.5451360263808739
2023-04-20,14.63,-0.05905529972303958,0.2394983077841927,0.2725189318453567,0.3184255370781046,0.27681425890255135,0.3300126525540824,0.44437577255871447
2023-04-21,14.62,-0.05327491381355065,0.23805732484076433,0.2937836222355051,0.3121507081352468,0.2813305517371721,0.30665004243581473,0.2234349258649094
2023-04-24,14.86,-0.04152161513916397,0.2564179104477612,0.34292828685258964,0.3140405493814419,0.3044622488939309,0.3044622488939309,0.0
2023-04-25,15.02,-0.009937147024452475,0.26711102268205333,0.48844851623182634,0.3221208860608761,0.3592268083249186,0.3592268083249186,0.0
2023-04-26,15.09,0.01535923349014423,0.27034016311915654,0.6054360812425329,0.33343014486275374,0.4030687964081477,0.4030687964081477,0.0
2023-04-27,14.86,0.01559882425758019,0.25636435958631665,0.6059128011148716,0.3454627914449523,0.4025799840487135,0.4025799840487135,0.0
2023-04-28,14.51,-0.0075523874255361,0.22837542254921456,0.49910429936305734,0.35371261095349105,0.3603974442885877,0.3659470563928597,0.04878550843968711
2023-05-02,14.21,-0.04472709718060397,0.20695825049701788,0.3308457711442786,0.3568832603967191,0.2982290940126719,0.36470042541660785,0.5388888888888889
2023-05-03,15.09,0.004649626443768984,0.2708209103557941,0.5581973736569836,0.3669284510986962,0.3986489117038247,0.3986489117038247,0.0
2023-05-04,15.27,0.011857846450783693,0.28040540540540543,0.5893176845036802,0.37393422113119346,0.41455243701342637,0.41455243701342637,0.0
2023-05-08,14.87,0.0006727211824504309,0.257699185376515,0.5382856006364359,0.3714623924298195,0.3891490594809235,0.3891490594809235,0.0
2023-05-09,14.39,-0.008304545996820067,0.2205999205403258,0.4944322927023265,0.3705740210452285,0.361868744762627,0.37248964939469464,0.09029206088029618
2023-05-10,14.77,0.03865215443427905,0.25143992055610725,0.6973161033797217,0.37455494744247514,0.4411036571261014,0.4411036571261014,0.0
2023-05-11,14.31,-0.05307367921139772,0.21515091342335185,0.29427549194991054,0.3637098989117868,0.2910454347616831,0.3795438666289523,0.6576891447368421
2023-05-12,13.93,-0.09184533143882678,0.1896962477665277,0.16981319554848967,0.3484535172098155,0.23598765350827758,0.34383090992792253,0.7396218660090423
2023-05-15,13.81,-0.073952793050863,0.1798332671695117,0.2208424398966819,0.3404471090497538,0.24704093870531577,0.315409285772801,0.5482744453574363
2023-05-16,13.59,-0.05719929273622393,0.16491367334788648,0.27920143027413585,0.3304562144743356,0.25819043936545266,0.2946736246933661,0.31765913757700204
2023-05-17,13.52,-0.08842802592847043,0.16031746031746033,0.1814299900695134,0.3200988821761378,0.22061544418770385,0.2505759821056866,0.2629310344827586
2023-05-18,13.54,-0.0553103260842307,0.16167427097798057,0.28584193804606833,0.3145023413852157,0.25400618346975484,0.25400618346975484,0.0
2023-05-19,14.13,0.014255408904721989,0.20319317731059103,0.6000595592614651,0.32167146310023415,0.37497473322409675,0.37497473322409675,0.0
2023-05-22,14.74,0.06517191933998978,0.2501487209994051,0.786125446605796,0.3347778862996254,0.45701735130160875,0.45701735130160875,0.0
2023-05-23,14.56,0.06894381460548749,0.2345360824742268,0.7945028775550704,0.3472078366234511,0.4587489322175828,0.4587489322175828,0.0
2023-05-24,14.87,0.09517568985724578,0.25936570862239844,0.8518849206349206,0.36000544742237534,0.49041869222656476,0.49041869222656476,0.0
2023-05-25,15.07,0.10705774515427491,0.27120491478398734,0.8737353699662765,0.36973996606828496,0.5048934169395163,0.5048934169395163,0.0
2023-05-26,14.96,0.057079775849894876,0.26550425995640975,0.760710035700119,0.37350091735065594,0.4665717376690616,0.4755300260708668,0.07816988100123103
2023-05-30,14.79,0.003386389961518077,0.2540610142630745,0.5517549077929804,0.3720893863845276,0.3926351028135275,0.4626535763732506,0.5576292042657917
2023-05-31,14.8,0.016349138001529262,0.2549019607843137,0.610329103885805,0.37553316995347374,0.4135880782078642,0.4536214055713069,0.34542845428454283
2023-06-01,14.35,-0.03559581826643354,0.2194059405940594,0.367195242814668,0.3767530989976595,0.3211180941354623,0.41976128595308637,0.7038934426229508
2023-06-02,13.96,-0.0765099153041775,0.1921401702633142,0.21373365041617123,0.36617448741432723,0.25734943603127086,0.3702524897714373,0.7589102826710364
2023-06-05,14.08,-0.06062462181643502,0.19883214568487728,0.26580146621755496,0.35604725046416086,0.273560287455531,0.33165019972873117,0.48054873054873054
2023-06-07,13.71,-0.0758257831484852,0.17336235899465663,0.21602614896988906,0.3458823435129507,0.24509028382583212,0.3021412359311921,0.472574703233729
2023-06-08,13.44,-0.09639184567506565,0.15482785912148794,0.1573578926520103,0.3358111819762219,0.2159989779165734,0.262623415872934,0.3954582651391162
2023-06-09,13.16,-0.08656801630845878,0.13511374876360038,0.18643564356435643,0.3201310161860251,0.21389346950466062,0.24117849094677363,0.24192229038854807
2023-06-12,13.45,-0.03721699128637823,0.15545886075949367,0.36240348445852305,0.32034191468214396,0.27940141996672024,0.27940141996672024,0.0
2023-06-13,13.76,-0.022989518224698635,0.1767846549337552,0.4246832937450515,0.32639087731623867,0.3092862753316818,0.3092862753316818,0.0
2023-06-14,13.55,-0.011738946248513127,0.16241597469355476,0.48179299426083516,0.33247920886344356,0.3255627259392779,0.3255627259392779,0.0
2023-06-15,13.25,-0.014237782662772425,0.14172761415299467,0.4686387020182034,0.33663548917717295,0.31566726844945703,0.31566726844945703,0.0
2023-06-16,13.13,-0.002282237582466262,0.13280632411067195,0.5249258160237389,0.34453510642085894,0.3340890821850899,0.3340890821850899,0.0
2023-06-19,13.35,-0.007462721201589861,0.14829085161035369,0.4999011075949367,0.34955200017538995,0.3325813197935601,0.3325813197935601,0.0
2023-06-20,13.02,-0.055279195724774244,0.12544448834452784,0.28603915364840815,0.3397577728109119,0.25041380493461596,0.3116628402604002,0.5075633687653311
2023-06-21,13.36,-0.01412137921721035,0.14931858581868457,0.469652036378015,0.3293251841756994,0.316098602124133,0.316098602124133,0.0
2023-06-22,13.24,-0.0007550019233688587,0.1415876777251185,0.5328128088555051,0.32045922233948254,0.3316199029733687,0.3316199029733687,0.0
2023-06-23,13.04,-0.006878131816198341,0.12625863770977294,0.5028656126482214,0.30840606286699945,0.31251010440833127,0.31251010440833127,0.0
2023-06-26,13.46,0.008205939370323545,0.15692854322937227,0.5772574590001975,0.29813720580398206,0.344107736011184,0.344107736011184,0.0
2023-06-27,13.18,0.012213892293937878,0.1373593842510361,0.5919596997234294,0.2907148255119305,0.3400113031621321,0.3400113031621321,0.0
2023-06-28,13.1,-0.019652937901394107,0.1309194948697711,0.44193166107051157,0.2848907063590362,0.285913954099773,0.32283260013095777,0.31977932161830813
2023-06-29,12.93,-0.023692357725096258,0.11935292957190767,0.4205173775671406,0.2767566874207595,0.27220899818660255,0.31095041917360455,0.33639705882352944
2023-06-30,12.59,-0.035118708442250846,0.09437869822485206,0.3698914116485686,0.27369841058237676,0.24598950681859913,0.29764629965565814,0.4342588811759902
2023-07-03,12.73,-0.05576091164726682,0.10530467363439164,0.2835570469798658,0.2732731080807461,0.22071160956500116,0.2729670743664216,0.4377551020408163
2023-07-04,12.27,-0.07154327035154129,0.07699132492113564,0.22784685218077758,0.2692782222107331,0.19137213310421544,0.2432392403548383,0.434312525499796
2023-07-05,12.37,-0.05733804380270913,0.08318549181943623,0.2781176006314128,0.2685760868228907,0.2099597264245799,0.22804839481979963,0.1621125611745514
2023-07-06,12.98,0.0038595184921779158,0.12455656286953094,0.5558295521799171,0.2777810959047894,0.31938907031807917,0.31938907031807917,0.0
2023-07-07,14.58,0.14674787852425641,0.23901477832512316,0.9255424063116371,0.2988562907125095,0.48780449178308993,0.48780449178308993,0.0
2023-07-10,14.63,0.13911280246271795,0.24458234830575257,0.9151055018733978,0.31490192833653785,0.4915299261718961,0.4915299261718961,0.0
2023-07-11,13.82,0.1189595596167039,0.18426235966121726,0.8922515772870663,0.3267780780432748,0.46776400499718607,0.46776400499718607,0.0
2023-07-12,13.76,0.10649164610080097,0.1794998030720756,0.8727577370392273,0.3369792923221976,0.46307894414450024,0.46307894414450024,0.0
2023-07-13,13.25,0.0205878411562872,0.14363063595195905,0.6303705163579031,0.3410701632256642,0.3716904385118421,0.45637356112170285,0.6418671015083571
2023-07-14,13.19,-0.10019175985128914,0.13937007874015747,0.14689655172413793,0.3317835254839113,0.20601671864940227,0.4000160064949654,0.9488590057049715
2023-07-17,13.21,-0.10210009649779916,0.14101554812044872,0.14292750197005516,0.3226773027560417,0.20220678428218186,0.3421513781170225,0.8486761710794297
2023-07-18,13.07,-0.05579729070339301,0.12947658402203857,0.28353358282450264,0.32271546587738176,0.245241877574641,0.2976469526325135,0.439128664495114
2023-07-19,12.91,-0.06376362764664645,0.11804052724768838,0.2557109098070106,0.3165849862488318,0.23011214110117692,0.2510535920238488,0.18376068376068377
2023-07-20,13.22,-0.0022667180086908267,0.1422108575924469,0.5253987005316008,0.3164152130374174,0.3280082570538217,0.3280082570538217,0.0
2023-07-21,13.35,0.012057418117035201,0.15103244837758112,0.5916338582677165,0.31925376444459996,0.3539733570299659,0.3539733570299659,0.0
2023-07-24,14.12,0.06661811353086211,0.20743216673220605,0.7901003739421374,0.32583742790571935,0.4411233228600209,0.4411233228600209,0.0
2023-07-25,14.08,0.0744358230937654,0.20365637900530764,0.8068673750491933,0.33286754465772017,0.4477970995707404,0.4477970995707404,0.0
2023-07-26,14.53,0.11821327272364046,0.23673349056603774,0.8913043478260869,0.34674721171901624,0.4915950167037136,0.4915950167037136,0.0
2023-07-27,13.9,0.05015800571310569,0.1919827078011397,0.7361329661683713,0.3564533458897778,0.4281896732864296,0.43253569389017404,0.042514239218877134
2023-07-28,14.15,0.0581982392429885,0.20962671905697447,0.7648967551622419,0.3692096799984227,0.44791105140587967,0.4513232327653568,0.028670191134607562
2023-07-31,14.21,0.006353710043913274,0.21302298173246906,0.5673417223751475,0.37899725458575667,0.3864539862311244,0.4403893654395775,0.44979674796747965
2023-08-01,14.06,-0.0014214643473771105,0.20276904948939514,0.5290937684293296,0.38967287060617695,0.37384522950830057,0.42559899142708957,0.434173100365705
2023-08-02,15.36,0.05555125013733431,0.2923620655802081,0.7563875786163522,0.40685903439981974,0.48520289286546,0.48520289286546,0.0
2023-08-03,15.88,0.1331716156823437,0.32224185316058107,0.9099037138927097,0.42065302069991584,0.5509328625844022,0.5509328625844022,0.0
2023-08-04,15.55,0.09434601453599623,0.3051030421982336,0.850392927308448,0.42042649032166385,0.5253074866094485,0.5253074866094485,0.0
2023-08-07,15.71,0.10035151015852062,0.3120094191522763,0.8627970929090552,0.42080445686871837,0.5318703229766832,0.5318703229766832,0.0
2023-08-08,15.4,0.09103362303706453,0.2951736315479694,0.8437745483110762,0.4223653129414874,0.520437830933511,0.5227502791939009,0.02173030056864338
2023-08-09,14.15,-0.08205210363027904,0.2095919968615143,0.19703514627920676,0.4062245530172229,0.27095056538598133,0.47989981369800533,0.9652862362971986
2023-08-10,14.0,-0.12600312620373133,0.19964698960580507,0.09491558696505693,0.3942385886237479,0.2296003883982033,0.4156333188607655,0.9417613636363636
2023-08-11,13.44,-0.14582530353023948,0.15803921568627452,0.06643768400392541,0.3926938453543955,0.20572358168153182,0.35171653787518214,0.8679513184584179
2023-08-14,14.14,-0.10528979179910314,0.20927269162909234,0.13608712715855573,0.39422926457182406,0.2465296944531574,0.294648412170477,0.40652879156528793
2023-08-16,15.15,-0.016366977464205235,0.2832222657781262,0.4566411614675299,0.40240059608180195,0.38075467444248606,0.38075467444248606,0.0
2023-08-17,15.57,0.0956313617566602,0.3065843621399177,0.8531777167516673,0.4220508621277242,0.5272709803397697,0.5272709803397697,0.0
2023-08-18,16.03,0.1354046370062032,0.33219043887147337,0.9122376936654246,0.4364713264880454,0.5602998196749811,0.5602998196749811,0.0
2023-08-21,16.03,0.176226631526458,0.33222331047992165,0.9461764705882353,0.44986466334861686,0.5760881481389246,0.5760881481389246,0.0
2023-08-22,15.33,0.08080403241529588,0.29142185663924797,0.8215055871397765,0.4527495359262339,0.5218923265684194,0.5218923265684194,0.0
2023-08-23,14.97,-0.011952333523841396,0.2728607793224985,0.4799098392787142,0.4463057075399016,0.3996921087137048,0.5170486766871599,0.7784758816376165
2023-08-24,13.94,-0.11058358051352934,0.19498825371965545,0.12316284538506761,0.4260585390577166,0.2480698793874799,0.46120845649670195,0.9690032414910859
2023-08-25,14.86,-0.07578892733184839,0.2647289097670777,0.21581112852664577,0.41486914816582204,0.2984697288198485,0.4088424383256755,0.7503037667071689
2023-08-28,14.18,-0.12262944551748012,0.2117416829745597,0.10039177277179236,0.3983093977040003,0.2368142844834508,0.3409876655945807,0.7261133603238866
2023-08-29,13.49,-0.12786302266405825,0.16112306789278028,0.09214649432040736,0.3851320191566396,0.2128005271232757,0.279169305705552,0.538445973290166
2023-08-30,13.05,-0.13726006466283458,0.1273474178403756,0.07587624828666537,0.3719160403618475,0.19171323549629615,0.23757353106207021,0.38895631067961167
2023-08-31,12.78,-0.0868809563829891,0.10805789164873851,0.18529757243539546,0.35303118585903687,0.2154622166477236,0.23105199851411898,0.13445208249090174
2023-09-01,12.53,-0.1705472703816362,0.09043801329683222,0.046095126247798004,0.32564087517132034,0.15405800490531685,0.20216965373121262,0.40602263540824574
2023-09-04,12.49,-0.12690419696649524,0.08778103616813294,0.09383561643835617,0.3012938922488156,0.1609701816184349,0.18700083315820945,0.2313131313131313
2023-09-05,12.42,-0.08264059371433152,0.08502736512900703,0.19673253766386226,0.278967727017104,0.18690920993665774,0.18690920993665774,0.0
2023-09-06,12.46,-0.046264620409395274,0.08686730506155951,0.32423708920187794,0.2607716323772138,0.22395867554688376,0.22395867554688376,0.0
2023-09-07,12.69,-0.007067167223092419,0.1027745212973818,0.5021513788382554,0.2657291013020867,0.29021833381257467,0.29021833381257467,0.0
2023-09-08,12.4,-0.010429296296985857,0.08380543074819301,0.48660539694955024,0.2726253075802587,0.2810120450926673,0.2810120450926673,0.0
2023-09-11,12.42,-0.005620247632153408,0.08525390625,0.5082111436950146,0.28185001133662907,0.2917716870938812,0.2917716870938812,0.0
2023-09-12,12.4,-0.0016116038943416733,0.08387033782464362,0.528440187646599,0.28852377900371895,0.30027810149165385,0.30027810149165385,0.0
2023-09-13,12.64,0.01434287535940415,0.09859429910191332,0.6014266171584913,0.2875277162290877,0.32918287749649744,0.32918287749649744,0.0
2023-09-14,12.02,-0.0542423526192346,0.06265859847745461,0.28927315357561545,0.26733195805812476,0.2064212367037316,0.2817331895756863,0.5902665589660743
2023-09-15,11.73,-0.05554680994560712,0.04888758782201405,0.2853096307872631,0.24457618520993427,0.19292446793973717,0.26411567414510023,0.5678239806217198
2023-09-18,12.85,0.03403573483589595,0.11531707317073171,0.67998046875,0.23249862923124867,0.34259872371732675,0.34259872371732675,0.0
2023-09-19,12.95,0.04339931553455534,0.12309793211080765,0.713825424721734,0.22559852705758657,0.3541739612967094,0.3541739612967094,0.0
2023-09-20,13.03,0.030388002418042515,0.12834015993758532,0.6680007809449434,0.22668778511461948,0.34100957533238274,0.34100957533238274,0.0
2023-09-21,13.96,0.14962416822716484,0.19929797191887674,0.9280694905328909,0.24691819419829558,0.4580952188833544,0.4580952188833544,0.0
2023-09-22,14.18,0.18968285843859745,0.21456424254240591,0.9528688524590164,0.26409052061598803,0.47717453853913677,0.47717453853913677,0.0
2023-09-25,14.1,0.09283098604289375,0.20867446393762185,0.8467317073170731,0.2826723385036966,0.44602616991946387,0.44602616991946387,0.0
2023-09-26,14.74,0.12946909861564393,0.25959851880725004,0.9045064377682404,0.3054432233627542,0.4898493933127482,0.4898493933127482,0.0
2023-09-27,15.08,0.14611497144305607,0.28224863600935307,0.9248098303101229,0.33053909336756504,0.5125325198956804,0.5125325198956804,0.0
2023-10-04,18.09,0.2591632020729775,0.46980323397623225,0.9765015600624025,0.3593628266164276,0.6018892068850209,0.6018892068850209,0.0
2023-10-05,17.34,0.20118345024841444,0.4191663420335021,0.9587638915968025,0.39039775396856946,0.589442662532958,0.589442662532958,0.0
2023-10-06,17.39,0.20972053098206933,0.42288218111002923,0.9615009746588694,0.4204669165476297,0.6016166907721762,0.6016166907721762,0.0
2023-10-10,17.56,0.17505870144578006,0.43555295950155765,0.944942506334048,0.4479353056236981,0.6094769238197679,0.6094769238197679,0.0
2023-10-11,16.74,0.10443170248151912,0.378625656998248,0.8677903351519876,0.468818095570868,0.5717446959070346,0.5948340359833916,0.2060129136400323
2023-10-12,15.7,-0.1416985870529417,0.31520046710782407,0.06945256185466589,0.46331127379153936,0.28265476758467645,0.5309871481233226,0.9897135941912061
2023-10-13,15.95,-0.08355714212154242,0.33109554388013235,0.19370860927152317,0.4621711069278872,0.3289917533598476,0.47889696628870054,0.8756048387096774
2023-10-16,17.07,-0.018572791559842816,0.3989299610894942,0.4454722492697176,0.4684445359382422,0.43761558209915136,0.44609674455409554,0.0743651753325272
2023-10-17,16.18,-0.08184767657662473,0.34302664851196263,0.1986954828660436,0.4666798260859112,0.3361339858213059,0.3914281569544032,0.46031426269137793
2023-10-18,16.0,-0.045212342821547846,0.3340140023337223,0.3290831224450068,0.4657567312988694,0.3762846186925328,0.3762846186925328,0.0
2023-10-19,18.23,0.14940787633630936,0.4826949251409683,0.9271117166212534,0.4922036035415981,0.6340034151012732,0.6340034151012732,0.0
2023-10-20,19.53,0.20249291565773397,0.5659992223950233,0.9592333138742946,0.5219794864830991,0.682404007584139,0.682404007584139,0.0
2023-10-23,19.65,0.14075480150892128,0.5732750242954324,0.9176070038910505,0.5393690986397429,0.676750375608742,0.676750375608742,0.0
2023-10-24,18.82,0.15114422252688797,0.5256509910610183,0.92812682357518,0.5547904600848342,0.6695227582403441,0.6695227582403441,0.0
2023-10-25,18.56,0.14842000511827314,0.5103944045074801,0.92561260210035,0.5707821117279669,0.6689297061119324,0.6689297061119324,0.0
2023-10-26,21.14,0.14809839175152018,0.6515151515151515,0.9252381878281158,0.5820167586502543,0.7195900326645072,0.7195900326645072,0.0
2023-10-27,20.02,0.02478002899848697,0.5957467469411536,0.6445373250388803,0.5838380330747197,0.6080407016849179,0.6685667148620886,0.5024164317358034
2023-10-30,20.03,0.01915381136245653,0.5965048543689321,0.6214771622934888,0.5879024292099129,0.6019614819574446,0.6536089361318292,0.4329710144927536
2023-10-31,19.89,0.055296958708646926,0.5882352941176471,0.753886513797124,0.5923528504933947,0.6448248861360554,0.6486693617109716,0.03843058350100604
2023-11-01,18.79,0.01231608606731971,0.5239712732919255,0.5907324655138916,0.5900439823055533,0.5682492403704568,0.6285332685626763,0.5010056315366049
2023-11-02,17.49,-0.1895376914115814,0.42877935183388316,0.03156565656565657,0.565394987664576,0.3419133320213719,0.5529979284340494,0.9672295938882187
2023-11-03,16.7,-0.18132305446436492,0.37592161428017073,0.0368032627694698,0.5412648537500593,0.3179965769332333,0.49498910348371233,0.9266479099678456
2023-11-06,18.65,-0.07138500358790223,0.5158098933074685,0.22864077669902913,0.5252665416059993,0.42323907053749893,0.4592446211997233,0.3115709120128566
2023-11-07,18.23,-0.08714850417530906,0.48196276183087666,0.18394486507474278,0.5074018456327497,0.3911031575127897,0.4085002754750701,0.1572289156626506
2023-11-08,17.56,-0.0677012252184035,0.4354275741710297,0.24019798136645962,0.493132084717431,0.3895858800849734,0.3895858800849734,0.0
2023-11-09,16.84,-0.03787228021632982,0.38396665374176037,0.35775276537939066,0.5020587444713975,0.4145927211975162,0.4145927211975162,0.0
2023-11-10,17.13,0.025422592913319164,0.4034696646636945,0.6465851765618936,0.5151900116732459,0.5217482842996114,0.5217482842996114,0.0
2023-11-13,17.68,-0.053412088880327335,0.4431201550387597,0.2933074684772066,0.5124906470021646,0.4163060901727103,0.42666722665352025,0.0893215576073866
2023-11-14,17.35,-0.04947608229770317,0.41978298779306333,0.31138479441427463,0.5172267882728979,0.4161315234934119,0.4316728998496447,0.1338282504012841
2023-11-15,17.24,-0.01839132297142365,0.4092406044168927,0.44706224549156487,0.5220569314011412,0.4594532604365329,0.4594532604365329,0.0
2023-11-16,16.98,0.008279172069020735,0.3916327716443928,0.5764831329972858,0.5110146629731276,0.4930435225382688,0.4930435225382688,0.0
2023-11-17,16.55,-0.03444521051295668,0.36493028659953525,0.3730374103508432,0.49133304199015415,0.40976691298017753,0.4389402619242203,0.2573204973926996
2023-11-20,16.68,-0.058223660278896805,0.37405614714424007,0.274515503875969,0.47027528256099727,0.3729489778604021,0.43026883946175865,0.4765437048917402
2023-11-21,16.18,-0.06981659476252267,0.3416569879984514,0.2331912420073629,0.44830204294523773,0.341050090983684,0.41525255295981306,0.5845691382765531
2023-11-22,15.88,-0.0821718094165571,0.3249467776272498,0.1973072452537776,0.4254582183520676,0.31590408041103163,0.38654271695471276,0.5659054487179487
2023-11-23,15.13,-0.11535665308293686,0.28376547987616096,0.11398411776099167,0.3959831248094148,0.2645775741488558,0.3408495272768302,0.5973167801361634
2023-11-24,15.04,-0.0956727833013784,0.277616560263107,0.15792021688613478,0.3758644424386449,0.27046707319596225,0.3129895593199872,0.36369095276220975
2023-11-27,15.2,-0.09291496907836994,0.28752417794970986,0.16524685382381413,0.35673416781642253,0.2698350665299822,0.2923667770539032,0.19667867146858745
2023-11-28,15.35,-0.052660437597139786,0.294140398375556,0.29878048780487804,0.33800414477306406,0.31030834365116605,0.31030834365116605,0.0
2023-11-29,14.6,-0.08403892710469885,0.24390951276102088,0.1922779175537062,0.32104123706078685,0.252409555791838,0.27351952266356083,0.185
2023-11-30,14.46,-0.045293311069645625,0.2344867581674077,0.329624613003096,0.323635396130061,0.2959155891001882,0.2959155891001882,0.0
2023-12-01,14.5,-0.03656466909516487,0.23608426749130268,0.3655445927645579,0.32835799571021645,0.309995618655359,0.309995618655359,0.0
2023-12-04,14.61,-0.03958920208962269,0.24541062801932367,0.354642166344294,0.3247480488191445,0.3082669477275874,0.3082669477275874,0.0
2023-12-05,14.84,-0.03378923629397157,0.26477975270479137,0.3781666988976987,0.3241740194365662,0.3223734903463521,0.3223734903463521,0.0
2023-12-06,14.56,-0.002743485945750912,0.24193548387096775,0.5229118329466357,0.3264045634685691,0.36375062676205755,0.36375062676205755,0.0
2023-12-07,16.85,0.1529644400677519,0.3863460795674005,0.9301179199690701,0.3407731779789521,0.5524123925051408,0.5524123925051408,0.0
2023-12-08,14.76,0.01777216974579776,0.26018536396987835,0.6166408967916506,0.3364424634673506,0.40442290807629316,0.40442290807629316,0.0
2023-12-11,14.59,-0.001369863227913548,0.24343629343629344,0.529951690821256,0.3373664724858902,0.37025148558114657,0.4026421806541981,0.2840863654538185
2023-12-12,14.45,-0.02663182318079338,0.23325612816058677,0.4079404945904173,0.3351171934994818,0.32543793875016197,0.40325507033496005,0.6065147881694645
2023-12-13,14.3,-0.018018505502678472,0.22230798919336164,0.44977786362758354,0.33051176857229403,0.33419920713107976,0.39734478640876447,0.5223731522173392
2023-12-14,14.11,-0.1774668909336481,0.20750530580744742,0.040459636925453846,0.3125079945245746,0.18682431241915864,0.324227170391568,0.8440495207667732
2023-12-15,13.98,-0.054293082366662304,0.19897762345679013,0.288955396794748,0.3062571276071036,0.2647300492862139,0.29628859863355217,0.2760479041916168
2023-12-18,14.27,-0.0221769310459492,0.21986499517839922,0.4286679536679537,0.3062561600527572,0.3182630362997034,0.3182630362997034,0.0
2023-12-19,13.85,-0.04240918192509335,0.18790975703817972,0.34008878594865855,0.3050849178772828,0.27769448695470705,0.27769448695470705,0.0
2023-12-20,14.78,0.03301537825419398,0.2625795257374205,0.6770551910459283,0.3155194352248408,0.41838471733606325,0.41838471733606325,0.0
2023-12-21,14.93,0.056488845686376354,0.2737085582112567,0.7577657727185028,0.331362553557156,0.45427896149563846,0.45427896149563846,0.0
2023-12-22,14.97,0.06842046162587279,0.27635382539988435,0.792920524691358,0.347205992880706,0.4721601143239828,0.4721601143239828,0.0
2023-12-26,16.25,0.12993347728700133,0.34884393063583813,0.9038572806171649,0.36720424736769297,0.5399684862068986,0.5399684862068986,0.0
2023-12-27,16.55,0.17810086918972434,0.36775187825081873,0.9468762051677594,0.3852469272986466,0.5666250035724083,0.5666250035724083,0.0
2023-12-28,17.78,0.1847993145657032,0.45261941448382126,0.9503566608829767,0.4094166434249483,0.6041309062639154,0.6041309062639154,0.0
2024-01-02,18.61,0.22032645910306048,0.5162719044868092,0.9657864302235929,0.4323653175134458,0.6381412174079493,0.6381412174079493,0.0
2024-01-03,18.28,0.1997593675944671,0.49008471313053525,0.9582771246868376,0.45353364195248363,0.6339651599232855,0.6339651599232855,0.0
2024-01-04,18.2,0.11332868530700324,0.4825794032723773,0.8821772639691715,0.4726512387744319,0.6124693020053269,0.6124693020053269,0.0
2024-01-05,17.8,0.07281235547496756,0.4537143956889915,0.8018686187632441,0.4879671528456756,0.5811833890993037,0.6139779949399561,0.2875099760574621
2024-01-08,17.77,-0.0005625879191986094,0.45141427746776985,0.5339946070878274,0.4934811920391254,0.49296335886490755,0.5917444854601546,0.7078181092939768
2024-01-09,17.42,-0.06608009922980251,0.4275682954982686,0.24677450414018873,0.47742816204167504,0.38392365389337746,0.5409009727572401,0.8945374800637959
2024-01-10,16.79,-0.08502409493655483,0.3833429505674168,0.18916056988833269,0.46982009353403054,0.34744120466326,0.4835961817052351,0.8407732164208848
2024-01-11,17.14,-0.06000668091311612,0.40692307692307694,0.26823869104908565,0.4673644381268959,0.3808420686996861,0.437270735044107,0.4707171314741036
2024-01-12,16.77,-0.05960688146292226,0.3822341857335128,0.27030408006158585,0.4676479792029983,0.3733954149993656,0.39571314022411935,0.19414575866188769
2024-01-15,16.84,-0.05375463335237951,0.3863898500576701,0.29161054454492974,0.4677958427475396,0.3819320791167131,0.3819320791167131,0.0
2024-01-16,17.18,-0.013873054868247525,0.40870651547184317,0.47027702962677953,0.48357130780668267,0.4541849509684351,0.4541849509684351,0.0
2024-01-17,19.31,0.13983962535097394,0.559761721752498,0.915464512406232,0.5082536381543624,0.6611599574376975,0.6611599574376975,0.0
2024-01-18,18.32,0.06657844607635077,0.49394812680115274,0.7875961538461539,0.5240789214493863,0.6018744006988976,0.6018744006988976,0.0
2024-01-19,17.64,0.05057747474352814,0.44314252785247793,0.7361084406844838,0.5403602320881393,0.5732037335417003,0.5732037335417003,0.0
2024-01-22,18.01,0.06717015037368412,0.46898405991933934,0.7894079200307574,0.5483291636673081,0.6022403812058016,0.6022403812058016,0.0
2024-01-23,17.39,0.012149411810082444,0.42569124423963134,0.5911012877186239,0.5479621186930206,0.5215848835504253,0.5920126712869045,0.5638933121019108
2024-01-24,17.07,-0.12330055963407416,0.4006527164522941,0.09848193697156034,0.5337086262763358,0.3442810932333968,0.5286368984460443,0.9385196975726223
2024-01-25,16.92,-0.07949700506790691,0.39117082533589254,0.2048991354466859,0.5172928450145752,0.3711209352657179,0.48248620535940834,0.7543754972155927
2024-01-26,16.96,-0.039311420214888315,0.3933026290539244,0.354878985785632,0.5031316833000996,0.4171044327132187,0.45126634519371206,0.29761431411530814
2024-01-29,17.27,-0.04195626702927768,0.41567536454336146,0.3415594392164394,0.4869881515099247,0.4147409850899086,0.4147409850899086,0.0
2024-01-30,17.11,-0.01623224046208982,0.4040859389986572,0.45862135176651303,0.47150437541129386,0.4447372220588213,0.4447372220588213,0.0
2024-01-31,17.02,-0.002933413661120987,0.39710395090141926,0.5211172969859857,0.4582508606630447,0.4588240361834832,0.4588240361834832,0.0
2024-02-01,16.79,-0.007712883088628164,0.3824544582933845,0.4987523992322457,0.4461621154201468,0.442456324315259,0.442456324315259,0.0
2024-02-02,17.79,0.04777887131398639,0.4545628834355828,0.7247169449241988,0.44425453576783536,0.5411781213758723,0.5411781213758723,0.0
2024-02-05,18.06,0.04472865583025243,0.47297297297297297,0.716903300076746,0.4493662204801884,0.5464141645099692,0.5464141645099692,0.0
2024-02-06,17.59,0.027667470845364583,0.4408777309313913,0.656148091310186,0.45993329604526645,0.5189863727622813,0.5189863727622813,0.0
2024-02-07,17.62,0.03464549736280542,0.4428051350833493,0.6815304948216341,0.47372909878149727,0.5326882428954935,0.5326882428954935,0.0
2024-02-08,17.24,0.026448794146097576,0.4124521072796935,0.65071907957814,0.483429334253639,0.5155335070371575,0.5309600817161547,0.13096184419713833
2024-02-13,18.02,0.012845750502448183,0.4707910361999617,0.5936541411042945,0.493727007041368,0.519390728115208,0.5266026030640218,0.06138259833134684
2024-02-14,17.98,-0.004439518945364984,0.4673496744542321,0.5122675867356719,0.5012674287060506,0.49362822996531813,0.5160454161550916,0.19559173947577443
2024-02-15,17.79,0.011305942928276913,0.45462377943710514,0.5878689152932158,0.5053551574468431,0.5159492840590547,0.5159492840590547,0.0
2024-02-16,17.41,-0.011989866727935894,0.4276416539050536,0.4798812032956505,0.49116257302289246,0.4662284767411989,0.5021460451835875,0.3130210400952759
2024-02-19,18.02,0.04424998694464488,0.4711004784688995,0.7154214559386973,0.4887870143668997,0.5584363162581655,0.5584363162581655,0.0
2024-02-20,18.09,0.003877047227012209,0.47588978185993114,0.5549703122007278,0.48507724250499207,0.5053124455218837,0.5079109505091242,0.022817460317460316
2024-02-21,18.5,0.028510703040804497,0.5115745169313182,0.6590386824971275,0.4828827729919508,0.5511653241401322,0.5511653241401322,0.0
2024-02-22,18.22,0.023883390154068707,0.4868018362662586,0.6418724870763929,0.4856798177765607,0.5381180470397374,0.5381180470397374,0.0
2024-02-23,18.31,0.050402604906321535,0.49521897112258556,0.7365045941807045,0.5039945405735466,0.5785727019589456,0.5785727019589456,0.0
2024-02-26,17.94,-0.004449395549541713,0.4646271510516252,0.5116746411483254,0.513500336358981,0.49660070951964386,0.5339538456360685,0.3262594208647362
2024-02-27,17.16,-0.05277820534738753,0.4070923341617282,0.2964982778415614,0.5123855612880742,0.4053253910971213,0.5139564347511161,0.7456383822363204
2024-02-28,16.83,-0.09460772388156435,0.3837920489296636,0.1592691792615267,0.507031221898859,0.35003081669668307,0.4737295332624263,0.8008323424494649
2024-02-29,16.77,-0.08292831599669492,0.3799923562010319,0.19462509563886762,0.49982897592572717,0.3581488092552089,0.4377356857055205,0.6139064976228209
2024-03-04,17.33,-0.0550082549589046,0.4206152082537256,0.285809906291834,0.4945340725921811,0.4003197290459135,0.40208509112291413,0.016831683168316833
2024-03-05,17.13,-0.04620154429462131,0.40534861509073544,0.32361376673040154,0.49072796069956875,0.40656344750690193,0.40656344750690193,0.0
2024-03-06,17.25,0.00523104941755248,0.4137700534759358,0.5613649397820685,0.48562433982202424,0.48691977769334277,0.48691977769334277,0.0
2024-03-07,17.25,0.024649135274654288,0.41378651899942714,0.645164373088685,0.4823512052979841,0.5137673657953654,0.5137673657953654,0.0
2024-03-08,17.25,0.02822056764225156,0.4138029782359679,0.6580355436652016,0.48172152278947394,0.5178533482302144,0.5178533482302144,0.0
2024-03-11,18.05,0.04070658105137559,0.4736590952471846,0.703954910202522,0.48305348217809196,0.5535558292092663,0.5535558292092663,0.0
2024-03-12,17.8,0.03836714496201088,0.45572519083969465,0.6961795606494747,0.4852718212938754,0.545725524261015,0.545725524261015,0.0
2024-03-13,16.93,-0.01872494733232477,0.3900973096737264,0.44413674560733385,0.4795165432432955,0.43791686617478526,0.5137637867341293,0.5956057007125891
2024-03-14,16.51,-0.04384588554533231,0.36131247615413964,0.33387435554706896,0.47240578250607806,0.38919753806909557,0.4888498211888753,0.7117134942619707
2024-03-15,16.83,-0.024649135274654288,0.38346366584016783,0.41456662848415426,0.46629422249592817,0.42144150560675003,0.46956745266418237,0.40763449367088606
2024-03-18,17.12,-0.052898314065294105,0.40427154843630814,0.29557167398358464,0.46110223162640784,0.38698181801543347,0.43625265042541583,0.41459074733096085
2024-03-19,16.78,-0.059010756258979224,0.3801715919923737,0.2705152671755725,0.4477063547454166,0.36613107130445427,0.40033375983410374,0.29861660079051383
2024-03-20,16.92,-0.000590841966966682,0.3897255051467785,0.5339629841633277,0.4450270646266528,0.4562385179789197,0.4562385179789197,0.0
2024-03-21,17.53,0.059947441001106494,0.43643987040213456,0.7728920259442961,0.44599503204960245,0.5517756427986776,0.5517756427986776,0.0
2024-03-22,17.13,0.017668304133314106,0.4055830792682927,0.6157734121686057,0.4433120862519585,0.48822285922961894,0.48822285922961894,0.0
2024-03-25,17.35,0.013345135679272424,0.4238902648123452,0.5958237986270023,0.43801184870536,0.48590863738156914,0.48590863738156914,0.0
2024-03-26,17.34,0.03282827031333557,0.4227619047619048,0.6761677788369876,0.4410775459903336,0.5133357431964086,0.5133357431964086,0.0
2024-03-27,17.14,0.01291855899155614,0.4064940011426395,0.5938810522302707,0.4484971570245741,0.4829574034658281,0.5044400572144204,0.18589490320031607
2024-03-28,16.88,-0.03778420976533203,0.38775704493526275,0.3583952734896131,0.4535744342804162,0.39990891756843067,0.47406671216837115,0.5851105845181674
2024-03-29,16.84,-0.017074303521848133,0.38387588044926707,0.4528391768292683,0.4601268744163821,0.4322806438983058,0.4628782691021085,0.268258981444927
2024-04-01,17.13,-0.01276119405683973,0.4055957365816521,0.4748523528291103,0.4644774487880122,0.44830851273292494,0.4553582441723797,0.06018153117600632
2024-04-02,17.1,-0.01393750784378156,0.4018078020932445,0.4686666666666667,0.46801525096148155,0.4461632399071309,0.4461632399071309,0.0
2024-04-03,17.63,0.028187083240145405,0.4450152207001522,0.6580651304513426,0.4712138849088189,0.5247647453534379,0.5247647453534379,0.0
2024-04-04,17.2,0.01877989465159624,0.41059539661403843,0.6211919268849961,0.4705347956940919,0.5007740397310422,0.5007740397310422,0.0
2024-04-05,18.12,0.07325929180065271,0.4807911753518448,0.804778221968399,0.4758780675795687,0.5871491549666041,0.5871491549666041,0.0
2024-04-08,18.16,0.05839006083711862,0.48450275717817076,0.7659878188047202,0.4776999818428983,0.5760635192752631,0.5760635192752631,0.0
2024-04-09,18.09,0.056280835898589565,0.4782319391634981,0.7576593720266412,0.4797996458354226,0.5718969856751873,0.5718969856751873,0.0
2024-04-11,18.03,0.022435040805446782,0.473579167458658,0.6355593607305936,0.4866722576581274,0.531936928615793,0.5535641256527779,0.18875739644970413
2024-04-12,17.59,0.02242117493005935,0.44222729000380084,0.6352482404413163,0.4962294751267251,0.5245683351906141,0.5583229847446923,0.29514984227129337
2024-04-15,18.45,0.018048069871702932,0.5121603648109443,0.6176302776721186,0.5045234838306936,0.5447713754379189,0.5498474288389553,0.044737879385100515
2024-04-16,19.95,0.0940077701627251,0.600588905775076,0.8487355010458262,0.5232605134407189,0.6575283067538736,0.6575283067538736,0.0
2024-04-17,20.02,0.10137247447987052,0.6043684710351377,0.8637832699619772,0.543697135486448,0.6706162921611877,0.6706162921611877,0.0
2024-04-18,19.42,0.07426642564795305,0.5694075199392328,0.8064056263067858,0.5550002519098458,0.6436044660519548,0.6436044660519548,0.0
2024-04-19,21.22,0.18761357443637028,0.6621416366052781,0.951634359559103,0.5651113544052946,0.7262957835232253,0.7262957835232253,0.0
2024-04-22,19.8,0.07061756721395351,0.5904517843583903,0.798878966368991,0.5743107108875567,0.654547153871646,0.6705184004723774,0.1400709219858156
2024-04-23,18.93,-0.052481178114641036,0.5410893907762384,0.2968275075987842,0.5697657817609486,0.46922756004532373,0.6328582511306675,0.9088223710122095
2024-04-24,18.02,-0.10524952170688273,0.47248576850094876,0.13418803418803418,0.5574593847382008,0.3880443958090612,0.5763438718602422,0.9438976377952756
2024-04-25,18.82,-0.03138332870594507,0.5347182697780307,0.38634637295860236,0.555476624472294,0.4921804224029757,0.5460590631304465,0.45159386068476975
2024-04-26,18.32,-0.14695077393985256,0.4985773899848255,0.06445794569963927,0.5508986999037837,0.3713113451960828,0.47506217546501794,0.7275767112509834
2024-04-29,18.13,-0.08811391293373028,0.48150957709084014,0.1789104024297646,0.5464913229598354,0.40230376749348,0.42461349818938465,0.19524184034604797
2024-04-30,18.14,-0.04262852053424071,0.48246113007205155,0.3373505408996014,0.5449754124988576,0.4549290278235036,0.4549290278235036,0.0
2024-05-02,17.88,-0.007799482434823535,0.4618009478672986,0.4962998102466793,0.5471660697327093,0.5017556092822291,0.5017556092822291,0.0
2024-05-03,17.51,-0.07214798785947307,0.43432524639878695,0.22396129766647696,0.5360462245555535,0.3981109228736058,0.42568213453378023,0.24547955974842767
2024-05-07,17.21,-0.06250274902253627,0.4097972332764829,0.2576820940819423,0.5269385246520383,0.39813928400348786,0.4310477222952612,0.29096267190569747
2024-05-08,16.46,-0.09663482951783564,0.3543956043956044,0.15332827612364877,0.5074923867320136,0.33840542241708893,0.41826805327998307,0.6180282796543598
2024-05-09,16.49,-0.09536530811548305,0.3570752036370525,0.1561433447098976,0.489060586041115,0.3340930447960217,0.3941008566744867,0.5015704750687083
2024-05-10,16.29,-0.09313134713141435,0.3457386363636364,0.16255924170616115,0.4708707502131064,0.326389542760968,0.35902764337023446,0.28748037676609106
2024-05-13,16.6,-0.05336945093526291,0.3662185192198447,0.29255117513267626,0.4596115293671882,0.3727937412399031,0.3727937412399031,0.0
2024-05-14,16.73,-0.028287095224715397,0.3745740249905339,0.4003221527382983,0.4520470455492811,0.40898107442603776,0.40898107442603776,0.0
2024-05-16,15.98,-0.029595254910795177,0.3284118871853114,0.3958885941644562,0.44190979152094867,0.38873675762357207,0.38873675762357207,0.0
2024-05-17,15.98,-0.03141619623337899,0.328444360333081,0.3869103996969123,0.423560550351176,0.3796384367937231,0.3796384367937231,0.0
2024-05-20,15.95,-0.021092593383100322,0.3262062440870388,0.43399621212121214,0.4058618182314544,0.3886880914799018,0.3886880914799018,0.0
2024-05-21,15.85,-0.04623319503920831,0.3192395005675369,0.32257148267373603,0.3875117641563357,0.3431075824658696,0.38183038855782087,0.33876029815613967
2024-05-22,15.71,-0.0629060627312028,0.31142424815585396,0.25681560015145777,0.36137336045990903,0.30987106958907357,0.362008387590428,0.43901960784313726
2024-05-23,15.22,-0.048727587904588976,0.28536308623298035,0.31412076471701683,0.34162718796547437,0.3137036796384905,0.3470017719934117,0.2941983535868287
2024-05-24,15.43,-0.035024273963059294,0.2967479674796748,0.3706472369417108,0.3373641456166335,0.3349197833460063,0.33805804130386835,0.025666144200626958
2024-05-27,15.21,-0.04750572295965183,0.28468809073724005,0.31892147587511827,0.3372875397147178,0.31363236877569206,0.3230468967630264,0.08323540932236584
2024-05-28,15.07,-0.05046348768488551,0.2763182763182763,0.3052402572833901,0.32879988698634366,0.30345280686267,0.3151159416423865,0.09886452623335944
2024-05-29,15.66,-0.0031877617048730045,0.30886243386243384,0.5196708908643843,0.3354373367124025,0.38799022047974024,0.38799022047974024,0.0
2024-05-30,16.82,0.09995830211126222,0.3822973738900435,0.861857034795764,0.3500306974415326,0.53139503537578,0.53139503537578,0.0
2024-05-31,16.9,0.09099995555395823,0.38893086513033626,0.8433541312157308,0.36034253057589294,0.53087584230732,0.53087584230732,0.0
2024-06-03,16.69,0.09285663140254208,0.373371104815864,0.8467863894139886,0.3668939489787898,0.5290171477362141,0.5290171477362141,0.0
2024-06-04,16.64,0.09910342275465878,0.3693353474320242,0.8602343602343603,0.3811760280688178,0.5369152452450674,0.5369152452450674,0.0
2024-06-05,16.56,0.05588045839445677,0.36426279025863695,0.7568972033257747,0.3925180447244675,0.5045593461029597,0.5265525233534682,0.19275929549902152
2024-06-07,16.64,-0.010759219151739163,0.36947904869762177,0.4846967693179671,0.40117934316187587,0.4184517203924883,0.50396386035681,0.6496478873239436
2024-06-10,17.17,0.015850052980356466,0.4090394414040385,0.6085190782017378,0.4137878424433465,0.4771154540163743,0.49321178269862076,0.14137661321861555
2024-06-11,17.16,0.027771356386072643,0.40867924528301885,0.6573182247403211,0.4277303322421851,0.49790926742184166,0.49790926742184166,0.0
2024-06-12,17.4,0.04466077082742048,0.4297302395774382,0.7181835347432024,0.4399589342413881,0.5292909028540096,0.5292909028540096,0.0
2024-06-13,16.52,-0.0024183808642814775,0.36043002640513017,0.5232206909571455,0.4426777977322242,0.4421095050315,0.4729753699432428,0.2738467552775606
2024-06-14,16.03,-0.03734746877160111,0.33160475202715445,0.3607965269913175,0.44188031767394176,0.37809386556413793,0.4649037989775727,0.6547479484173505
2024-06-17,16.71,-0.027156332302081587,0.375,0.40469899981128515,0.44348892366847414,0.4077293078265864,0.4510265697396151,0.3732421875
2024-06-18,16.34,-0.04896500462795972,0.34891611687087654,0.3129245283018868,0.4410298783925869,0.3676235078551167,0.4249694178262701,0.4804763764154627
2024-06-19,16.33,-0.06346629923810942,0.34837919336600076,0.2541973212601396,0.4400490166772085,0.347541843767783,0.38861960600902484,0.35967993754879
2024-06-20,16.56,0.0024183808642814775,0.36442434520444694,0.5474349302150132,0.44863950235501227,0.4534995925914908,0.4534995925914908,0.0
2024-06-21,16.52,0.030109801471370545,0.36068198944988694,0.667263812936074,0.45935105114091135,0.49576561784229073,0.49576561784229073,0.0
2024-06-24,17.02,0.018381780537925607,0.3972499529101526,0.619815233785822,0.46809280069777603,0.4950526624645835,0.4950526624645835,0.0
2024-06-25,16.98,0.03842009145134462,0.39425612052730696,0.6975494816211122,0.48029770158617763,0.5240344345781989,0.5240344345781989,0.0
2024-06-26,16.74,0.024797158078955217,0.3774242138956882,0.646343761779118,0.4913529376380061,0.5050403044376041,0.5050403044376041,0.0
2024-06-27,16.57,0.0006036824813580033,0.3653990963855422,0.5386282268701714,0.49324028760122857,0.4657558702856474,0.4971297779216649,0.27682403433476394
2024-06-28,16.1,-0.025752496102414923,0.3337097684923772,0.4094762622456669,0.48071607815253437,0.40796736963019287,0.4795701282792454,0.5758580343213728
2024-07-01,16.05,-0.058680273569203134,0.3322356040647347,0.2694481069881334,0.4649510460202045,0.35554491902435753,0.4516685795912002,0.6929824561403509
2024-07-02,15.88,-0.06697572506421157,0.32126058325493884,0.23983050847457626,0.44847438595769595,0.336521825895737,0.4141660578547078,0.6089243959469992
2024-07-03,15.55,-0.07374042643608592,0.3034236267870579,0.21850875541329318,0.43078345282104513,0.3175719450071321,0.37667238596861335,0.49610440202571093
2024-07-04,16.36,-0.012754500263870483,0.34991536580778637,0.47524472891566266,0.42338345534952115,0.4161811833576567,0.4161811833576567,0.0
2024-07-05,16.72,0.03778633566613809,0.3766453553967657,0.6946169772256728,0.42881061821469235,0.5000243169457103,0.5000243169457103,0.0
2024-07-08,16.81,0.04626509784449917,0.3833427335965407,0.7229017689123071,0.43102776778726914,0.5124240900987056,0.5124240900987056,0.0
2024-07-09,16.28,0.024876904755404716,0.3453007518796993,0.6467544684854186,0.42917921154581357,0.4737448106369771,0.4737448106369771,0.0
2024-07-10,16.08,0.03351562512557704,0.3330201090020673,0.6789879608728367,0.4257815689346701,0.4792632129365247,0.4792632129365247,0.0
2024-07-11,16.12,-0.014778594096118702,0.3355881247651259,0.46313710739138614,0.423658431804526,0.40746122132034596,0.4745835303876527,0.5473130841121495
2024-07-12,16.44,-0.01688821802852125,0.35431147848957356,0.4534599473486273,0.4265426854750193,0.4114380371044068,0.45686627441939204,0.39022966134682757
2024-07-15,16.47,-0.020433403230975422,0.35687453042824946,0.4362662154540327,0.4268787291267942,0.40667315833635875,0.4357160880669227,0.2573929961089494
2024-07-16,16.34,0.0036787288574622323,0.3492018779342723,0.5542293233082707,0.4329184930285387,0.44544989809036056,0.44544989809036056,0.0
2024-07-17,16.53,0.027600648082112933,0.3625610214044311,0.6569253899642924,0.4433412404471032,0.4876092172719422,0.4876092172719422,0.0
2024-07-18,16.79,0.04072273401096682,0.38276703585507793,0.7058436677940624,0.44776002615284527,0.5121235766006619,0.5121235766006619,0.0
2024-07-19,17.27,0.04925350253055294,0.4206081081081081,0.7335149351869247,0.4509144571755721,0.5350125001568683,0.5350125001568683,0.0
2024-07-22,18.39,0.11026649442668113,0.510977669356352,0.8804470323065364,0.460273445049745,0.6172327155708778,0.6172327155708778,0.0
2024-07-23,17.47,0.06686903471410854,0.43705440900562853,0.7916431924882629,0.4636957450333818,0.5641311155090911,0.5641311155090911,0.0
2024-07-24,17.42,0.052442059591423895,0.43387732132808104,0.7468081111528352,0.46761868145353447,0.5494347046448169,0.5555869224964631,0.052703228315830415
2024-07-25,18.77,0.11147637950896838,0.5373218304576144,0.8823915900131406,0.48051083388391047,0.6334080847848885,0.6334080847848885,0.0
2024-07-26,17.98,0.040289136884887444,0.47384211513219576,0.7041103603603603,0.4913799950027734,0.5564441568317765,0.5841301554682902,0.2463063763608087
2024-07-29,17.51,-0.04903489231846914,0.4398200224971879,0.31159692249953086,0.49512332585136953,0.41551342361602944,0.5437862970773205,0.8183054799844539
2024-07-30,17.78,0.01758910593979346,0.4597000937207123,0.6145403377110694,0.5079520593439263,0.5273974969252361,0.5364395733605496,0.07905982905982906
2024-07-31,17.51,0.005153174873403721,0.43974887556221887,0.560213843556556,0.519902817766887,0.506621845628554,0.5278770015572969,0.18543689320388348
2024-08-01,17.12,-0.09201247988482164,0.40706389357316847,0.16494748687171792,0.5135740999099228,0.36186182678493645,0.47356774995730655,0.7591226708074534
2024-08-02,21.77,0.19127284620298157,0.6865867366054702,0.9545284080255015,0.5278204202101361,0.7229785216137027,0.7229785216137027,0.0
2024-08-05,45.86,0.9628211311319976,0.9791159393144784,0.9999062617172854,0.5496398626732091,0.8428873545683242,0.8428873545683242,0.0
2024-08-06,43.08,0.8849846222024289,0.975374531835206,0.9997188378631677,0.5742158164065405,0.849769728701638,0.849769728701638,0.0
2024-08-07,30.17,0.5440759068732093,0.8883167946077514,0.9972826086956522,0.5960555997422529,0.8272183343485522,0.8272183343485522,0.0
2024-08-08,29.02,0.5277378767424459,0.8780419318607263,0.9967210043095371,0.6229565423425967,0.8325731595042868,0.8325731595042868,0.0
2024-08-09,26.53,0.19774329290319237,0.838105932996444,0.9571937055076808,0.6476447476592448,0.8143147953877898,0.8333526745021181,0.17015909972836632
2024-08-12,24.49,-0.6273284064656819,0.782185628742515,0.00028095148904289194,0.6473778935179767,0.4766148245831782,0.7600981685050889,0.9970907680372382
2024-08-13,23.64,-0.6001186597502901,0.7545369504209541,0.00046816479400749064,0.643667241367287,0.4662241188607495,0.6833890465369113,0.972276075998449
2024-08-14,22.1,-0.31127044464726294,0.698559670781893,0.003651001685077701,0.6357353478947434,0.44598200678723804,0.6071417810246486,0.9029069767441861
2024-08-16,19.9,-0.3772655157255951,0.6016457826818777,0.0019655559715462375,0.6236103637698504,0.40907390080775813,0.5224419292853427,0.7654010073614878
2024-08-19,23.22,-0.13326219187990285,0.7363500373971578,0.08132135504398279,0.615199072498503,0.4776234883132145,0.4776234883132145,0.0
2024-08-20,21.03,-0.15231488124946813,0.6563843709104505,0.0594124251497006,0.5983083748584346,0.4380350569728619,0.44738771434836444,0.08230054221533695
2024-08-21,21.18,-0.10988285236463691,0.6642990654205607,0.12282507015902713,0.5872690382105771,0.458131057930055,0.458131057930055,0.0
2024-08-22,21.16,-0.043465001533608216,0.6634273967482713,0.333426861204639,0.582673258847377,0.5265091722667624,0.5265091722667624,0.0
2024-08-23,21.28,0.0670479327429967,0.6678811659192825,0.7915653637553769,0.5836665865774745,0.6810377054173781,0.6810377054173781,0.0
2024-08-26,20.96,-0.10239811681690414,0.651877451896133,0.13921091997008228,0.573994983986816,0.4550277852843438,0.5117481555742802,0.47599690282617113
2024-08-27,19.76,-0.06229029739488645,0.5914269704893538,0.2578986726490933,0.5764427014403593,0.4752561148596021,0.5191923671516283,0.3782894736842105
2024-08-28,19.38,-0.08881573371064055,0.5712418300653594,0.17560747663551401,0.5682579233220866,0.43836907667432,0.5152399709004813,0.6040618955512572
2024-08-29,19.8,-0.06643066928960906,0.594100074682599,0.24229116053074193,0.5641686362244507,0.4668532904792639,0.5033087945429815,0.3211523588553751
2024-08-30,18.81,-0.12337902116050437,0.5379876796714579,0.09706651718983557,0.5657447066348609,0.4002663011653848,0.44715451369258286,0.4018167761886355
2024-09-02,19.34,-0.08044036942769317,0.5690556177678238,0.19998131888660564,0.5439427514354473,0.4376598960299589,0.443680935841706,0.05197063369397218
2024-09-03,19.73,-0.0015193722851978286,0.5904086583317784,0.5284833769144565,0.5224394972908091,0.5471105108456813,0.5471105108456813,0.0
2024-09-04,26.04,0.29539221087774825,0.8288246268656716,0.984780578898226,0.5184022931924471,0.7773358329854482,0.7773358329854482,0.0
2024-09-05,25.5,0.2529965144638906,0.8144002984517814,0.97432785660941,0.5159805119863918,0.7682362223491944,0.7682362223491944,0.0
2024-09-06,26.81,0.3543863089349286,0.8441812756434166,0.9916931118163151,0.5150082982686286,0.7836275619094536,0.7836275619094536,0.0
2024-09-09,25.61,0.28080741018628563,0.817079992541488,0.9804964539007093,0.5150652184670804,0.7708805549697592,0.7708805549697592,0.0
2024-09-10,23.84,0.18922452216262498,0.7614653243847874,0.9515767867139392,0.5383296067387596,0.7504572392791621,0.7701074822986035,0.17477790652761685
2024-09-11,24.06,-0.07908310679383534,0.7698974836905872,0.20438432835820897,0.5438115241596055,0.5060311120694673,0.7158465381154073,0.965057915057915
2024-09-12,21.73,-0.15998465789604221,0.6837495341036154,0.05213579556052975,0.5446533905895349,0.42684624008456,0.6475685416624805,0.975106136626785
2024-09-13,21.68,-0.21238477567642233,0.6819452207937395,0.02154046997389034,0.54715024939239,0.4168786467200067,0.574218758624591,0.8956404320987654
2024-09-19,22.16,-0.14469403833235095,0.7010991058122206,0.06628752563863509,0.5458931303676329,0.4377599206061628,0.5075946317518717,0.562475896644813
2024-09-20,21.0,-0.12684240447372597,0.6528217545166698,0.09218866517524235,0.546623470958427,0.43054463021677974,0.44361210993939526,0.11160370084811103
2024-09-23,21.49,-0.112962999892114,0.6730912476722533,0.11640260950605778,0.546682713998395,0.4453921903922353,0.4453921903922353,0.0
2024-09-24,22.26,0.024097551579060905,0.7042450195494321,0.6429370108087962,0.5554409083085279,0.634207646222252,0.634207646222252,0.0
2024-09-25,23.91,0.097906604898788,0.7649851079672375,0.8566238121855785,0.5594949680704818,0.727034629407766,0.727034629407766,0.0
2024-09-26,25.63,0.145474678496897,0.8181648985669087,0.923155737704918,0.5832507746806221,0.7748571369841496,0.7748571369841496,0.0
2024-09-27,25.4,0.19022673630106768,0.8113137327874953,0.9522257403613336,0.6061061204308816,0.7898818645265702,0.7898818645265702,0.0
2024-09-30,25.44,0.16873502781750238,0.8127441860465117,0.9405027932960894,0.6312660622469248,0.7948376805298419,0.7948376805298419,0.0
2024-10-02,25.89,0.15106544791604737,0.8257068452380952,0.9274809160305344,0.6541859753983071,0.8024579122223122,0.8024579122223122,0.0
2024-10-04,25.84,0.07762689744416784,0.8240654640133903,0.8133842144452718,0.6792458624382414,0.7722318469656345,0.7868532882457016,0.1254335260115607
2024-10-07,25.41,-0.008620743043907364,0.8112681294161398,0.49274148520379674,0.692620179387379,0.6655432646691052,0.7649905137826928,0.713597842835131
2024-10-08,25.62,0.008624122444097715,0.8175311396170292,0.576386304428731,0.6994958146073671,0.6978044195510424,0.7465750247875873,0.41605698883326914
2024-10-10,23.27,-0.089157761157721,0.7372676579925651,0.17553488372093023,0.676975748006107,0.5299260965732008,0.693592707996259,0.9089684372594303
2024-10-11,21.99,-0.16326898919677646,0.6915071548039398,0.04975818452380952,0.650789177612771,0.4640181723135068,0.6259047600144979,0.9051558291650635
2024-10-14,21.81,-0.16955509870086383,0.6850613154960981,0.045657429793565185,0.6231602865585193,0.45129301061606086,0.5617169927445832,0.7540384615384615
2024-10-15,21.24,-0.17925660095833473,0.6642206947798626,0.03783934548159167,0.5957723764040007,0.43261080555515163,0.5151305009217925,0.6318723567858516
2024-10-16,21.65,-0.1683678420200896,0.6784918276374443,0.046384086261386875,0.5710682214740033,0.4319813784576115,0.4619658927031063,0.2646041506533436
2024-10-17,21.09,-0.09836598282351705,0.6570102135561745,0.14897769516728623,0.5668608738908699,0.4576162608714435,0.4576162608714435,0.0
2024-10-18,20.75,-0.05804155788996246,0.6402710731526179,0.2742055380040885,0.571325655928184,0.49526742236163007,0.49526742236163007,0.0
2024-10-21,20.9,-0.042619421242772404,0.6472990532764061,0.33881456707543667,0.5783913541677893,0.5215016581732107,0.5215016581732107,0.0
2024-10-22,21.7,0.021426064172676007,0.6813288789903489,0.6320824818874233,0.5920419724034621,0.6351511110937448,0.6351511110937448,0.0
2024-10-23,21.54,-0.005093782720256179,0.6732232325106698,0.5080794947994056,0.6029492800939162,0.5947506691346639,0.5947506691346639,0.0
2024-10-24,22.09,0.04632602294134269,0.6968460111317254,0.722284122562674,0.6186901870068184,0.6792734402337394,0.6792734402337394,0.0
2024-10-25,22.12,0.06393592997742648,0.6986644407345576,0.78249164500557,0.6220395383913659,0.7010652080438312,0.7010652080438312,0.0
2024-10-28,21.92,0.04765030310904983,0.6890764094955489,0.726099870057546,0.616878722376373,0.6773516673098227,0.6773516673098227,0.0
2024-10-29,21.44,-0.012053924343812472,0.6698498053031707,0.4793058648849295,0.6020745982242798,0.5837434228041266,0.6472368815052368,0.5280445639646562
2024-10-30,21.55,0.0004641448215143562,0.6734334445680386,0.5371126368528484,0.5882497634310813,0.599598614950656,0.6482064706684352,0.4141705069124424
2024-10-31,22.65,0.025034834497017044,0.7172381835032438,0.6464749536178107,0.5785114173755426,0.647408184832199,0.647408184832199,0.0
2024-11-01,22.95,0.03683575985242005,0.7275759822090437,0.6890187349285847,0.5700965912722675,0.6622304361366319,0.6622304361366319,0.0
2024-11-04,22.83,0.04067599846188941,0.7229016120066704,0.704469584569733,0.5648446292252111,0.6640719419338715,0.6640719419338715,0.0
2024-11-05,22.52,0.04914546706888823,0.712856613560578,0.7321527906545522,0.5683696239650909,0.6711263427267403,0.6711263427267403,0.0
2024-11-06,20.72,-0.039276399158474806,0.6378032969068346,0.35381905821282905,0.5583122467419386,0.5166448672872007,0.6322963545833287,0.7763915547024952
2024-11-07,19.77,-0.13599421474651763,0.5875925925925926,0.07757182576459686,0.5521212936580309,0.40576190400507345,0.5839670984179036,0.930353031465848
2024-11-08,19.03,-0.18730125519849583,0.5471209035363821,0.03289473684210526,0.5480900511842993,0.3760352305209289,0.526728057294763,0.8782125047947833
2024-11-11,19.82,-0.1413839316398624,0.5920955201777119,0.06976097832128961,0.5463684950145328,0.40274166450451143,0.4744620018088909,0.5761119631901841
2024-11-12,21.62,-0.040784991060427433,0.6761984082916898,0.34670248240088924,0.5543895162753107,0.5257634689892966,0.5257634689892966,0.0
2024-11-13,24.86,0.1821606686912829,0.7941339748334567,0.9476754954621226,0.5798128551852295,0.773874108493603,0.773874108493603,0.0
2024-11-14,23.41,0.16899764432029407,0.745513413506013,0.9408333333333333,0.6018218261381267,0.7627228576591577,0.7627228576591577,0.0
2024-11-15,21.74,0.1331372003850051,0.6824824269330374,0.9077022773560451,0.618714528466436,0.7362997442518395,0.7362997442518395,0.0
2024-11-18,21.09,0.06210746558884139,0.6555391159607916,0.777952610144391,0.6298989811102697,0.6877969024051508,0.6972914163598095,0.08413185128401686
2024-11-19,20.01,-0.07738666361542013,0.6024408284023669,0.20960577456968352,0.6173648621626266,0.47647048837822564,0.6874328202375953,0.9672413793103448
2024-11-20,19.93,-0.22103395185786168,0.5985394712516177,0.017487046632124352,0.6032329569269683,0.4064198249369035,0.6139419635262554,0.9622749904251244
2024-11-21,19.46,-0.18480220474496045,0.5700554528650646,0.03432007400555041,0.5828640917563737,0.3957465395423296,0.5405466999028898,0.8631316998468607
2024-11-22,18.91,-0.139462999022697,0.5377009794862317,0.07241953385127636,0.5610882024463082,0.3904029052612721,0.4713673321047763,0.6220818982013012
2024-11-25,18.59,-0.12617519275733047,0.5190317812269032,0.09478453856112447,0.5410542034521815,0.3849568410800697,0.4107993198397601,0.23048967100229534
2024-11-26,18.5,-0.07846141651136307,0.5129318307777573,0.2075628698224852,0.530337679212485,0.41694412660424246,0.41694412660424246,0.0
2024-11-27,18.2,-0.09080454014195372,0.4864240857037311,0.1711037160288408,0.5165122222202772,0.3913466746509497,0.3958794174277728,0.043021032504780114
2024-11-28,17.72,-0.09366713158092432,0.44939981532779316,0.16164510166358595,0.49769551671703527,0.36958014456947147,0.39064613843320106,0.18482415902140673
2024-11-29,19.34,0.02248460735478197,0.5641617429837519,0.6358344113842174,0.4922805526477937,0.564092235671921,0.564092235671921,0.0
2024-12-02,19.94,0.07010396280033948,0.5995015691342072,0.7970251293422025,0.4915094401952939,0.6293453795572346,0.6293453795572346,0.0
2024-12-03,19.07,0.03034568752804878,0.5484496124031008,0.667929059671162,0.48579367189177225,0.5673907813220116,0.5673907813220116,0.0
2024-12-04,21.34,0.1591616517908574,0.6674663221996678,0.9343369043221278,0.5010481936768255,0.7009504733995403,0.7009504733995403,0.0
2024-12-05,20.73,0.15688798127075376,0.6382841328413285,0.9328716528162512,0.5236979778593354,0.6982845878389717,0.6982845878389717,0.0
2024-12-06,22.0,0.12886696333316783,0.6925843940232429,0.9014955686853766,0.5490495859175886,0.714376516208736,0.714376516208736,0.0
2024-12-09,23.45,0.16214273035859605,0.7478790114348949,0.9365885176296843,0.5746148616817279,0.7530274635821024,0.7530274635821024,0.0
2024-12-10,21.62,0.1255023925987344,0.676378388345934,0.8983942414174972,0.5884116551584995,0.7210614283073102,0.7210614283073102,0.0
2024-12-11,20.6,-0.03529217007807173,0.632651179941003,0.36879498062373134,0.5699025724152282,0.5237829109933209,0.6821065813860883,0.8981658387466565
2024-12-12,19.91,-0.04035980837158348,0.5972350230414747,0.34898523985239854,0.5513994103165915,0.4992065577368215,0.6422909753656583,0.8588617265087853
2024-12-13,19.49,-0.12114093983884677,0.5712311094729082,0.10320973990038738,0.5285058139436967,0.4009822211056641,0.5796121163450438,0.9306987399770905
2024-12-16,18.88,-0.21676733417493388,0.5352865303114059,0.01964219845075618,0.5065417390101212,0.35382348925742785,0.4997713214801089,0.8666030534351145
2024-12-17,18.36,-0.16344442701871786,0.5006448047162859,0.04969574036511156,0.4999990875628549,0.3501132108814175,0.42558167799493035,0.5942388401373522
2024-12-18,17.96,-0.13714401292148182,0.4647264689629766,0.07623525073746312,0.49812246760827233,0.34636139576957065,0.3900973749501803,0.37585812356979403
2024-12-19,20.3,0.019398767971636754,0.6161141804788214,0.6229493087557604,0.5139896666673716,0.5843510519673177,0.5843510519673177,0.0
2024-12-20,21.45,0.09582313185455682,0.6701344135518321,0.8521009952082566,0.536792539052936,0.6863426492710083,0.6863426492710083,0.0
2024-12-23,20.07,0.061123002090892165,0.6063144329896907,0.7749216878570112,0.5559780340794028,0.6457380516420349,0.6457380516420349,0.0
2024-12-24,20.02,0.08655738869473018,0.6036259893244984,0.8353905674281503,0.573941080483213,0.6709858790786205,0.6709858790786205,0.0
2024-12-26,20.49,0.13178989937675478,0.6270702981229297,0.9057837539141647,0.5958242367408262,0.7095594295926402,0.7095594295926402,0.0
2024-12-27,20.88,0.0281708769666964,0.644986200551978,0.6569981583793738,0.6130977227893254,0.6383606939068924,0.6701973406982392,0.2811666031261914
2024-12-30,21.14,-0.014557664931934333,0.6592163355408388,0.4648315227398269,0.6111990153871428,0.5784156245559361,0.6486119357552248,0.5623094512195121
2025-01-02,20.7,0.03090753746307673,0.636840169210962,0.6692746686303387,0.6089387188712652,0.6383511855708554,0.647134562540989,0.076
2025-01-03,20.31,0.014381601705218738,0.6160353070981979,0.5990244800294496,0.6089057467475997,0.6079885112917491,0.6345350889836147,0.23781416603198782
2025-01-06,20.71,0.010679713156684478,0.637433351719066,0.583456017666544,0.5993829003191951,0.606757423234935,0.6139746877120735,0.06223829463266083
2025-01-07,20.24,-0.031130918595173362,0.6128676470588236,0.3890524379024839,0.5851520078017882,0.5290240309210319,0.5921073551149015,0.5237823439878234
2025-01-08,20.2,-0.045484376034932605,0.6112846903142805,0.32735467255334805,0.5687659928057635,0.5024684518911307,0.5769179205819405,0.5882464815519208
2025-01-09,19.9,-0.03941396854087653,0.5950937155457552,0.35414750781681076,0.5503853351632132,0.49987551950859305,0.5492227873694879,0.4184410646387833
2025-01-10,19.92,-0.019389123435840983,0.5970971890501562,0.4414306730415594,0.5369792159714202,0.5251690260210452,0.5326588903153471,0.06480425693652604
2025-01-13,20.49,-0.010679713156684478,0.6269287288758266,0.4841882699025556,0.5397209869267614,0.5502793285683812,0.5502793285683812,0.0
2025-01-14,19.25,-0.050149783685471405,0.556198347107438,0.3063419117647059,0.5376289868262182,0.46672308189945405,0.5089030815777209,0.36607142857142855
2025-01-15,19.26,-0.047652198037179794,0.5572897539478516,0.31878331189119646,0.542669792237862,0.47291428602563673,0.5029922484046221,0.2660463349791113
2025-01-16,18.14,-0.09260028704345613,0.4787956673398201,0.1651047409040794,0.5448940842249055,0.396264830822935,0.4822701106674905,0.65167046317388
2025-01-17,17.68,-0.11929019494695492,0.44438325991189426,0.1068344662869741,0.5449160137528423,0.36537791331723685,0.45031188812672873,0.6472485768500948
2025-01-20,18.45,-0.1048725917642721,0.5079831161681042,0.13657237325495958,0.5475058579959078,0.3973537824729905,0.41972677890765064,0.19707890743550835
2025-01-21,18.3,-0.05061000088641787,0.493302752293578,0.3047750229568411,0.5364812151463038,0.4448529967989076,0.4448529967989076,0.0
2025-01-22,17.67,-0.0861621200383742,0.4433131535498074,0.18628351083363937,0.5141652465368878,0.38125397030677816,0.3970206987437696,0.13860447478194918
2025-01-23,17.79,-0.019482943009247133,0.45194424064563465,0.44161923994859553,0.5019734305305759,0.4651789703749354,0.4651789703749354,0.0
2025-01-24,17.96,0.015713005664556245,0.4633229415000917,0.6069199706314243,0.4927540894150476,0.5209990005155212,0.5209990005155212,0.0
2025-01-31,18.79,0.018260442938837773,0.5298863219655299,0.6180033033584144,0.48312997874721886,0.5436732013570543,0.5436732013570543,0.0
2025-02-03,22.08,0.18777116156151896,0.6982584784601283,0.9511009174311926,0.4918143546712182,0.7137245835208464,0.7137245835208464,0.0
2025-02-04,20.91,0.16835922710893714,0.6477272727272727,0.9402861860209136,0.5034134946829061,0.6971423178103642,0.6971423178103642,0.0
2025-02-05,20.06,0.12009128085604592,0.6055525013743815,0.8922413793103449,0.5082054707539918,0.6686664504795727,0.6686664504795727,0.0
2025-02-06,19.12,0.06258784474920187,0.5494686698424331,0.7796625710618008,0.5110572570984064,0.6133961660008801,0.6473205438337436,0.2992797573919636
2025-02-07,19.29,0.026262013492263758,0.5592599377175307,0.6497066373303997,0.5107591872399644,0.5732419207626316,0.653234287714859,0.6208791208791209
2025-02-10,19.95,-0.101443078073022,0.5992673992673992,0.14326306141154904,0.5042744466329054,0.41560163577061787,0.5936096981648132,0.9293560606060606
2025-02-11,19.28,-0.0811592242581427,0.5584142098516756,0.2000549853372434,0.4997701924409378,0.4194131292099523,0.5380638604447309,0.7870124952669444
2025-02-12,18.8,-0.0648709126978857,0.5297510069571586,0.25114531794026024,0.4955615699793091,0.42548596495890934,0.48942776334059823,0.5304693414080243
2025-02-13,18.03,-0.05869787040802965,0.46879004210140945,0.27125320630267497,0.48809945463711835,0.4093809010137342,0.44862471034316903,0.34335981838819524
2025-02-14,17.7,-0.08602218733785438,0.44527818448023426,0.18620626488367834,0.47610864090175653,0.36919769675522307,0.40781586554168736,0.3390695915279879
2025-02-17,18.06,-0.09952959534703298,0.47136322049405305,0.14697802197802198,0.4700036654917549,0.3627816359879433,0.3972518655851524,0.3049149338374291
2025-02-18,17.88,-0.07538551943703142,0.45746432491767286,0.21690166636147226,0.4649609886277573,0.37977565996896745,0.3893243717369555,0.08560090702947845
2025-02-19,18.49,-0.016626824436870358,0.5098774464971648,0.455785426583669,0.47300505024868056,0.47955597444317144,0.47955597444317144,0.0
2025-02-20,18.64,0.033272772042219234,0.5204828090709583,0.6777411678564891,0.48918020651689503,0.5624680611481142,0.5624680611481142,0.0
2025-02-21,18.64,0.05174516967766163,0.5204790638142256,0.7433199121522694,0.5046612936804808,0.589486756548992,0.589486756548992,0.0
2025-02-24,19.48,0.07568875022554966,0.5705667276051188,0.8092406221408966,0.5192045330428707,0.6330039609296287,0.6330039609296287,0.0
2025-02-25,19.6,0.09184679649110361,0.5762200694571377,0.8440358580314673,0.5389710146204997,0.6530756473697016,0.6530756473697016,0.0
2025-02-26,19.93,0.07499608882567,0.5986842105263158,0.8076641668190964,0.5517906370392793,0.6527130047948971,0.6527130047948971,0.0
2025-02-27,19.32,0.03583101952692713,0.5622145075826787,0.6868141916605706,0.5562602817170726,0.6017629936534407,0.626008472659332,0.21703815640347562
2025-02-28,22.86,0.20407884910921936,0.7269820971867008,0.9605960870360212,0.569752495689542,0.7524435599707546,0.7524435599707546,0.0
2025-03-04,23.47,0.1863347116485432,0.7512328767123287,0.95018281535649,0.5710539030939794,0.7574898650542661,0.7574898650542661,0.0
2025-03-05,22.17,0.1232104573917483,0.704072315558802,0.8955401206360811,0.5713438775301468,0.72365210457501,0.72365210457501,0.0
2025-03-06,21.27,0.06507149498744225,0.6663319335402592,0.7849963450292398,0.5701822374772662,0.673836838682255,0.7018370723871452,0.24867824773413896
2025-03-07,21.97,0.12853705761214673,0.693592552026287,0.9008770327060114,0.5768156960729678,0.7237617602684221,0.7262368257101415,0.021706304265760666
2025-03-10,22.13,-0.03245450430370589,0.7022266837014054,0.38244428206065034,0.573708305840821,0.5527930905342923,0.6863067318228491,0.8337735849056603
2025-03-11,24.08,0.025658610577687924,0.7743613138686132,0.6468493150684932,0.5906753100472748,0.6706286463281271,0.6706286463281271,0.0
2025-03-12,23.08,0.0402264180116787,0.7355409596788907,0.7024287801314828,0.6076628236628112,0.6818775211577283,0.6818775211577283,0.0
2025-03-13,23.11,0.08296779507414387,0.7359540313754105,0.8268212525104984,0.6272097976375235,0.7299950271744775,0.7299950271744775,0.0
2025-03-14,22.0,0.001364566961797209,0.6943279226700712,0.5407995618838992,0.6395869035412706,0.624904796031747,0.6520398162452745,0.24236137306676725
2025-03-17,20.85,-0.059580205818147824,0.6440554339897885,0.268753422157328,0.6466200137108509,0.5198096232859891,0.6454431227956138,0.8086349924585219
2025-03-18,20.41,-0.1653566436188667,0.6226071103008204,0.047901459854014596,0.6479241969029197,0.43947758901925155,0.5992129113338386,0.9006784771956275
2025-03-19,20.33,-0.12686881399964367,0.6183011301494714,0.09277504105090312,0.6488419514009505,0.45330604086710835,0.5534986152757146,0.7172192916352675
2025-03-20,19.6,-0.16473585804981772,0.5748131948241297,0.04824881430134987,0.6402769298020667,0.4211129796425155,0.49172220576932224,0.5685499058380414
2025-03-21,19.66,-0.1124563386392956,0.5788083090379009,0.11809228524530367,0.6277438452359606,0.4415481465063884,0.4550508758642506,0.11502259036144578
2025-03-24,19.68,-0.057751056620703345,0.5800692293678266,0.2758023340627279,0.617545659922562,0.4911390744510388,0.4911390744510388,0.0
2025-03-25,19.64,-0.038456673895433724,0.5777777777777777,0.35742935278030996,0.6064306544428638,0.5138792616669838,0.5138792616669838,0.0
2025-03-26,19.67,-0.03300299523928718,0.5794026588963759,0.38133430550492164,0.5949426803656812,0.5185598815889929,0.5185598815889929,0.0
2025-03-27,20.44,0.04196419909903204,0.6244537509104151,0.7099507927829415,0.5931440845243798,0.6425162094059121,0.6425162094059121,0.0
2025-03-28,21.18,0.07447122545424012,0.6627525942108138,0.8063957725947521,0.5986470762134377,0.6892651476730013,0.6892651476730013,0.0
2025-03-31,25.35,0.2531758384130849,0.8126137604659629,0.9745855347057751,0.6011376039871632,0.7961122997196336,0.7961122997196336,0.0
2025-04-01,24.21,0.20919746802364747,0.7781619654231119,0.9614754098360656,0.6020931460669221,0.7805768404420332,0.7805768404420332,0.0
2025-04-02,24.5,0.21957848514971356,0.7859352256186317,0.9653068657803678,0.6058838874470249,0.7857086596153415,0.7857086596153415,0.0
2025-04-03,26.09,0.24405833381313302,0.834182281244315,0.9731427530954115,0.6147838063412807,0.8073696135603358,0.8073696135603358,0.0
2025-04-04,26.8,0.23534454734355048,0.8478537650054565,0.9700527944656836,0.6203697307097518,0.8127587633936306,0.8127587633936306,0.0
2025-04-07,44.23,0.556624561843043,0.9773595199127114,0.9975427739352021,0.6426255139118981,0.8725092692532707,0.8725092692532707,0.0
2025-04-08,37.83,0.4463366676949705,0.9612727272727273,0.9951774340309372,0.656006502221062,0.8708188878415756,0.8708188878415756,0.0
2025-04-09,40.97,0.5141669740080981,0.9719141974186511,0.9964519650655022,0.6692664127879067,0.87921085842402,0.87921085842402,0.0
2025-04-10,28.2,0.07776987879543107,0.8703198836786623,0.8128979443332727,0.6722774763910573,0.785165101467664,0.8440925760760323,0.4951072638313888
2025-04-11,31.47,0.16063282355950426,0.9022351444666545,0.9338850491087668,0.6873022941165936,0.8411408292306716,0.8497689892434404,0.07580887885628292
2025-04-14,28.32,-0.4458350230547161,0.8718204941860465,0.001182033096926714,0.6863071358949899,0.5197698877259876,0.7792211129379838,0.9937946596464836
2025-04-15,24.48,-0.43524598100081224,0.7841961852861036,0.0013636363636363637,0.6891834171823625,0.4915810796107008,0.7033735512918089,0.9678571428571429
2025-04-16,26.62,-0.431177278591814,0.8430802760624773,0.0015451736047991274,0.6925221491440351,0.5123825329371038,0.6300078861944256,0.7818489289740699
2025-04-17,24.59,-0.1369821217159668,0.7873615398583621,0.07697201017811704,0.6985539376668102,0.5209624959010964,0.577167365081112,0.472389181066867
2025-04-18,23.66,-0.2852488525260748,0.756717501815541,0.006087588588042886,0.7002015500698195,0.48766888015780113,0.5064729752665379,0.16766804355989487
2025-04-21,25.08,-0.12149755306079912,0.802686512978762,0.10274345930232558,0.7014405102910829,0.5356234941907235,0.5356234941907235,0.0
2025-04-22,24.85,0.015001294898512096,0.7956442831215971,0.6017257039055404,0.7129945817028093,0.7034548562433156,0.7034548562433156,0.0
2025-04-23,22.74,-0.1575373246445757,0.7221012520413718,0.056029785688339995,0.7084294335360195,0.49552015708857705,0.5486459767163028,0.44988738738738737
2025-04-24,22.79,-0.07601801297050814,0.7237844702467344,0.21508988560014528,0.6985411788398576,0.5458051782289125,0.553614513181866,0.06660412757973734
2025-04-25,21.43,-0.09899404906475473,0.6688735715581353,0.14896514161220042,0.6822584374989769,0.5000323835564375,0.5560872138615933,0.4713053263315829
2025-04-28,21.23,-0.16665544004955501,0.6622234312658687,0.04801234343801053,0.6553343494872804,0.45519004139705316,0.5400005233028592,0.6473565804274466
2025-04-29,20.7,-0.18272405227131427,0.6353581142339075,0.03584392014519056,0.6286234659652783,0.4332751667814588,0.4859645854104878,0.4462143928035982
2025-04-30,20.74,-0.09206128552100878,0.6374184191443075,0.16848121937942298,0.6049899046433966,0.47029651438904235,0.4809198568705809,0.09273136005994755
2025-05-02,20.93,-0.08513830679968448,0.6469095522929128,0.18967706821480407,0.5807214442975963,0.47243602160177106,0.47243602160177106,0.0
2025-05-07,21.01,-0.019793294628576596,0.650416817687568,0.440232178487212,0.5625400052151874,0.5510630004633225,0.5510630004633225,0.0
2025-05-08,19.76,-0.07175558339544308,0.5821706830947635,0.22787450126949582,0.5334185774780961,0.44782125394745176,0.4749783914366093,0.24325842696629213
2025-05-09,19.48,-0.06074540205693424,0.5656702898550725,0.26536718041704443,0.5052832602023074,0.44544024349147476,0.47741140677861243,0.2839760389367278
2025-05-12,19.2,-0.07715392376764507,0.5478174243796413,0.21256345177664976,0.4750836280441109,0.411821501400134,0.46571640418083077,0.4549026946107784
2025-05-13,17.86,-0.15861996100955533,0.4516479536399855,0.05446800797534892,0.44565608138419577,0.3172573476665101,0.43468066939377864,0.7817059483726151
2025-05-14,17.86,-0.16243493940855602,0.4516567083107007,0.0524646611090975,0.4123561107803052,0.3054924934000345,0.385566567981121,0.6221017202692596
2025-05-15,18.29,-0.07730522991694766,0.4876900796524258,0.21226671498459865,0.4080299674641565,0.36932892070039364,0.3698681013317094,0.005046728971962617
2025-05-16,18.13,-0.07182027344762965,0.47285067873303166,0.22817028985507246,0.40591649613761566,0.36897915490857325,0.36897915490857325,0.0
2025-05-19,19.69,0.025200613617298195,0.5784473398479913,0.6459880456439051,0.4154117445332311,0.5466157100083758,0.5466157100083758,0.0
2025-05-20,19.18,0.07130449400693895,0.5470417948254026,0.7994386091995653,0.4274654158829433,0.5913152733026371,0.5913152733026371,0.0
2025-05-21,19.48,0.08682472276603592,0.566027496382055,0.8362303096143401,0.4434517337727636,0.6152365132563862,0.6152365132563862,0.0
2025-05-22,19.95,0.08687468093309825,0.5969433894013384,0.8362599565532223,0.45664606811460046,0.6299498046897204,0.6299498046897204,0.0
2025-05-23,19.59,0.07745120718968979,0.5714285714285714,0.8120361990950227,0.45629843770201184,0.6132544027418686,0.6132544027418686,0.0
2025-05-26,19.63,-0.0030518843626645697,0.5743084433194721,0.5192725298588491,0.46418468608822716,0.5192552197555161,0.5938022427492257,0.5906203288490284
2025-05-27,20.01,0.0423640791403499,0.6000542299349241,0.7104215668536277,0.4734747221117689,0.5946501729667736,0.5946501729667736,0.0
2025-05-28,20.67,0.059295075479287807,0.6343755647930598,0.768541968162084,0.48810169260638914,0.6303397418538443,0.6303397418538443,0.0
2025-05-29,21.97,0.09644874306064644,0.6922659920491507,0.8525049737746427,0.508965072384387,0.6845786794027268,0.6845786794027268,0.0
2025-05-30,22.55,0.14071583399223808,0.7162601626016261,0.9156419529837251,0.5329825744145433,0.7216282299999648,0.7216282299999648,0.0
2025-06-02,22.71,0.14574634782909746,0.7210982658959537,0.9216235762068342,0.5539031295040198,0.7322083238689358,0.7322083238689358,0.0
2025-06-04,22.03,0.09617301221860997,0.6947805670940943,0.8516811279826464,0.5716500063682453,0.7060372338149953,0.7060372338149953,0.0
2025-06-05,22.49,0.08438739227754732,0.7132538822679668,0.8283932767034159,0.5829249604381604,0.7081907064698477,0.710528634711294,0.021105715353007096
2025-06-09,24.84,0.12277737066875893,0.7961725943311067,0.8936573906758222,0.6049195804542272,0.7649165218203854,0.7649165218203854,0.0
2025-06-10,24.34,0.07638602161069397,0.7796931407942238,0.8087624209575429,0.6238550327412183,0.737436864830995,0.737436864830995,0.0
2025-06-11,22.77,0.0026385239581809827,0.724598447933586,0.5475975433526011,0.6366504106194657,0.6362821339685509,0.7105726921809549,0.5890589992531741
2025-06-12,22.17,0.006334862813968112,0.7024539877300614,0.5650171573054,0.6556842902049689,0.6410518117468101,0.6975756077673179,0.4757372153788727
2025-06-13,24.91,0.10219856330286481,0.798845390582717,0.8644817623690864,0.6846644347932691,0.7826638625816909,0.7826638625816909,0.0
2025-06-16,24.77,-0.0028220135640095734,0.7941017316017316,0.5198591803574653,0.7000145377263234,0.6713251498951734,0.6937519646046442,0.19869402985074627
2025-06-17,25.82,0.05902829785911523,0.8272317403065825,0.7659747292418773,0.7223191752503324,0.7718418815995974,0.7718418815995974,0.0
2025-06-18,25.78,0.12415511743539343,0.8257302560403895,0.8959574084100342,0.7347504822242954,0.8188127155582396,0.8188127155582396,0.0
2025-06-19,24.69,0.10765827972886788,0.7911483684874707,0.8726993865030674,0.7426846659984346,0.802177473662991,0.802177473662991,0.0
2025-06-20,23.97,-0.03846628082779624,0.7688356164383562,0.35729749233267183,0.7357815485678005,0.6206382191129428,0.7369590879657888,0.7763894069377099
2025-06-23,24.76,-0.00040379568487258766,0.7933861957109389,0.5327380952380952,0.7331045721926623,0.6864096210472322,0.7399759821962006,0.4520879940343028
2025-06-24,25.76,-0.002326484182343602,0.8247747747747748,0.5221821460775473,0.7321918759508806,0.6930495989344009,0.7242175256631613,0.277115169586284
2025-06-25,25.69,-0.0034971863892492294,0.8225544946856422,0.5150558961413632,0.7382926113920977,0.6919676674063676,0.6988485160327869,0.05942622950819672
2025-06-26,25.12,0.017266038242909953,0.805835734870317,0.6114115738236885,0.740961899189734,0.71940306929458,0.71940306929458,0.0
2025-06-27,24.27,0.012437971292217131,0.7770574464253557,0.5894917087238645,0.7400526897445859,0.702200614964602,0.702200614964602,0.0
2025-06-30,23.99,-0.031592370964792504,0.7686352178610011,0.38628581726437194,0.7303064414771254,0.6284091588674995,0.68700602189349,0.4951582867783985
2025-07-01,23.96,-0.07243712798890423,0.7676867686768677,0.22441441441441443,0.7143114181647736,0.5688042004186853,0.6621569421903468,0.6848473566641846
2025-07-02,23.95,-0.07013348726486823,0.767548596112311,0.23284092956224103,0.6982531102540678,0.5662142119762067,0.6370062511043147,0.5710829921845925
2025-07-03,23.96,-0.04727856835274924,0.7676804030951953,0.3203350144092219,0.6867919533147597,0.5916024569397257,0.6114461286333438,0.17726934523809523
2025-07-04,25.48,0.04865281096545271,0.8170205109751709,0.7281649558797046,0.686880411011847,0.7440219592889076,0.7440219592889076,0.0
2025-07-07,24.87,0.03602518096371021,0.7968159740960604,0.6851818509182571,0.6816846070120318,0.7212274773421165,0.7212274773421165,0.0
2025-07-08,23.52,-0.018534650216822435,0.750179856115108,0.4450945094509451,0.671855077107389,0.6223764808911473,0.6490885172876207,0.24005206396429898
2025-07-09,21.85,-0.09176740231532499,0.684049631361266,0.1685565154787617,0.661365330996235,0.5046571592787542,0.6367771067481302,0.8317843866171004
2025-07-10,21.01,-0.1313872583903395,0.6480582524271845,0.08592765880870974,0.6480282001512457,0.46067137046238,0.6105908894526612,0.8768115942028986
2025-07-11,21.66,-0.16242658913111807,0.6767930972496854,0.052267002518891686,0.6246715238216651,0.4512438745300808,0.5520352725008958,0.7200965824665676
2025-07-14,22.56,-0.09748383118545512,0.7141445003594536,0.15209570066558734,0.6134785060483112,0.4932395690244507,0.5064376908373627,0.11381359079093947
2025-07-15,22.47,-0.04567003683318838,0.7097933513027853,0.3278776978417266,0.5995901205382125,0.5457537232275748,0.5457537232275748,0.0
2025-07-16,22.27,0.019039559727677347,0.7029284944304707,0.6203021039381407,0.5896286938861672,0.6376197640849262,0.6376197640849262,0.0
2025-07-17,21.74,0.034155366836154055,0.6804382971079576,0.6789823804386911,0.5820180169500699,0.6471462314989062,0.6471462314989062,0.0
2025-07-18,20.5,-0.055042355428482015,0.6226652298850575,0.2864461621427287,0.5765924740314889,0.4952346220197584,0.5637987819711233,0.5566072754268745
2025-07-21,20.4,-0.1006435257796876,0.6163584126414078,0.1451294033069734,0.5624765621564726,0.4413214593682846,0.55341516003989,0.7601113172541744
2025-07-22,21.22,-0.05723695301140097,0.6588868940754039,0.27897574123989216,0.552249205018047,0.496703946777781,0.5436052047499313,0.40189169139465875
2025-07-23,21.09,-0.05444148677859317,0.6524860886734877,0.28862738052461373,0.5423367819773243,0.49448341705847526,0.5149779353446411,0.18223952539859103
2025-07-24,21.45,-0.013429236319037141,0.667264895908112,0.4708999461110113,0.5353597203104522,0.5578415207765252,0.5578415207765252,0.0
2025-07-25,21.68,0.05596529042708287,0.678001076619415,0.7552981321839081,0.5370284716518048,0.6567758934850426,0.6567758934850426,0.0
2025-07-28,22.33,0.09039616500189585,0.7050592034445641,0.8406356616986892,0.5467978174022519,0.6974975608485017,0.6974975608485017,0.0
2025-07-29,22.34,0.05143466045521761,0.7052914798206278,0.7403052064631956,0.5581352049820654,0.667910630421963,0.667910630421963,0.0
2025-07-30,22.82,0.07883834994324612,0.7235473457675753,0.8166397415185783,0.5716301440223555,0.7039390771028363,0.7039390771028363,0.0
2025-07-31,21.85,0.01847627616757297,0.683790568405953,0.617462311557789,0.5769610805838384,0.6260713201825268,0.6704388964081741,0.38232023721275016
2025-08-01,25.87,0.17669381962649222,0.8295984223736106,0.9448232549793648,0.582691985846291,0.7857045543997554,0.7857045543997554,0.0
2025-08-04,24.05,0.07420393069970377,0.7710163111668757,0.803821313240043,0.585012980831106,0.7199502017460082,0.7199502017460082,0.0
2025-08-05,22.31,-0.0013437851966133785,0.703673835125448,0.5278026905829596,0.585918034834665,0.6057981868476908,0.6882926680557635,0.6341237495368655
2025-08-06,21.93,-0.039781782004132626,0.6866153019172191,0.3524928263988522,0.5905805843715661,0.5432295708958791,0.656150766814372,0.7635185185185185
2025-08-07,21.08,-0.035876197868437654,0.6506628448584737,0.3674914828760983,0.597684794784033,0.538613040839535,0.6386591109457737,0.7173269159570529
2025-08-08,20.79,-0.2186118943280162,0.6343363782912412,0.018555037647902475,0.5957805776882971,0.41622399787581355,0.5647629996409853,0.8732420429311621
2025-08-11,20.34,-0.16754560593135626,0.6119269340974212,0.0474099300949991,0.5906079942674816,0.4166482861533006,0.5041026165224438,0.6598224195338512
2025-08-12,21.15,-0.05339510295215444,0.65496866606983,0.29363799283154124,0.5883813845114031,0.5123293478042581,0.5123293478042581,0.0
2025-08-13,20.11,-0.08663835864523595,0.6004296455424275,0.18518186704891595,0.5749409073669713,0.45351747331943826,0.46746642919846904,0.11963757396449703
2025-08-14,20.46,-0.02985296314968089,0.6179523894755683,0.3961841633823002,0.5663088042497519,0.5268151190358735,0.5268151190358735,0.0
2025-08-18,21.37,0.027515967461134938,0.6640121689334287,0.65403904710729,0.5765322998500751,0.6315278386302646,0.6315278386302646,0.0
2025-08-19,21.5,0.05546354451320301,0.6681875111826803,0.7538502865329513,0.5930460493942564,0.6716946157032959,0.6716946157032959,0.0
2025-08-20,22.13,0.04529424857067177,0.6980322003577818,0.7173679498657117,0.6049844872669614,0.6734615458301517,0.6734615458301517,0.0
2025-08-21,21.38,0.06123870181233837,0.6639241638347344,0.7738095238095238,0.6173999927281153,0.6850445601241244,0.6850445601241244,0.0
2025-08-22,21.09,0.030327233967202716,0.6510193133047211,0.6659208877751924,0.621869376704635,0.6462698592615161,0.6615996839098706,0.1321626617375231
2025-08-25,20.1,-0.06126825426602611,0.599320579295548,0.2631531853972799,0.6075987406018728,0.49002416843156693,0.633298949870131,0.8604951958610495
2025-08-26,20.37,-0.05398970489490251,0.6131569538791563,0.28994453390588654,0.5915339061679175,0.4982117979843201,0.5986023863263359,0.7198005171776874
2025-08-27,19.97,-0.10270300663523457,0.5914209115281501,0.14016100178890878,0.5736835368437483,0.43508848338693573,0.5509277738376926,0.7764032496307238
2025-08-28,19.31,-0.10183280915647597,0.5503037884203003,0.1428188159542121,0.5525069247709573,0.4152098430484899,0.4969608304225658,0.6280915466961978
2025-08-29,19.52,-0.07735941350573672,0.5611934965159907,0.21128397711015737,0.5392875396125174,0.4372550044128885,0.45515785945284015,0.1625461254612546
2025-09-01,20.4,0.014815085785140347,0.6145051804215791,0.6008403361344538,0.5253106355925939,0.5802187173828756,0.5802187173828756,0.0
2025-09-02,19.57,-0.04006544883072971,0.5638506876227898,0.35082230961744726,0.5088065199134268,0.47449317238455463,0.47449317238455463,0.0
2025-09-03,19.74,-0.011584113422388409,0.5757142857142857,0.4810545129579982,0.5044388267375237,0.5204025418032693,0.5204025418032693,0.0
2025-09-04,19.26,-0.002592690070443826,0.5460632029994644,0.5213545389563974,0.5051465670785185,0.5241881030114601,0.5241881030114601,0.0
2025-09-05,18.43,-0.057459809303214815,0.49491253123884327,0.27755940682508484,0.4990045073367524,0.4238254818002269,0.5046256032764773,0.6228329029878273
2025-09-08,18.36,-0.10536051565782634,0.48777440656791005,0.13460164344408718,0.4982416231885737,0.37353922440019033,0.46328970467994024,0.6701696165191741
2025-09-09,18.7,-0.04547425754744383,0.5125802997858673,0.3292552241471691,0.5028040896820891,0.44821320453837515,0.45803371111070434,0.08827865831183192
2025-09-10,20.38,0.03190699378924311,0.6141837644959858,0.673125,0.5112716423219544,0.5995268022726467,0.5995268022726467,0.0
2025-09-11,20.06,0.040697376163810084,0.5973956475205138,0.7033565434743796,0.5241501592820433,0.6083007834256455,0.6083007834256455,0.0
2025-09-12,20.61,0.111796623220636,0.6273408239700374,0.8803106033559444,0.5364880311437461,0.6813798194899093,0.6813798194899093,0.0
2025-09-15,20.71,0.12044229021514852,0.6318651925820257,0.8924683205425665,0.5416450885708429,0.6886595338984783,0.6886595338984783,0.0
2025-09-16,21.03,0.11742646585406735,0.6481547512925655,0.8876695217701641,0.5444897504545204,0.6934380078390833,0.6934380078390833,0.0
2025-09-17,21.1,0.03471901268744215,0.6529411764705882,0.6816235504014273,0.5424688648707334,0.6256778639142496,0.6594912017134733,0.3001105379513633
2025-09-18,20.69,0.03092270922366236,0.6303689181964,0.6683018194791295,0.5389922911215151,0.6125543429323482,0.6603419136148138,0.40791896869244937
2025-09-19,20.68,0.003390654737860821,0.6297220242337848,0.5508293204922419,0.535582569712668,0.5720446381462315,0.6384748773460782,0.5436303387334315
2025-09-22,20.94,0.011044530034898248,0.6431498307500445,0.5840763195435092,0.5447013793526861,0.59064250988208,0.6188714725427985,0.2523003312476997
2025-09-23,20.98,-0.0023803867464571304,0.6441930887068044,0.5217507577108219,0.5512724383185008,0.5724054282453757,0.5946649566240569,0.1962840323767476
2025-09-24,21.2,0.004728141195946112,0.6579697239536955,0.5573083778966131,0.563364843031832,0.5928809816273802,0.5928809816273802,0.0
2025-09-25,20.62,-0.0033890131686380442,0.6270477207977208,0.5153270361789343,0.5745961468468856,0.5723236346078469,0.5800594385017829,0.06528135343876425
2025-09-26,21.77,0.05136582560622749,0.6828378137795976,0.7404668567355667,0.590866826769111,0.6713904990947585,0.6713904990947585,0.0
2025-09-29,20.96,0.000954654010450362,0.6432894268422926,0.5397292000712631,0.5900586545280491,0.591025760480535,0.6000052608111793,0.07922794117647058
2025-09-30,20.62,-0.017308124379337375,0.6268019220501868,0.4509262557890987,0.5941350340430253,0.5572877372941036,0.5969817226209249,0.3478500551267916
2025-10-01,20.55,-0.03114024073572308,0.623220640569395,0.38975957257346394,0.5930403194047897,0.5353401775158829,0.5854735617986254,0.4263409257898604
2025-10-02,22.34,0.08011731505224073,0.7070805906422345,0.8200676638176638,0.6045335822173905,0.7105606122257629,0.7105606122257629,0.0
2025-10-10,23.9,0.09334558369100909,0.7668089647812166,0.846092220046288,0.62554431338648,0.7461484994046615,0.7461484994046615,0.0
2025-10-13,28.03,0.29065950572385546,0.8708874266405833,0.9835350658597366,0.6563454744486881,0.8369226556496693,0.8369226556496693,0.0
2025-10-14,30.45,0.3898245155670921,0.8967816500711238,0.9938601174586226,0.6825656305386059,0.8577357993561175,0.8577357993561175,0.0
2025-10-15,27.66,0.2971263852943684,0.8650666666666667,0.9847864768683274,0.696629240014581,0.8488274611831917,0.8488274611831917,0.0
2025-10-16,29.89,0.29114518265479195,0.8905972271596161,0.9833659491193738,0.7109595146466834,0.8616408969752244,0.8616408969752244,0.0
2025-10-17,34.58,0.3693970213176794,0.9352230318109117,0.9924404126645322,0.7214598150754199,0.8830410865169546,0.8830410865169546,0.0
2025-10-20,30.9,0.09748081872700265,0.8998756218905473,0.8542592921927796,0.7272048500993883,0.8271132547275717,0.8556716997518119,0.25615130370914435
2025-10-21,30.62,0.00556739607363177,0.8975839403091135,0.560721906116643,0.725266889433464,0.7278575786197402,0.8296960556045366,0.7244860499265786
2025-10-22,29.98,0.08054316643783954,0.8910301953818828,0.8198222222222222,0.7346740817017663,0.8151754997686238,0.822965663321623,0.06660550458715596
2025-10-23,30.63,0.024455944548837483,0.8977979044574675,0.6408638464273018,0.7406738570319973,0.7597785359722554,0.8025931911210291,0.37179016874541454
2025-10-24,31.29,-0.09997692257435364,0.9029651988636364,0.14581482139683669,0.7373795739203584,0.5953865313936105,0.7450622800963604,0.8766043270993766
2025-10-27,32.94,0.06393154084579455,0.9176282620273389,0.7801172707889126,0.7491425584834259,0.8156293637665591,0.8156293637665591,0.0
2025-10-28,33.24,0.0821005797577099,0.920926517571885,0.8236809379996447,0.7636091487122735,0.8360722014279344,0.8360722014279344,0.0
2025-10-29,32.63,0.08470161793077757,0.9137533274179237,0.8299289520426287,0.7768192531525295,0.840167177537694,0.840167177537694,0.0
2025-10-30,31.89,0.040312560177282464,0.9078246983676366,0.7010300124311846,0.7884812519980836,0.7991119875989683,0.7991119875989683,0.0
2025-10-31,30.4,-0.0288559492686149,0.8943587014369345,0.39781605113636365,0.785203004049537,0.6924592522076116,0.7966879965077535,0.7325879765395894
2025-11-03,32.89,-0.0015190645485283483,0.9167257892869812,0.5259186934138115,0.7916936504442179,0.7447793777150036,0.7825179992974423,0.33290582631000365
2025-11-04,35.78,0.07363510809332574,0.9454690547969498,0.8025381611643593,0.8084506263972685,0.8521526141195258,0.8521526141195258,0.0
2025-11-05,40.51,0.21631674660936984,0.9715425531914894,0.9631765749778172,0.8314940992729298,0.9220710758140788,0.9220710758140788,0.0
2025-11-06,40.2,0.23157451460300926,0.9708385038113809,0.9670865862313698,0.8417635201625011,0.9265628700684173,0.9265628700684173,0.0
2025-11-07,41.88,0.32036577759016005,0.9750974831619993,0.9873159481993968,0.8505013263258482,0.9376382525624147,0.9376382525624147,0.0
2025-11-10,39.75,0.189441180899375,0.9692539429381535,0.9507804185881519,0.8521416230514978,0.9240586615259344,0.9240586615259344,0.0
2025-11-11,38.93,0.08437608354179105,0.9660701630049611,0.8277176804397943,0.8497202749493733,0.881169372798043,0.9183000465537777,0.3272893772893773
2025-11-12,36.1,-0.11525599187576407,0.9488928255093003,0.11320921985815603,0.8300264974951848,0.6307095142875471,0.8600277342484712,0.9807762724276822
2025-11-13,33.34,-0.18710911830232746,0.9214488133191641,0.03288424038291083,0.8070357444307618,0.5871229327109456,0.7921397467769771,0.9606515373352855
2025-11-14,36.66,-0.13312214359077723,0.9537807685496724,0.08321517192484934,0.7847690568307388,0.6072549991017535,0.7260630960848447,0.7897914379802415
2025-11-17,34.36,-0.1457167439842859,0.9312145892351275,0.06654261917419813,0.7658596141888887,0.5878722741994048,0.6588258186195388,0.5718727139722019
2025-11-18,39.26,0.008441027225950748,0.966985307134006,0.5734408221119773,0.7679126212593944,0.7694462501684592,0.7694462501684592,0.0
2025-11-19,39.51,0.0902609390844642,0.9678761061946902,0.8395925597874225,0.7703280274688447,0.8592655644836524,0.8592655644836524,0.0
2025-11-20,36.28,0.08450874792428786,0.9505397274818617,0.8284626284094935,0.7763365425940093,0.8517796328284549,0.8517796328284549,0.0
2025-11-21,41.38,0.12111142990583845,0.9744338287331918,0.8922436692048875,0.7967839795359495,0.887820492491343,0.887820492491343,0.0
2025-11-24,38.72,0.11946316529232126,0.9645321068459225,0.8894298866855525,0.8006893910538301,0.8848837948617683,0.8848837948617683,0.0
2025-11-25,37.16,-0.05497327490267745,0.9564025468694729,0.28527172950964774,0.7881160615740198,0.6765967793177134,0.8320692527965864,0.8904936014625229
2025-11-26,33.06,-0.17822971203042126,0.9162687886825818,0.0395575221238938,0.7684196623576678,0.5747486577213811,0.7751658714441321,0.9559576023391813
2025-11-27,30.79,-0.16407666331052706,0.8951555869872702,0.049460272518138386,0.7518136910753326,0.565476516860247,0.7179052482504906,0.881804895871392
2025-11-28,30.24,-0.31363212100606486,0.8893406399151493,0.004157820240622789,0.7418467837648943,0.5451150813068888,0.6493641660135997,0.7313732651570489
2025-12-01,31.55,-0.20478267342115375,0.9019971721456345,0.024854059791261277,0.728951952495797,0.5519343948108976,0.5827742860034255,0.2747353048557868
2025-12-02,29.73,-0.22307627693563115,0.8846969429227779,0.016713830916165545,0.7077870414427379,0.5363992717605605,0.554734784491995,0.16478102189781021
2025-12-03,29.36,-0.11869088864656341,0.8808303886925795,0.10778072502210433,0.6841343410813723,0.557581818265352,0.557581818265352,0.0
2025-12-04,28.4,-0.08080081676924866,0.870429252782194,0.20146746817538896,0.6624836318542432,0.5781267842706087,0.5781267842706087,0.0
2025-12-05,26.95,-0.11518225395632609,0.8469622041681385,0.11499027753226092,0.6374721081127181,0.5331415299377058,0.551436759809025,0.16435607442539218
2025-12-08,27.33,-0.14358858904724592,0.8546706692565778,0.06937080240367621,0.6125722858660668,0.5122045858421069,0.5434907980152668,0.2788110867979577
2025-12-09,27.87,-0.06460579551614964,0.863524011299435,0.2529598869058137,0.5956396872350792,0.5707078618134426,0.5707078618134426,0.0
2025-12-10,27.64,-0.06036920484684538,0.8585172109443954,0.26651943462897526,0.597213052240227,0.5740832326045325,0.5740832326045325,0.0
2025-12-11,27.4,-0.03584613177313578,0.854747617366749,0.3676912206323971,0.6039156968476538,0.6087848449489333,0.6087848449489333,0.0
2025-12-12,25.05,-0.07310946982413258,0.7978648314805011,0.2236842105263158,0.6035295243859612,0.5416928554642594,0.5614946761346549,0.17663142544659133
2025-12-15,26.92,-0.015115495163449122,0.845712773465067,0.46097474836659014,0.6112527822215196,0.6393134346843922,0.6393134346843922,0.0
2025-12-16,28.37,0.017781407326903143,0.870259304992062,0.6129060734463276,0.6098212634513297,0.6976622139632398,0.6976622139632398,0.0
2025-12-17,26.78,-0.03160865863644258,0.8425044091710758,0.3864960282436011,0.5953595577371438,0.6081199983839403,0.619114669488953,0.09639212827988339
2025-12-18,27.86,0.016648954957635187,0.8630752953623699,0.6089834098129192,0.5876859664692422,0.6865815572148438,0.6865815572148438,0.0
2025-12-19,27.27,0.0849133693266233,0.8537552891396333,0.8301570495853186,0.583116837488914,0.7556763920712886,0.7556763920712886,0.0
2025-12-22,27.19,0.009979753867852104,0.8514013749338974,0.5800105857445307,0.5725530866675878,0.6679883491153387,0.6832057021497302,0.1320582877959927
2025-12-23,26.11,-0.08301386610972239,0.8299259781459288,0.19483153995413655,0.5671301677106114,0.530629228603559,0.649799105077794,0.7915149308084487
2025-12-24,25.99,-0.029943491609627948,0.8265198237885463,0.39479717813051146,0.573767434988426,0.5983614789691613,0.6478474011948383,0.42246086639970876
2025-12-26,26.2,-0.06143255758460864,0.8313953488372093,0.2624757538353024,0.5774988160676036,0.5571233062467051,0.6219557510012106,0.5365720524017468
2025-12-29,27.48,0.0076712704966515055,0.8556455874581645,0.5714915373765868,0.590839782684578,0.6726589691731099,0.6726589691731099,0.0
2025-12-30,28.85,0.05926073430972911,0.8761007396970765,0.7668781949585757,0.608742975252547,0.7505739699693997,0.7505739699693997,0.0
2026-01-02,30.6,0.15868162624729765,0.8935552033808769,0.9327634825519915,0.631865673054895,0.8193947863292544,0.8193947863292544,0.0
2026-01-05,33.03,0.23970439074929972,0.9162852112676056,0.9710132158590309,0.6543328558901939,0.8472104276722768,0.8472104276722768,0.0
2026-01-06,34.33,0.2702601967025493,0.9298538989614504,0.9782417195207893,0.6752378283283104,0.86111114893685,0.86111114893685,0.0
2026-01-07,35.57,0.25804411860621546,0.9413058782118973,0.9750748634842347,0.6990985348282036,0.8718264255081118,0.8718264255081118,0.0
2026-01-08,35.21,0.19922014021285284,0.9376209748372338,0.9567629446988376,0.7233570960250991,0.8725803385203902,0.8725803385203902,0.0
2026-01-09,34.16,0.11005535996203397,0.927603800140746,0.875594294770206,0.7405249509427416,0.8479076819512312,0.8601272045177721,0.10421971626045835
2026-01-12,33.5,0.014129199428322359,0.921108179419525,0.595862676056338,0.750323306190304,0.7557647205553891,0.8418380630943945,0.654
2026-01-13,32.52,-0.05416432278999039,0.9089869855786141,0.28964970955817637,0.7497282526187451,0.6494549825851785,0.7995068298240602,0.8780443475099964
2026-01-14,31.57,-0.11929528339046369,0.9014418850008792,0.1070925730376628,0.7494028880195381,0.5859791153526933,0.7423373677929765,0.8926235465116279
2026-01-15,32.39,-0.08348039998372325,0.9083157524613221,0.19329579447474926,0.7442759886471485,0.6152958451944066,0.6908804691277798,0.5980748274609516
2026-01-16,31.62,-0.07726553713904316,0.9015644225698717,0.21138282899366642,0.7350205354752772,0.6159892623462718,0.6444967852067879,0.25508351488743647
2026-01-19,32.99,-0.01534095359053067,0.9149384885764499,0.45954265611257694,0.738657553157136,0.704379565948721,0.704379565948721,0.0
2026-01-20,34.56,0.06084165925624507,0.932612897557547,0.7711044671122054,0.7444490196444976,0.8160554614380833,0.8160554614380833,0.0
2026-01-21,35.58,0.11957637966778867,0.9416725228390724,0.889484789871637,0.7481301439941415,0.8597624855682836,0.8597624855682836,0.0
2026-01-22,36.36,0.11561953612604015,0.9511681011768839,0.8842299578059072,0.7582297964517506,0.8645426184781805,0.8645426184781805,0.0
2026-01-23,34.09,0.07521425436848572,0.9265015806111696,0.8044471787660398,0.7758845774836792,0.8356111122869628,0.8356111122869628,0.0
2026-01-26,34.35,0.040397533427868115,0.9294995610184372,0.7002636203866432,0.7860957319708298,0.8052863044586367,0.8362515964460293,0.2767695099818512
2026-01-27,34.81,0.007207757887492505,0.9346032303370787,0.567650676506765,0.7963053020751131,0.7661864029729856,0.8262777847530097,0.5059869375907112
2026-01-28,38.68,0.0835389883474047,0.9646305072845357,0.8258081517919887,0.8053878404311574,0.865275499835894,0.865275499835894,0.0
2026-01-29,38.92,0.06803898800852615,0.9656897156897157,0.7887756894431758,0.8081750021930884,0.8542134691086599,0.8542134691086599,0.0
2026-01-30,39.58,0.14931985402460768,0.9683277768029479,0.9243940990516333,0.8098350819411312,0.9008523192652375,0.9008523192652375,0.0
2026-02-02,47.37,0.32138709826730194,0.9835964912280701,0.9877963125548727,0.8119374413575388,0.9277767483801606,0.9277767483801606,0.0
2026-02-03,50.14,0.36491439090679956,0.9878091562883705,0.9920119382022472,0.8137305782577482,0.9311838909161221,0.9311838909161221,0.0
2026-02-04,50.7,0.27060324001204394,0.9879866713433882,0.9779708618571178,0.8149699980453576,0.9269758437486212,0.9269758437486212,0.0
2026-02-05,52.21,0.2937657901046564,0.9888655093810276,0.9832397332397332,0.8169130311224748,0.9296727579144118,0.9296727579144118,0.0
2026-02-06,51.48,0.2628694425535065,0.9881661991584852,0.976574837690823,0.8209516046709338,0.9285642138400806,0.9288346909598791,0.0019949220166848025
2026-02-09,47.16,-0.004443041266489978,0.9816827344434707,0.5076315789473684,0.8202601911188081,0.7698581681698823,0.8972509749178237,0.8156272661348803
2026-02-10,42.0,-0.17714947444677875,0.9745005257623555,0.040957726714611474,0.8156807300523126,0.6103796608430931,0.8330901289032179,0.9780717651322943
2026-02-11,38.88,-0.2654459310048991,0.9641668126861749,0.008856541564363381,0.8147929524576124,0.5959387689027169,0.766882713934037,0.9230072463768116
2026-02-12,40.51,-0.25372519020786166,0.9702172389628592,0.010082412765211293,0.8117601550774124,0.5973532689351609,0.7004188161381868,0.7278160086925027
2026-02-13,41.57,-0.2138146294633798,0.9736381152566124,0.02147615708274895,0.808814330596808,0.6013095343120565,0.6349678802325819,0.2999637943519189
2026-02-19,42.56,-0.10263123063578128,0.9750437828371279,0.1406660823838738,0.8023450486101075,0.6393516379437031,0.6393516379437031,0.0
2026-02-20,43.87,0.04356109689475396,0.9767991595167221,0.7105678233438486,0.8019362890648779,0.8297677573084828,0.8297677573084828,0.0
2026-02-23,46.34,0.1755255394119919,0.9801295518207283,0.9420886630453829,0.8042128116187628,0.9088103421616246,0.9088103421616246,0.0
2026-02-24,48.12,0.17214903389187874,0.9841589357605461,0.9410476524176594,0.8064580248486483,0.9105548710089512,0.9105548710089512,0.0
2026-02-25,49.57,0.17600705876793654,0.986086804340217,0.942108950779471,0.8113891997422102,0.9131949849539661,0.9131949849539661,0.0
2026-02-26,54.67,0.2504002678735189,0.9902887139107611,0.9722416812609457,0.8197083800863758,0.9274129250860276,0.9274129250860276,0.0
2026-02-27,54.12,0.2099730881244648,0.9897655703289013,0.9596392925932411,0.8308871539883332,0.9267640056368253,0.9267640056368253,0.0
2026-03-03,62.98,0.30681169666864827,0.9941402833654014,0.9859068627450981,0.8356273661641828,0.9385581707582275,0.9385581707582275,0.0
2026-03-04,80.37,0.512943081118149,0.9988632388947184,0.9962366532469805,0.8416432283394029,0.9455810401603673,0.9455810401603673,0.0
2026-03-05,73.71,0.3967526631687144,0.9976394474558489,0.9939621981099055,0.8441152225821822,0.9452389560493121,0.9452389560493121,0.0
2026-03-06,62.72,0.13736526313524422,0.9932692307692308,0.9082239720034996,0.8423677325569269,0.9146203117765525,0.9341524968762569,0.1742671009771987
2026-03-09,71.82,0.28295918549534926,0.9967662995979724,0.97944366689993,0.8422774543571091,0.9394958069516705,0.9394958069516705,0.0
2026-03-10,66.61,0.05603750075220937,0.9950192240475358,0.7513556060871086,0.8367878867804626,0.8610542389717023,0.921198070781921,0.5063314037626628
2026-03-11,63.19,-0.24049491143926272,0.9934474925738249,0.013029031129765653,0.8126471688075334,0.6063745641703747,0.8533567755839224,0.9896925858951175
2026-03-12,65.35,-0.12038103513096576,0.9948462613556953,0.10500087427872005,0.7910248212771609,0.6302906523038587,0.7903671148348317,0.9018438177874186
2026-03-13,60.76,-0.031748698314579826,0.991877729257642,0.38435314685314687,0.7881977353451597,0.7214762038186495,0.7517382932432511,0.2697867726779906
2026-03-16,54.67,-0.27284787589102866,0.988648271044359,0.007778360426498864,0.787721944820007,0.5947161920969549,0.682782370272308,0.6620303468208093
2026-03-17,52.6,-0.23613859668142378,0.9868168325475817,0.014068507514854946,0.7884184944653044,0.596434611509247,0.629858444779817,0.2988443481401228
2026-03-18,54.18,-0.1538342241284152,0.9880412011173184,0.06141883627468111,0.7901475041069027,0.6132025138329674,0.6312240347123355,0.16263537906137185
2026-03-19,55.47,-0.16391510600308834,0.9892651422586839,0.05092592592592592,0.7912744240030338,0.6104884973958812,0.62726360373074,0.14922410682064235
2026-03-20,55.64,-0.08802931067233022,0.9892670157068063,0.1817467248908297,0.7926570208874498,0.6545569204950286,0.6545569204950286,0.0
2026-03-23,62.8,0.1386399605672448,0.9928459256674228,0.9089242053789731,0.7980170995920954,0.8999290768794971,0.8999290768794971,0.0
2026-03-24,64.99,0.2115172921625934,0.9945045359385903,0.9597520516850009,0.7988180589110324,0.9176915488448745,0.9176915488448745,0.0
2026-03-25,61.5,0.12672533815552356,0.9917146345717774,0.8956878491620112,0.7978729562999219,0.8950918133445702,0.8950918133445702,0.0
2026-03-26,59.85,0.07599909793683945,0.9910184862225323,0.8038924768720545,0.7945408364992944,0.863150599864627,0.863150599864627,0.0
2026-03-27,60.6,0.08539252602002723,0.9910200523103749,0.8281849912739965,0.7909577027096111,0.8700542487646609,0.8891834575396459,0.1718975468975469
2026-03-30,61.43,-0.02205675829831666,0.9915446304044631,0.4254929331704764,0.777648520225931,0.7315620279336236,0.8555100477504712,0.8036422646952759
2026-03-31,61.48,-0.05552149323586253,0.9915461042356633,0.28428122819260293,0.7600430248838751,0.6786234524373804,0.8076964284689725,0.8220980533525595
2026-04-01,61.65,0.002436054797880338,0.9917218543046358,0.5427350427350427,0.7485269500063245,0.760994615682001,0.7808769889364585,0.17927927927927928
2026-04-02,58.91,-0.015830576470386326,0.9898065865133299,0.45666201604464596,0.7348986239311301,0.727122408829702,0.7536713507294736,0.23937319884726224
2026-04-03,59.1,-0.025063968663216585,0.989808362369338,0.4121185701830863,0.7224094671756225,0.7081121332426822,0.7212829276250778,0.11289160965070219
2026-04-06,59.64,-0.029571825279298025,0.9899843232886256,0.3958333333333333,0.7076496594287238,0.697822438683561,0.7145350097750652,0.1488480921526278
2026-04-07,59.49,-0.03290368747058103,0.9898119122257053,0.3799023880076695,0.6982331461811921,0.6893158154715223,0.7166734823818938,0.24667146455559555
2026-04-08,57.7,-0.06621605609629899,0.9884206860525857,0.24546880446148484,0.7039184703514542,0.645935986955175,0.6936617566365285,0.41025179856115107
2026-04-09,53.96,-0.08776782419404094,0.9851149025069638,0.1821745948771563,0.7056045293951968,0.624298008926439,0.6730968766558758,0.4190938511326861
2026-04-10,49.58,-0.17564339780500804,0.9809399477806788,0.04294425087108014,0.6967958624587209,0.57356002037016,0.6461864540813715,0.5817757009345794
2026-04-13,50.14,-0.17350739716639074,0.9820744865993735,0.04450444173488939,0.6975496698803061,0.5747095327381896,0.6215638728922972,0.40298239310097017
2026-04-14,49.87,-0.17638861164178277,0.9811205846528623,0.04240682688958551,0.6981157216673065,0.5738810444032514,0.5984769186786429,0.2221623563218391
2026-04-15,51.97,-0.10459054449370342,0.9835594989561587,0.13851645481455685,0.6999311195767743,0.60733569111583,0.60733569111583,0.0
2026-04-16,50.47,-0.06686393098738419,0.9819968690206993,0.24347144846796656,0.7045630508093758,0.6433437894326804,0.6433437894326804,0.0
2026-04-17,48.51,-0.021817564349919216,0.9781739130434782,0.42828546562228026,0.7104491917610788,0.7056361901422791,0.7056361901422791,0.0
2026-04-20,50.32,0.0035835196620377374,0.981829247087463,0.5500348068221371,0.701201539832659,0.7443551979140862,0.7443551979140862,0.0
2026-04-21,51.63,0.03468327933352633,0.9830493741307371,0.6781799199582391,0.6938758574942935,0.7850350505277567,0.7850350505277567,0.0
2026-04-22,52.12,0.0028821232362936655,0.983573787589084,0.5467118997912317,0.6849479375854567,0.7384112083219242,0.7384112083219242,0.0
2026-04-23,54.03,0.06816034750380329,0.985140771637122,0.787876152374326,0.6844005866083782,0.8191391702066086,0.8191391702066086,0.0
2026-04-24,53.56,0.09903255856584625,0.9844483058210252,0.8552173913043478,0.6849121029469033,0.8415259333574254,0.8415259333574254,0.0
2026-04-27,54.95,0.08802106845744584,0.9867095205003474,0.8338549817423057,0.6950002764135961,0.8385215928854164,0.8385215928854164,0.0
2026-04-28,55.0,0.06323028634091354,0.9867118290776447,0.7744262865090403,0.7071330459925566,0.8227570538597472,0.8227570538597472,0.0
2026-04-29,55.57,0.06409473503518548,0.9868878082667593,0.7775942986268034,0.7128836762389037,0.8257885943774887,0.8295464689373372,0.03572710951526032
2026-04-30,54.34,0.005721156142227457,0.9849800312554263,0.5596976016684045,0.7153389019980501,0.7533388449739603,0.8163864038908075,0.5263819095477387
2026-05-04,55.87,0.04222504264808569,0.9872395833333333,0.705907906168549,0.7226194159217865,0.805255635141223,0.8091323442475671,0.03749551489056333
2026-05-06,60.07,0.0890868680124397,0.9903662558583579,0.8350416956219597,0.7336091732932455,0.8530057082578543,0.8530057082578543,0.0
2026-05-07,61.05,0.1043600153242421,0.9908885803540437,0.863904811533785,0.7457361505846067,0.8668431808241452,0.8668431808241452,0.0
2026-05-08,60.53,0.08549562261176646,0.9901960784313726,0.8284994789857589,0.7603563022571833,0.8596839532247715,0.8596839532247715,0.0
2026-05-11,65.6,0.18831509195184193,0.994882026370576,0.9483417259940962,0.7797546586316971,0.9076594703321231,0.9076594703321231,0.0
2026-05-12,70.14,0.22746568124097521,0.9960971379011275,0.9641493055555556,0.8031637147518202,0.9211367194028345,0.9211367194028345,0.0
2026-05-13,76.16,0.23732584162103976,0.998352410683316,0.9679743100156223,0.8266574095609371,0.9309947100866252,0.9309947100866252,0.0
2026-05-14,72.91,0.1775326032616258,0.9969654933240854,0.9421207913918778,0.849546381390275,0.9295442220354128,0.9295442220354128,0.0
2026-05-15,74.71,0.21047484208411404,0.9980062413314841,0.958962346000347,0.8704186972293029,0.9424624281870445,0.9424624281870445,0.0
2026-05-18,74.05,0.1211648447637641,0.9976599063962559,0.8893997224149895,0.8869584800123675,0.9246727029412044,0.9297621565306242,0.043938307030129124
2026-05-19,72.51,0.03323123867146904,0.9962738301559793,0.6706851691240243,0.8934709705277235,0.8534766566025757,0.9162301439705726,0.5243814987450699
2026-05-20,71.37,-0.06495877750013435,0.9957546352451915,0.2506937218175512,0.8863355781065522,0.710927978389765,0.8722167976312004,0.9044802867383512
2026-05-21,71.33,-0.021908807528392416,0.9955821205821206,0.4261314374891625,0.8803476847061098,0.7673537475924643,0.8397787027426109,0.5806162665711214
2026-05-22,66.97,-0.10936919406575107,0.9938506842196432,0.1264736477115118,0.8700986508198806,0.6634743275836784,0.7839810826219376,0.7953080229226361
2026-05-26,68.09,-0.08391018121893268,0.9938517492206442,0.1921476859074363,0.8554232135977966,0.6804742162419591,0.7351413852820885,0.46097386322950235
2026-05-27,70.78,-0.02414800846618448,0.9954112554112554,0.41516464471403813,0.8446959686727945,0.7517572895993627,0.7517572895993627,0.0
2026-05-28,71.6,0.0032174609836239654,0.9957583102493075,0.5467856523999307,0.8377454551829592,0.7934298059440659,0.7934298059440659,0.0
2026-05-29,74.26,0.04025545245898776,0.9978362471871214,0.6968988218988219,0.8360853790204408,0.8436068160354614,0.8436068160354614,0.0
2026-06-01,74.22,0.10278889771049204,0.9976635514018691,0.8620301403083319,0.8384656686408567,0.8993864534503526,0.8993864534503526,0.0
2026-06-02,73.6,0.0778146662399557,0.9966257137913134,0.8083650848631798,0.8449734977841231,0.8833214321462055,0.8833214321462055,0.0
2026-06-04,73.44,0.03689227139491802,0.9964532871972318,0.6832034632034633,0.8446362293065934,0.8414309932357629,0.8522351001623697,0.0946671438797423
2026-06-05,73.44,0.025373672345635256,0.9963674104826155,0.6410145429362881,0.8399355793550581,0.8257725109246539,0.8587036411584872,0.2971377459749553
2026-06-08,76.63,0.0314161962333781,0.9985299204427533,0.6653107149039293,0.8351617604415293,0.8330007985960707,0.8565824376706092,0.21369814020028613
2026-06-09,91.23,0.20635013472493213,0.9999135396852844,0.9569920387677397,0.8386170109674268,0.9318408631401502,0.9318408631401502,0.0
2026-06-10,88.35,0.18266117303087448,0.9995677731673582,0.9443675376362692,0.8386347999284007,0.9275233702440094,0.9275233702440094,0.0
2026-06-11,87.3,0.17288171653332185,0.9993949870354365,0.9395328719723184,0.8381018353171775,0.9256765647749775,0.9256765647749775,0.0
2026-06-12,89.91,0.20234042368444616,0.9997407535430349,0.9556305137519461,0.8378279489820786,0.9310664054256866,0.9310664054256866,0.0
2026-06-15,87.85,0.136642169650794,0.9992223950233281,0.9061743341404358,0.8369857100932736,0.9141274797523459,0.926046936667434,0.10243117626027887
2026-06-16,84.29,-0.0791205563479922,0.9985314443676572,0.20586200933771398,0.8181713317526121,0.6741882618193277,0.8745164164032694,0.9558613295210865
2026-06-17,79.65,-0.10366416240964771,0.9976679910174469,0.13943637621023514,0.7994224502130229,0.6455089391469017,0.8181135301838479,0.9247945694891032
2026-06-18,80.25,-0.08420370083543194,0.9976683937823834,0.19092480553154711,0.7874633052138711,0.6586855015092672,0.7647153175307059,0.7383928571428572
2026-06-19,83.57,-0.07312456598333661,0.9982731825246072,0.22338403041825095,0.786843526610874,0.6695002465179106,0.7124020857491506,0.37397358086397714
2026-06-22,87.36,-0.005593302636511588,0.9990504143646409,0.5015552099533437,0.7888158282670416,0.7631404841950088,0.7631404841950088,0.0
2026-06-23,89.41,0.05896929873783563,0.9995684446746073,0.7599343469246718,0.8047952897587447,0.8547660271193411,0.8547660271193411,0.0
2026-06-24,94.81,0.1742328525738106,0.9999137038315499,0.9394541371566765,0.8236294999052483,0.9209991136311583,0.9209991136311583,0.0
2026-06-25,95.09,0.1696770495412281,0.9999137187230371,0.936873920552677,0.8367847933840089,0.9245241442199076,0.9245241442199076,0.0
2026-06-26,92.71,0.10379173760554661,0.9995686680469289,0.8617682610948023,0.8447546175463211,0.9020305155626841,0.9020305155626841,0.0
2026-06-29,96.94,0.10405471842063463,0.9999137484905986,0.8621374309392266,0.8489375203049182,0.9036628999115811,0.9036628999115811,0.0
2026-06-30,93.8,0.047932323264952004,0.9993963435667471,0.7195753495598136,0.8454194703403273,0.8547970544889627,0.9012027455628587,0.40132048536759457
2026-07-01,88.67,-0.06695327553795227,0.9983617865149164,0.24223334483948913,0.8313095786578251,0.6906349033374101,0.855129903504109,0.9117017481270068
2026-07-02,86.41,-0.09572040169804552,0.9975,0.15694564279551337,0.8181793009676955,0.6575416479210697,0.8017334042443416,0.8632310984308131
2026-07-03,89.29,-0.03758684208976604,0.9983623513187382,0.35878191856452724,0.8111733588793045,0.7227725429208567,0.7658818097159761,0.37450980392156863
2026-07-06,86.86,-0.10979460331055346,0.9973285074112375,0.12532344316025532,0.7976436417599247,0.6400985307771392,0.7131689358890876,0.5839272986457591
2026-07-07,85.69,-0.0904287233311516,0.996984318455971,0.17393928941014142,0.777994092495252,0.6496392334537882,0.6721373716820528,0.2014606341289633
2026-07-08,87.9,-0.008721808700784095,0.9978463128876637,0.48844628384204175,0.766553024643404,0.7509485404577031,0.7509485404577031,0.0
2026-07-09,85.48,-0.01082097940236082,0.9966408268733851,0.4799137931034483,0.7549936936676309,0.743849437881488,0.743849437881488,0.0
2026-07-10,78.15,-0.13325944266163958,0.994746813641061,0.08403723495948974,0.7330790132002701,0.6039543539336069,0.677698019300745,0.5874287749287749
2026-07-13,83.33,-0.04148899871256084,0.995608748062683,0.3422095829024474,0.7188895532453043,0.6855692947368116,0.6867921720926796,0.010501957992168031
2026-07-14,83.97,-0.02027654048555494,0.9959538567493113,0.4346889539893159,0.7245457871711357,0.7183961993032543,0.7183961993032543,0.0
2026-07-15,85.79,-0.024297355106257967,0.9968152866242038,0.4144555478980014,0.7313999488534988,0.7142235944585679,0.7142235944585679,0.0
2026-07-16,87.14,0.019233590238349585,0.9971600688468159,0.616795865633075,0.7420340172326478,0.7853299839041795,0.7853299839041795,0.0
2026-07-20,86.87,0.10578269140434315,0.9969884701428325,0.865053393041681,0.7580436334886892,0.873361832224401,0.873361832224401,0.0
2026-07-21,84.89,0.018547672355761158,0.995956641431521,0.6138281384535905,0.7607731123778674,0.7901859640876596,0.7901859640876596,0.0
2026-07-22,82.79,-0.014152311044757226,0.9945811113022536,0.46461776859504134,0.7532655145853178,0.7374881314942042,0.7801179012338024,0.3713523131672598
2026-07-23,80.46,-0.06414228306323189,0.9940660474716202,0.2534859700464796,0.7359701189985646,0.6611740455055548,0.7695079914431998,0.7465314834578441
2026-07-24,78.65,-0.1025083911850091,0.9933791917454858,0.14070567986230637,0.7159025498068665,0.6166624738048863,0.7357744894233412,0.7907183499288762
2026-07-27,77.55,-0.11348985864928096,0.9930364511691885,0.11762175184993977,0.6971355816538015,0.60259792822431,0.681621708623323,0.6173124777817277
2026-07-28,83.43,-0.017348343835893232,0.9947567474643287,0.4484686854783207,0.6866649379916221,0.7099634569780905,0.7099634569780905,0.0
2026-07-29,87.79,0.058640317787402196,0.9975077346167067,0.7585584035781868,0.6875922991183303,0.8145528124377414,0.8145528124377414,0.0
2026-07-30,86.18,0.06867796566605033,0.9963052070802544,0.7869797041623667,0.7011595436155358,0.8281481516193856,0.8281481516193856,0.0
2026-07-31,84.35,0.06996717948768971,0.9951030927835052,0.7890799656061909,0.7169029790053904,0.8336953457983621,0.8336953457983621,0.0
2026-08-03,80.78,0.04080652051271905,0.9933860161484281,0.6988480055020633,0.725280222799571,0.8058380814833542,0.8058380814833542,0.0
2026-08-04,82.05,-0.016679139377883345,0.9937306767433871,0.45169331270414304,0.733349523771472,0.7262578377396673,0.801698445815702,0.5979033404406539
2026-08-05,78.55,-0.11121223423648718,0.9921861583376267,0.12177724303884496,0.7319255186092308,0.6152963066619008,0.761847144660534,0.8694493783303731
2026-08-06,77.17,-0.11042735171818041,0.9916723901098901,0.1243340780202784,0.7226683653942425,0.6128916111748036,0.7187958365716176,0.7370383522727273
2026-08-07,75.59,-0.1096508096878912,0.9906437768240344,0.12585910652920962,0.7136670719786526,0.6100566517772988,0.674068097767405,0.533013844515442
2026-08-10,69.55,-0.1496834917658152,0.9860109852385857,0.064164232949665,0.7129518512183453,0.587709023135532,0.6304422860978406,0.3720723917672108
2026-08-11,61.68,-0.28536908828102536,0.9810365539728848,0.005925798694606664,0.7041804517609043,0.5637142681427986,0.5979335721784669,0.30702376729336645
2026-08-12,56.48,-0.3298487715166436,0.9759780370624571,0.003520522067662717,0.6929018454706916,0.5574668015336038,0.5863676711528074,0.25975177304964536
2026-08-13,55.28,-0.3335996010100972,0.9748670440898953,0.0035199175824175825,0.6820797486494443,0.5534889034405858,0.5744871296059638,0.1869904289259128
2026-08-14,55.31,-0.31237027529749906,0.9748713550600343,0.004549356223175966,0.6662163680695273,0.5485456931175792,0.5621849378740198,0.1167611622962438
2026-08-18,56.97,-0.1995211048771477,0.9764191390842051,0.028063851699279094,0.6447773962595015,0.5497534623476619,0.5545938257164458,0.04303931987247609
2026-08-19,60.63,-0.017169909171435016,0.9795096021947873,0.44988845031748753,0.6402677280751806,0.6898885935291519,0.6898885935291519,0.0
2026-08-20,57.26,0.013715706484982881,0.9762557860449168,0.5920555936856554,0.6429955405710126,0.7371023067671949,0.7371023067671949,0.0
2026-08-21,58.03,0.04854893874310218,0.9772883099074392,0.7233659289758106,0.6543230961051413,0.7849924449961304,0.7849924449961304,0.0
2026-08-24,56.76,0.02587812828525493,0.9757497857754928,0.6426243567753002,0.6664303278787164,0.7616014901431698,0.7616014901431698,0.0
2026-08-25,56.29,-0.012007914016368915,0.9748971898560658,0.47650488766935345,0.6749489247413736,0.7087836674222642,0.7364737005715822,0.2501770538243626
2026-08-26,55.59,-0.08678649111826164,0.9742162069556279,0.18561385459533608,0.6678640404565814,0.6092313673358485,0.7203422553329215,0.7566371681415929
