month,Strategy,return,gross_return,nav,drawdown,turnover,trade_cost,fx_cost,w_KODEX200,w_BOND,w_GLD,w_USO,expected_monthly_return,expected_monthly_variance,downside_semivariance,estimated_transaction_cost,monthly_utility,used_fallback,solver_success,expected_annual_volatility,historical_cdar,volatility_slack,cdar_slack
2007-04,AllLayersReference,-0.003393979911460189,-0.0018939787307535887,0.9966060200885398,-0.0033939799114601765,1.0,0.0015,1.1807066004172658e-09,0.0,0.9999976385867992,2.3614132008345316e-06,0.0,0.003720720279437263,9.63988640473245e-06,8.071422941384488e-10,0.0015000045867296717,0.002215894942362931,False,True,0.01075540035781046,-4.92079961226799e-05,0.11924459964218954,0.15995079200387732
2007-05,AllLayersReference,0.002277211701651505,0.0022772428347960687,0.9988755029794217,-0.0011244970205782634,8.895184161023039e-06,2.6685552483069118e-08,4.447592080508751e-09,5.1873062558127414e-20,0.9999887828140038,1.1217185996202345e-05,0.0,0.0032177310645918355,1.01829101512916e-05,2.767231015879075e-07,3.432926252589795e-08,0.003212328557152076,False,True,0.011054181191544638,-0.0009962720256935231,0.11894581880845537,0.15900372797430648
2007-06,AllLayersReference,-0.011502853901367373,-0.010113022338644596,0.9873855840029946,-0.012614415997005413,0.397094732206508,0.001191284196619524,0.00019854736610325403,0.0,0.6028938480843683,0.39710615191563176,5.692061405548898e-19,0.005095810448772259,0.0003375855110995967,5.100765337432462e-05,0.001389834562727185,0.0034861754771209515,False,True,0.06364767185997583,-0.02030957234104136,0.06635232814002417,0.13969042765895864
2007-07,AllLayersReference,0.015635040385717856,0.015635040614722075,1.002823397485157,0.0,6.542977645795964e-08,1.9628932937387894e-10,3.2714888215101824e-11,8.65667672093895e-22,0.6092837660643063,0.3907162339356937,6.118188852188553e-19,0.00353768972515414,0.0002965164457254734,5.217564667127888e-05,6.507483846245559e-09,0.0033372493481362785,False,True,0.05965062739574229,-0.0197138229272929,0.07034937260425772,0.1402861770727071
2007-08,AllLayersReference,0.008732925301267744,0.0087329257600809,1.0115809793057584,0.0,1.3108947316542547e-07,3.932684194962764e-10,6.554473658271187e-11,2.4507660303893027e-21,0.604558928764648,0.3954410712353521,6.763165310727151e-19,0.005767595340366924,0.0002908280060075273,5.046971283716207e-05,6.529944689678743e-09,0.005571705094581309,False,True,0.05907568088554145,-0.02015434615296058,0.07092431911445855,0.13984565384703943
2007-09,AllLayersReference,0.03034009371027731,0.03034009584196349,1.0422724410134292,0.0,6.09053193628695e-07,1.827159580886085e-09,3.0452659684210285e-10,2.775856437596188e-17,0.5980301413442428,0.40196985865575724,2.840093107110903e-17,0.005665181330164276,0.0002698526647665416,4.956257076666664e-05,7.098058803868292e-09,0.005480685328955535,False,True,0.0569054652665146,-0.020762932867505024,0.0730945347334854,0.13923706713249498
2007-10,AllLayersReference,0.027097633618665823,0.02709763425654709,1.0705155577508436,0.0,1.8225179077015522e-07,5.467553723104657e-10,9.112589538506023e-11,2.7913806011666384e-17,0.581894628869611,0.41810537113038915,2.98349783547116e-17,0.007472539653896535,0.00035580884668337634,5.180604929228701e-05,6.557652668779907e-09,0.007242822623609891,False,True,0.06534298860781099,-0.02226637700884193,0.06465701139218902,0.13773362299115807
2007-11,AllLayersReference,0.010910031586226153,0.012175248014544341,1.0821949162994517,0.0,0.3614904080909105,0.0010844712242727315,0.00018074520404545518,4.734067140265835e-17,0.20781743403840777,0.7921825659615922,3.4043101183097585e-17,0.015466310723615572,0.0014083333333696916,0.00022933617896328995,0.0012652194283230278,0.013267588449644409,False,True,0.13000000000167808,-0.062159151800535106,-1.6780743461453085e-12,0.0978408481994649
2007-12,AllLayersReference,0.06526698835007223,0.06542435564305762,1.1528265192940754,0.0,0.04496208371011153,0.0001348862511303346,2.2481041855055802e-05,1.8571958160625e-18,0.24960850117672093,0.750391498823279,0.0,0.011077124202228072,0.001408333333352849,0.00019233698786927356,0.000157370293024312,0.010023250254658061,False,True,0.13000000000090073,-0.05745981860569771,-9.007239398783895e-13,0.1025401813943023
2008-01,AllLayersReference,0.08629670779574589,0.08640995874336438,1.2523116525687832,0.0,0.03235741360528342,9.707224081585027e-05,1.6178706802641714e-05,4.675525514123434e-19,0.26723102504157187,0.7327689749584281,6.018274969360211e-18,0.014781346384474234,0.0014083333333334406,0.00017338414933957278,0.00011325394767257542,0.013790541620795366,False,True,0.13000000000000494,-0.05080517539728461,-4.9404924595819466e-15,0.1091948246027154
2008-02,AllLayersReference,0.04151143988912076,0.04189655129090232,1.3042969124568378,0.0,0.11003182908044608,0.00033009548724133824,5.501591454022293e-05,0.014485136127899405,0.3475700102556785,0.6379448536164221,1.0235027988685262e-16,0.017159713403497374,0.0014083333333333315,0.00012184335883602199,0.0003851129018502761,0.01594859047614441,False,True,0.12999999999999992,-0.04265086030124732,8.326672684688674e-17,0.11734913969875269
2008-03,AllLayersReference,-0.036837890810647846,-0.03674967399390036,1.2562493652110878,-0.03683789081064781,0.02520480478499551,7.561441435498653e-05,1.260240239249777e-05,1.6762451894371656e-17,0.32467118473086054,0.6753288152691396,0.0,0.020403380468520096,0.0014083333333333708,0.00013088932746193585,8.821831690773177e-05,0.019480106157483745,False,True,0.13000000000000173,-0.045239207378117076,-1.7208456881689926e-15,0.11476079262188293
2008-04,AllLayersReference,-0.012074984786476567,-0.01170273987800639,1.241080173238143,-0.048468058626019994,0.10635568813433635,0.00031906706440300905,5.317784406716819e-05,0.0,0.4434441872622016,0.5565558127377985,0.0,0.015986627170829985,0.0014083333333333367,0.00011732714447835206,0.00037224790848663155,0.014792885451198333,False,True,0.13000000000000014,-0.033785252673207165,-1.3877787807814457e-16,0.12621474732679283
2008-05,AllLayersReference,0.043735823853442435,0.0441961426011355,1.295359837082886,-0.006852025247163551,0.1394539818011019,0.00041836194540330573,4.1956802289768043e-05,1.4164508460460037e-18,0.36888794347035375,0.49165807472854445,0.13945398180110183,0.016053073220709313,0.0014083333333468374,0.00016416662743990254,0.0004603202477238726,0.014724419678872119,False,True,0.13000000000062326,-0.06249382759410479,-6.232514504489473e-13,0.09750617240589521
2008-06,AllLayersReference,0.054387882818357304,0.05468198121789688,1.3658117161097565,0.0,0.08402811415416436,0.0002520843424624931,4.201405707708218e-05,0.0,0.43444781217671075,0.44451797969112,0.12103420813216935,0.0180622124353182,0.001408333333727444,0.00012175202901930447,0.00029409989958941043,0.016942193839845764,False,True,0.1300000000181897,-0.05240792577353559,-1.8189699746429255e-11,0.10759207422646441
2008-07,AllLayersReference,-0.04369181856807024,-0.04352234058061048,1.3061369184113443,-0.04369181856807025,0.05339101892456638,0.00016017305677369913,9.304930686056145e-06,1.1612821706856458e-18,0.42881764694901914,0.4912377830874542,0.07994456996352672,0.0172761645635296,0.0014083333388761668,0.00011232842829956674,0.00016947948754910094,0.016290189978242848,False,True,0.1300000002558231,-0.04534351378450482,-2.5582308493810046e-10,0.11465648621549518
2008-08,AllLayersReference,-0.011997938213692981,-0.011788635738640708,1.2904659683656217,-0.05516554504213966,0.06954332409572676,0.0002086299722871803,6.725027650940213e-07,0.0,0.4517942098633366,0.5482057901366634,0.0,0.011255073684452149,0.0014083333333333604,0.00014236877094342236,0.00020930397581754757,0.0101992342710245,False,True,0.13000000000000125,-0.037945227656157966,-1.2490009027033011e-15,0.12205477234384204
2008-09,AllLayersReference,0.06262292476708478,0.06308807256186547,1.3712787216170652,0.0,0.14366085793288652,0.0004309825737986596,3.416522098202206e-05,5.039846036163087e-19,0.5249351447544196,0.399734439276738,0.0753304159688424,0.010697180113402361,0.0014083333434225381,0.00011813718434564736,0.0004651492948104931,0.009409726962534951,False,True,0.1300000004656556,-0.04071264587311085,-4.6565559741473805e-10,0.11928735412688915
2008-10,AllLayersReference,-0.04398019205088459,-0.043757660146043424,1.3109696200850551,-0.04398019205088466,0.06358054424033327,0.0001907416327209998,3.179027212016666e-05,0.0,0.5600476998890339,0.4302346021081725,0.009717698002793616,0.015402128709175896,0.001408333333668148,8.265687142715699e-05,0.0002225334050145023,0.014392771765900165,False,True,0.13000000001545298,-0.03079588038134858,-1.545297223515263e-11,0.12920411961865141
2008-11,AllLayersReference,0.09040750472726282,0.0904438306151116,1.4294911122101925,0.0,0.010378825099652355,3.113647529895707e-05,5.189412549826165e-06,3.4123171734376214e-18,0.6039167923947474,0.39608320760525273,0.0,0.006762970584032742,0.0014083333333333333,0.00010506192518782294,3.632738829451028e-05,0.005917414603883743,False,True,0.13,-0.02961413231119775,0.0,0.13038586768880225
2008-12,AllLayersReference,0.03593754682814601,0.03635877096369246,1.480863515995665,0.0,0.12034975301327151,0.00036104925903981456,6.0174876506635756e-05,0.0,0.6759489069938085,0.32405109300619145,3.921645637594171e-17,0.009698239307308135,0.0014083333333335586,6.031791759970238e-05,0.0004212271355609912,0.008512527587480662,False,True,0.1300000000000104,-0.02284569711542453,-1.0408340855860843e-14,0.13715430288457547
2009-01,AllLayersReference,0.03749961113523715,0.03755728050029078,1.5363953219898625,0.0,0.016476961443894503,4.943088433168351e-05,8.238480721947258e-06,0.0,0.6644271488242958,0.3355728511757043,0.0,0.013126036693494497,0.0014083333335237133,6.418737798936026e-05,5.767236515983963e-05,0.01230001028358344,False,True,0.13000000000878678,-0.0239289199726824,-8.786776861668955e-12,0.1360710800273176
2009-02,AllLayersReference,0.062257133217056226,0.06225944853512106,1.6320468902250476,0.0,0.0006615194470952215,1.9845583412856644e-06,3.3075972354765226e-07,4.401201936055927e-19,0.6448975276506549,0.35510247234934506,0.0,0.014060798157920973,0.0014083333333334115,7.229176945575508e-05,2.3183207102566784e-06,0.013282021401088256,False,True,0.1300000000000036,-0.02576449145960083,-3.608224830031759e-15,0.13423550854039917
2009-03,AllLayersReference,-0.045129772068214585,-0.04497516174889345,1.5583929860645527,-0.04512977206821467,0.04417437694889642,0.00013252313084668926,2.2087188474448183e-05,5.186953899010081e-18,0.6516840259914187,0.34831597400858133,0.0,0.01508026653405622,0.0014083333335785774,6.676742072475144e-05,0.00015461331936075318,0.014154719127181428,False,True,0.13000000001131895,-0.025126707888768585,-1.1318945780658396e-11,0.13487329211123142
2009-04,AllLayersReference,-0.03153016030559338,-0.031523055896593315,1.5092566053948249,-0.07523698342594243,0.002029831142875884,6.0894934286276524e-06,1.014915571437916e-06,2.775557561562892e-17,0.6854651843467211,0.31453481565327895,2.775557561562892e-17,0.0121386890141114,0.0014083333333344938,9.368575044258045e-05,7.107409862206122e-06,0.011333729187139367,False,True,0.13000000000005354,-0.027590480003395285,-5.3540505362548174e-14,0.13240951999660472
2009-05,AllLayersReference,0.029521331967736385,0.029622641530220102,1.5538118706671844,-0.04793674742217435,0.028945589281061307,8.683676784318393e-05,1.4472794640530628e-05,0.0,0.687716582529249,0.312283417470751,2.4544441275933132e-18,0.00904206060069149,0.0014083333340327543,0.00011582380478486472,0.00010131256254417272,0.008120757566346077,False,True,0.13000000003228096,-0.03985046990873567,-3.2280955686303514e-11,0.12014953009126433
2009-06,AllLayersReference,-0.013590642176000018,-0.013365760948269948,1.5326945695241254,-0.06087589841687835,0.06425177935144874,0.00019275533805434623,3.212588967572436e-05,0.0,0.6025195209463445,0.39748047905365547,1.3284864744736447e-17,0.01230897887640301,0.0014083333433802191,0.00020767890138655615,0.0002248842277573072,0.011172249075569038,False,True,0.13000000046370241,-0.06027489372788919,-4.6370240980309063e-10,0.09972510627211081
2009-07,AllLayersReference,-0.007536073063079452,-0.0075360720121434195,1.5211440712648066,-0.06795320626170753,3.0026743805256406e-07,9.008023141576922e-10,1.5013371904015283e-10,0.0,0.6106814469273844,0.3893185530726157,1.421778584082693e-17,0.009825613792643004,0.0011135923116192474,0.00019664722021212034,6.654376355258662e-09,0.009072163762244904,False,True,0.1155989089024242,-0.06715060487584257,0.0144010910975758,0.09284939512415744
2009-08,AllLayersReference,0.00799725310460687,0.007997253209749908,1.5333090454112834,-0.06049939214684508,3.0040868126416843e-08,9.012260437925054e-11,1.502043406321024e-11,1.603670425760573e-22,0.61516571288071,0.38483428711929,1.3499198765442223e-17,0.009316143456789421,0.0009952721164408088,0.00018771963578049377,6.501578937926848e-09,0.008630781261209584,False,True,0.10928524784841596,-0.07240955936426144,0.02071475215158404,0.08759044063573856
2009-09,AllLayersReference,-0.002948650183878286,-0.002948649154394223,1.5287878534125894,-0.06326965078694491,2.9413830371361366e-07,8.82414911140841e-10,1.4706915185680009e-10,1.6158916724904105e-22,0.6105375411796505,0.3894624588203495,1.314223415748358e-17,0.008785690345373926,0.0010254214338182685,0.0001886111721706094,6.648264989822711e-09,0.008084361808029192,False,True,0.11092816236564645,-0.07259246134074497,0.01907183763435355,0.08740753865925503
2009-10,AllLayersReference,0.028409310054878185,0.028409313928096654,1.5722196615483193,-0.036657787858336954,1.1066338485576995e-06,3.3199015456730986e-09,5.533169242788394e-10,2.0778397820892356e-21,0.6157892695733092,0.38421073042669085,1.2256335686965045e-17,0.009780117306723197,0.0011925501771445528,0.00017825838046083573,8.220327701972037e-09,0.009005575617362383,False,True,0.11962692893213732,-0.07424509396835952,0.010373071067862685,0.08575490603164049
2009-11,AllLayersReference,0.04798615063861644,0.04819488652029694,1.6476644310643715,0.0,0.05963882333728255,0.00017891647001184766,2.9819411668641267e-05,0.0,0.540618393377795,0.45938160662220495,3.638853541404474e-18,0.01176618111173798,0.001408333336871886,0.00026862177662022617,0.00020873888170983219,0.01058465378497198,False,True,0.1300000001633178,-0.09246317792550299,-1.6331780372524918e-10,0.06753682207449702
2009-12,AllLayersReference,-0.03290802332315837,-0.03277029479553924,1.5934430515381668,-0.03290802332315834,0.03935100789118105,0.00011805302367354316,1.9675503945590465e-05,1.762085899140077e-06,0.5618874393202653,0.4381107985938356,2.9755102766741096e-17,0.012955172116751814,0.0014083333333335874,0.00023432210556667476,0.0001377304236349713,0.011878952920883373,False,True,0.13000000000001172,-0.08731505483372719,-1.1712852909795402e-14,0.07268494516627282
2010-01,AllLayersReference,0.004142046014687402,0.004221651135078575,1.6000431659794219,-0.02890228385532778,0.022744391755451208,6.823317526635363e-05,1.1371945124819499e-05,1.4881808660240945e-06,0.6013144990180952,0.3986840128010389,0.0,0.01151202407501957,0.0014083333338245983,0.00020246797018310457,7.960754627172653e-05,0.010525781891652439,False,True,0.13000000002267376,-0.0777580022429836,-2.2673751765012184e-11,0.0822419977570164
2010-02,AllLayersReference,0.0115725878735809,0.011598286750977904,1.6185598061192412,-0.01766417020140998,0.007342736943187256,2.202821082956177e-05,3.6706665674416386e-06,5.1928409887424856e-18,0.6113438357975143,0.3886561642024858,0.0,0.01060546436051488,0.0014083333333367086,0.0001863974597245995,2.570085727103304e-05,0.009689199376850892,False,True,0.1300000000001558,-0.07532453469188309,-1.557920459305251e-13,0.08467546530811691
2010-03,AllLayersReference,0.0002009289341113379,0.00038614119999216476,1.6188850216158803,-0.017466790510189067,0.05291779025166482,0.00015875337075499447,2.6458895125832384e-05,0.0,0.5578043929719028,0.4421956070280972,0.0,0.011044872941882479,0.0014083333333337299,0.000247540422704776,0.00018521526591389702,0.00990795058659694,False,True,0.1300000000000183,-0.088304697924303,-1.8290924330699454e-14,0.071695302075697
2010-04,AllLayersReference,0.022958670431354453,0.02295867097426625,1.6560524692934155,0.0,1.551176565805894e-07,4.6535296974176827e-10,7.755882831805023e-11,2.7739475531344006e-17,0.5652015232297276,0.4347984767702724,2.773926850751047e-17,0.009858744557946292,0.0010305808877134116,0.00023298265564475473,6.541857312256126e-09,0.009110464916587518,False,True,0.11120688221760801,-0.08651359205710481,0.018793117782391996,0.0734864079428952
2010-05,AllLayersReference,0.05746702650440678,0.057467027317222565,1.7512208804389886,0.0,2.3223308256994874e-07,6.966992477098462e-10,1.1611654129885212e-10,2.784961220960021e-17,0.5553889615375819,0.4446110384624182,2.7074794897771744e-17,0.010143252064898233,0.001074395549277347,0.00024048405094638614,6.593142010394481e-09,0.009365563646171162,False,True,0.11354623107495979,-0.0888893994008092,0.01645376892504022,0.0711106005991908
2010-06,AllLayersReference,0.0066417656260285155,0.007023354991436717,1.7628520790862716,0.0,0.10902553297377213,0.0003270765989213164,5.451276648688606e-05,0.03210510919729525,0.6020038451174431,0.3658910456852617,0.0,0.010963725436194251,0.001408333333338127,0.00014231917395529628,0.00038159086545048565,0.009735648730119407,False,True,0.13000000000022124,-0.057624497099493174,-2.2123969323217807e-13,0.10237550290050683
2010-07,AllLayersReference,-0.024101997862809265,-0.024082105998192518,1.7203638220436854,-0.02410199786280931,0.005683389890498732,1.7050169671496194e-05,2.8416949452493415e-06,0.032757712455283944,0.6050812574516066,0.3621610300931095,3.014853338024512e-17,0.011366093011135349,0.0014083333333901726,0.00013601108752624136,1.9894378655543586e-05,0.010506020878258478,False,True,0.13000000000262335,-0.054115152749493835,-2.6233459848867824e-12,0.10588484725050618
2010-08,AllLayersReference,0.03844290258623161,0.03877776127843446,1.786499600867388,0.0,0.09567391205795457,0.0002870217361738637,4.7836956028977264e-05,0.03522305300385163,0.5275383354897162,0.4372386115064322,0.0,0.011179553529455504,0.001408333333370361,0.0002277080856378923,0.0003348607738179248,0.009912818003314507,False,True,0.13000000000170897,-0.07098166276851255,-1.7089663018055035e-12,0.08901833723148746
2010-09,AllLayersReference,0.0074222574174049516,0.007660840882658316,1.799759460781117,0.0,0.07306125960742406,0.00021918377882227218,1.9399686431092758e-05,0.0678030886286109,0.4402735529383398,0.49192335843304935,2.7755575615628914e-17,0.01231089157495229,0.001408333333334038,0.00029131458862386746,0.00023858496531129408,0.011076825354350108,False,True,0.13000000000003253,-0.07314132822131304,-3.2529534621517087e-14,0.08685867177868696
2010-10,AllLayersReference,0.008913681763694007,0.008972555286361164,1.8158019438657176,0.0,0.01682100647633094,5.046301942899282e-05,8.41050323816546e-06,0.07170453980626866,0.4268620986137212,0.5014333615800102,0.0,0.011949845123126995,0.0014083333333336499,0.0002988660479290657,5.887627378088039e-05,0.010887936134750224,False,True,0.1300000000000146,-0.07420356261725652,-1.459943277382081e-14,0.08579643738274348
2010-11,AllLayersReference,0.030496620905389085,0.030800427085809136,1.871177767387059,0.0,0.08680176583429994,0.0002604052975028998,4.3400882917149966e-05,0.07712836940172484,0.5025834329010709,0.4202881976972043,9.88995669214121e-18,0.010571499357172403,0.0014083333403865233,0.0001945571700398901,0.0003038076805766293,0.009368967836362622,False,True,0.13000000032553186,-0.05496150093718427,-3.2553185147499164e-10,0.10503849906281573
2010-12,AllLayersReference,0.0020965660358854337,0.0023732189697660685,1.8751008151412667,0.0,0.07904369539446705,0.00023713108618340117,3.952184769723351e-05,0.07685260103107866,0.5693169900812296,0.35383040888769185,2.839117922491393e-17,0.010856606202494463,0.0014083333333335937,0.00012713596149774,0.00027665517312807497,0.009748648401201852,False,True,0.13000000000001202,-0.042603061360569204,-1.201816424156732e-14,0.11739693863943079
2011-01,AllLayersReference,-0.02985547346278044,-0.029570823672219745,1.8191187925147787,-0.02985547346278039,0.08132851158877011,0.00024398553476631034,4.0664255794385025e-05,0.006471720073665925,0.5635299231959012,0.42999835673043285,0.0,0.012196633027474755,0.0014083333333334256,0.00020669782512176835,0.0002846512907825742,0.011001117244903701,False,True,0.13000000000000425,-0.07964315855335559,-4.246603069191224e-15,0.08035684144664441
2011-02,AllLayersReference,0.031059689627031838,0.03113001410505923,1.8756200576049886,0.0,0.020092708007826126,6.027812402347838e-05,1.0046354003913074e-05,3.660081498918968e-18,0.5642602844201944,0.4357397155798056,1.9492610396485604e-18,0.010167403822067322,0.001408333333334001,0.00022732464311004015,7.03259782447224e-05,0.00916558653404556,False,True,0.1300000000000308,-0.08331428964942784,-3.0808688933348094e-14,0.07668571035057216
2011-03,AllLayersReference,-0.00426559261154673,-0.0041928568966580464,1.8676194265452,-0.004265592611546687,0.020782266248046306,6.234679874413892e-05,1.0388916144544956e-05,4.433958956346805e-06,0.5295267890721564,0.4704687769688872,0.0,0.010692268102181574,0.0014083333333340046,0.00026627585759315936,7.27373820240568e-05,0.009649088195897356,False,True,0.13000000000003098,-0.09145554680585029,-3.097522238704187e-14,0.06854445319414972
2011-04,AllLayersReference,0.03211450150083694,0.03222209578658327,1.9275970934219777,0.0,0.030741224498951874,9.222367349685562e-05,1.5370612249475917e-05,7.618858549931581e-19,0.5058120539037948,0.4941879460962052,3.07472959853311e-19,0.010946221412574923,0.0014083333335033368,0.00029316667576691473,0.00010759593846525878,0.00984129213159108,False,True,0.1300000000078463,-0.09701181894546185,-7.846306937508984e-12,0.06298818105453816
2011-05,AllLayersReference,0.001051607987922816,0.0013328795592591714,1.929624169922917,0.0,0.08036330609610155,0.00024108991828830466,4.018165304805073e-05,2.184268652557114e-06,0.571450169260649,0.4285476464706986,2.775557561562892e-17,0.011541327073639685,0.0014083333333348848,0.00020818357760882578,0.0002812733984002378,0.010347703430963178,False,True,0.13000000000007159,-0.07811683382671361,-7.158162951270697e-14,0.08188316617328639
2011-06,AllLayersReference,-0.016572489158905135,-0.016475334655967958,1.897645494286108,-0.01657248915890519,0.027758429410622315,8.327528823186694e-05,1.387921470531109e-05,8.572360403385934e-07,0.547847301129036,0.4521518416349236,2.825515163856525e-17,0.01134105966010085,0.0014083333499898176,0.00023167017145089163,9.715652132525373e-05,0.010308066292329797,False,True,0.1300000007687608,-0.08337155339658607,-7.687608050144235e-10,0.07662844660341393
2011-07,AllLayersReference,0.03716547215553622,0.03725718540683466,1.968172385065077,0.0,0.026204221346049834,7.86126640381495e-05,1.3100587260294186e-05,3.901354935046878e-06,0.5313992717765289,0.46859682686853615,0.0,0.011146593654905229,0.0014083333333425238,0.00025203692346995407,9.171499122861106e-05,0.010098675073535401,False,True,0.13000000000042417,-0.0870285294007697,-4.2416070655804106e-13,0.0729714705992303
2011-08,AllLayersReference,0.05522616422263955,0.05546724437453051,2.076866996421145,0.0,0.0688800844411732,0.00020664025332351962,3.443989856743715e-05,0.06888387376699864,0.5143636662851219,0.41675245994787946,1.8787476502643536e-18,0.011365433231935323,0.0014083333363555954,0.00017993321890082437,0.00024108278163819115,0.01024025056321851,False,True,0.130000000139489,-0.05421641913148524,-1.394890036809926e-10,0.10578358086851476
2011-09,AllLayersReference,-0.015320213400496031,-0.014713951290143213,2.045048950831526,-0.015320213400495941,0.17321774581509095,0.0005196532374452729,8.660887290754544e-05,0.18789213282065337,0.535973390924476,0.27613447625487064,0.0,0.01122374065718406,0.0014083333459605615,0.00010855415375431336,0.0006062636103822965,0.00980475622006717,False,True,0.13000000058279515,-0.033036177829407584,-5.827951454762115e-10,0.12696382217059243
2011-10,AllLayersReference,0.015284889022634827,0.015364816443581524,2.0763072970908416,-0.0002694921394907901,0.022836405984770297,6.85092179543109e-05,1.1418202992385162e-05,0.1847869158789428,0.5545385770008519,0.2606745071202054,0.0,0.010795372988346043,0.0014083333453508646,0.000100717367086618,7.992892112185517e-05,0.009910560027462137,False,True,0.1300000005546553,-0.03163232177809213,-5.546552939161842e-10,0.12836767822190787
2011-11,AllLayersReference,0.022664609483726436,0.02279758787317833,2.123365991147617,0.0,0.03799382555768344,0.00011398147667305033,1.8996912778841737e-05,0.19796837097471942,0.5181849343005015,0.2838466947247792,7.287911182845403e-18,0.010609601146127436,0.0014083333333420683,0.000118815155733355,0.0001329798896112662,0.009653639434111782,False,True,0.13000000000040315,-0.0347749312437403,-4.0314973581700997e-13,0.12522506875625972
2011-12,AllLayersReference,-0.03128384882491732,-0.031184068051000317,2.0569389304805843,-0.031283848824917304,0.031250942989765045,9.375282896929514e-05,6.027944947703918e-06,0.21578115280740226,0.47880143601822156,0.30541741117437626,0.0,0.012074050164759872,0.0014083333339774435,0.00014058561775603498,9.978227406301789e-05,0.011129515605952097,False,True,0.13000000002972817,-0.038688893561375025,-2.972816437463166e-11,0.12131110643862497
2012-01,AllLayersReference,0.04050595227246045,0.04063135092130146,2.140257200625997,0.0,0.04179935886840193,0.00012539807660520578,5.722358052139072e-10,0.25536936971328167,0.45426516770005115,0.29036546258666723,1.9574260834747578e-18,0.0111244608610469,0.0014083333333496173,0.00017547697055464876,0.00012540089954895929,0.010119416324268483,False,True,0.13000000000075157,-0.047316329317636976,-7.515654765199997e-13,0.11268367068236303
2012-02,AllLayersReference,0.004771820642087818,0.004771827951027896,2.150470124115321,0.0,2.129546773338433e-06,6.3886403200153e-09,9.202997578727757e-10,0.2633029482100317,0.43850026416934196,0.29819678762062635,1.7763948601377574e-18,0.010028330087418241,0.0011336065510689016,0.00018461109033754205,1.0779758503477774e-08,0.009276904941787744,False,True,0.11663309398634171,-0.04905544674000411,0.013366906013658295,0.11094455325999589
2012-03,AllLayersReference,-0.004759554339398912,-0.004759550887182612,2.1402348447043402,-0.004759554339398897,9.86347514247977e-07,2.959042542743931e-09,4.931737570823538e-10,0.27347812605679206,0.4372595263520757,0.2892623475911322,1.898367492812986e-18,0.009347347098316833,0.0010220298767956875,0.0001856297464013765,7.75295640049201e-09,0.008650694660561212,False,True,0.11074456429797469,-0.048430914812026174,0.019255435702025314,0.11156908518797383
2012-04,AllLayersReference,0.002395260096695149,0.0023952655548016783,2.1453612638254174,-0.002375694613290791,1.559459008357299e-06,4.678377025071897e-09,7.797295041994657e-10,0.27417857223624875,0.4396315553933382,0.28618987237041305,2.957615094834302e-17,0.009260622439431723,0.0007655313402197554,0.00018217338115016272,9.076043796787499e-09,0.008695674312127886,False,True,0.09584558457559256,-0.04855404186125191,0.03415441542440745,0.1114459581387481
2012-05,AllLayersReference,-0.023886148119644412,-0.02371727445410493,2.0941168469075357,-0.026205096539515194,0.0562911754244592,0.0001688735262733776,1.3926610191356416e-10,0.32890689289236,0.3855094362059478,0.2855836709016922,3.855812845429244e-19,0.010239390663791939,0.0007203343048804132,0.00023142790688540253,0.00016887668463291775,0.009478918919833412,False,True,0.09297317709191699,-0.060963307152540086,0.03702682290808301,0.09903669284745992
2012-06,AllLayersReference,-0.012011308396939644,-0.011659339382886064,2.0689637636401024,-0.037901647440347186,0.11723360253630416,0.0003517008076089125,2.6820644466815664e-07,0.4261190629107606,0.2815301526694756,0.2923507844197638,0.0,0.011809308278032797,0.0014083333346930984,0.0003667043630663984,0.00035197051593063904,0.010386466731689211,False,True,0.1300000000627584,-0.08800411018153294,-6.275838182467908e-11,0.07199588981846707
2012-07,AllLayersReference,0.012731443135139103,0.012849097970231831,2.0953046581455497,-0.02565274697432307,0.0362784943491705,0.0001088354830475115,8.81935204521555e-06,0.41761364465383694,0.321689376172159,0.2606969791740042,1.3307734634312313e-17,0.011337247978832905,0.00140833335379627,0.0003334669349603113,0.00011765633521033047,0.010181958031764127,False,True,0.13000000094444322,-0.0886141087139248,-9.444432180760742e-10,0.0713858912860752
2012-08,AllLayersReference,0.02127846472879406,0.021367894663652284,2.1398895244099774,-0.0049201333172188555,0.02980986983030596,8.942960949091787e-05,3.2536730482772606e-10,0.38451153916420067,0.3538451534393442,0.26164330739645514,3.608895723703996e-19,0.011487641405322008,0.0014083333447720676,0.0002838217886451903,8.94325196124366e-05,0.010410220424678348,False,True,0.13000000052794158,-0.07714648707213494,-5.279415793424391e-10,0.08285351292786507
2012-09,AllLayersReference,0.030747861181778583,0.03115595065296929,2.205686550450878,0.0,0.13602980917157345,0.00040808942751472034,4.367598791003248e-11,0.5161298812060386,0.21269511061097565,0.2711750081829858,1.1224893480360105e-18,0.013323152659316426,0.00140833333805106,0.000492384833421906,0.00040809280411365097,0.011718508352755338,False,True,0.13000000021774122,-0.12480707272481448,-2.177412139481305e-10,0.035192927275185526
2012-10,AllLayersReference,-0.03629394757306872,-0.036083042059364606,2.1256334784261908,-0.03629394757306881,0.060258766817343476,0.00018077630045203042,3.0129213252077573e-05,0.46359894276574914,0.2067330499471219,0.32966800728712903,4.568527553569498e-18,0.012914603377582878,0.0014083333408882403,0.0004291949535691078,0.00021090808774416487,0.011570333665825485,False,True,0.130000000348688,-0.09702659247963931,-3.4868799514420346e-10,0.0629734075203607
2012-11,AllLayersReference,-0.001541525178935155,-0.0015316258578412997,2.1223567608980094,-0.037779524717976964,0.00282837745538725,8.48513236616175e-06,1.4141887276935815e-06,0.4544285444560403,0.21538734931401218,0.3301841062299474,1.5876383428579457e-18,0.01315505757278742,0.001408333336041557,0.00042592460231866104,9.90102281837074e-06,0.01201506527962961,False,True,0.13000000012499494,-0.09399525587554451,-1.2499493107220871e-10,0.06600474412445549
2012-12,AllLayersReference,0.01987317677746432,0.01989060656443238,2.164534731992182,-0.01865714711380162,0.005809812319865549,1.7429436959596648e-05,3.50008462573248e-10,0.47131799800674007,0.20990793587527773,0.31877406611798226,0.0,0.012621099823809538,0.0014083333333333563,0.0004400589625686251,1.743232852294355e-05,0.011459441866051292,False,True,0.13000000000000106,-0.1008176516572098,-1.0547118733938987e-15,0.05918234834279021
2013-01,AllLayersReference,-0.0098650679442795,-0.009624968348202211,2.1431814497933264,-0.028338161034157094,0.08003315849870153,0.0002400994754961046,1.2058118392666017e-10,0.5647633319838493,0.12562765537783413,0.3096090126383165,0.0,0.013213951351432511,0.0014083333341597557,0.0005985134595764398,0.00024010267110868863,0.011671168553667505,False,True,0.13000000003814258,-0.13104266150513635,-3.814257243384134e-11,0.02895733849486365
2013-02,AllLayersReference,0.0025155052202975514,0.0025649162444652575,2.1485726339183264,-0.025893940605874577,0.016470237605382583,4.941071281614775e-05,3.113515583963332e-10,0.5706602670062033,0.11104965542489402,0.3182900775689027,2.2399892523754573e-20,0.012106198971184846,0.0014083333334900222,0.0006092998322026569,4.941363491635974e-05,0.01074331883732082,False,True,0.13000000000723178,-0.13196543272178995,-7.231770737803345e-12,0.02803456727821005
2013-03,AllLayersReference,-0.002580952165652364,-0.0023369436282130226,2.1430272707257534,-0.028408061749442992,0.08133593711344933,0.00024400781134034798,7.260989934578622e-10,0.509279176913849,0.19291561124290132,0.29780521184324954,1.8322641197874235e-18,0.010646289601712608,0.0014083333350838085,0.00047544417400375606,0.00024401065946450567,0.009222668100702443,False,True,0.13000000008079116,-0.11278551991691035,-8.079115154657757e-11,0.04721448008308965
2013-04,AllLayersReference,-0.039765182664437286,-0.03967372670312522,2.0578093998504734,-0.06704359264927107,0.026130384136421256,7.839115240926377e-05,1.3064808902804482e-05,0.5284818168839014,0.19450578868363058,0.27701239443246806,0.0,0.011698311374830187,0.0014083333333333352,0.000492788719478772,9.145820168216566e-05,0.010409897787002582,False,True,0.1300000000000001,-0.12258622436730454,-8.326672684688674e-17,0.03741377563269546
2013-05,AllLayersReference,0.0008996539732473826,0.0012473678616518947,2.0596607162532345,-0.06620425471053137,0.10472469799722611,0.00031417409399167834,3.353979441283379e-05,0.4940351197093811,0.30810172396371116,0.19786315632690776,2.9845060312717463e-17,0.01094757985003953,0.001408333333340129,0.0004078055450572201,0.0003477153884465043,0.009487892249865742,False,True,0.13000000000031364,-0.12218797987995685,-3.136380044566067e-13,0.03781202012004316
2013-06,AllLayersReference,-0.061969245212271915,-0.06195032131605884,1.9320250962736543,-0.12407087222855062,0.005407533465018906,1.622260039505672e-05,2.701295818015205e-06,0.5094694311582465,0.3053269024018856,0.18520366643986805,0.0,0.009797010394676193,0.001408333333339976,0.0004259247872125241,1.892554677995636e-05,0.008647993394013726,False,True,0.1300000000003066,-0.1303428201663533,-3.06588088250237e-13,0.029657179833646713
2013-07,AllLayersReference,0.025816222991060584,0.02620629848345838,1.9819026869833802,-0.10145769054163778,0.1273734252125201,0.0003821202756375603,7.955216760234156e-06,0.38818254050430767,0.449734052074514,0.16208340742117827,7.825070361236518e-17,0.008171002198367569,0.0014083333333372546,0.00026208105049784457,0.0003900769924732631,0.006814677488727834,False,True,0.13000000000018097,-0.09127411671637259,-1.8096635301390052e-13,0.06872588328362741
2013-08,AllLayersReference,0.011346554958483702,0.011446445137399583,2.0043904547436036,-0.09126233084484558,0.028545115876029106,8.563534762808732e-05,1.4254831287793438e-05,0.4199964610943845,0.4400757077713979,0.1399278311342177,3.248385603473597e-19,0.0075373479480989256,0.001116036378894745,0.00029601615441623844,9.989170012761377e-05,0.006583421904107702,False,True,0.11572569527437257,-0.1052272171359641,0.014274304725627435,0.054772782864035904
2013-09,AllLayersReference,0.004677757640837617,0.004677774205974268,2.0137665075085027,-0.08701147626943795,5.339842966314846e-06,1.6019528898944538e-08,5.456077523530161e-10,0.4201103493643732,0.43655209754245095,0.14333755309317592,2.8072100963034204e-17,0.007553823837810541,0.0009168164864933003,0.00029387658674398845,1.9156334429822962e-08,0.006801519851485472,False,True,0.10488945532282834,-0.10483195602349732,0.025110544677171664,0.055168043976502684
2013-10,AllLayersReference,0.012043442746907858,0.012043444878694503,2.038019189147322,-0.07601595125530503,6.664020112401411e-07,1.9992060337204235e-09,1.3258061215549704e-10,0.43450735955717373,0.4364967124853709,0.12899592795745538,2.6129673076149695e-17,0.007411686543138965,0.0012484927236213863,0.00030787544000816786,6.987913264547743e-09,0.00647955775340684,False,True,0.12240062370534162,-0.11172628481464056,0.007599376294658386,0.048273715185359445
2013-11,AllLayersReference,-0.004699087408914673,-0.004699086858295741,2.0284423588364735,-0.08035783306479916,1.5959544701072558e-07,4.787863410321767e-10,7.183259133348307e-11,0.4402185961013973,0.43222189045605064,0.12755951344255206,2.3991685739180893e-17,0.007085589966855334,0.0010535313290903658,0.00031272417728996283,6.539707501598038e-09,0.0062460935853126875,False,True,0.11243832064329487,-0.1099111793950069,0.017561679356705134,0.0500888206049931
2013-12,AllLayersReference,-0.003938303384485747,-0.003938302310094744,2.0204537374294333,-0.0839796629233559,3.06968858089514e-07,9.20906574268542e-10,1.534844290343522e-10,0.4472667733435715,0.4326169707193543,0.1201162559370743,2.334542258211029e-17,0.006548769421821472,0.0011041456958702268,0.00031853964142620144,6.6274210081726815e-09,0.005678150305039149,False,True,0.11510755123119734,-0.11373266405683564,0.014892448768802663,0.04626733594316436
2014-01,AllLayersReference,-0.015039387043738856,-0.015039380062113354,1.9900673516682634,-0.09775604731258769,1.994750143686627e-06,5.984250431059881e-09,9.973750718771016e-10,0.4443805376037705,0.4371102511028461,0.11850921129338342,7.557310402139827e-23,0.006739977110724855,0.0011126851404969526,0.0003105904529491275,1.0679927565596614e-08,0.0058730334075996855,False,True,0.11555181385838749,-0.11300421192010113,0.014448186141612515,0.046995788079898876
2014-02,AllLayersReference,0.017659644754962758,0.01765964524674057,2.0252112341371746,-0.08182273962581454,1.5296170023659826e-07,4.588851007097948e-10,3.289271262307792e-11,0.4286246017486609,0.44502041217039867,0.12635498608094045,7.398133182089906e-22,0.006445318597248612,0.0010409255392636845,0.0002881714343610169,6.52745854014828e-09,0.005636677865797213,False,True,0.11176361872793943,-0.10591861765200954,0.01823638127206058,0.05408138234799047
2014-03,AllLayersReference,-0.0038104298554759827,-0.003810428043673686,2.017494308786973,-0.08532138967136349,5.519497927597432e-07,1.6558493782792296e-09,1.5595291857906133e-10,0.42765675693298305,0.4399585820039809,0.132384661063036,1.6288690132594637e-21,0.006328323735777128,0.0009832550548642452,0.0002851716448385448,6.850956500877803e-09,0.00555151771254996,False,True,0.10862348115564582,-0.10469521541290092,0.02137651884435418,0.05530478458709909
2014-04,AllLayersReference,-0.005528427924784779,-0.005528423266034046,2.006340736912181,-0.0903781244429076,1.409297515686525e-06,4.227892547059575e-09,4.308581857681571e-10,0.4316229287596154,0.4424838024360861,0.12589326880429855,1.6785927433825411e-21,0.005989211018749014,0.0009195221914256241,0.00028642188397189246,8.442337554520689e-09,0.005243019596726755,False,True,0.10504411595661839,-0.10706433633970325,0.024955884043381615,0.052935663660296756
2014-05,AllLayersReference,0.007471551776072725,0.007471566424299948,2.021331215608464,-0.08358183750303438,4.3191555143609625e-06,1.2957466543082888e-08,1.6907606798857734e-09,0.43115183841737276,0.446374888345581,0.12247327323704636,4.159654517735657e-21,0.005531511364639363,0.0009072043718601422,0.0002823785179680807,1.725891752153328e-08,0.00479551340182369,False,True,0.10433816397810394,-0.10751907530547644,0.02566183602189606,0.05248092469452356
2014-06,AllLayersReference,0.008595624834783787,0.008595630385248425,2.038705820404672,-0.07570465078642852,1.6724020746525256e-06,5.0172062239575766e-09,5.332584149184119e-10,0.4362567498139001,0.44677373093879746,0.1169695192473024,3.729003247625063e-22,0.005605294402645874,0.000922666639597,0.0002855498366877854,9.100709888964555e-09,0.0048584021454497,False,True,0.10522356996017575,-0.11039030952198292,0.024776430039824257,0.04960969047801708
2014-07,AllLayersReference,0.016332160186755658,0.016332163190068943,2.072002290437192,-0.060608911083199324,9.789592941081282e-07,2.9368778823243845e-09,6.643540199219311e-11,0.4307914297776844,0.4465578447593757,0.1226507254629399,3.8103594402677677e-22,0.005636003535773335,0.0009035042398699041,0.00027621544707914563,7.58156522356198e-09,0.004908028387194014,False,True,0.10412516928408255,-0.10735604080059516,0.025874830715917452,0.052643959199404844
2014-08,AllLayersReference,-0.008070876972729173,-0.008070863000341698,2.0552794148638602,-0.06819062099112494,4.455061983356207e-06,1.3365185950068621e-08,6.072015258996537e-10,0.4384130296052088,0.4416745076482326,0.11991246274655859,2.7412738986107614e-17,0.005189659974756797,0.0008528007665334134,0.00028338796993600653,1.6582316578400145e-08,0.004479855039237505,False,True,0.10116130287022286,-0.11060630903733135,0.028838697129777144,0.04939369096266866
2014-09,AllLayersReference,-0.01016147265982126,-0.010161467091492172,2.034394749281428,-0.07765917652008858,1.8539763120966496e-06,5.561928936289949e-09,6.400151561570182e-12,0.43653205670005224,0.44743570627061957,0.11603223702932819,8.183170128897486e-17,0.0046602934912056745,0.0007795561906680492,0.00027788741400353885,9.802696867409312e-09,0.003992618179171243,False,True,0.09671956517694127,-0.10639531591819319,0.03328043482305873,0.05360468408180681
2014-10,AllLayersReference,-0.010599634545013267,-0.010599624632546795,2.012830908418751,-0.08743565217492211,3.296461973306536e-06,9.889385919919608e-09,2.308055233031797e-11,0.42550371233979045,0.4577610437815448,0.11673524387866446,1.1190783705987197e-16,0.004677554400947702,0.0009278184739585338,0.00026143130586494314,1.3770315659316518e-08,0.003952200087787832,False,True,0.10551692607113991,-0.10252822256371492,0.024483073928860094,0.05747177743628508
2014-11,AllLayersReference,0.011494962851170087,0.011494966463922753,2.0359683249367113,-0.07694575889737065,1.0322150475610768e-06,3.0966451426832307e-09,5.161075237320379e-10,0.4207096326556905,0.4658666803360202,0.11342368700828924,1.2714092869964012e-16,0.004965638321416415,0.0007460336155833434,0.0002530316914309733,7.933521476197995e-09,0.004339581888672294,False,True,0.09461714108447856,-0.10149450922815709,0.03538285891552144,0.058505490771842916
2014-12,AllLayersReference,-0.010405319752806414,-0.010405315097147207,2.0147834235091593,-0.0865504334252275,1.3392794514650128e-06,4.017838354395039e-09,6.378208530639183e-10,0.41984356955637075,0.46258737509661046,0.11756905534701871,1.0784228444617362e-16,0.004786374865111936,0.0007330282670224765,0.00025031067881969973,8.751941344932438e-09,0.004169541300839652,False,True,0.09378880105998647,-0.10045276182660295,0.03621119894001354,0.05954723817339705
2015-01,AllLayersReference,0.027503763325919396,0.02750376670777131,2.070197549942341,-0.06142713273599132,9.932330376008949e-07,2.9796991128026847e-09,4.021527999012911e-10,0.4142408314031223,0.4677721010085452,0.11798706758833247,8.629528332960576e-17,0.004821681163974713,0.0009140138636712028,0.00024193725661226948,7.707328428727896e-09,0.004122729268198413,False,True,0.10472901395532393,-0.09846783215354904,0.025270986044676078,0.061532167846450964
2015-02,AllLayersReference,-0.0025602043497610105,-0.002560202817171598,2.064897421170114,-0.06383007107332828,4.518225237629384e-07,1.3554675712888152e-09,1.7712184164494856e-10,0.4133118529798258,0.46170112422580506,0.12498702279436913,7.771305484100085e-17,0.0056456447782365525,0.0007303714402394318,0.0002400338091073763,6.774907393904941e-09,0.005040418474102066,False,True,0.09361868020258127,-0.09688455310243542,0.03638131979741874,0.06311544689756458
2015-03,AllLayersReference,0.011273907432502017,0.011273908219397444,2.088176883553998,-0.0532757779535169,2.248272648816933e-07,6.744817946450799e-10,1.1241363245127406e-10,0.4182330201391718,0.4619502617540644,0.11981671810676371,7.669365599845413e-17,0.005131725246549979,0.000629162132866353,0.00024280073977020876,6.576939552770764e-09,0.004574336863407041,False,True,0.08689042291528011,-0.09949870788582794,0.043109577084719894,0.06050129211417206
2015-04,AllLayersReference,0.009323304634748411,0.00932330754055275,2.107645592770612,-0.044449179626282254,8.533874539667509e-07,2.560162361900253e-09,3.4564197602675253e-10,0.4203937968332722,0.462241278854569,0.11736492431215877,9.930887017784682e-17,0.005860855368938258,0.0007901214267230645,0.00024272968495505723,7.422892107299257e-09,0.005223057547729561,False,True,0.09737277402167803,-0.10067688429856422,0.032627225978321975,0.05932311570143578
2015-05,AllLayersReference,-0.0032984282996422814,-0.0032984261390487488,2.100693674901801,-0.04760099549394936,6.17312437826998e-07,1.851937313480994e-09,3.0865621896555074e-10,0.43475162796799816,0.4544426813282666,0.11080569070373511,5.85394367011467e-17,0.005184540867947169,0.0007377635849988823,0.00025738626590969126,6.992238170619201e-09,0.004558265817299866,False,True,0.09409124837085853,-0.10672683491941148,0.03590875162914148,0.05327316508058852
2015-06,AllLayersReference,-0.016893483691237395,-0.016893483691237395,2.0652056405645616,-0.06369033254412315,0.0,0.0,0.0,0.4243440573188331,0.45806545384239283,0.11759048883877389,6.089906965358677e-17,0.0052400672884421705,0.0009264429264153332,0.00024328004204785428,6.5e-09,0.00453355928318665,False,True,0.10543867941597143,-0.10198026837723018,0.024561320584028573,0.05801973162276983
2015-07,AllLayersReference,-0.014359628998904262,-0.01435962670666288,2.03555005375961,-0.07713539199687702,6.549261095112616e-07,1.964778328533785e-09,3.2746305475564484e-10,0.4176748890223118,0.46508624983039865,0.11723886114728947,5.972298898044712e-17,0.00447882687793766,0.0006503732027200615,0.00023542355324796658,7.052034151418811e-09,0.003918209671295511,False,True,0.08834295915714357,-0.09580466887566254,0.04165704084285643,0.06419533112433747
2015-08,AllLayersReference,-0.010514201141671148,-0.010514196580270902,2.014147871060442,-0.08683857611195134,1.5007342401631692e-06,4.5022027204895074e-09,5.919752475014155e-11,0.4106047439706335,0.4737623513998783,0.11563290462948823,7.705288525246177e-17,0.0032258183211287643,0.0009450554143560363,0.00022636008696103892,8.7782356341638e-09,0.002526921748754073,False,True,0.1064925582952745,-0.09374962911782653,0.023507441704725504,0.06625037088217348
2015-09,AllLayersReference,0.01000212168727271,0.010002123916199203,2.03429362316295,-0.07770502443009963,7.348315278072137e-07,2.204494583421641e-09,2.443190878779421e-11,0.3940866301554224,0.4817050357310944,0.12420833411348321,7.987236083372461e-17,0.004467394253964642,0.0010124903337508314,0.00020805244365724085,7.182818213193022e-09,0.003753089460613772,False,True,0.11022651226002743,-0.08686182210189763,0.019773487739972576,0.07313817789810237
2015-10,AllLayersReference,0.021038733167037936,0.021038735851841364,2.077092583884082,-0.058301106537784864,8.159024157961345e-07,2.4477072473884034e-09,2.370961797725982e-10,0.39870580581697446,0.48099440376256997,0.12029979042045567,7.751447298213223e-17,0.00496166199096683,0.0011218162564115145,0.00021056450997883905,7.234551616999239e-09,0.004190182118230617,False,True,0.11602497609109072,-0.08895468287429353,0.013975023908909284,0.07104531712570647
2015-11,AllLayersReference,-0.014799913150956367,-0.014799910441021958,2.046351794036102,-0.07223816837537744,8.461116719066675e-07,2.5383350157200024e-09,1.7159939218196367e-10,0.41313411075473044,0.47173277622981985,0.11513311301544979,7.074730457392079e-17,0.00476138494396342,0.0008717884818714415,0.00022428259363461476,7.258405307508217e-09,0.004101200850987777,False,True,0.10228128754790536,-0.09467944585583116,0.027718712452094646,0.06532055414416885
2015-12,AllLayersReference,0.0017686224351395787,0.0017686272589757237,2.0499710177292223,-0.0705973079854999,1.5280609879029173e-06,4.584182963708752e-09,2.396531812096581e-10,0.4120413116646796,0.47607322822510617,0.11188546011021426,6.411771829707184e-17,0.003847602105796243,0.0008924937587003882,0.00022235021559061793,8.630800814435854e-09,0.0031789963800546166,False,True,0.10348876801085545,-0.09490455506807259,0.026511231989144554,0.06509544493192741
2016-01,AllLayersReference,0.0019407324865219197,0.0019407359731730086,2.053949463079758,-0.06879358598804641,9.961860254065452e-07,2.9885580762196357e-09,4.98093012710224e-10,0.4063736913365182,0.47949047363926905,0.11413583502421284,5.649528482105588e-17,0.003868455153637241,0.0009515740748440812,0.00021438192425345703,7.793602495296051e-09,0.003178278398359248,False,True,0.10685920127966976,-0.0926157423714582,0.023140798720330244,0.0673842576285418
2016-02,AllLayersReference,0.028792639919489785,0.02879264336151828,2.1130880903830427,-0.041981695018680876,1.0111906240080746e-06,3.0335718720242236e-09,4.084566242975161e-10,0.39522303026748584,0.48275437943526417,0.12202259029725003,6.277301836519266e-22,0.003880778055826316,0.000961241919964967,0.00020186430266836924,7.743784428839161e-09,0.0031982850493910346,False,True,0.10740066591776609,-0.0875687538004525,0.022599334082233913,0.07243124619954751
2016-03,AllLayersReference,-0.0008515860543779237,-0.0008515850746782967,2.1112886140336005,-0.04279753004704179,3.028572378160902e-07,9.085717134482706e-10,7.112791355901007e-11,0.3933412552546437,0.4724311956842573,0.13422754906109896,0.0,0.004884702269348309,0.0008684456317767778,0.00020102532454384755,6.606639701587435e-09,0.004249447522276371,False,True,0.10208500174521884,-0.08542236289193154,0.027914998254781165,0.07457763710806846
2016-04,AllLayersReference,0.007911706689151013,0.007911707479906362,2.1279925102839785,-0.0352244248626431,2.6257888516983063e-07,7.877366555094919e-10,3.0186934688126586e-12,0.40530285235960983,0.47349988433610984,0.12119726330428036,2.7737616605628433e-17,0.004674767534674532,0.0007244430773393776,0.00020923564922528174,6.5994590207683206e-09,0.0041033037473205405,False,True,0.09323795862240085,-0.0909776620011379,0.036762041377599156,0.06902233799886211
2016-05,AllLayersReference,-0.004866193833819401,-0.004866192751944222,2.117637286252021,-0.03991920981739594,3.4934280906948455e-07,1.0480284272084536e-09,3.3846751401587873e-11,0.40089446666359235,0.47063594885048377,0.1284695844859239,6.064322028604725e-17,0.005227744961766751,0.000609484674210696,0.00020432320215349776,6.651832770462231e-09,0.004718672770675134,False,True,0.08552085178790231,-0.08525561960529406,0.0444791482120977,0.07474438039470595
2016-06,AllLayersReference,0.018967565628038384,0.018967570558709308,2.1578037104553873,-0.02170881442138839,1.6046599933817104e-06,4.813979980145131e-09,1.1669094546200876e-10,0.3999670795374765,0.47434649680546875,0.1256864236570548,6.53711446998581e-17,0.005729375686271271,0.0006151701682586498,0.0002012268482891719,8.93563202421513e-09,0.0052205548182207495,False,True,0.08591881062435512,-0.08529417987972746,0.04408118937564488,0.07470582012027255
2016-07,AllLayersReference,0.012434267036808007,0.012673998958628009,2.184634418004205,-0.00954448058014834,0.07991058803049506,0.00023973176409148518,1.5772851797130693e-10,0.4755921553304301,0.3927991989067159,0.13160864576285408,1.1283678917197093e-18,0.007260193594847264,0.0011318426059891994,0.0002899274193849491,0.00023973488807814587,0.00616460998438957,False,True,0.1165423153702997,-0.10811608044745903,0.013457684629700303,0.05188391955254097
2016-08,AllLayersReference,0.0011197733296553702,0.001472329005308974,2.1870807133605332,-0.008435394905292104,0.11751851350556543,0.0003525555405166963,1.351369074286011e-10,0.6023513261996459,0.27145596569745245,0.1261927081029016,1.7626322574704837e-18,0.008238187401086002,0.0013696664174610773,0.00047691862800530965,0.0003525587068792791,0.006723876857470874,False,True,0.12820295242127977,-0.1599999999079591,0.0017970475787202345,9.20409026772262e-11
2016-09,AllLayersReference,0.009116699767386433,0.009132400726598199,2.2070196715912824,0.0,0.0044859883462188355,1.3457965038656507e-05,2.2429941731094476e-06,0.6030684475694873,0.2697663844591249,0.12716516797138794,1.360481441523708e-19,0.008063211404835147,0.0012269533375623169,0.00047445052125972734,1.570276717186562e-05,0.006959581447622395,False,True,0.12134018316595621,-0.1600000009023237,0.008659816834043793,-9.023236879901475e-10
2016-10,AllLayersReference,-0.0073538264153667965,-0.007117417592996139,2.1907896320311004,-0.007353826415366749,0.07267621038660403,0.0002180286311598121,1.838019121084465e-05,0.5333862676250762,0.3045789022795753,0.16203483009534855,2.394774313715027e-18,0.007799297564376908,0.0014083333334506565,0.0003685686200613682,0.00023641032242906185,0.006490151955161149,False,True,0.13000000000541492,-0.12302873704217,-5.414918513579892e-12,0.03697126295783
2016-11,AllLayersReference,-0.017156374632782592,-0.016988984453694032,2.1532036243623587,-0.024384036047182978,0.05579658284844098,0.00016738974854532294,4.305432378122802e-10,0.5868674546470933,0.24724373529812835,0.16588881005477832,9.60551779241996e-19,0.007197138550528309,0.0014083333333671274,0.0004482502822528476,0.00016739259623779187,0.005877329005354107,False,True,0.13000000000155973,-0.14309154175153171,-1.5597245717202668e-12,0.01690845824846829
2016-12,AllLayersReference,0.020585684802432808,0.020819230062046307,2.197528795488938,-0.004300313325028671,0.07784837866564967,0.00023354513599694901,1.2361655223005253e-10,0.517173220474434,0.3254879929268824,0.15733878659868356,0.0,0.005886199194880125,0.0014083333333850196,0.00034172472303908353,0.00023354832538422673,0.004606759479764305,False,True,0.1300000000023855,-0.117990273886546,-2.3855084574364582e-12,0.04200972611345401
2017-01,AllLayersReference,0.0188824078956472,0.018921889868815704,2.2390234305677903,0.0,0.01316058711682766,3.948176135048298e-05,2.1181802134566204e-10,0.5110930018159414,0.33364257436000405,0.15526442382405456,1.189847088954578e-18,0.006331344262628215,0.0014083333333335683,0.0003303316140512475,3.9484798076231325e-05,0.005257361183833952,False,True,0.13000000000001083,-0.11635969714431661,-1.0824674490095276e-14,0.04364030285568339
2017-02,AllLayersReference,0.008432616245061588,0.0084326468644675,2.2579042559214697,0.0,1.001658938876213e-05,3.004976816628639e-08,5.696377442804034e-10,0.5201929274587962,0.32753365529769085,0.15227341724351293,0.0,0.006749917616082234,0.0012432986089463125,0.00033927759154601413,3.3031561010441153e-08,0.005788957688502053,False,True,0.12214574616971215,-0.12004725166914479,0.007854253830287858,0.039952748330855214
2017-03,AllLayersReference,0.017176274057231822,0.017218212745420146,2.2966866382161673,0.0,0.012283644588565642,3.685093376569693e-05,5.087754422627507e-06,0.5084732687148267,0.3276634213181806,0.1638633099669928,9.87809823087965e-18,0.006785876623901034,0.0014083333339502562,0.0003241427400057766,4.194018870342095e-05,0.0057156270282167085,False,True,0.13000000002847337,-0.11092110611043557,-2.8473362556624693e-11,0.049078893889564434
2017-04,AllLayersReference,0.018582736785490127,0.018752673169418053,2.33936536149289,0.0,0.05040870675785045,0.00015122612027355134,1.871026365437567e-05,0.46868674811716315,0.33491719975387224,0.19639605212896463,6.641955916335393e-18,0.0069166238287992786,0.0014083333333571413,0.0002836147538692035,0.0001699378840272735,0.0057589045242242305,False,True,0.13000000000109882,-0.09888282286581059,-1.098815483047133e-12,0.06111717713418942
2017-05,AllLayersReference,0.027409086487205768,0.02752510988776713,2.4034852290112223,0.0,0.038674308694337536,0.00011602292608301261,4.74478350481759e-10,0.5104516853619102,0.2907118603335353,0.19883645430455443,8.270713335396256e-19,0.008145812594811654,0.0014083333334367894,0.00033318474894195586,0.0001160257598728636,0.006992435419278439,False,True,0.13000000000477488,-0.11103850057337288,-4.774874939883489e-12,0.04896149942662713
2017-06,AllLayersReference,0.01138482777236444,0.011555331788279983,2.4308484943969373,0.0,0.04871543311872689,0.00014614629935618068,2.4357716559363475e-05,0.477234445997049,0.2834355056583803,0.23933004834457072,5.717396839957119e-17,0.0076251997934875405,0.0014083333333334994,0.00030822956762397157,0.0001705065712413066,0.006442296987955513,False,True,0.13000000000000766,-0.10587430210788898,-7.66053886991358e-15,0.054125697892111024
2017-07,AllLayersReference,0.004067845527542603,0.004067850830943333,2.4407368105730036,0.0,1.6795903329256898e-06,5.038770998777069e-09,2.6462973132263567e-10,0.48467461284141555,0.280587545442738,0.2347378417158464,0.0,0.007363147065184925,0.0012676727894655661,0.000312284261005829,8.981296830935871e-09,0.006417017428149481,False,True,0.12333723474112265,-0.10700498538420684,0.006662765258877351,0.05299501461579316
2017-08,AllLayersReference,0.004837987334884404,0.004838004405438771,2.452545064350342,0.0,5.667807235154587e-06,1.7003421705463763e-08,6.713266098579111e-11,0.48422111327941786,0.2796726945223657,0.23610619219821646,5.771249855482494e-22,0.007308267709503055,0.001110249734397222,0.0003101227722166052,2.058573076774793e-08,0.0064429994843570705,False,True,0.1154252867129498,-0.10711598299172242,0.014574713287050206,0.05288401700827758
2017-09,AllLayersReference,0.013988265624187465,0.013988282781200298,2.4868519161657647,0.0,5.509305971915235e-06,1.6527917915745703e-08,6.290949174786454e-10,0.47452636707952445,0.2785793245225179,0.2468943083979577,2.775611868776549e-17,0.007903447738093863,0.0013707983206700846,0.00030224494073510653,1.9664081024003272e-08,0.006915783972942691,False,True,0.12825591545048132,-0.10649438033723993,0.0017440845495186874,0.05350561966276007
2017-10,AllLayersReference,0.014632651358573043,0.014969879477911275,2.5232411532354178,0.0,0.10025437210762195,0.00030076311632286584,3.6465003015366525e-05,0.5145292186035245,0.17400353524515186,0.31146724615132365,0.0,0.008839266775564882,0.0014083333336161062,0.0003838707369870471,0.00033722961938687315,0.007413999752382909,False,True,0.13000000001305106,-0.13161541873148544,-1.3051060232527334e-11,0.028384581268514564
2017-11,AllLayersReference,-0.023232784904673322,-0.023027211770858896,2.4646192342596795,-0.023232784904673287,0.060334994796981165,0.0001810049843909435,2.456814942348387e-05,0.47039951599856605,0.1812803671553877,0.3483201168460463,0.0,0.008148355089909966,0.00140833333336719,0.00035646960624515503,0.00020557463391418163,0.006882144183067035,False,True,0.13000000000156262,-0.13619849354023467,-1.5626111515842922e-12,0.023801506459765337
2017-12,AllLayersReference,0.007678114823671208,0.007703082980155057,2.4835428637369543,-0.015733054071173647,0.008322698593312472,2.4968095779937416e-05,6.07039115363417e-11,0.47500655395758223,0.17830701967653115,0.3466864263658866,0.0,0.00795286919963668,0.001408333333338005,0.00036147462093817233,2.497142853437442e-05,0.006862256483495132,False,True,0.1300000000002156,-0.136345859132251,-2.156053113822054e-13,0.023654140867749
2018-01,AllLayersReference,0.02119035127585324,0.02132955959102394,2.536170009428179,0.0,0.04232561580730376,0.0001269768474219113,1.2231467748789054e-05,0.5177461572595066,0.15927719637552668,0.3229766463649668,0.0,0.00833828055383729,0.0014083333333394215,0.00039105612521392265,0.00013920981527128527,0.007103847946682372,False,True,0.130000000000281,-0.13445721198148952,-2.809974475326271e-13,0.02554278801851048
2018-02,AllLayersReference,-0.043094595301428784,-0.043032073728830174,2.4268747892562508,-0.043094595301428784,0.020840452989989905,6.252135896996972e-05,2.1362863966700728e-10,0.5004959200931605,0.17572940888680402,0.3237746710200356,0.0,0.006803308403830766,0.0014083333334495313,0.0003685968428458217,6.252439305720415e-05,0.005668020501202974,False,True,0.130000000005363,-0.1314549034349298,-5.36298783160305e-12,0.028545096565070205
2018-03,AllLayersReference,0.013228872881149736,0.01335925616666402,2.458979607341789,-0.03043581534338613,0.04346081141304019,0.00013038243423912056,8.512751628331206e-10,0.43727901846720335,0.22740430463316175,0.33531667689963496,0.0,0.006043075445095516,0.0014083333333339075,0.00031751330963783106,0.00013038532946200394,0.004891010139328728,False,True,0.13000000000002648,-0.1254121310586183,-2.6478819137309983e-14,0.034587868941381716
2018-04,AllLayersReference,0.0035675541214545375,0.003619651101284209,2.467752150174534,-0.02697684264039968,0.017365578795572933,5.20967363867188e-05,2.434429527960049e-10,0.42684083583637455,0.24317657192814357,0.32998259223548193,8.611011488204899e-19,0.006491003228816171,0.0014083333333337546,0.00030126196994409335,5.209973060631826e-05,0.005433474861598882,False,True,0.13000000000001946,-0.12184850061024453,-1.9456658506555868e-14,0.03815149938975547
2018-05,AllLayersReference,-0.01383610068540063,-0.013836098139931493,2.4336080829581053,-0.04043968901485351,8.208256515040856e-07,2.462476954512257e-09,8.299218200170772e-11,0.43361002730662496,0.24217210742019862,0.3242178652731765,2.864319360854349e-17,0.00624632520653587,0.0012798237958547565,0.0003018268650778735,7.260965798252042e-09,0.005304579182564819,False,True,0.12392693633854214,-0.12077095882853858,0.006073063661457864,0.03922904117146142
2018-06,AllLayersReference,-0.0151684688925514,-0.01516846000714314,2.3966939744550935,-0.05499474974255869,2.9511927313736087e-06,8.853578194120826e-09,3.18300656943381e-11,0.42514709289637803,0.24639536971368445,0.3284575373899375,2.864176905773379e-17,0.006981782508378686,0.0012271382239112962,0.00029572435644614005,1.2761751415454022e-08,0.006072476278225483,False,True,0.12134932503700033,-0.12102682807926704,0.008650674962999677,0.03897317192073296
2018-07,AllLayersReference,-0.00794580339595233,-0.007885397713523434,2.3776503153338098,-0.06250357566924702,0.01725998714773393,5.177996144320179e-05,8.625720985694601e-06,0.4333493840612299,0.2520672105585857,0.3145834053801844,1.3987078620758604e-18,0.007295360632849685,0.0014083333333533698,0.00029401767684542735,6.040727000067495e-05,0.006236769019326897,False,True,0.13000000000092476,-0.11717805507516796,-9.247602683615241e-13,0.042821944924832045
2018-08,AllLayersReference,-0.0014434412870196354,-0.0012811873380399752,2.3742183167025614,-0.06385679671455946,0.04635833772875937,0.0001390750131862781,2.3178935793382302e-05,0.48220640442819285,0.25455257749619753,0.2632410180756096,2.7755575615628914e-17,0.007495889691433229,0.0014083333373320131,0.0003137970865673694,0.00016225640476629307,0.00631566953143356,False,True,0.13000000018455446,-0.11009208170990566,-1.8455445505161094e-10,0.04990791829009435
2018-09,AllLayersReference,0.0028063290725159353,0.0033118902082382553,2.3808811545892237,-0.06122967082714126,0.14829489568681659,0.00044488468706044976,6.0676448661870236e-05,0.6324132073809,0.23162551222576433,0.13596128039333572,0.0,0.008964062608736372,0.001408333333340823,0.0004713508014018052,0.0005055626357634554,0.0072829825049007015,False,True,0.13000000000034567,-0.16000000000011225,-3.456679387170425e-13,-1.1224354778960333e-13
2018-10,AllLayersReference,-0.061869704871372264,-0.06176138487863271,2.2335767402209763,-0.11931111403506711,0.03610635427447978,0.00010831906282343934,9.299161159439517e-10,0.5990606290998057,0.2663904245469541,0.1345489463532401,4.439668177795235e-19,0.008423857443051849,0.0014083333358199137,0.0004168277177080383,0.00010832199637411423,0.007194541061059739,False,True,0.13000000011476523,-0.14683187132448128,-1.1476522510101006e-10,0.013168128675518725
2018-11,AllLayersReference,0.01754691194232224,0.017978173590344884,2.2727691145980526,-0.10385774370445866,0.14237638938837183,0.0004271291681651155,4.1324798575275015e-06,0.41869626603508436,0.4203415424273069,0.1609621915376088,0.0,0.009290753012453594,0.0014083333373276702,0.0002100837566411841,0.0004312631481544957,0.00794523943899408,False,True,0.130000000184354,-0.08182333101792301,-1.8435400428451487e-10,0.078176668982077
2018-12,AllLayersReference,-0.0036123963003775773,-0.0035942007296454644,2.264558971856866,-0.10709496467571267,0.005198886688972976,1.5596660066918926e-05,2.598910665194354e-06,0.4234512451527581,0.4161731641078219,0.16037559073942007,0.0,0.007960608273917034,0.0014083333333408,0.00021338203997038578,1.8197664771075463e-05,0.0070248619025051725,False,True,0.13000000000034462,-0.08393068289549363,-3.446132268436486e-13,0.07606931710450637
2019-01,AllLayersReference,0.04680451231470855,0.047016322359290645,2.3705505501425246,-0.0653029799540118,0.07060334581460428,0.00021181003744381285,7.1382849353707206e-12,0.4837042296527256,0.34928712662305617,0.16700864372421825,0.0,0.008392175658387187,0.0014083333333802265,0.0002804726399891213,0.0002118135162540136,0.0071957228354539386,False,True,0.1300000000021643,-0.1019161754939377,-2.1642965197798958e-12,0.05808382450606231
2019-02,AllLayersReference,-0.0016657422601792035,-0.0016657371389819805,2.366601823911261,-0.06685994428076603,1.4631992065611277e-06,4.389597619683383e-09,7.31599603273625e-10,0.50243650541734,0.3337313736651986,0.1638321209174614,0.0,0.005755900770253832,0.0011596773569202343,0.00030077922816299646,8.761688528182435e-09,0.00487527410194219,False,True,0.11796664055165261,-0.10760174342298419,0.012033359448347394,0.052398256577015814
2019-03,AllLayersReference,-0.008563764582876061,-0.008563755998735949,2.34633480302988,-0.0748511360407973,2.452611460826426e-06,7.357834382479278e-09,1.2263057303646407e-09,0.501198930039953,0.33469644882629096,0.16410462113375596,0.0,0.005163681746612137,0.001256158272022795,0.0002973828419190446,1.2049308618232024e-08,0.004238207719373077,False,True,0.12277580895385515,-0.10722324974621936,0.007224191046144857,0.05277675025378065
2019-04,AllLayersReference,0.012498422167447629,0.012498432254995473,2.3756602859443223,-0.06328823497130076,2.8821565267871627e-06,8.646469580361489e-09,1.441078263455988e-09,0.49349962412391263,0.34060170730709793,0.1658986685689895,5.5337365896480924e-17,0.005484083587145557,0.0013795573223076153,0.0002869468644962017,1.3203721912225593e-08,0.004507344857773636,False,True,0.12866502192783935,-0.10485899028064488,0.001334978072160653,0.05514100971935512
2019-05,AllLayersReference,-0.017636376311326175,-0.017413453772305198,2.3337622471535355,-0.07980843615459343,0.06369236427685859,0.00019107709283057577,3.184544619040242e-05,0.43309071173775515,0.33741588475129713,0.22949340351094774,1.0407794226179913e-18,0.0045590772744478454,0.0009754660697385042,0.00023914083575182,0.00022292450039441646,0.0036092789034323568,False,True,0.10819238807264608,-0.09128155370004438,0.02180761192735392,0.06871844629995562
2019-06,AllLayersReference,0.0358443610130319,0.03584436973456285,2.4174144636590915,-0.046824757538972195,2.5041009962117876e-06,7.512302988635363e-09,1.209227963136493e-09,0.4086258534152378,0.34683998121640747,0.24453416536835476,2.867321412202781e-17,0.005210069732908036,0.001162314006898414,0.00022208414462289482,1.2284168759771304e-08,0.004406816300667175,False,True,0.11810066927321355,-0.08978961167810012,0.01189933072678645,0.07021038832189988
2019-07,AllLayersReference,-0.009049915452362282,-0.009049910954237142,2.3955370671496587,-0.055450912894529525,1.2975737421205986e-06,3.8927212263617955e-09,6.05403912445886e-10,0.420113979453701,0.3364006389791787,0.24348538156712027,2.96155987259201e-17,0.004933654027822797,0.0010105532157533663,0.00023107746066833336,8.603670870617661e-09,0.004197291355606911,False,True,0.11012101792591819,-0.09151607887081772,0.019878982074081814,0.06848392112918228
2019-08,AllLayersReference,0.02236181291693254,0.0223618153258011,2.4491056188808367,-0.034329082917817666,6.882481608516833e-07,2.06474448255505e-09,3.441240804258183e-10,0.40177993532422934,0.3443317586852139,0.2538883059905568,2.924343765941421e-17,0.005148560179673826,0.0009687866473647015,0.00021756176585619504,7.1632812610010634e-09,0.00444659792685402,False,True,0.10782133262196501,-0.0911220362428902,0.02217866737803499,0.0688779637571098
2019-09,AllLayersReference,0.00358949233358244,0.003589493996906692,2.457896664723943,-0.030862814564187713,4.896361623374485e-07,1.4689084870123456e-09,1.944157651811878e-10,0.3831320055656676,0.33895199624929984,0.27791599818503254,2.7296787215676408e-17,0.005767365964724937,0.0010424927663717424,0.00021136867844816134,6.823628922070572e-09,0.005034744079461982,False,True,0.11184772325112796,-0.09510599405038846,0.018152276748872043,0.06489400594961155
2019-10,AllLayersReference,0.002581413972227995,0.00258141556224061,2.4642415135165536,-0.028361070292698076,4.5428931849663843e-07,1.3628679554899153e-09,2.271446593038145e-10,0.40466136328062796,0.33479065601858565,0.26054798070078644,8.304252686622003e-17,0.0052304766731488895,0.000919880829580139,0.00022045970298771624,6.793597505676295e-09,0.0045500697617735985,False,True,0.10506459896159918,-0.09268739409638815,0.02493540103840082,0.06731260590361185
2019-11,AllLayersReference,-0.0002970981389553305,-0.00029709429551500106,2.4635093919489517,-0.028649742410450596,1.0981258084242089e-06,3.2943774252726267e-09,5.490629041981628e-10,0.40840343003090424,0.3305059935063269,0.2610905764627689,8.113298426294785e-17,0.004441645577893359,0.0008464633917186604,0.0002227255419317817,7.953592374644104e-09,0.003795680386509873,False,True,0.10078472454010044,-0.0934608592971967,0.029215275459899562,0.0665391407028033
2019-12,AllLayersReference,0.03371559065541814,0.03371559344646855,2.5465680661836805,0.0,7.974429748758742e-07,2.3923289246276225e-09,3.9872148743786814e-10,0.411923316245616,0.3330999040662176,0.25497677968816645,8.432731784246247e-17,0.004358057751132905,0.00094795627702111,0.0002218406926294357,7.303349485964234e-09,0.0036622316166434288,False,True,0.10665587336969924,-0.09226203566464763,0.023344126630300763,0.06773796433535237
2020-01,AllLayersReference,0.0024408989873711756,0.0024409012000222432,2.5527839815977003,0.0,6.321860192282444e-07,1.8965580576847334e-09,3.1609300962794704e-10,0.42607788627469917,0.32152829668927185,0.25239381703602903,8.650666269756528e-17,0.0044297728752292174,0.001037344747322213,0.00023250966403032814,7.098072264839869e-09,0.0036785837394655175,False,True,0.11157121926315297,-0.09397794217310373,0.018428780736847034,0.06602205782689627
2020-02,AllLayersReference,-0.009436145774905586,-0.00943614479814644,2.5286955398155007,-0.00943614577490548,2.7907404180215954e-07,8.372221254064786e-10,1.3953702081704127e-10,0.40768480682210295,0.3229133190207646,0.26940187415713246,0.0,0.004921172943540613,0.0011616757561180237,0.00022183868916049554,6.610265200787294e-09,0.004118489766055906,False,True,0.11806823905443956,-0.09587107738157806,0.011931760945560449,0.06412892261842194
2020-03,AllLayersReference,-0.0518299981322834,-0.05179145649633651,2.39763325470975,-0.060777068489299535,0.012847114365165752,3.854134309549725e-05,2.9285138863910376e-10,0.3812006568514923,0.3431791046710746,0.27562023847743317,0.0,0.00621813932721503,0.0014083333333553133,0.00020149330354638358,3.854428245682615e-05,0.005273935074534164,False,True,0.13000000000101447,-0.09407757981162106,-1.0144662887512368e-12,0.06592242018837895
2020-04,AllLayersReference,0.04098915333349378,0.04127824051161268,2.495910211824532,-0.022279115735273858,0.08866645904056336,0.0002659993771216901,2.30878009972032e-05,0.30869909859001265,0.44632704199112405,0.24497385941886324,0.0,0.0055780221094937806,0.0014083333388675832,0.00014666780438381453,0.00028908867816665923,0.004438098957509516,False,True,0.13000000025542693,-0.07509842777948347,-2.554269296073386e-10,0.08490157222051653
2020-05,AllLayersReference,0.03419120950607693,0.03419121688066979,2.5812484007853818,0.0,2.182872594347352e-06,6.548617783042056e-09,8.259750802208646e-10,0.31971042378261466,0.43023089546465343,0.25005868075273197,5.55118222223035e-17,0.003925570805625958,0.0012990422151401035,0.0001554349700726965,1.0661934696093266e-08,0.0031206040660485134,False,True,0.12485394099379178,-0.07803430906896847,0.005146059006208223,0.08196569093103154
2020-06,AllLayersReference,0.018491620746948458,0.018491627471325683,2.6289798672663727,0.0,1.952381962100437e-06,5.857145886301311e-09,8.672313396295359e-10,0.32769678659109164,0.41938160650197887,0.25292160690692955,7.306707634887764e-17,0.0041615428944987865,0.0010764605241870664,0.00016135082353210069,1.032975244651819e-08,0.003461951479120706,False,True,0.11365529591816123,-0.0798941890741429,0.016344704081838773,0.0801058109258571
2020-07,AllLayersReference,0.048791754602396424,0.04888468969322336,2.7572524078046743,0.0,0.026552954438362027,7.965886331508609e-05,1.327622751184846e-05,0.3137150219570199,0.41174620359775077,0.2745387744452293,2.2949268636322842e-18,0.003998362844340025,0.0010567326389614737,0.0001606128289778368,9.293751842935613e-05,0.003216446177452095,False,True,0.11260902125290712,-0.08466164079751802,0.01739097874709289,0.07533835920248198
2020-08,AllLayersReference,0.006426332597696854,0.006426342287112974,2.774971428833027,0.0,2.80580784371709e-06,8.41742353115127e-09,1.2719925894383314e-09,0.31599932234242617,0.3952609133859269,0.288739764271647,3.0000384895764905e-17,0.004519231305071501,0.0009848967355180563,0.00016809456018892097,1.2985527865495591e-08,0.003858675391595686,False,True,0.10871412431794075,-0.0902332612058108,0.021285875682059252,0.06976673879418921
2020-09,AllLayersReference,-0.01184088030016556,-0.011840875181074753,2.742113324307836,-0.011840880300165502,1.5185485985492029e-06,4.555645795647609e-09,5.634450116597958e-10,0.3231053146412017,0.3885323292293929,0.28836235612940553,0.0,0.004345725287102246,0.0011272079102869895,0.00017169828811811847,8.851526547221887e-09,0.003610414192314086,False,True,0.11630346049642665,-0.0907334482176172,0.013696539503573357,0.06926655178238281
2020-10,AllLayersReference,-0.01875598349534465,-0.018755975031755284,2.6906822920547535,-0.03037477644002995,2.4519730540684134e-06,7.355919162205241e-09,1.1076702054191322e-09,0.3297873352612152,0.3967794882322761,0.2734331765065087,1.4909920894996e-21,0.004309797779932968,0.001199873004121054,0.0001688171946433671,1.1874665891128362e-08,0.0035410322085631827,False,True,0.1199936500380443,-0.0861618435652356,0.010006349961955707,0.07383815643476441
2020-11,AllLayersReference,0.03182791402457844,0.03182791618952137,2.776321096713728,0.0,6.185551207071877e-07,1.8556653621215633e-09,3.092775603674707e-10,0.3273097724989015,0.4026921916634317,0.26999803583766696,0.0,0.0039776900581697736,0.000912827807001049,0.00016652506833543426,6.995286056177193e-09,0.0033547440910477585,False,True,0.10466104186378324,-0.08472587965064483,0.02533895813621677,0.07527412034935517
2020-12,AllLayersReference,0.06014548290276178,0.06014548517426385,2.9433042697687,0.0,6.925409526403748e-07,2.0776228579211248e-09,1.9387921459945738e-10,0.366459212245311,0.38918434557266424,0.24435644218202485,3.002203242767058e-22,0.003482342074583214,0.0008831033294290953,0.0001837164605993506,7.037806108175674e-09,0.002857066911463207,False,True,0.10294289656479044,-0.08112743174536122,0.027057103435209562,0.07887256825463879
2021-01,AllLayersReference,0.01147151731923659,0.011471535026716188,2.9770684356751347,0.0,5.696999976212425e-06,1.7090999928637273e-08,6.164796693963747e-10,0.3920659590633816,0.3661614805023675,0.24177256043425083,0.0,0.003176593479933977,0.0010579806963656464,0.00020312130444149183,2.0213183653841344e-08,0.002444461614126008,False,True,0.11267550024911252,-0.08429441048015827,0.017324499750887484,0.07570558951984173
2021-02,AllLayersReference,-0.010976706533298831,-0.010325953565142492,2.944390029127182,-0.010976706533298741,0.21691759829445215,0.0006507527948833565,1.7327298293402277e-10,0.18502589852698445,0.5781419958785169,0.23683210559449877,1.743337951535979e-20,0.002907000901386833,0.0005409129132346233,7.711086678615578e-05,0.0006507558917612918,0.0019086776862220736,False,True,0.08056646299059851,-0.060959913591116695,0.04943353700940149,0.09904008640888332
2021-03,AllLayersReference,-0.0039055129470644614,-0.0039055007702855204,2.932890675747218,-0.014839349810881308,4.0354525812913535e-06,1.2106357743874061e-08,7.042119727630381e-11,0.19472712210582918,0.5811787744279662,0.22409410346620467,0.0,0.0030619588687755654,0.0005842377079173598,7.588906611400985e-05,1.5787417631115807e-08,0.002693935161285245,False,True,0.08373083359795433,-0.05699695920539619,0.046269166402045675,0.10300304079460382
2021-04,AllLayersReference,0.006073083247300417,0.0060731140950178114,2.9507023649762623,-0.008856387170318114,1.0096066141801474e-05,3.028819842540442e-08,5.595189693230474e-10,0.1944734221377716,0.5818211539692655,0.2237054238929629,0.0,0.003046369834651498,0.0005077350182007866,7.531818024495351e-05,3.326853245947091e-08,0.0027171508767736916,False,True,0.07805651938441427,-0.05684506738526513,0.051943480615585735,0.10315493261473488
2021-05,AllLayersReference,0.0147778132044767,0.014777820660099835,2.994307293347889,0.0,2.299377547448911e-06,6.898132642346733e-09,5.57490492589241e-10,0.1952417922824856,0.5762119724407783,0.22854623527673612,0.0,0.003602397537882272,0.0004096898440122445,7.695970837939191e-05,1.0581719090045162e-08,0.003320582325777668,False,True,0.0701161759378457,-0.057937848601799236,0.0598838240621543,0.10206215139820077
2021-06,AllLayersReference,-0.010811251851855113,-0.010539525315752855,2.9619350830776585,-0.010811251851855164,0.0776362697455503,0.0002329088092366509,3.881772686560838e-05,0.11708473382200653,0.5671830866738269,0.31573217950416665,2.8857353721769945e-19,0.004660434251990598,0.0005904403190637163,9.573527904185801e-05,0.00027172874813755424,0.003997750065279328,False,True,0.0841741280249733,-0.08674753444399103,0.0458258719750267,0.07325246555600898
2021-07,AllLayersReference,0.014127925207634992,0.014127936725500636,3.0037810804012497,0.0,3.3024836220071903e-06,9.907450866021572e-09,1.610414776601065e-09,0.12152487746824775,0.5749148863457237,0.30356023618602856,2.8081593960217424e-17,0.004891238014693789,0.0005839988631187749,8.987624790466178e-05,1.4925835644965304e-08,0.0045093474093940945,False,True,0.08371371666235647,-0.08212685487366174,0.046286283337643536,0.07787314512633826
2021-08,AllLayersReference,0.0009312297239595662,0.0009312419878511041,3.006578290627587,0.0,3.5039690107971286e-06,1.0511907032391386e-08,1.7519845053742902e-09,0.11662405539355998,0.5735391670047636,0.3098367776016763,0.0,0.005730816779979884,0.0005321354043252914,9.196486760720338e-05,1.510200893351987e-08,0.005372769108201102,False,True,0.0799101048172476,-0.084376881834666,0.050089895182752406,0.075623118165334
2021-09,AllLayersReference,-0.016701124001878526,-0.016701095218538922,2.95636505377446,-0.01670112400187851,8.223811315523355e-06,2.4671433946570064e-08,4.111905657799841e-09,0.1144634992344554,0.572790203583211,0.31274629718233365,0.0,0.005631449706417274,0.0006009938488028862,9.272873301977025e-05,3.0773334826047766e-08,0.005238193275661235,False,True,0.08492306038782772,-0.08543354657999684,0.04507693961217228,0.07456645342000316
2021-10,AllLayersReference,-0.006933577689608938,-0.006933569063000396,2.93586686699527,-0.023518903150716475,2.4647452977477617e-06,7.394235893243285e-09,1.232372648873881e-09,0.11095115053846667,0.5748827352107324,0.3141661142508009,7.677030755521279e-22,0.005343456717254266,0.0007534696772181221,9.398111919807657e-05,1.1733406314169378e-08,0.004872729026040815,False,True,0.09508751824828254,-0.08583188360045564,0.03491248175171746,0.07416811639954436
2021-11,AllLayersReference,0.006850220695708955,0.006850232467915864,2.9559782029674078,-0.016829792132110777,3.3634876887012064e-06,1.009046306610362e-08,1.681743844392237e-09,0.10966618951414726,0.5705248793220075,0.3198089311638454,2.775804988136467e-17,0.0049546354181541925,0.0007012119084132855,9.66739847199284e-05,1.459460285222324e-08,0.004507340884624769,False,True,0.09173081761850499,-0.0880164609779569,0.038269182381495015,0.0719835390220431
2021-12,AllLayersReference,0.010226807016414671,0.010226825814977273,2.9862084215938838,-0.0067751001519575915,5.371017886055652e-06,1.6113053658166957e-08,2.6855089429616e-09,0.10445282689233146,0.576647322773456,0.3188998503342125,0.0,0.005386558454417245,0.0008053380299090127,9.496303649718962e-05,2.106602691350648e-08,0.004888905336938636,False,True,0.0983059324705694,-0.0874076486602862,0.0316940675294306,0.0725923513397138
2022-01,AllLayersReference,-0.00820749053351069,-0.008043510274458734,2.961699144242562,-0.0149269841151074,0.04685150258627324,0.00014055450775881973,2.342575129313665e-05,0.06350378202866012,0.5688222940866625,0.3676739238846774,0.0,0.005664269014638429,0.0006789802805993073,0.00012186099025446483,0.0001639818789114472,0.005038936005172863,False,True,0.09026496201290779,-0.10491050076874572,0.039735037987092214,0.05508949923125428
2022-02,AllLayersReference,0.0197715265533971,0.01977154468621016,3.0202564575161275,0.0,5.180803731377054e-06,1.5542411194131163e-08,2.590401865676384e-09,0.05900840631830142,0.5655658994291242,0.3754256942525744,0.0,0.00587415243438184,0.0008608304588495816,0.00012684805181847737,2.0383049972811878e-08,0.005316868770088599,False,True,0.10163643788619799,-0.10781578757089322,0.02836356211380202,0.052184212429106785
2022-03,AllLayersReference,-0.0028541111791356532,-0.0028540732433755336,3.011636309796874,-0.0028541111791355878,1.0838788605690297e-05,3.251636581707089e-08,5.419394302846885e-09,0.0574623949117319,0.5528517598173176,0.3896858452709505,9.179512140446676e-21,0.006182397651250176,0.0011790197169417398,0.0001361851345252255,4.014794289243247e-08,0.005456662510311188,False,True,0.11894636019358003,-0.11266847170330574,0.011053639806419976,0.047331528296694264
2022-04,AllLayersReference,-0.0054306992231409,-0.005400350185410844,2.9952810188288774,-0.008269310582913247,0.00867115363715874,2.601346091147622e-05,4.335576818579379e-06,0.04942821943036192,0.5455798858202598,0.4049918947493782,1.831193348578959e-19,0.006033731625122936,0.0014083333333335698,0.0001470245629289932,3.0351475984340543e-05,0.005152188919542817,False,True,0.1300000000000109,-0.11843661499058811,-1.0907941216942163e-14,0.041563385009411896
2022-05,AllLayersReference,-0.010109609626724308,-0.010101706600444613,2.96499989700618,-0.018295320707762186,0.002258007508484341,6.774022525453022e-06,1.1290037542422e-06,0.04604768311097411,0.5424039182653128,0.4115483986237132,2.775574651176869e-17,0.00626684717150312,0.0014083333333337524,0.00015155828611324712,7.905078121836462e-06,0.00540321714060116,False,True,0.13000000000001935,-0.1209024057709571,-1.9345636204093353e-14,0.03909759422904291
2022-06,AllLayersReference,-0.009044701101187958,-0.00904466296764528,2.938182359172706,-0.027174546101598085,1.0895297908031185e-05,3.2685893724093554e-08,5.4476489540273645e-09,0.04632534522213661,0.5480590986449326,0.4056152281491,3.279838308608989e-07,0.006067798818873335,0.0013078153203289172,0.00014682775543043293,3.967345161828914e-08,0.005267023729826825,False,True,0.12527483324254318,-0.11853295137774658,0.004725166757456822,0.04146704862225342
2022-07,AllLayersReference,0.009335155857798464,0.009335168238050072,2.9656107494342177,-0.018093068867022888,3.6433625355332096e-06,1.093008760659963e-08,1.4501640024200704e-09,0.04119059850605655,0.5468324017862165,0.411976676080944,3.2362678291194147e-07,0.005897298874025093,0.0013245378394417479,0.00015159320623881053,1.5170425677702775e-08,0.005083421577639731,False,True,0.1260732091814156,-0.12083366809444947,0.003926790818584408,0.039166331905550536
2022-08,AllLayersReference,-0.020437967761982097,-0.02043796600874649,2.9049996925426935,-0.038161251070785385,5.321786161896146e-07,1.5965358485688438e-09,1.5669975634350472e-10,0.04245932684756862,0.5500899529223421,0.4074504250509816,2.9517910776409833e-07,0.0052809367264020825,0.0011428008761166582,0.00014734779085252603,6.8304618769549274e-09,0.004562181667029351,False,True,0.1171051259057429,-0.11907870016601167,0.012894874094257103,0.04092129983398833
2022-09,AllLayersReference,0.01089537606975159,0.010895378531452147,2.936650756675459,-0.02768165618274221,7.976422613790417e-07,2.3929267841371253e-09,6.877377234642816e-11,0.04269380138534807,0.5462813347588493,0.4110245647891003,2.990667022796198e-07,0.004163294075374107,0.0011534989462030011,0.00015134124689390586,7.234823658872747e-09,0.003435196120555042,False,True,0.11765197556537678,-0.12052596069838066,0.012348024434623225,0.03947403930161934
2022-10,AllLayersReference,-0.0076761419689612646,-0.007535982755889629,2.9141086085539607,-0.03514530982890873,0.04004548944903885,0.00012013646834711656,2.0022744724519465e-05,0.05017109949570305,0.5614303520643021,0.38839854843999483,0.0,0.004315195932032543,0.0014083333341821408,0.00013405059690665226,0.00014016032724618362,0.003336818340788637,False,True,0.13000000003917572,-0.11178221078836288,-3.917571822498189e-11,0.04821778921163712
2022-11,AllLayersReference,0.005228615891398518,0.0053512468316197805,2.9293453631339075,-0.030100455262989767,0.04087695454483906,0.00012263086363451718,7.658674479327222e-11,0.012411282547871886,0.6042372496322509,0.3833514678198773,2.7755575615628914e-17,0.0048715005495807715,0.0014083333337562584,0.00013394059734459058,0.00012263415723706966,0.003910759128120982,False,True,0.1300000000195196,-0.1078934993423509,-1.9519608152052115e-11,0.0521065006576491
2022-12,AllLayersReference,0.009005700380586706,0.009052488939787388,2.9557261697855526,-0.021365830563820687,0.013368339530094493,4.010501859028348e-05,6.683540610396251e-06,4.275449712692929e-17,0.6136772155052537,0.3863227844947464,2.785219724904691e-17,0.004948489600461951,0.0013081525794431817,0.00013752411417293102,4.6790582784514194e-05,0.004110098613782916,False,True,0.12529098512390338,-0.10852742817460763,0.004709014876096623,0.051472571825392374
2023-01,AllLayersReference,0.025700179076060193,0.025700180939965338,3.031688861648839,0.0,5.325443268589287e-07,1.5976329805767862e-09,2.662721634294356e-10,3.8595648995260345e-17,0.6113326241185223,0.3886673758814777,2.6220241525017016e-17,0.004941799336196984,0.001381589445723576,0.00013848515108445692,6.965367875223244e-09,0.0041125124968828634,False,True,0.12875975049945892,-0.10856110345148273,0.0012402495005410796,0.05143889654851727
2023-02,AllLayersReference,-0.0029899342574548882,-0.002989933499686793,3.0226243112634505,-0.0029899342574548626,2.16505170125312e-07,6.49515510375936e-10,1.0825258506262809e-10,4.113351340795984e-17,0.6143046554011511,0.385695344598849,2.4980866456837702e-17,0.004786142849121304,0.00110466920636139,0.0001357263408618694,6.581090963165338e-09,0.004098075323987776,False,True,0.11513483606770229,-0.10740042924442814,0.014865163932297712,0.05259957075557187
2023-03,AllLayersReference,0.03757915628668387,0.037579156800542524,3.13621198265235,0.0,1.4681675900580854e-07,4.4045027701742563e-10,7.34083794176707e-11,0.0,0.6053776799820513,0.39462232001794867,1.191430596565735e-22,0.004478206982637905,0.0009935251607828034,0.00014134458268793526,6.537520419543948e-09,0.0038400932820381486,False,True,0.10918929402369831,-0.11089365956611207,0.02081070597630169,0.04910634043388794
2023-04,AllLayersReference,0.01657524043059745,0.016592621332455707,3.1881954503061336,0.0,0.004965971959501048,1.4897915878503143e-05,2.482985979750496e-06,0.0,0.6009252372376095,0.39907476276239046,0.0,0.004880856590528152,0.0014083333333335917,0.00014381242937695332,1.7383902210651917e-05,0.004015493592273751,False,True,0.1300000000000119,-0.11267388688291521,-1.1907141939104804e-14,0.04732611311708479
2023-05,AllLayersReference,-0.016571001467673152,-0.01657100043979398,3.1353638588198818,-0.016571001467673208,2.9367976331351464e-07,8.810392899405439e-10,1.4683988167063511e-10,0.0,0.5930977609017491,0.40690223909825096,0.0,0.005068729185904328,0.0012250701975416818,0.0001487404178086573,6.647812439179416e-09,0.00430744702151239,False,True,0.12124703035744909,-0.11579705790035752,0.008752969642550915,0.044202942099642484
2023-06,AllLayersReference,-0.01187216505299689,-0.011872163197574628,3.0981403015867706,-0.02824643285615247,5.301206463526061e-07,1.5903619390578184e-09,2.6506032314854714e-10,2.775703439830132e-17,0.5981376730636272,0.40186232693637286,2.775557561562892e-17,0.00485441751462742,0.0010733333856467037,0.00014571312198154707,6.961387606733528e-09,0.004172030738434915,False,True,0.11349009043859487,-0.11378707767918768,0.016509909561405134,0.046212922320812325
2023-07,AllLayersReference,-0.004210571251139366,-0.004210570513915253,3.085095361100913,-0.032338070489160486,2.1063546099072063e-07,6.319063829721619e-10,1.0531773041084317e-10,0.0,0.6045887448013841,0.3954112551986158,5.773782517674346e-22,0.004459251131781876,0.0008196007232108387,0.00014111270987917816,6.576800161209295e-09,0.0039083314834971175,False,True,0.09917262060937013,-0.11120929640236381,0.030827379390629878,0.048790703597636195
2023-08,AllLayersReference,0.01517324692878546,0.015173247344848276,3.131906274813748,-0.017655497089107408,1.1887509027136488e-07,3.566252708140946e-10,5.943754519119337e-11,5.5456720894067264e-17,0.6093600543919013,0.3906399456080987,5.5456488310158e-17,0.0040836146756374515,0.0007065270413239985,0.0001372016976310181,6.524642998478541e-09,0.0035931429327014357,False,True,0.09207781761036685,-0.10933083165047,0.03792218238963316,0.05066916834953
2023-09,AllLayersReference,-0.019806150639994056,-0.01980615011387277,3.0698752673444445,-0.037111960294130664,1.5032036751466732e-07,4.50961102544002e-10,7.516018377121299e-11,5.304478410127095e-17,0.6012441984522049,0.39875580154779505,5.915193586582106e-17,0.0038341908255935427,0.0006108857168321424,0.000142189646389032,6.5393224786551735e-09,0.0033865517814659607,False,True,0.08561909017261109,-0.1125464453255984,0.04438090982738892,0.0474535546744016
2023-10,AllLayersReference,0.027655273929789385,0.027655274650806753,3.15477350879314,-0.010483027792347,2.0600496222763303e-07,6.180148866828991e-10,1.0300248108609822e-10,8.021674268316923e-17,0.6090763039187681,0.3909236960812318,9.3505107217406e-17,0.003797676768867571,0.0006928528125406986,0.00013791015533805005,6.573494934165238e-09,0.0033133336337642376,False,True,0.09118242018332472,-0.10944151466779563,0.03881757981667529,0.050558485332204375
2023-11,AllLayersReference,0.01100937641463019,0.011009376962630157,3.1895055978543474,0.0,1.5657141919097855e-07,4.697142575729356e-10,7.828570960936993e-11,7.431786906615921e-17,0.5895677398867372,0.4104322601132626,8.57237185177965e-17,0.004135912472171963,0.001034566865431958,0.00015105098808305134,6.542640817812545e-09,0.003467571508732115,False,True,0.11142173210457418,-0.11627782995310691,0.018578267895425826,0.04372217004689309
2023-12,AllLayersReference,0.02021313257893883,0.020213133450765922,3.2539754973650448,0.0,2.4909345575090895e-07,7.472803672527268e-10,1.2454672787540581e-10,8.042605963253874e-17,0.5997354884695851,0.40026451153041476,7.529599842020195e-17,0.004672152718483938,0.0008310788957231278,0.00014308610605710513,6.606949193404211e-09,0.004113520557616075,False,True,0.09986464213462908,-0.11228054028998719,0.03013535786537093,0.04771945971001282
2024-01,AllLayersReference,0.005600489970847329,0.005600490853049,3.2721993545034205,0.0,2.855013868232514e-07,8.565041604697542e-10,2.5697510896957155e-11,2.341063651822597e-07,0.6031577128570451,0.39684205303658965,7.007762753726974e-17,0.004797830395023731,0.0009633806440339691,0.00014003175008068521,6.603131629907606e-09,0.004176101719794431,False,True,0.10752008058222254,-0.11093201631856951,0.022479919417777466,0.04906798368143049
2024-02,AllLayersReference,0.0002209567587757367,0.00022095878827733966,3.272922369066859,0.0,5.99133661230082e-07,1.7974009836902461e-09,2.3210061927955578e-10,3.541444141869424e-07,0.5967287103205066,0.4032709355350793,7.609053549121662e-17,0.005191106018087306,0.0007342137611063927,0.0001438514239012397,6.9671895277893565e-09,0.004680140746443342,False,True,0.09386461065426475,-0.11346388995457883,0.03613538934573525,0.04653611004542117
2024-03,AllLayersReference,0.047997999224953666,0.047998001505303776,3.430016094400664,0.0,6.515286025518006e-07,1.9545858076554018e-09,3.2576430128436333e-10,3.791420559761374e-07,0.5952359480269825,0.4047636728309615,7.94394612092297e-17,0.005175395778228859,0.0006141966993723906,0.00014422822431371654,7.177088597505289e-09,0.004724062027140349,False,True,0.08585080309740083,-0.11405099691115352,0.04414919690259918,0.04594900308884649
2024-04,AllLayersReference,0.01761719071891848,0.017617192597070938,3.49044334210468,0.0,5.366149872558873e-07,1.6098449617676619e-09,2.6830749363934366e-10,3.824137891825784e-07,0.5731959074334776,0.42680371015273316,8.074779196782861e-17,0.0056347564491234705,0.0009707131479690556,0.00015944962358899163,6.97187557743252e-09,0.004989943279674373,False,True,0.10792848454244444,-0.12268560974340548,0.022071515457555563,0.037314390256594526
2024-05,AllLayersReference,0.008641223706242594,0.008657268545522255,3.5206050438577714,0.0,0.004584239794188967,1.3752719382566901e-05,2.2921198970944756e-06,0.004582883147715689,0.559210497922189,0.4362066189300953,1.2790197503539935e-19,0.005839614757084134,0.001408333333495455,0.00016483018954731015,1.6046744499120517e-05,0.004954571156289975,False,True,0.13000000000748255,-0.12665020655526574,-7.482542363490552e-12,0.033349793444734266
2024-06,AllLayersReference,0.0066010547207728315,0.006601057871663867,3.5438447504025055,0.0,9.015377948508928e-07,2.7046133845526784e-09,4.4627765098664347e-10,0.004532310070579352,0.5580565787371956,0.43741111119222514,2.775557561562892e-17,0.006085451725871371,0.0011495329420713259,0.00016499159320668087,7.700435116541797e-09,0.005345685961193911,False,True,0.11744954365537531,-0.12712924642020057,0.012550456344624691,0.03287075357979943
2024-07,AllLayersReference,0.028675091761096172,0.02867509553292203,3.6454648238073766,0.0,1.1093143108800394e-06,3.327942932640118e-09,4.4388292541502316e-10,0.004766644607382781,0.5626054723898071,0.4326278830028102,2.775565615524498e-17,0.006204954037552644,0.0010627681125676511,0.000160622092790225,7.951058115336767e-09,0.005512939937420477,False,True,0.11293014367657474,-0.12522748090016278,0.017069856323425267,0.034772519099837224
2024-08,AllLayersReference,-0.0072876804168786145,-0.007094433003692985,3.6188978412004955,-0.007287680416878661,0.06441578486403463,0.00019324735459210388,5.859352546120284e-11,0.06907333465054477,0.4918791568401596,0.4390475085092956,0.0,0.006660071944750261,0.0013451672211475993,0.0001581584259180338,0.00019325069252079216,0.005636079215737635,False,True,0.12705119697889977,-0.13134735976977285,0.0029488030211002325,0.02865264023022715
2024-09,AllLayersReference,0.013652541523578098,0.013961980765887725,3.6683049942470727,0.0,0.10314609818050927,0.0003094382945415278,9.477681008063232e-10,0.16884865269638732,0.39184482014970823,0.4393065271539045,0.0,0.006955173126841285,0.0014083333335095408,0.0001707151480951943,0.0003094412375357024,0.005770850074455618,False,True,0.13000000000813267,-0.1365770107503411,-8.132661211135428e-12,0.02342298924965891
2024-10,AllLayersReference,0.030997470107104484,0.031249594834113527,3.7820131686499887,0.0,0.07573209350924236,0.00022719628052772706,2.4928446481315897e-05,0.23243862937349047,0.3639505912273586,0.40361077939915097,0.0,0.007096757649902575,0.0014083333536335995,0.00016899780925495414,0.00025212622706798896,0.005971466936762832,False,True,0.13000000093693537,-0.12606844802089476,-9.369353626276222e-10,0.033931551979105246
2024-11,AllLayersReference,-0.011144599693487772,-0.010904624474498352,3.7398641458498854,-0.0111445996934878,0.0799916578043991,0.0002399749734131973,2.4557622341214723e-10,0.30391121518585695,0.2723587028568109,0.42373008195733225,0.0,0.007420307248713544,0.0014083333426393855,0.00021630167484563284,0.00023997796491397467,0.006259860937634244,False,True,0.1300000004295101,-0.14000787248913185,-4.2951009415759245e-10,0.019992127510868152
2024-12,AllLayersReference,0.008766637798647448,0.008846082245796067,3.7726501802326995,-0.0024756625637639695,0.02269841347103449,6.809524041310346e-05,1.1349206735517286e-05,0.3147087037231495,0.2881364414319476,0.39715485484490287,7.60344419058743e-21,0.00787676204508603,0.001408333333333399,0.000206978976066835,7.944594734265455e-05,0.00688617045500984,False,True,0.13000000000000303,-0.1298898783887707,-3.0253577421035516e-15,0.030110121611229307
2025-01,AllLayersReference,0.03248551175301089,0.03253055110334862,3.895206652002648,0.0,0.015012896037059797,4.50386881111794e-05,6.62226549680285e-10,0.31721232896306717,0.26880591324313113,0.4139817577938018,0.0,0.008462721314412034,0.0014083333335439285,0.00021717642519378241,4.504152067351416e-05,0.007496336701772774,False,True,0.13000000000971978,-0.13697045701531083,-9.71978053598832e-12,0.023029542984689177
2025-02,AllLayersReference,0.020837901365015343,0.020837936473665178,3.9763745840134304,0.0,1.1390431175262174e-05,3.417129352578652e-08,9.373563073511469e-10,0.3159568983324825,0.26245097622180635,0.42159212544571123,4.2668031826824874e-21,0.00786879013649451,0.0011827927746100191,0.00021991425800734583,3.725303635746435e-08,0.007057442238145799,False,True,0.11913653216087931,-0.14006747741614572,0.010863467839120691,0.01993252258385428
2025-03,AllLayersReference,0.04589239082291513,0.045892421443698976,4.158859920481281,0.0,9.722575974313585e-06,2.9167727922940757e-08,1.4530559256931142e-09,0.31783581333958855,0.25984276930110994,0.4223214173593015,3.965708427109771e-21,0.008040739818734231,0.0013182290564143324,0.0002205352241310314,3.264164116792757e-08,0.007161057424754866,False,True,0.12577260702144957,-0.14052283267188148,0.004227392978550432,0.019477167328118522
2025-04,AllLayersReference,0.0038820136269941278,0.0038853708872484717,4.1750046713653495,0.0,0.0009592172155268308,2.8776516465804926e-06,4.796086077634432e-07,0.308501277608525,0.24925343717150863,0.44224528521996637,0.0,0.008274581288200978,0.001408333333337607,0.00022613128931537173,3.3597372074509914e-06,0.007340923595009352,False,True,0.13000000000019724,-0.14811292563375242,-1.9723112032465906e-13,0.011887074366247585
2025-05,AllLayersReference,0.019561015937733222,0.02005371319053012,4.256672004282038,0.0,0.1407706574096575,0.0004223119722289725,7.038528056792559e-05,0.3092955629370848,0.3922709258082503,0.298433511254665,0.0,0.007711998162957324,0.0014083333333337286,0.0001535661737407918,0.000492700115334071,0.0063615652072155976,False,True,0.13000000000001824,-0.09267643920759819,-1.8235413179468196e-14,0.06732356079240182
2025-06,AllLayersReference,0.05639251868414823,0.056622008382684,4.496716459815803,0.0,0.07649649780558632,0.00022948949341675896,2.051190148845882e-10,0.39875699251534014,0.3059900491329595,0.2952529583517003,3.706755292869914e-19,0.007714068535544436,0.0013313951001773063,0.0002155786026641415,0.00022949253983346372,0.006603299842958177,False,True,0.12639913449912415,-0.10408834482476213,0.0036008655008758494,0.05591165517523787
2025-07,AllLayersReference,0.025098038449574013,0.0250980546079732,4.609575222421093,0.0,4.616685481961814e-06,1.3850056445885442e-08,2.3083427409809056e-09,0.43864252619787014,0.28926650225478284,0.27209097154734696,3.581906969192218e-19,0.006308288077044238,0.0013280468976908499,0.00024250549094307274,1.866892332811007e-08,0.005401740468332411,False,True,0.1262400997000961,-0.10530407799699586,0.0037599002999039177,0.054695922003004147
2025-08,AllLayersReference,0.011562425709925843,0.01191503216511372,4.662873093484651,0.0,0.10074477951067728,0.00030223433853203185,5.037211665584443e-05,0.3432419454750079,0.28207444813297017,0.3746836063920219,3.962572777722439e-20,0.00598617586406569,0.001249692916129141,0.00020650311547304798,0.000352608845073229,0.004802217445454842,False,True,0.12245944223925606,-0.12288812686819828,0.007540557760743943,0.037111873131801726
2025-09,AllLayersReference,0.08417203395597636,0.08417203958622009,5.05535660584185,0.0,1.6086410675048015e-06,4.825923202514405e-09,8.043205337732177e-10,0.3354382529247636,0.2792431373131513,0.3853186097620851,2.7793615961440406e-17,0.006051432287630255,0.0011215790462683298,0.0002058171178805146,9.175108277967807e-09,0.005284816471507297,False,True,0.11601270859358452,-0.12635257680658166,0.013987291406415484,0.03364742319341835
2025-10,AllLayersReference,0.09277954392594835,0.09282759853151523,5.524390286114888,0.0,0.016018150989352622,4.805445296805787e-05,1.525988186800102e-10,0.32976652970896114,0.2727768454967357,0.39745662479430305,0.0,0.006312334439536349,0.0014083333366084966,0.0002075822876151621,4.8057586337313904e-05,0.005352527897279626,False,True,0.1300000001511614,-0.13072993177500172,-1.511613889615404e-10,0.02927006822499828
2025-11,AllLayersReference,0.01688654556681151,0.017520469751375365,5.617678154410218,0.0,0.2060470262639639,0.0006181410787918917,1.5783105771961405e-05,0.19401788966165565,0.45439483822573845,0.35158727211260593,0.0,0.006171482639960852,0.001408333333333631,0.0001188290779611674,0.0006339256846034709,0.004714561210729399,False,True,0.13000000000001374,-0.10125284997098977,-1.3739009929736312e-14,0.05874715002901024
2025-12,AllLayersReference,0.021546651488322396,0.02161494393321163,5.738720307776857,0.0,0.019512213813864324,5.853664144159297e-05,9.755803447642764e-06,0.18388826067262345,0.45990832472884124,0.35620341459853533,0.0,0.006540236537838713,0.0014083333333587142,0.00011736729898854867,6.829478924856042e-05,0.005650407782922247,False,True,0.13000000000117143,-0.102500118551346,-1.1714240688576183e-12,0.057499881448654006
2026-01,AllLayersReference,0.07134902268361802,0.07136566237836489,6.148172393191367,0.0,0.0055462870545017195,1.663886116350516e-05,8.335833663192239e-10,0.1895195099812818,0.45736375022423537,0.3531167397944829,2.7755575615628914e-17,0.006508444713321499,0.0014083333361219227,0.00011711910302288562,1.664174884280136e-05,0.0056705171933948495,False,True,0.1300000001287041,-0.10159233935848344,-1.2870410293075452e-10,0.05840766064151656
2026-02,AllLayersReference,0.100206506194764,0.10074072864309133,6.764259268196175,0.0,0.15263498523638205,0.0004579049557091462,7.631749261819101e-05,0.333584510017811,0.4616010992185936,0.20481439076359545,0.0,0.011425156201855193,0.0014083333391909873,0.00013565761058494138,0.000534223948359696,0.01005110797331506,False,True,0.13000000027035324,-0.07972619295708613,-2.7035323979518466e-10,0.08027380704291387
2026-03,AllLayersReference,-0.05339935339237824,-0.05285299643297535,6.403052197096097,-0.053399353392378224,0.16561702427051078,0.0004968510728115324,4.950588659135491e-05,0.30194163951134134,0.5884473153477956,0.10961104514086317,6.3052359734716804e-18,0.020717261763583603,0.0014083333333333357,0.00010310887568774281,0.0005463584594287759,0.019363627761800416,False,True,0.1300000000000001,-0.08329290604449478,-8.326672684688674e-17,0.07670709395550522
2026-04,AllLayersReference,0.07283184518036721,0.07296347597114258,6.86939830339681,0.0,0.03926197809218114,0.00011778593427654343,1.3844856498834169e-05,0.28845098256461876,0.5765132902675906,0.13503572716779066,5.085929922449641e-18,0.009397088926211826,0.0014083333333351601,0.00010794970496950472,0.00013163229089540465,0.008453340263679337,False,True,0.13000000000008433,-0.0766730117283189,-8.432143872028064e-14,0.0833269882716811
2026-05,AllLayersReference,0.08395607614815591,0.08412922071019423,7.446126030448806,0.0,0.057455573986960634,0.00017236672196088192,7.778400774325779e-07,0.29046095402845273,0.591551367334854,0.1179876786366933,7.115056284215962e-17,0.019489360280825187,0.0014083333333342039,0.00010699122806269267,0.00017314606270759037,0.0185050563233878,False,True,0.1300000000000402,-0.07833997485438368,-4.0190073491430667e-14,0.08166002514561632
2026-06,AllLayersReference,-0.0001236388461137429,8.563834543416637e-09,7.445205400018383,-0.00012363884611377163,0.041206232922249286,0.00012361869876674787,2.8711181538434777e-08,0.31161948679254264,0.5802315268481034,0.1081489863593539,0.0,0.023597994785168584,0.0014083333333692156,0.0001198711721206028,0.00012364892739821163,0.02265030801896516,False,True,0.1300000000016561,-0.08440071430489646,-1.6560919302577304e-12,0.07559928569510355
2026-07,AllLayersReference,-0.0744193950531564,-0.07419773706791523,6.891137718102522,-0.07453383277113734,0.07244182202224132,0.00021732546606672396,4.332519174448485e-06,0.24995739014656923,0.6407118730143829,0.1093307368390478,3.082755235708345e-17,0.01161034191314608,0.0014083333346268255,8.207385175777809e-05,0.00022165948537869156,0.010602441908696199,False,True,0.13000000005969964,-0.07199172969990707,-5.969963412510992e-11,0.08800827030009294
2007-04,NoStressExpectedReturn,-0.013933142876111625,-0.012126023712530354,0.9860668571238884,-0.013933142876111582,1.0,0.0015,0.000307119163581271,0.0,0.38576167283745805,0.614238327162542,0.0,0.005345122541634848,0.000921199209106487,0.00016735891327300935,0.0018071221635848431,0.002910041860223752,False,True,0.10513986165711768,-0.042085554191265195,0.024860138342882324,0.11791444580873481
2007-05,NoStressExpectedReturn,0.013320009587518231,0.013320010321317102,0.9992012771147127,-0.0007987228852872619,2.096568205434151e-07,6.289704616302453e-10,1.0482841028558296e-10,0.0,0.3897574791575163,0.6102425208424838,3.171291354520101e-21,0.0040723664998038945,0.0007462268010512387,0.0001631986411803507,6.576095745981214e-09,0.0035360478820021784,False,True,0.09462939084985628,-0.04163287632946344,0.03537060915014373,0.11836712367053656
2007-06,NoStressExpectedReturn,-0.01585637599131553,-0.01585637542799967,0.9833575659737792,-0.016642434026220787,1.6094738894412153e-07,4.828421668323646e-10,8.047369448593855e-11,0.0,0.3855098146671457,0.6144901853328544,3.127004649930932e-21,0.004721533880864452,0.0008000742946203112,0.00015410605469335696,6.545042278959841e-09,0.004167384133818661,False,True,0.09798413920346362,-0.042114083947916436,0.032015860796536386,0.11788591605208357
2007-07,NoStressExpectedReturn,0.02001750905021378,0.020017510294911545,1.0030419349502555,0.0,3.556279333238877e-07,1.0668837999716632e-09,1.778139666619438e-10,0.0,0.39186977000097467,0.6081302299990254,3.4421136979310094e-21,0.003553641600911671,0.000696205927696364,0.00015666448900880374,6.714737208775701e-09,0.003048867433317476,False,True,0.09140279608609557,-0.0413935447107282,0.038597203913904435,0.1186064552892718
2007-08,NoStressExpectedReturn,0.01472122771881833,0.014721228791431727,1.0178079436861822,0.0,3.0646097051723244e-07,9.193829115516974e-10,1.5323048530025055e-10,0.0,0.387160713659814,0.6128392863401859,0.0,0.005727608788207082,0.0006693877044616341,0.0001495961050683665,6.660669269287551e-09,0.00524331217023863,False,True,0.08962506598903908,-0.04192706886896341,0.04037493401096093,0.11807293113103659
2007-09,NoStressExpectedReturn,0.04536881735300367,0.04536881735300367,1.0639846863837168,0.0,0.0,0.0,0.0,0.0,0.38071992678315153,0.6192800732168484,0.0,0.005646468385504407,0.0006187677941289076,0.0001443407781686131,6.5e-09,0.00519273721027134,False,True,0.08616967871326253,-0.042656604945931986,0.04383032128673747,0.11734339505406802
2007-10,NoStressExpectedReturn,0.038616283495839114,0.03861628486392075,1.1050718206683419,0.0,3.908804662167147e-07,1.1726413986501443e-09,1.954402331083576e-10,3.5134843452990677e-23,0.3651216740673865,0.6348783259326135,9.486407732307467e-22,0.008669329815166948,0.0008095833649918059,0.0001446050425241514,6.757878038355556e-09,0.008119926332268854,False,True,0.09856470149045078,-0.04442248624012668,0.03143529850954922,0.11557751375987332
2007-11,NoStressExpectedReturn,0.00933965611577765,0.009339657550974207,1.1153928114566205,0.0,4.1005615936118395e-07,1.230168478083552e-09,2.0502807968059146e-10,2.217187690869433e-21,0.35326167893731847,0.6467383210626816,1.0635523670476628e-21,0.01199669917659589,0.0009433881642805824,0.00014311893360045914,6.782828195863255e-09,0.011381879378026944,False,True,0.1063985806830476,-0.04576430164005635,0.023601419316952407,0.11423569835994365
2007-12,NoStressExpectedReturn,0.05710687103268791,0.05710688582551022,1.1790894048912608,0.0,4.226520658595634e-06,1.2679561975786903e-08,2.1132603292839393e-09,2.015104172018515e-21,0.34884444403716797,0.651155555962832,1.0227895970074972e-21,0.0111539350879945,0.0010643966019012842,0.00013816321999113407,1.820123652040851e-08,0.010483555365816204,False,True,0.11301663250519992,-0.04626386915673347,0.01698336749480009,0.11373613084326653
2008-01,NoStressExpectedReturn,0.08618734767407321,0.08640995874363329,1.2807119933694402,0.0,0.06360316273145028,0.00019080948819435084,3.180158136572509e-05,7.121611041825326e-17,0.26723102503838414,0.7327689749616155,2.2387716070641594e-16,0.014619055136750011,0.0014083333333456136,0.00017338414934131973,0.0002226140695875899,0.013518890251148295,False,True,0.13000000000056677,-0.05080517539759314,-5.667688540711424e-13,0.10919482460240687
2008-02,NoStressExpectedReturn,0.04144034346132858,0.04182927401144572,1.3337851382497126,0.0,0.11112301431918277,0.0003333690429575483,5.5561507159591394e-05,0.011507203918354985,0.351639127700891,0.636853668380754,0.0,0.01668196837386844,0.0014083333333333814,0.00012088851456025732,0.0003889320501988439,0.01546798114244265,False,True,0.13000000000000222,-0.04233094774092346,-2.220446049250313e-15,0.11766905225907653
2008-03,NoStressExpectedReturn,-0.03684163618391825,-0.03674967399391571,1.2846463114387996,-0.036841636183918225,0.026274911429298657,7.882473428789598e-05,1.313745571464936e-05,1.1014327010569728e-17,0.3246711847305792,0.6753288152694209,0.0,0.019625357509009355,0.0014083333333344194,0.00013088932746206362,9.196369015746561e-05,0.018698337824722615,False,True,0.13000000000005013,-0.04523920737814435,-5.012656956182582e-14,0.11476079262185565
2008-04,NoStressExpectedReturn,-0.012074984786477568,-0.011702739878006387,1.2691342267721715,-0.048471758773966145,0.10635568813462315,0.00031906706440386947,5.317784406731163e-05,0.0,0.44344418726220153,0.5565558127377984,0.0,0.015922992489260324,0.0014083333333333363,0.00011732714447835204,0.0003722479084876353,0.014729250769627668,False,True,0.13000000000000014,-0.033785252673207165,-1.3877787807814457e-16,0.12621474732679283
2008-05,NoStressExpectedReturn,0.037868953014248745,0.038144486871186274,1.3171950111745816,-0.012438380515246816,0.07970456885493732,0.00023911370656481197,3.6420150372714484e-05,0.0,0.37996124730446096,0.5403341838406017,0.07970456885493732,0.015869355377769807,0.001408333334765467,0.0001454794180781974,0.0002755353570699263,0.01474417393523895,False,True,0.1300000000660985,-0.050312942840796494,-6.609848779426386e-11,0.10968705715920352
2008-06,NoStressExpectedReturn,0.05423789004227072,0.05439435375941529,1.388636889354896,0.0,0.04470391918416283,0.0001341117575524885,2.2351959592081404e-05,3.714701382517125e-17,0.40774655949736055,0.504379240207252,0.0878742002953875,0.0176299064392295,0.0014083333333333344,0.00012748651716023958,0.00015646648721240748,0.016641786768190187,False,True,0.13000000000000006,-0.048980975191092235,-5.551115123125783e-17,0.11101902480890777
2008-07,NoStressExpectedReturn,-0.043774622111626825,-0.04361725777659761,1.3278498342731204,-0.04377462211162686,0.04496123857977472,0.00013488371573932418,2.2480619289887338e-05,0.0,0.4300625914067226,0.4882165421479431,0.0817208664453345,0.017481585728316606,0.001408333336861901,0.00011200711861375728,0.00015736583512621124,0.016508046106145684,False,True,0.13000000016285695,-0.04554659726046636,-1.6285695014772728e-10,0.11445340273953364
2008-08,NoStressExpectedReturn,-0.011613368641498365,-0.011496851672177122,1.3124290246471542,-0.0548796199294006,0.03590132579149459,0.00010770397737448378,8.812991946758875e-06,0.0,0.4694277685619399,0.49537798773220565,0.03519424370585449,0.011599366716840049,0.0014083333349282064,0.0001362587711719163,0.00011651846943990657,0.010642422808764122,False,True,0.13000000007360954,-0.03735169278401599,-7.360953513391166e-11,0.12264830721598402
2008-09,NoStressExpectedReturn,0.07917476969910185,0.07920873029794274,1.4163402904200095,0.0,0.00970302824025578,2.910908472076734e-05,4.851514120127898e-06,1.0833960395268143e-18,0.48398900362415603,0.4908852070094651,0.02512578936637891,0.00892845970753452,0.0014083333333352133,0.00012599396223496025,3.396276256578986e-05,0.008064336316066163,False,True,0.13000000000008677,-0.0389652462270926,-8.676392937445598e-14,0.1210347537729074
2008-10,NoStressExpectedReturn,-0.0434380032830544,-0.043052542461682275,1.354817296234823,-0.04343800328305436,0.11013166324917976,0.0003303949897475393,5.506583162458988e-05,4.1771628317192834e-18,0.5610357407112839,0.4327797861915889,0.006184473097127193,0.012814403431390849,0.001408333333333628,8.197470365822637e-05,0.0003854623214355008,0.011642799739630307,False,True,0.1300000000000136,-0.030752375304791135,-1.3600232051658168e-14,0.12924762469520887
2008-11,NoStressExpectedReturn,0.09040963657666065,0.09044383092380215,1.4773058356151874,0.0,0.009769813468999388,2.9309440406998166e-05,4.884906734499736e-06,0.0,0.6039167909932964,0.3960832090067035,0.0,0.007113541477186069,0.0014083333430049516,0.00010506192613356937,3.419584755150935e-05,0.006270117031998514,False,True,0.13000000044638238,-0.029614132442798313,-4.463823755074259e-10,0.1303858675572017
2008-12,NoStressExpectedReturn,0.03593754682291058,0.036358770963489925,1.5303965832543673,0.0,0.12034975445124024,0.0003610492633537207,6.0174877225620096e-05,1.540305687000808e-17,0.6759489069851695,0.3240510930148305,0.0,0.009355508494214276,0.0014083333334067509,6.031791760399968e-05,0.00042122714059388174,0.008169796769313018,False,True,0.1300000000033885,-0.022845697116236935,-3.3884839378828246e-12,0.13715430288376307
2009-01,NoStressExpectedReturn,0.03749961115619025,0.03755728052202344,1.5877858600411683,0.0,0.01647696166662445,4.9430884999873345e-05,8.23848083331219e-06,4.0405782547703955e-17,0.6644271485929965,0.3355728514070035,2.210755992333724e-19,0.01051809002159978,0.0014083333352979165,6.4187378106537e-05,5.7672365939394393e-05,0.00969206360990489,False,True,0.13000000009067306,-0.0239289199944257,-9.067305239973678e-11,0.1360710800055743
2009-02,NoStressExpectedReturn,0.0622571332162262,0.06225944853512317,1.6866368558485918,0.0,0.0006615196848476412,1.984559054542924e-06,3.3075984242381123e-07,1.5642112430263186e-18,0.6448975276506428,0.3551024723493572,8.105708258529629e-20,0.012216967141043445,0.001408333333333501,7.229176945576152e-05,2.31832154238909e-06,0.011438190383378543,False,True,0.13000000000000775,-0.025764491459601996,-7.743805596760467e-15,0.134235508540398
2009-03,NoStressExpectedReturn,-0.04512977207321513,-0.044975161754012866,1.6105193189738607,-0.04512977207321511,0.04417437691493082,0.00013252313074479247,2.2087188457465423e-05,5.095800026513398e-18,0.6516840259574405,0.3483159740425595,1.8847330109355437e-17,0.013651594051284414,0.0014083333338387597,6.676742074184033e-05,0.00015461331924187358,0.01272604664438132,False,True,0.13000000002332737,-0.025126707891962002,-2.332736781518463e-11,0.134873292108038
2009-04,NoStressExpectedReturn,-0.031530160305480254,-0.031523055896592767,1.5597393866715419,-0.0752369834306772,0.0020298311107118773,6.089493332135632e-06,1.014915555355979e-06,2.1425884776495844e-18,0.6854651843467251,0.314534815653275,0.0,0.010898588001215357,0.0014083333333344602,9.368575044257745e-05,7.107409749632218e-06,0.010093628174355917,False,True,0.13000000000005202,-0.027590480003394757,-5.2013948703688584e-14,0.13240951999660525
2009-05,NoStressExpectedReturn,0.02952133196412868,0.029622641526482123,1.605784970882999,-0.04793674743038512,0.028945589243840348,8.683676773152105e-05,1.4472794621920142e-05,2.799000422853302e-17,0.6877165825664737,0.3122834174335263,8.093823327488467e-18,0.008952663200596477,0.0014083333337075639,0.00011582380474888367,0.0001013125624138994,0.008031360166579913,False,True,0.1300000000172722,-0.03985046990272359,-1.727218368330341e-11,0.12014953009727641
2009-06,NoStressExpectedReturn,-0.013590642123180112,-0.01336576090030745,1.583961322016947,-0.06087589837468954,0.0642517779636176,0.0001927553338908528,3.212588898180879e-05,0.0,0.6025195223726874,0.39748047762731264,0.0,0.011111174492265133,0.0014083333333333233,0.00020767889955128837,0.00022488422289989815,0.009974444703147284,False,True,0.12999999999999953,-0.06027489346028575,4.718447854656915e-16,0.09972510653971425
2009-07,NoStressExpectedReturn,-0.007536074538584471,-0.007536073251047762,1.5720244714279925,-0.06795320760551904,3.6786763113472203e-07,1.1036028934041661e-09,1.8393381556736116e-10,0.0,0.6106813807431699,0.3893186192568302,5.142639460003914e-22,0.009877274969452468,0.0011135926814017348,0.0001966473025468323,6.72930969174581e-09,0.009123824596895078,False,True,0.11559892809546643,-0.06715061893812133,0.014401071904533574,0.09284938106187868
2009-08,NoStressExpectedReturn,0.007997252467833293,0.007997252864888702,1.5845963480116145,-0.06049939409490612,1.1344440284388722e-07,3.4033320853166165e-10,5.6722201421943974e-11,2.775557561562892e-17,0.6151657303819578,0.3848342696180423,2.775557561562892e-17,0.00927821833286784,0.0009952720286381246,0.00018771961473758618,6.52244985748659e-09,0.008592856181361333,False,True,0.10928524302785575,-0.07240955524861778,0.020714756972144255,0.08759044475138222
2009-09,NoStressExpectedReturn,-0.0029486507877397898,-0.002948649622368177,1.5799239267418006,-0.06326965329659007,3.329633179447251e-07,9.988899538341753e-10,1.664816588895748e-10,0.0,0.6105375199331029,0.38946248006689704,0.0,0.008820442400130656,0.0010254215426424235,0.00018861119747040238,6.688914609414261e-09,0.008119113742424432,False,True,0.11092816825184251,-0.07259246629312546,0.01907183174815749,0.08740753370687454
2009-10,NoStressExpectedReturn,0.028409333153823758,0.028409338211954713,1.6248085119343059,-0.03665776880179605,1.4451802728687366e-06,4.33554081860621e-09,7.225901364621242e-10,2.771850717907058e-17,0.6157889098865661,0.3842110901134339,2.7719303571262262e-17,0.009833477000959398,0.001192552361778809,0.0001782587925721213,9.150990876092995e-09,0.009058932876506996,False,True,0.11962703850445228,-0.07424518131781215,0.010372961495547728,0.08575481868218786
2009-11,NoStressExpectedReturn,0.04798615187297055,0.048194886475853765,1.7027768199524806,0.0,0.05963845796663256,0.00017891537389989767,2.981922898331628e-05,0.0,0.5406183939601988,0.4593816060398012,0.0,0.01162674390510086,0.0014083333333450253,0.0002686217758075371,0.00020873760291255735,0.010445217859708254,False,True,0.13000000000053963,-0.09246317778464745,-5.396239011190573e-13,0.06753682221535255
2009-12,NoStressExpectedReturn,-0.032908010718012304,-0.03277028236440873,1.6467418221111014,-0.032908010718012304,0.03935095817244823,0.00011805287451734469,1.967547908622415e-05,1.924760436986643e-06,0.5618872275120762,0.4381108477274869,2.7755575615628914e-17,0.013215896175402732,0.0014083333547671394,0.00023432212876719284,0.00013773022005639647,0.012139677149195572,False,True,0.13000000098925257,-0.0873150059868324,-9.892525687504872e-10,0.07268499401316761
2010-01,NoStressExpectedReturn,0.0041420200115085005,0.004221624152875027,1.6535626596920736,-0.02890229634543673,0.02274407870003451,6.823223610010353e-05,1.1371905266422803e-05,1.9052059439910282e-06,0.6013139604298614,0.39868413436419464,0.0,0.012004953092334927,0.0014083333337931185,0.0002024679722121115,7.960679219162172e-05,0.011018711661034634,False,True,0.13000000002122086,-0.07775787512535717,-2.1220858403836473e-11,0.08224212487464283
2010-02,NoStressExpectedReturn,0.011572586233590572,0.011598286750977533,1.6726986561640054,-0.017664184428652696,0.007343261709153773,2.202978512746132e-05,3.6707322595009028e-06,1.0888113996423414e-18,0.6113438357976548,0.38865616420234517,0.0,0.010928342581579712,0.0014083333333357235,0.0001863974597244384,2.5702406845428988e-05,0.010012076048341981,False,True,0.13000000000011033,-0.075324534691849,-1.1032841307212493e-13,0.08467546530815101
2010-03,NoStressExpectedReturn,0.0002009289243081271,0.00038614119121356365,1.6730347497056801,-0.01746680474992046,0.052917790544410453,0.00015875337163323135,2.6458895272205213e-05,0.0,0.5578043926792978,0.4421956073207021,0.0,0.011244940316619587,0.0014083333351466065,0.0002475404230883833,0.00018521526693850678,0.010108017959019394,False,True,0.13000000008368953,-0.08830469799513836,-8.368952753023962e-11,0.07169530200486164
2010-04,NoStressExpectedReturn,0.022958719872069485,0.022958725047244805,1.711445485860411,0.0,1.4786215200290895e-06,4.435864560087269e-09,7.393107600284229e-10,0.0,0.5652001994343386,0.43479980056566137,1.6591099839146936e-21,0.010562041137747816,0.0010305868596934002,0.00023298432100055162,9.247594704679115e-09,0.009813754139305861,False,True,0.11120720442633562,-0.08651391266035258,0.01879279557366438,0.07348608733964743
2010-05,NoStressExpectedReturn,0.05746724024842384,0.05746724053004254,1.8097975347684314,0.0,8.046248692328355e-08,2.413874607698507e-10,4.023124347551942e-11,1.0215217343886862e-21,0.5553873186723657,0.4446126813276344,2.0428156710324534e-21,0.01042176626481569,0.001074403182733389,0.0002404861303448142,6.511311591781742e-09,0.009644072031792588,False,True,0.11354663444065909,-0.08888979706101656,0.01645336555934092,0.07111020293898344
2010-06,NoStressExpectedReturn,0.006763196017257601,0.007143249602157973,1.8220375502476198,0.0,0.10858673854296337,0.0003257602156288901,5.429336927148168e-05,0.03676370812275406,0.5969047926709712,0.36633149920627484,0.0,0.01093451643810766,0.001408333333334254,0.0001423920857003585,0.00038005508494042396,0.009707902600799751,False,True,0.1300000000000425,-0.05595740290777564,-4.2493786267527867e-14,0.10404259709222435
2010-07,NoStressExpectedReturn,-0.02392736480905608,-0.023907540707659318,1.7784409930870462,-0.023927364809056106,0.00566408722958196,1.699226168874588e-05,2.8318397080132054e-06,0.037505673631888135,0.599914623315929,0.36257970305218273,1.6195203974473067e-18,0.011424349012137857,0.0014083333334533566,0.00013608381221608113,1.9826609924218153e-05,0.01056427192327088,False,True,0.13000000000553955,-0.05248674431444137,-5.5395410480940654e-12,0.10751325568555864
2010-08,NoStressExpectedReturn,0.03837751573493427,0.03871366675955244,1.8466931402828963,0.0,0.09604314989090773,0.0002881294496727232,4.802157494545388e-05,0.040321236307201934,0.5217372079634229,0.4379415557293751,2.8472478156443713e-17,0.011417589127562359,0.0014083333371571036,0.00022778634806848279,0.0003361530853643735,0.010149483025550951,False,True,0.1300000001764817,-0.0693021328970921,-1.7648169037265404e-10,0.0906978671029079
2010-09,NoStressExpectedReturn,0.00657124021769653,0.0067258360189477485,1.8588282045160676,0.0,0.04556412156739632,0.00013669236470218897,1.790343654902922e-05,0.04815557183910934,0.4621570812401383,0.4896873469207524,5.590417451878382e-19,0.012422511877868218,0.001408333333347291,0.0002897629627606223,0.000154597301372472,0.011273984947061479,False,True,0.1300000000006442,-0.0787092331516489,-6.442069100387471e-13,0.0812907668483511
2010-10,NoStressExpectedReturn,0.008601618005998802,0.008656305839031146,1.8748171346700915,0.0,0.015625095152098013,4.687528545629404e-05,7.812547576049017e-06,0.05097339201110107,0.4505438956245825,0.49848271236431646,7.481777416559203e-19,0.012261304042449593,0.0014083333350373517,0.0002961206376192008,5.469024122981007e-05,0.011206326496081906,False,True,0.130000000078647,-0.07977353905535627,-7.864700557469462e-11,0.08022646094464374
2010-11,NoStressExpectedReturn,0.030415357417933813,0.03071033389552091,1.9318403679143488,0.0,0.08427899359631329,0.00025283698078893985,4.213949679815665e-05,0.07373709785025448,0.5062778122253031,0.4199850899244424,1.1463532149902887e-17,0.01099590383523808,0.001408333333576795,0.00019398884709106827,0.00029497797764403444,0.009802770343714578,False,True,0.13000000001123668,-0.05539962597248793,-1.1236678254533672e-11,0.10460037402751207
2010-12,NoStressExpectedReturn,0.0024614853668831014,0.0027365685980973585,1.9365955647111242,0.0,0.07859520891835917,0.0002357856267550775,3.9297604459179595e-05,0.08060126591443158,0.5653942135945261,0.35400452049104225,1.2265566471834303e-17,0.010910762374713697,0.0014083333333483276,0.00012774679434696213,0.00027508473134277967,0.00980376418234979,False,True,0.13000000000069203,-0.042143878777613906,-6.920297668244757e-13,0.11785612122238609
2011-01,NoStressExpectedReturn,-0.02985564036471018,-0.029570886288146858,1.878777263999216,-0.029855640364710223,0.08135830758952158,0.00024407492276856473,4.06791537947608e-05,0.00675964199698735,0.563167038542316,0.43007331946069666,0.0,0.012463572572581181,0.00140833333564825,0.0002066891815458424,0.0002847560112318133,0.011267960711979401,False,True,0.13000000010684232,-0.07955729468202725,-1.0684231277480194e-10,0.08044270531797275
2011-02,NoStressExpectedReturn,0.031059943333820113,0.03113001410508765,1.9371319793559012,0.0,0.020020220362152952,6.0060661086458854e-05,1.0010110181076477e-05,0.0,0.5642602844197085,0.4357397155802914,4.909720599641145e-18,0.010521277496584831,0.001408333333337067,0.00022732464311062185,7.007227148190705e-05,0.009519713915323769,False,True,0.1300000000001723,-0.08331428964954209,-1.723066134218243e-13,0.07668571035045792
2011-03,NoStressExpectedReturn,-0.004265428389048399,-0.004192682700209587,1.928869281617823,-0.00426542838904842,0.020785455406242184,6.235636621872655e-05,1.038932262008557e-05,6.810166071107803e-06,0.5295235999134716,0.47046958992045734,0.0,0.010875308602678114,0.0014083333333333556,0.0002662759519705876,7.274729846516254e-05,0.009832118685575687,False,True,0.13000000000000103,-0.09145488941184378,-1.0269562977782698e-15,0.06854511058815622
2011-04,NoStressExpectedReturn,0.03211450401820827,0.03222209578473392,1.990813961912937,0.0,0.030740504721616463,9.222151416484939e-05,1.537025236080822e-05,0.0,0.5058120539342127,0.4941879460657873,5.049114594926744e-19,0.0113121925205085,0.0014083333333333764,0.0002931666757259666,0.00010759336657172848,0.010207265811544115,False,True,0.130000000000002,-0.09701181893834182,-1.9984014443252818e-15,0.06298818106165818
2011-05,NoStressExpectedReturn,0.0010516110096955647,0.001332882661095023,1.9929075237935405,0.0,0.08036332897127382,0.00024108998691382147,4.01816644856369e-05,2.0981559043674507e-06,0.5714502782789818,0.42854762356511394,0.0,0.011609802495270554,0.0014083333334019882,0.00020818358309353813,0.0002812734906011442,0.01041617875487488,False,True,0.1300000000031687,-0.07811685717290753,-3.1686875345826593e-12,0.08188314282709247
2011-06,NoStressExpectedReturn,-0.01657250654864133,-0.016475351439492254,1.9598800508046357,-0.016572506548641286,0.02775860261402152,8.327580784206457e-05,1.3879301307010733e-05,1.3908806376579395e-06,0.5478466182792294,0.45215199084013297,0.0,0.011508872211573694,0.0014083333333337112,0.00023167014573181787,9.71574188103914e-05,0.01047587798036463,False,True,0.13000000000001743,-0.08337141082837338,-1.7430501486614958e-14,0.07662858917162663
2011-07,NoStressExpectedReturn,0.037165539202948523,0.037257262300219966,2.032720049665892,0.0,0.02620737188588514,7.862211565765542e-05,1.3100981613784648e-05,6.7951475246031565e-06,0.5313954357418471,0.46859776911062834,3.030696940528691e-18,0.011357623753655835,0.0014083333333372648,0.00025203699679395865,9.172473483956809e-05,0.010309695355353676,False,True,0.13000000000018144,-0.08702778776760504,-1.814381977993662e-13,0.07297221223239496
2011-08,NoStressExpectedReturn,0.05522556060192435,0.05546664580246178,2.1449781539554627,0.0,0.06888170737491739,0.00020664512212475216,3.444007841267777e-05,0.06888830739632608,0.5143586518504876,0.4167530407531864,0.0,0.011492597463079311,0.0014083333485807813,0.00017993394261950097,0.00024108714231123378,0.010367409703858186,False,True,0.13000000070372836,-0.05421537668315576,-7.037283533684047e-10,0.10578462331684424
2011-09,NoStressExpectedReturn,-0.015382010454918525,-0.014774914916469324,2.111984077565748,-0.015382010454918382,0.1734558681283427,0.0005203676043850281,8.672793406417136e-05,0.18854049117823213,0.5355622738071115,0.27589723501465635,3.8697547228259965e-17,0.011167839784334093,0.001408333348441572,0.0001088115047936137,0.0006070970384788194,0.009747764566840874,False,True,0.13000000069730333,-0.033095631000192194,-6.973033261914452e-10,0.1269043689998078
2011-10,NoStressExpectedReturn,0.016164407182820657,0.016252052437319697,2.1461230481591547,0.0,0.025041501285439614,7.512450385631884e-05,1.252075064271981e-05,0.19121304664760838,0.550543592268623,0.25824336108376855,0.0,0.010773782530989205,0.0014083333355414255,0.00010361541459722616,8.764675467842284e-05,0.009878353693942844,False,True,0.13000000010191196,-0.03228485617576556,-1.019119511003197e-10,0.12771514382423443
2011-11,NoStressExpectedReturn,0.022621821438220377,0.022757066628436788,2.1946722605390603,0.0,0.03864148291897419,0.00011592444875692258,1.9320741459487132e-05,0.20391634236154532,0.5140948588917926,0.2819887987466621,0.0,0.010518561798877793,0.0014083333333371095,0.00012178399325559719,0.00013524669036190336,0.009557364448591737,False,True,0.13000000000017428,-0.03553654982969112,-1.7427725929053395e-13,0.12446345017030888
2011-12,NoStressExpectedReturn,-0.03132900546717952,-0.031235057288811742,2.1259153612899646,-0.03132900546717965,0.02913807145629402,8.741421436888206e-05,6.533963998889924e-06,0.2185707068139684,0.4769084716333455,0.3045208215526861,8.301452278684177e-18,0.012064025256927718,0.0014083333335735257,0.00014205526923874085,9.394967851670512e-05,0.011123853642385509,False,True,0.1300000000110858,-0.03909638484145165,-1.1085798945487113e-11,0.12090361515854836
2012-01,NoStressExpectedReturn,0.04055516413945794,0.04067658387920711,2.2121322077136742,0.0,0.04047292434130712,0.00012141877302392137,9.667252515677574e-10,0.2568145162907399,0.45365639364608235,0.2895290900631778,5.551115123125783e-17,0.011147010790676513,0.0014083333334974106,0.00017623138054098257,0.00012142172638076649,0.010145191017006058,False,True,0.1300000000075728,-0.047634222099688386,-7.572803495392577e-12,0.11236577790031162
2012-02,NoStressExpectedReturn,0.004857170194146551,0.0048571803085639634,2.2228769103384924,0.0,2.900588120302633e-06,8.7017643609079e-09,1.412653050897278e-09,0.26478126675723884,0.4378928092856613,0.2973259239570999,5.040153175948892e-17,0.01002920830524192,0.001133793452067204,0.0001853882348838913,1.360055232879729e-08,0.009276909743772098,False,True,0.11664270840822603,-0.04937999800950753,0.01335729159177397,0.11062000199049248
2012-03,NoStressExpectedReturn,-0.0047499867871507884,-0.004749981082266751,2.212318274384922,-0.004749986787150773,1.6299668678110623e-06,4.889900603433187e-09,8.149834339054797e-10,0.2749897507782848,0.4366165244076942,0.28839372481402104,5.383679871840812e-17,0.009414237173866503,0.0010205408559452224,0.00018646587907914574,9.33864111263626e-09,0.008717491528173634,False,True,0.11066386163216368,-0.04873359516722042,0.01933613836783632,0.11126640483277958
2012-04,NoStressExpectedReturn,0.0023852268459464035,0.0023852337134678677,2.2175951553247626,-0.0023760897372070433,1.9621489897592807e-06,5.886446969277842e-09,9.810744948656655e-10,0.27569138606047444,0.4389804742447648,0.2853281396947608,5.1562024358593356e-17,0.009420665666079504,0.0007667595041138044,0.00018300522220066035,1.0230636628928826e-08,0.008854270461185311,False,True,0.09592243767422538,-0.04885690127252877,0.03407756232577462,0.11114309872747123
2012-05,NoStressExpectedReturn,-0.02365410219189523,-0.023496764564240945,2.165139932900459,-0.025973987659641207,0.052445793620217895,0.00015733738086065369,2.4679362900691345e-10,0.3265682315383063,0.38870493953349256,0.28472682892820117,3.548373289402869e-19,0.010339850596182098,0.0007130196898060108,0.00022849016482636778,0.0001573403708701152,0.00959751021558261,False,True,0.09249992582522502,-0.060392870328461426,0.03750007417477498,0.09960712967153858
2012-06,NoStressExpectedReturn,-0.011990431879815047,-0.011630949448210273,2.1391789700247488,-0.03765298020977614,0.11982680718072311,0.00035948042154216936,2.010062604085468e-09,0.4264467114359226,0.281614806388303,0.29193848217577445,0.0,0.01186494396655782,0.0014083333354707253,0.00036696522726517876,0.0003594841766325173,0.01043432789492476,False,True,0.13000000009864887,-0.08814722161633541,-9.864886685306828e-11,0.07185277838366459
2012-07,NoStressExpectedReturn,0.012762603157170049,0.012870051838055611,2.1664804623013385,-0.025370927096708185,0.033775295495922675,0.00010132588648776802,6.122794397794118e-06,0.4150466286000711,0.3192637973262834,0.2656895740736456,0.0,0.011375527432506112,0.00140833334091085,0.000332306523401157,0.00010745018102426537,0.010231604057625266,False,True,0.13000000034973153,-0.08686967787221087,-3.4973152152062426e-10,0.07313032212778914
2012-08,NoStressExpectedReturn,0.021535163005058443,0.021622451216041876,2.213135972204272,-0.004382131142266932,0.02909590908949436,8.728772726848309e-05,4.837149483183368e-10,0.3826705228628617,0.35068127243945785,0.2666482046976806,0.0,0.011545149887828782,0.0014083333335420342,0.0002840653156579458,8.729055892247177e-05,0.010469627346477347,False,True,0.13000000000963235,-0.07610604641819696,-9.63235047279909e-12,0.08389395358180304
2012-09,NoStressExpectedReturn,0.030804073336365947,0.03121415849979408,2.2813095749954018,0.0,0.13669504066170973,0.0004100851219851292,4.1443004639072726e-11,0.514881049465867,0.20882574873328527,0.27629320180084777,1.5914218084918718e-19,0.013327113061903264,0.0014083333335782645,0.00049264197877205,0.0004100885045254199,0.011720215911816663,False,True,0.13000000001130452,-0.12352919715712846,-1.1304512881338269e-11,0.03647080284287155
2012-10,NoStressExpectedReturn,-0.03646123201981107,-0.03624771650598716,2.1981302172724777,-0.03646123201981111,0.06100443252111813,0.0001830132975633544,3.0502216260559076e-05,0.4615564312210315,0.20296017686741166,0.3354833919115569,4.463107593921033e-18,0.013029282899383904,0.0014083333333339645,0.00042976434108292575,0.00021351826512152613,0.01168183362651247,False,True,0.13000000000002915,-0.09587157416829234,-2.914335439641036e-14,0.06412842583170766
2012-11,NoStressExpectedReturn,-0.0017573921533209033,-0.001749655359678864,2.194267240476665,-0.03815454749008007,0.00221051246915402,6.63153740746206e-06,1.1052562345770224e-06,0.45310729910362385,0.211494942588896,0.3353977583074802,2.5909307877501477e-18,0.013246013923303096,0.001408333333333341,0.0004274551600718593,7.738798407212762e-06,0.012106653298157355,False,True,0.13000000000000037,-0.0932431191829954,-3.608224830031759e-16,0.06675688081700461
2012-12,NoStressExpectedReturn,0.019752505799388906,0.019769025780326747,2.2376095168695893,-0.01915568961126224,0.005506546410266754,1.6519639230800263e-05,3.4170704271566073e-10,0.4697626643436027,0.20635908802144437,0.3238782476349528,0.0,0.012672673192368542,0.0014083333333333341,0.00044084585613892986,1.652253682285473e-05,0.01151113813274009,False,True,0.13000000000000003,-0.09959240272557184,-2.7755575615628914e-17,0.06040759727442817
2013-01,NoStressExpectedReturn,-0.009752571267601566,-0.00951219953123651,2.2157870705872553,-0.0287214436507498,0.08012390264254483,0.0002403717079276345,2.8437421166517944e-11,0.5633122669387842,0.12208397327064205,0.3146037597905737,5.280578965842359e-17,0.013126493352032387,0.0014083333338832447,0.0005985851904778213,0.00024037512586622806,0.011583366368746715,False,True,0.1300000000253805,-0.12984920809566156,-2.5380503254623932e-11,0.030150791904338448
2013-02,NoStressExpectedReturn,0.0021169571578686253,0.0021663457682334214,2.2204777968866476,-0.026665288558602063,0.01646282837314956,4.9388485119448677e-05,1.2524534731584717e-10,0.5691660256459133,0.1074455432375812,0.3233884311165055,0.0,0.012144033956165139,0.0014083333333350114,0.0006093797987799137,4.9391671265576255e-05,0.010781095819452144,False,True,0.13000000000007744,-0.13074579080231738,-7.743805596760467e-14,0.029254209197682624
2013-03,NoStressExpectedReturn,-0.0024951938888867426,-0.00224960499479896,2.2149372742574474,-0.029093947382431984,0.08186294549850703,0.0002455888364955211,5.759226151585344e-11,0.5074385054026401,0.18986412652078613,0.30269736807657377,9.866305345796523e-19,0.010761750936554897,0.001408333333609012,0.00047501247267755706,0.0002455921769608173,0.009336979620112016,False,True,0.13000000001272363,-0.11143425808369505,-1.272362770698976e-11,0.04856574191630496
2013-04,NoStressExpectedReturn,-0.04216536372416653,-0.04209997895085285,2.121543638462168,-0.07003255423304655,0.021794241581550605,6.538272474465182e-05,2.048569029689498e-09,0.5222862268644864,0.16962300382625115,0.30809076930926244,0.0,0.011930359171596728,0.001408333333376332,0.0004984118201744845,6.538651392477515e-05,0.010662394170809303,False,True,0.13000000000198456,-0.1160434800843221,-1.984551412093083e-12,0.04395651991567791
2013-05,NoStressExpectedReturn,0.0005529199701377053,0.0009754659111731141,2.1227166823073924,-0.06951835666070394,0.12577204806247877,0.00037731614418743634,4.522979684797236e-05,0.4914655864074546,0.3035806384912379,0.20495377510130747,2.456035558034888e-17,0.011024949516729004,0.001408333333333568,0.00040593140973277196,0.00042254744107366544,0.009492303999255783,False,True,0.13000000000001083,-0.11995646611630834,-1.0824674490095276e-14,0.04004353388369167
2013-06,NoStressExpectedReturn,-0.0627703361298206,-0.06275871475412756,1.9894730426505798,-0.12792500217573943,0.003873376312491571,1.1620128937474713e-05,1.2467555627878547e-09,0.5054497999861671,0.2970622435453664,0.19748795646846645,2.5712306947316454e-19,0.009857602313075128,0.0014083333333375643,0.0004226345487846632,1.1623262175601653e-05,0.008719177835446082,False,True,0.13000000000019526,-0.12667002873962208,-1.952604744559494e-13,0.03332997126037793
2013-07,NoStressExpectedReturn,0.026172198298470232,0.02657645531564603,2.0415419256322918,-0.10510088240154492,0.13133282073816013,0.0003939984622144804,1.025855496131725e-05,0.38531525544363376,0.4452382337068518,0.16944651084951456,2.6897531240060307e-18,0.008185494784535133,0.0014083333380988641,0.00026125431626512074,0.0004042585172370161,0.0068158152819835635,False,True,0.13000000021994756,-0.08940106833456102,-2.1994756016496808e-10,0.07059893166543899
2013-08,NoStressExpectedReturn,0.012364817716051598,0.012364852983839535,2.066785219402412,-0.09403561793818449,1.1644017559002457e-05,3.493205267700737e-08,3.357352594393117e-10,0.3884307832684117,0.4355427887522285,0.17602642797935986,8.646876499226056e-21,0.007573269384737514,0.0010482799463666698,0.0002651794555912967,3.7966393898037665e-08,0.006783911989568985,False,True,0.1121577431852123,-0.08976361575948369,0.01784225681478771,0.07023638424051631
2013-09,NoStressExpectedReturn,-0.0001208790787117059,-0.00012080624367728777,2.066535388309196,-0.09414513007803371,2.4098890801724308e-05,7.229667240517292e-08,5.383620129555707e-10,0.38820280059496426,0.43164469505730263,0.18015250434773308,1.6904163214267476e-19,0.007549892580560125,0.000857286933434068,0.0002637148664373668,7.518419162017132e-08,0.006857459063214104,False,True,0.10142703387760492,-0.08939910056306473,0.028572966122395085,0.07060089943693527
2013-10,NoStressExpectedReturn,0.0112761022834572,0.01127610602752296,2.089837852720154,-0.08393061791082579,1.1540562728506873e-06,3.462168818552062e-09,2.818969422058307e-10,0.40343378074031294,0.433661010205923,0.16290520905376404,2.788664053499776e-17,0.007369810318383435,0.001131719435368657,0.000273893336683997,7.828337826593735e-09,0.006530049435677282,False,True,0.11653597394978035,-0.09661866828516248,0.013464026050219652,0.06338133171483752
2013-11,NoStressExpectedReturn,-0.007152506238674184,-0.007152505108882803,2.074890274440756,-0.0904828098812771,3.4425258528535607e-07,1.0327577558560681e-09,9.703362467695441e-11,0.40904691924868064,0.4297396571243144,0.16121342362700503,5.3376865671651485e-17,0.007092057381178719,0.0009562621012820721,0.0002778764825359481,6.640530793986933e-09,0.006336043207470941,False,True,0.10712210423336943,-0.09475629218033414,0.022877895766630574,0.06524370781966586
2013-12,NoStressExpectedReturn,-0.004182704436484917,-0.004182703413689596,2.066211621684633,-0.09428705146744598,3.1058221618143786e-07,9.317466485443137e-10,9.104867311485218e-11,0.4166231517858303,0.43119509537941164,0.15218175283475802,5.204295243069046e-17,0.006587015776765384,0.0009881248270076075,0.0002826202948576434,6.615900341346941e-09,0.005810326452503595,False,True,0.10889213894534026,-0.09821647220789909,0.02110786105465974,0.06178352779210092
2014-01,NoStressExpectedReturn,-0.011937848342771982,-0.011937844948224014,2.041545500700889,-0.10509931528911243,1.0276948175236564e-06,3.083084452570969e-09,3.1146351395231e-10,0.4140355174187056,0.43578002628704654,0.15018445629424784,5.3748301599316504e-17,0.006813265918333024,0.001000475767616605,0.00027556985152786767,7.625415423180086e-09,0.0060374505575814304,False,True,0.10957056726785373,-0.09756105276906847,0.02042943273214627,0.06243894723093153
2014-02,NoStressExpectedReturn,0.019377122820228708,0.019377123699735523,2.081104778611055,-0.08775871480956299,2.7106639284570543e-07,8.131991785371163e-10,6.630763559058641e-11,0.39810204206725874,0.44227339161105567,0.1596245663216856,5.606254652523908e-17,0.006413412041707567,0.0009233047017238149,0.0002561269098221701,6.585949470711387e-09,0.005695626195074019,False,True,0.10525994689665095,-0.09125705336776455,0.02474005310334905,0.06874294663223546
2014-03,NoStressExpectedReturn,-0.005806959787523559,-0.005806958052233157,2.0690198868480376,-0.09305606326918259,4.996795629069951e-07,1.4990386887209852e-09,2.362517138726272e-10,0.39653390980518277,0.43650591575578723,0.16696017443902997,5.83420565337801e-17,0.00642090380543639,0.0008641753920502532,0.00025407355547260374,6.88941112489964e-09,0.005734735664527535,False,True,0.10183371104208584,-0.08996493896283095,0.028166288957914162,0.07003506103716906
2014-04,NoStressExpectedReturn,-0.006415953570242292,-0.0064159483349753325,2.0557451513181126,-0.09887497345806029,1.5128002732179068e-06,4.5384008196537206e-09,6.968661394601506e-10,0.4010149400755626,0.4398925124855854,0.15909254743885196,5.688377345014598e-17,0.006138943892076398,0.0008155819472252937,0.0002546117739419395,9.161492817716081e-09,0.005476531983028994,False,True,0.09892918359464777,-0.092288773627107,0.03107081640535224,0.06771122637289301
2014-05,NoStressExpectedReturn,0.005640037212420754,0.005640062980031055,2.0673396304708005,-0.09379259477531998,7.416620180292361e-06,2.2249860540877083e-08,3.5177497602760396e-09,0.40093167443531136,0.44415665149494854,0.1549116740697401,5.468719652965267e-17,0.005682337138631733,0.0007992770303466517,0.0002508808145293794,2.854327104352691e-08,0.005031789265657984,False,True,0.09793530703561316,-0.09269635528177249,0.03206469296438684,0.06730364471822751
2014-06,NoStressExpectedReturn,0.010504128587685476,0.010504135705645682,2.089055231783684,-0.08427367566372723,2.0905459248571794e-06,6.271637774571538e-09,8.4632243065037e-10,0.40641707639226776,0.4453629408860421,0.14821998272169012,5.587072140177902e-17,0.005667991570997031,0.0008133107501351618,0.000253138919610474,1.0522439952676462e-08,0.005008186753879024,False,True,0.0987913407218565,-0.09522975879469704,0.031208659278143508,0.06477024120530296
2014-07,NoStressExpectedReturn,0.015076219368162067,0.015076222921904803,2.1205502867302615,-0.0704679847168328,1.0575141135560618e-06,3.1725423406681853e-09,3.812003957215105e-10,0.4005674632135775,0.44430645408375563,0.15512608270266692,5.692865885964224e-17,0.005775941974026082,0.0007936053208798593,0.0002454309254072149,7.762090408717216e-09,0.005133700626088528,False,True,0.09758721151133642,-0.09255211173701952,0.03241278848866358,0.06744788826298048
2014-08,NoStressExpectedReturn,-0.008989153807162082,-0.00898914759443977,2.1014883340470214,-0.07882369097089459,1.9323241035457814e-06,5.796972310637344e-09,4.1575000138398353e-10,0.40816093854262786,0.4399893324108174,0.1518497290465548,5.2876376223123923e-17,0.005227630551885134,0.0007542362981239367,0.0002513742632829465,9.59551688347296e-09,0.004599128544023336,False,True,0.09513587954860794,-0.09543053521187742,0.03486412045139206,0.06456946478812259
2014-09,NoStressExpectedReturn,-0.009261276021967316,-0.009261270156696965,2.0820258705284678,-0.08735495903371016,1.8031923455786093e-06,5.409577036735828e-09,4.5569331547087193e-10,0.40678625712178806,0.44614061115620784,0.1470731317220041,5.100676555962472e-17,0.004808878572970543,0.0006880354399621856,0.00024649830477128335,9.308729937555733e-09,0.00421835323948823,False,True,0.09086487373867984,-0.09164585186932159,0.039135126261320166,0.06835414813067842
2014-10,NoStressExpectedReturn,-0.011175408511735213,-0.01117540043441761,2.0587583808933108,-0.09755414019271791,2.5191002539365827e-06,7.557300761809749e-09,5.200168397972514e-10,0.39614967372562104,0.45601958006226023,0.1478307462121187,5.2496512188732104e-17,0.004827491691407159,0.0008309399730764006,0.0002321551150630951,1.1129181106180869e-08,0.004179855460624758,False,True,0.09985629512913448,-0.08810841663782776,0.030143704870865526,0.07189158336217225
2014-11,NoStressExpectedReturn,0.012686022727124845,0.012686023671721464,2.084875836502982,-0.08610569150520309,2.8326373908979875e-07,8.497912172693962e-10,9.480540226483234e-11,0.3919142076918384,0.4643639674790753,0.14372182482908633,7.440144588542917e-17,0.005088069649226105,0.0006810124954541052,0.0002248059540099778,6.601216319142546e-09,0.004522750846272756,False,True,0.0903999443885297,-0.08717610861475181,0.0396000556114703,0.0728238913852482
2014-12,NoStressExpectedReturn,-0.009932237642424206,-0.009932235492544753,2.0641683542398863,-0.0951827069572323,6.243919708631952e-07,1.8731759125895854e-09,2.767035400669505e-10,0.3906474146177778,0.4605522200243647,0.14880036535785754,6.305895113131329e-17,0.004859277154912861,0.0006967604566754059,0.00022273784023087235,7.057996753051785e-09,0.004288152028347533,False,True,0.09143919006697768,-0.0863346506087442,0.03856080993302233,0.0736653493912558
2015-01,NoStressExpectedReturn,0.029507432792508052,0.029507434236999,2.1250766632250415,-0.06848387149327384,4.224139128180962e-07,1.2672417384542887e-09,1.7724920986254919e-10,0.3852502314499166,0.4654910396559497,0.1492587288941338,0.0,0.004854584623838012,0.0008320358404888166,0.00021551363216322215,6.753741680755233e-09,0.0042230463176887,False,True,0.09992212010293716,-0.08462627902032802,0.030077879897062842,0.07537372097967199
2015-02,NoStressExpectedReturn,-0.004268381837866661,-0.0042683796542937165,2.116006024591657,-0.07245993801787187,6.553595771063847e-07,1.966078731319154e-09,2.1749421344474662e-10,0.3836383959085556,0.45855534528804287,0.15780625880340166,0.0,0.005612845704492752,0.0006832276532308166,0.00021449819696149624,7.010436530771716e-09,0.005056726670479317,False,True,0.0905468488616241,-0.08351766031398423,0.0394531511383759,0.07648233968601577
2015-03,NoStressExpectedReturn,0.010462823712343168,0.010462824600920797,2.138145422601216,-0.06275524986321701,2.551446286885861e-07,7.654338860657584e-10,1.2314374121802362e-10,0.3888723001066107,0.4595898143997907,0.15153788549359853,0.0,0.005091437163182819,0.0005743921782283794,0.00021641391723813583,6.607877754652345e-09,0.004587820548952739,False,True,0.08302232313504936,-0.08559012850493888,0.04697767686495065,0.07440987149506112
2015-04,NoStressExpectedReturn,0.006591440483166405,0.006591443455189075,2.1522388808986466,-0.056577456874530196,8.945932650217157e-07,2.683779795065147e-09,2.8824287492957753e-10,0.39119524154664664,0.46024832614742006,0.14855643230593335,2.773527739639862e-17,0.005799173621298255,0.0007066907539463852,0.00021607697864556226,7.395230022028371e-09,0.005229743870449478,False,True,0.09208848487925417,-0.08652181708743752,0.03791151512074584,0.07347818291256249
2015-05,NoStressExpectedReturn,-0.0007895140730199547,-0.0007895116661068135,2.150539658013676,-0.05732230224913215,6.876894689138314e-07,2.063068406741494e-09,3.438447345065366e-10,0.4056539962470705,0.45371127921358695,0.1406347245393425,0.0,0.005154156701880751,0.0006646948460022942,0.00022831915896996766,7.139832146988151e-09,0.004593482980077488,False,True,0.08931034739618658,-0.09212432155293972,0.04068965260381342,0.06787567844706029
2015-06,NoStressExpectedReturn,-0.016559474114636055,-0.016559473318931872,2.1149278522143002,-0.07293254918348246,2.273440526112669e-07,6.820321578338007e-10,1.1367202629175566e-10,0.39494902826254397,0.4561799413701464,0.14887103036730967,0.0,0.0051367095594718895,0.0008148061763940993,0.0002164185612086383,6.582084749369661e-09,0.004512881327981453,False,True,0.09888212233123433,-0.08766337310575963,0.03111787766876567,0.07233662689424038
2015-07,NoStressExpectedReturn,-0.014333316233494162,-0.014333314577467855,2.084613922497488,-0.08622050012581495,4.7315037388084846e-07,1.4194511216425455e-09,2.3657518694042425e-10,0.3886098507795734,0.4630143387487466,0.14837581047168,0.0,0.004465009160931873,0.0005837308716592516,0.00020977245954928485,6.8304838504737e-09,0.003963364435069112,False,True,0.08369450674871691,-0.08246117812527783,0.046305493251283095,0.07753882187472218
2015-08,NoStressExpectedReturn,-0.0071584479931042265,-0.007158445389697314,2.0696913221475883,-0.09276174315282926,8.515298096645196e-07,2.554589428993559e-09,4.881748422169707e-11,0.38202214504510357,0.47163867394146175,0.14633918101343465,0.0,0.0031616723491819055,0.0008375135872006351,0.00020196536538187883,7.358168804879718e-09,0.0025409428320309043,False,True,0.10025050147708799,-0.08062978222188652,0.02974949852291202,0.07937021777811348
2015-09,NoStressExpectedReturn,0.00863674728747916,0.008636749781218145,2.0875667230600654,-0.08492615559890726,7.565362911132754e-07,2.2696088733398262e-09,2.241301109429096e-10,0.365414930694611,0.477924943105361,0.15666012620002803,1.966667341142615e-21,0.004373414666437606,0.0009006313662878974,0.0001866817930963676,7.142302826614765e-09,0.0037364100478944626,False,True,0.10395949401307593,-0.07545122874416318,0.026040505986924076,0.08454877125583682
2015-10,NoStressExpectedReturn,0.01865973800008879,0.01865974013715982,2.1265201711700703,-0.06785111741164873,6.434334785532253e-07,1.930300435659676e-09,2.067705945352199e-10,0.3701990206093614,0.47786619595164653,0.1519347834389922,5.3788430502418426e-21,0.004773249188644862,0.0009831690993354599,0.00018831758248797346,6.987077840720625e-09,0.004093340069411319,False,True,0.10861873315421018,-0.07700795179664467,0.021381266845789823,0.08299204820335533
2015-11,NoStressExpectedReturn,-0.015593928339233076,-0.015593926531515707,2.0933593680089104,-0.08238698028822777,5.243041774072322e-07,1.5729125322216965e-09,2.348048358247213e-10,0.38449199584625326,0.4697590122644364,0.14574899188931031,2.5875615598602423e-21,0.004666620408903575,0.0007693140918333775,0.00019957668469165415,6.905465507014715e-09,0.004082379772829725,False,True,0.09608209563701517,-0.08139196388113985,0.033917904362984835,0.07860803611886015
2015-12,NoStressExpectedReturn,0.0027484517279809705,0.0027484561852886853,2.0991128651812,-0.079864965198583,1.337852144386864e-06,4.0135564331605926e-09,4.4375128195606187e-10,0.3837847943732645,0.4744635096156488,0.14175169601108675,2.3475031319128586e-21,0.003764448833159239,0.0007928548381450262,0.00019803872921566484,8.32458820278116e-09,0.003169974360282858,False,True,0.09754105831771723,-0.0814778218828808,0.03245894168228278,0.0785221781171192
2016-01,NoStressExpectedReturn,0.004802620706465301,0.004802623380587965,2.109194108092727,-0.07544590562770159,7.640350468685058e-07,2.2921051406055174e-09,3.82017523448131e-10,0.3781360581861312,0.4774019660362459,0.144461975777623,1.0037260417414751e-21,0.0037941196624996353,0.0008363131269434422,0.00019129069434078598,7.25865486262929e-09,0.003184665146032266,False,True,0.10017862807665767,-0.07962386907474324,0.029821371923342332,0.08037613092525676
2016-02,NoStressExpectedReturn,0.0322995920178667,0.032299595870587366,2.1773202172706103,-0.04558318558102803,1.100777332854741e-06,3.3023319985642232e-09,5.503886664343094e-10,0.36671303241761033,0.47928266763352906,0.1540042999488607,8.510486430424962e-22,0.0038028922260591063,0.0008426666118064011,0.00018126523034137407,8.114723447062087e-09,0.0032002855750910848,False,True,0.10055843744647593,-0.07592231205659439,0.029441562553524078,0.08407768794340562
2016-03,NoStressExpectedReturn,-0.005119107725615853,-0.005119107167416306,2.1661742805252406,-0.0504689480691779,1.594855851133619e-07,4.784567553400857e-10,7.974279254974132e-11,0.3637274623794776,0.46744025608303275,0.1688322815374897,1.7888790051428006e-21,0.004844993853580436,0.0008143796502184579,0.0001819905415357562,6.535723905102212e-09,0.004255806951211546,False,True,0.0988562380561869,-0.07452964623835309,0.031143761943813103,0.08547035376164691
2016-04,NoStressExpectedReturn,0.01017606757353731,0.01017606868081624,2.188217416379924,-0.04080645592155774,3.345460727194327e-07,1.003638218158298e-09,1.0364071233170957e-10,0.376396256196685,0.4705073398441026,0.15309640395921242,1.7368539660219534e-21,0.004671844201416746,0.0006777675518107811,0.00018745427861219133,6.636327186287075e-09,0.0041454995105719775,False,True,0.09018431472118293,-0.07876623707592992,0.03981568527881707,0.08123376292407009
2016-05,NoStressExpectedReturn,-0.005550967112746277,-0.005550964816635515,2.1760706934660607,-0.046130907739495686,7.333065802916927e-07,2.199919740875078e-09,9.619102103730625e-11,0.37146821865590346,0.4666130228912277,0.16191875845286888,2.775763087151908e-17,0.005198773540536186,0.0005825219153276618,0.0001840385952325863,7.102146480509832e-09,0.004723466885493289,False,True,0.08360779260291436,-0.07447409931772901,0.04639220739708565,0.08552590068227099
2016-06,NoStressExpectedReturn,0.020874911770635513,0.020874920048652316,2.2214959771988303,-0.02621897459782152,2.643553629264081e-06,7.930660887792243e-09,3.473559148509414e-10,0.3708652579992078,0.470615105636234,0.15851963636455835,2.992471069313263e-17,0.005674717463929372,0.0005657185867084611,0.00018105783853429412,1.1460463901889673e-08,0.005210788871576945,False,True,0.08239310068507881,-0.07431345615082516,0.047606899314921194,0.08568654384917485
2016-07,NoStressExpectedReturn,0.011488534916416087,0.011842314626575416,2.2470177112995566,-0.015031657286545319,0.1179265198178032,0.00035377955945340957,1.507059202434498e-10,0.48413260070213743,0.3501885011125201,0.16567889818534248,0.0,0.00738331038063081,0.0012001376388777111,0.0003097547946041624,0.00035378269622280014,0.006119704070364992,False,True,0.12000688174655874,-0.10712647464081956,0.009993118253441263,0.05287352535918044
2016-08,NoStressExpectedReturn,0.0005218157138308249,0.0008685264683172492,2.248190240450569,-0.014517685327691487,0.11556995754372616,0.0003467098726311785,8.818552459655127e-10,0.6095150948600463,0.23149552654400105,0.1589893785959527,0.0,0.008321902073294519,0.0014083333333669598,0.0004951254237546266,0.0003467127820381973,0.006775897200818215,False,True,0.13000000000155199,-0.15407922054493553,-1.5519807661235063e-12,0.005920779455064473
2016-09,NoStressExpectedReturn,0.008943796458579399,0.008943809480843865,2.2682975963613234,-0.005703732091732694,4.317085168140114e-06,1.2951255504420342e-08,7.100896336209306e-11,0.615152920781336,0.23019127012708834,0.15465580909157567,2.776111334782491e-17,0.00819250114905468,0.0012795659784819097,0.0004999041582199213,1.6606888249638118e-08,0.007052797394705553,False,True,0.12391445332076043,-0.15750249976912653,0.0060855466792395785,0.002497500230873473
2016-10,NoStressExpectedReturn,-0.007389944459525626,-0.007130575337776034,2.2515350031065378,-0.013051526287888415,0.08492466007029012,0.00025477398021087034,4.595141538720953e-06,0.5333978413839242,0.3050270454064041,0.16157511320967163,0.0,0.0078018214334301915,0.0014083333415621708,0.0003684644886894392,0.0002593706218771363,0.00646981965208253,False,True,0.1300000003797925,-0.12312725520317364,-3.797925030024629e-10,0.03687274479682637
2016-11,NoStressExpectedReturn,-0.017131443437933592,-0.01696397364262252,2.2129629585522905,-0.029959378241442347,0.05582314571854825,0.00016746943715564475,3.581554269549425e-10,0.5869125790669293,0.24766692757242278,0.16542049336064796,0.0,0.007197848954398222,0.001408333333369651,0.0004482074244485563,0.00016747232287983853,0.005878002540385002,False,True,0.1300000000016762,-0.14321510473412594,-1.6761869670034457e-12,0.016784895265874067
2016-12,NoStressExpectedReturn,0.020587172657793598,0.02082057270402405,2.258521609065308,-0.009988984476225538,0.07779995766834787,0.0002333998730050436,1.7322540885045258e-10,0.5172522529154547,0.3258570316710715,0.1568907154134737,2.7755575615628914e-17,0.005923378273075323,0.0014083333333333385,0.0003417149907326397,0.00023340296997576332,0.00464409364570025,False,True,0.13000000000000023,-0.1180638627062347,-2.220446049250313e-16,0.0419361372937653
2017-01,NoStressExpectedReturn,0.01888374250969018,0.01892337853593098,2.3011709495834682,0.0,0.0132113485038097,3.96340455114291e-05,1.980729371713639e-09,0.5111216652310419,0.3340527393376774,0.1548255954312807,0.0,0.006393471020174499,0.0014083333386418879,0.0003302568509992771,3.963777488848514e-05,0.005319409724965792,False,True,0.1300000002450102,-0.11641706975847468,-2.4501020656764183e-10,0.04358293024152532
2017-02,NoStressExpectedReturn,0.008426173332249482,0.008426198515091904,2.320561014871796,0.0,8.371640276408122e-06,2.5114920829224365e-08,6.792159391889472e-11,0.5202196956702566,0.32793648354442273,0.15184382078532063,5.504734458191538e-17,0.006762302644284206,0.0012432056194937385,0.00033920910456028397,2.860952859920928e-08,0.005801462120448454,False,True,0.12214117828940764,-0.12016074878872271,0.007858821710592365,0.03983925121127729
2017-03,NoStressExpectedReturn,0.0171474550479358,0.01719095183818067,2.3603527305603023,0.0,0.012427740271817145,3.7283220815451436e-05,6.21356942941917e-06,0.50835930039969,0.32595836638352327,0.16568233321678666,2.7755575615628914e-17,0.006837874450577167,0.0014083333336771912,0.00032450763202676537,4.349913864318968e-05,0.005765701013068616,False,True,0.13000000001587037,-0.1107936408446728,-1.5870360581260456e-11,0.0492063591553272
2017-04,NoStressExpectedReturn,0.019012703204227436,0.019194859731556865,2.4052294164837336,0.0,0.05204536567331701,0.00015613609701995104,2.6020430309477722e-05,0.4669476487850419,0.3202668932625527,0.21278545795240528,1.2530904378764687e-18,0.0070061522102107966,0.0014083333343972624,0.0002883787752333007,0.0001821581918410544,0.00583144857593781,False,True,0.13000000004910442,-0.09968825450939447,-4.910441497862905e-11,0.06031174549060553
2017-05,NoStressExpectedReturn,0.0249373798434052,0.0249374503240434,2.4652095360531203,0.0,2.3461645015709977e-05,7.038493504712993e-08,9.570315373512567e-11,0.46984709935438845,0.31481768929198906,0.21533521135362244,1.0651364669925632e-18,0.007958806264333824,0.0012184622437057307,0.0002906428844676945,7.369830011922556e-08,0.007058858559713146,False,True,0.12091958867143392,-0.10065428278363024,0.009080411328566088,0.05934571721636976
2017-06,NoStressExpectedReturn,0.011881191026030838,0.011899969862829271,2.49449916147016,0.0,0.00536538194240971,1.609614582722913e-05,2.682690971204856e-06,0.48088625249534606,0.30679603615525924,0.21231771134939467,4.086086937554745e-18,0.007559925135893352,0.001408333346125846,0.00029993936998997197,1.878033797107759e-05,0.006537038754869379,False,True,0.13000000059042366,-0.10334754387935317,-5.904236544118646e-10,0.05665245612064683
2017-07,NoStressExpectedReturn,0.0038340650761121008,0.00383407132888349,2.504063233587544,0.0,1.9314848806739183e-06,5.794454642021755e-09,4.5831674702618967e-10,0.4882168716388124,0.3036097949768693,0.20817333338431826,3.161053783314219e-17,0.007342405952548089,0.0012662257701336814,0.0003046366065457938,9.612725656803571e-09,0.006404646848209797,False,True,0.12326682133325324,-0.10496330037938414,0.006733178666746761,0.05503669962061586
2017-08,NoStressExpectedReturn,0.003450137530203366,0.0034501528435088905,2.5127025961277467,0.0,5.08919931657678e-06,1.526759794973034e-08,4.5707575058313033e-11,0.48787302908152425,0.30269134769800354,0.2094356232204722,6.024711421488276e-17,0.007314220443370588,0.0011049602023922194,0.0003025014259128332,1.8933383648216763e-08,0.006459219982877997,False,True,0.11514999969043262,-0.10497071800963684,0.014850000309567388,0.055029281990363166
2017-09,NoStressExpectedReturn,0.014682742182820212,0.014682761957673268,2.5495959605287934,0.0,6.312863468957799e-06,1.8938590406873398e-08,8.362626483928361e-10,0.47876677550373753,0.3019246548502413,0.21930856964602113,5.618172834726767e-17,0.007874814046018523,0.0013682679993962065,0.0002939198141822143,2.2105016801140666e-08,0.006896738127121405,False,True,0.12813748863137,-0.10332875740363498,0.0018625113686299988,0.056671242596365023
2017-10,NoStressExpectedReturn,0.015325409315111662,0.015693996448393165,2.5886695622120524,0.0,0.10962054118262758,0.00032886162354788277,3.9725509733619826e-05,0.5213916413502203,0.18741711511771061,0.29119124353206916,0.0,0.008756122264741147,0.0014083333333347354,0.00037955886273179556,0.0003685886333257902,0.007303808102016194,False,True,0.1300000000000647,-0.12722011576833617,-6.4698246760031e-14,0.032779884231663836
2017-11,NoStressExpectedReturn,-0.02320175823801553,-0.022971587389566332,2.528607876871499,-0.023201758238015402,0.06576335701755824,0.00019729007105267473,3.2880777396522925e-05,0.47166628897873125,0.1830641213376574,0.3452695896836113,0.0,0.008194965906348904,0.0014083333548688226,0.00035557234824363626,0.00023017273674536757,0.006905054143925489,False,True,0.13000000099394565,-0.135296136858925,-9.939456480090314e-10,0.024703863141075005
2017-12,NoStressExpectedReturn,0.007661179111972572,0.007686626970673283,2.5479799947201562,-0.01571833195161698,0.008482605610287214,2.5447816830861643e-05,4.186985050307162e-11,0.47639658689151104,0.17997273449301132,0.34363067861547775,5.810049893358475e-19,0.007981612481662285,0.0014083333333333357,0.0003607286502049555,2.5451198398230682e-05,0.006891265966392432,False,True,0.1300000000000001,-0.13546124231457832,-8.326672684688674e-17,0.024538757685421686
2018-01,NoStressExpectedReturn,0.021638029781274933,0.02173988818246785,2.6031132617280033,0.0,0.03395077855318809,0.00010185233565956428,6.0655333508623404e-09,0.5107703509762842,0.1448589605612554,0.3443706884624604,1.939421887027316e-18,0.008392463223019038,0.0014083333333836114,0.00039767917230141935,0.0001018599835305231,0.00718875740049529,False,True,0.1300000000023205,-0.14018623331102104,-2.3205048993446553e-12,0.019813766688978968
2018-02,NoStressExpectedReturn,-0.04268226819583715,-0.042618167258932325,2.492006483346788,-0.042682268195837314,0.021366897545224126,6.410069263567238e-05,2.4426914779876983e-10,0.4927388173154238,0.16217828166431253,0.34508290102026357,0.0,0.006801889239763001,0.0014083333333347284,0.0003746852864732749,6.410368580918141e-05,0.00565893360081318,False,True,0.1300000000000644,-0.13750217612862223,-6.439293542825908e-14,0.022497823871377776
2018-03,NoStressExpectedReturn,0.01287795153204218,0.013016642276378743,2.5240984220568623,-0.030353976844898822,0.045784170814877026,0.0001373525124446311,1.3382318919336056e-06,0.42997492319764524,0.21546972703789677,0.35455534976445796,0.0,0.006053481636957225,0.0014083333333562759,0.0003244342306420777,0.00013869224474397147,0.004886188494893038,False,True,0.13000000000105888,-0.13152843468344935,-1.058875209736243e-12,0.02847156531655065
2018-04,NoStressExpectedReturn,0.0031567839132646564,0.003210161689285812,2.5320664553511083,-0.027293013877441763,0.017792452739151463,5.337735821745439e-05,4.17803701218185e-10,0.4191422377305058,0.23182485181148776,0.3490329104580065,2.1174512042697095e-18,0.006454363676363826,0.0014083333333336564,0.0003076181318652388,5.338021122120586e-05,0.005389198666610553,False,True,0.1300000000000149,-0.12799044026648004,-1.4904744105592727e-14,0.03200955973351996
2018-05,NoStressExpectedReturn,-0.013638619128946297,-0.013638616122075536,2.4975325653573934,-0.04055939398523256,9.716528941994273e-07,2.9149586825982818e-09,9.191207792080935e-11,0.42596330213645967,0.23096134858267822,0.3430753492808621,2.2416500773206357e-18,0.006275635227753211,0.0012782372689411907,0.0003076214403136293,7.534565903347082e-09,0.005328887618403083,False,True,0.12385009982755076,-0.12651475754166971,0.006149900172449249,0.03348524245833029
2018-06,NoStressExpectedReturn,-0.015076707821430833,-0.015076698231126064,2.4598779965949915,-0.055024599674133645,3.1814037104726565e-06,9.54421113141797e-09,4.60936371433033e-11,0.4175662759192652,0.23494172169631194,0.3474920023844229,2.990075262114835e-17,0.006994176681307326,0.0012247312249345865,0.000302027394558387,1.3381336696430137e-08,0.0060797702929449495,False,True,0.12123025488389867,-0.12717707236370931,0.008769745116101332,0.03282292763629069
2018-07,NoStressExpectedReturn,-0.00834473660695369,-0.008272583794762164,2.4393509626281653,-0.06291017048990366,0.02061528938349905,6.184586815049716e-05,1.0306944041029668e-05,0.4292473031769838,0.24033426131212168,0.33041843551089456,2.9362737189113385e-17,0.007328866242858365,0.001408333349559913,0.00030059567446886364,7.215479261062596e-05,0.006251949100998919,False,True,0.13000000074891904,-0.1223792286978143,-7.489190378962007e-10,0.037620771302185704
2018-08,NoStressExpectedReturn,-0.0019876451275153352,-0.0018238794757267033,2.4345023985729974,-0.06477277252357372,0.04679030969173639,0.00014037092907520917,2.3394722713422954e-05,0.47868119423496924,0.24279827791755976,0.278520527847471,0.0,0.007576817351197035,0.0014083333333334276,0.00031819186901132287,0.0001637678380143962,0.006390690977504602,False,True,0.13000000000000433,-0.11335540887016515,-4.3298697960381105e-15,0.04664459112983485
2018-09,NoStressExpectedReturn,0.0025808449251024028,0.003075158381262553,2.4407854717335042,-0.062359096079723564,0.14995555357343793,0.0004498666607203138,4.4446795439836416e-05,0.6307959609776788,0.1856999410442264,0.1835040979780948,2.7755575615628914e-17,0.009031702494523727,0.001408333334719986,0.00047895364592916406,0.0004943149561886836,0.007354267225045887,False,True,0.13000000006399937,-0.14739406575279893,-6.399936136602946e-11,0.012605934247201078
2018-10,NoStressExpectedReturn,-0.05912821085909657,-0.05902269607522998,2.2964661936990263,-0.11780012515683547,0.03517154572847671,0.00010551463718543013,1.4668115878807044e-10,0.5985206690374506,0.21984078991444364,0.18163854104810576,0.0,0.008454520604859794,0.001408333333671277,0.00042636265633497325,0.0001055177814700425,0.00721847350021914,False,True,0.1300000000155974,-0.13552933466346231,-1.5597384495080746e-11,0.02447066533653769
2018-11,NoStressExpectedReturn,0.016263750482113964,0.016693564081367775,2.333815346863957,-0.10345224651703411,0.14327112201008946,0.0004298133660302684,2.3322354094105216e-10,0.4156642988140719,0.3787968105909272,0.20553889059500088,6.061914980126194e-18,0.009270024569439756,0.0014083333406040113,0.0002211285095714982,0.0004298163732438137,0.007914913016322437,False,True,0.13000000033556974,-0.08350371185393586,-3.355697386631107e-10,0.07649628814606414
2018-12,NoStressExpectedReturn,-0.0023394280476970323,-0.0023281643607208275,2.3283555537833576,-0.10554965547763207,0.0037544098616404554,1.1263229584921367e-05,4.5739128308298085e-10,0.42232935903060714,0.3792668203852771,0.19840382058411576,1.427628113169258e-18,0.007961960243434344,0.0014083333351082414,0.0002237006664772227,1.1266068402574034e-05,0.0070228268410004275,False,True,0.13000000008191884,-0.08468184186886338,-8.191883282826495e-11,0.07531815813113663
2019-01,NoStressExpectedReturn,0.04762634424294788,0.047835029862921055,2.4392466169078233,-0.06295025546118638,0.06956182545464083,0.0002086854763639225,1.4360925761129577e-10,0.4810454129294555,0.3126073406156925,0.20634724645485203,0.0,0.008402064973237621,0.0014083333333333341,0.0002887429213555355,0.0002086886264176081,0.007200466758797811,False,True,0.13000000000000003,-0.10098833511581656,-2.7755575615628914e-17,0.05901166488418344
2019-02,NoStressExpectedReturn,-0.0016966309637869157,-0.001696628118221658,2.435108115569265,-0.06454008307237957,8.130186450600045e-07,2.4390559351800138e-09,4.065093225230636e-10,0.4992846606249038,0.2984519929735897,0.20226334640150642,8.153730065798683e-22,0.005828593558977279,0.001156745952132499,0.0003072982730657111,7.3170554349701164e-09,0.004942914992789885,False,True,0.11781744958022979,-0.10602201752076292,0.012182550419770219,0.05397798247923709
2019-03,NoStressExpectedReturn,-0.008718308943755646,-0.008718301954122362,2.413878090706285,-0.07269571163265476,1.9970380811251716e-06,5.991114243375515e-09,9.985190405625873e-10,0.49807085219181774,0.29932414079497216,0.20260500701321013,6.66448597340924e-21,0.00523959217660289,0.0012487811961858434,0.0003039712177207621,1.0464529892971774e-08,0.004311219896259314,False,True,0.1224147636285351,-0.10567212159260313,0.00758523637146491,0.054327878407396876
2019-04,NoStressExpectedReturn,0.012795945791833371,0.012795952638042691,2.444765943903057,-0.06082997622617159,1.956059805727217e-06,5.8681794171816515e-09,9.780299028566698e-10,0.490496854142073,0.30465286245753354,0.2048502834003934,7.590424172255401e-21,0.005537677955570768,0.001371533640694706,0.0002941851214003593,1.0346130180135199e-08,0.004557715667692875,False,True,0.128290310188792,-0.10348804045765447,0.001709689811208004,0.05651195954234553
2019-05,NoStressExpectedReturn,-0.016137094499222678,-0.015920169687481313,2.405314524837812,-0.07598545165064696,0.06197860968345305,0.00018593582905035915,3.098898269100654e-05,0.4316366699726912,0.3017139578749796,0.26664937215232926,1.4989826301031186e-18,0.0046616667693111635,0.000999776097016812,0.0002543605410370457,0.0002169271297024272,0.003690491050063285,False,True,0.10953224714302973,-0.09991178924658728,0.020467752856970278,0.060088210753412724
2019-06,NoStressExpectedReturn,0.036771098513787626,0.036771107729332536,2.4937605821872677,-0.042008421665119866,2.633012830544068e-06,7.899038491632204e-09,1.3165064152720342e-09,0.4066359612126795,0.30967005717468876,0.2836939816126318,1.3235921971871094e-18,0.005311673862228504,0.0011849484393031367,0.00023891851877631964,1.2679687764563657e-08,0.0044802684441128515,False,True,0.11924504715768132,-0.1011437504037899,0.010754952842318685,0.05885624959621011
2019-07,NoStressExpectedReturn,-0.00815379174241078,-0.008153787371419913,2.4734269777446793,-0.04981968548584603,1.2684498842126143e-06,3.805349652637843e-09,5.656412124237333e-10,0.41769446664982784,0.30008105821191394,0.2822244751382582,0.0,0.005062696767259533,0.001071093836657412,0.0002469303139026649,8.456690373538078e-09,0.004280211078337789,False,True,0.11337162801992809,-0.10229001841557886,0.016628371980071915,0.057709981584421144
2019-08,NoStressExpectedReturn,0.026969427241397236,0.026969428232996414,2.5401338866578733,-0.02419386662734868,2.8331405066417414e-07,8.499421519925224e-10,1.4165702533208713e-10,0.3991054177095172,0.30687844829741273,0.2940161339930701,2.226360813579313e-22,0.005241073108049181,0.0010290151102385584,0.00023490344681190633,6.623730490040467e-09,0.004491655482387505,False,True,0.11112237093791107,-0.10373718830774817,0.018877629062088938,0.056262811692251835
2019-09,NoStressExpectedReturn,0.001155890460224336,0.0011558916306005258,2.5430700031851536,-0.023065941626754904,3.760608722758185e-07,1.1281826168274557e-09,4.2193573107640606e-11,0.37887429120898,0.30072857348680115,0.32039713530421887,2.0689547497480141e-22,0.005858259310428857,0.0011389331415374395,0.00023116928593849907,6.6721716631235085e-09,0.005057616781549975,False,True,0.116906790643013,-0.11003610861843836,0.013093209356987004,0.04996389138156164
2019-10,NoStressExpectedReturn,0.0031083672492542872,0.0031083679537316907,2.550974798695615,-0.02002927179502656,2.0848563178632622e-07,6.254568953589787e-10,7.902050816466249e-11,0.40113726680015177,0.297758640940111,0.3011040922597373,7.379363381302062e-22,0.005313463535183456,0.0010108635145132617,0.0002375953178031741,6.5589831435758165e-09,0.004570429901140507,False,True,0.11013792341495794,-0.1058513374032637,0.019862076585042063,0.0541486625967363
2019-11,NoStressExpectedReturn,-0.001565442701954026,-0.0015654407496148307,2.5469813938141286,-0.02156335981962354,5.578111986481728e-07,1.6734335959445185e-09,2.7890559928245325e-10,0.40463445765052314,0.29379361134628074,0.30157193100319607,1.2467817916378403e-21,0.00455473092598783,0.0009036001071795689,0.0002394680032948124,6.924197391695289e-09,0.0038634559449058415,False,True,0.10413069329527594,-0.10650793102815562,0.025869306704724065,0.053492068971844386
2019-12,NoStressExpectedReturn,0.03449616413710371,0.03449616582472499,2.63484248202929,0.0,4.821775076158109e-07,1.4465325228474328e-09,2.4108875379402777e-10,0.4086404629583829,0.29647564311678826,0.2948838939248288,1.592166300670579e-21,0.00443710210067484,0.0009760672962075832,0.00023802158700297622,6.8228551884957105e-09,0.0037110400427128837,False,True,0.10822572501254495,-0.10468491344958067,0.02177427498745506,0.055315086550419335
2020-01,NoStressExpectedReturn,0.005101573178399417,0.005101574679615235,2.6482843237649183,0.0,4.295013687760643e-07,1.288504106328193e-09,2.1271171185555132e-10,0.4223634342265369,0.28596045495378597,0.2916761108196771,2.1564904174188984e-21,0.004477723779975628,0.0010637405632616427,0.0002473850021888176,6.805976594974794e-09,0.0036984616901793938,False,True,0.11298179835327331,-0.1056084569400665,0.017018201646726697,0.0543915430599335
2020-02,NoStressExpectedReturn,-0.00917322387697923,-0.00917322344720448,2.623991018773128,-0.009173223876979275,1.2279278596705264e-07,3.6837835790115793e-10,6.139639302516006e-11,0.40306101068932365,0.2864320515271217,0.31050693778355476,3.371812235982545e-21,0.00495246563383431,0.0012009603158473522,0.00023863560800269296,6.521384397749949e-09,0.004113343346523543,False,True,0.12004800618989149,-0.10963056270993286,0.009951993810108514,0.05036943729006714
2020-03,NoStressExpectedReturn,-0.05033014112985396,-0.05017310765045765,2.4919251804748073,-0.05904167535448912,0.04781755519152589,0.00014345266557457768,1.3580813821739477e-05,0.3688187575285012,0.3407523979989292,0.29042884447256956,3.4936932700687685e-18,0.006113966526685218,0.0014083333338123318,0.00019906953783009818,0.00015703497948512757,0.005053695342463827,False,True,0.13000000002210763,-0.09755120585919187,-2.21076212891802e-11,0.06244879414080813
2020-04,NoStressExpectedReturn,0.040968594118621166,0.04127915265951833,2.5940158517676513,-0.020491935669549433,0.09262968982162859,0.00027788906946488574,3.2669471432274134e-05,0.31191316235634925,0.44715607824844783,0.24093075939520298,1.0479650442107814e-17,0.005550098345776917,0.001408333333728183,0.00014712859332640575,0.0003105600409480433,0.004388243044638376,False,True,0.13000000001822382,-0.07416447619302208,-1.8223811348860863e-11,0.08583552380697793
2020-05,NoStressExpectedReturn,0.03420754385892791,0.034207551030186724,2.6827507627877476,0.0,2.1423011470483353e-06,6.426903441145006e-09,7.443553769608857e-10,0.3230389138170596,0.43102977782004526,0.24593130836289515,3.3309011398911965e-17,0.0038528571793886982,0.0012989049464298488,0.0001560100197951227,1.0425060525565041e-08,0.0030473842613181253,False,True,0.12484734421347611,-0.07708862664199419,0.005152655786523894,0.08291137335800582
2020-06,NoStressExpectedReturn,0.018693331140678865,0.01869334398047113,2.732900311164448,0.0,3.719250364700497e-06,1.1157751094101492e-08,1.682041169667694e-09,0.3311014462093995,0.4201538440361484,0.24874470975445215,4.384366588957761e-17,0.004079936602754496,0.0010808258781150812,0.00016201832699660966,1.5887940886780518e-08,0.0033774894487594584,False,True,0.1138855150463876,-0.07894266404263114,0.01611448495361241,0.08105733595736886
2020-07,NoStressExpectedReturn,0.04827279648313685,0.04834199680575814,2.8648250516939906,0.0,0.019771616578098335,5.931484973429501e-05,9.885472886997016e-06,0.3239635516961878,0.41242287005045447,0.26361357825335774,2.588616056655757e-19,0.003959898871097367,0.0010759308671106117,0.0001624894293461146,6.920262272922344e-05,0.0031902413854667227,False,True,0.11362733124265192,-0.08220173777560094,0.01637266875734808,0.07779826222439906
2020-08,NoStressExpectedReturn,0.006664182486251035,0.00666419046977949,2.8839167686296627,0.0,2.331846383679673e-06,6.995539151039019e-09,9.879893029807214e-10,0.3264919700012757,0.39611553139031874,0.2773924986084056,2.5888759731051577e-19,0.004401042808096237,0.0009705949485491131,0.00016966999838244806,1.1327204676550456e-08,0.0037460640082345557,False,True,0.10792191335678476,-0.08715212862386967,0.02207808664321524,0.07284787137613033
2020-09,NoStressExpectedReturn,-0.01102428904665924,-0.011024283371800007,2.852123636585782,-0.011024289046659197,1.6888427674666144e-06,5.066528302399843e-09,6.083309312121529e-10,0.33375491791815187,0.3892804802926745,0.27696460178917365,2.682097391418846e-19,0.004259778529017856,0.0010986691738488347,0.00017357618867126328,9.252630883729817e-09,0.0035368585007912916,False,True,0.11482173176792804,-0.0878481245328353,0.015178268232071968,0.0721518754671647
2020-10,NoStressExpectedReturn,-0.018691733853627136,-0.018691722939898077,2.7988125006530815,-0.029509959823500687,3.160326433160332e-06,9.480979299480996e-09,1.4327497606658746e-09,0.34037527062923145,0.39721532831754053,0.262409401053228,2.410892837090305e-19,0.0042133876103301595,0.0012037280665793027,0.000171328929402172,1.410593525251327e-08,0.003440180541703084,False,True,0.12018625877758086,-0.08374141178261857,0.00981374122241914,0.07625858821738143
2020-11,NoStressExpectedReturn,0.034176055692825946,0.034176057978518845,2.8944648725491784,0.0,6.530551145689235e-07,1.9591653437067707e-09,3.265275572705841e-10,0.3377959669023684,0.4031081872124499,0.2590958458851817,2.1759479082431573e-19,0.0038646681631534716,0.0009061177364818778,0.00016899442923813324,7.064441068977798e-09,0.0032426078012333303,False,True,0.10427565793502591,-0.0823301320254065,0.025724342064974093,0.0776698679745935
2020-12,NoStressExpectedReturn,0.061098648917035286,0.06109865177281237,3.071312765599752,0.0,8.744282804507015e-07,2.6232848413521046e-09,2.324922383223355e-10,0.3773407776094023,0.3887019192065684,0.2339573031840293,2.5360397313899114e-19,0.0034599876832936863,0.0008865077903236531,0.00018859659609203212,7.319090282332298e-09,0.0028281298729495455,False,True,0.10314113381131622,-0.07985738560564054,0.026858866188683786,0.08014261439435946
2021-01,NoStressExpectedReturn,0.011986495017440939,0.011986519652403261,3.108127040761616,0.0,8.065127478931692e-06,2.4195382436795077e-08,4.395798855055396e-10,0.4033430379076305,0.36538181554144344,0.2312751465509261,2.7922298587937086e-17,0.0031532171973241148,0.0010806507477170934,0.00020920598073555786,2.7236172926727784e-08,0.0024036586065570836,False,True,0.11387628801732659,-0.08309948000251116,0.016123711982673414,0.07690051999748884
2021-02,NoStressExpectedReturn,-0.01083094335340232,-0.010120337109669385,3.074463092847949,-0.01083094335340229,0.23686853878362893,0.0007106056163508868,6.273820486860836e-10,0.1764257203818169,0.5971394445497404,0.22643483506844264,4.2643599456581287e-19,0.002905677551860301,0.0004983266294018346,7.027221876340273e-05,0.0007106084432189824,0.0018756335751769983,False,True,0.07732993956303093,-0.056621004214392104,0.05267006043696908,0.1033789957856079
2021-03,NoStressExpectedReturn,-0.003856466558848087,-0.0038564538791650248,3.0626065287439683,-0.014645640741407173,4.207387226298765e-06,1.2622161678896296e-08,5.7521383364790246e-11,0.18563707404437557,0.6001513617628655,0.21421156419275886,4.979152213287221e-19,0.0030813025849552346,0.000539587861046787,6.912888733541467e-05,1.631920996582971e-08,0.0027423634478864604,False,True,0.0804677223025571,-0.05299648180766228,0.04953227769744291,0.10700351819233772
2021-04,NoStressExpectedReturn,0.005637930475219221,0.005637955074301653,3.0798732914259794,-0.00909028137045298,8.149497271001118e-06,2.4448491813003355e-08,1.505906195853316e-10,0.1853875635723813,0.6007837083042169,0.2138287281234018,4.998270971930207e-19,0.0030690891455351812,0.0004697185808677219,6.860934492981178e-05,2.777232487141046e-08,0.002765592737846637,False,True,0.07507744648303286,-0.05284932440359195,0.05492255351696715,0.10715067559640806
2021-05,NoStressExpectedReturn,0.014075671815639845,0.014075678940904331,3.123224577109846,0.0,2.1925320858320697e-06,6.577596257496209e-09,5.476682281566248e-10,0.18620057333616458,0.5952490519877006,0.2185503746761348,0.0,0.0036067739156518284,0.00037940727114687926,7.015669407928525e-05,1.0307837365803197e-08,0.0033469032781617376,False,True,0.06747508617084198,-0.053821184014466776,0.06252491382915802,0.10617881598553322
2021-06,NoStressExpectedReturn,-0.01073637418793853,-0.010454003903450911,3.0896924693770287,-0.010736374187938602,0.08067726777983847,0.0002420318033395154,4.033848114810254e-05,0.10515521402117269,0.586327018693737,0.30851776728509034,0.0,0.004659371710198272,0.000562999010871121,8.999076013582388e-05,0.0002823728947131892,0.004005508549913698,False,True,0.08219481814842984,-0.0833214558762223,0.047805181851570164,0.0766785441237777
2021-07,NoStressExpectedReturn,0.014441907130201376,0.014441920400140688,3.1343135210806543,0.0,3.8008899539489477e-06,1.1402669861846844e-08,1.867269450977925e-09,0.10913269285892878,0.5942684050121768,0.29659890212889445,5.528608078011771e-17,0.00489823896686961,0.000559352496979249,8.423535212028909e-05,1.6630867365908505e-08,0.004534310735392331,False,True,0.08192820005194175,-0.07891675269833133,0.048071799948058255,0.08108324730166867
2021-08,NoStressExpectedReturn,0.001059502850959704,0.001059513078855557,3.1376343351920406,0.0,2.9222559579587263e-06,8.76676787387618e-09,1.4611279789965832e-09,0.10469929562162748,0.5926633962065679,0.3026373081718047,5.442577525247633e-17,0.005680857639694354,0.0005084416945985144,8.636480816645341e-05,1.3279393006512867e-08,0.005340258704835637,False,True,0.07811082085845836,-0.08104604571261595,0.05188917914154165,0.07895395428738405
2021-09,NoStressExpectedReturn,-0.016311951302924965,-0.01631191465493269,3.0864533967100027,-0.016311951302924954,1.0470854935431461e-05,3.1412564806294386e-08,5.2354274676805985e-09,0.10274554891845711,0.5918119334012185,0.30544251768032443,2.775849849522531e-17,0.005593178976713841,0.0005693417307511383,8.715680450952122e-05,3.852722169259712e-08,0.005221312779607058,False,True,0.08265652284613513,-0.08203867222623884,0.047343477153864874,0.07796132777376116
2021-10,NoStressExpectedReturn,-0.007077600323836227,-0.007077587246520944,3.064608713149943,-0.023274102154937082,3.7363757949480255e-06,1.1209127384844076e-08,1.8681878974912544e-09,0.09955226425170671,0.5937386209101813,0.30670911483811214,3.1896879725017355e-17,0.0053101473690876765,0.0007168398402606819,8.840950673575312e-05,1.5735526239692236e-08,0.004863302206695342,False,True,0.09274738855152842,-0.08238741420773339,0.037252611448471584,0.07761258579226661
2021-11,NoStressExpectedReturn,0.007613569547275807,0.007613580370312239,3.0879413247226974,-0.01583773160306834,3.09229612349365e-06,9.27688837048095e-09,1.5461480617031716e-09,0.09841365884292218,0.5893232527069514,0.31226308845012646,0.0,0.004933736794037368,0.0006678144267160401,9.107828245854016e-05,1.366851374528768e-08,0.004508737629707062,False,True,0.08951968007422993,-0.08447792491234846,0.04048031992577007,0.07552207508765155
2021-12,NoStressExpectedReturn,0.009310246591901305,0.009310255856857817,3.116690819917188,-0.006674938197847924,2.6471304321457056e-06,7.941391296437117e-09,1.3235652160936696e-09,0.0936649986253808,0.5951980291382344,0.3111369722363849,0.0,0.005278071520412901,0.0007648692840388673,8.947930326385327e-05,1.2193026118504783e-08,0.004806145382103496,False,True,0.09580413043531269,-0.08383260012914417,0.034195869564687315,0.07616739987085583
2022-01,NoStressExpectedReturn,-0.00789589665060171,-0.007740361288413811,3.092081751311243,-0.014518130226290227,0.044438674910828466,0.0001333160247324854,2.2219337455414254e-05,0.05470997533039516,0.5875543554734101,0.35773566919619487,2.838615335897053e-17,0.005646608831311085,0.0006482317099876439,0.00011539133205740197,0.0001555368692685395,0.005051564774991322,False,True,0.08819739519879102,-0.10049796925399707,0.04180260480120898,0.05950203074600294
2022-02,NoStressExpectedReturn,0.0191689389295971,0.019168954969682614,3.1513536775674496,0.0,4.582881575569195e-06,1.3748644726707585e-08,2.2914407877825584e-09,0.05082190409691399,0.5840122410701255,0.36516585483296055,3.288999936088658e-17,0.005774351656313199,0.0008217350212931129,0.00012010393957231394,1.8398035762339153e-08,0.005243361808058566,False,True,0.09930166290408915,-0.10331343772716275,0.030698337095910855,0.05668656227283725
2022-03,NoStressExpectedReturn,-0.0033597606699132115,-0.0033597297436594622,3.140765883424572,-0.00335976066991317,8.836072499869121e-06,2.6508217499607364e-08,4.4180362498977524e-09,0.049520517632910176,0.5712207910218114,0.3792586913452783,3.6031985103554514e-17,0.006083932118727032,0.0011248167654496855,0.00012911681148741692,3.3117694353105134e-08,0.005392373806820419,False,True,0.11618003780941125,-0.10804742318052948,0.013819962190588758,0.05195257681947052
2022-04,NoStressExpectedReturn,-0.00522627258562392,-0.005167617393285015,3.1243513847901676,-0.008568474230453593,0.01675862638254422,5.0275879147632666e-05,8.379313191272103e-06,0.03333919103054018,0.5639904336041487,0.40267037536531114,2.7755575615628914e-17,0.006065792809040151,0.0014083333353322658,0.00014663506075303002,5.8656910000743476e-05,0.005156334170620244,False,True,0.13000000009225843,-0.11670314879050699,-9.225842312332588e-11,0.04329685120949302
2022-05,NoStressExpectedReturn,-0.00992993878897863,-0.009929901017297854,3.0933267667839406,-0.01841332859480893,1.0791908793175278e-05,3.2375726379525834e-08,5.395954396622118e-09,0.032566255572085784,0.5605739221233291,0.4068598223045852,5.669233163210156e-17,0.00617811914044014,0.001393006128834267,0.0001492434297748958,3.968044928927366e-08,0.0053323329657988215,False,True,0.12929065529268233,-0.11835107863145414,0.0007093447073176773,0.041648921368545866
2022-06,NoStressExpectedReturn,-0.00766721461850512,-0.0076671745437024395,3.0696095665778413,-0.025939364271136633,1.1449943622869514e-05,3.434983086860854e-08,5.724971811388914e-09,0.032755330392194755,0.5663190031536771,0.40092530502978785,3.614243402887783e-07,0.006066443282584716,0.0012924268399169974,0.00014452418365642212,4.1500308086771776e-08,0.005275664178661709,False,True,0.12453562574221069,-0.11597117947257171,0.005464374257789312,0.04402882052742829
2022-07,NoStressExpectedReturn,0.009122795719137449,0.009122809618656436,3.0976129875912415,-0.017053208073328885,4.1124904194501405e-06,1.2337471258350422e-08,1.562047729310439e-09,0.029084731264823152,0.5642667178615448,0.40664819521687334,3.5565675870144507e-07,0.005858925720101144,0.0013056757809035491,0.00014872103679359642,1.6515892064418565e-08,0.005057350276963708,False,True,0.12517231870842127,-0.11809388826502679,0.004827681291578734,0.04190611173497322
2022-08,NoStressExpectedReturn,-0.020669963425415227,-0.020669961208548967,3.033585440431639,-0.03737068231158247,6.772011896873874e-07,2.0316035690621623e-09,1.8526268965805023e-10,0.02998704300356682,0.5677474505693562,0.40226518199673966,3.244303373404364e-07,0.005282813413129781,0.0011277535999875627,0.00014461379513248894,7.013216571582324e-09,0.00457431580478694,False,True,0.11633160877358635,-0.11637391503962738,0.013668391226413654,0.043626084960372624
2022-09,NoStressExpectedReturn,0.011628418537477193,0.011628420466761994,3.068861241602175,-0.02617682570905555,6.251578462772366e-07,1.87547353883171e-09,5.381126235118976e-11,0.030159733118896304,0.5639499436707184,0.40588999437944595,3.2883093934472397e-07,0.004200565459757651,0.0011394883093128656,0.00014868880942864185,6.969477619852697e-09,0.0034821255261949565,False,True,0.11693528001315252,-0.11784196006115585,0.013064719986847481,0.04215803993884415
2022-10,NoStressExpectedReturn,-0.00772401486198376,-0.007603093031135703,3.0451573117626745,-0.033698650380222905,0.03454909452801623,0.00010364728358404869,1.7274547264008078e-05,0.048973543482944096,0.56279023506641,0.388236221450646,0.0,0.004220700178727102,0.0014083333352438035,0.00013398681880997103,0.00012092291382712376,0.003261623778468105,False,True,0.13000000008817555,-0.11165653359229062,-8.817555019469125e-11,0.04834346640770938
2022-11,NoStressExpectedReturn,0.0052071451838468655,0.005327408778149991,3.061013887992676,-0.028666978961405465,0.04008783835910569,0.00012026351507731707,7.922580785845857e-11,0.011932114416949495,0.6048510338610816,0.3832168517219689,2.306803521436028e-19,0.0048064553452905265,0.0014083333339672919,0.0001339226330031559,0.00012026680238858443,0.00384809924291514,False,True,0.13000000002925963,-0.10781874053459384,-2.925962250266423e-11,0.052181259465406166
2022-12,NoStressExpectedReturn,0.009001143468438428,0.009046126805551342,3.0885665131573807,-0.01992387108340521,0.012852526605638235,3.8557579816914706e-05,6.42575729600009e-06,6.881849882008597e-17,0.6143149073787273,0.3856850926212726,5.557498304815332e-17,0.005006954904686438,0.001304227724959576,0.00013707641353998549,4.498545332939645e-05,0.004172779175337268,False,True,0.12510288845392384,-0.10827578624548559,0.004897111546076166,0.051724213754514414
2023-01,NoStressExpectedReturn,0.025708382475022117,0.025708383669843057,3.167968562377176,0.0,3.413774116445702e-07,1.0241322349337106e-09,1.7068870580836678e-10,6.213934198567375e-17,0.6119719298919611,0.3880280701080388,5.2331684273881224e-17,0.004885400260520742,0.0013774322721403364,0.00013803539078225657,6.698323549993357e-09,0.004058642035344767,False,True,0.12856588686616693,-0.10831152932061505,0.0014341131338330704,0.05168847067938495
2023-02,NoStressExpectedReturn,-0.003013881301622122,-0.003013880576566747,3.1584206811629008,-0.0030138813016221677,2.0715867865567413e-07,6.214760359670223e-10,1.0357933932778382e-10,6.622053055307645e-17,0.6149421609546273,0.38505783904537266,4.985747433791226e-17,0.004778007540686557,0.0011014297256808328,0.00013528404157979367,6.574311863456187e-09,0.004092002061954484,False,True,0.11496589367360215,-0.10715131547600742,0.015034106326397859,0.05284868452399258
2023-03,NoStressExpectedReturn,0.037552863897258766,0.03755286461015572,3.277028423132899,0.0,2.0368484551771766e-07,6.11054536553153e-10,1.0184242278661778e-10,9.314985415674054e-17,0.6060204206364886,0.3939795793635113,7.971012972056175e-17,0.004447905077045863,0.00099070421631944,0.00014088950610579578,6.571865349438238e-09,0.003811656890914998,False,True,0.10903417168866501,-0.11063644987231946,0.02096582831133499,0.04936355012768054
2023-04,NoStressExpectedReturn,0.016577507936874278,0.016592621332454444,3.3313533878267467,0.0,0.004318113022903971,1.2954339068711915e-05,2.159056511451996e-06,6.565539484713853e-19,0.6009252372376477,0.3990747627623523,0.0,0.004961703048132348,0.001408333333333349,0.00014381242937692608,1.511639598543326e-05,0.004098607556103314,False,True,0.13000000000000073,-0.1126738868828998,-7.216449660063518e-16,0.04732611311710021
2023-05,NoStressExpectedReturn,-0.016571004236455262,-0.016571002805463017,3.27614951672394,-0.0165710042364553,4.0885492666453746e-07,1.2265647799936125e-09,2.044274633600248e-10,2.840843369832347e-17,0.5930976457266242,0.4069023542733759,2.7757116582885055e-17,0.005115568504524905,0.0012250708188681324,0.00014874050158066707,6.781235089266464e-09,0.0043542858122750825,False,True,0.1212470611042494,-0.11579710379441406,0.0087529388957506,0.04420289620558594
2023-06,NoStressExpectedReturn,-0.011872169750424082,-0.011872167702034545,3.2372545135336237,-0.028246440211649126,5.852541533346868e-07,1.7557624600040606e-09,2.926270766534378e-10,2.991957290835648e-17,0.5981375032150189,0.4018624967849811,2.5483790352384495e-17,0.004868521409767285,0.0010733341816071811,0.00014571324370511247,7.055354447380346e-09,0.004186134019904135,False,True,0.11349013251946696,-0.11378714547480882,0.01650986748053304,0.04621285452519118
2023-07,NoStressExpectedReturn,-0.004210575674423113,-0.004210574777597066,3.2236238084270226,-0.032338082112028044,2.56236013629359e-07,7.68708040888077e-10,1.281180068146617e-10,2.9947426196230593e-17,0.604588530276368,0.395411469723632,2.698392775867464e-17,0.004487825681405287,0.0008196014827589347,0.00014111286066286068,6.613073063174618e-09,0.003936905466289896,False,True,0.09917266656245165,-0.1112093822179766,0.030827333437548357,0.0487906177820234
2023-08,NoStressExpectedReturn,0.015173254378542165,0.015173254800931157,3.2725366724930103,-0.01765550167948593,1.2068256907696498e-07,3.6204770723089496e-10,6.034128455233074e-11,3.082785440308554e-17,0.6093598389754727,0.39064016102452737,2.995380760935164e-17,0.004088693736609462,0.0007065276925278968,0.00013720184636329977,6.5253953622791835e-09,0.003598221518586852,False,True,0.09207786004428405,-0.10933091568221971,0.03792213995571596,0.05066908431778029
2023-09,NoStressExpectedReturn,-0.019806158091545283,-0.019806157627323333,3.2077202937972342,-0.03711197211358186,1.3263484288653388e-07,3.9790452865960165e-10,6.631742144326758e-11,2.948701748527005e-17,0.6012439638034418,0.39875603619655825,3.194970222209911e-17,0.003845106150876661,0.0006108863027171354,0.0001421898115403293,6.530651783871814e-09,0.00339746665732598,False,True,0.08561913123014987,-0.11254653908501575,0.04438086876985013,0.04745346091498426
2023-10,NoStressExpectedReturn,0.027655290389280274,0.02765529123649752,3.2964307300097846,-0.010483024090021331,2.420620706100809e-07,7.261862118302427e-10,1.2103103530504147e-10,2.91618047865107e-17,0.6090761069392735,0.3909238930607265,3.5512247417335745e-17,0.003780116471189879,0.0006928533956228034,0.00013791029133450094,6.601079985760297e-09,0.0032957728809639903,False,True,0.09118245855137731,-0.10944159150033714,0.03881754144862269,0.050558408499662866
2023-11,NoStressExpectedReturn,0.011009369399307602,0.011009370081008486,3.332722353615692,0.0,1.9477168100581954e-07,5.843150430174586e-10,9.738584050291112e-11,2.7017341796572583e-17,0.5895675779015239,0.410432422098476,3.255710283975079e-17,0.00411971891093707,0.0010345675818817888,0.00015105110585538392,6.565770056326169e-09,0.0034513774483707358,False,True,0.11142177068500332,-0.11627789352723843,0.018578229314996683,0.04372210647276158
2023-12,NoStressExpectedReturn,0.02021312957665351,0.020213130577435068,3.400087102392335,0.0,2.859375889673874e-07,8.578127669021622e-10,1.4296879452532717e-10,8.47105135427875e-17,0.5997352909287665,0.4002647090712334,8.406942259872824e-17,0.004693831268212302,0.0008310795938109807,0.00014308624491233597,6.640269733599456e-09,0.004135198586124742,False,True,0.09986468407666331,-0.1122806180815652,0.030135315923336695,0.047719381918434806
2024-01,NoStressExpectedReturn,0.005600495043214965,0.0056004959080743644,3.4191292733557823,0.0,2.8079092052495493e-07,8.423727615748648e-10,2.2486637579726584e-11,2.3581764546387784e-07,0.6031575205981221,0.39684224358423253,7.824295272081744e-17,0.004796599808573844,0.0009633814465989506,0.00014003188174024485,6.601175691340615e-09,0.004174870602358433,False,True,0.10752012536817192,-0.11093209149954694,0.022479874631828087,0.04906790850045306
2024-02,NoStressExpectedReturn,0.00022095774397084465,0.00022095993431935635,3.419884756446368,0.0,6.441615401160665e-07,1.9324846203482e-09,2.5786389135081736e-10,3.492481526163861e-07,0.5967284720831026,0.4032711786687448,8.495374073350677e-17,0.005210670048682411,0.0007342145121399846,0.0001438515956359048,7.046903377298247e-09,0.004699704150073136,False,True,0.09386465866171259,-0.11346398543992144,0.03613534133828741,0.04653601456007857
2024-03,NoStressExpectedReturn,0.04799802753404259,0.04799803001198186,3.584032479149533,0.0,7.079826493096795e-07,2.1239479479290384e-09,3.539913245143322e-10,3.73884903769641e-07,0.5952356532606113,0.4047639728544848,0.0,0.005194823611202786,0.0006141974500357883,0.00014422843599742194,7.2881235896665944e-09,0.00474348916206388,False,True,0.08585085556026485,-0.11405111470663555,0.04414914443973515,0.04594888529336445
2024-04,NoStressExpectedReturn,0.017617210366996636,0.01761721235694211,3.647173133296859,0.0,5.685558508097808e-07,1.7056675524293426e-09,2.8427792539420516e-10,3.7710025929588867e-07,0.5731955760557677,0.4268040468439731,0.0,0.00564832884751836,0.0009707145078300317,0.0001594498748150765,7.025926206386113e-09,0.005003514692862062,False,True,0.1079285601403094,-0.12268574098717483,0.02207143985969061,0.037314259012825174
2024-05,NoStressExpectedReturn,0.0086411459306787,0.008657192716774759,3.678688888576128,0.0,0.004585055545899396,1.3755166637698189e-05,2.291619458361694e-06,0.004580296383606956,0.5592117446427848,0.4362061423444323,1.8166291760528227e-06,0.005816000106773154,0.0014083333333671808,0.000164830614744078,1.6047394428970944e-05,0.004930955430916514,False,True,0.1300000000015622,-0.12665023066259665,-1.5621948179500578e-12,0.03334976933740336
2024-06,NoStressExpectedReturn,0.006601067728768841,0.0066010710231015615,3.7029721630826886,0.0,9.416615820080775e-07,2.8249847460242327e-09,4.693479743760257e-10,0.00452974453401917,0.5580578263638082,0.43741071396243025,1.7151397423547455e-06,0.006097397090241031,0.0011495336193172343,0.00016499205882438225,7.80347504294219e-09,0.0053576304182829885,False,True,0.11744957825299678,-0.12712928382355862,0.01255042174700323,0.032870716176441384
2024-07,NoStressExpectedReturn,0.028675013160017374,0.028675017394480983,3.8091549385902623,0.0,1.2422913022389331e-06,3.7268739067168e-09,5.075897021373979e-10,0.004763950045787579,0.5626065918665402,0.4326276138842751,1.8442033969963876e-06,0.006227449668220535,0.0010627697919203389,0.00016062268586551588,8.279467797200443e-09,0.005535433806927052,False,True,0.11293023290086701,-0.12522758787906352,0.017069767099132993,0.034772412120936486
2024-08,NoStressExpectedReturn,-0.007266297982251928,-0.0070741529435488565,3.781476483745899,-0.007266297982251979,0.06404809720696665,0.00019214429162089995,7.47082171308834e-10,0.06870278549771602,0.4922495996092098,0.4390476148930742,0.0,0.006637557741388982,0.0013453582193404833,0.00015816227352127558,0.0001921467897077955,0.005614569568489669,False,True,0.12706021655925903,-0.13132665686248293,0.002939783440740973,0.02867334313751707
2024-09,NoStressExpectedReturn,0.013649524958682305,0.013960095436552033,3.8330918413914588,0.0,0.10352334227564451,0.00031057002682693355,4.5104279293382413e-10,0.16887209569896694,0.3918292499269988,0.4392986543740343,2.89021147914132e-17,0.006970399633366694,0.0014083333361856437,0.00017071587845058004,0.00031057286723000483,0.005784944219593287,False,True,0.1300000001316451,-0.13657527084782584,-1.3164508372298656e-10,0.023424729152174167
2024-10,NoStressExpectedReturn,0.030838176647081123,0.031099099264439878,3.951297404700774,0.0,0.07839446816923036,0.0002351834045076911,2.573921285106208e-05,0.23512305263680597,0.3628949841141164,0.4019819632490777,0.0,0.007055757180091978,0.0014083333354840098,0.0001691741986496897,0.00026092411741561016,0.005921492196284673,False,True,0.130000000099262,-0.1255779902139793,-9.926198751841753e-11,0.034422009786020696
2024-11,NoStressExpectedReturn,-0.011219648153369193,-0.010978257624546867,3.9069652380707107,-0.011219648153369177,0.08046333149173289,0.00024138999447519867,5.34347127628676e-10,0.307001985711369,0.270916925061216,0.42208108922741505,0.0,0.007380323954197315,0.0014083333333920127,0.00021713750573964274,0.00024139281864046777,0.006217626963121198,False,True,0.13000000000270828,-0.13956099872029587,-2.708278046270607e-12,0.020439001279704133
2024-12,NoStressExpectedReturn,0.008647209793241134,0.008726045690997572,3.940749586139208,-0.0026694570115166627,0.02252454221612507,6.757362664837521e-05,1.1262271108062522e-05,0.31620454435752016,0.2880694985861395,0.3957259570563404,0.0,0.007844423229471277,0.0014083333333333625,0.000207127450188249,7.88373979405017e-05,0.006854291714675845,False,True,0.13000000000000136,-0.12944338120573964,-1.3600232051658168e-15,0.03055661879426036
2025-01,NoStressExpectedReturn,0.03244195662031414,0.03248509689138382,4.068595213264258,0.0,0.014380071207083595,4.3140213621250785e-05,5.7448427210384014e-11,0.31805323512100026,0.26940656441695393,0.41254020046204587,1.2019253956028315e-18,0.00841801537267957,0.0014083333333566087,0.000216863805842807,4.314355453828449e-05,0.007453841345620174,False,True,0.13000000000107423,-0.13645100460425166,-1.0742240430516858e-12,0.02354899539574834
2025-02,NoStressExpectedReturn,0.020834444751004294,0.02083447634254445,4.153362135449212,0.0,1.0280555798519784e-05,3.084166739555935e-08,7.498727589704742e-10,0.31680766247099507,0.26305014299794494,0.42014219453106005,1.0471750029971491e-18,0.007824916567043663,0.0011799006678281806,0.0002195784664297896,3.385509678638706e-08,0.007015353911602996,False,True,0.11899078961809677,-0.13952673957119563,0.011009210381903237,0.020473260428804374
2025-03,NoStressExpectedReturn,0.045763295743855854,0.045763322401811635,4.343433675185107,0.0,8.60592283423444e-06,2.5817768502703323e-08,8.401872800683983e-10,0.31869280767105146,0.2604380032618029,0.42086918906714565,2.872931528133486e-17,0.007984302547834173,0.00131480193928068,0.0002202060638241855,2.8902635297413858e-08,0.00710666661173435,False,True,0.12560900951511464,-0.13998188801742315,0.004390990484885365,0.02001811198257686
2025-04,NoStressExpectedReturn,0.0038879551994129608,0.003887975176116521,4.360320750725848,0.0,5.7076295885975525e-06,1.712288876579266e-08,2.8538147942989715e-09,0.30937181137126346,0.24889890709864726,0.44172928153008933,0.0,0.008158827246979314,0.0014083333333559799,0.00022631788723424933,2.24432493594488e-08,0.007228320249817716,False,True,0.13000000000104522,-0.1479664092043287,-1.0452194665333536e-12,0.01203359079567129
2025-05,NoStressExpectedReturn,0.019608965939146183,0.02010245298512234,4.445822131810584,0.0,0.14099629885033022,0.00042298889655099063,7.049814942516511e-05,0.31016814173187657,0.39213767804141375,0.2976941802267097,2.6751815103352966e-18,0.007705090785448719,0.0014083333333941885,0.00015381020293352097,0.0004934894633299982,0.006353624452488106,False,True,0.1300000000028087,-0.09258145292492205,-2.8086977188479523e-12,0.06741854707507795
2025-06,NoStressExpectedReturn,0.056248532684377434,0.05647224908667664,4.69589310330066,0.0,0.0745720232539937,0.0002237160697619811,3.325372270587692e-10,0.3977259786563051,0.3077663307681008,0.2945076905755941,0.0,0.007661078470512764,0.0013251474321002796,0.0002144587504513539,0.00022371897410632533,0.006560327029904945,False,True,0.12610221720970397,-0.10375006404687742,0.0038977827902960394,0.05624993595312258
2025-07,NoStressExpectedReturn,0.025036283311734336,0.025036296398488242,4.8134608134365156,0.0,3.7390725451669245e-06,1.1217217635500774e-08,1.8695362725973416e-09,0.43757112699082384,0.29098709846787607,0.2714417745413001,6.1732650776985e-21,0.006280535616953737,0.001322070970256464,0.00024130405505656455,1.5761209085031194e-08,0.005378180315559855,False,True,0.12595575271926873,-0.10499722483578265,0.004044247280731272,0.05500277516421735
2025-08,NoStressExpectedReturn,0.011304815810819954,0.011639534584565259,4.867876101345015,0.0,0.09563395412390846,0.0002869018623717254,4.78169113735793e-05,0.3472950030320943,0.28376894294387156,0.3689360540240342,2.9529446334019735e-19,0.0059328973601746535,0.0012454025976870154,0.00020640609435476016,0.00033472158958798684,0.004769068377388399,False,True,0.12224905387054816,-0.12099669315440158,0.007750946129451847,0.039003306845598426
2025-09,NoStressExpectedReturn,0.08395613855226931,0.08395614499060959,5.276564181764818,0.0,1.8395257938563785e-06,5.518577381569135e-09,9.197628969281887e-10,0.33949141956210654,0.28099708286520575,0.37951149757268776,2.7818690140444763e-19,0.006036140336136062,0.0011164370078703208,0.00020553455118950094,9.816545884988356e-09,0.005272377464465516,False,True,0.11574646471682774,-0.12444033452367316,0.014253535283172261,0.03555966547632684
2025-10,NoStressExpectedReturn,0.09477649980742021,0.09480646678858164,5.776658465921692,0.0,0.009988894908934703,2.996668472680411e-05,2.9643461243998727e-10,0.3400436734449143,0.2684114834885711,0.39154484306651455,0.0,0.006266210927981035,0.0014083333333339287,0.00021113776022482598,2.9969620648549956e-05,0.005320936880440694,False,True,0.13000000000002748,-0.12934289637637242,-2.7478019859472624e-14,0.030657103623627585
2025-11,NoStressExpectedReturn,0.016818913267571213,0.017459998289696233,5.873815583636409,0.0,0.2094455812715611,0.0006283367438146833,1.27482783103379e-05,0.19534708706408083,0.45337727311191195,0.35127563982400717,4.413609762839606e-17,0.006111894993265699,0.0014083333333335295,0.00011911656285117028,0.0006410865221719001,0.004647525241575864,False,True,0.13000000000000905,-0.1012103808013919,-9.048317650695026e-15,0.058789619198608103
2025-12,NoStressExpectedReturn,0.021642388476436524,0.02171156632996081,6.0009389823364145,0.0,0.01976514257367814,5.929542772103442e-05,9.882425803251653e-06,0.18515938517612507,0.4592011526959251,0.3556394621279499,2.514168007947921e-19,0.00649440234379634,0.001408333345831886,0.00011747944970519022,6.918047936860235e-05,0.005603575741806605,False,True,0.1300000005768563,-0.10234983602434983,-5.768562849617354e-10,0.057650163975650176
2026-01,NoStressExpectedReturn,0.07162362832335241,0.07164034763324335,6.430748005598395,0.0,0.005572900529539335,1.6718701588618004e-05,6.08302319848992e-10,0.19082224889083788,0.4566529701796786,0.35252478092948364,0.0,0.006433353934896127,0.0014083333334127376,0.00011724767689689762,1.672152663454548e-05,0.005595218064658314,False,True,0.13000000000366482,-0.10143262977952809,-3.664818448712026e-12,0.05856737022047191
2026-02,NoStressExpectedReturn,0.10024648825278383,0.10078981311429278,7.075407909998227,0.0,0.15523567471684194,0.0004657070241505258,7.761783735842091e-05,0.33560910311824255,0.4628678862518546,0.20152301062990277,9.911725438885648e-17,0.011387514769844327,0.0014083333353282661,0.00013634569078238606,0.0005433263615402131,0.010003676049857595,False,True,0.13000000009207383,-0.08003973181755923,-9.207382078990634e-11,0.07996026818244077
2026-03,NoStressExpectedReturn,-0.05327370724717007,-0.052722600439550585,6.6984747003466705,-0.053273707247170066,0.167189456440931,0.000501568369322793,4.9538438296690905e-05,0.3026545644115019,0.5911612287093825,0.10618420687911576,0.0,0.02069154878065908,0.0014083333333333335,0.00010344015634828896,0.0005511083076450739,0.019332833649999052,False,True,0.13,-0.08408328072397155,0.0,0.07591671927602846
2026-04,NoStressExpectedReturn,0.07347273423561804,0.07360251423781025,7.190629951789253,0.0,0.038856035332355765,0.0001165681059970673,1.321189619514152e-05,0.28992650507715645,0.5796740281323131,0.13039946679053058,6.782113399326378e-18,0.009381531770806075,0.0014083333333501926,0.00010833120937329964,0.00012978150230968252,0.008439252392447997,False,True,0.13000000000077813,-0.07758866332796686,-7.781275623841566e-13,0.08241133667203314
2026-05,NoStressExpectedReturn,0.08412056346725459,0.08429133665384787,7.795509795018283,0.0,0.05692383730797491,0.00017077151192392473,1.6746693666560637e-09,0.2910048923181746,0.5936281626153109,0.11536694506651453,0.0,0.019489459512191616,0.0014083333333507122,0.00010711808135812302,0.00017077497881335272,0.018507399785344786,False,True,0.1300000000008021,-0.07886139767814417,-8.0210837971606e-13,0.08113860232185584
2026-06,NoStressExpectedReturn,4.189617931740369e-05,0.0001659898696128627,7.795836397094526,0.0,0.04136428655879124,0.00012409285967637373,8.306190852694351e-10,0.31201344926650276,0.5822010949202345,0.10578545581326271,0.0,0.023606502588050228,0.001408333333333599,0.00012001733903181828,0.00012409574585087394,0.022658222836500732,False,True,0.13000000000001224,-0.08494255810180436,-1.2240208846492351e-14,0.07505744189819565
2026-07,NoStressExpectedReturn,-0.07434007951747172,-0.07411838880825494,7.216293299429319,-0.07434007951747168,0.07245315414328844,0.00021735946242986532,4.331246786926972e-06,0.25030007767971135,0.6425880588365623,0.10711186348372642,2.775557561562892e-17,0.011616292175963827,0.0014083333347344215,8.206570515555574e-05,0.00022169220935434119,0.010608367594086718,False,True,0.1300000000646656,-0.07240779340760364,-6.466560620310702e-11,0.08759220659239636
2007-04,NoStressCovarianceBlend,-0.0033939798354437043,-0.001893978656952273,0.9966060201645563,-0.00339397983544365,1.0,0.0015,1.1784914314276495e-09,1.2544321499666727e-16,0.999997643017137,2.356982862855299e-06,0.0,0.003720720280277168,9.660602978012568e-06,8.071422793067689e-10,0.0015000045852171181,0.0022158845864287645,False,True,0.010766951088221345,-4.9207995670708105e-05,0.11923304891177866,0.1599507920043293
2007-05,NoStressCovarianceBlend,0.0022772120023335264,0.0022772432264825493,0.998875503355273,-0.0011244966447270244,8.921185435044535e-06,2.6763556305133605e-08,4.460592717518587e-09,1.3288262065404687e-16,0.9999887611691266,1.1238830873247821e-05,0.0,0.003217731141523548,1.0140104386414319e-05,2.7672320672459993e-07,3.4419698951274714e-08,0.003212349946424665,False,True,0.01103092256508819,-0.0009962722081845454,0.11896907743491181,0.15900372779181546
2007-06,NoStressCovarianceBlend,-0.011257618939738707,-0.009896474394777643,0.9876305435702596,-0.01236945642974041,0.3888984414174468,0.0011666953242523404,0.00019444922070872337,1.3355062439497196e-18,0.6110901168377648,0.3889098831622352,0.0,0.005057477850899258,0.00033412487633909096,4.8234974263543924e-05,0.0013611475449655636,0.003481032893500604,False,True,0.0633206010400177,-0.019545385953951888,0.0666793989599823,0.14045461404604812
2007-07,NoStressCovarianceBlend,0.01547079770311065,0.015470797944482001,1.0029099759152482,0.0,6.896324336588785e-08,2.0688973009766354e-10,3.448162173845526e-11,2.9093705489379563e-17,0.6174318327634157,0.3825681672365844,2.772782004001329e-17,0.0035278998883922046,0.00029087233417824195,4.9378750486269234e-05,6.508313003346059e-09,0.003333078462503811,False,True,0.0590801828885025,-0.018953948651982855,0.0709198171114975,0.14104605134801715
2007-08,NoStressCovarianceBlend,0.008507495177083657,0.008507495632752696,1.0114422276983963,0.0,1.30191154332763e-07,3.90573462998289e-10,6.509557707998809e-11,0.0,0.6127429012616029,0.38725709873839714,0.0,0.005757105814548264,0.0002882784649616661,4.779228304694796e-05,6.529537402266888e-09,0.005565167769483081,False,True,0.05881616767131291,-0.019391258564653402,0.0711838323286871,0.1406087414353466
2007-09,NoStressCovarianceBlend,0.029770880162338767,0.029770883958914574,1.0415537530503343,0.0,1.0847359442900384e-06,3.2542078328701154e-09,5.423679721450192e-10,0.0,0.6062607520681966,0.3937392479318035,0.0,0.0056432784247549325,0.0002701527532245952,4.697099566674562e-05,8.163718412464637e-09,0.005461222888757477,False,True,0.05693709720994865,-0.019995684598440033,0.07306290279005136,0.14000431540155997
2007-10,NoStressCovarianceBlend,0.026654757884723893,0.026654758533833197,1.0693161161618163,0.0,1.8545980196016435e-07,5.563794058804931e-10,9.272990098008194e-11,9.393064780396274e-22,0.5902292404743248,0.4097707595256753,0.0,0.007457831000909937,0.00034804848561683206,4.919208496452534e-05,6.559682976369245e-09,0.00723460811345402,False,True,0.06462647930532797,-0.02148990454356986,0.06537352069467203,0.13851009545643014
2007-11,NoStressCovarianceBlend,0.010708259080676222,0.011965174389443936,1.0807666301728194,0.0,0.35911865964791834,0.001077355978943755,0.00017955932982395917,2.110828180536437e-17,0.21859261478768882,0.7814073852123111,2.601576994196858e-17,0.015389234770315358,0.0014083333333674774,0.0002222443153799964,0.0012569183087725872,0.013205905479479037,False,True,0.13000000000157588,-0.060948388096383754,-1.5758783167285628e-12,0.09905161190361625
2007-12,NoStressCovarianceBlend,0.06394598141766358,0.06412050173097272,1.1498773130226814,0.0,0.04986294665975388,0.00014958883997926166,2.4931473329876896e-05,0.0,0.2651648151948441,0.734835184805156,2.1878861027578578e-18,0.010998750707386727,0.0014083333333618278,0.00018324426962438976,0.00017452331334423467,0.009936816457737188,False,True,0.13000000000131512,-0.055708173107187564,-1.3151146838197292e-12,0.10429182689281244
2008-01,NoStressCovarianceBlend,0.08583694857523153,0.085918292056229,1.2485792728084346,0.0,0.023240994570707024,6.972298371212107e-05,1.1620497285353528e-05,0.0,0.27305832318832357,0.7269416768116764,0.0,0.014727351036033553,0.0014083333333341304,0.00017020558073061124,8.134648107277259e-05,0.013771632307563104,False,True,0.13000000000003678,-0.050241039927820696,-3.677613769070831e-14,0.1097589600721793
2008-02,NoStressCovarianceBlend,0.041059503557706066,0.04145172723317998,1.2998453179023908,0.0,0.1120639072782609,0.0003361917218347827,5.60319536391303e-05,0.004545560954506078,0.36515393497264614,0.6303005040728473,3.899935729338317e-16,0.017110001465152364,0.0014083333333335364,0.00011694833231954858,0.0003922251756548076,0.01589666129051124,False,True,0.13000000000000939,-0.041194306665106116,-9.381384558082573e-15,0.11880569333489388
2008-03,NoStressCovarianceBlend,-0.03650199930019964,-0.03640931399552495,1.25239836501795,-0.036501999300199595,0.026481515621340247,7.944454686402075e-05,1.3240757810669924e-05,2.078306225823347e-17,0.3309104104496639,0.669089589550336,3.6907872489830035e-18,0.020312512866731136,0.0014083333333341811,0.00012807050007212538,9.268680491669752e-05,0.01938758889507522,False,True,0.13000000000003914,-0.04463392341079272,-3.913536161803677e-14,0.11536607658920728
2008-04,NoStressCovarianceBlend,-0.012104303673994708,-0.01175961938640722,1.2372389548869582,-0.048164471689956745,0.09848122502499684,0.00029544367507499053,4.9240612512498386e-05,2.7814346449621914e-19,0.44192621946781047,0.5580737805321895,2.2953279307778805e-17,0.016001145479697228,0.0014083333333333352,0.0001180594789439281,0.00034468728760525877,0.014834232046481374,False,True,0.1300000000000001,-0.033927792201065454,-8.326672684688674e-17,0.12607220779893455
2008-05,NoStressCovarianceBlend,0.04333451238351758,0.04378200125552291,1.2908541016988775,-0.006917143201333187,0.13561745314289425,0.00040685235942868275,4.063651257665202e-05,2.6099732082865163e-18,0.3700044960168252,0.49437805084028047,0.13561745314289428,0.016035536594785373,0.0014083333333508136,0.00016239778592645843,0.00044749037203697006,0.014721481770146537,False,True,0.13000000000080678,-0.0616730479704084,-8.067713164194856e-13,0.0983269520295916
2008-06,NoStressCovarianceBlend,0.054141202781988286,0.054430766346553014,1.3607424953809177,0.0,0.08273244701849383,0.0002481973410554815,4.1366223509246874e-05,0.0,0.43435225462169735,0.4479044521632423,0.11774329321506039,0.018029880314070806,0.0014083333336400226,0.00012098392315580476,0.00028956506461552304,0.016915164659479467,False,True,0.13000000001415488,-0.05180675004088464,-1.415487171918528e-11,0.10819324995911536
2008-07,NoStressCovarianceBlend,-0.04332305714109074,-0.04315063186584955,1.3017909704992199,-0.04332305714109075,0.05468246114561355,0.00016404738343684067,8.37789180435901e-06,0.0,0.4269710525079076,0.49797030562649874,0.07505864186559363,0.017272102982846677,0.0014083333480343397,0.00011256922556186595,0.00017242677533437108,0.01628294030793327,False,True,0.13000000067850798,-0.0446227919010093,-6.785079720295073e-10,0.11537720809899071
2008-08,NoStressCovarianceBlend,-0.012091250314920896,-0.011903876571588244,1.28605069001721,-0.054890477527711146,0.06209529894070952,0.00018628589682212856,1.087846510524057e-06,0.0,0.44615953291036126,0.5484923543188032,0.005348112770835577,0.011306214467111246,0.0014083333509348867,0.0001460275564838656,0.00018737524381687122,0.010268644991343065,False,True,0.1300000008123794,-0.038389394251494936,-8.123793859837747e-10,0.12161060574850507
2008-09,NoStressCovarianceBlend,0.06316285384343769,0.06361514218949654,1.3672813217860191,0.0,0.13966758073210472,0.0004190027421963142,3.3285603862538285e-05,3.418624975118356e-18,0.5175338274276432,0.40407517493786405,0.07839099763449277,0.01080808328616131,0.0014083333500689512,0.00012312889737582018,0.00045228984608950426,0.00952849786766151,False,True,0.13000000077241314,-0.04190497068604785,-7.724131334541084e-10,0.11809502931395216
2008-10,NoStressCovarianceBlend,-0.04591363570126548,-0.045708421267972844,1.304504465276391,-0.0459136357012655,0.05863269522646825,0.00017589808567940475,2.931634761323413e-05,5.502596570116223e-18,0.5478573644017957,0.4399251274385517,0.012217508159652625,0.015571747396678607,0.0014083333333678979,8.83636450100671e-05,0.00020521698438019748,0.014574000100604393,False,True,0.13000000000159528,-0.03197511232678981,-1.5952794640838874e-12,0.12802488767321019
2008-11,NoStressCovarianceBlend,0.09428061158171032,0.09431065254355686,1.427493944073721,0.0,0.00925433529343785,2.7763005880313548e-05,2.2779559662368268e-06,0.0,0.586361474034013,0.4136385259659871,0.0,0.0068943024989931104,0.0014083333333388237,0.00011725403112614607,3.0042462306716504e-05,0.006042839338890837,False,True,0.13000000000025339,-0.03126236974201799,-2.5338064979507635e-13,0.12873763025798202
2008-12,NoStressCovarianceBlend,0.03549282185372578,0.03591029310714744,1.4781597323280022,0.0,0.11927750097761607,0.0003578325029328482,5.963875048880803e-05,1.7862600429372032e-17,0.6568197089580399,0.3431802910419601,2.3629003150173373e-17,0.010043870169067007,0.0014083333333335178,7.023041110672071e-05,0.0004174742534363279,0.008851998837857198,False,True,0.1300000000000085,-0.024644013249872143,-8.493206138382448e-15,0.13535598675012786
2009-01,NoStressCovarianceBlend,0.03967145548034708,0.03974414568583728,1.5368004803418942,0.0,0.02076863014005615,6.230589042016846e-05,1.038431507002807e-05,0.0,0.6411524932609952,0.35884750673900484,1.413867395556878e-17,0.013704523235384358,0.0014083333342951136,7.654833654741042e-05,7.26932055744582e-05,0.012851115026114931,False,True,0.13000000004438986,-0.02611640999675055,-4.4389852904558325e-11,0.13388359000324945
2009-02,NoStressCovarianceBlend,0.06531172395339545,0.06533552200873033,1.6371715690854294,0.0,0.006799444381396075,2.0398333144188228e-05,3.3997221906980687e-06,1.2862278725495494e-18,0.6271605472575207,0.3728394527424793,4.044582323139284e-20,0.014500101472913689,0.0014083333334255449,8.204184282475364e-05,2.3801055592260245e-05,0.013690091907783902,False,True,0.1300000000042559,-0.02743101408406526,-4.2559011870224595e-12,0.13256898591593475
2009-03,NoStressCovarianceBlend,-0.047154305853860164,-0.046981859949617476,1.559971880181531,-0.047154305853860046,0.04927025835505534,0.000147810775065166,2.463512917752763e-05,0.0,0.6383653350618372,0.36163466493816276,1.4023477474742196e-17,0.015429794138078235,0.0014083333352949271,7.364185504905133e-05,0.00017244890427821203,0.014479536711103507,False,True,0.1300000000905351,-0.026378302078763932,-9.05351071889271e-11,0.13362169792123607
2009-04,NoStressCovarianceBlend,-0.03362454154000746,-0.03360953936907629,1.5075185408951235,-0.07919330547789427,0.004286334551763895,1.2859003655291686e-05,2.143167275881951e-06,1.319442395839122e-18,0.6705761294967447,0.3294238705032553,1.124010133414741e-18,0.012482573831653722,0.0014083333333504207,0.00010532022820214003,1.5005171339447851e-05,0.011658081765436923,False,True,0.13000000000078865,-0.029290315453489812,-7.886469255424799e-13,0.1307096845465102
2009-05,NoStressCovarianceBlend,0.03086744936133623,0.030966410205075307,1.5540517931174793,-0.05077035146315367,0.028274526782593373,8.482358034778012e-05,1.4137263391296645e-05,0.0,0.6743346562902538,0.32566534370974615,0.0,0.00919184226541678,0.0014083333336314386,0.00012913161309734597,9.896384380096994e-05,0.008259580141702742,False,True,0.1300000000137587,-0.04201079213909961,-1.3758688632847793e-11,0.11798920786090039
2009-06,NoStressCovarianceBlend,-0.014179412454619187,-0.013942856771025035,1.5320162517670262,-0.0642298701639108,0.06758733816975773,0.0002027620145092732,3.379366908487888e-05,2.7987341157268107e-18,0.5853574360507408,0.4146425639492593,0.0,0.01251207258021057,0.0014083333444344411,0.00023035855384676942,0.00023655868362004457,0.011340988670526537,False,True,0.13000000051235883,-0.06349363636320801,-5.123588220357078e-10,0.09650636363679199
2009-07,NoStressCovarianceBlend,-0.0078551819859796,-0.007855181089238137,1.5199819853039178,-0.07158051483081707,2.5621184607249635e-07,7.686355382174891e-10,1.2810592303624816e-10,2.845746147319587e-18,0.5936341391883131,0.4063658608116869,2.6102147207123907e-22,0.009909350237574995,0.0011630136037620758,0.00021843710889474656,6.6130520683117045e-09,0.009109399713747144,False,True,0.11813620632619327,-0.07077151570805437,0.01186379367380673,0.08922848429194563
2009-08,NoStressCovarianceBlend,0.00833184466798015,0.008331844990705018,1.532646239103598,-0.0638450678936614,9.220710492363705e-08,2.766213147709112e-10,4.610355244794029e-11,3.2675589012310835e-18,0.5981856247603311,0.401814375239669,2.477972589596087e-22,0.009377363387676321,0.0010414849386011014,0.00020870204895375122,6.514847271208441e-09,0.008647912354574749,False,True,0.11179364589820487,-0.07640114010606242,0.018206354101795136,0.08359885989393759
2009-09,NoStressCovarianceBlend,-0.003324175541956109,-0.003324174728818579,1.5275514539610988,-0.0669570112224509,2.3232500864778297e-07,6.969750259433489e-10,1.161625043100134e-10,3.2924285794245257e-18,0.593488254782665,0.406511745217335,2.4117968301973464e-22,0.008864409989412014,0.001087898787728363,0.00020946981610756396,6.593214806145958e-09,0.008110984186225464,False,True,0.11425754002576965,-0.07656526175798226,0.01574245997423035,0.08343473824201775
2009-10,NoStressCovarianceBlend,0.0295550316462024,0.029555034491489503,1.5726982855241214,-0.039380896161863244,8.129391722289119e-07,2.4388175166867357e-09,4.0646958612833345e-10,3.524291879055554e-18,0.5988191284655953,0.40118087153440485,1.1360749452689012e-21,0.009885825990206761,0.001280334853343249,0.0001982437836721776,7.510616221476368e-09,0.009047407269246738,False,True,0.12395167703633134,-0.0783644125290905,0.0060483229636686675,0.0816355874709095
2009-11,NoStressCovarianceBlend,0.048203332380027115,0.048359444957373876,1.6485075837147394,0.0,0.04460359352764595,0.00013381078058293785,2.230179676382296e-05,2.393138156671951e-19,0.5384619437891772,0.46153805621082283,2.5563454348134784e-18,0.011784045051306574,0.0014083333341998036,0.0002716394433625291,0.00015611557738599534,0.010652123363458147,False,True,0.13000000003999093,-0.09298468796171211,-3.999092723638853e-11,0.0670153120382879
2009-12,NoStressCovarianceBlend,-0.03287795959495161,-0.03273052698414245,1.5943080179853948,-0.032877959594951656,0.04212360308833007,0.0001263708092649902,2.1061801544165023e-05,1.843872345213071e-06,0.5624939280988817,0.4375042280287731,2.808198626515989e-17,0.012949859996556193,0.0014083333333348219,0.0002335419180467405,0.00014743449142053824,0.011864716920421504,False,True,0.1300000000000687,-0.08716814649090492,-6.869504964868156e-14,0.07283185350909509
2010-01,NoStressCovarianceBlend,0.00413543082973746,0.0042090051427501295,1.6009011685150691,-0.02887849329294212,0.02102127574065673,6.306382722197019e-05,1.0510485790699784e-05,1.7777922580665482e-06,0.6001920659777842,0.39980615622995785,0.0,0.011519861728039437,0.0014083333335645255,0.00020382590704279377,7.357692470712912e-05,0.010538292229507251,False,True,0.1300000000106704,-0.0780301866126144,-1.067040900082361e-11,0.0819698133873856
2010-02,NoStressCovarianceBlend,0.01158364375107745,0.011604734919811607,1.6194454373318312,-0.017629367720238043,0.006026287784226105,1.8078863352678315e-05,3.0123053814791186e-06,2.4890883126910705e-19,0.6089075306852049,0.3910924693147952,9.16145541794331e-19,0.010625617128366571,0.0014083333333335475,0.00018919911809189355,2.109308229804119e-05,0.009711158261309864,False,True,0.13000000000000989,-0.07591601058052255,-9.880984919163893e-15,0.08408398941947745
2010-03,NoStressCovarianceBlend,8.64544220900019e-05,0.0002759855490532294,1.619585445551222,-0.017544437434946047,0.05415175056092214,0.0001624552516827664,2.707587528046107e-05,0.0,0.5541327275870627,0.44586727241293744,0.0,0.011074131359532205,0.0014083333333335451,0.0002523779035018635,0.0001895341269955441,0.009928052662368025,False,True,0.13000000000000977,-0.08919346375817197,-9.769962616701378e-15,0.07080653624182803
2010-04,NoStressCovarianceBlend,0.023108109643848383,0.023108110163358068,1.6570110036046006,0.0,1.4843133874786751e-07,4.4529401624360253e-10,7.421566940168934e-11,2.775557561562892e-17,0.5615430062634422,0.43845699373655783,2.775557561562892e-17,0.009873544719828218,0.001042718830235275,0.00023760835460715394,6.538345702922872e-09,0.009114570411757722,False,True,0.11185984964598915,-0.0873995398549197,0.018140150354010856,0.0726004601450803
2010-05,NoStressCovarianceBlend,0.05794406134306235,0.057944061841722384,1.753024950843595,0.0,1.4247429636073304e-07,4.274228890821991e-10,7.123714818036637e-11,2.78730108340491e-17,0.5517132753039335,0.44828672469606645,2.709848527612152e-17,0.010154757169356989,0.001091204053934922,0.0002451593846685305,6.535344655442049e-09,0.009363989222376343,False,True,0.11443097765561153,-0.08977901840849993,0.015569022344388478,0.07022098159150007
2010-06,NoStressCovarianceBlend,0.0068481891341898036,0.007228927586685601,1.7650299972639258,0.0,0.1087824149987991,0.00032634724499639735,5.439120749939956e-05,0.038838193665476785,0.5913173282622813,0.36984447807224186,0.0,0.010994537470266706,0.0014083333333369447,0.00014563771274698055,0.00038073995253502324,0.00976399313831623,False,True,0.13000000000016668,-0.05602752529376691,-1.6667223157185163e-13,0.1039724747062331
2010-07,NoStressCovarianceBlend,-0.024273156232607236,-0.024259482615936214,1.7221871483851001,-0.024273156232607285,0.003906747620292823,1.1720242860878468e-05,1.9533738101464027e-06,0.03961955929238464,0.5925441170618753,0.36783632364574,0.0,0.011422014659600903,0.0014083333333334955,0.00014086048261059033,1.367606745740991e-05,0.010563311442866156,False,True,0.13000000000000747,-0.05303009973465602,-7.466249840604178e-15,0.10696990026534398
2010-08,NoStressCovarianceBlend,0.03866648043500156,0.03900288687310421,1.7887780640635438,0.0,0.09611612517218647,0.00028834837551655943,4.805806258609328e-05,0.04260937920403945,0.5142941952877316,0.4430964255082291,2.8277758192721395e-17,0.01123535552828062,0.0014083333333343591,0.00023390790704935795,0.00033640855420586334,0.00996087240035822,False,True,0.13000000000004733,-0.06969284364370872,-4.73232564246473e-14,0.09030715635629129
2010-09,NoStressCovarianceBlend,0.007501158962248461,0.0077291766186814315,1.8021959726702674,0.0,0.06959787831774164,0.00020879363495322493,1.9224021479745047e-05,0.07171588523975463,0.43074094704676624,0.4975431677134791,5.0163938114359836e-18,0.012380953972899818,0.0014083333333899768,0.000299056664887895,0.00022801915649383245,0.011149711484823101,False,True,0.1300000000026143,-0.07332346324296525,-2.6142976672360874e-12,0.08667653675703475
2010-10,NoStressCovarianceBlend,0.009130000311878595,0.009194327078024922,1.8186500224628133,0.0,0.01837907604180773,5.5137228125423185e-05,9.189538020903858e-06,0.07583740393212153,0.4156681154535632,0.5084944806143153,6.595693324546615e-19,0.012016318076934894,0.0014083333333336186,0.00030869945121067175,6.4329585981916e-05,0.010939122373075497,False,True,0.13000000000001316,-0.07465049822191921,-1.3156142841808105e-14,0.08534950177808079
2010-11,NoStressCovarianceBlend,0.030918424695864772,0.03122588082680472,1.8748798162304623,0.0,0.08784460883998493,0.0002635338265199548,4.3922304419992446e-05,0.08128649604218358,0.4924403775895392,0.4262731263682773,1.4405489333953886e-17,0.010616709467385486,0.001408333341147794,0.00020147169216381058,0.000307457631095119,0.009403613473552659,False,True,0.13000000036066742,-0.05553641962312968,-3.6066741260221136e-10,0.10446358037687031
2010-12,NoStressCovarianceBlend,0.0023969049690549644,0.0026574332679219883,1.8793737249783657,0.0,0.07443665681914956,0.00022330997045744868,3.721832840957482e-05,0.08096879079307297,0.5546107434104044,0.3644204657965226,7.531181692274798e-19,0.010961220059362446,0.0014083333333683855,0.00013687322681981304,0.0002605299031900994,0.00985965026266834,False,True,0.1300000000016178,-0.04404173612467908,-1.6177892359081625e-12,0.11595826387532093
2011-01,NoStressCovarianceBlend,-0.03020532528639766,-0.029931219673220315,1.8226066302806854,-0.030205325286397633,0.07831588947924144,0.0002349476684377243,3.915794473962073e-05,0.010214635981619796,0.5524658192856068,0.43731954473277346,4.351943764666909e-18,0.01226803920862694,0.001408333333665162,0.000213890361150781,0.0002741072514714904,0.011075874929172088,False,True,0.13000000001531517,-0.08001883954298077,-1.531516580222103e-11,0.07998116045701924
2011-02,NoStressCovarianceBlend,0.03135027708296898,0.031412161071673,1.8797458531532414,0.0,0.017681139629719785,5.3043418889159355e-05,8.840569814859893e-06,8.037415715572973e-19,0.5594379634257444,0.44056203657425563,0.0,0.010214087556749393,0.0014083333333333396,0.00023313712644813364,6.188548893747224e-05,0.00921489827469712,False,True,0.13000000000000028,-0.0844456486200429,-2.7755575615628914e-16,0.0755543513799571
2011-03,NoStressCovarianceBlend,-0.004629377409734448,-0.004531389954643003,1.8710438001646117,-0.004629377409734459,0.027997266910435005,8.399180073130502e-05,1.3995654360140303e-05,5.958190154494006e-06,0.5174594456746375,0.482534596135208,1.470718016332665e-18,0.010810351665724808,0.001408333333333663,0.0002820517572970075,9.798908015692142e-05,0.009726144161604047,False,True,0.13000000000001521,-0.09428133916115622,-1.5210055437364645e-14,0.06571866083884378
2011-04,NoStressCovarianceBlend,0.032593014891054393,0.03268509734273352,1.932026758605192,0.0,0.026309271908322093,7.892781572496628e-05,1.3154635954161053e-05,4.672144619997851e-19,0.49819662936146347,0.5018033706385365,0.0,0.011006783554773254,0.0014083333333923134,0.0003035108905518299,9.208406583959155e-05,0.009907021931685675,False,True,0.13000000000272216,-0.0987940618614538,-2.7221558340784213e-12,0.061205938138546204
2011-05,NoStressCovarianceBlend,0.0008676197921442019,0.0011347159539588352,1.9337030232599102,0.0,0.0763131890898952,0.00022893956726968562,3.815659454494766e-05,5.145128568473837e-06,0.5597864705898786,0.4402083842815528,0.0,0.011642124032416927,0.0014083333333355208,0.00022144502329699917,0.00026709780625530557,0.010449414536196862,False,True,0.13000000000010095,-0.08071208961180541,-1.0094702851404236e-13,0.07928791038819459
2011-06,NoStressCovarianceBlend,-0.016973811514479534,-0.016880751850102918,1.9008807126181173,-0.01697381151447952,0.026588475536176024,7.976542660852808e-05,1.3294237768088025e-05,4.549036792217098e-06,0.5373795719341481,0.46261587902905976,1.4242940812687003e-18,0.011430567886652868,0.0014083333410532084,0.00024411389568286993,9.306211460219702e-05,0.010389225205841197,False,True,0.1300000003563019,-0.08569818727774023,-3.563019046470828e-10,0.07430181272225977
2011-07,NoStressCovarianceBlend,0.03806699394955572,0.038167111625164826,1.9732415272041783,0.0,0.02860607638541285,8.581822915623855e-05,1.4299446452873038e-05,1.172002370488326e-05,0.5185688259167343,0.48141945405956094,0.0,0.011270864943406513,0.001408333333351382,0.0002680010060445985,0.00010011927957554375,0.010198577991110678,False,True,0.130000000000833,-0.08987664211123673,-8.33000335376255e-13,0.07012335788876327
2011-08,NoStressCovarianceBlend,0.05666133667067566,0.05690434668567521,2.0850480297096525,0.0,0.06943170543610433,0.000208295116308313,3.471489869123892e-05,0.06944307893689404,0.5015029699021989,0.4290539511609071,5.040766682666704e-19,0.011495853747697883,0.0014083333337441156,0.00019245114329900873,0.00024301188427599987,0.010356224053250816,False,True,0.1300000000189592,-0.05671872833039698,-1.895919532479695e-11,0.10328127166960302
2011-09,NoStressCovarianceBlend,-0.015463041884663626,-0.014846588911138518,2.0528068446947167,-0.01546304188466363,0.17612942100717338,0.0005283882630215201,8.806471050358673e-05,0.1908190473326363,0.5233234287191748,0.28585752394818886,1.4967072177983487e-18,0.011360343783062075,0.0014083333455599506,0.00011550909192403556,0.0006164544735542251,0.009924213544803839,False,True,0.1300000005643054,-0.034032970093054664,-5.643054079573773e-10,0.12596702990694533
2011-10,NoStressCovarianceBlend,0.014988316114171814,0.015064659791869947,2.0835749626043367,-0.0007064907303458989,0.02181247934232397,6.543743802697192e-05,1.090623967116197e-05,0.18671841240118112,0.5415608574094468,0.27172073018937215,0.0,0.010962614445487823,0.0014083333407353322,0.00010724004589784875,7.634517788161633e-05,0.01007486255134069,False,True,0.13000000034163073,-0.03260184401962683,-3.4163072371029557e-10,0.12739815598037318
2011-11,NoStressCovarianceBlend,0.02328020526932232,0.023418925483574462,2.1320810154277865,0.0,0.03963434692918317,0.00011890304078754951,1.981717346459162e-05,0.1991492192905166,0.5048696366069334,0.29598114410255005,1.9717835133671542e-17,0.010766826827044334,0.0014083333333384626,0.00012608464994358639,0.00013872171439587738,0.009797853796035639,False,True,0.13000000000023673,-0.03585672723191323,-2.36727304425699e-13,0.12414327276808677
2011-12,NoStressCovarianceBlend,-0.032186916490950936,-0.0320945272312517,2.0634559018322705,-0.032186916490950956,0.029049565870467312,8.714869761140194e-05,5.240562087829029e-06,0.21620708153656681,0.4675947842087407,0.31619813425469245,2.7755575615628914e-17,0.012206940471512604,0.0014083333341446112,0.00014711089462403392,9.239075986084963e-05,0.011263272149955416,False,True,0.1300000000374436,-0.039571712684179104,-3.7443603773112955e-11,0.12042828731582089
2012-01,NoStressCovarianceBlend,0.041123882870082354,0.04124467224495583,2.148313220646801,0.0,0.040262976373412945,0.00012078892912023885,4.457532417202469e-10,0.2544560986257458,0.4446465457183256,0.30089735565592857,7.764374881371326e-19,0.011212805794467928,0.0014083333333349305,0.0001811222582147239,0.0001207917712886029,0.010206725098297136,False,True,0.13000000000007372,-0.047110754292061276,-7.37188088351104e-14,0.11288924570793873
2012-02,NoStressCovarianceBlend,0.004436201669208772,0.004436209241429763,2.1578435713422177,0.0,2.2075173760627287e-06,6.6225521281881864e-09,9.49668863103881e-10,0.26220678698275135,0.42896250482986914,0.3088307081873795,7.063237995787612e-19,0.010084436262686812,0.0011361752736401532,0.00019026122117550215,1.0997807755695887e-08,0.009326076406883477,False,True,0.11676516297116121,-0.04881316705812406,0.013234837028838792,0.11118683294187595
2012-03,NoStressCovarianceBlend,-0.0049229836109725145,-0.004922980412280678,2.1472205428054574,-0.004922983610972653,9.139119534900978e-07,2.7417358604702934e-09,4.5695597676585964e-10,0.27243066465450666,0.42789168415108897,0.29967765119440437,2.8487509744428234e-17,0.00939266033299677,0.0010384518293526243,0.0001910069046901348,7.592155032499634e-09,0.00868241992147529,False,True,0.11163073928014404,-0.04828488616695967,0.018369260719855965,0.11171511383304034
2012-04,NoStressCovarianceBlend,0.0023327792229157693,0.0023327842055798705,2.1522295342747317,-0.0026016886219393243,1.4236183146221361e-06,4.2708549438664085e-09,7.118091573110463e-10,0.2731733476662457,0.43028360178044534,0.296543050553309,2.7327843265464935e-17,0.00930177040711713,0.0007764887632688993,0.00018744931569620286,8.733067988511806e-09,0.00872606797671849,False,True,0.09652908970474544,-0.04841596496361353,0.03347091029525456,0.11158403503638648
2012-05,NoStressCovarianceBlend,-0.02416689093376036,-0.0239886393985093,2.1002168378554966,-0.026705704830529586,0.05941712882544252,0.00017825138647632757,1.4877473276941098e-10,0.33105056061766813,0.37301666022890356,0.29593277915342836,0.0,0.010286124774457905,0.000735693319991339,0.0002400433659131644,0.00017825452683564502,0.009499980221713425,False,True,0.09395913920367763,-0.061280402961256336,0.03604086079632238,0.09871959703874367
2012-06,NoStressCovarianceBlend,-0.012335351214640774,-0.011986973529299009,2.0743099255336466,-0.03871163179665138,0.1151489864679959,0.0003454469594039877,2.9307259377766014e-06,0.42613406442682483,0.2761420296683586,0.2977239059048166,0.0,0.011829341458381137,0.0014083333333336852,0.0003698811059247649,0.0003483791855257465,0.010406914500263783,False,True,0.13000000000001624,-0.0875402872589114,-1.6237011735142914e-14,0.0724597127410886
2012-07,NoStressCovarianceBlend,0.01270356203029493,0.012826915962485525,2.1006610503427194,-0.02649984538217931,0.03783129260310958,0.00011349387780932874,9.860054381267996e-06,0.418302280086235,0.3178726127640712,0.2638251071496939,0.0,0.011352256614798821,0.0014083333333333367,0.0003361077255619351,0.0001233554323025421,0.010188626790267675,False,True,0.13000000000000014,-0.0884117429324822,-1.3877787807814457e-16,0.0715882570675178
2012-08,NoStressCovarianceBlend,0.021438054116669537,0.021530475426830946,2.145695135620746,-0.005629896384896416,0.03080698692095707,9.242096076287121e-05,3.493985363811625e-10,0.38420676471022763,0.35100468604439555,0.26478854924537687,0.0,0.011491503404228776,0.001408333333483424,0.00028507636780563934,9.242385254820513e-05,0.01040983651713322,False,True,0.13000000000692724,-0.07676759891442017,-6.927236562148664e-12,0.08323240108557983
2012-09,NoStressCovarianceBlend,0.030783281463286762,0.031189926466894186,2.2117466729149644,0.0,0.1355482789537478,0.0004066448368612434,1.6674617792089563e-10,0.5152867139184587,0.2103225537760537,0.2743907323054877,0.0,0.013325342517172208,0.0014083333334302664,0.0004924293384353303,0.0004066479449194788,0.011722098567102265,False,True,0.13000000000447384,-0.12398175200147954,-4.473837966756378e-12,0.036018247998520464
2012-10,NoStressCovarianceBlend,-0.03639757657192738,-0.03618696961189632,2.1312444540298365,-0.036397576571927326,0.06017348235738629,0.00018052044707215887,3.0086512958900192e-05,0.4628112035429525,0.20442038273716026,0.33276841371988725,3.1766097488738587e-18,0.012924129274067313,0.0014083333337556294,0.00042996229740840177,0.00021060942426657465,0.011579390885514521,False,True,0.13000000001949058,-0.09650897729250633,-1.9490575819958167e-11,0.06349102270749367
2012-11,NoStressCovarianceBlend,-0.001688102755772419,-0.0016772110699235041,2.127646694393764,-0.038024236478385154,0.0031119102425470765,9.335730727641229e-06,1.555955121273543e-06,0.4534144137311356,0.21300365634768995,0.33358192992117447,0.0,0.01316501181490137,0.0014083333333333354,0.00042667196138286995,1.0893907621394664e-05,0.012023279279230439,False,True,0.1300000000000001,-0.09343775854282002,-8.326672684688674e-17,0.06656224145717998
2012-12,NoStressCovarianceBlend,0.019770053898201405,0.019785812377154616,2.169710384218259,-0.019005923784799483,0.005252719074948689,1.5758157224846068e-05,3.2172836615662617e-10,0.46978983659616247,0.2081087895569142,0.3221013738469234,2.7755575615628914e-17,0.012622313850113719,0.0014083333333333654,0.00043972482043113227,1.5761070590721484e-05,0.011462661292425182,False,True,0.13000000000000148,-0.09981249536430001,-1.4710455076283324e-15,0.060187504635699995
2013-01,NoStressCovarianceBlend,-0.009741144326601303,-0.009503599178322865,2.148574922218663,-0.0285619286647526,0.07918167734607391,0.00023754503203822174,1.1624021632816055e-10,0.5623898606902829,0.12473734557374468,0.31287279373597243,1.9735674149836923e-18,0.013203734223050666,0.0014083333333360717,0.0005956969265346816,0.00023754823667248662,0.011666322393175462,False,True,0.13000000000012638,-0.1297554730818189,-1.2637113577795844e-13,0.03024452691818111
2013-02,NoStressCovarianceBlend,0.0022274010755475183,0.002278383928127504,2.153360660311307,-0.02639814645983285,0.016994280545918457,5.098284163775537e-05,1.0942230012018593e-11,0.5687876523979937,0.10960578151808618,0.3216065660839202,0.0,0.012099035393839526,0.001408333333367803,0.0006075331024547771,5.0986309378202645e-05,0.010736349315322644,False,True,0.1300000000015909,-0.13085155550502123,-1.590894083136618e-12,0.029148444494978776
2013-03,NoStressCovarianceBlend,-0.00250821962887937,-0.0022636696209897096,2.1479595588350575,-0.028840153739595698,0.08151634258340096,0.0002445490277502029,9.801394576514078e-10,0.5073294792412131,0.19167673523211073,0.30099378552667627,0.0,0.010633130422212544,0.0014083333333851917,0.000473851662746083,0.0002445519885743455,0.00921056010419952,False,True,0.13000000000239345,-0.11163373805892442,-2.393446552062528e-12,0.048366261941075586
2013-04,NoStressCovarianceBlend,-0.03988925353619253,-0.039791653394340466,2.0622790554071977,-0.06757899507124676,0.027885853161422516,8.365755948426755e-05,1.3942582367794388e-05,0.528277358471309,0.19324258089153243,0.2784800606371586,0.0,0.01169676497960806,0.0014083333477927023,0.0004931597340780027,9.760243035892973e-05,0.010401836141274776,False,True,0.13000000066735548,-0.12230912697506567,-6.673554764358158e-10,0.03769087302493433
2013-05,NoStressCovarianceBlend,0.000968660504769196,0.0013310444025693567,2.0642767036779834,-0.06667579566995496,0.10888538651040469,0.00032665615953121407,3.5727738268946667e-05,0.49410989542499256,0.310966406152585,0.19492369842242252,2.1259157578578857e-17,0.01094632048765375,0.001408333333346774,0.000406938870830424,0.0003623853978410809,0.009472829552308857,False,True,0.13000000000062034,-0.12272849940144519,-6.203371150093062e-13,0.037271500598554816
2013-06,NoStressCovarianceBlend,-0.06171165989479101,-0.06169103730142539,1.9368867618118675,-0.12427278153914711,0.005893274027805161,1.7679822083415486e-05,2.942771282201006e-06,0.5099893365954195,0.30813728865619927,0.1818733747483813,1.1600103025311756e-18,0.009798898218353697,0.0014083333333372084,0.00042591188107862164,2.0624190266651028e-05,0.00864819548033982,False,True,0.13000000000017886,-0.13111824047254123,-1.7885692926711272e-13,0.028881759527458778
2013-07,NoStressCovarianceBlend,0.025621665189668203,0.026011850781813332,1.9865130259333117,-0.1018351919502638,0.12739342855630317,0.0003821802856689095,8.00530647622198e-06,0.38863438836637487,0.45263133064404837,0.15873428098957676,6.01623679633088e-17,0.008172580389221069,0.0014083333334491228,0.00026139226969078717,0.0003901870922202108,0.006816834360585509,False,True,0.13000000000534412,-0.09182036623182607,-5.344114040184422e-12,0.06817963376817393
2013-08,NoStressCovarianceBlend,0.011258578262599512,0.011355780399507506,2.0088783383054554,-0.09172313316612313,0.027772771726199453,8.331831517859837e-05,1.3883821729395443e-05,0.41975404314956444,0.4430252650652048,0.13722069178523086,1.798300813221319e-20,0.0075344869476884875,0.0011110121984590365,0.0002948671374777043,9.720378185481655e-05,0.006586909929126448,False,True,0.11546491407136819,-0.10548750369008385,0.014535085928631813,0.054512496309916156
2013-09,NoStressCovarianceBlend,0.004947824112256726,0.004947840921780133,2.0188179149863132,-0.08722913898379747,5.420570201974959e-06,1.6261710605924877e-08,5.478128018432474e-10,0.41990558879615586,0.4395173885511103,0.1405770226527338,1.2917039254589432e-21,0.007548974502019734,0.0009111287666399951,0.0002927492156669007,1.939337727688446e-08,0.00680064150965556,False,True,0.10456359404534611,-0.10511217381175832,0.025436405954653893,0.05488782618824169
2013-10,NoStressCovarianceBlend,0.012039235419136892,0.012039237682327916,2.043122939133205,-0.07624007570429503,7.057012595262688e-07,2.1171037785788065e-09,1.4608724389910818e-10,0.4341789104184205,0.4393435180002708,0.1264775715813087,5.546513923076785e-17,0.007407927305179148,0.0012378234788016193,0.00030676797534694356,7.0427131822963655e-09,0.006482240547718213,False,True,0.1218765020240548,-0.11193027658500124,0.008123497975945207,0.048069723414998766
2013-11,NoStressCovarianceBlend,-0.004557200842698786,-0.004557200256383398,2.0338120175532497,-0.0804498352097468,1.6992525944667835e-07,5.09775778340035e-10,7.653960976130682e-11,0.4398876688929404,0.4350426235537546,0.12506970755330502,7.866590122114076e-17,0.007083415013316528,0.001045250288627974,0.00031164238603619866,6.545012215861393e-09,0.006249140937954126,False,True,0.11199555108813782,-0.11016145830608584,0.01800444891186219,0.04983854169391416
2013-12,NoStressCovarianceBlend,-0.0038757368118383898,-0.0038757356721898545,2.0259294974484594,-0.0840137696337564,3.2561386712623026e-07,9.768416013786909e-10,1.6280693355271863e-10,0.44686686082904736,0.43537821723962017,0.11775492193133257,7.653512022536379e-17,0.006548046493499417,0.0010939912362657696,0.00031743645167726155,6.643348869447569e-09,0.005683607780340401,False,True,0.1145770257738838,-0.11403344383846807,0.015422974226116201,0.04596655616153193
2014-01,NoStressCovarianceBlend,-0.015127711124101577,-0.015127703739466593,1.9952818212532628,-0.0978705447203917,2.1098957094859956e-06,6.329687128457987e-09,1.0549478547465215e-09,0.44395544629608186,0.4398725356703192,0.11617201803359903,7.888612274501545e-17,0.006740880926349128,0.0011022544199730028,0.00030947471180486604,1.1052817228024245e-08,0.0058802679517405325,False,True,0.11500892591306135,-0.11329210381492831,0.014991074086938658,0.04670789618507169
2014-02,NoStressCovarianceBlend,0.017507008652252663,0.017507009232316403,2.030213237361626,-0.0820769565413596,1.7909971454514694e-07,5.372991436354408e-10,4.2764596100461014e-11,0.4282530111565726,0.44787284034116626,0.12387414850226122,8.252126644145375e-17,0.006442932768283155,0.0010268486795628256,0.00028708931659809667,6.537721827162168e-09,0.005642412574181819,False,True,0.11100533390226754,-0.1062119727920258,0.01899466609773247,0.05378802720797421
2014-03,NoStressCovarianceBlend,-0.003670731762023051,-0.0036707300319062776,2.022760869147563,-0.08544640581207608,5.272245475890532e-07,1.5816736427671595e-09,1.4844313049597033e-10,0.42735012681562096,0.4428449754197693,0.12980489776460985,8.603546336765526e-17,0.006326504093347755,0.0009715905996506982,0.0002841221299508502,6.821265119922632e-09,0.005556579842306436,False,True,0.10797725314068875,-0.10495897018675127,0.022022746859311257,0.05504102981324874
2014-04,NoStressCovarianceBlend,-0.005436384718982989,-0.005436380289929851,2.0117643628683726,-0.09041827099621036,1.3396835027435394e-06,4.019050508230618e-09,4.100026296249382e-10,0.4312530476792965,0.4453242825233124,0.12342266979739115,2.8200677042286475e-17,0.0059870742748927225,0.0009087388338391883,0.0002853605574408694,8.284517217031443e-09,0.005247336016015042,False,True,0.10442636643142507,-0.1073755098140596,0.025573633568574936,0.0526244901859404
2014-05,NoStressCovarianceBlend,0.007578559565034385,0.007578573120808519,2.027010638923184,-0.08352495168368823,4.0006006326518436e-06,1.200180189795553e-08,1.553972236743803e-09,0.43074280827013084,0.4491987205177597,0.12005847121210952,2.7117225514088894e-17,0.005528281723328662,0.0008933920860697887,0.00028130193509814797,1.622594607379069e-08,0.0048002675192495466,False,True,0.10354083751272955,-0.10782991300198408,0.026459162487270455,0.052170086998015924
2014-06,NoStressCovarianceBlend,0.008486500572849512,0.00848650564671134,2.044212865871578,-0.07574728566114941,1.5301840330730593e-06,4.590552099219178e-09,4.833097296611271e-10,0.4357967298192353,0.4495522918025566,0.11465097837820813,2.5698825482644206e-22,0.0056026631479035305,0.0009055782969698521,0.00028447072376088493,8.745375614865644e-09,0.004865394530282105,False,True,0.1042446140749642,-0.11066384696135367,0.025755385925035804,0.04933615303864633
2014-07,NoStressCovarianceBlend,0.016348292207925448,0.016348295055789434,2.077632255138047,-0.06063733221316969,9.298720719599919e-07,2.7896162158799757e-09,5.824777130764022e-11,0.4303837862192139,0.449383645873984,0.12023256790680215,4.258846557203686e-22,0.005636474336755909,0.0008906511962635188,0.0002751606096137941,7.495350054329801e-09,0.004915980633660301,False,True,0.10338188601085892,-0.10766808116934572,0.026618113989141087,0.052331918830654287
2014-08,NoStressCovarianceBlend,-0.007957099883240257,-0.007957087430331543,2.061100327763272,-0.06811193478733657,3.908324691249965e-06,1.1724974073749894e-08,7.279346416824704e-10,0.4379917643588691,0.44446154374512575,0.1175466918960052,0.0,0.005188373058530094,0.0008349825600682675,0.000282352663909114,1.5056541624439968e-08,0.004488514058045222,False,True,0.10009890469340417,-0.11090209225382788,0.029901095306595835,0.04909790774617212
2014-09,NoStressCovarianceBlend,-0.010100256327533074,-0.010100251168095303,2.0402826861361003,-0.0775242431145533,1.714459975175886e-06,5.143379925527658e-09,1.605784535202437e-11,0.4360627387583947,0.45020730605759735,0.11372995518400797,0.0,0.004662076983660404,0.000767322064941218,0.00027681975828492496,9.4138752722435e-09,0.004001586779029598,False,True,0.09595761970419345,-0.10664777924673913,0.03404238029580656,0.053352220753260876
2014-10,NoStressCovarianceBlend,-0.010479889773326171,-0.010479880178593694,2.018900748478968,-0.08719168736527849,3.1693131914353745e-06,9.507939574306123e-09,8.67929034684136e-11,0.42502008934635727,0.46056784489044195,0.1144120657632008,4.003087581708656e-22,0.004678973208854624,0.0009131484935650018,0.00026034216244354765,1.32522456643718e-08,0.003962043547382911,False,True,0.10467942454360371,-0.10278147083057815,0.025320575456396294,0.057218529169421856
2014-11,NoStressCovarianceBlend,0.01139215176265998,0.011392155350267726,2.0419003721993882,-0.07679283653752611,1.0250307844739128e-06,3.0750923534217384e-09,5.12515392236956e-10,0.4201806181336254,0.4686664348514614,0.1111529470149132,8.982283539781344e-22,0.004968137937787128,0.0007347214214617178,0.00025190763387507607,7.904918071712174e-09,0.004348861688263123,False,True,0.09389705563829258,-0.10172385539925961,0.036102944361707426,0.05827614460074039
2014-12,NoStressCovarianceBlend,-0.010375814281245873,-0.01037580970019917,2.0207139931566407,-0.08637186260872853,1.3159158452208217e-06,3.947747535662465e-09,6.332991690366665e-10,0.41935828301891476,0.4654146961972378,0.1152270207838475,2.7722623664184407e-17,0.004788781810127439,0.0007207412919247679,0.00024921102287317714,8.708522619602202e-09,0.004179191432769258,False,True,0.09299943818699775,-0.10070979880218851,0.03700056181300225,0.05929020119781149
2015-01,NoStressCovarianceBlend,0.027323459568155805,0.027323462950377513,2.075926890247463,-0.06140838113638858,9.894299544816033e-07,2.96828986344481e-09,4.1393184406491976e-10,0.41374971185497045,0.47061706941655834,0.11563321872847121,2.2182108427172147e-17,0.004823237237308111,0.0008967731260166255,0.00024083421238257365,7.726017517987927e-09,0.004134008735899706,False,True,0.10373657750378844,-0.09872599036915462,0.026263422496211566,0.06127400963084538
2015-02,NoStressCovarianceBlend,-0.0024616148334168407,-0.002461613227466731,2.0708167578213406,-0.06371883218790408,4.7383453943143406e-07,1.4215036182943022e-09,1.844464914621697e-10,0.4128943109306616,0.46459068767801515,0.1225150013913233,4.771606554798311e-17,0.005643443398952706,0.0007174803564549237,0.00023895628354348851,6.799849826586348e-09,0.005045740137331929,False,True,0.09278881547610728,-0.09718910795187306,0.03721118452389273,0.06281089204812694
2015-03,NoStressCovarianceBlend,0.011322564444141254,0.01132256529902059,2.0942637140137803,-0.05311772832751582,2.4425123895668276e-07,7.327537168700483e-10,1.2212561947835235e-10,0.41776923935762594,0.46479543600466766,0.11743532463770644,4.7088564860829804e-17,0.0051300542213303935,0.0006153750762218946,0.0002417264283041498,6.5931073952185124e-09,0.004580633661807901,False,True,0.0859331188463606,-0.09977036644677764,0.04406688115363941,0.06022963355322236
2015-04,NoStressCovarianceBlend,0.009390326631225375,0.009390329776913373,2.113929534340293,-0.044226194515194384,9.242506681534448e-07,2.7727520044603342e-09,3.7293599540583994e-10,0.4199074881117162,0.4650658537324306,0.11502665815585318,0.0,0.005859503607795546,0.0007746691612895081,0.0002416619072611295,7.56128930696464e-09,0.005230499558600355,False,True,0.09641592158701848,-0.10093280547984239,0.03358407841298153,0.059067194520157615
2015-05,NoStressCovarianceBlend,-0.003399089600957041,-0.00339908730395703,2.106744098442961,-0.04747495531828505,6.562857174444165e-07,1.9688571523332495e-09,3.281428587256767e-10,0.43421991083278133,0.4571892468305165,0.1085908423367022,1.3451918628309885e-21,0.005185040314520239,0.0007225289082153241,0.00025632507528994985,7.0535698255422496e-09,0.004567443731552802,False,True,0.0931146975433196,-0.10694307795202551,0.03688530245668041,0.05305692204797449
2015-06,NoStressCovarianceBlend,-0.01683684808872199,-0.01683684802155576,2.071273168095665,-0.0635124747962943,1.9190352126822503e-08,5.757105638046751e-11,9.595176000972388e-12,0.42386789602074865,0.46088046141593214,0.11525164256331928,2.7742064924281925e-17,0.005238061788693279,0.0008981424081184348,0.00024224467842050187,6.500632404809328e-09,0.004546739405581155,False,True,0.10381574493987518,-0.10223903803152727,0.026184255060124825,0.05776096196847273
2015-07,NoStressCovarianceBlend,-0.014267786260116122,-0.014267783780873082,2.0417206852469625,-0.07687407864116591,7.083551540818097e-07,2.1250654622454294e-09,3.5417757703744197e-10,0.4171822240699324,0.4679174530444099,0.11490032288565784,2.7204306091576788e-17,0.004479025662127522,0.0006366804416934873,0.00023436763397931262,7.141240207956494e-09,0.003926310666061258,False,True,0.0874080391058045,-0.09606343851924394,0.04259196089419551,0.06393656148075606
2015-08,NoStressCovarianceBlend,-0.010616342220678806,-0.010616338184555478,2.020045079733342,-0.08667429933509074,1.3358821749119675e-06,4.007646524735902e-09,2.8476801731808368e-11,0.4100823696337663,0.4766018482793021,0.11331578208693163,1.246789462566964e-21,0.003226381436334504,0.0009187545660259555,0.00022527626033447243,8.441507341585601e-09,0.0025417194514797126,False,True,0.1050002609154447,-0.09399589019225635,0.0249997390845553,0.06600410980774365
2015-09,NoStressCovarianceBlend,0.010071001527393902,0.010071004800535556,2.040388956816741,-0.07747619480868617,1.0689185655429764e-06,3.2067556966289293e-09,6.638595703017855e-11,0.3936256521044919,0.48464249486678423,0.12173185302872386,3.1148019962203918e-21,0.004467706380351895,0.0009825709927034272,0.00020698521404077244,7.76789820626741e-09,0.003769427902061203,False,True,0.10858568926171222,-0.08710164143967943,0.021414310738287784,0.07289835856032058
2015-10,NoStressCovarianceBlend,0.021069015432289832,0.02106901746175519,2.083377943235787,-0.05803952652045563,6.189436950465603e-07,1.8568310851396809e-09,1.7263427168345684e-10,0.3982124629105252,0.483894458334168,0.11789307875530684,0.0,0.004959501258035462,0.0010777973889463893,0.00020951079380154448,6.935087695138401e-09,0.004211084834673027,False,True,0.11372584872119738,-0.08921610608354846,0.01627415127880262,0.07078389391645154
2015-11,NoStressCovarianceBlend,-0.0147088103776511,-0.014708807919712238,2.052733932123751,-0.07189464450810867,7.595657516915044e-07,2.278697255074513e-09,1.7924160706367375e-10,0.41261077896028847,0.4745628237233768,0.1128263973163348,0.0,0.004762030015477822,0.0008470495919698616,0.00022324790858169934,7.124424593192737e-09,0.004115250186486599,False,True,0.10081961666083808,-0.09492311894488202,0.029180383339161925,0.06507688105511798
2015-12,NoStressCovarianceBlend,0.001751158443849839,0.00175116269276416,2.0563285944819665,-0.07026938497805679,1.3366239352552434e-06,4.00987180576573e-09,2.3904251522655073e-10,0.4114815028248124,0.4788848317372387,0.10963366543794895,0.0,0.003849121667119127,0.0008667633661306107,0.00022129164683959868,8.19774388120908e-09,0.0031944401394703417,False,True,0.10198607941070845,-0.09512650089718457,0.028013920589291558,0.06487349910281544
2016-01,NoStressCovarianceBlend,0.0018161594343870698,0.00181616302247442,2.060063215059035,-0.06858084595014613,1.0251678143891058e-06,3.0755034431673176e-09,5.125839071529186e-10,0.40582869269555555,0.48233065696776345,0.11184065033668107,2.7756902937652096e-17,0.0038711782641253777,0.0009319879208424459,0.0002133318835983766,7.838679869594995e-09,0.0031918445814259084,False,True,0.10575374721545025,-0.09285124701902085,0.024246252784549754,0.06714875298097915
2016-02,NoStressCovarianceBlend,0.02847978237247309,0.02847978591022293,2.1187333670974535,-0.04205423114525331,1.0319647788852235e-06,3.0958943366556704e-09,4.418555044121072e-10,0.39474211079844995,0.4856742953209777,0.11958359388057237,0.0,0.0038831063871270187,0.0009375127279617426,0.00020081952742695587,7.840926689880807e-09,0.0032135226547925014,False,True,0.10606673717778307,-0.08779618713889992,0.02393326282221693,0.07220381286110009
2016-03,NoStressCovarianceBlend,-0.000599362223652338,-0.0005993614402428384,2.1174634783552237,-0.042628387651412414,2.4329203492101876e-07,7.298761047630563e-10,5.353339481428905e-11,0.39298219135644313,0.47543322690443174,0.13158458173912516,4.354976869686286e-21,0.004881665409427831,0.0008463410450621719,0.00019998461938783388,6.5690397341843516e-09,0.004258503698469178,False,True,0.10077744063403309,-0.08560735651375817,0.02922255936596692,0.07439264348624183
2016-04,NoStressCovarianceBlend,0.0077531370854393026,0.0077531378359185004,2.133880462976323,-0.035205754299165615,2.4803268671574896e-07,7.440980601472469e-10,6.381138166478007e-12,0.40483069532709015,0.47638843147975435,0.11878087319315556,4.213862312359364e-21,0.004673134844197694,0.0007100511838082701,0.00020822210139725557,6.586569434931493e-09,0.004109880564326869,False,True,0.0923071730999235,-0.09125930892265753,0.0376928269000765,0.06874069107734247
2016-05,NoStressCovarianceBlend,-0.004787355579049514,-0.004787354433772083,2.1236648184368687,-0.03982456741395635,3.709205729784955e-07,1.1127617189354864e-09,3.2515712011794304e-11,0.40049047683238553,0.4735815115833,0.12592801158431446,6.425925634906735e-21,0.005223247912090773,0.0005963668472201194,0.0002033159524773958,6.672694160644023e-09,0.0047217418633091575,False,True,0.08459552096087258,-0.08542990715717305,0.04540447903912742,0.07457009284282695
2016-06,NoStressCovarianceBlend,0.018842142424009518,0.018842147707305943,2.1636792134067147,-0.02173280516113507,1.717181683950908e-06,5.151545051852724e-09,1.317513741647125e-10,0.3995324860322664,0.477277397013551,0.12319011695418264,6.925592979799226e-21,0.00572426954060517,0.000600697791445983,0.0002002191257278603,9.195605770676929e-09,0.005223692323548548,False,True,0.08490214071124354,-0.08554734011288515,0.04509785928875647,0.07445265988711486
2016-07,NoStressCovarianceBlend,0.012717851028017162,0.012981570519423214,2.1911965633152386,-0.009291348711578218,0.08790643337659194,0.00026371930012977584,1.9127627547133368e-10,0.4832067204821242,0.38778275764819586,0.12901052186968007,0.0,0.0073053040810829185,0.0011343399387200364,0.00029941338040778297,0.00026372236766941274,0.006174998363645705,False,True,0.11667081582229738,-0.11142799403626664,0.013329184177702624,0.04857200596373336
2016-08,NoStressCovarianceBlend,0.0011752413565185053,0.0014993579302812702,2.1937717481367076,-0.008127026932323478,0.10803877368780387,0.00032411632106341164,2.5269935319954135e-10,0.6004848087767571,0.27585201917958013,0.12366317204366274,1.3407946525943034e-20,0.008222871411383755,0.0013164885101426664,0.000473403966614318,0.00032411930389677346,0.00676710388580133,False,True,0.12568954658885517,-0.16000000045228918,0.004310453411144832,-4.5228917833206594e-10
2016-09,NoStressCovarianceBlend,0.009127205056238048,0.009142759901531445,2.2137947527285333,0.0,0.00444424151239909,1.333272453719727e-05,2.2221207561995764e-06,0.6012213474254406,0.27411758328265956,0.12466106929189989,0.0,0.008048289261723683,0.0011902697001520024,0.00047098908320638194,1.555640574417751e-05,0.006966608922697122,False,True,0.11951249475190462,-0.1600000000000225,0.010487505248095386,-2.250977182427505e-14
2016-10,NoStressCovarianceBlend,-0.007547487620772737,-0.007347465503588806,2.197086164237383,-0.007547487620772841,0.06151306114530002,0.00018453918343590007,1.5482933748030856e-05,0.5426869441251505,0.30354086854195883,0.15377218733289072,1.51373258003816e-17,0.007862025878154717,0.0014083333333560727,0.00038009474107329874,0.00020002361725296924,0.006577740853150413,False,True,0.1300000000010495,-0.12848580314740993,-1.0494938251781605e-12,0.031514196852590076
2016-11,NoStressCovarianceBlend,-0.016584580236546072,-0.01641111835438567,2.1606484124599827,-0.024006895943287865,0.057820529682592554,0.00017346158904777768,2.931126235128873e-10,0.5982769264598037,0.24425671669457466,0.15746635684562169,1.8365109082403915e-18,0.007277672499752235,0.001408333333333365,0.00046482220172283813,0.00017346452806286727,0.005935219103299846,False,True,0.13000000000000145,-0.14995192586396847,-1.4432899320127035e-15,0.010048074136031537
2016-12,NoStressCovarianceBlend,0.020844227307680555,0.021082922198193386,2.205685459101278,-0.003663073831601027,0.07956487168279079,0.00023869461504837238,2.7546445893698835e-10,0.5266683504214096,0.3240686453049363,0.1492630042736542,9.06386842439466e-19,0.005942803045313795,0.0014083333341038723,0.0003528588780514466,0.00023869757211219644,0.004647079928098216,False,True,0.13000000003556333,-0.12325386656900054,-3.556333005860779e-11,0.03674613343099946
2017-01,NoStressCovarianceBlend,0.019152331807123977,0.019198355833521027,2.2479294788761344,0.0,0.015341239278410468,4.6023717835231404e-05,3.085618168754542e-10,0.5183995999782687,0.3343431102497286,0.14725728977200275,1.4292785999358162e-18,0.006380008689067471,0.001408333350130914,0.0003382498158404941,4.602664243187403e-05,0.005291565555729646,False,True,0.13000000077527293,-0.12056342793350575,-7.752729291876648e-10,0.03943657206649426
2017-02,NoStressCovarianceBlend,0.008363021632550469,0.00836305573824456,2.2667289617364235,0.0,1.1147078471315158e-05,3.344123541394547e-08,6.644586775662322e-10,0.5274874845420823,0.3281314071611695,0.14438110829674816,2.7755575615628914e-17,0.006790494139683938,0.0012130183203728517,0.0003474559289611395,3.641747070611043e-08,0.005836492633065667,False,True,0.12064916014823403,-0.124734207806396,0.009350839851765977,0.035265792193604
2017-03,NoStressCovarianceBlend,0.017647829566314437,0.01768366400790737,2.3067318081261767,0.0,0.010238602358181817,3.071580707454545e-05,5.118634518389191e-06,0.5178572201526811,0.32617326908029254,0.15596951076702642,2.8445242238699666e-17,0.00682883271397707,0.001408333333624561,0.00033446459165032533,3.5836441767448097e-05,0.005754365013747016,False,True,0.13000000001344128,-0.11417260803589913,-1.3441275870107461e-11,0.04582739196410088
2017-04,NoStressCovarianceBlend,0.018836083932236312,0.01900741681707966,2.3501816020732007,0.0,0.04950884573434257,0.0001485265372030277,2.2806347640320564e-05,0.478924797840342,0.32421452857047134,0.19686067358918677,0.0,0.006975879375935683,0.0014083333339621718,0.00029584057748746536,0.00017133438507291844,0.005804537746394213,False,True,0.13000000002902332,-0.10175729535150148,-2.9023311531872764e-11,0.058242704648498525
2017-05,NoStressCovarianceBlend,0.0280879931167955,0.028209929799173025,2.416193486735452,0.0,0.04064544211002641,0.00012193632633007923,3.560474439168182e-10,0.5226081210590797,0.27813509380193324,0.19925678513898712,0.0,0.00823273589037006,0.0014083333333333391,0.0003491191541717282,0.00012193921348767632,0.007057510856043986,False,True,0.13000000000000025,-0.11463657970799897,-2.498001805406602e-16,0.045363420292001036
2017-06,NoStressCovarianceBlend,0.011644023299728141,0.011819386545013097,2.4443276999916512,0.0,0.05010378436712995,0.00015031135310138985,2.505189218356491e-05,0.4880133357144342,0.2709925380977501,0.24099412618781568,5.6220092457991434e-18,0.00769355102168708,0.0014083333333590254,0.00032165291120297024,0.00017536551144039237,0.006492365932364205,False,True,0.13000000000118578,-0.10892259509561684,-1.1857737014508984e-12,0.05107740490438316
2017-07,NoStressCovarianceBlend,0.004107058296432083,0.004107063725776159,2.4543666963511006,0.0,1.720775423236194e-06,5.162326269708582e-09,2.6701780642120627e-10,0.4954922155537683,0.2681994791068388,0.23630830533939295,3.3103989174368557e-17,0.007430341909242924,0.0012666932131377767,0.00032584175956641606,9.08052238756195e-09,0.006471144462585231,False,True,0.1232895719744915,-0.11000319172467383,0.0067104280255085025,0.04999680827532617
2017-08,NoStressCovarianceBlend,0.004741250397348887,0.004741267520921641,2.4660034634254155,0.0,5.6857785919910995e-06,1.7057335775973298e-08,6.623697875235585e-11,0.49500915378475097,0.2673143152771382,0.23767653093811078,0.0,0.007378819245286275,0.0011145143091142733,0.00032353168666592036,2.0640978611417603e-08,0.006498009763084607,False,True,0.11564675399409738,-0.11012832706785816,0.014353246005902626,0.04987167293214184
2017-09,NoStressCovarianceBlend,0.0144120013922076,0.014412019262569785,2.501543508773491,0.0,5.741962307209538e-06,1.7225886921628616e-08,6.44475263405899e-10,0.4851452289984813,0.2662944208119793,0.24856035018953948,5.520440632478538e-17,0.007981610922557553,0.0013701187441465756,0.000315112656816292,2.035121218635262e-08,0.006981418542455787,False,True,0.12822411992195112,-0.10956226161857392,0.0017758800780488804,0.05043773838142608
2017-10,NoStressCovarianceBlend,0.015369876970244313,0.01574649902857423,2.539991924739053,0.0,0.11235000645469011,0.00033705001936407033,3.957203896584799e-05,0.5311052921189428,0.14970405478061674,0.31919065310044065,0.0,0.00898811668464961,0.001408333334504868,0.00040941703747538816,0.00037662355837181534,0.0074979094215499725,False,True,0.13000000005407084,-0.13735553974643502,-5.4070831145835996e-11,0.02264446025356498
2017-11,NoStressCovarianceBlend,-0.0238926169066597,-0.02367038591007635,2.4793048707352536,-0.02389261690665967,0.06590234141561228,0.00019770702424683686,2.452397233651388e-05,0.4815114506547324,0.16307239233414128,0.35541615701112633,0.0,0.008253865351201185,0.0014083333342349328,0.0003738619266989719,0.00022223249665961824,0.006953604260725129,False,True,0.13000000004161227,-0.14054512966147223,-4.161226918597549e-11,0.019454870338527774
2017-12,NoStressCovarianceBlend,0.007826202404719087,0.007850661742130637,2.4987084124766334,-0.01625340295783062,0.008153090988183592,2.4459272964550778e-05,6.44469975163986e-11,0.4861758069080163,0.1598419748918823,0.35398221820010134,0.0,0.008058904240171201,0.0014083333333333465,0.0003792868760129693,2.446259635276482e-05,0.0069509881011387935,False,True,0.13000000000000062,-0.14077402614243878,-6.106226635438361e-16,0.019225973857561224
2018-01,NoStressCovarianceBlend,0.02161073701708355,0.021747413895097302,2.5527073428610403,0.0,0.040723372993454576,0.00012217011898036373,1.4506759033387243e-05,0.5272516494757215,0.14706259115989026,0.3256857593643884,6.495789793374823e-18,0.008425215021056774,0.0014083333334476784,0.0004044710635984264,0.0001366783781306832,0.0071798989126038255,False,True,0.13000000000527745,-0.1371774405317385,-5.277445147555682e-12,0.022822559468261505
2018-02,NoStressCovarianceBlend,-0.04399268382063187,-0.04393389396016405,2.440406895839949,-0.04399268382063193,0.019596605465025372,5.878981639507612e-05,4.407274942565412e-11,0.5110937068539745,0.16254899451342425,0.3263572986326012,0.0,0.006867788851147045,0.001408333333343711,0.00038267441109487646,5.8793192007967405e-05,0.005722154581372345,False,True,0.13000000000047895,-0.1342980593865256,-4.789502128232925e-13,0.025701940613474417
2018-03,NoStressCovarianceBlend,0.013318093083037075,0.01346341082785646,2.472908462039231,-0.031260489395690594,0.048438930565015595,0.00014531679169504678,9.531243373989957e-10,0.4429435905395333,0.21874641304326253,0.3383099964172041,9.469886989660344e-19,0.006081591534952432,0.001408333333333734,0.00032541053226253693,0.00014531973759817978,0.004906694598424848,False,True,0.1300000000000185,-0.1273783112933821,-1.8485213360008856e-14,0.03262168870661791
2018-04,NoStressCovarianceBlend,0.0037135971167204067,0.0037565163894940643,2.4820918477737735,-0.027662981142257403,0.014306332558447071,4.291899767534122e-05,2.750983167101129e-10,0.43560820671577083,0.23149777246346345,0.33289402082076575,5.607624649443795e-19,0.006553384587566821,0.0014083333333336284,0.0003119287911031821,4.292195521723255e-05,0.005494367174579593,False,True,0.1300000000000136,-0.12426693103843216,-1.3600232051658168e-14,0.035733068961567846
2018-05,NoStressCovarianceBlend,-0.014170807315838982,-0.01417080475359866,2.446918602458757,-0.04144178168254764,8.264906576210815e-07,2.4794719728632445e-09,8.276834971565642e-11,0.4424560887740766,0.23051007567757903,0.3270338355483444,2.834896976805845e-17,0.0062953802184520825,0.0012836159497864189,0.0003125659360588976,7.271261250503461e-09,0.0053409990362387255,False,True,0.12411040003737409,-0.12316903658375027,0.005889599962625919,0.03683096341624974
2018-06,NoStressCovarianceBlend,-0.015591111715610584,-0.01559110233830948,2.4087684211688165,-0.056386769950251714,3.117627808246805e-06,9.352883424740415e-09,2.4417680377688225e-11,0.43396789737671726,0.23460927042738053,0.3314228321959023,2.8352262274208084e-17,0.007042012324024452,0.0012209642180100496,0.00030634861912184186,1.3254924056339373e-08,0.006125168340973529,False,True,0.12104367235060491,-0.12347468342107201,0.008956327649395093,0.03652531657892799
2018-07,NoStressCovarianceBlend,-0.008054268540373808,-0.007992447330276469,2.3893675534531504,-0.063986884303322,0.017663338937151583,5.299001681145475e-05,8.831193285885124e-06,0.44256796302386425,0.24012003634376775,0.3173120006323681,1.2176190519792248e-18,0.007367230949786786,0.0014083333333352987,0.0003050301470673882,6.182335306080964e-05,0.0062962107829909394,False,True,0.1300000000000907,-0.11960811394054967,-9.070522111187529e-14,0.040391886059450335
2018-08,NoStressCovarianceBlend,-0.0016847165745151103,-0.001526639194997471,2.3853421463332394,-0.06556380111329962,0.04516510865710559,0.00013549532597131677,2.2582053546322563e-05,0.4903329422463371,0.24251321476865415,0.2671538429850088,8.378133616242259e-19,0.0075586158063754875,0.0014083333337473584,0.0003251152617361239,0.0001580795001900488,0.0063712543775756355,False,True,0.13000000001910886,-0.1129490040273836,-1.9108853388516422e-11,0.0470509959726164
2018-09,NoStressCovarianceBlend,0.002842190713105496,0.0033488225588632695,2.392121743629127,-0.06290795522683423,0.1505178317833213,0.0004515534953499639,5.507835040780951e-05,0.6429159173923279,0.2060376825544228,0.15104640005324937,5.979205574668106e-18,0.00903972080664698,0.0014083333350235205,0.0004907875440419422,0.0005066333457904163,0.00733813324930286,False,True,0.13000000007800863,-0.1600000000308005,-7.800862733553515e-11,-3.0800501038541483e-11
2018-10,NoStressCovarianceBlend,-0.06283970656577896,-0.06274216690594193,2.241801515189853,-0.12179454434550574,0.03251310826040704,9.753932478122113e-05,3.3505580012972713e-10,0.6131785498650071,0.23735098294393228,0.1494704671910607,5.618272015928726e-17,0.008526127012622762,0.0014083333333562952,0.0004406979326259475,9.754222718944268e-05,0.0072837201861292245,False,True,0.13000000000105977,-0.14824873836906793,-1.0597633881559432e-12,0.01175126163093207
2018-11,NoStressCovarianceBlend,0.017752457598299323,0.01818267243081904,2.281599001532064,-0.10620423923140421,0.14340457912339868,0.0004302137373701961,1.095149524864592e-09,0.43149170777129203,0.39869718994008607,0.16981110228862206,1.4135095241366633e-17,0.009462621636340629,0.0014083333334832075,0.00022565025243368817,0.00043021676749432355,0.008102587949671013,False,True,0.13000000000691728,-0.0854106435778166,-6.9172723105026535e-12,0.07458935642218341
2018-12,NoStressCovarianceBlend,-0.0037555475831009605,-0.0037365062829031815,2.273030347916255,-0.1095609317405446,0.0054408375959209745,1.6322512787762922e-05,2.718787410016363e-06,0.4362202040402924,0.3946664204812363,0.16911337547847138,0.0,0.008091969223775359,0.0014083333333423827,0.0002289458540246543,1.9043025226630803e-05,0.007139813677852882,False,True,0.13000000000041767,-0.08746422938483958,-4.176659018639839e-13,0.07253577061516042
2019-01,NoStressCovarianceBlend,0.04808109616995968,0.048290828063656636,2.382320138671653,-0.06674764526607257,0.0699106097798489,0.00020973182933954672,6.435740500240443e-11,0.4955291289336288,0.32833801080928793,0.17613286025708333,6.189611293952267e-20,0.008517054025246454,0.0014083333518108902,0.00029710165473760823,0.00020973515278823214,0.007306050541815168,False,True,0.1300000008528103,-0.10510372025831306,-8.528102946048222e-10,0.05489627974168694
2019-02,NoStressCovarianceBlend,-0.0017388689316591573,-0.0017388645833957862,2.3781775961972507,-0.0683704487911172,1.2423609631467825e-06,3.727082889440347e-09,6.211804815664524e-10,0.5140936903237467,0.313333883016106,0.17257242666014724,7.124292291517102e-20,0.005816527638849319,0.001162432956844335,0.00031753270335366663,8.221429783384192e-09,0.004917770235643702,False,True,0.11810671226535781,-0.11058421036630366,0.011893287734642197,0.04941578963369635
2019-03,NoStressCovarianceBlend,-0.00900398010918319,-0.009003973142202979,2.3567645324249855,-0.07675882273932921,1.990565774795394e-06,5.971697324386183e-09,9.95282887411575e-10,0.5128654727928643,0.3142629929634687,0.172871534243667,2.783104233590091e-17,0.0052133991340822415,0.0012591223994807667,0.00031401391389319206,1.0596861646421774e-08,0.004269813423587019,False,True,0.12292057921181954,-0.11022118001832315,0.007079420788180468,0.04977881998167685
2019-04,NoStressCovarianceBlend,0.012767749380675035,0.012767757795265655,2.3868551113242513,-0.06497111077014572,2.4041687483333853e-06,7.212506245000156e-09,1.2020843740956296e-09,0.5052117618276392,0.3199498149605842,0.17483842321177656,0.0,0.005541780240529427,0.0013901790007253114,0.0003034093565878689,1.1692850037024574e-08,0.004543269690728865,False,True,0.1291593899362479,-0.10795332844678796,0.0008406100637521063,0.05204667155321205
2019-05,NoStressCovarianceBlend,-0.01848626170516952,-0.018269701468725745,2.3427310830839896,-0.08225629951834279,0.061874481412271906,0.00018562344423681573,3.093679220695846e-05,0.4465634129178589,0.31687238638470056,0.23656420069744064,6.658927957992713e-19,0.004586583120608275,0.0010038692063087714,0.00025574627695150443,0.0002165624060089192,0.0036123398344934656,False,True,0.10975623205861823,-0.09562177369982282,0.020243767941381774,0.06437822630017719
2019-06,NoStressCovarianceBlend,0.0368403352511426,0.036840343797719284,2.429038081588076,-0.04844631391797438,2.4556641915751695e-06,7.366992574725509e-09,1.1795841139972112e-09,0.421705106921032,0.3260068041662572,0.2522880889127108,5.878899418051099e-19,0.005256859827309775,0.0011904770772677134,0.00023795182308079352,1.2108885091993574e-08,0.004423657356710033,False,True,0.11952290545001222,-0.09417471334277203,0.010477094549987784,0.06582528665722798
2019-07,NoStressCovarianceBlend,-0.009775949821163475,-0.009775945270226273,2.405291927188776,-0.05774865500525528,1.3156881734366355e-06,3.947064520309907e-09,6.038726818313743e-10,0.43314449336011823,0.31589080257789326,0.2509647040619884,6.071398451498933e-19,0.004969978259802478,0.0010396965794637098,0.00024707946973694903,8.623605963887207e-09,0.004203041876727711,False,True,0.11169762286443037,-0.0958294641016503,0.018302377135569634,0.0641705358983497
2019-08,NoStressCovarianceBlend,0.022860713342354986,0.022860715769229042,2.4602786164409194,-0.03620811711088201,6.93392587777771e-07,2.080177763333313e-09,3.466962939374504e-10,0.4145455017192054,0.3235754623244174,0.26187903595637724,2.832658055695143e-17,0.00519370001454598,0.0010014180893006066,0.00023299335000291995,7.186774876719367e-09,0.00445999043311788,False,True,0.10962215593395014,-0.09559981069022366,0.020377844066049866,0.06440018930977634
2019-09,NoStressCovarianceBlend,0.003978922443639342,0.003978923959478461,2.470067874245482,-0.032373263957057086,4.455563420158289e-07,1.3366690260474867e-09,1.7917009267897114e-10,0.3951122531471523,0.3183646477975707,0.28652309905527706,2.642928337247771e-17,0.005829464498370304,0.00107505649491175,0.00022600696427813814,6.772379283455268e-09,0.005065922514257007,False,True,0.1135811513365708,-0.09969753216558463,0.0164188486634292,0.06030246783441537
2019-10,NoStressCovarianceBlend,0.0029763088268377974,0.0029763103169489716,2.4774195590624872,-0.029493307961488302,4.257460497619672e-07,1.2772381492859017e-09,2.1287302488791764e-10,0.4171529455647578,0.3143340984535953,0.26851295598164693,5.444349406308031e-17,0.005284114540388226,0.0009484265726996989,0.00023562394094085555,6.755727791839144e-09,0.0045742705573697294,False,True,0.10668232689811555,-0.09716173817499665,0.023317673101884456,0.06283826182500335
2019-11,NoStressCovarianceBlend,-0.0005337183945991065,-0.0005337145482564149,2.4760973146726757,-0.030011285235110874,1.0989550547347032e-06,3.29686516420411e-09,5.494775273673075e-10,0.4208447635906766,0.310189069625663,0.2689661667836605,5.3167504107504714e-17,0.004485238947859394,0.0008767964898344833,0.00023784328662219422,7.968806685899426e-09,0.003808989447513273,False,True,0.102574645395506,-0.09791572849806215,0.02742535460449401,0.06208427150193785
2019-12,NoStressCovarianceBlend,0.03481635480740493,0.034816357389588715,2.5623059973179823,0.0,7.377667974872999e-07,2.2133003924618997e-09,3.688833987436074e-10,0.4245723790840215,0.31269756691958395,0.2627300539963946,5.527735328117452e-17,0.004412760096853895,0.0009830136150803246,0.0002370475795154937,7.191933384649834e-09,0.003684198517864854,False,True,0.1086101440058151,-0.09664034465765949,0.0213898559941849,0.06335965534234052
2020-01,NoStressCovarianceBlend,0.002308247160777522,0.0023082492648404565,2.568220432861335,0.0,6.011608383593935e-07,1.8034825150781806e-09,3.0058041916578584e-10,0.43869448078484496,0.3015136619520189,0.25979185726313614,5.664764865417476e-17,0.00447288386659782,0.001062401191151809,0.0002478904177560911,7.053514000793877e-09,0.0036937857997518236,False,True,0.11291064738908244,-0.09828220529536333,0.01708935261091757,0.061717794704636675
2020-02,NoStressCovarianceBlend,-0.01011312571571242,-0.01011312478988351,2.542247696758147,-0.010113125715712434,2.645225457564995e-07,7.935676372694984e-10,1.3226127287822774e-10,0.4198123286575338,0.3028525486744261,0.27733512266804,4.911860427541504e-17,0.00497131657847197,0.001185141187754196,0.0002365084448206988,6.599969397108304e-09,0.004142230939804776,False,True,0.11925474520139798,-0.1003339477566445,0.010745254798602027,0.0596660522433555
2020-03,NoStressCovarianceBlend,-0.052583090857004064,-0.0525308097383951,2.408568455138504,-0.06216443716435882,0.01742685292436221,5.228055877308663e-05,5.598358762063699e-10,0.3886207956415262,0.32744907112706034,0.2839301332314136,1.912751088715992e-18,0.006277658017659185,0.001408333346904727,0.00021162367276444114,5.2283381793762825e-05,0.005309584289648618,False,True,0.13000000062637201,-0.09785951230230669,-6.263720098154124e-10,0.062140487697693314
2020-04,NoStressCovarianceBlend,0.04184890329116659,0.04215156250988607,2.50936440348775,-0.022917047392233214,0.09231776814010582,0.0002769533044203175,2.5705914299155546e-05,0.3173993751263678,0.4338508472598827,0.24874977761374953,0.0,0.0056378895650384545,0.0014083333334177946,0.00015418985407435144,0.00030266071876538267,0.004476872325489823,False,True,0.13000000000389822,-0.07734034082752175,-3.89821508406385e-12,0.08265965917247825
2020-05,NoStressCovarianceBlend,0.034782807880452044,0.034782815189008276,2.5966471434363094,0.0,2.162597778437859e-06,6.487793335313577e-09,8.207628976186774e-10,0.3284456519847361,0.4178541871985486,0.25370016081671526,1.7586312162301276e-21,0.003947862686220467,0.0013049663955900367,0.00016318126526040705,1.0609609454470093e-08,0.003132187613555587,False,True,0.12513831046917823,-0.08023320717608262,0.004861689530821778,0.07976679282391738
2020-06,NoStressCovarianceBlend,0.01899161366409033,0.018991624803775576,2.6459616628064158,0.0,3.2024670229419128e-06,9.607401068825738e-09,1.5322841792481112e-09,0.3364565556560868,0.4070840643200325,0.2564593800238807,2.7757889667076106e-17,0.0041837896181103635,0.0010855090988358183,0.00016923830431316312,1.4493837955772416e-08,0.0034717822705413355,False,True,0.11413198143390757,-0.08206027428932539,0.015868018566092434,0.07793972571067462
2020-07,NoStressCovarianceBlend,0.049521878112061136,0.04961198056922586,2.776994653761102,0.0,0.025743602106361882,7.723080631908564e-05,1.2871650845638003e-05,0.3234487625874046,0.39947625974760353,0.2770749776649919,4.427111629283069e-19,0.004011132674687886,0.0010676397708836588,0.00016839992644286045,9.010507283507427e-05,0.003218807789968122,False,True,0.11318867986951657,-0.08668311758923372,0.016811320130483434,0.07331688241076628
2020-08,NoStressCovarianceBlend,0.006846269311092318,0.006846280215318686,2.796006707036214,0.0,3.1518802845325706e-06,9.455640853597712e-09,1.4485855146656011e-09,0.32557792357977555,0.3832165081059734,0.29120556831425104,2.809883159487405e-17,0.004530379875184446,0.0009808503968016867,0.000175818707538811,1.413775824711235e-08,0.0038641218314865444,False,True,0.10849057452894348,-0.092070709629505,0.021509425471056526,0.067929290370495
2020-09,NoStressCovarianceBlend,-0.012014926872161087,-0.012014921026895008,2.7624128909171017,-0.012014926872161102,1.7283638715927426e-06,5.185091614778228e-09,6.601744642751976e-10,0.33276030248315785,0.3765358740387127,0.29070382347812956,0.0,0.004356223072084519,0.001125142316367418,0.0001795391466482328,9.427859647889598e-09,0.0036141033393929296,False,True,0.11619684933942492,-0.09262267413624237,0.013803150660575081,0.06737732586375764
2020-10,NoStressCovarianceBlend,-0.01903519085547912,-0.01903518165917082,2.7098298343168588,-0.030821411301514057,2.660463533449288e-06,7.981390600347863e-09,1.2149176981390854e-09,0.33970169168989556,0.38459613169437473,0.2757021766157297,2.4436782413995066e-21,0.004328655190309347,0.0012019719339088266,0.00017693685963223423,1.2557796910069278e-08,0.0035507198059257896,False,True,0.12009855622323659,-0.08809245985898784,0.009901443776763413,0.07190754014101217
2020-11,NoStressCovarianceBlend,0.033251161431418354,0.033251163797656136,2.7999348235894024,0.0,6.760679373551959e-07,2.0282038120655878e-09,3.3803396867759796e-10,0.337245586912619,0.3904383446263117,0.27231606846106926,2.201476244253099e-21,0.004003286644290673,0.0008994327573889115,0.000174620467597382,7.084599597942099e-09,0.003378942713399237,False,True,0.1038902935247896,-0.08667150200552148,0.02610970647521041,0.07332849799447852
2020-12,NoStressCovarianceBlend,0.0616869474993755,0.06168694969201588,2.972654256053835,0.0,6.681142724201949e-07,2.004342817260585e-09,1.882975667194531e-10,0.37706339061266514,0.3768217685816224,0.2461148408057125,2.77581294833007e-17,0.0034956474866232367,0.0008744823664237843,0.00019313279700372,7.003542277466261e-09,0.002865266502865347,False,True,0.10243919365694662,-0.08317418099660048,0.027560806343053385,0.07682581900339952
2021-01,NoStressCovarianceBlend,0.011882708955939477,0.011882724561983927,3.007977441405157,0.0,5.016503232465938e-06,1.5049509697397812e-08,5.565347525190475e-10,0.40282624000989015,0.35401507749329564,0.24315868249681427,0.0,0.003174557050336916,0.0010410033248278608,0.0002132397984133364,1.8209647606402774e-08,0.0024407973798620426,False,True,0.11176779454715177,-0.08643334262356005,0.018232205452848232,0.07356665737643996
2021-02,NoStressCovarianceBlend,-0.010622882585845466,-0.009967299786114275,2.9760240502242383,-0.010622882585845428,0.21852753256096918,0.0006555825976829075,2.020482848669422e-10,0.1942795181813991,0.5676273139547098,0.23809316786389115,4.8291860599884413e-20,0.0028901915144904644,0.0005326691222239483,8.09493729016267e-05,0.0006555856486671088,0.0018873219318097548,False,True,0.07995016864702276,-0.06202693778256542,0.05004983135297725,0.09797306221743458
2021-03,NoStressCovarianceBlend,-0.003931182391611248,-0.003931170430376081,2.964324756880985,-0.014512304488487171,3.946979266311573e-06,1.1840937798934719e-08,1.2029736883020726e-10,0.20439199499545369,0.5704018969230076,0.22520610808153874,5.551115123125783e-17,0.00304537443998728,0.000575651876290918,7.991584313352666e-05,1.5422979931911285e-08,0.0026776172357283624,False,True,0.08311331130144567,-0.05811160057104184,0.046886688698554335,0.10188839942895817
2021-04,NoStressCovarianceBlend,0.006240376052043432,0.006240405551986045,2.982823258104305,-0.008362490673833545,9.791134484196928e-06,2.9373403452590784e-08,1.2653915987233094e-10,0.20413176998006616,0.5710478080538129,0.22482042196612081,5.561987205969243e-17,0.003025126043398817,0.0005047909829247411,7.93156817271437e-05,3.2711659292228454e-08,0.00269338215855001,False,True,0.07782989011361184,-0.05796030533115474,0.052170109886388163,0.10203969466884527
2021-05,NoStressCovarianceBlend,0.014969513945695831,0.014969522212160616,3.027474672464043,0.0,2.5443010738952527e-06,7.63290322168576e-09,6.33561564683413e-10,0.20490409760462186,0.5654485806851903,0.22964732171018773,5.72951897630145e-17,0.003592202754346914,0.0004038966541044363,8.096548870081064e-05,1.126215996610774e-08,0.003309277676433919,False,True,0.06961867457265497,-0.05903507241994227,0.060381325427345034,0.10096492758005773
2021-06,NoStressCovarianceBlend,-0.01122370053942718,-0.010926058700350683,2.993495203349606,-0.011223700539427228,0.08504056164597616,0.0002551216849379285,4.2520154138568994e-05,0.11927837610782471,0.5564826781916342,0.324238945700541,0.0,0.0046892255016865204,0.0005922657765515698,0.00010092887486889316,0.0002976445064417889,0.003994519232100054,False,True,0.08430414769522812,-0.09023285104233103,0.04569585230477188,0.06976714895766897
2021-07,NoStressCovarianceBlend,0.014232526010088654,0.014232537497571689,3.0361002016923546,0.0,3.293220559440202e-06,9.879661678320606e-09,1.6078213548043063e-09,0.12385016268366553,0.5642890479741918,0.31186078934214273,0.0,0.0049228825050820525,0.0005900670829857046,9.479331470634391e-05,1.4902147189751802e-08,0.004533040746735667,False,True,0.08414751924940185,-0.0855290379703515,0.045852480750598154,0.07447096202964851
2021-08,NoStressCovarianceBlend,0.0009831363136984304,0.0009831492371912035,3.039085102052666,0.0,3.692426506655967e-06,1.1077279519967902e-08,1.8462132533175757e-09,0.11884331822953602,0.5628804603404062,0.3182762214300579,2.77577964229063e-17,0.005777438656253545,0.0005278048314393895,9.700734410180945e-05,1.5730485104228567e-08,0.005416513165946936,False,True,0.07958428222502653,-0.08784341950198063,0.05041571777497347,0.07215658049801937
2021-09,NoStressCovarianceBlend,-0.016767103744429083,-0.016767075576502227,2.9881284468583997,-0.016767103744429135,8.047979101290433e-06,2.41439373038713e-08,4.02398955065533e-09,0.11663584558590794,0.5621162218794589,0.32124793253463324,2.5859420811071348e-17,0.005679005190335647,0.0006073772746273221,9.781602619756049e-05,3.0166872335387507e-08,0.005277470359952091,False,True,0.08537287212884351,-0.0889195186960911,0.0446271278711565,0.0710804813039089
2021-10,NoStressCovarianceBlend,-0.006724859467858639,-0.006724850428756339,2.9680337029813666,-0.023379206795923424,2.5826006569706323e-06,7.747801970911897e-09,1.2913003284559825e-09,0.11306438897236053,0.5642075593278401,0.32272805169979946,9.252245111356566e-23,0.005386435305948118,0.0007511963196999451,9.909261678965088e-05,1.2084364072812055e-08,0.004911732444944422,False,True,0.09494396155838106,-0.08933779422445147,0.03505603844161895,0.07066220577554853
2021-11,NoStressCovarianceBlend,0.00661070465119042,0.006610716794240393,2.9876544971865555,-0.01692305517583992,3.469442849325603e-06,1.040832854797681e-08,1.7347214246870619e-09,0.11173145696956943,0.5598129097368435,0.3284556332935871,2.7652257835176392e-17,0.004994902120069542,0.0007008766793971152,0.00010188096628906819,1.4925489319813492e-08,0.004542567888592596,False,True,0.0917088880794298,-0.09154740108711708,0.038291111920570206,0.06845259891288293
2021-12,NoStressCovarianceBlend,0.01053987202701087,0.010539894769178304,3.0191439932478255,-0.006561549984688386,6.497762124288578e-06,1.9493286372865736e-08,3.2488810621510073e-09,0.10644496127352905,0.5659541534823466,0.32760088524412445,2.316057223502275e-17,0.0054397007237496076,0.0007844925330657464,0.0001001342358663264,2.489158641922285e-08,0.004947295329763989,False,True,0.09702530802212872,-0.09095836153892077,0.032974691977871284,0.06904163846107923
2022-01,NoStressCovarianceBlend,-0.007998602892785577,-0.007830076079954822,2.9949950593696975,-0.014507669644785226,0.04815051795164406,0.0001444515538549322,2.4075258975822008e-05,0.06429421295149136,0.558081460251833,0.37762432679667557,4.2537860636462346e-21,0.005720179085000958,0.0006789516434661344,0.00012866501164282345,0.0001685283417958045,0.005083509909829262,False,True,0.09026305845468352,-0.10894178263068471,0.039736941545316484,0.05105821736931529
2022-02,NoStressCovarianceBlend,0.020389992364705442,0.02039001345392441,3.0560629857625763,0.0,6.025491134081101e-06,1.8076473402243305e-08,3.012745567049224e-09,0.059729643851464696,0.5547667129733388,0.38550364317519653,4.976044304680441e-21,0.0059343181018642185,0.0008497361363257135,0.00013386539302342166,2.3238953110348645e-08,0.0053755614017248305,False,True,0.10097937232875119,-0.11191347254130635,0.029020627671248814,0.048086527458693656
2022-03,NoStressCovarianceBlend,-0.002530500597222438,-0.0025304539387163184,3.0483296165519547,-0.0025305005972224848,1.33310017483429e-05,3.99930052450287e-08,6.665500874164507e-09,0.05812711778074724,0.5419666126315612,0.39990626958769165,0.0,0.006250855613088231,0.0011648682105139525,0.0001435843445016093,4.883214784252564e-08,0.0055247883311818026,False,True,0.11823036211636768,-0.11682435385261122,0.01176963788363232,0.04317564614738878
2022-04,NoStressCovarianceBlend,-0.005283306387766261,-0.005254060550558499,3.0322243572168084,-0.007800437575019248,0.008355953487932,2.5067860463796e-05,4.177976743965972e-06,0.05039651768159554,0.534664302502299,0.4149391798161055,0.0,0.00610338487798483,0.0014083333351174582,0.00015450831472190702,2.924821137892062e-05,0.005215461684325274,False,True,0.13000000008234422,-0.12247779612740853,-8.234421478015008e-11,0.037522203872591475
2022-05,NoStressCovarianceBlend,-0.010495223148674416,-0.010467484925433496,3.000400485950972,-0.018213793390686628,0.007925206640262576,2.377561992078773e-05,3.9626033201312776e-06,0.041319700430064214,0.5314735080030728,0.42720679156686303,2.845428633371742e-17,0.006390811932507316,0.001408333334076303,0.00016412302928497873,2.774021796684166e-05,0.0054947820182173444,False,True,0.1300000000342909,-0.12699827787491583,-3.42909034500849e-11,0.033001722125084176
2022-06,NoStressCovarianceBlend,-0.00825772778627918,-0.008257691328175621,2.975623995488169,-0.02632111662919001,1.0416601016925042e-05,3.1249803050775124e-08,5.208300508446229e-09,0.041584162529422215,0.5372128762452146,0.42120278833169034,1.7289367277640034e-07,0.006182792888278913,0.0013401628910492437,0.00015909024038940185,3.8161543744935604e-08,0.0053535830408211445,False,True,0.12681464699549072,-0.12454979922117677,0.0031853530045092837,0.03545020077882323
2022-07,NoStressCovarianceBlend,0.008963766504648934,0.008963780397988598,3.0022967941893555,-0.01759328646814673,4.087565122084334e-06,1.2262695366253002e-08,1.6306442985926889e-09,0.03694575292478877,0.5355845989703372,0.4274694776839214,1.7042095262976238e-07,0.005994563979936142,0.0013367626914142406,0.0001639469652382529,1.6579547409506755e-08,0.00516221908944336,False,True,0.12665367068099878,-0.12687131790756018,0.0033463293190012233,0.033128682092439826
2022-08,NoStressCovarianceBlend,-0.020253215833296572,-0.020253213949810958,2.941490629221024,-0.03749018167338691,5.73448395591933e-07,1.720345186775799e-09,1.63140429710265e-10,0.03809780317090662,0.5389734102475415,0.4229286310879339,1.5549361801858546e-07,0.00534859931971614,0.0011567375001845857,0.00015945032792351492,6.877964993731008e-09,0.004610773363735338,False,True,0.11781701915349509,-0.125068252444105,0.012182980846504918,0.03493174755589501
2022-09,NoStressCovarianceBlend,0.01230535771027117,0.012305359987693254,2.9776867236149993,-0.025646154059229875,7.402891906105113e-07,2.220867571831534e-09,5.655451343245622e-11,0.03830093309636138,0.5351407866048208,0.4265581227808434,1.5751797450324052e-07,0.004209272720784816,0.0011611627478659806,0.00016351164729152434,7.149630092122234e-09,0.0034651725499302097,False,True,0.11804216608649541,-0.1265686583535452,0.011957833913504592,0.03343134164645481
2022-10,NoStressCovarianceBlend,-0.00794588906763519,-0.00781253209085407,2.9540263552309844,-0.033388261631698946,0.03810199336603443,0.0001143059800981033,1.905099668301723e-05,0.05032761711917283,0.5437579203122618,0.4059144625685654,8.893845946170154e-19,0.004378298858165361,0.0014083333335146685,0.00014638581836570085,0.000133358257524484,0.0033943881155178417,False,True,0.1300000000083693,-0.11885230371533476,-8.36930524883428e-12,0.04114769628466525
2022-11,NoStressCovarianceBlend,0.004366539789674893,0.004494986266440754,2.9669252288508488,-0.02916751301494691,0.04281547611854751,0.00012844642835564254,4.841021886184949e-11,0.01065399908158786,0.5885948189914683,0.4007511819269439,0.0,0.004973002149795312,0.001408333333334152,0.00014662012680011037,0.0001284497925123507,0.003993765563815775,False,True,0.13000000000003778,-0.11480893928217324,-3.777533841287095e-14,0.04519106071782676
2022-12,NoStressCovarianceBlend,0.009165700288214573,0.009205897991056797,2.994119176276038,-0.020269153409179896,0.011485330770782922,3.445599231234877e-05,5.741710529875404e-06,0.0,0.5983006607702637,0.40169933922973633,0.0,0.005023051724643407,0.0013223405055588994,0.0001485803636932575,4.019957196196285e-05,0.004173101536208737,False,True,0.12596859158816848,-0.11466815411323279,0.004031408411831527,0.04533184588676721
2023-01,NoStressCovarianceBlend,0.025502480693602125,0.025502482088563372,3.070476642763362,0.0,3.9856035635721376e-07,1.1956810690716413e-09,1.9928017816472909e-10,0.0,0.595924337000976,0.404075662999024,0.0,0.005019565995030789,0.0013653342444306443,0.0001495857908907824,6.767746923731906e-09,0.00418730631417776,False,True,0.12800004270767934,-0.11467020673632683,0.0019999572923206643,0.045329793263673174
2023-02,NoStressCovarianceBlend,-0.0024126665073342223,-0.0024126659914287564,3.063068606605815,-0.0024126665073341824,1.4740156170645084e-07,4.4220468511935256e-10,7.370078083934751e-11,5.044527457976653e-22,0.5989369658831047,0.4010630341168952,0.0,0.004842605768334819,0.0011020063685548234,0.00014664643664779095,6.537818317806337e-09,0.004144949609591299,False,True,0.11499598437622889,-0.11346799415623465,0.015004015623771114,0.04653200584376535
2023-03,NoStressCovarianceBlend,0.03821262968412109,0.03821263025240404,3.1801165129670994,0.0,1.6236655731026202e-07,4.87099671930786e-10,8.118327869676437e-11,2.7739726008318113e-17,0.5898917453745455,0.4101082546254546,2.7739227733771893e-17,0.004531010343906922,0.000992203290551425,0.00015257149429980053,6.545834952712741e-09,0.0038823306584964564,False,True,0.10911663249302143,-0.1170738708780457,0.02088336750697857,0.0429261291219543
2023-04,NoStressCovarianceBlend,0.01687888294788565,0.016916678386679165,3.233793327350109,0.0,0.010798696798147683,3.239609039444305e-05,5.399348399073869e-06,9.114205074390718e-19,0.5911586290397393,0.4088413709602608,1.1428592040828647e-18,0.004919336145673546,0.0014083333333510958,0.00015089080048565905,3.779843895557343e-05,0.004026480239556765,False,True,0.1300000000008198,-0.1165694935481882,-8.197886813832156e-13,0.043430506451811804
2023-05,NoStressCovarianceBlend,-0.01677281192361671,-0.01677281079666893,3.1795535200706193,-0.01677281192361668,3.2198507968206267e-07,9.65955239046188e-10,1.609925398687869e-10,2.8661675136726605e-17,0.5832724080067633,0.4167275919932368,2.884688124109484e-17,0.005110873890868569,0.0012261112108782075,0.00015598729550177378,6.676956798252289e-09,0.004341824312970893,False,True,0.12129853474192707,-0.11970566701636261,0.00870146525807293,0.040294332983637396
2023-06,NoStressCovarianceBlend,-0.012131752221457993,-0.012131750136141081,3.140979964590258,-0.028701080546760127,5.958048319154886e-07,1.7874144957464658e-09,2.979024159577152e-10,3.0192080408232997e-17,0.5883494895615441,0.4116505104384559,2.6489374330199543e-17,0.004895009324974258,0.0010709215921779407,0.00015282732655721084,7.0741313948176836e-09,0.004206714128196683,False,True,0.1133625119081934,-0.11768758805180253,0.01663748809180661,0.04231241194819747
2023-07,NoStressCovarianceBlend,-0.004404103566204183,-0.004404102836653871,3.1271467635268304,-0.032978781581774363,2.084429460980261e-07,6.253288382940783e-10,1.0422147303511814e-10,3.0229304044396717e-17,0.5948512628642028,0.4051487371357973,2.80573523146398e-17,0.004490158113833739,0.0008303482305484326,0.00014805514793389768,6.5752263783934646e-09,0.003926922275399246,False,True,0.09982073314988821,-0.11509812879371875,0.030179266850111797,0.04490187120628125
2023-08,NoStressCovarianceBlend,0.015508910794328023,0.015508911219763647,3.1756454037231396,-0.017981335769103768,1.215530355536427e-07,3.646591066609281e-10,6.077651779066878e-11,3.112316629996471e-17,0.5996622661171038,0.4003377338828962,3.1151902535668575e-17,0.004107310394024431,0.0007097522153858021,0.00014399458895413046,6.525761686579574e-09,0.0036084331716157124,False,True,0.0922877379971447,-0.11317837423142445,0.03771226200285531,0.046821625768575556
2023-09,NoStressCovarianceBlend,-0.02011879997888213,-0.020118799443115756,3.1117552290417776,-0.03773837285029413,1.5307610745632026e-07,4.592283223689608e-10,7.653805364498096e-11,8.521581497680757e-17,0.5914800058428789,0.4085199941571211,8.867254611004871e-17,0.003850353861613846,0.0006158682064167363,0.0001491599205201254,6.540769070341775e-09,0.0033932532971162823,False,True,0.08596754316019992,-0.11644151112193873,0.04403245683980009,0.04355848887806127
2023-10,NoStressCovarianceBlend,0.028472032527272047,0.028472033217052335,3.200353225139964,-0.01034082850234197,1.9708008283664122e-07,5.912402485099237e-10,9.854004143220053e-11,8.430547157830642e-17,0.5993760935411228,0.4006239064588771,9.859467574030648e-17,0.0038120714154240643,0.0006876430332650948,0.0001447039951308011,6.5673234852466646e-09,0.0033235393363372306,False,True,0.09083895859806594,-0.11329265441561077,0.03916104140193406,0.04670734558438923
2023-11,NoStressCovarianceBlend,0.010590906726404604,0.010590907195622801,3.234247867638969,0.0,1.3406234211652087e-07,4.021870263495626e-10,6.703117105826346e-11,7.804389874662904e-17,0.5797174578381259,0.42028254216187405,9.031807418439272e-17,0.00416180990477609,0.0010282774110519583,0.00015831196466147248,6.531312180589307e-09,0.0034893527032764573,False,True,0.11108253207693593,-0.12013741465452098,0.018917467923064077,0.039862585345479026
2023-12,NoStressCovarianceBlend,0.020070936094254112,0.020070936970259877,3.2991622499033286,0.0,2.5028736180826214e-07,7.508620854247864e-10,1.2514368089020205e-10,8.449349182867099e-17,0.5899595139669679,0.41004048603303206,7.936424116084782e-17,0.004704002493169773,0.0008383267399677934,0.00015005514165108828,6.607961488516312e-09,0.004134777373573299,False,True,0.10029915692374249,-0.11612406083305128,0.02970084307625752,0.04387593916694872
2024-01,NoStressCovarianceBlend,0.005863787060223675,0.005863787922824279,3.31850783481389,0.0,2.762056364444824e-07,8.286169093334472e-10,3.398369516347147e-11,2.082382461765856e-07,0.5934086679648167,0.4065911237969371,7.387570062324513e-17,0.004829728275588198,0.0009655921184949237,0.00014688108336107105,6.592957132428701e-09,0.004200044540022533,False,True,0.10764341792204057,-0.11476934572856039,0.02235658207795943,0.045230654271439616
2024-02,NoStressCovarianceBlend,0.0002817249699728386,0.0002817269838291194,3.3194427413340075,0.0,5.934824842814663e-07,1.7804474528443989e-09,2.3340882795982735e-10,3.216034479117396e-07,0.586929899151979,0.41306977924457305,8.019394854573956e-17,0.005226632207054993,0.0007403115435369958,0.0001508311454095989,6.9634480654960176e-09,0.004705638326428831,False,True,0.09425358625773318,-0.1173125295895079,0.03574641374226682,0.042687470410492104
2024-03,NoStressCovarianceBlend,0.04893844958546815,0.04893845187979748,3.48189112258263,0.0,6.555226656184761e-07,1.966567996855428e-09,3.2776133282449644e-10,3.4428225895468045e-07,0.5854260671508542,0.41457358856688686,8.371742855041596e-17,0.005211721656970006,0.000615514778828337,0.00015121284809926897,7.1847555837951225e-09,0.004752744234700985,False,True,0.08594287257207571,-0.11790206189013168,0.044057127427924295,0.042097938109868324
2024-04,NoStressCovarianceBlend,0.018196219133178874,0.0181962210883654,3.5452483764470135,0.0,5.586247218800563e-07,1.675874165640169e-09,2.7931236085131315e-10,3.469348841531212e-07,0.563243786991805,0.4367558660733108,2.955096075303862e-17,0.005676057329751849,0.0009729134885148937,0.00016694196732685898,7.0088832254009374e-09,0.005022651609284318,False,True,0.10805073744393753,-0.12663175382534303,0.02194926255606247,0.033368246174656974
2024-05,NoStressCovarianceBlend,0.00870486883313053,0.008717915573306404,3.576109298544854,0.0,0.003727640050249323,1.1182920150747969e-05,1.8638200251246135e-06,0.003727136915758734,0.5491878522030803,0.44708501088116104,2.7755575615628914e-17,0.005892597359632599,0.0014083333337025444,0.00017334251609286,1.30489447625346e-05,0.005002039231925932,False,True,0.1300000000170405,-0.13100386708644246,-1.7040507893639756e-11,0.028996132913557543
2024-06,NoStressCovarianceBlend,0.00635488023578583,0.00635488351414596,3.598835044847186,0.0,9.366743227043341e-07,2.8100229681130025e-09,4.683371613447426e-10,0.00368577208659423,0.5480216187407585,0.44829260917264735,5.551115123125783e-17,0.006140482640094027,0.001156409173966335,0.00017349218797818385,7.789295647808422e-09,0.005388778075837028,False,True,0.11780029748517624,-0.1314939481944837,0.01219970251482376,0.028506051805516297
2024-07,NoStressCovarianceBlend,0.028977142133358627,0.02897714601314152,3.7031189994562355,0.0,1.1389177335588025e-06,3.4167532006764075e-09,4.630296945306844e-10,0.0038773188503207767,0.552623814706068,0.4434988664436112,5.970787511168496e-17,0.006258489510138443,0.001069512151326642,0.0001689782613782418,8.03291545774081e-09,0.005554747140181422,False,True,0.11328788909640652,-0.1295487500126665,0.01671211090359348,0.030451249987333506
2024-08,NoStressCovarianceBlend,-0.0072581812360369685,-0.007067213636012454,3.67624109061957,-0.007258181236036942,0.0636558370404772,0.00019096751112143159,8.890308297859012e-11,0.0674433030693708,0.4826090700823355,0.4499476268482937,4.970542480820149e-19,0.0067122413269179605,0.0013400831338506209,0.00016615027292473004,0.00019097077580477553,0.005685078711263144,False,True,0.12681087337530425,-0.13568445345034838,0.003189126624695754,0.024315546549651623
2024-09,NoStressCovarianceBlend,0.013958487693569168,0.014276928895010903,3.727555856641577,0.0,0.10614670303317271,0.0003184401090995181,1.0923422187894044e-09,0.1702970129349709,0.37950249486203136,0.45020049220299785,0.0,0.007016556677768565,0.001408333333866886,0.00017861611507233134,0.0003184431374365506,0.00581533075832624,False,True,0.1300000000246255,-0.14118556389325357,-2.4625496086727594e-11,0.018814436106746435
2024-10,NoStressCovarianceBlend,0.031820962235600755,0.03208664290158549,3.846170270786861,0.0,0.08011120891372064,0.00024033362674116194,2.534703924357834e-05,0.23811287451334587,0.34801269740147794,0.4138744280851762,4.1674021004911577e-19,0.007177645211530461,0.0014083333364307167,0.0001775942665737354,0.0002656821660393238,0.006030202110702044,False,True,0.13000000014295615,-0.13076238066540793,-1.4295614692017011e-10,0.02923761933459207
2024-11,NoStressCovarianceBlend,-0.011728473570648755,-0.01149243404046095,3.801060564417722,-0.011728473570648767,0.07867977360519471,0.00023603932081558412,2.0937222056113483e-10,0.3078795726042124,0.25796738174979106,0.4341530456459966,6.556035011748285e-20,0.007487310108295123,0.0014083333425108683,0.0002250787979759869,0.00023604236098633487,0.006322022278077368,False,True,0.13000000042357854,-0.1446869949922938,-4.2357853335950324e-10,0.015313005007706215
2024-12,NoStressCovarianceBlend,0.008905083690208065,0.00899901721656911,3.8349093268554113,-0.0029278329191457786,0.02683815038886992,8.051445116660976e-05,1.3419075194434966e-05,0.3235112728252582,0.2728902036451,0.4035985235296418,1.1653221207973548e-17,0.007970019370448621,0.0014083333333344103,0.00021618362972553655,9.393502654509293e-05,0.006955734047510787,False,True,0.13000000000004971,-0.1333158278979829,-4.9710235927591384e-14,0.026684172102017095
2025-01,NoStressCovarianceBlend,0.03294894601993161,0.03299483584738754,3.961265547257303,0.0,0.015296575415855947,4.588972624756784e-05,1.0120836265630913e-10,0.32590275954575854,0.2534637136243064,0.42063352682993504,0.0,0.008563444235020413,0.0014083333333466449,0.00022660385148471227,4.589296328176904e-05,0.007586780753580608,False,True,0.13000000000061437,-0.1404649224679344,-6.14369666251946e-13,0.019535077532065598
2025-02,NoStressCovarianceBlend,0.021053471280203996,0.021053507243000764,4.044663937689746,0.0,1.1347765541139254e-05,3.404329662341776e-08,1.9195001471628006e-09,0.3244647726379094,0.2473596474636862,0.42817557989840443,0.0,0.007948549997165207,0.0011753299593569447,0.0002291927559349139,3.7884415229939316e-08,0.007131654377136591,False,True,0.118760092254441,-0.14350991678277972,0.01123990774555901,0.016490083217220286
2025-03,NoStressCovarianceBlend,0.04666499983787329,0.04666503203557326,4.23340817968629,0.0,1.0121536564322575e-05,3.0364609692967725e-08,1.8330902769592151e-09,0.32632482835827864,0.24484875141955229,0.42882642022216916,0.0,0.00812137430225448,0.0013075765259617513,0.00022975690015219666,3.415498369104316e-08,0.007237794984137717,False,True,0.12526339573690717,-0.14394282745254647,0.004736604263092831,0.016057172547453535
2025-04,NoStressCovarianceBlend,0.003714602744850936,0.003714631101325583,4.2491336093306264,0.0,9.006672591072026e-06,2.702001777321608e-08,1.3364568737239773e-09,0.3165130496412057,0.23378530754461305,0.44970164281418135,1.855002154486918e-20,0.008358460856740172,0.0013924611962610452,0.0002356475393581391,3.0419050738896974e-08,0.007426552300200771,False,True,0.12926536409700992,-0.15191467055699998,0.0007346359029900829,0.008085329443000028
2025-05,NoStressCovarianceBlend,0.02014332761984737,0.020651164929287955,4.334725299723877,0.0,0.1450964796751649,0.0004352894390254947,7.254787041508869e-05,0.3173813024824047,0.38102931216894786,0.30158938534864743,2.9614976567485964e-17,0.007782064755240356,0.001408333346772627,0.0001597474206269532,0.0005078395661936912,0.006410311095033398,False,True,0.13000000062027509,-0.09446079933388737,-6.202750812978053e-10,0.06553920066611263
2025-06,NoStressCovarianceBlend,0.05801466696542327,0.05825072469040786,4.586202944373953,0.0,0.07868563722263035,0.00023605691166789106,8.133166963649769e-10,0.40917602949986537,0.29262221735137955,0.2982017531487552,1.4732531395539499e-18,0.007785192563489848,0.00132651603798668,0.00022543550880729712,0.00023605979060381473,0.006660439245085397,False,True,0.12616731928609787,-0.10643151608265765,0.003832680713902137,0.053568483917342355
2025-07,NoStressCovarianceBlend,0.025581473647864544,0.025581489126483253,4.703524774139215,0.0,4.42246248838485e-06,1.326738746515455e-08,2.211231244192422e-09,0.44941126491627414,0.27620347673775053,0.27438525834597544,1.424603325969897e-18,0.006344119301639705,0.001322489505742972,0.00025349905289165847,1.8010330353238732e-08,0.0054293574855462075,False,True,0.1259756884042142,-0.10768814754329155,0.004024311595785812,0.052311852456708455
2025-08,NoStressCovarianceBlend,0.011619975271317553,0.01198057299804274,4.758179615702741,0.0,0.10302792192148216,0.0003090837657644465,5.151396096074107e-05,0.35164487346003886,0.2692081761803815,0.37914695035957974,1.43460540191208e-19,0.006018309256391094,0.0012497111522107858,0.00021444296737261497,0.00036060011095573715,0.004818410601957349,False,True,0.12246033572765277,-0.12550588542000965,0.00753966427234723,0.034494114579990354
2025-09,NoStressCovarianceBlend,0.08571520115416624,0.08571520687132514,5.166027938590355,0.0,1.6334739711965756e-06,4.900421913589727e-09,8.16736985542676e-10,0.3436278878345876,0.2664887176957302,0.3898833944696822,1.1626895101436103e-21,0.00608488709637984,0.0011300190053701678,0.0002135652143043184,9.242350399881379e-09,0.005306303137040038,False,True,0.11644839227933554,-0.1290219997444688,0.013551607720664466,0.030978000255531213
2025-10,NoStressCovarianceBlend,0.09462674765542008,0.09467730163182927,5.654872360716195,0.0,0.01685122405489395,5.055367216468185e-05,3.0424452523991564e-10,0.33687222095181646,0.26153388536136,0.4015938936868236,0.0,0.006332268135931452,0.0014083333348867434,0.00021434440965147552,5.055660068130792e-05,0.005363200458155297,False,True,0.13000000007169585,-0.1331083371024908,-7.169584370636528e-11,0.026891662897509216
2025-11,NoStressCovarianceBlend,0.017615600273911562,0.018250072990423173,5.754486331822562,0.0,0.20695054112607184,0.0006208516233782155,1.3621093133396125e-05,0.19609454962579698,0.4446599337415956,0.3592455166326074,6.098648511246324e-17,0.006212325354080665,0.0014083333333337663,0.00012322069632133396,0.0006344742165561167,0.004750463774536331,False,True,0.13000000000002,-0.10453584297372276,-1.9984014443252818e-14,0.055464157026277244
2025-12,NoStressCovarianceBlend,0.02175638325990827,0.021827286266804257,5.879683141921598,0.0,0.020258001970282106,6.077400591084632e-05,1.012900098514111e-05,0.18572421108163534,0.4509100499616633,0.36336573895670127,0.0,0.006595970804646915,0.0014083333337262707,0.00012145083104029188,7.090565511337763e-05,0.00569944765163011,False,True,0.13000000001813555,-0.1055616077668385,-1.8135548618403163e-11,0.054438392233161506
2026-01,NoStressCovarianceBlend,0.07325596047340471,0.07326375099483073,6.31040497776235,0.0,0.00259671156823274,7.79013470469822e-06,3.867213232144895e-10,0.19437478233902475,0.4454821470460151,0.36014307061496026,0.0,0.006572929120851629,0.0014083333344922847,0.00012205995760699501,7.79300352787131e-06,0.00573890949247062,False,True,0.13000000005349005,-0.10479367906474134,-5.349004572607896e-11,0.055206320935258665
2026-02,NoStressCovarianceBlend,0.10374035602502615,0.10429113030985336,6.965048636817513,0.0,0.15736408137920274,0.00047209224413760826,7.868204068960142e-05,0.3497237822344968,0.44372311647143814,0.20655310129406507,0.0,0.011746784895499775,0.0014083333333469515,0.00014710206223921026,0.0005507757848623988,0.01034474038172469,False,True,0.13000000000062853,-0.0826580408153612,-6.285250098159167e-13,0.0773419591846388
2026-03,NoStressCovarianceBlend,-0.055974075496594826,-0.05544367402209578,6.575186478582834,-0.05597407549659483,0.16064412146157692,0.00048193236438473074,4.8469110114313446e-05,0.3214295478471801,0.5657912494133102,0.11277920273950984,6.92901571303212e-18,0.02178582739239326,0.0014083333333333328,0.0001158093921297529,0.0005304029745258014,0.02043544835907104,False,True,0.12999999999999998,-0.0870522910960873,2.7755575615628914e-17,0.07294770890391271
2026-04,NoStressCovarianceBlend,0.07773833099030579,0.0778766437484091,7.086330501377889,0.0,0.041020463225923606,0.0001230613896777708,1.5251368425532305e-05,0.30607516333867213,0.552670462985545,0.14125437367578283,2.581593634086557e-17,0.009731975569494214,0.0014083333333385158,0.00012012617370466974,0.0001383142582256788,0.008769368470894608,False,True,0.13000000000023917,-0.07932949416700597,-2.3916979507987435e-13,0.08067050583299404
2026-05,NoStressCovarianceBlend,0.08980811262829601,0.0899841627457585,7.722740469166963,0.0,0.058541590254474946,0.00017562477076342483,4.253466990649098e-07,0.30815714817178663,0.5682149875254849,0.12362786430272839,0.0,0.02042290480993883,0.001408333333333975,0.00011911979969178155,0.00017605161866381268,0.01942356672491625,False,True,0.13000000000002962,-0.08100668508249516,-2.961519918187605e-14,0.07899331491750484
2026-06,NoStressCovarianceBlend,0.00033333904140877977,0.0004592159898716922,7.7253147600720045,0.0,0.04195789577471809,0.00012587368732415428,3.261138758176019e-09,0.3302987908722745,0.5569377377548375,0.112763471372888,0.0,0.024767226553494934,0.0014083333333737747,0.00013356138580560817,0.00012587860092874294,0.023803619900073694,False,True,0.13000000000186654,-0.08781156845854865,-1.866534704575429e-12,0.07218843154145135
2026-07,NoStressCovarianceBlend,-0.07948153634854835,-0.0792526389181153,7.111294874165364,-0.07948153634854838,0.07458396789690379,0.00022375190369071138,5.145526742321563e-06,0.2669838633898802,0.6178123721414414,0.1152037644686784,2.7755575615628914e-17,0.012169218542585701,0.0014083333341406786,9.185766460797987e-05,0.0002288989305519258,0.011144295280355456,False,True,0.1300000000372621,-0.07419504381814543,-3.726208230858674e-11,0.08580495618185457
2007-04,NoTechnicalConfidence,-0.005724526592797252,-0.004156611783829265,0.9942754734072028,-0.005724526592797208,0.9999999999999999,0.0014999999999999998,6.791480896798796e-05,1.6182418916188707e-15,0.8641703820640223,0.1358296179359755,4.154662724964452e-16,0.004456761412885795,4.941369865551669e-05,5.588234111584729e-07,0.0015679178089762144,0.002863577931170664,False,True,0.02435086002313266,-0.0025413595727191707,0.10564913997686734,0.15745864042728083
2007-05,NoTechnicalConfidence,0.006993230506303625,0.0075432501136404,1.0012286709795035,0.0,0.15714845923907847,0.00047144537771723544,7.857422961953909e-05,1.4768329146176784e-18,0.7089854187790232,0.2910145812209769,0.0,0.005112144122974793,0.00017593844571092565,2.298837743359959e-05,0.0005500226073479074,0.004451163915337824,False,True,0.045948464049749345,-0.012629718101322018,0.08405153595025067,0.14737028189867798
2007-06,NoTechnicalConfidence,-0.018206567701914485,-0.016943374171134614,0.9829997333962173,-0.018206567701914533,0.360912437365678,0.001082737312097034,0.00018045621868283896,1.2141997433899394e-18,0.34436726824420577,0.6556327317557942,3.767602549387128e-18,0.00738571959706989,0.000910125809525505,0.0001800825427394177,0.0012631965307847218,0.005487377618782998,False,True,0.10450602716736514,-0.04677011078877852,0.025493972832634867,0.11322988921122148
2007-07,NoTechnicalConfidence,0.020852716335272973,0.020852716467222334,1.0034979479943775,0.0,3.769981771206545e-08,1.1309945313619635e-10,1.8849908842156727e-11,2.90062683107426e-17,0.35043525368710526,0.6495647463128946,3.1831245752283836e-17,0.004614507731496727,0.0007921581498453936,0.0001831583478788142,6.502486350309523e-09,0.004035263806208865,False,True,0.09749819381990993,-0.04608396826191513,0.032501806180090076,0.11391603173808487
2007-08,NoTechnicalConfidence,0.015856660292303256,0.015856661701988125,1.0194100740597476,0.0,4.0276710580596115e-07,1.2083013174178835e-09,2.0138355290297997e-10,5.89285052994056e-17,0.345940173076956,0.6540598269230439,6.275556382482594e-17,0.0057278446377134785,0.000759471478527673,0.00017452456256983394,6.773222950393619e-09,0.005173577562656857,False,True,0.09546547932280063,-0.04659227188762016,0.03453452067719938,0.11340772811237984
2007-09,NoTechnicalConfidence,0.04819894704357549,0.04819897539073392,1.0685445662350408,0.0,8.09918812283454e-06,2.4297564368503623e-08,4.049594061417002e-09,5.68030932803774e-17,0.3397968016877028,0.660203198312297,5.919368275948408e-17,0.006693312385191364,0.0007012901102343283,0.00016791300705625822,3.15624122064467e-08,0.006174722760605735,False,True,0.09173593256086701,-0.04728679199713409,0.03826406743913299,0.11271320800286591
2007-10,NoTechnicalConfidence,0.04887929565882628,0.04945261734179575,1.1207742720126757,0.0,0.16380619513413378,0.0004914185854024013,8.19030975670669e-05,2.82182072598802e-17,0.16118946963499015,0.8388105303650099,0.0,0.008682224882833463,0.001408333333356053,0.00027584264884655135,0.0005733246829801515,0.007128890884328734,False,True,0.13000000000104858,-0.06739143475201098,-1.0485778911828447e-12,0.09260856524798902
2007-11,NoTechnicalConfidence,0.01198808928690658,0.012175248014381515,1.1342102140560315,0.0,0.05347392213569546,0.0001604217664070864,2.673696106784773e-05,8.532432767081694e-18,0.20781743404675979,0.7921825659532402,0.0,0.014514916650438053,0.0014083333333402915,0.0002293361789577492,0.00018716172750766032,0.013394252077302498,False,True,0.13000000000032114,-0.062159151799596746,-3.2113200987282653e-13,0.09784084820040326
2007-12,NoTechnicalConfidence,0.06526698835010114,0.06542435564305764,1.2082366988833921,0.0,0.04496208370185387,0.0001348862511055616,2.248104185092692e-05,0.0,0.24960850117672087,0.7503914988232792,9.266544578865108e-19,0.010369353181396217,0.0014083333333528493,0.00019233698786927362,0.0001573702929954102,0.009315479233855109,False,True,0.13000000000090073,-0.05745981860569771,-9.007239398783895e-13,0.1025401813943023
2008-01,NoTechnicalConfidence,0.0862967077957431,0.0864099587433617,1.3125035482350254,0.0,0.03235741360531545,9.707224081594636e-05,1.6178706802657706e-05,2.2746328611589857e-18,0.2672310250416039,0.7327689749583962,0.0,0.013902334501802982,0.001408333333333319,0.00017338414933955532,0.0001132539476726875,0.012911529738124079,False,True,0.12999999999999934,-0.05080517539728158,6.661338147750939e-16,0.10919482460271843
2008-02,NoTechnicalConfidence,0.042108369290579616,0.04246277720774768,1.367770932339302,0.0,0.1012594049051631,0.0003037782147154893,5.0629702452581474e-05,0.04888232007977336,0.30440040212855235,0.6467172777916743,1.1646872431336083e-16,0.016694350110541416,0.0014083333392981175,0.00013207752027097192,0.0003544094172076084,0.015503696503413777,False,True,0.13000000027529773,-0.04597497962074859,-2.7529772905765526e-10,0.11402502037925141
2008-03,NoTechnicalConfidence,-0.03665726678514417,-0.036574717341093514,1.3176321883715747,-0.03665726678514425,0.023585555443046132,7.07566663291384e-05,1.1792777721522978e-05,0.023736749743217392,0.2939717620327522,0.6822914882240304,0.0,0.019291081101241978,0.0014083333335027863,0.00013787068970886015,8.25516547228834e-05,0.01836649209005884,False,True,0.1300000000078209,-0.04761792835056774,-7.820882830245068e-12,0.11238207164943226
2008-04,NoTechnicalConfidence,-0.009785863364531376,-0.00941457164401924,1.304738019811462,-0.04608440714559903,0.1060833487177531,0.0003182500461532593,5.304167435887652e-05,0.028374135342193404,0.4080846876069982,0.5635411770508085,0.0,0.013630323082765848,0.0014083333340937153,0.00012266196374373858,0.0003712932207663273,0.012432201231208924,False,True,0.13000000003509454,-0.03641582211612704,-3.509453838645982e-11,0.12358417788387296
2008-05,NoTechnicalConfidence,0.04372937368764358,0.0441825168948217,1.3617933962442736,-0.004370275719198791,0.13763262635668205,0.00041289787907004615,4.0245328108071716e-05,0.03147861308914309,0.33524420548522516,0.49564455506894983,0.13763262635668194,0.01360771436503794,0.0014083333333470313,0.0001660102469355596,0.00045314366497274287,0.012284393786456122,False,True,0.1300000000006322,-0.06375849123910897,-6.321887457971798e-13,0.09624150876089103
2008-06,NoTechnicalConfidence,0.05169217016512516,0.05189926301549922,1.4321874522126763,0.0,0.05917006632491722,0.00017751019897475166,2.958265139930983e-05,0.029915281097219627,0.37763007574041685,0.5007617485587444,0.09169289460361908,0.014628516305218907,0.0014083333344142275,0.0001294908856492478,0.00020709413726088498,0.013587764615101661,False,True,0.13000000004988743,-0.05103842500160297,-4.988742752232156e-11,0.10896157499839704
2008-07,NoTechnicalConfidence,-0.044948140200276245,-0.04478095197564445,1.3678132898175444,-0.044948140200276376,0.05345341798735588,0.00016036025396206765,6.827970669735305e-06,0.039301399078029646,0.3575039008702711,0.5553687439629813,0.047825956088717966,0.01573718918687204,0.0014083333425613975,0.00012663098623600435,0.00016718919262428438,0.014739202336731053,False,True,0.13000000042591067,-0.04553914697760456,-4.2591066784503084e-10,0.11446085302239545
2008-08,NoTechnicalConfidence,-0.012633493476459203,-0.012396370688082088,1.3505330295436202,-0.05701378164073634,0.07333962505983904,0.00022001887517951712,1.7103913197598163e-05,0.007240147368231052,0.441921984229441,0.550837868402328,2.975626743704357e-18,0.011386360101381764,0.0014083333405754616,0.00014482114074644277,0.00023712278853814741,0.010300249501809444,False,True,0.13000000033425207,-0.038205869250665415,-3.342520704663343e-10,0.1217941307493346
2008-09,NoTechnicalConfidence,0.0761898198869292,0.07644057839886227,1.4534298978158975,0.0,0.07757468963405595,0.00023272406890216784,1.803444303089833e-05,0.0,0.4897286160601382,0.4755231099876789,0.03474827395218298,0.011302673161625375,0.001408333333333332,0.00012459314102278895,0.0002507585121006717,0.01022315484183525,False,True,0.12999999999999995,-0.03942701692692615,5.551115123125783e-17,0.12057298307307385
2008-10,NoTechnicalConfidence,-0.04428516615765999,-0.04392675776603318,1.3890645132926096,-0.044285166157660094,0.10240239760766201,0.00030720719282298603,5.120119880383106e-05,0.0,0.5598270205850219,0.4295954474666883,0.010577531948289753,0.014973674247068783,0.0014083333336030537,8.28235158169425e-05,0.0003584098916824026,0.013828274172767913,False,True,0.13000000001244863,-0.030804474816460797,-1.2448625463790108e-11,0.12919552518353922
2008-11,NoTechnicalConfidence,0.09040705343762472,0.09044383061511162,1.5146457429741627,0.0,0.010507764996259668,3.1523294988779005e-05,5.253882498129794e-06,3.224290107170666e-17,0.6039167923947473,0.3960832076052528,3.0227834418863626e-17,0.008837963558068393,0.001408333333333334,0.00010506192518782302,3.677867797459466e-05,0.007991956288239309,False,True,0.13000000000000003,-0.02961413231119775,-2.7755575615628914e-17,0.13038586768880225
2008-12,NoTechnicalConfidence,0.03593754682814647,0.036358770963693,1.5690783952903493,0.0,0.12034975301329486,0.00036104925903988455,6.01748765066474e-05,2.1903479224596185e-17,0.6759489069938318,0.32405109300616824,5.237863810385421e-17,0.01222849509276625,0.0014083333333333623,6.031791759969085e-05,0.0004212271355610729,0.011042783372938805,False,True,0.13000000000000134,-0.02284569711542242,-1.3322676295501878e-15,0.13715430288457758
2009-01,NoTechnicalConfidence,0.03749961113317994,0.03755728049815406,1.6279182249512116,0.0,0.016476961421176578,4.9430884263529735e-05,8.238480710588284e-06,0.0,0.6644271488470368,0.3355728511529633,0.0,0.015741846012547488,0.001408333333349277,6.418737797783962e-05,5.7672365080326836e-05,0.014915819602814682,False,True,0.13000000000073586,-0.023928919970544554,-7.358558207215538e-13,0.13607108002945545
2009-02,NoTechnicalConfidence,0.06225713321713616,0.062259448535119215,1.729267746748603,0.0,0.000661519423729246,1.984558271187738e-06,3.3075971186466424e-07,8.646104981992099e-19,0.6448975276506655,0.3551024723493344,2.0989315132742115e-19,0.016349514677456285,0.0014083333333333333,7.22917694557494e-05,2.3183206284758565e-06,0.015570737920705393,False,True,0.13,-0.02576449145959983,0.0,0.13423550854040017
2009-03,NoTechnicalConfidence,-0.04512977206350119,-0.044975161744067994,1.6512262875010744,-0.045129772063501106,0.04417437698091248,0.00013252313094273743,2.208718849045621e-05,0.0,0.6516840260234459,0.3483159739765542,1.886636539640666e-18,0.01746331624854343,0.0014083333333333348,6.676742070864383e-05,0.00015461331947280938,0.016537768841695305,False,True,0.13000000000000006,-0.02512670788575852,-5.551115123125783e-17,0.13487329211424148
2009-04,NoTechnicalConfidence,-0.03153016030569947,-0.03152305589659331,1.5991628579551804,-0.07523698342147878,0.0020298311731891403,6.089493519567421e-06,1.0149155865945828e-06,0.0,0.6854651843467212,0.3145348156532789,0.0,0.014150527305339528,0.0014083333333344934,9.368575044258039e-05,7.107409968302616e-06,0.013345567478261397,False,True,0.13000000000005354,-0.027590480003395285,-5.3540505362548174e-14,0.13240951999660472
2009-05,NoTechnicalConfidence,0.029521331972247343,0.029622641534893964,1.6463722755625632,-0.047936747413407366,0.028945589327606023,8.683676798281807e-05,1.4472794663803e-05,0.0,0.6877165824827044,0.31228341751729566,6.580598967218659e-18,0.010943579317071614,0.0014083333344393622,0.00011582380482985437,0.00010131256270707932,0.010022276282314998,False,True,0.13000000005104748,-0.039850469916253156,-5.104747180517677e-11,0.12014953008374685
2009-06,NoTechnicalConfidence,-0.013590642144733232,-0.013365760920103427,1.6239970191283821,-0.060875898378462634,0.06425177846565891,0.00019275533539697673,3.2125889232829435e-05,4.712122573399593e-17,0.6025195217839806,0.39748047821601945,0.0,0.013229726722310839,0.0014083333374800653,0.00020767890030877432,0.00022488422465704268,0.012092996928604988,False,True,0.13000000019138763,-0.060274893570735955,-1.9138762796799824e-10,0.09972510642926405
2009-07,NoTechnicalConfidence,-0.008633880060477151,-0.008460949569212287,1.6099756236466551,-0.06898418323376632,0.049408711789961195,0.0001482261353698836,2.470435589498059e-05,3.0632222656930625e-17,0.5612730362364108,0.4387269637635893,3.161465772331951e-17,0.010969270250044964,0.0014083333400838772,0.00026300674091634833,0.000172933491300283,0.009829163347786394,False,True,0.13000000031156356,-0.07763865677771603,-3.115635527350946e-10,0.08236134322228397
2009-08,NoTechnicalConfidence,0.009379250718728036,0.00946816020655956,1.6250759886718775,-0.06025195246521453,0.025402710809006773,7.620813242702032e-05,1.2701355404503385e-05,7.431971249162725e-18,0.5405191380263781,0.45948086197362203,0.0,0.010310166934576644,0.0014083333334453723,0.00028841312134931293,8.891248790041392e-05,0.00922867465860423,False,True,0.13000000000517103,-0.08993403210532622,-5.17103027064536e-12,0.07006596789467379
2009-09,NoTechnicalConfidence,-0.004203236660221945,-0.004186079730579733,1.6182454097006456,-0.06420193590998469,0.004902093134325291,1.4706279402975873e-05,2.4506502392359217e-06,0.004902093134325293,0.5356703610547598,0.45942754581091494,2.7755575615628914e-17,0.010188017625769326,0.0014083333333345764,0.00028008980580574637,1.7159155090278344e-05,0.009186601998206013,False,True,0.13000000000005738,-0.08724683394472017,-5.737077479750496e-14,0.07275316605527983
2009-10,NoTechnicalConfidence,0.028495621070812036,0.028593493145384594,1.6643583176950563,-0.03753578887687614,0.027963449877873425,8.389034963362027e-05,1.3981724938936738e-05,0.03321789346844351,0.5409512929967121,0.4258308135348444,2.0671829254590612e-17,0.009547059213200893,0.00140833333589449,0.0002247099299536024,9.78742642494007e-05,0.008520308351050644,False,True,0.13000000011820723,-0.07185626095568379,-1.1820722178867982e-10,0.08814373904431622
2009-11,NoTechnicalConfidence,0.048663763898328515,0.04875346739717215,1.7453522579095877,0.0,0.025629571098182813,7.688871329454844e-05,1.2814785549091397e-05,0.029821102703101083,0.5015832631486495,0.4685956341482494,0.0,0.011090903271584126,0.0014083333333370454,0.0002765902399304504,8.970603840760905e-05,0.010020440326577543,False,True,0.13000000000017134,-0.0835579057517077,-1.7133516827527728e-13,0.0764420942482923
2009-12,NoTechnicalConfidence,-0.027574034937436306,-0.027449567636496787,1.6972258537718554,-0.027574034937436265,0.03556268148085642,0.00010668804444256927,1.7779256496949694e-05,0.06423328729606738,0.48454615238437926,0.4512205603195533,3.981963435407098e-18,0.011709517444600399,0.0014083333333339784,0.00024884964131523425,0.00012446897839343412,0.01063203215822474,False,True,0.1300000000000298,-0.06689754433683792,-2.9781732635569824e-14,0.09310245566316208
2010-01,NoTechnicalConfidence,-0.0014098235260209813,-0.0013556982759701326,1.694833064834237,-0.0289449839402951,0.01546435715738532,4.639307147215596e-05,7.732178578692628e-06,0.08759725894353813,0.49620322371604125,0.4161995173404206,1.6750746314893521e-18,0.009661212252971958,0.0014083333343686906,0.00021842609640227714,5.412785737539143e-05,0.008684491632009943,False,True,0.13000000004778572,-0.055158507609670025,-4.7785719825554906e-11,0.10484149239032997
2010-02,NoTechnicalConfidence,0.010841761796445254,0.010910493949768419,1.7132080412079091,-0.018417036764932337,0.02031615687246653,6.09484706173996e-05,7.783682705765489e-06,0.07834361935789491,0.5215199934444745,0.40013638719763067,0.0,0.00960610793853705,0.0014083333333381378,0.000193469424912864,6.873365358225338e-05,0.008639738193372862,False,True,0.13000000000022174,-0.05319983821263814,-2.217392935932594e-13,0.10680016178736186
2010-03,NoTechnicalConfidence,0.0011632708611382292,0.0013299402575928036,1.715200966201314,-0.01727518990601129,0.047619827558449825,0.0001428594826753495,2.3809913779224907e-05,0.029989702961029804,0.5213413910861877,0.4486689059527825,2.1280071868824618e-17,0.01091309095731564,0.001408333334442283,0.0002478701238180582,0.00016667116040825782,0.009794383005868181,False,True,0.13000000005118229,-0.07864245587907778,-5.118228063594188e-11,0.08135754412092222
2010-04,NoTechnicalConfidence,0.02614340935737926,0.026398214223823768,1.7600421671908875,0.0,0.07280139041271662,0.00021840417123814986,3.6400695206358326e-05,0.009760550203484356,0.47669054414979967,0.5135489056467161,2.2409315410796583e-18,0.010690474645405413,0.0014083333333483486,0.0003390919599992692,0.0002548063665074379,0.009392409652224532,False,True,0.130000000000693,-0.1019338880594193,-6.930012119710227e-13,0.0580661119405807
2010-05,NoTechnicalConfidence,0.0654179412810238,0.06544840851117287,1.8751805023363068,0.0,0.008705341290595024,2.611602387178507e-05,4.351206277289744e-06,0.01848139126916596,0.4668418177239731,0.5146767910068609,0.0,0.011608230069583904,0.0014083333333334582,0.0003310485202065451,3.0468979375256932e-05,0.010542545903335372,False,True,0.13000000000000575,-0.09897346236386169,-5.745404152435185e-15,0.061026537636138314
2010-06,NoTechnicalConfidence,0.006590433212500802,0.007217175968377535,1.8875387541983382,0.0,0.1790693588219237,0.0005372080764657712,8.953467941096183e-05,0.03964895765641218,0.5937805476084321,0.3665704947351556,5.551115123125783e-17,0.01121156713982667,0.0014083333333362676,0.00014247128261655714,0.0006267442559192528,0.009738184934622727,False,True,0.13000000000013542,-0.05491556117939731,-1.3541945342865347e-13,0.1050844388206027
2010-07,NoTechnicalConfidence,-0.0238171067246837,-0.02379736067098158,1.8425830422426197,-0.023817106724683734,0.005641729629176841,1.6925188887530523e-05,2.820864814588431e-06,0.04044668114159449,0.5967384686369315,0.3628148502214741,0.0,0.011005037746927232,0.0014083333333344313,0.00013617367888210262,1.974897110577391e-05,0.01014494843027214,False,True,0.13000000000005069,-0.05166610265318059,-5.0681681074138396e-14,0.10833389734681942
2010-08,NoTechnicalConfidence,0.03833498505148044,0.03867190930571716,1.913218435623102,0.0,0.09626407263906243,0.0002887922179171873,4.81320363195312e-05,0.04347889825437162,0.5181755024459219,0.4383455992997065,3.886054503358537e-20,0.010989715674238959,0.0014083333333347184,0.00022787230131238873,0.00033692671456882043,0.00972074999169039,False,True,0.13000000000006393,-0.06825337815701006,-6.392109064279339e-14,0.09174662184298994
2010-09,NoTechnicalConfidence,0.008175591662261618,0.008437593243785528,1.9288601283134674,0.0,0.08090316737696672,0.00024270950213090017,1.929207939301093e-05,0.08372607015417244,0.42337228439631974,0.49290164544950765,2.4568868261468785e-16,0.01292599201218068,0.0014083333444651093,0.0002930083862467805,0.000262003081576821,0.011666813872124525,False,True,0.13000000051377428,-0.0689384224550359,-5.13774273125378e-10,0.0910615775449641
2010-10,NoTechnicalConfidence,0.009148332707097863,0.009211018637007386,1.9465059825127344,0.0,0.017910510889486267,5.3731532668458805e-05,8.954397241062618e-06,0.08847748462040117,0.4084116347397988,0.5031108806398,2.7969816360109844e-17,0.012665737036190932,0.0014083333333457773,0.0003017994248231196,6.268783509785841e-05,0.011597083109597067,False,True,0.13000000000057432,-0.06992358955482346,-5.743183706385935e-13,0.09007641044517654
2010-11,NoTechnicalConfidence,0.031658205340726484,0.03195933950851229,2.008128868604075,0.0,0.08603833365308894,0.0002581150009592668,4.3019166826544484e-05,0.12481229473282379,0.4525598520298592,0.42262785323731694,0.0,0.011166309085688308,0.0014083333461344277,0.0002063676356643319,0.00030113566783312784,0.009954639109123633,False,True,0.13000000059081973,-0.04935534017777551,-5.908197264758996e-10,0.11064465982222449
2010-12,NoTechnicalConfidence,0.006709033351099214,0.00699389658859358,2.021601472156845,0.0,0.0813895035043707,0.0002441685105131121,4.069472698125387e-05,0.12422507808624354,0.5223693860213281,0.3534055358924283,4.600845694707371e-19,0.010927406871520617,0.0014083333348495213,0.00013758151405327744,0.0002848661650427421,0.009800792524999838,False,True,0.13000000006997792,-0.03898663176483719,-6.997791235363593e-11,0.12101336823516282
2011-01,NoTechnicalConfidence,-0.029011721290367158,-0.028668119256941717,1.9629513336864348,-0.02901172129036711,0.09817200955012638,0.00029451602865037914,4.9086004775063216e-05,0.12638370341937744,0.42879109844770613,0.44482519813291643,4.7822209652556916e-17,0.011791362279465591,0.0014083333358712992,0.00022317885002393919,0.00034360353352877357,0.010520413227977228,False,True,0.1300000001171369,-0.0531180044097266,-1.1713688352621432e-10,0.1068819955902734
2011-02,NoTechnicalConfidence,0.023722915656856122,0.023792552048801603,2.0095182626139914,-0.005977048250742634,0.019896111984423617,5.9688335953270853e-05,9.9480559922118e-06,0.11141917557071027,0.4391053143244176,0.4494755101048722,0.0,0.010694244825427777,0.0014083333345381007,0.00023524558547218189,6.963890838833993e-05,0.009685193664298205,False,True,0.13000000005560464,-0.05594257022472091,-5.5604632009931265e-11,0.1040574297752791
2011-03,NoTechnicalConfidence,0.0035704491858594583,0.0036528427896601635,2.0166931454587114,-0.00242793981194378,0.02354110273690501,7.062330821071504e-05,1.1770295589990516e-05,0.10149173347246983,0.4077766478981989,0.49073161862933135,0.0,0.01255939529423158,0.001408333333336239,0.0002793249636767615,8.239602141460781e-05,0.011493507642472091,False,True,0.1300000000001341,-0.06491826420129974,-1.3408718579910328e-13,0.09508173579870026
2011-04,NoTechnicalConfidence,0.036518966941307116,0.036627894669651745,2.0903406957684787,0.0,0.031122208098466247,9.336662429539874e-05,1.5561104049233146e-05,0.07929747379820791,0.4099520546110399,0.5107504715907523,1.2354793740903786e-17,0.0119386878743858,0.0014083333381975406,0.00029898469591608113,0.00010892960386987266,0.010826606905501076,False,True,0.13000000022450187,-0.07420031899037917,-2.2450186154543417e-10,0.08579968100962083
2011-05,NoTechnicalConfidence,-0.0019351990624729065,-0.0016524273738009894,2.086295470413779,-0.0019351990624727478,0.08079191104911915,0.00024237573314735744,4.039595552455964e-05,0.08700644380331009,0.4700539786027506,0.44293957759393926,0.0,0.011769829187030373,0.0014083333334359261,0.00021306560690666438,0.00028277318880061533,0.01056982372460513,False,True,0.13000000000473505,-0.05582851218157953,-4.735045688875061e-12,0.10417148781842048
2011-06,NoTechnicalConfidence,-0.018908380959957206,-0.018813124451664474,2.046847000864162,-0.020806988541323346,0.027216201651892764,8.16486049556783e-05,1.3607903337053709e-05,0.08515596437908968,0.44767073753358,0.4671732980873303,2.935596442070525e-17,0.011991234482510157,0.0014083333333333693,0.00023653495490459333,9.525902865715855e-05,0.01095527383228172,False,True,0.13000000000000167,-0.060810451036886835,-1.6653345369377348e-15,0.09918954896311316
2011-07,NoTechnicalConfidence,0.0388173323555851,0.03897465450508542,2.126300141177739,0.0,0.04750975813600304,0.00014252927440800914,1.4792875092308797e-05,0.1030133610789906,0.40921882527493975,0.48776781364606964,0.0,0.011949843967828121,0.0014083333337609446,0.00026473619195168643,0.00015732364959174748,0.010823617459404215,False,True,0.1300000000197359,-0.061734195320524994,-1.973590735282471e-11,0.09826580467947502
2011-08,NoTechnicalConfidence,0.0375971317924916,0.037899552818944394,2.206242927815992,0.0,0.08640600755794159,0.00025921802267382476,4.3203003778970795e-05,0.18629547128381985,0.39544596107431673,0.4182585676418634,0.0,0.011808740445086775,0.0014083333333593606,0.00021446289925719354,0.00030242351598965895,0.010587687363160242,False,True,0.13000000000120127,-0.04764210065363735,-1.2012613126444194e-12,0.11235789934636264
2011-09,NoTechnicalConfidence,-0.014663949114504585,-0.014034034273025058,2.1738906937882625,-0.014663949114504748,0.1799756689941504,0.0005399270069824512,8.99878344970752e-05,0.18063939164790624,0.540726824126061,0.27863378422603285,0.0,0.011093403458956461,0.0014083333333431093,0.00010572927597181753,0.0006299163415191099,0.009653591174793981,False,True,0.1300000000004512,-0.032417543273026705,-4.511946372076636e-13,0.1275824567269733
2011-10,NoTechnicalConfidence,0.014123910721610029,0.014202091606134308,2.2045945318658666,-0.0007471507010142764,0.022337395578365515,6.701218673509654e-05,1.1168697789182771e-05,0.17623767211947294,0.560220015062543,0.26354231281798407,1.7835972770333802e-17,0.01090777635493587,0.0014083333334160531,9.700423919138565e-05,7.818238470584055e-05,0.010028423064330617,False,True,0.13000000000381784,-0.03085900879757226,-3.817834937080988e-12,0.12914099120242775
2011-11,NoTechnicalConfidence,0.022686336171057232,0.022811270661476667,2.25460870453665,0.0,0.03569556869126702,0.00010708670607380107,1.7847784345633517e-05,0.19559786346251848,0.5198639958279335,0.2845381407095481,1.3297225708739428e-18,0.01072402365443858,0.0014083333335851039,0.00011765305350128713,0.00012493658564911755,0.009777267348495624,False,True,0.13000000001162018,-0.03452742090762067,-1.1620177042814817e-11,0.12547257909237933
2011-12,NoTechnicalConfidence,-0.031445925443192614,-0.03132640023952754,2.1837104473102174,-0.03144592544319269,0.0384140836399308,0.0001152422509197924,4.282952745281046e-06,0.22407772354007083,0.4732841597822808,0.3026381166776485,1.6780146201581317e-17,0.012081236058426141,0.0014083333397380945,0.00014500159853610858,0.00011952670382646654,0.01111254108619452,False,True,0.13000000029560435,-0.039999412768705035,-2.9560434655628853e-10,0.12000058723129498
2012-01,NoTechnicalConfidence,0.03995249732479028,0.040042364510078546,2.2709551331144953,0.0,0.02808633883309148,8.425901649927445e-05,5.608168788989252e-06,0.23868534277799291,0.4623340366007112,0.2989806206212956,2.799779130434118e-16,0.011634891266083797,0.001408333333368605,0.00016653319014083254,8.986868544857995e-05,0.010674322723810083,False,True,0.13000000000162792,-0.04363605981582441,-1.627920021007867e-12,0.11636394018417559
2012-02,NoTechnicalConfidence,0.0023248361140605707,0.0024943457012287285,2.276234731621371,0.0,0.04843137850181169,0.00014529413550543507,2.421545166272253e-05,0.24624017160308065,0.39811263762365545,0.3556471907732639,3.2864546687790125e-18,0.012245412949788882,0.0014083333333413217,0.0002085694252085359,0.00016951203517250236,0.011163164822737184,False,True,0.13000000000036868,-0.04747727184324892,-3.6867731090239886e-13,0.11252272815675109
2012-03,NoTechnicalConfidence,-0.005870850470278363,-0.005824630905725894,2.2628712978767678,-0.005870850470278355,0.013205589872133577,3.9616769616400734e-05,6.602794936066775e-06,0.2563376830448159,0.3846827019766356,0.35897961497854847,3.829310483308821e-18,0.011163173533152587,0.0014083333333358762,0.0002165570796845153,4.622247448896256e-05,0.01019622731231117,False,True,0.13000000000011736,-0.04694278303935072,-1.1735057370287905e-13,0.11305721696064928
2012-04,NoTechnicalConfidence,0.0010008870877331979,0.0013496979737563795,2.2651361765400146,-0.004875839440974916,0.10061928629903405,0.00030185785889710214,4.695302712607954e-05,0.2639832339700409,0.2865655323629835,0.4494512336669755,5.952651091771684e-17,0.012464581898730152,0.0014083333334735677,0.00029887079468243955,0.00034881238615300404,0.011112732051157925,False,True,0.13000000000647235,-0.054555979114214975,-6.472350433384122e-12,0.10544402088578503
2012-05,NoTechnicalConfidence,-0.03138156994154203,-0.030956276263324856,2.194052647188807,-0.03610439788607622,0.14030547070158064,0.00042091641210474195,4.377266112429027e-06,0.3943037700274489,0.14797461609974996,0.45772161387280125,0.0,0.014222590627409059,0.0014083333358665326,0.00044395296668981506,0.000425295178342444,0.012649175814443532,False,True,0.1300000001169169,-0.07467016697432795,-1.1691689283388484e-10,0.08532983302567206
2012-06,NoTechnicalConfidence,-0.015401573968540281,-0.014929900223949586,2.1602607830522573,-0.05094990729998439,0.13476392702591264,0.0004042917810777379,6.738196351295636e-05,0.378012428619529,0.28381735511266865,0.3381702162678023,0.0,0.013712278466919275,0.0014083333492884089,0.0003287372678421749,0.0004716752447555686,0.012207699279677329,False,True,0.1300000007363881,-0.07226669398405346,-7.363880893951347e-10,0.08773330601594655
2012-07,NoTechnicalConfidence,0.013138559665034823,0.013193878149731005,2.1886434982424245,-0.038480756031938346,0.01658352162995269,4.975056488985807e-05,5.5679198063221806e-06,0.38283989975197086,0.30526843338100074,0.3118916668670284,0.0,0.01332777431474614,0.001408333333369794,0.00031526523334439715,5.531998496887925e-05,0.012253022429747965,False,True,0.1300000000016828,-0.07476928931989227,-1.6827927939999654e-12,0.08523071068010774
2012-08,NoTechnicalConfidence,0.02389634325358265,0.023956958913841933,2.2409440745361473,-0.015503962133152305,0.020205146169614857,6.0615438508844573e-05,2.217504403172385e-10,0.35948680887994083,0.32759465692461287,0.3129185341954463,3.0902889379788435e-18,0.013336158452995834,0.0014083333333667464,0.00028307970397812595,6.061846120107452e-05,0.012288293621133262,False,True,0.13000000000154213,-0.06877521661438132,-1.542127536779958e-12,0.09122478338561868
2012-09,NoTechnicalConfidence,0.030920077920638975,0.03144239580057284,2.310234239936599,0.0,0.16605890002345605,0.0004981767000703681,2.4141179863497205e-05,0.47224053987999365,0.1559790413327202,0.3717804187872862,1.1651771987540355e-17,0.015859860596908016,0.0014083333333722013,0.0004785625828314013,0.0005223193799654613,0.014154811967425053,False,True,0.1300000000017939,-0.09705021004632618,-1.793898363189328e-12,0.06294978995367383
2012-10,NoTechnicalConfidence,-0.03780136904105527,-0.037631484589873615,2.222904222861474,-0.03780136904105513,0.0510347059506412,0.0001531041178519236,1.678033332973005e-05,0.4281434118281684,0.16903847646787945,0.4028181117039522,0.0,0.014730496284058564,0.001408333335816173,0.00043050710120455857,0.00016988595126906712,0.013425936563676853,False,True,0.1300000001145926,-0.08477532381283678,-1.1459258542068085e-10,0.07522467618716322
2012-11,NoTechnicalConfidence,-0.005416345759495307,-0.0053607575068051316,2.210864205000214,-0.04301296951564182,0.015882390515061157,4.7647171545183474e-05,7.941081144993034e-06,0.4229627173528214,0.16051877428090722,0.4165185083662713,0.0,0.014978663355024981,0.0014083333333417157,0.0004477999626656193,5.55909490319036e-05,0.0137711057766566,False,True,0.1300000000003869,-0.08324644622356822,-3.8688496850625143e-13,0.07675355377643178
2012-12,NoTechnicalConfidence,0.01729590556700322,0.01729880033674584,2.2491031035113656,-0.026461012207537493,0.0009648044183684368,2.8944132551053104e-06,3.5648751423034144e-10,0.43397903421250045,0.1623480057543676,0.4036729600331319,0.0,0.014278257464993175,0.0014083333333629092,0.00044684198419936547,2.89730163236038e-06,0.013124351512479995,False,True,0.13000000000136502,-0.08624752934907177,-1.36501920877663e-12,0.07375247065092823
2013-01,NoTechnicalConfidence,-0.007602072548627435,-0.007357295760779499,2.2320052585491292,-0.03386192622165296,0.08159202946671257,0.00024477608840013773,6.994477982913416e-10,0.5290566440491491,0.077876397337831,0.3930669586130198,0.0,0.015167074828970131,0.0014083333364405149,0.0005877410823869663,0.0002447789292080936,0.013630388149154814,False,True,0.13000000014340837,-0.10796012955509457,-1.4340836851367555e-10,0.052039870444905434
2013-02,NoTechnicalConfidence,-0.004640266944000106,-0.004586283163977571,2.2216481583290495,-0.03834506478874655,0.017646422509728654,5.293926752918596e-05,1.0445124933493865e-06,0.5335232351087319,0.061221998241833116,0.4052547666494351,0.0,0.014793475760946506,0.001408333333333779,0.0005992017265980408,5.398528059193765e-05,0.013436122087089638,False,True,0.13000000000002057,-0.10848063140920826,-2.0566881531181025e-14,0.051519368590791745
2013-03,NoTechnicalConfidence,-0.0012364260339304486,-0.0009327018412389586,2.2189012547078577,-0.03953407998629943,0.09842584455799677,0.00029527753367399035,8.446659017499702e-06,0.4746125195434675,0.16038197076129193,0.3650055096952405,9.027804206778421e-17,0.0127862814904816,0.0014083333334939914,0.0004612129499064078,0.00030372569276750365,0.011317176181060692,False,True,0.130000000007415,-0.09358637878391703,-7.414985292442111e-12,0.06641362121608298
2013-04,NoTechnicalConfidence,-0.046819760180820534,-0.04671646410185575,2.115012830097514,-0.08450286402319207,0.03443197673404315,0.00010329593020212945,1.4876265305851637e-10,0.5019300080143121,0.12704535377400766,0.37102463821168025,1.5402463159405189e-16,0.013790919776675369,0.0014083333341550245,0.000504241930635693,0.00010329907060222543,0.012479212108359939,False,True,0.13000000003792422,-0.10117736568035793,-3.7924219320473185e-11,0.058822634319642075
2013-05,NoTechnicalConfidence,-0.0008165086863509516,-0.0002948146311322203,2.1132859037499956,-0.0852503753870466,0.15357494725861648,0.00046072484177584947,6.0969213442881884e-05,0.4770618433540305,0.28739613082738374,0.23554202581858574,0.0,0.01225023972717622,0.001408333351553537,0.00039499262139364324,0.0005216955552555223,0.010629384874750285,False,True,0.13000000084093247,-0.11001136815679133,-8.409324625535675e-10,0.049988631843208675
2013-06,NoTechnicalConfidence,-0.06448088624227406,-0.06446691344641291,1.9770193557928908,-0.1442342418718774,0.004657518645108258,1.3972555935324774e-05,2.399258313549756e-10,0.4921525254762541,0.28059472084675435,0.22725275367699152,3.0000729445593894e-19,0.011046321912878826,0.0014083333368795701,0.0004113372657819938,1.3975554819482831e-05,0.009916842423837564,False,True,0.13000000016367247,-0.11661382223061126,-1.6367246447046568e-10,0.043386177769388745
2013-07,NoTechnicalConfidence,0.02654333147997359,0.026993960046505016,2.0294960358960257,-0.12151936768467153,0.1433770652680817,0.0004301311958042451,2.0497370727182023e-05,0.3815785842223025,0.4404226512123862,0.1779987645653113,2.5364405741433086e-18,0.009230642139405314,0.0014083333370726702,0.0002600809841717323,0.0004506300665683769,0.00781576442012887,False,True,0.13000000017258478,-0.08707428270143658,-1.7258477980064413e-10,0.07292571729856342
2013-08,NoTechnicalConfidence,0.013047142705131883,0.013286416397096996,2.0559751602958607,-0.1100577055111589,0.0797578420463425,0.0002392735261390275,1.6582608565326997e-10,0.464254169527286,0.35091059452384227,0.18483523594887177,0.0,0.009084544374920553,0.001408333333682068,0.00038115248532071287,0.00023927663580383842,0.007759948586954966,False,True,0.13000000001609546,-0.11565641861496452,-1.6095458299503207e-11,0.04434358138503548
2013-09,NoTechnicalConfidence,0.003478394061267668,0.0036575745040846215,2.0631266520835476,-0.10696213551913802,0.059726228292474814,0.00017917868487742444,1.7579395286959622e-09,0.523253637232793,0.2877459699527907,0.18900039281441636,0.0,0.009610229249532719,0.0014083333333401308,0.00048161413184439993,0.00017918222173523692,0.008245266229283016,False,True,0.13000000000031373,-0.13636920846003087,-3.137212711834536e-13,0.023630791539969137
2013-10,NoTechnicalConfidence,0.012225730790948061,0.012483327975304194,2.0883498831195513,-0.09604409500187172,0.08586539035427312,0.00025759617106281936,1.013293312979169e-09,0.45586920964630745,0.3738655437781512,0.1702652465755414,0.0,0.008480636546654192,0.001408333333376714,0.00035359112453141176,0.000257599150958464,0.007165279604475959,False,True,0.13000000000200218,-0.11430809801330656,-2.0021762026090073e-12,0.04569190198669344
2013-11,NoTechnicalConfidence,-0.006779721393968442,-0.006779707388745772,2.0741914527388743,-0.10217266419019155,4.577213993203767e-06,1.37316419796113e-08,2.7358069042138346e-10,0.46166443251931927,0.3700386965781427,0.1682968709025381,2.4037303123246083e-21,0.007884398953873181,0.0011870708640250225,0.0003580930667614461,1.7035979118084073e-08,0.006932753419120106,False,True,0.1193517924804662,-0.11200208477335165,0.010648207519533798,0.047997915226648355
2013-12,NoTechnicalConfidence,-0.005235656003439654,-0.005235649939737219,2.0633316998070588,-0.10687337927097651,2.0071262644832943e-06,6.021378793449883e-09,4.23236422714135e-11,0.47004030968481714,0.37115068202562823,0.1588090082895547,2.345306235899436e-21,0.007312206640911448,0.0012345949166949334,0.00036467771906903245,1.0121331231826063e-08,0.006330221342163717,False,True,0.12171745561068552,-0.11621089865243746,0.008282544389314486,0.043789101347562545
2014-01,NoTechnicalConfidence,-0.014446677365710462,-0.014446653366411804,2.0335234124415034,-0.11977609140737588,7.831255989007581e-06,2.3493767967022745e-08,5.055306908779961e-10,0.4676220155181468,0.3754877205933451,0.15689026388850819,5.8479816734978655e-21,0.007618891439307162,0.0012511749934387953,0.00035659768594868875,2.6526054801024155e-08,0.006636679730584275,False,True,0.1225320363058802,-0.11559241445774109,0.007467963694119811,0.04440758554225892
2014-02,NoTechnicalConfidence,0.02032006676673999,0.02032007766629434,2.074844743954044,-0.10188988281509281,3.4508234419278224e-06,1.0352470325783468e-08,5.470840290927562e-10,0.4507729631816272,0.3820494435842739,0.167177593234099,0.0,0.007540593414148926,0.0011630612994955204,0.00033241171559105837,1.3693853216635212e-08,0.0066266373549568915,False,True,0.11813862871197653,-0.1082336241598679,0.011861371288023476,0.051766375840132106
2014-03,NoTechnicalConfidence,-0.006045896624316813,-0.006045885936022584,2.062300447120591,-0.10731976374084573,3.0671011063687637e-06,9.20130331910629e-09,1.486990909849162e-09,0.4485830654626677,0.3767157528241506,0.17470118171318177,2.7755575615628914e-17,0.007072386387591778,0.00108885836425883,0.0003283535497587558,1.412070795094311e-08,0.006199589534995656,False,True,0.11430791910933363,-0.10653286720464236,0.01569208089066637,0.05346713279535764
2014-04,NoTechnicalConfidence,-0.007199255198334338,-0.0071992496205845035,2.0474534199061307,-0.11374639657218477,1.5936428099102615e-06,4.780928429730785e-09,7.968214049139891e-10,0.45376281771764176,0.3797282544207756,0.16650892786158267,0.0,0.006584531973957288,0.001026411992199032,0.00033000611224862504,9.346778234965554e-09,0.005741310518830912,False,True,0.11098172780412272,-0.10939487607848339,0.01901827219587729,0.050605123921516615
2014-05,NoTechnicalConfidence,0.005886816680669979,0.005886823454634027,2.059506402851329,-0.10852918407622203,1.9354182993341906e-06,5.806254898002572e-09,9.677091496601565e-10,0.45403415245199535,0.3837102056862295,0.16225564186177516,1.929535283948402e-22,0.00629425650840087,0.001010699335021015,0.00032610153959994554,1.005099992466597e-08,0.005462795250290493,False,True,0.11012897902120122,-0.11003992748591777,0.01987102097879878,0.04996007251408223
2014-06,NoTechnicalConfidence,0.010197502882650955,0.010197505674756024,2.0805082253312435,-0.09943840786104008,7.97744305780491e-07,2.393232917341473e-09,3.9887215291799593e-10,0.46013531549263964,0.38465702929722084,0.15520765521013952,2.7735362015115932e-17,0.006357026987256314,0.0010280295205011955,0.00032954388830350704,7.322994080757341e-09,0.005513461015708128,False,True,0.11106914173619217,-0.11313224500521431,0.01893085826380783,0.046867754994785696
2014-07,NoTechnicalConfidence,0.016536402033946497,0.01653640396968931,2.1149123457802532,-0.08454635931709942,5.530693749366911e-07,1.6592081248100733e-09,2.76534687482214e-10,0.4536511989419866,0.3838604047086421,0.16248839634937126,5.601349574943426e-17,0.006258979671942347,0.0010033535958299175,0.00031903638161885384,6.90950826983171e-09,0.0054382595829002645,False,True,0.10972804176671982,-0.10987246477438832,0.02027195823328018,0.05012753522561168
2014-08,NoTechnicalConfidence,-0.010221664875610364,-0.010221656468874492,2.0932944205403965,-0.09390381964131744,2.401924534656115e-06,7.205773603968346e-09,1.2009622673834947e-09,0.46158705365667313,0.37958334103956626,0.1588296053037606,1.0730093978623968e-16,0.0057570929763315366,0.000948291457273041,0.00032615985767408943,1.1771688344323783e-08,0.004956775618332582,False,True,0.10667472750036201,-0.11318719800974479,0.023325272499637992,0.04681280199025521
2014-09,NoTechnicalConfidence,-0.011952799732006789,-0.011952799014794362,2.06827369155155,-0.10473420582308113,2.2192060018803107e-07,6.657618005640932e-10,5.145062724473047e-11,0.46060710305244573,0.3853687409416884,0.15402415600586591,1.0370788760092284e-16,0.005540162099765317,0.0008683965440484407,0.0003210805433097056,6.5576402885475324e-09,0.0047848767267911025,False,True,0.10208211659532383,-0.10914467498018592,0.027917883404676172,0.05085532501981409
2014-10,NoTechnicalConfidence,-0.013050543367944414,-0.013050542601472804,2.0412815960431776,-0.11641791089582432,2.452345288367921e-07,7.357035865103763e-10,3.076802286566951e-11,0.44978782335886985,0.39497401626932116,0.15523816037180907,5.159773100954871e-17,0.00576590166574569,0.0010492216952059836,0.00030429243988456986,6.573328456073053e-09,0.0049369918049296715,False,True,0.11220811174987219,-0.1053320270313494,0.017791888250127813,0.0546679729686506
2014-11,NoTechnicalConfidence,0.013287927281019124,0.013287936197009725,2.068405997451482,-0.104676936348997,2.5474258861513504e-06,7.642277658454052e-09,1.273712943089573e-09,0.4458268692770134,0.40296538211519767,0.1512077486077889,4.5902838230424276e-17,0.00618301831539653,0.0008566674777093804,0.00029623491334171686,1.2449770268958779e-08,0.0054584372134298545,False,True,0.10139038284034914,-0.10447542324257432,0.028609617159650866,0.055524576757425684
2014-12,NoTechnicalConfidence,-0.011289351900858138,-0.011289345880381574,2.0450550342724068,-0.11478455347950767,1.7201361607183366e-06,5.16040848215501e-09,8.600680803522424e-10,0.4441236008077415,0.3994197206188222,0.15645667857343634,3.8861827460974233e-17,0.0061774213325637315,0.0008636493005657066,0.00029268894597994345,9.914127535013844e-09,0.005452897822173399,False,True,0.10180270923108323,-0.10326079888727012,0.028197290768916777,0.056739201112729884
2015-01,NoTechnicalConfidence,0.03068231621133247,0.03068232152913333,2.10780205950353,-0.08762409323421005,1.5895018817130486e-06,4.768505645139146e-09,5.492952151881143e-10,0.4385904421678479,0.404256241678396,0.1571533161537561,3.111904145189207e-17,0.006581285210681253,0.001049867155636233,0.00028390496611073815,8.958980173730097e-09,0.0057724377077722246,False,True,0.11224262054867926,-0.10129241946376824,0.01775737945132075,0.05870758053623176
2015-02,NoTechnicalConfidence,-0.0040126700228478515,-0.0040126442770768884,2.0993441453652633,-0.0912851566848577,8.405093601927787e-06,2.521528080578336e-08,5.30490156781775e-10,0.43626523532435846,0.39777182623369006,0.16596293844195148,1.4137195795888198e-17,0.007245083570022122,0.000848226158052761,0.0002811041590987445,2.823032383458987e-08,0.006539838101573162,False,True,0.10088961243177184,-0.09944292808378047,0.02911038756822816,0.060557071916219535
2015-03,NoTechnicalConfidence,0.010540764781498641,0.010540775120732284,2.1214728381969747,-0.08170660726801648,3.2317390294967263e-06,9.695217088490179e-09,6.440165536969786e-10,0.4421065127682557,0.39856487134623253,0.1593286158855118,1.3921945294512484e-17,0.006739295421291236,0.0007182640977517988,0.0002840370841590185,1.3114476714704373e-08,0.006096113173779603,False,True,0.09283948068048198,-0.10223083591088544,0.037160519319518026,0.05776916408911456
2015-04,NoTechnicalConfidence,0.009047517364427268,0.00904752855865783,2.1406669005387227,-0.07339833185163502,3.518014455639074e-06,1.0554043366917223e-08,6.401871946449038e-10,0.444715644883117,0.3991031949193903,0.15618116019749279,1.2945556094824051e-17,0.007065708473389854,0.0008935901381219236,0.0002838376852842669,1.391167741587373e-08,0.006335061807367209,False,True,0.10355231362679967,-0.1034951712941754,0.02644768637320033,0.0565048287058246
2015-05,NoTechnicalConfidence,-0.0021550917507137603,-0.0021550817753689788,2.1360535669603458,-0.07539524346285909,2.933121765060442e-06,8.799365295181326e-09,1.1759794866857961e-09,0.4600324049104345,0.39247624189379987,0.1474913531957656,0.0,0.006393838561557285,0.0008342310102457305,0.0002991517548288241,1.29947150746337e-08,0.005677558306890521,False,True,0.10005384611772186,-0.10979242816078658,0.029946153882278143,0.05020757183921343
2015-06,NoTechnicalConfidence,-0.01832850736424201,-0.018328505144504494,2.096902893427898,-0.09234186855206317,7.334541261283532e-07,2.2003623783850596e-09,1.9375135273947835e-11,0.4485058366126861,0.395151000921434,0.15634316246587993,2.775753970231327e-17,0.006689472434515832,0.0010336096652367973,0.00028367140564445714,7.18815492698382e-09,0.005888989008098049,False,True,0.1113701754638178,-0.10476492583916398,0.0186298245361822,0.05523507416083602
2015-07,NoTechnicalConfidence,-0.016455455694207057,-0.016455451959147348,2.0623974007700405,-0.10727779671959148,1.1160905304535575e-06,3.3482715913606727e-09,3.867881173264241e-10,0.442102966482871,0.40179342010432323,0.15610361341280585,5.498953932073081e-17,0.006056742825850782,0.0007351214046011456,0.0002757774257124642,7.861948428494074e-09,0.005413396835889317,False,True,0.09392261099018567,-0.09871747263554713,0.03607738900981433,0.061282527364452874
2015-08,NoTechnicalConfidence,-0.009725076741097755,-0.009725075425719779,2.042340427776911,-0.11595958865497547,3.7582227883418456e-07,1.1274668365025536e-09,1.8791113943542924e-10,0.4355471324955463,0.41016003687241553,0.15429283063203827,0.0,0.0055180906159891675,0.0010680169005465219,0.0002668335586745326,6.700895237593072e-09,0.004717241906146136,False,True,0.11320866930830988,-0.09679423532774255,0.01679133069169013,0.06320576467225746
2015-09,NoTechnicalConfidence,0.0090627628634029,0.009062764656659218,2.0608496747601937,-0.10794774004529051,5.410284034529367e-07,1.62308521035881e-09,1.701711083296198e-10,0.4176937733604666,0.4167032600465939,0.1656029665929396,0.0,0.0061638805830168085,0.0011509286141135292,0.0002470817655723754,6.8480300387740416e-09,0.0053413276623576296,False,True,0.1175208210036092,-0.09026747865281781,0.01247917899639081,0.06973252134718219
2015-10,NoTechnicalConfidence,0.021439902910346937,0.021439904174657305,2.1050340916998724,-0.08882222620090585,4.193754899600726e-07,1.258126469880218e-09,6.183897352519059e-12,0.4229843243343293,0.41647515241899263,0.16054052324667817,9.908425003491696e-22,0.0065662903367231075,0.0012634676897467936,0.00024953804196469376,6.746202803130568e-09,0.005685011703682214,False,True,0.12313249886590268,-0.09224474654826768,0.0068675011340973285,0.06775525345173232
2015-11,NoTechnicalConfidence,-0.016508259929918532,-0.016508257080940798,2.070283641752751,-0.10386418573314593,8.461332940551403e-07,2.538399882165421e-09,3.105778527273672e-10,0.4381204581292791,0.4082944763770166,0.15358506549370432,9.70486982937423e-22,0.0062400657322897925,0.000982199861874423,0.0002636822265740736,7.356831270449613e-09,0.005485276217947238,False,True,0.1085651801568674,-0.09767311363563497,0.0214348198431326,0.062326886364365036
2015-12,NoTechnicalConfidence,0.0017181033412612004,0.0017181051947326204,2.0738406029950047,-0.1023245317964302,5.295632628382618e-07,1.5886897885147855e-09,2.64781631412192e-10,0.4377222122595753,0.41276565424929257,0.1495121334911322,8.817502008324994e-22,0.0058093055800661,0.0010115737152661943,0.00026207455118889113,6.953740772488501e-09,0.005041437217503339,False,True,0.11017660633362389,-0.0979420951415953,0.019823393666376116,0.062057904858404705
2016-01,NoTechnicalConfidence,0.0034674452934413324,0.003467449557832644,2.081031531833207,-0.09921189121917007,1.2183975175578147e-06,3.655192552673444e-09,6.091987587858424e-10,0.43172407761458625,0.41574881583682805,0.15252710654858576,6.05351782244638e-21,0.005988799239362585,0.0010742295797869317,0.0002534074010810659,8.420290285001136e-09,0.005198268628097768,False,True,0.11353746059095729,-0.0957337981251497,0.016462539409042715,0.0642662018748503
2016-02,NoTechnicalConfidence,0.03429893848102434,0.03429893976819529,2.152408704320626,-0.06831581529165809,3.85261018878702e-07,1.1557830566361062e-09,1.313878903591581e-10,0.41923958972938863,0.4179409906004053,0.16281941967020616,5.1420602703133455e-21,0.006058594570338312,0.0010828808232829,0.000239823182843374,6.6865782761159135e-09,0.005277324289275211,False,True,0.11399372736863551,-0.09084682878256849,0.01600627263136449,0.06915317121743152
2016-03,NoTechnicalConfidence,-0.004601364792552083,-0.004601361836932483,2.1425046866893824,-0.07260283409695267,9.398519296849337e-07,2.819555789054801e-09,1.360638104824765e-10,0.4150231732848751,0.4068252803465021,0.17815154636862282,8.800011025878878e-22,0.006594346903197377,0.0010165036673587806,0.0002384010305678225,7.4348996247448445e-09,0.005847686604050539,False,True,0.11044475545857924,-0.08909340977635516,0.01955524454142077,0.07090659022364484
2016-04,NoTechnicalConfidence,0.010475736177697492,0.010475738590486564,2.164949000546621,-0.06288766605500795,7.472089607607488e-07,2.2416268822822463e-09,1.7116219000468033e-10,0.4292561240709691,0.4092809523497357,0.16146292357929526,2.448529463218653e-21,0.006190477427784986,0.0008474128442140104,0.00024693255474858604,7.104716311140027e-09,0.0055198313462130845,False,True,0.10084123229397847,-0.09416446460092069,0.029158767706021535,0.06583553539907931
2016-05,NoTechnicalConfidence,-0.006338174853102302,-0.0063381648530976,2.1512271752331076,-0.06882724788455008,3.274425245655692e-06,9.823275736967075e-09,1.767289648651984e-10,0.42351281247851363,0.4057705731849616,0.17071661433652482,1.1388696665084466e-20,0.006805053284710447,0.0007223290257958445,0.0002414082497178266,1.3387939905109347e-08,0.006202467134154794,False,True,0.09310181689714833,-0.08882450810815506,0.03689818310285167,0.07117549189184494
2016-06,NoTechnicalConfidence,0.020938365275677835,0.020938442915463894,2.1962703556191028,-0.04933001266599868,2.579405792801915e-05,7.738217378405745e-08,2.5761227381847993e-10,0.42318260772513955,0.4095509369054414,0.16726645536941911,0.0,0.00708503609691035,0.0007115410286242542,0.00023820732012784968,8.04179100719983e-08,0.006490977844560301,False,True,0.09240396281270111,-0.08890809935701519,0.0375960371872989,0.07109190064298482
2016-07,NoTechnicalConfidence,0.012504298702073254,0.01283333834078973,2.2237331761762724,-0.03744255117727824,0.10967986850898853,0.0003290396055269656,3.318951097286416e-11,0.5275199706514957,0.29766977035088454,0.1748102589976198,0.0,0.008904708454536284,0.001408333333333334,0.0003726507030863343,0.00032904301037344044,0.007498848074409843,False,True,0.13000000000000003,-0.11987110051245915,-2.7755575615628914e-17,0.04012889948754085
2016-08,NoTechnicalConfidence,0.000456698363824269,0.0006696477793710345,2.224748751479414,-0.037002952765313846,0.07098308491323307,0.00021294925473969923,1.6080706628784914e-10,0.6086680356351475,0.22374187563603534,0.16759008872881717,0.0,0.009818792295006266,0.001408333333543445,0.0004957241395900613,0.00021295237323053874,0.008405949115413943,False,True,0.13000000000969747,-0.15146239646731527,-9.697465053193355e-12,0.008537603532684734
2016-09,NoTechnicalConfidence,0.008922572284245806,0.008960146467670068,2.244599233028775,-0.028410542001847117,0.012524597985135402,3.757379395540621e-05,3.894688572350444e-10,0.6269396226553569,0.21000495886957565,0.1630554184750675,1.6248686455875303e-18,0.009669322689931587,0.0013296000941926877,0.0005223069978249423,3.757666081669528e-05,0.008444638984193604,False,True,0.12631389919685107,-0.16000000016584956,0.003686100803148934,-1.6584955631060438e-10
2016-10,NoTechnicalConfidence,-0.006001662624604519,-0.005675574551108261,2.23112790570469,-0.0342416941383743,0.10006224308810181,0.00030018672926430544,2.5901344231952664e-05,0.5300974876704018,0.25744132633264405,0.21246118599695424,3.547797499574637e-17,0.009358190969010942,0.0014083333340418822,0.00038094178411990067,0.0003260895735385984,0.007946992944331502,False,True,0.13000000003270226,-0.12021125160830562,-3.2702257568573145e-11,0.039788748391694384
2016-11,NoTechnicalConfidence,-0.019926107316412058,-0.019771998295284757,2.186670211618977,-0.053485497782689406,0.051369370574966905,0.00015410811172490073,9.094024008285468e-10,0.5783985767145969,0.20439933795938542,0.21720208532601765,8.51792667979586e-18,0.009357582293874553,0.0014083333334507261,0.00045146652846945453,0.00015411103471584596,0.008047838063963888,False,True,0.13000000000541811,-0.13499223393729795,-5.418110404775689e-12,0.025007766062702053
2016-12,NoTechnicalConfidence,0.020283593651847384,0.020536136504717906,2.2310237416420553,-0.03428678223413284,0.08418078578638147,0.0002525423573591444,4.955113774666188e-10,0.5039192426124821,0.28948786501232426,0.20659289237519368,1.9412044815613346e-19,0.007911430042745145,0.0014083333469354152,0.0003407214346600428,0.0002525451866028354,0.006613996748014559,False,True,0.13000000062778838,-0.11208213171477739,-6.27788376839078e-10,0.04791786828522261
2017-01,NoTechnicalConfidence,0.018568207104613363,0.01859371058225866,2.2724498525321746,-0.016355219202993543,0.007286723500555911,2.1860170501667734e-05,3.643307143630856e-06,0.5036731331405816,0.28511509540777585,0.21121177145164263,5.225737819315503e-20,0.008264781618356854,0.0014083333382586345,0.00033970059264856316,2.5506322984662876e-05,0.007195408033594311,False,True,0.1300000002273216,-0.11206683887030683,-2.2732160598337714e-10,0.047933161129693175
2017-02,NoTechnicalConfidence,0.010111177456450602,0.0103804420798122,2.2954269962520124,-0.0064094122702436085,0.0778162035732835,0.0002334486107198505,3.581601264174821e-05,0.5189804202689604,0.20217626724773655,0.27884331248330313,2.3207379265787744e-18,0.009197662531205688,0.001408333338692854,0.00039204183755319833,0.00026926612350647425,0.007832187900799589,False,True,0.1300000002473625,-0.1256082496142274,-2.473624916010664e-10,0.03439175038577261
2017-03,NoTechnicalConfidence,0.012939433492725822,0.013143015059385366,2.3251285212074224,0.0,0.05816616190272671,0.00017449848570818012,2.9083080951363332e-05,0.4603760746595281,0.20056697172201043,0.3390569536184615,0.0,0.009118204639912674,0.0014083333448249246,0.0003597846431985218,0.0002035838401342448,0.007850669484167445,False,True,0.13000000053038113,-0.13122431609564636,-5.303811279055992e-10,0.028775683904353644
2017-04,NoTechnicalConfidence,0.02289142679221182,0.023114171961387764,2.3783540305331257,0.0,0.06382963196067513,0.0001914888958820254,3.1256273293917506e-05,0.4080543314111102,0.19916658506162757,0.3927790835272622,5.925842498991085e-18,0.009218708970308319,0.0014083333391404973,0.00034875396252328,0.00022274666977312882,0.007943041668441661,False,True,0.13000000026802294,-0.14480717707563423,-2.680229371776477e-10,0.015192822924365773
2017-05,NoTechnicalConfidence,0.019023948940965197,0.019185984811571785,2.4235997161735265,0.0,0.04933701332831841,0.00014801103998495524,1.4024830621630982e-05,0.430282318882697,0.14570539261139168,0.4240122885059114,2.1641691802347376e-19,0.010175253928273877,0.0014083333372857105,0.00039673887597130016,0.00016203737069267105,0.00891231101296705,False,True,0.1300000001824174,-0.1599999999440282,-1.8241738675150998e-10,5.597181051975042e-11
2017-06,NoTechnicalConfidence,0.008316819639358236,0.008407718179535752,2.4437563578909414,0.0,0.03029893957344447,9.089681872033341e-05,1.7214571831624199e-09,0.41667471148827817,0.1735164891064512,0.40980879940527065,0.0,0.009363359586631634,0.0014083333333349186,0.00036716512580958646,9.090032479837538e-05,0.008201127469356213,False,True,0.13000000000007317,-0.15267934131143437,-7.316369732279782e-14,0.007320658688565629
2017-07,NoTechnicalConfidence,0.005441018628594685,0.005542107875725412,2.457052881757973,0.0,0.03367076378058252,0.00010101229134174756,7.695578897953842e-08,0.45800745886003397,0.13863943000172083,0.40335311113824523,7.55023993358802e-19,0.009345735183021042,0.0014083333335721657,0.0003996600508909742,0.00010109075367254687,0.008140817711671439,False,True,0.13000000001102302,-0.15537488049504292,-1.102301583344456e-11,0.004625119504957087
2017-08,NoTechnicalConfidence,0.013093954495208832,0.013186299782365716,2.4892254203840336,0.0,0.030730002991112247,9.219000897333675e-05,1.5527818354721423e-07,0.48763269516663765,0.1075680811007881,0.40479922373257426,5.566446419471086e-17,0.00957918708657896,0.0013809972391997775,0.00043031223963729473,9.23467904259643e-05,0.008366029436915813,False,True,0.1287321516576078,-0.16000000001885556,0.0012678483423922138,-1.8855556005448193e-11
2017-09,NoTechnicalConfidence,0.0077692234696475175,0.007964232096363811,2.5085647689413246,0.0,0.06500287253867097,0.00019500861761601293,9.10028005477956e-12,0.40892506825753006,0.17126966401292928,0.4198052677295407,1.603077776999152e-18,0.009782828826685486,0.0014083333341517522,0.000361267110157376,0.00019501209066948163,0.008522382958782751,False,True,0.13000000003777318,-0.15569768969345504,-3.777317347797293e-11,0.00430231030654496
2017-10,NoTechnicalConfidence,0.010067486430331339,0.010201818175016709,2.533819710712249,0.0,0.043723573587996015,0.00013117072076398805,3.1610239213818185e-06,0.4597615500449644,0.12589700405129972,0.414341445903736,4.1165962536778444e-18,0.010306227545909314,0.0014083333333333365,0.0004026660638634386,0.00013433324488075233,0.009065061570498453,False,True,0.13000000000000014,-0.15999999999999967,-1.3877787807814457e-16,3.3306690738754696e-16
2017-11,NoTechnicalConfidence,-0.02389359516943069,-0.023797142879428766,2.4732776483121666,-0.02389359516943068,0.032150528881684556,9.645158664505368e-05,7.033568708275807e-10,0.4443297639182264,0.15578936414081299,0.39988087194096067,1.0161492163810527e-18,0.009400297414356901,0.0014083333525332742,0.00037135226938508724,9.645442848642013e-05,0.008228324040218756,False,True,0.1300000008861511,-0.1522595883338787,-8.861510969460085e-10,0.0077404116661213
2017-12,NoTechnicalConfidence,0.007927738455352763,0.007943809252879136,2.492885146635455,-0.016155278887339253,0.005356795799008205,1.6070387397024616e-05,4.1012934912045654e-10,0.4465236771193847,0.155156105060584,0.39832021782003135,0.0,0.009752290416069724,0.0014083333333443277,0.0003735609224095286,1.6073244043223974e-05,0.008658489582944807,False,True,0.13000000000050743,-0.15192189448242635,-5.074274334049278e-13,0.008078105517573653
2018-01,NoTechnicalConfidence,0.022482667295184278,0.022605359379660017,2.5489318539923667,0.0,0.04089733485285036,0.00012269200455855108,7.991718785406838e-11,0.4877034397097008,0.1132065125971141,0.3990900476931851,2.6609690751107446e-17,0.010394850824449523,0.0014083333339020634,0.0004147901478774801,0.0001226952902295812,0.009153198719391431,False,True,0.1300000000262491,-0.15664526758945813,-2.6249086237939423e-11,0.0033547324105418774
2018-02,NoTechnicalConfidence,-0.04116205090860019,-0.04109234517246076,2.44401259125578,-0.041162050908600145,0.02323520055619436,6.970560166858308e-05,1.3447083842313264e-10,0.4672370505148791,0.1331851505752421,0.3995777989098788,1.4846724837312313e-18,0.008739079160338701,0.0014083333334136922,0.00039038054530847054,6.970876938762141e-05,0.0075748231789357625,False,True,0.13000000000370887,-0.1541517392783291,-3.708866547214029e-12,0.0058482607216709115
2018-03,NoTechnicalConfidence,0.011846915798898657,0.012000786236699649,2.472966602635836,-0.029802778460925605,0.04997658838992023,0.0001499297651697607,3.940672631231788e-06,0.40578911576834825,0.1891051785615386,0.4051057056701132,1.7091430809697272e-17,0.008055904775228629,0.0014083333334175944,0.0003431303434986059,0.00015387193796069813,0.006854735827060527,False,True,0.13000000000388898,-0.14880812805337917,-3.888972477383845e-12,0.01119187194662083
2018-04,NoTechnicalConfidence,0.00196494480564997,0.0020229465517983456,2.477825845516231,-0.027896394470006358,0.019333692593231415,5.800107777969425e-05,6.683686812954507e-10,0.3934381837344502,0.20736597177288274,0.3991958444926671,4.910678001201778e-18,0.008314216613184131,0.0014083333333403262,0.0003246230197835999,5.800391153351674e-05,0.007227423015196852,False,True,0.13000000000032275,-0.14499365794757454,-3.22741833258533e-13,0.015006342052425459
2018-05,NoTechnicalConfidence,-0.014215599520804558,-0.014116959880537823,2.4426020656140732,-0.04171543001895095,0.032879876368861055,9.863962910658317e-05,1.1160150884152568e-11,0.43319362359732033,0.17395917821686988,0.3928471981858099,0.0,0.008030773899784896,0.0014083333333352285,0.0003535321875061675,9.864309616988499e-05,0.006874431949441228,False,True,0.13000000000008746,-0.14721422492139688,-8.745781876484671e-14,0.012785775078603123
2018-06,NoTechnicalConfidence,-0.016653046356258805,-0.016613119175187898,2.4019253001855083,-0.05767378738533302,0.01330902556677692,3.992707670033076e-05,1.0437057435038204e-10,0.43816568497639174,0.16373634034126372,0.3980979746823446,1.2546443322181672e-18,0.008871002736165964,0.001408333333502616,0.0003617610893656526,3.9930306809600145e-05,0.007765144673239404,False,True,0.13000000000781306,-0.14988779099372143,-7.813055757921461e-12,0.010112209006278572
2018-07,NoTechnicalConfidence,-0.010091486369841338,-0.010013863804532456,2.3776863037573093,-0.06718325951587811,0.02587415318025882,7.762245954077645e-05,1.0576810574649887e-10,0.40358666820346384,0.19363134727875658,0.40278198451777963,3.1127457910448343e-19,0.009438581782254825,0.001408333333342248,0.0003325883848133286,7.762568655231118e-05,0.008324201044218061,False,True,0.13000000000041145,-0.14762535533788113,-4.11448652926083e-13,0.012374644662118878
2018-08,NoTechnicalConfidence,-0.005881067245927218,-0.0058070557809936805,2.3637029707151926,-0.07266921749479172,0.024670337061351456,7.401101118405437e-05,4.5374948295737047e-10,0.43145678962256606,0.1712918808944376,0.39725132948299646,4.127773889820616e-18,0.009555863758875002,0.0014083333355910002,0.0003521716691171597,7.401385077731257e-05,0.00842551157118503,False,True,0.13000000010420001,-0.14875281545042465,-1.0420000973176968e-10,0.01124718454957535
2018-09,NoTechnicalConfidence,0.0011495854869197058,0.0015547548943341061,2.366420249345716,-0.07160317148564987,0.13204455631569922,0.0003961336689470977,9.035738467302713e-06,0.5671839453250628,0.06081257610480316,0.3720034785701341,0.0,0.010659896140978082,0.0014083333333333413,0.0004859363062077815,0.0004051709074819966,0.009064622260621633,False,True,0.13000000000000037,-0.15999999999999984,-3.608224830031759e-16,1.6653345369377348e-16
2018-10,NoTechnicalConfidence,-0.04165317241099384,-0.041578196621134475,2.267851338702852,-0.1102738446495779,0.024991593162136408,7.497477948640922e-05,1.0103729523314177e-09,0.5456635198054408,0.08555853905905571,0.3687779411355035,0.0,0.010344785004855854,0.0014083333333362565,0.00045223264946454817,7.497775771311081e-05,0.009113407931010066,False,True,0.13000000000013492,-0.15488145058953146,-1.3491985306757215e-13,0.005118549410468548
2018-11,NoTechnicalConfidence,0.009765750331201242,0.010267052067921556,2.2899986086649045,-0.10158500115328606,0.16256595292769502,0.00048769785878308505,1.3603877937228272e-05,0.364941066307253,0.25256060248152895,0.382498331211218,1.8432495723437643e-17,0.010860513699047943,0.0014083333334044491,0.00027812669734755125,0.000501303236767222,0.009376917098230946,False,True,0.13000000000328227,-0.13422700700895943,-3.2822633500018128e-12,0.025772992991040578
2018-12,NoTechnicalConfidence,0.0044773948140003845,0.004503427114049661,2.300251836559409,-0.09756244249662949,0.008677366390863119,2.6032099172589355e-05,2.0087668734685362e-10,0.3851460776682765,0.2432870554359341,0.37156686689578944,0.0,0.009964033635556577,0.0014083333515743218,0.0002847836334275521,2.6035152086150935e-05,0.008949048174255712,False,True,0.13000000084189178,-0.1321121782480716,-8.418917785135704e-10,0.027887821751928416
2019-01,NoTechnicalConfidence,0.04796114788608429,0.04817550553655814,2.4105745550678717,-0.054280501343253795,0.06667204063369861,0.00020001612190109584,1.4341528572751503e-05,0.43937514747631884,0.20549239900469224,0.35513245351898887,3.853323276265998e-18,0.010114492713339918,0.001408333333333437,0.00032140160094926655,0.00021435915053970279,0.008874565295184229,False,True,0.13000000000000478,-0.13220445792762606,-4.773959005888173e-15,0.027795542072373947
2019-02,NoTechnicalConfidence,-0.0016457918056444814,-0.001645784756552268,2.406607251218246,-0.05583695874458128,2.2767130991585603e-06,6.830139297475681e-09,2.189529159091166e-10,0.45588848196777637,0.1961216659182299,0.34798985211399375,4.431520957900716e-18,0.007157732635474674,0.001135708048047948,0.0003313987909676492,1.0553031688187694e-08,0.006258469267451362,False,True,0.11674115202693254,-0.13196031130558392,0.013258847973067464,0.028039688694416087
2019-03,NoTechnicalConfidence,-0.00827504391999699,-0.008275041587749651,2.386692470516232,-0.06364994937860768,7.547062129548167e-07,2.26411863886445e-09,6.812869920991049e-11,0.4547591560373412,0.19668422342713096,0.34855662053552794,4.701351721463038e-18,0.006593494255013106,0.0011923845661202287,0.0003284793090388912,7.161407738612255e-09,0.005668815501506362,False,True,0.1196186222686198,-0.132005733553756,0.010381377731380204,0.027994266446244004
2019-04,NoTechnicalConfidence,0.013411427152271485,0.013411429141220595,2.418701422719435,-0.0510921588856732,6.046825420935617e-07,1.814047626280685e-09,1.7490148462861817e-10,0.4476453661989151,0.20009582638504259,0.3522588074160424,5.0581006971056176e-18,0.006751979163015389,0.0013006496722304237,0.0003219866588480818,6.919697603504666e-09,0.005779660748354493,False,True,0.12493116531420446,-0.13233982515796175,0.00506883468579554,0.027660174842038254
2019-05,NoTechnicalConfidence,-0.014317732090737492,-0.01431772761768128,2.3840711037414524,-0.06467836713354835,1.2780160604242164e-06,3.834048181272649e-09,6.390080302121049e-10,0.4502165923205103,0.19804466797650164,0.3517387397029881,5.3704369451511715e-18,0.005730639557347981,0.0011751943848241644,0.000322196197364884,8.558557037888432e-09,0.004820837609013977,False,True,0.11875324255737177,-0.13251843947733122,0.011246757442628236,0.027481560522668785
2019-06,NoTechnicalConfidence,0.04018865304140714,0.04018865592392045,2.479883710155762,-0.027089050548156246,8.235752300411719e-07,2.4707256901235157e-09,4.117876150483407e-10,0.42345240130817574,0.20293623970130273,0.37361135899052156,3.2486343661909725e-17,0.006632894065720131,0.001382892383467508,0.00031013353651370774,7.33612557871851e-09,0.005631307001347091,False,True,0.12882045102238268,-0.13734686527073753,0.001179548977617323,0.022653134729262475
2019-07,NoTechnicalConfidence,-0.007535338607854062,-0.0075353372123083935,2.461196946691637,-0.0344202639875647,3.9872733398337257e-07,1.1961820019501177e-09,1.9936366695004716e-10,0.4335402770118877,0.19600586450465823,0.370453858483454,6.118044284422444e-17,0.006259560407302334,0.0013451237227837675,0.000315562241749199,6.7127213980890515e-09,0.005271429591439854,False,True,0.1270491427495881,-0.1373298797718832,0.0029508572504119146,0.02267012022811679
2019-08,NoTechnicalConfidence,0.03683490776865476,0.03683491173705656,2.551854909223518,0.0,1.2591581736858804e-06,3.7774745210576415e-09,1.9092727858444177e-10,0.41398940316026794,0.2003200010400354,0.3856905957996966,8.80259589575051e-17,0.006610296436223272,0.0012980779061411867,0.0003065294637467635,8.04819631172868e-09,0.005654719971209604,False,True,0.12480759141051573,-0.14103182336964998,0.005192408589484276,0.018968176630350025
2019-09,NoTechnicalConfidence,-0.0018192912636496013,-0.0017338930249297976,2.547212341881066,-0.0018192912636496583,0.024399597643562088,7.319879293068627e-05,1.2199445789117412e-05,0.389263353262493,0.21883756161043463,0.39189908512707244,2.89713998827163e-17,0.0070781186887320865,0.0014083333336670453,0.0002877892701058143,8.540051590936093e-05,0.006000762235883389,False,True,0.1300000000154021,-0.13984443028043733,-1.540209626504918e-11,0.02015556971956267
2019-10,NoTechnicalConfidence,0.004395930871895769,0.00439593404799567,2.5584097112520148,0.0,9.973065607793565e-07,2.99191968233807e-09,1.8418021779932592e-10,0.41333079953249924,0.21730312639170243,0.3693660740757983,2.9416678911917373e-17,0.006450333171002401,0.0012588034296572895,0.00029058880690697065,7.521855770571744e-09,0.005530335127411016,False,True,0.12290500866883934,-0.13342034630776273,0.007094991331160663,0.026579653692237276
2019-11,NoTechnicalConfidence,-0.0036787343850658016,-0.003678733418360761,2.5489980014761455,-0.0036787343850658294,2.9652301757052073e-07,8.895690527115622e-10,7.713598806910408e-11,0.41640036879009956,0.21413442330328586,0.3694652079066146,8.4172806558855e-17,0.00583345707205259,0.0010832211351810698,0.00029162546920223284,6.6033157017481744e-09,0.0050002144319441204,False,True,0.1140116380996819,-0.133817434570636,0.015988361900318104,0.026182565429364008
2019-12,NoTechnicalConfidence,0.03711680954269124,0.03711681087583183,2.6436086748216363,0.0,4.291667798917253e-07,1.287500339675176e-09,4.564024580485223e-11,0.42141530282424006,0.2165474220835749,0.3620372750921851,8.780415541716085e-17,0.005960825673714753,0.0011155795399832413,0.00028945316702801794,6.723929953143698e-09,0.005113576012765162,False,True,0.115702007241875,-0.13141126825465008,0.014297992758125003,0.028588731745349927
2020-01,NoTechnicalConfidence,0.008668416308966647,0.008668419390125167,2.666524575372986,0.0,8.803310055788423e-07,2.640993016736527e-09,4.401655027130706e-10,0.4344666223367298,0.20833889368655972,0.3571944839767105,3.4309766659632384e-17,0.0059441526525886934,0.0012066509136229476,0.0002966104497410599,7.444398491312441e-09,0.005044209301637669,False,True,0.12033208617602942,-0.1313247044702932,0.009667913823970586,0.028675295529706796
2020-02,NoTechnicalConfidence,-0.009729375991078626,-0.009729370705470369,2.6405809551897312,-0.009729375991078482,1.5101737877720422e-06,4.530521363316127e-09,7.550868938860056e-10,0.41314467299264246,0.20794339607055018,0.3789119309368073,5.727322202648708e-17,0.006994410837814142,0.0013797925342436599,0.00029005135387527505,9.016084736412022e-09,0.006014454200732301,False,True,0.12867599003281038,-0.13723672591754127,0.001324009967189621,0.022763274082458734
2020-03,NoTechnicalConfidence,-0.048819689438090036,-0.04839545897582435,2.5116686130212336,-0.05807408031485761,0.12756027005325696,0.00038268081015977086,4.154965210592132e-05,0.3549816884492111,0.3403439848519528,0.3046743266988362,5.551115123125783e-17,0.007315652409095012,0.0014083333333883728,0.00019628123972417738,0.0004242319623004743,0.005990972540376173,False,True,0.13000000000254028,-0.1009510659613238,-2.540273547069205e-12,0.0590489340386762
2020-04,NoTechnicalConfidence,0.04095746592858058,0.04127881332085366,2.614540194662936,-0.0194951815521065,0.09377706154715472,0.0002813311846414642,4.001620763162027e-05,0.31212338353521585,0.44721704717201805,0.24065956929276616,0.0,0.0068023213543011215,0.0014083333333333376,0.00014715843781518094,0.0003213488923481438,0.005629647357471127,False,True,0.1300000000000002,-0.07410114815050046,-1.942890293094024e-16,0.08589885184949954
2020-05,NoTechnicalConfidence,0.03420842696962292,0.03420842849274914,2.7039795019712067,0.0,4.3517892085731535e-07,1.3055367625719461e-09,2.1758946043559659e-10,0.323258662168669,0.43108781995756856,0.24565351787376255,0.0,0.005399431490023844,0.0012989010887645945,0.00015604842201043207,6.75138201997366e-09,0.004593925772249094,False,True,0.1248471588189941,-0.07702442041129089,0.00515284118100591,0.08297557958870912
2020-06,NoTechnicalConfidence,0.01870688067967607,0.018706882765267257,2.754562523874872,0.0,5.95883195758652e-07,1.7876495872759559e-09,2.979415978376932e-10,0.3313298766874174,0.4202093571135355,0.2484607661990471,2.3525853277374352e-21,0.005351085988039133,0.0010811287227649857,0.00016206433818707834,6.962446951154636e-09,0.004648450326022611,False,True,0.11390146914408009,-0.07887756784576927,0.016098530855919918,0.08112243215423073
2020-07,NoTechnicalConfidence,0.04740529643953481,0.047405304052099154,2.8851433768803934,0.0,2.1750183837876413e-06,6.525055151362924e-09,1.0875091918938207e-09,0.3439661851121922,0.4124705922053681,0.24356322268243982,2.4709463239343206e-21,0.005213018770094188,0.0011272388450480914,0.0001684517530860527,1.0827462541837144e-08,0.0044809367670215474,False,True,0.11630505638439413,-0.07794513802876679,0.013694943615605873,0.08205486197123321
2020-08,NoTechnicalConfidence,0.007148240860004827,0.007148250521274608,2.905767076653982,0.0,2.760362794396181e-06,8.281088383188543e-09,1.3801813971980927e-09,0.3469613639317579,0.3965143764066421,0.2565242596616001,1.179945737507241e-20,0.005412852167543149,0.0009575724580968335,0.00017512334034462172,1.2551701340530602e-08,0.00475893004644877,False,True,0.10719547330536865,-0.08258782613400345,0.022804526694631358,0.07741217386599655
2020-09,NoTechnicalConfidence,-0.009523359017489994,-0.009523351973643884,2.8780944135618034,-0.009523359017490018,2.0125274602655955e-06,6.037582380796787e-09,1.0062637300911554e-09,0.35450966712289317,0.38948399305866627,0.25600633981844056,0.0,0.005206086791987288,0.001060769342212427,0.0001796802187927031,1.0303492469730968e-08,0.004496011598595901,False,True,0.11282389864983891,-0.08333213234297968,0.017176101350161094,0.07666786765702033
2020-10,NoTechnicalConfidence,-0.018600139965367055,-0.01860012768386574,2.824561454636013,-0.027946363172191346,3.5090003764337608e-06,1.0527001129301283e-08,1.7545001882168824e-09,0.36099404043663147,0.3968201007620324,0.24218585880133608,7.19134439298376e-21,0.005358925906309958,0.0012279554414845579,0.0001785440159956775,1.5353092198350885e-08,0.004566388816479803,False,True,0.12138972484446406,-0.07970678139468196,0.008610275155535946,0.08029321860531805
2020-11,NoTechnicalConfidence,0.038671524253080854,0.03867152825916084,2.933791551433287,0.0,1.1445942819654498e-06,3.4337828458963493e-09,5.722971409827249e-10,0.3582253493868082,0.4026687518605611,0.23910589875263064,6.474837529576794e-21,0.0056071898693558124,0.0009063835404464679,0.0001760776397743232,8.145503301987036e-09,0.0049779123138549534,False,True,0.10429095111924915,-0.07841297330882965,0.02570904888075086,0.08158702669117035
2020-12,NoTechnicalConfidence,0.06300605181791473,0.06300606373515664,3.118638173945853,0.0,3.4049262645219385e-06,1.0214778793565815e-08,1.7024631322193302e-09,0.39842796710826495,0.3865966580952361,0.21497537479649892,0.0,0.004907739084221325,0.0009052192725231848,0.00020015157481539602,1.4802336199945764e-08,0.004254963070808137,False,True,0.10422394768131851,-0.07887463988525277,0.02577605231868149,0.08112536011474723
2021-01,NoTechnicalConfidence,0.006383503897413287,0.006848021732228797,3.1385460128838587,0.0,0.13271953344117993,0.0003981586003235398,6.635923449196912e-05,0.2924081098241132,0.3627447151119964,0.34484717506389045,1.6555197784294498e-18,0.005079342394538652,0.0010448282777172707,0.0001821644685756957,0.00046451992889743796,0.003910243858206883,False,True,0.1119729401802384,-0.11012784962897743,0.018027059819761604,0.04987215037102258
2021-02,NoTechnicalConfidence,-0.012847220142422037,-0.01278415964986264,3.0982244213292187,-0.012847220142422122,0.018017283588399602,5.4051850765198804e-05,9.008641794199802e-06,0.28313424797098585,0.3594973008838564,0.3573684511451578,2.4655011512204547e-18,0.004904373568435363,0.0011724270770224136,0.00018319871612218608,6.30634429402659e-05,0.004071897870861705,False,True,0.1186133421005789,-0.11424698220446744,0.011386657899421102,0.04575301779553256
2021-03,NoTechnicalConfidence,-0.0044718264855313355,-0.00447180628042718,3.0843696993037986,-0.017261596088655073,5.819786510959163e-06,1.745935953287749e-08,2.745744623026896e-09,0.2987215949830556,0.36228329207136645,0.3389951129455779,0.0,0.00487154211469498,0.0012516364595286347,0.00018120824860460246,2.3099972675084206e-08,0.004064492536353385,False,True,0.1225546307339858,-0.10839458800240871,0.007445369266014204,0.05160541199759129
2021-04,NoTechnicalConfidence,0.012476372585542522,0.01281065937423851,3.1228514448638705,-0.00500058560733585,0.09551055342455893,0.0002865316602736768,4.7755128422310254e-05,0.20300705541444244,0.36288473530329335,0.4341082092822643,0.0,0.0055209813440182005,0.0013839819574491367,0.00019997997485427598,0.0003342894084239732,0.004294720982015383,False,True,0.12887118952422857,-0.14053143842410376,0.0011288104757714301,0.019468561575896243
2021-05,NoTechnicalConfidence,0.029353267729415176,0.02953147754841887,3.214517339404151,0.0,0.0509170911439127,0.0001527512734317381,2.545854557195634e-05,0.15153908849670678,0.3569943154203747,0.4914665960829186,1.1642221126380016e-18,0.006892978662065049,0.001257493363899818,0.00023429399177141773,0.00017821228212834734,0.005851725706215375,False,True,0.12284103698193782,-0.16000000000027645,0.007158963018062181,-2.76445533131664e-13
2021-06,NoTechnicalConfidence,-0.018912747663225263,-0.0188678985752306,3.153721984104938,-0.01891274766322526,0.012814303492574591,3.8442910477723775e-05,6.406177516940032e-06,0.14896709224583557,0.3591785112013512,0.4918543965528132,1.1045015270656952e-18,0.007348795418620707,0.001331709073556986,0.0002328666431018306,4.485095057719876e-05,0.006405223288163185,False,True,0.1264140375222777,-0.15999999999873915,0.0035859624777223043,1.2608525334911747e-12
2021-07,NoTechnicalConfidence,0.017608663367691624,0.017653768541552754,3.20925481287833,-0.001637112502493543,0.012887192531751579,3.8661577595254734e-05,6.443596265875802e-06,0.14304613231447566,0.3671648887755621,0.4897889789099623,2.7755575615628914e-17,0.007043133593222055,0.0014083333333333818,0.00023055120327703681,4.510776092534136e-05,0.006063307962352986,False,True,0.13000000000000222,-0.15881801430904538,-2.220446049250313e-15,0.0011819856909546234
2021-08,NoTechnicalConfidence,0.002488136237546115,0.0025052568367539534,3.217239876073772,0.0,0.004891599773668209,1.4674799321004627e-05,2.445799886834118e-06,0.13895344243727947,0.36775976867876986,0.4932867888839507,2.7825032317303766e-19,0.0075661980290929,0.001232349360794749,0.00023191445126294325,1.7122100034616505e-05,0.006700986797397965,False,True,0.12160671169609427,-0.16000000000077333,0.008393288303905733,-7.733258478026528e-13
2021-09,NoTechnicalConfidence,-0.017289650015770656,-0.017277588209872866,3.161614924599675,-0.017289650015770652,0.0034462302565108904,1.033869076953267e-05,1.723115128255487e-06,0.136171073244517,0.37015100860787115,0.49367791814761186,0.0,0.007488880939876187,0.0013679383287947067,0.0002306102188894411,1.2064436527316473e-05,0.006562237120062076,False,True,0.12812205097303306,-0.16000000003387813,0.0018779490269669463,-3.3878122529529264e-11
2021-10,NoTechnicalConfidence,-0.0038976398303069916,-0.003716187688838483,3.1492920883414626,-0.021119901017524034,0.05184346899100244,0.00015553040697300732,2.5921734495501226e-05,0.1320724348013543,0.4235648716270387,0.444362693571607,2.7442180044933496e-19,0.006827862764658509,0.0014083333350429351,0.0001869338266039305,0.00018145488969739047,0.00575530738083572,False,True,0.1300000000789047,-0.13966320696195234,-7.890468833871012e-11,0.020336793038047668
2021-11,NoTechnicalConfidence,0.004823270407233032,0.004904925624452246,3.164481975674893,-0.016398497603872464,0.023330062062632384,6.999018618789716e-05,1.1665031031316193e-05,0.10679528748679748,0.4189961800959985,0.47420853241720407,0.0,0.0069098831112656975,0.0014083333333947303,0.000208700701969759,8.165736119927579e-05,0.0059153583813992975,False,True,0.1300000000028337,-0.1504224137527503,-2.833705492477634e-12,0.009577586247249692
2021-12,NoTechnicalConfidence,0.012260182960281887,0.012388226797883173,3.203279103671182,-0.004339363224487691,0.03658395360036746,0.00010975186080110238,1.82919768001837e-05,0.10191867029877673,0.46089733456785864,0.4371839951333647,2.7755575615628914e-17,0.007023624726254675,0.0014083333355750145,0.0001756496631498526,0.0001280457894173895,0.006015762605899926,False,True,0.13000000010346222,-0.13510316460828517,-1.0346221102075503e-10,0.024896835391714833
2022-01,NoTechnicalConfidence,-0.003454243805101813,-0.003218700444007605,3.192214196671314,-0.007778617811053268,0.06729810316977378,0.00020189430950932135,3.3649051584886864e-05,0.04576582014314353,0.448055397956788,0.5061787819000685,2.0938654456126304e-18,0.007480812952710098,0.0012393414158469085,0.00023794299824836496,0.00023554486125463366,0.006387654385283646,False,True,0.12195120741576486,-0.16000000005425682,0.008048792584235145,-5.4256821258036325e-11
2022-02,NoTechnicalConfidence,0.026651628106257704,0.026740283574114097,3.2772919022765135,0.0,0.025330133673254575,7.599040101976372e-05,1.2665066836627258e-05,0.067651419113621,0.4433368829228287,0.4890116979635504,2.805772530886807e-17,0.007260578491559233,0.0014083333546735673,0.00021847465352322297,8.865768034032764e-05,0.0062492794803588984,False,True,0.13000000098493386,-0.15424731930761695,-9.849338566958465e-10,0.00575268069238305
2022-03,NoTechnicalConfidence,-0.0017460780026412575,-0.0014826169598056958,3.2715694949777143,-0.0017460780026411493,0.07527458366730334,0.00022582375100191004,3.7637291833651705e-05,0.065443591501065,0.5057038333482673,0.4288525751506676,0.0,0.006870020103236129,0.0014083333333375682,0.00016558051310205135,0.00026346326806726594,0.005736809655398027,False,True,0.13000000000019546,-0.12897802674134753,-1.954547634852588e-13,0.03102197325865247
2022-04,NoTechnicalConfidence,-0.005754372914176052,-0.005653231568658703,3.25274366408897,-0.00749040333285278,0.028897527290671243,8.669258187201374e-05,1.4448763645335593e-05,0.06607790839316326,0.5272643394165437,0.406657752190293,3.231857397295266e-20,0.006405537410884445,0.0014083333384172145,0.00014768303853349032,0.00010114395892853815,0.005452543744213809,False,True,0.13000000023464067,-0.11993686615350432,-2.3464066800649164e-10,0.04006313384649568
2022-05,NoTechnicalConfidence,-0.01022896110200498,-0.010220000505338202,3.219471475674211,-0.01764274539052757,0.0025601704762225584,7.680511428667676e-06,1.280085238111295e-06,0.06203242176301905,0.5243289596308709,0.41363861860611006,0.0,0.006674917605392822,0.0014083333333334235,0.00015236826319336508,8.963038790306217e-06,0.005809419636742439,False,True,0.13000000000000417,-0.12253501739186064,-4.163336342344337e-15,0.037464982608139366
2022-06,NoTechnicalConfidence,-0.008986360997867069,-0.008935991700046893,3.1905401427714666,-0.026470562309321988,0.014391227948621969,4.317368384586591e-05,7.1956139743109825e-06,0.04803424720478901,0.5298611095883016,0.4221046432069095,0.0,0.006484034035949373,0.0014083333333386823,0.0001592738715611563,5.037171427499529e-05,0.00557022178344388,False,True,0.13000000000024686,-0.12525724320957166,-2.4685808952540356e-13,0.03474275679042835
2022-07,NoTechnicalConfidence,0.009181406323238677,0.009189899999159534,3.2198337882128554,-0.017532192974249794,0.0024268005654877888,7.280401696463367e-06,1.2132742243950996e-06,0.045131432519092234,0.5286204432550784,0.42624812422582936,8.023807281143602e-19,0.006708847808746761,0.001408333334237356,0.0001622874682535763,8.496345404707023e-06,0.0058338973279698,False,True,0.13000000004172413,-0.12680865270268912,-4.172412415570648e-11,0.03319134729731088
2022-08,NoTechnicalConfidence,-0.019760393675800226,-0.019639580767288438,3.1562086049871265,-0.03694614361487869,0.03451797386051127,0.0001035539215815338,1.725898693025567e-05,0.046527155514115966,0.49732943526379403,0.45614340922209007,2.8337022417301667e-17,0.006960257635913422,0.001408333336052423,0.00018562631739262836,0.00012081510454318889,0.005949649545951393,False,True,0.13000000012549645,-0.13913332278008478,-1.2549644656800751e-10,0.020866677219915225
2022-09,NoTechnicalConfidence,0.013699718738214567,0.01370425729385863,3.199447775154583,-0.023752576652649515,0.001296730184017662,3.890190552052986e-06,6.483650920088432e-07,0.04674831956133312,0.49477830743938417,0.45847337299928276,2.7789690126764225e-19,0.0065984034626924235,0.0014083333333333831,0.0001885775123173875,4.540486538113464e-06,0.005701118797170231,False,True,0.1300000000000023,-0.14009428445512567,-2.3037127760972e-15,0.01990571554487433
2022-10,NoTechnicalConfidence,-0.007233344538329943,-0.006929056647872171,3.176305067064497,-0.030814110620377755,0.08693939727364913,0.00026081819182094743,4.346969863682457e-05,0.06093795570006167,0.5494222478329958,0.3896397964669426,0.0,0.006161184362529325,0.0014083333336100496,0.00013466278153863193,0.00030428939051910253,0.005018065523666566,False,True,0.1300000000127715,-0.1128245352827065,-1.277150607492672e-11,0.0471754647172935
2022-11,NoTechnicalConfidence,0.005386017171438138,0.005531999498151545,3.193412700697432,-0.025594058777863582,0.048660608572961846,0.00014598182571888554,5.009945220071686e-10,0.016023874241306166,0.599633729166964,0.38434239659172986,5.080699554042189e-19,0.005999367279816514,0.0014083333333368656,0.00013408152211516852,0.00014598465400760072,0.005015134437025312,False,True,0.13000000000016304,-0.10844760221062866,-1.6303625116620424e-13,0.051552397789371346
2022-12,NoTechnicalConfidence,0.009111978736819043,0.00921135794049606,3.2225110093240747,-0.016715292560417372,0.028394058193433214,8.518217458029964e-05,1.4197029096716579e-05,0.0,0.5977533970285976,0.4022466029714023,0.0,0.006066229806680171,0.0014083333333930995,0.00014898309830212547,9.938070382303612e-05,0.00511369933785846,False,True,0.13000000000275844,-0.11488899682124587,-2.7584323714080483e-12,0.04511100317875413
2023-01,NoTechnicalConfidence,0.02560619795672549,0.02564773948931074,3.3050272641465543,0.0,0.011869009310071538,3.560702793021461e-05,5.934504655035783e-06,0.0,0.6072454333087803,0.3927545666912196,1.7671266221123468e-19,0.006012863202141549,0.0014083333333390303,0.00014138091306288914,4.15445327326932e-05,0.005125771089676452,False,True,0.13000000000026293,-0.11015543784136514,-2.629285678068527e-13,0.049844562158634864
2023-02,NoTechnicalConfidence,-0.0028365884246386594,-0.002836562875702985,3.295652262065961,-0.002836588424638742,7.29969590707036e-06,2.189908772121108e-08,3.6498479535351796e-09,3.8812674004486594e-21,0.6102217092854334,0.3897782907145667,1.6921860698541708e-19,0.0060662145307938675,0.0011255488416059085,0.0001385792955257769,2.8787557350635635e-08,0.005364832026907785,False,True,0.11621783898899042,-0.10899466138000458,0.013782161011009583,0.05100533861999543
2023-03,NoTechnicalConfidence,0.03774778476825399,0.03774780899868962,3.420055834325436,0.0,6.9229816094529425e-06,2.076894482835883e-08,3.461490804740349e-09,2.0840309474172348e-20,0.601254797003699,0.39874520299630106,1.9096248934562564e-19,0.005684938915962522,0.001011733938837225,0.0001442843358504601,2.7481911914100178e-08,0.005034760128781535,False,True,0.11018533144682509,-0.11254221041797526,0.019814668553174916,0.04745778958202475
2023-04,NoTechnicalConfidence,0.016560698162763635,0.016592621332618594,3.4766943466974984,0.0,0.0091209056728456,2.7362717018536802e-05,4.560452836422784e-06,7.023311325624739e-18,0.6009252372327005,0.3990747627672996,1.0628145905673334e-18,0.005650116104275629,0.0014083333333648133,0.00014381242938046106,3.192617004682648e-05,0.0047702108381659355,False,True,0.13000000000145293,-0.11267388688487638,-1.4529211167513267e-12,0.04732611311512362
2023-05,NoTechnicalConfidence,-0.01657102396203875,-0.016571019659171158,3.4190819613696894,-0.0165710239620388,1.2293907403482279e-06,3.6881722210446837e-09,6.146953701879906e-10,6.983543999148172e-18,0.593096825185832,0.40690317481416816,1.0174013119046642e-18,0.005496461546768369,0.0012250752453820037,0.00014874109839741302,8.546590800453949e-09,0.004735174279089154,False,True,0.1212472801533463,-0.11579743075684804,0.008752719846653698,0.04420256924315197
2023-06,NoTechnicalConfidence,-0.01187220182101214,-0.011872198560535023,3.3784899302817264,-0.028246491242192806,9.315648905605695e-07,2.7946946716817086e-09,4.657824452802823e-10,7.355735176193015e-18,0.5981363396408156,0.4018636603591845,9.341622267209136e-19,0.005137927631671914,0.0010733396344668102,0.00014571407759286428,7.783378620832005e-09,0.004455535953467024,False,True,0.11349042080106023,-0.11378760991910727,0.016509579198939778,0.04621239008089273
2023-07,NoTechnicalConfidence,-0.004210613388805191,-0.004210610288783942,3.3642644153473387,-0.03233816957678681,8.85720356867696e-07,2.657161070603088e-09,4.428601783896305e-10,0.0,0.6045867435487772,0.39541325645122277,0.0,0.004773154040863247,0.0008196078088694521,0.00014111411650782177,7.67548197987423e-09,0.004222228344438719,False,True,0.09917304929482315,-0.11121009695546355,0.030826950705176853,0.04878990304453645
2023-08,NoTechnicalConfidence,0.015173335853555046,0.015173338514165441,3.415311529221568,-0.017655511631109566,7.601743985119209e-07,2.2805231955357626e-09,3.8008719928371604e-10,2.772844066924649e-17,0.6093574203856792,0.3906425796143208,2.772844066924649e-17,0.00451275700561824,0.0007065350039497209,0.0001372035162628438,7.396458537570759e-09,0.004022278590921999,False,True,0.09207833647170571,-0.109331859148995,0.03792166352829429,0.050668140851005
2023-09,NoTechnicalConfidence,-0.01980627181351522,-0.019806268666279908,3.347666940745973,-0.037112093582252426,8.992100890836184e-07,2.6976302672508554e-09,4.4960504454180766e-10,5.4257603358803796e-17,0.6012404960021137,0.3987595039978862,5.730806594362812e-17,0.004584035830604582,0.0006108949613700462,0.00014219225227335197,7.706919386102919e-09,0.00413638839072682,False,True,0.08561973800731087,-0.11254792472551052,0.04438026199268913,0.04745207527448948
2023-10,NoTechnicalConfidence,0.02765569395632728,0.027655697961810062,3.440248993126958,-0.01048276032811446,1.1444236523160693e-06,3.433270956948208e-09,5.722118261580314e-10,8.137309998324197e-17,0.6090712764774201,0.39092872352257974,9.14056316517096e-17,0.004737109591712459,0.0006928676944414732,0.00013791362635465906,8.319200346395633e-09,0.004252753798936718,False,True,0.09118339943924923,-0.10944347563733256,0.03881660056075077,0.05055652436266744
2023-11,NoTechnicalConfidence,0.011009103701144964,0.011009107472862672,3.4781230510500527,0.0,1.0776336304697152e-06,3.232900891409146e-09,5.38816815248661e-10,7.539761127002045e-17,0.5895613964172006,0.4104386035827993,8.380586708647141e-17,0.005055233717243165,0.0010345949223878274,0.00015105560018119807,8.14546931374723e-09,0.00438687251039874,False,True,0.11142324294622702,-0.11628031956398073,0.018576757053772985,0.04371968043601927
2023-12,NoTechnicalConfidence,0.02021302420120733,0.020213028339746773,3.5484264364557045,0.0,1.182439840152834e-06,3.547319520458502e-09,5.912199200208329e-10,8.157143859367763e-17,0.5997282621118056,0.4002717378881942,7.358600694847401e-17,0.004955254173440013,0.0008311044331155639,0.00014309118565433235,8.420102277669783e-09,0.004396602351125621,False,True,0.09986617644321208,-0.11228338602647807,0.030133823556787925,0.047716613973521935
2024-01,NoTechnicalConfidence,0.005600620183478218,0.005600628672262241,3.568299825175306,0.0,2.6747050406887204e-06,8.024115122066161e-09,4.6466890116219183e-10,1.7453672384651714e-06,0.6031481181986792,0.39685013643408235,6.840477581371385e-17,0.004982576693642203,0.0009634130458819955,0.00014003705856717336,1.1530933964140984e-08,0.004360821581200068,False,True,0.10752188870450494,-0.11093525425262286,0.022478111295495068,0.04906474574737714
2024-02,NoTechnicalConfidence,0.0002212477085976066,0.00022126183423104296,3.5690893033352156,0.0,4.318536193339917e-06,1.2955608580019753e-08,1.1700248563335426e-09,3.612809304645771e-06,0.5967154167372297,0.4032809704534656,7.342528352590671e-17,0.00519144105513932,0.0007342412568695699,0.0001438578378483792,1.656400794365923e-08,0.004680446024848212,False,True,0.09386636821798763,-0.1134679475157598,0.03613363178201237,0.04653205248424021
2024-03,NoTechnicalConfidence,0.04799966306288126,0.047999686940085474,3.740404387336639,0.0,6.822058346777035e-06,2.0466175040331105e-08,3.4110291733885675e-09,3.2572620714966835e-06,0.595216949967767,0.4047797927701616,6.45644507912337e-17,0.005239241613452688,0.0006142343119391482,0.00014423898282984166,2.64826207754398e-08,0.004787858992032498,False,True,0.08585343175010407,-0.11405743230438327,0.044146568249895934,0.045942567695616734
2024-04,NoTechnicalConfidence,0.017618291574260765,0.017618305809093373,3.8063039224383806,0.0,4.067095031363066e-06,1.2201285094089198e-08,2.033547515612484e-09,1.6641326712837498e-06,0.5731747839891103,0.42682355187821835,3.351698455756623e-17,0.005586693266617359,0.0009707916171393919,0.00015946410222660853,1.6697017921639135e-08,0.004941816658803132,False,True,0.10793284674126177,-0.12269339721128655,0.02206715325873823,0.03730660278871345
2024-05,NoTechnicalConfidence,0.008641009022431902,0.008657111563670024,3.8391942289742884,0.0,0.004600807457930321,1.3802422373790964e-05,2.300118864332057e-06,0.004602378412645967,0.5591869908367176,0.43621063075063643,0.0,0.005772515940793166,0.0014083333336188497,0.00016482941523717772,1.6104913388060262e-05,0.004887414945358504,False,True,0.13000000001317769,-0.1266528251761895,-1.3177681168485833e-11,0.0333471748238105
2024-06,NoTechnicalConfidence,0.00660169095174051,0.0066017231495172635,3.8645394027776825,0.0,9.340766985671203e-06,2.802230095701361e-08,4.175475796952549e-09,0.004552571704241639,0.5580247677403659,0.4374226605553925,1.0236664756201816e-20,0.005931888166978736,0.0011495650656492772,0.00016499635696874606,3.452298429262731e-08,0.005192074754201059,False,True,0.11745118470152324,-0.12713491726362236,0.012548815298476762,0.03286508273637764
2024-07,NoTechnicalConfidence,0.028675735918218294,0.02867583132427621,3.975357914137285,0.0,2.732598317474121e-05,8.197794952422363e-08,1.3428108389834674e-08,0.004788197893790443,0.5625468135457462,0.4326649885604633,4.194695448505665e-20,0.006001560792723924,0.0010629059884733733,0.0001606454989581726,9.792333410934169e-08,0.005309364376194956,False,True,0.11293746881208415,-0.12524346319356583,0.017062531187915855,0.034756536806434174
2024-08,NoTechnicalConfidence,-0.015151324450694177,-0.014541346835895226,3.915125976572556,-0.015151324450694226,0.20287545792351808,0.0006086263737705542,1.3512410283974821e-06,0.20485158230022912,0.35336096785049836,0.44178744984927254,2.846030702774449e-19,0.007158425664155235,0.0014083333340013668,0.00018323177606872093,0.0006099791151764255,0.005661048105909404,False,True,0.1300000000308323,-0.1406573845373522,-3.0832308928196994e-11,0.019342615462647816
2024-09,NoTechnicalConfidence,0.010610953397720868,0.010691437539149997,3.9566691958561733,-0.004701141050633462,0.022995468979750924,6.898640693925277e-05,1.1497734489875455e-05,0.20769342312465422,0.3699115702223271,0.42239500665301877,6.911788849595091e-19,0.0073567981038728915,0.00140833334092205,0.0001716483029487246,8.048564160309263e-05,0.0064004974888600494,False,True,0.13000000035024845,-0.13215252563111524,-3.5024844136088973e-10,0.027847474368884767
2024-10,NoTechnicalConfidence,0.03006003558616112,0.03024969850752187,4.075606812686277,0.0,0.055771214984093764,0.0001673136449522813,2.234927640847004e-05,0.24915289978701105,0.3581237396523877,0.3927233605606013,0.0,0.007582077185311921,0.001408333333341539,0.00017007621167247728,0.00018966442146430563,0.0065181698855043685,False,True,0.13000000000037873,-0.1227377378503471,-3.787248292752565e-13,0.037262262149652906
2024-11,NoTechnicalConfidence,-0.011874744864527826,-0.011583878005338954,4.027210021617496,-0.011874744864527775,0.09560600614953785,0.00028681801844861356,4.048840740258797e-06,0.33586019151746394,0.25953691486290775,0.40460289361962826,0.0,0.008117176027152942,0.00140833333346533,0.00022532078930685714,0.00029086835932877985,0.00689682021178464,False,True,0.13000000000609216,-0.13486686433886477,-6.092154558601237e-12,0.02513313566113523
2024-12,NoTechnicalConfidence,0.0073868297727613325,0.00745990589422584,4.0569583365063435,-0.004575631810675551,0.020878891847002257,6.263667554100678e-05,1.0439445923501102e-05,0.33115727444870213,0.2885450330497322,0.38029769250156575,0.0,0.00860047867826707,0.0014083333333516415,0.00020856415718936114,7.307807715320842e-05,0.007614669777248679,False,True,0.130000000000845,-0.12463384177341293,-8.449907440422066e-13,0.03536615822658708
2025-01,NoTechnicalConfidence,0.031958444916445755,0.031982998239230384,4.186612416031897,0.0,0.008184313285464179,2.4552939856392536e-05,3.82928236286606e-10,0.3266166689877017,0.27642802851570963,0.39695530249658867,0.0,0.00894717578095903,0.001408333333333408,0.00021354293048491614,2.4555810410492153e-05,0.008004910373396918,False,True,0.13000000000000345,-0.1309055536108309,-3.4416913763379853e-15,0.02909444638916911
2025-02,NoTechnicalConfidence,0.02186815425693627,0.022141961527957284,4.278165902159688,0.0,0.0883752414966104,0.0002651257244898312,8.68154653117975e-06,0.39649897569079134,0.1816725731048652,0.4218284512043434,0.0,0.008951450987466232,0.0014083333335676135,0.0002775857693081125,0.00027380877109765253,0.007695889780276661,False,True,0.13000000001081294,-0.14801643118604363,-1.0812933881609865e-11,0.011983568813956375
2025-03,NoTechnicalConfidence,0.045347272738053036,0.04548575128397469,4.472169058143562,0.0,0.044242237700621426,0.0001327267131018643,5.751832819792413e-06,0.36560088629773063,0.22388662135561452,0.4105124923466548,0.0,0.008722332893367966,0.0014083333369182697,0.00024611207618803683,0.0001384800460484464,0.007633574102672349,False,True,0.1300000001654586,-0.14025532205747443,-1.6545859127248264e-10,0.019744677942525574
2025-04,NoTechnicalConfidence,0.004032079842141396,0.00410897342990335,4.4902012008535515,0.0,0.022088669367058774,6.626600810117632e-05,1.0627579660778043e-05,0.3541675485438156,0.23610838894736466,0.40972406250881976,5.162610226977797e-17,0.008714963170152145,0.0014083333337718536,0.00023636781074951778,7.689508874276463e-05,0.007697533603773936,False,True,0.1300000000202394,-0.13877075260314625,-2.023939349449222e-11,0.02122924739685375
2025-05,NoTechnicalConfidence,0.020538861410932377,0.021059880319642385,4.582424821025084,0.0,0.15276313175458284,0.0004582893952637485,6.272951344625895e-05,0.32769634279223914,0.3909468069134808,0.2813568502942801,1.3970887365258566e-17,0.007950742894638901,0.001408333333336723,0.0001587703343974809,0.0005210204087503561,0.006566785484822703,False,True,0.13000000000015643,-0.09049964033057964,-1.5643042416968456e-13,0.06950035966942036
2025-06,NoTechnicalConfidence,0.06352024716058002,0.06381737506572036,4.873501578251374,0.0,0.09904244173772846,0.0002971273252131854,5.799271496835974e-10,0.4401378548380239,0.28177737818768683,0.2780847669742893,5.551115123125783e-17,0.008198706022018077,0.0014083333335573468,0.00024678879485554977,0.00029713014829653217,0.006950620412087322,False,True,0.13000000001033907,-0.10735203164886133,-1.0339062939124233e-11,0.05264796835113868
2025-07,NoTechnicalConfidence,0.0258508810139978,0.0259883215330868,4.999485887672281,0.0,0.039268719739714714,0.00011780615921914414,1.9634359869857288e-05,0.44353284499191975,0.2626665013219636,0.2938006536861167,0.0,0.006794165050045951,0.001408333333669402,0.000253954054005091,0.00013744201952722672,0.005698602309678932,False,True,0.13000000001551085,-0.11038810840409756,-1.5510842610311215e-11,0.049611891595902444
2025-08,NoTechnicalConfidence,0.012991447478300637,0.013410698755963488,5.064436446000481,0.0,0.11978607933224322,0.0003593582379967297,5.9893039666121554e-05,0.3497965827854056,0.23487746932068582,0.4153259478939086,0.0,0.006816896480906802,0.0014083333362374236,0.000232391722610417,0.0004192527777144482,0.005461085312463224,False,True,0.13000000013403493,-0.13994820105139452,-1.3403492205021905e-10,0.02005179894860548
2025-09,NoTechnicalConfidence,0.09451447951563091,0.09465189043016364,5.543099020734208,0.0,0.03926026129506696,0.00011778078388520089,1.9630130647533495e-05,0.3413400242008908,0.1929173205519887,0.4657426552471205,0.0,0.0073739499990523975,0.0014047670162147616,0.0002562117990575901,0.0001374134533719205,0.006277941238515506,False,True,0.12983529641271335,-0.15999999909566262,0.00016470358728665202,9.04337382756637e-10
2025-10,NoTechnicalConfidence,0.08831786775620913,0.08867367512684762,6.0326537070069834,0.0,0.10736207772531224,0.00032208623317593675,3.372113746255933e-05,0.3085800088216463,0.28304783666964267,0.40837215450871095,1.1030885256674377e-17,0.006811618653626289,0.001408333333333336,0.00020059822350139116,0.00035580887067909696,0.005551044892779133,False,True,0.13000000000000012,-0.13322591348941823,-1.1102230246251565e-16,0.026774086510581774
2025-11,NoTechnicalConfidence,0.015004298232444743,0.015535073350859506,6.12316944235998,0.0,0.16779261155444344,0.0005033778346633304,2.739728375143283e-05,0.23314141539596375,0.42647484859941165,0.3403837360046246,0.0,0.006073547846556431,0.0014083333333458701,0.0001281706082349001,0.0005307766184441202,0.004710433953204476,False,True,0.13000000000057862,-0.09933592269210205,-5.78620484859016e-13,0.060664077307897954
2025-12,NoTechnicalConfidence,0.02339496046999937,0.02350557910027466,6.2664207494151,0.0,0.033384420707105164,0.0001001532621213155,1.0465368153972948e-05,0.20894820275080478,0.44752876722216667,0.34352303002702866,0.0,0.006783528185376548,0.0014083333418928282,0.00011967102105569321,0.00011062013040575379,0.005849070362968688,False,True,0.1300000003950536,-0.09889690954376122,-3.950536009433847e-10,0.06110309045623878
2026-01,NoTechnicalConfidence,0.07657173300295272,0.07659038137069965,6.746251445923476,0.0,0.006216090169715319,1.8648270509145955e-05,9.723777760780489e-11,0.2150215780437699,0.44505944796665126,0.33991897398957893,3.7537496400028706e-19,0.006651512821800581,0.0014083333422179646,0.00011975200392685648,1.8651516506872257e-05,0.005808942630257869,False,True,0.1300000004100599,-0.0978134015133086,-4.10059902700155e-10,0.062186598486691405
2026-02,NoTechnicalConfidence,0.10017688278303699,0.10064113412807862,7.422069886246645,0.0,0.13264324144046427,0.00039792972432139284,6.632162072023212e-05,0.3304090288509625,0.45981441048603094,0.20977656066300648,4.3480345234710974e-17,0.011404964041135201,0.001408333333490735,0.00013460485070622522,0.00046425284507312206,0.010101939678610485,False,True,0.1300000000072647,-0.07943608257091579,-7.2646888504834806e-12,0.08056391742908421
2026-03,NoTechnicalConfidence,-0.05360935428713132,-0.05307283998663756,7.024177512171001,-0.05360935428713132,0.16250138787166907,0.0004875041636150072,4.901013687874738e-05,0.3005905104747283,0.5837331706677922,0.11567631885747955,0.0,0.020504892935155263,0.0014083333333333352,0.00010253562720335598,0.0005365158005202031,0.019161674840765034,False,True,0.1300000000000001,-0.08189055757598528,-8.326672684688674e-17,0.07810944242401473
2026-04,NoTechnicalConfidence,0.06906361039272664,0.06923611911648565,7.50929257120093,0.0,0.049822288730830576,0.00014946686619249174,2.3041857566521073e-05,0.2794423076048972,0.561161722700782,0.15939596969432088,0.0,0.009256185258787561,0.0014083333346508677,0.00010605468132308714,0.0001725102239963772,0.008273453686142662,False,True,0.13000000006080928,-0.07195714763368169,-6.080927428264715e-11,0.08804285236631831
2026-05,NoTechnicalConfidence,0.08301979373421776,0.08320416640494967,8.132712491551926,0.0,0.059723941108937056,0.00017917182332681118,5.200847405085976e-06,0.28739103591713955,0.5814099523323659,0.13119901175049456,7.755651048125353e-17,0.01895887227839513,0.0014083333333338682,0.00010639075152572891,0.0001843741708557991,0.01796394068934667,False,True,0.13000000000002468,-0.07570968424766092,-2.4674706722294104e-14,0.08429031575233908
2026-06,NoTechnicalConfidence,-0.0009922080784346156,-0.0008721048577232937,8.124643148518222,-0.0009922080784345866,0.04003310519689013,0.0001200993155906704,3.905120651514941e-09,0.3093126295552426,0.5702699133969152,0.12041745704784221,0.0,0.023173540063714786,0.0014083333333635506,0.00011913683866440297,0.00012010484826532625,0.022230131710103282,False,True,0.13000000000139464,-0.08179276378522346,-1.394634407958506e-12,0.07820723621477654
2026-07,NoTechnicalConfidence,-0.07529487743615637,-0.07503547748632744,7.512899138438035,-0.07621237732893404,0.0796985932200456,0.0002390957796601368,2.0304170168799493e-05,0.24059329239300384,0.6066152693193695,0.15279143828762665,0.0,0.011744378686751246,0.0014083333383527652,8.301968040211818e-05,0.00025940144988215863,0.010697790887290587,False,True,0.13000000023166608,-0.06459438753000259,-2.3166607521218907e-10,0.09540561246999742
2007-04,NoATRCovarianceScaling,-0.003393984312723294,-0.0018939830037610582,0.9966060156872767,-0.0033939843127233082,1.0,0.0015,1.3089622358932659e-09,0.0,0.9999973820755281,2.617924471596871e-06,1.896610020407039e-16,0.0037207202308076406,7.44233881044008e-06,8.071431528767754e-10,0.0015000046779435807,0.002216993576315687,False,True,0.009450294478230875,-4.920802229951837e-05,0.12054970552176913,0.15995079197770048
2007-05,NoATRCovarianceScaling,0.0022772163541366006,0.0022772475084112745,0.9988755032048308,-0.0011244967951692386,8.901221335344358e-06,2.6703664006033076e-08,4.450610667671196e-09,2.6088478554225057e-20,0.9999885245466532,1.1475453346623262e-05,1.7386089507393684e-16,0.00321773198254345,9.744285394352282e-06,2.767243560835501e-07,3.435026045257881e-08,0.003212548765229738,False,True,0.010813483468902488,-0.00099627420317977,0.11918651653109752,0.15900372579682023
2007-06,NoATRCovarianceScaling,-0.014547689448293983,-0.01280168173436425,0.9843441725866985,-0.015655827413301515,0.49885934683706623,0.0014965780405111987,0.000249429673418533,0.0,0.5011289705235701,0.4988710294764299,2.6020852139652106e-18,0.005571748006031675,0.00035959725123926195,9.214506422044883e-05,0.0017460107139332392,0.0035537936022583564,False,True,0.06568993084842717,-0.029778057177945294,0.06431006915157284,0.1302219428220547
2007-07,NoATRCovarianceScaling,0.017680278503448908,0.017680278503448908,1.0017476517012782,0.0,0.0,0.0,0.0,0.0,0.5078196659706329,0.49218033402936706,2.8045270187285585e-18,0.003659598027306631,0.0003512871017830269,9.374657070351601e-05,6.5e-09,0.0033902014057116013,False,True,0.0649264601021519,-0.029156654476240218,0.0650735398978481,0.13084334552375979
2007-08,NoATRCovarianceScaling,0.011534006188497651,0.011534006486489676,1.0133018153153137,0.0,8.514057847630751e-08,2.554217354289225e-10,4.257028923815143e-11,0.0,0.5028690264504603,0.4971309735495397,3.0938739010224732e-18,0.005897932881972618,0.00034046421898154986,9.008906882444431e-05,6.512662700397689e-09,0.005637605190994698,False,True,0.06391846859694464,-0.029616463500996504,0.06608153140305537,0.1303835364990035
2007-09,NoATRCovarianceScaling,0.03739209293923641,0.03739209583918897,1.0511912909690808,0.0,8.285578718403306e-07,2.485673615520992e-09,4.142789359340417e-10,0.0,0.49606061377291066,0.5039393862270894,2.942466255418486e-18,0.005936537732737231,0.0003303504001629134,8.768289617002554e-05,7.545296998072902e-09,0.00568367209118875,False,True,0.06296193137090826,-0.030248679282656954,0.06703806862909174,0.12975132071734305
2007-10,NoATRCovarianceScaling,0.032544140107838446,0.03254414071484189,1.085401407622518,0.0,1.734295563564452e-07,5.202886690693356e-10,8.671477813428543e-11,3.6079661049228606e-23,0.4793951835302265,0.5206048164697735,1.082389831476858e-22,0.007653427359805115,0.00039876184043827824,8.970051615365099e-05,6.552246216819927e-09,0.007364339371186108,False,True,0.06917472143246649,-0.031795510045714015,0.06082527856753352,0.128204489954286
2007-11,NoATRCovarianceScaling,0.01419339044473772,0.015738678912541375,1.1008069335901725,0.0,0.4415109908010438,0.0013245329724031313,0.00022075549540052187,3.3039422818296626e-17,0.025040505258612743,0.9749594947413872,2.7755575615628914e-17,0.016773732506579868,0.001408333333414692,0.00036680909123190913,0.0015452914678076167,0.014157465280832997,False,True,0.13000000000375503,-0.0826027909352699,-3.75502406946282e-12,0.0773972090647301
2007-12,NoATRCovarianceScaling,0.08428598892129047,0.08428599635876552,1.1935895345992336,0.0,2.124992870309496e-06,6.3749786109284875e-09,1.0624964351668524e-09,2.987366038744606e-17,0.024569788518044502,0.9754302114819555,2.6556546714494832e-17,0.012210880589834421,0.0012903994837913893,0.00034884476077346615,1.12198561460216e-08,0.011216824867309114,False,True,0.12443791144782475,-0.08265521000292009,0.005562088552175257,0.07734478999707992
2008-01,NoATRCovarianceScaling,0.10422800960131785,0.10434002470676136,1.3179949960714752,0.0,0.03200431584100456,9.601294752301369e-05,1.600215792050226e-05,4.4080143461803555e-18,0.054721528479180194,0.9452784715208199,1.0859687930364281e-18,0.016750444931497594,0.0014083333333333602,0.0003096808657266003,0.00011201810549819599,0.015624579293606118,False,True,0.13000000000000123,-0.07129562319492655,-1.2212453270876722e-15,0.08870437680507345
2008-02,NoATRCovarianceScaling,0.053063516537631014,0.053418586706731906,1.3879324453420288,0.0,0.10144861974311191,0.0003043458592293357,5.0724309871555963e-05,0.0034982775348653956,0.14871985446291935,0.8477818680022153,3.360106909863905e-19,0.02025201050416017,0.001408333333333349,0.0002319062385529447,0.0003550716693327971,0.018960865929607752,False,True,0.13000000000000073,-0.06216478085959202,-7.216449660063518e-16,0.09783521914040799
2008-03,NoATRCovarianceScaling,-0.04671578419468581,-0.046704085900161195,1.3230940927486279,-0.046715784194685916,0.003351354816212116,1.0054064448636348e-05,1.6442300759794136e-06,0.0,0.1421943276455504,0.8578056723544496,0.0,0.02306095933048632,0.0014083333333397546,0.00022714180564823434,1.1699806976445954e-05,0.022117951051191763,False,True,0.13000000000029635,-0.06288085316265146,-2.963462808480699e-13,0.09711914683734854
2008-04,NoATRCovarianceScaling,-0.020811491456926574,-0.020613902784338983,1.2955585313406797,-0.0665550505079412,0.05645390645359791,0.00016936171936079373,2.822695322679891e-05,0.0,0.20562816735112244,0.7943718326488777,3.577867169202165e-18,0.018261172417050404,0.0014083333355871216,0.00026062670798353234,0.00019759167261859138,0.017098787368654722,False,True,0.130000000104021,-0.056761536330018125,-1.0402098626904888e-10,0.10323846366998188
2008-05,NoATRCovarianceScaling,0.05797386424805827,0.058450621674835446,1.370667065762038,-0.012439639723053064,0.14986438715481554,0.0004495931614644466,2.716426531272982e-05,0.0,0.1575491440746742,0.6925864687705103,0.14986438715481545,0.017108688228419874,0.0014083333333333337,0.00029979561894072517,0.00047675892680843797,0.01562796701600405,False,True,0.13000000000000003,-0.08580306793429764,-2.7755575615628914e-17,0.07419693206570237
2008-06,NoATRCovarianceScaling,0.07413547511831359,0.07447449521918777,1.4722821199113314,0.0,0.0968628859640525,0.0002905886578921575,4.8431442982026214e-05,2.0225849124531134e-19,0.24450885009359075,0.5934369282742044,0.16205422163220493,0.019686194518586057,0.0014083333337355551,0.00023492567481169882,0.0003390220311089131,0.018408080145797666,False,True,0.13000000001856407,-0.07923613514368484,-1.8564066950332858e-11,0.08076386485631516
2008-07,NoATRCovarianceScaling,-0.060511008433289694,-0.060320204738269434,1.3831928441371952,-0.060511008433289715,0.061619394181941206,0.00018485818254582363,5.9455124744405565e-06,0.0,0.2385047881067921,0.6478784513801487,0.11361676051305922,0.019688075108886934,0.001408333333514311,0.0002169183173557184,0.00019080519513161464,0.018576184929642445,False,True,0.1300000000083528,-0.07100696412029361,-8.352790681342981e-12,0.08899303587970639
2008-08,NoATRCovarianceScaling,-0.015668828743419645,-0.01536171518009557,1.361519832343286,-0.0752317005484765,0.10060135239102624,0.00030180405717307874,5.309506150994993e-06,4.226521682054363e-17,0.2656337141255829,0.7343662858744171,8.012809920039513e-17,0.01311802045085604,0.0014083333333333402,0.00027790064621248487,0.0003071150634340345,0.011828838074542849,False,True,0.1300000000000003,-0.056304116196481714,-3.0531133177191805e-16,0.1036958838035183
2008-09,NoATRCovarianceScaling,0.08623043576188472,0.08676255735659279,1.4789242807846958,0.0,0.1670392928992892,0.0005011178786978676,3.1003716010194516e-05,3.406978272093609e-17,0.33144369106058374,0.5635244480605157,0.10503186087890037,0.012798521478189565,0.0014083333335350092,0.0002551696596820392,0.0005321230947358198,0.0113070620570042,False,True,0.13000000000930811,-0.0648786271468272,-9.308109838457312e-12,0.0951213728531728
2008-10,NoATRCovarianceScaling,-0.07155456159240775,-0.07132797385554944,1.37310050224478,-0.0715545615924078,0.06592291592965563,0.0001977687477889669,2.8818989069337212e-05,3.4724578893833066e-17,0.3642782616034638,0.6087386916195183,0.026983046777017707,0.018231365202462164,0.0014083333333347805,0.00019561691961899623,0.00022658923697755642,0.017104992379198224,False,True,0.13000000000006678,-0.050926556852055015,-6.677991493120317e-14,0.10907344314794498
2008-11,NoATRCovarianceScaling,0.12718987805039134,0.12732619701976636,1.5477449876762246,0.0,0.038948276964292323,0.00011684483089287697,1.9474138482146123e-05,0.0,0.43647135629438266,0.5635286437056174,0.0,0.00801563540745294,0.0014083333333337795,0.000249488774848999,0.00013632046947820078,0.0069256594964588495,False,True,0.1300000000000206,-0.04689318776008222,-2.0594637106796654e-14,0.11310681223991778
2008-12,NoATRCovarianceScaling,0.03270596686269334,0.03324793232627398,1.5983654839550632,0.0,0.15484727530875378,0.00046454182592626137,7.742363765437689e-05,4.544035409143734e-18,0.543260419738416,0.45673958026158407,2.6274962023828397e-17,0.01209568618980729,0.0014083333339637227,0.00014542461032603408,0.0005419684635919396,0.010704126448907454,False,True,0.1300000000290949,-0.03553951662583954,-2.909489316138547e-11,0.12446048337416046
2009-01,NoATRCovarianceScaling,0.05065812829648704,0.05074499592293411,1.6793356877059353,0.0,0.024819321842020514,7.445796552606155e-05,1.2409660921010257e-05,0.0,0.5240712018013676,0.47592879819863243,2.0662019289698368e-17,0.016614553471160445,0.001408333333525622,0.0001560192541305181,8.687062651758139e-05,0.015667496923749535,False,True,0.13000000000887488,-0.03758258614201368,-8.87487305867296e-12,0.12241741385798632
2009-02,NoATRCovarianceScaling,0.08659856388098208,0.08660812824781901,1.8247637465353508,0.0,0.0027326762391205223,8.198028717361568e-06,1.3663381195603037e-06,2.5708357703771193e-18,0.5045003432634758,0.49549965673652413,1.1825546090625495e-17,0.01753810642290646,0.001408333333333462,0.00016705527189162626,9.567367477319694e-06,0.016657317116870782,False,True,0.13000000000000594,-0.03966498162370635,-5.9396931817445875e-15,0.12033501837629365
2009-03,NoATRCovarianceScaling,-0.06541478853253603,-0.0652305338278046,1.7053972119339027,-0.06541478853253602,0.0526442013518356,0.0001579326040555068,2.632210067591776e-05,0.0,0.5172467497306659,0.4827532502693342,0.0,0.018608356442524676,0.0014083333340329247,0.00015231023343601036,0.00018425770476466656,0.017567621837307538,False,True,0.13000000003228881,-0.0383088773285572,-3.228881051420274e-11,0.1216911226714428
2009-04,NoATRCovarianceScaling,-0.048803393230255156,-0.048786668324520256,1.6221680411861117,-0.11102571811496376,0.004778544495685461,1.4335633487056382e-05,2.389272247842772e-06,0.0,0.5622728007318849,0.43772719926811504,0.0,0.014983999934707485,0.0014083333333348696,0.00021123110486960037,1.672790610111945e-05,0.014051874257069332,False,True,0.1300000000000709,-0.041643650768019375,-7.088774012231625e-14,0.11835634923198063
2009-05,NoATRCovarianceScaling,0.04130581766729232,0.04140431993384916,1.6891730185210538,-0.07430590851650842,0.028143504730525765,8.44305141915773e-05,1.4071752365262897e-05,0.0,0.5703886865013744,0.4296113134986256,2.661006943358588e-18,0.010355292139403846,0.0014083333333369426,0.00025790194287845895,9.85052666190215e-05,0.009294718263237895,False,True,0.1300000000001666,-0.058722916805937664,-1.6658896484500474e-13,0.10127708319406234
2009-06,NoATRCovarianceScaling,-0.01559539867446956,-0.015561963015612471,1.6628296918670609,-0.08874247692379433,0.009553045387739491,2.8659136163218475e-05,4.776522693869743e-06,8.978922259724655e-19,0.5372073061607787,0.4627926938392213,0.0,0.013081874459041293,0.0014083333333333456,0.0003003661206626788,3.343865904027587e-05,0.012043903012671666,False,True,0.13000000000000056,-0.07251207009536983,-5.551115123125783e-16,0.08748792990463017
2009-07,NoATRCovarianceScaling,-0.008752478287254568,-0.008752477265760854,1.6482758110935922,-0.09671823860861628,2.918553470292594e-07,8.755660410877782e-10,1.459276734727677e-10,0.0,0.5456991691350032,0.4543008308649968,0.0,0.010144807005389778,0.0011617668871249864,0.00028595270789138073,6.646018295193251e-09,0.00927796420791761,False,True,0.11807287006548048,-0.08094040960592691,0.011927129934519526,0.07905959039407309
2009-08,NoATRCovarianceScaling,0.00927383231208081,0.009273832938238023,1.6635616445697334,-0.0883413550229114,1.7890206072124236e-07,5.367061821637271e-10,8.945103036062085e-11,0.0,0.5503809885801275,0.4496190114198724,4.472333961502707e-22,0.009549718001049201,0.001134730445419088,0.00027385562210200276,6.5555692729570414e-09,0.00870849060066838,False,True,0.1166908965816488,-0.08762227175216103,0.013309103418351204,0.07237772824783897
2009-09,NoATRCovarianceScaling,-0.004380072213061495,-0.004380071428462317,1.6562751244356386,-0.09233448572157288,2.2417119371898072e-07,6.725135811569422e-10,1.1208559685949047e-10,0.0,0.5455493487162709,0.4544506512837291,8.219317776713091e-22,0.009085752603598445,0.001119766670287458,0.00027408789315968614,6.586864350675122e-09,0.008251774788430678,False,True,0.11591893738060877,-0.08772230400345093,0.014081062619391238,0.07227769599654907
2009-10,NoATRCovarianceScaling,0.032781291712274674,0.03278129751853594,1.7105699624455475,-0.06258003772083987,1.6589317897997002e-06,4.976795369399101e-09,8.294658948859724e-10,0.0,0.5510324860949236,0.44896751390507633,7.674542219861222e-22,0.01018349370086636,0.001045837133441064,0.00026034372264503833,9.77957741080794e-09,0.009400221631923378,False,True,0.11202698604038568,-0.08994376838353527,0.01797301395961433,0.07005623161646474
2009-11,NoATRCovarianceScaling,0.05319883598006294,0.05341825454961296,1.8015702933101108,-0.01271038690311388,0.06269101987143424,0.00018807305961430272,3.134550993571714e-05,2.645918002126994e-18,0.4721689717735317,0.5278310282264683,0.0,0.01233321330089631,0.0014083333339682152,0.0003727525566766368,0.0002194215695779346,0.01103687250765763,False,True,0.13000000002930223,-0.10898519277625514,-2.930222731123422e-11,0.051014807223744865
2009-12,NoATRCovarianceScaling,-0.03621076301969232,-0.03600633971242238,1.7363340583557407,-0.048460897114768975,0.05840665921998152,0.00017521997765994457,2.920332960999071e-05,1.083253841469599e-06,0.5125205923656916,0.487478324380467,2.7755575615628914e-17,0.013387493066060737,0.0014083333333338717,0.00030224953728958797,0.00020442539380727235,0.01217665146829694,False,True,0.13000000000002485,-0.09925258839567289,-2.4841240175987878e-14,0.06074741160432712
2010-01,NoATRCovarianceScaling,0.003413634691272674,0.003413642406755587,1.7422612685329824,-0.045212690223057406,2.2044236893751626e-06,6.613271068125488e-09,1.1022118446413828e-09,0.0,0.529508131416018,0.470491868583982,0.0,0.012013679717862456,0.0012894383208953482,0.0002987701196276562,1.0813146719232212e-08,0.011070179624640405,False,True,0.124391558599224,-0.09514937158656792,0.005608441400776001,0.06485062841343209
2010-02,NoATRCovarianceScaling,0.011793522490457954,0.011850797905102461,1.7628086659876798,-0.03395238461159922,0.016364404184144504,4.909321255243351e-05,8.182202092072293e-06,0.0,0.5159378016854061,0.4840621983145939,3.510686868573058e-19,0.011394649445501693,0.0014083333333334777,0.00031217733746651346,5.7278414751445234e-05,0.010321027026616995,False,True,0.13000000000000667,-0.09842803850153081,-6.661338147750939e-15,0.06157196149846919
2010-03,NoATRCovarianceScaling,-0.001902803226948735,-0.0017969427385204056,1.7594543879695455,-0.03579058313154626,0.030245853836665594,9.073756150999678e-05,1.5122926918332752e-05,9.931156502758943e-18,0.4850386868014528,0.5149613131985472,2.159934015498466e-20,0.011624721375376085,0.0014083333333891593,0.00035232600043803055,0.0001058634884861887,0.010462365219757288,False,True,0.13000000000257658,-0.10588381146359453,-2.5765778399744477e-12,0.05411618853640547
2010-04,NoATRCovarianceScaling,0.025926439430292835,0.025926440099934313,1.805070775589601,-0.010792066086988239,1.9132613671147238e-07,5.739784101344171e-10,9.566306835573356e-11,1.0451935367699042e-17,0.4925456572265745,0.5074543427734255,2.2230921868152135e-20,0.010152666545578856,0.0011134008074135337,0.00033360100855056975,6.563484209269694e-09,0.009262358569837311,False,True,0.11558896871657955,-0.10407366593844707,0.014411031283420458,0.05592633406155294
2010-05,NoATRCovarianceScaling,0.06691437965549493,0.06691438045172983,1.9258559667724422,0.0,2.2749568323596967e-07,6.824870497079091e-10,1.1374784157637001e-10,3.820560440287537e-17,0.48259442764649113,0.5174055723535088,2.776027348725481e-17,0.01037110304651271,0.0012426492067963933,0.0003417058205336544,6.589427531231963e-09,0.009408066033153327,False,True,0.12211384230117697,-0.10647301884169602,0.007886157698823032,0.05352698115830398
2010-06,NoATRCovarianceScaling,0.00840163980306209,0.008568693317756696,1.9420363149178423,0.0,0.04772957562703052,0.00014318872688109157,2.3864787813515264e-05,0.041749771858293414,0.4582007051158597,0.5000495230258469,0.0,0.0123113517705211,0.0014083333436220144,0.0002986683554130843,0.00016705501485894452,0.011141461728438063,False,True,0.1300000004748622,-0.08674644162753276,-4.74862205113169e-10,0.07325355837246725
2010-07,NoATRCovarianceScaling,-0.03306257310674865,-0.03295775503199456,1.8778275972799103,-0.03306257310674865,0.029948031115094094,8.984409334528228e-05,1.4973981408806653e-05,0.04253256311529327,0.48546654444955195,0.4720008924351548,1.0620165788120046e-19,0.012741483260891164,0.0014083333334057183,0.0002557035821403371,0.00010482097586064158,0.011676792036187328,False,True,0.13000000000334083,-0.07655615324360504,-3.34082761455079e-12,0.08344384675639496
2010-08,NoATRCovarianceScaling,0.04422318517082573,0.04449847796137303,1.9608711148333065,0.0,0.0786550830135155,0.0002359652490405465,3.932754150675774e-05,0.04615101698482425,0.4259502803311005,0.5278987026840752,0.0,0.012064731262777288,0.001408333354323821,0.0003522382979953848,0.0002752944884008061,0.010733031799219186,False,True,0.13000000096879172,-0.0884560811950648,-9.687917135181578e-10,0.0715439188049352
2010-09,NoATRCovarianceScaling,0.007498786870302434,0.007619787317128644,1.9755752694035738,0.0,0.03649200527101146,0.00010947601581303437,1.1524431013175463e-05,0.08019867657382483,0.39876866955751755,0.5210326538686577,0.0,0.012654264495235015,0.0014083333333496087,0.0003327541530787465,0.00012100194694593889,0.011496341728535524,False,True,0.13000000000075118,-0.07627035100350683,-7.511768984613809e-13,0.08372964899649317
2010-10,NoATRCovarianceScaling,0.009678260334078977,0.009721584114104426,1.9946954011704299,0.0,0.012378222864413743,3.713466859324123e-05,6.189111432206851e-06,0.08481685412499032,0.38949498409886196,0.5256881617761477,0.0,0.012177256787616476,0.0014083333333335798,0.00033348515052371807,4.332651175393113e-05,0.011096278458672037,False,True,0.13000000000001138,-0.07604164755498512,-1.1379786002407855e-14,0.08395835244501489
2010-11,NoATRCovarianceScaling,0.03440263703338846,0.03456613757501032,2.0633181830490654,0.0,0.04671444046338926,0.00014014332139016778,2.3357220231694606e-05,0.08464275631828973,0.43084766894772264,0.4845095747339876,2.897797598771438e-17,0.011087668289866022,0.0014083333333844068,0.0002714617733652287,0.0001635022133347009,0.009948537636473888,False,True,0.13000000000235723,-0.06678525069412677,-2.3572255258841324e-12,0.09321474930587323
2010-12,NoATRCovarianceScaling,0.0018114812459383662,0.001960436317855612,2.0670558452420624,0.0,0.04255859197635595,0.00012767577592906785,2.127929598817793e-05,0.08403402976933468,0.46132228892084404,0.45464368130982136,2.817120409493476e-17,0.011887734781880703,0.0014083333333820048,0.0002301228486645518,0.00014895697266961174,0.010804488293855538,False,True,0.13000000000224637,-0.060460892346191786,-2.2463697568753105e-12,0.09953910765380822
2011-01,NoATRCovarianceScaling,-0.03361687453952761,-0.03341738288136031,1.997567888226363,-0.03361687453952755,0.05699761661922753,0.0001709928498576826,2.849880830961377e-05,0.03494560642779591,0.4598594358710712,0.505194957701133,3.461362462146907e-17,0.012949154254260214,0.0014083333406420726,0.000292324171632403,0.00019949341262480034,0.011753169999681975,False,True,0.13000000033732642,-0.08711884756572906,-3.3732641679939945e-10,0.07288115243427094
2011-02,NoATRCovarianceScaling,0.0351901075448396,0.03528672169520286,2.0678625170411666,0.0,0.02760404296093096,8.281212888279287e-05,1.3802021480465467e-05,0.008885969542823573,0.47323274563696904,0.5178812848202075,2.8070595672639775e-17,0.010947852494048836,0.0014083333333546276,0.0003328957335725365,9.661593821215275e-05,0.009814174155586834,False,True,0.1300000000009828,-0.09940089454804034,-9.827971769738042e-13,0.060599105451959664
2011-03,NoATRCovarianceScaling,-0.002130937123393255,-0.0020216058772060622,2.06345603203753,-0.002130937123393406,0.033843581335683756,0.00010153074400705127,7.800502180141902e-06,0.041847905761815345,0.4414365126854579,0.5167155815527268,0.0,0.011177202172105511,0.001408333333380341,0.00031578701645485716,0.00010933274631456497,0.010047915742645918,False,True,0.13000000000216957,-0.08736037454359717,-2.1695700791468653e-12,0.07263962545640283
2011-04,NoATRCovarianceScaling,0.03531377233329521,0.035385466250649436,2.136324448572668,0.0,0.02048397638692179,6.145192916076537e-05,1.02419881934609e-05,0.025304048780357476,0.44631612517622543,0.5283798260434172,1.2839767220729063e-17,0.011160997140855168,0.0014083333341483035,0.0003312687091993208,7.169615293077011e-05,0.010053865611650925,False,True,0.130000000037614,-0.09602085577716228,-3.76139952518173e-11,0.06397914422283772
2011-05,NoATRCovarianceScaling,-0.0002984153534054127,-1.0826238340293083e-05,2.1356869365573585,-0.0002984153534054679,0.08216831859003416,0.0002465049557701025,4.1084159295017086e-05,0.025540379371281213,0.5141688831195781,0.46029073750914073,3.1952256424270783e-19,0.011723925675483662,0.0014083333334491117,0.00023717892654223776,0.00028759161028445114,0.010494988471932415,False,True,0.13000000000534362,-0.07675204969671175,-5.343614439823341e-12,0.08324795030328826
2011-06,NoATRCovarianceScaling,-0.0198865600156968,-0.019660291216147704,2.093215470118771,-0.020179040914267143,0.06464822844259815,0.00019394468532779447,3.2324114221299103e-05,0.02495442840576709,0.4539560430907005,0.5210895285035325,0.0,0.011908657305012825,0.0014083333335085017,0.0003106881936775509,0.00022627073003539036,0.010667531714545632,False,True,0.1300000000080847,-0.09051767829283293,-8.084699576471621e-12,0.06948232170716707
2011-07,NoATRCovarianceScaling,0.040880352141980374,0.040905889503083416,2.178786855646267,0.0,0.00729673200436955,2.189019601310865e-05,3.647165089930351e-06,0.024958857874140265,0.45624455556942023,0.5187965865564396,3.921863678966488e-18,0.011648716459481484,0.0014083333333589929,0.00030876678761172115,2.5539161132539224e-05,0.010610243844057727,False,True,0.13000000000118428,-0.09000495616665329,-1.1842749003676545e-12,0.06999504383334672
2011-08,NoATRCovarianceScaling,0.05757394535810302,0.057817566653931965,2.304228211020198,0.0,0.06960612642084142,0.00020881837926252426,3.4802916566420814e-05,0.09376330339013726,0.4400702020027993,0.4661664946070635,0.0,0.011910997222934545,0.001408333333955509,0.00023435354305731371,0.0002436239191047904,0.010728853093794686,False,True,0.1300000000287158,-0.05912612238952789,-2.871580750962721e-11,0.10087387761047212
2011-09,NoATRCovarianceScaling,-0.01567254389376552,-0.015215398091235269,2.268115093241731,-0.01567254389376549,0.13446222606674027,0.0004033866782002208,5.375912433003159e-05,0.21096789087206685,0.39503554797840534,0.39399656114952786,3.3048896674848156e-17,0.012803768433982062,0.00140833333362579,0.0002036674721767158,0.00045714730257296634,0.011438786992419485,False,True,0.130000000013498,-0.046137033116899255,-1.3498008266665806e-11,0.11386296688310074
2011-10,NoATRCovarianceScaling,0.014706813921440971,0.014814865873386526,2.301471839870449,-0.0011962231590457728,0.030872196258967744,9.261658877690323e-05,1.5435363168652032e-05,0.22564846341352285,0.40049481083103833,0.3738567257554388,0.0,0.012650587565224202,0.0014083333343628732,0.00019818139298796925,0.00010805391386060743,0.01164018559119419,False,True,0.13000000004751722,-0.045206856646034965,-4.751721238704931e-11,0.11479314335396504
2011-11,NoATRCovarianceScaling,0.02828948134266474,0.02840787892630895,2.3665792845451326,0.0,0.03382788104120331,0.00010148364312360993,1.6913940520601635e-05,0.24701398803660188,0.3663673659599056,0.38661864600349255,2.9375102610779136e-18,0.012066664032186238,0.0014083333546993189,0.00022135165952585,0.00011839908392748623,0.01102274661138324,False,True,0.1300000009861224,-0.04889011204820236,-9.86122405954859e-10,0.11110988795179765
2011-12,NoATRCovarianceScaling,-0.041520421932361516,-0.0414366349354181,2.2683179141144323,-0.041520421932361606,0.027207949839233497,8.162384951770049e-05,2.1631474257134818e-06,0.26683279064595317,0.331442250187934,0.4017249591661129,2.8857565480006764e-17,0.01355528386841549,0.0014083333375257906,0.00024644593026654335,8.378849723490142e-05,0.012520882772151149,False,True,0.13000000019349803,-0.052554611286846985,-1.9349802315993259e-10,0.10744538871315301
2012-01,NoATRCovarianceScaling,0.049838513613483966,0.04994299084363586,2.381367507356734,0.0,0.03482561829756932,0.00010447685489270796,3.7525918246249386e-10,0.30174954823145334,0.3122395594410896,0.38601089232745717,0.0,0.012309635989734367,0.001408333333333516,0.0002885253641438989,0.00010447972978040818,0.011212464229143303,False,True,0.13000000000000841,-0.05816113980959942,-8.409939411535561e-15,0.10183886019040059
2012-02,NoATRCovarianceScaling,0.004067496352089199,0.004067502211535181,2.3910537110058914,0.0,1.719667900329514e-06,5.1590037009885425e-09,7.004422804546279e-10,0.308364734700721,0.2987302097498799,0.392905055549399,1.2424866150062152e-21,0.01073994843803918,0.001313685979200151,0.00029710905115334945,9.50067175487865e-09,0.009785986896614002,False,True,0.12555569182797655,-0.05961427628835282,0.004444308172023459,0.10038572371164718
2012-03,NoATRCovarianceScaling,-0.006365787386890201,-0.006365783461378855,2.3758327714509933,-0.006365787386890087,1.1215746702625014e-06,3.3647240107875043e-09,5.60787335221444e-10,0.32050591346872914,0.29809390280093395,0.3814001837303369,8.321856528383661e-17,0.009813797471654971,0.0012056490921732734,0.0002966534487815787,8.124179341043032e-09,0.008914311352607415,False,True,0.12028212296962205,-0.058711889088189514,0.00971787703037795,0.10128811091181049
2012-04,NoATRCovarianceScaling,0.00123841155697905,0.0012384161019186985,2.3787750302126076,-0.005135259294580363,1.298554185347229e-06,3.895662556041687e-09,6.492770926735552e-10,0.321846223897224,0.3001955011200012,0.3779582749827748,7.995301532820575e-17,0.009771572831741113,0.000991808472161995,0.0002918478648349094,8.358881486823128e-09,0.00898381237194372,False,True,0.1090949204406142,-0.0589544690388626,0.02090507955938581,0.1010455309611374
2012-05,NoATRCovarianceScaling,-0.023602910919927327,-0.02360288848752791,2.322629015075952,-0.028616963146826935,7.476757374808253e-06,2.243027212442476e-08,2.1272901493549813e-12,0.32038920434457874,0.3020176930910258,0.3775931025643955,8.07778544420615e-17,0.010511093408814785,0.0008515035967454338,0.0002860118649579331,2.612369717526432e-08,0.00979930362178696,False,True,0.10108433687246113,-0.058654947588304765,0.028915663127538876,0.10134505241169524
2012-06,NoATRCovarianceScaling,-0.015248590423469459,-0.014699615272864591,2.2872121965193926,-0.04342918522010686,0.17688249455386856,0.0005306474836616058,1.8327666943261034e-05,0.4777335114633594,0.1717175078651886,0.350548980671452,3.333328757329848e-17,0.012491467246524987,0.0014083333529445806,0.0004883308645117623,0.0005489766506417363,0.010749993054899197,False,True,0.13000000090513447,-0.09987734900672077,-9.051344673771666e-10,0.060122650993279236
2012-07,NoATRCovarianceScaling,0.011507541724401023,0.011520905535163207,2.3135323863033985,-0.032421406656682916,0.0044544160170769415,1.3363248051230825e-05,5.627109530579125e-10,0.48615130640362336,0.17907611076846658,0.3347725828279101,2.7755575615628914e-17,0.01220243785695245,0.0014083333333335807,0.0004882480293059947,1.3366071284528682e-05,0.010996657089695135,False,True,0.1300000000000114,-0.10425794545527055,-1.1407541578023483e-14,0.055742054544729455
2012-08,NoATRCovarianceScaling,0.02538512312514583,0.025470287363066366,2.3722616907837226,-0.007859304931407518,0.02838787959977805,8.516363879933416e-05,5.991212022469745e-10,0.4545646334884188,0.2090067493028598,0.33642861720872136,6.893530236171271e-19,0.012363150307537417,0.0014083333335787422,0.00043049116862860616,8.516646288880497e-05,0.011143326009230636,False,True,0.13000000001132656,-0.09362762106731541,-1.1326550808377078e-11,0.06637237893268459
2012-09,NoATRCovarianceScaling,0.03395214980796625,0.034253135738076895,2.4528050750929107,0.0,0.10032859477931992,0.0003009857843379598,1.457726856890228e-10,0.5478805290217461,0.10483003049708868,0.34728944048116517,2.299052683377187e-17,0.013853711709138348,0.001408333352066342,0.000597545514366365,0.00030098893030027456,0.012251010588438537,False,True,0.1300000008646004,-0.12602524987446742,-8.646003912815559e-10,0.03397475012553258
2012-10,NoATRCovarianceScaling,-0.04009027578967459,-0.03982990789741017,2.3544714431741225,-0.0400902757896745,0.07829862778188768,0.00023489588334566302,2.5472008918750974e-05,0.47611986661035194,0.12894085520166887,0.3949392781879793,0.0,0.013350416048317215,0.0014083333334478443,0.0004966868192183602,0.00026036939232103974,0.011889193170053894,False,True,0.1300000000052851,-0.09702400102547372,-5.285105686425595e-12,0.06297599897452628
2012-11,NoATRCovarianceScaling,-0.004022562228915912,-0.003982335869610856,2.345000435277749,-0.04395157238945213,0.012147931521256705,3.6443794563770115e-05,3.78256474128616e-06,0.459287395183555,0.13944792638686396,0.401264678429581,0.0,0.013630842805356086,0.001408333339943653,0.0004886742661397185,4.022785966263596e-05,0.012397774009581905,False,True,0.13000000030509168,-0.09269588864874945,-3.0509167414649596e-10,0.06730411135125056
2012-12,NoATRCovarianceScaling,0.019336500812297788,0.01933870055256371,2.390344538099336,-0.025464941192364754,0.0007331793830443467,2.19953814913304e-06,2.021167902210852e-10,0.47237662040330675,0.13927229582970124,0.38835108376699196,0.0,0.012967258302098982,0.0014083333333333634,0.000492713747310454,2.2025910700821998e-06,0.011768175297051766,False,True,0.1300000000000014,-0.09620116551314013,-1.3877787807814457e-15,0.06379883448685987
2013-01,NoATRCovarianceScaling,-0.008704973374045742,-0.00849234111194112,2.369536652540386,-0.03394824293135923,0.07087740479601473,0.0002126322143880442,4.771657778064441e-11,0.5569595115658963,0.0656508395744318,0.3773896488596718,1.6566965132941522e-17,0.013408421939445714,0.001408333354257057,0.0006285118204427926,0.00021263558034631866,0.011863107861528076,False,True,0.13000000096571032,-0.11950825671181223,-9.657103172688863e-10,0.040491743288187776
2013-02,NoATRCovarianceScaling,-0.002151973423966404,-0.0020605657320663406,2.3644374726370043,-0.03602716063874711,0.03046915453423449,9.140746360270347e-05,2.2829735973370994e-10,0.5763771446158309,0.03609454285515015,0.387528312529019,2.8090534087229557e-17,0.012326525895306105,0.0014083333333565612,0.0006678457879119702,9.141047737645418e-05,0.010863102963339399,False,True,0.13000000000107206,-0.12510777054335476,-1.0720591081536668e-12,0.034892229456645246
2013-03,NoATRCovarianceScaling,-0.0021256921876474932,-0.0018811949314791162,2.3594114063732388,-0.03807627017248172,0.08149890933568557,0.00024449672800705674,5.281613203863266e-10,0.5177975177434451,0.11793382239718296,0.36426865985937207,2.3124757753426704e-19,0.010773994205406687,0.0014083333334080886,0.0005327243387315706,0.0002444995527115003,0.009292603647259572,False,True,0.13000000000345024,-0.10732385337921795,-3.450240093627599e-12,0.05267614662078206
2013-04,NoATRCovarianceScaling,-0.045775376873067465,-0.0456776065814829,2.2514084600478896,-0.0821086914284831,0.02793441973527938,8.380325920583815e-05,1.3967032378727707e-05,0.5384551038507557,0.11885175495867745,0.3426931411905668,1.711933438648012e-18,0.011809668652776148,0.0014083333333340194,0.000548695493522713,9.777285088422613e-05,0.010459033641702201,False,True,0.13000000000003165,-0.11710484776596569,-3.164135620181696e-14,0.04289515223403431
2013-05,NoATRCovarianceScaling,-0.0004922724060034565,-0.00024729394650097633,2.2503001537883653,-0.08256054399140322,0.07342481629026364,0.00022027444887079092,2.4704010631689315e-05,0.5211051368258742,0.19847912396863526,0.28041573920549046,4.687537901875932e-17,0.011271414394926451,0.001408333333334168,0.0004941572696658484,0.00024497995956416244,0.009828110499029357,False,True,0.13000000000003853,-0.11947254167932282,-3.852473895449293e-14,0.04052745832067718
2013-06,NoATRCovarianceScaling,-0.06989001286750846,-0.06983385248727884,2.0930266470843404,-0.14668039937700394,0.018719863173923473,5.615958952177042e-05,7.907078468610473e-10,0.5137579177483037,0.21570869555539507,0.2705333866963012,3.245168692089902e-19,0.0098845236401995,0.001408333333362191,0.0004698854301988352,5.6162459603745384e-05,0.008654309083715825,False,True,0.13000000000133188,-0.11822184641237607,-1.331879051491569e-12,0.041778153587623934
2013-07,NoATRCovarianceScaling,0.032684315834699725,0.03293500011534381,2.1614357910680875,-0.1187902320423021,0.07971854168352978,0.00023915562505058934,1.1528655593490311e-05,0.45146043715614587,0.30939150916402314,0.23914805367983105,0.0,0.008774174790191032,0.0014083333370479285,0.00039354776672048723,0.00025068578071009456,0.007425774574236485,False,True,0.13000000017144284,-0.10521073239440931,-1.714428321530903e-10,0.05478926760559069
2013-08,NoATRCovarianceScaling,0.014297117498128032,0.014412788933896907,2.192338092537647,-0.10619147244931282,0.033049199910566915,9.914759973170075e-05,1.652383603717529e-05,0.48534564270617425,0.3007976769554671,0.21385668033835853,5.025502343234578e-19,0.008010154543883768,0.0012867547713026615,0.00043024536023955075,0.0001156733830705864,0.0068208584149223,False,True,0.12426205074612255,-0.11991770356395219,0.005737949253877453,0.04008229643604781
2013-09,NoATRCovarianceScaling,-0.0006513136907499272,-0.0006512985463254657,2.190910192723225,-0.10677362218021558,4.971913461312808e-06,1.4915740383938425e-08,2.2868407763294258e-10,0.4840564390575387,0.2975150736259058,0.21842848731655556,5.564857507611515e-17,0.008061400305547532,0.0010880765841164936,0.00042560302221953425,1.824243998724471e-08,0.007091740748829763,False,True,0.11426687625641091,-0.11916491198139569,0.015733123743589095,0.04083508801860432
2013-10,NoATRCovarianceScaling,0.012763523353178076,0.012853252633428234,2.2188739261327637,-0.09537290644723806,0.029909624307117976,8.972887292135393e-05,4.0732880409089995e-10,0.47340417104237464,0.32897272414178297,0.19762310481584244,4.0175615564871825e-19,0.0076771476542169355,0.0014083333335597296,0.00039309357106327855,8.973173064942697e-05,0.0064901556857243645,False,True,0.13000000001044906,-0.11747763317382984,-1.044905828528897e-11,0.042522366826170166
2013-11,NoATRCovarianceScaling,-0.008106344220676716,-0.008106343523213991,2.2008869703052474,-0.10270612505892696,1.9927506425561748e-07,5.978251927668524e-10,9.963753214177872e-11,0.4792431363284021,0.3254905865878906,0.19526627708370736,0.0,0.00726523766236546,0.0012228564472279886,0.0003972439009013567,6.554436481576613e-09,0.006256558983413628,False,True,0.12113743173245775,-0.11487871259535329,0.008862568267542253,0.045121287404646715
2013-12,NoATRCovarianceScaling,-0.0061546477004958645,-0.00615464533549159,2.187341286374407,-0.10822865274300209,6.757155069508913e-07,2.027146520852674e-09,3.378577535101401e-10,0.4885888660382691,0.3269074730486996,0.18450366091303128,0.0,0.006687118060287874,0.0012020942817436598,0.0004044294150671619,7.080888220324088e-09,0.005681634423460662,False,True,0.12010466843934052,-0.11957973138236407,0.009895331560659484,0.04042026861763594
2014-01,NoATRCovarianceScaling,-0.014232673879936871,-0.014232665102700496,2.1562095711813183,-0.12092094350398286,2.5077818212732032e-06,7.52334546381961e-09,1.25389091064354e-09,0.4865185674451442,0.3310397463981647,0.18244168615669112,6.361912597773301e-22,0.006863717488464786,0.0012963847100421863,0.0003962506283785692,1.201327286087938e-08,0.005819262491792263,False,True,0.12472616614209801,-0.11909995327774721,0.005273833857901991,0.040900046722252795
2014-02,NoATRCovarianceScaling,0.022122828348702113,0.022122829022482894,2.203911025408391,-0.10147322843218254,1.9250879490506642e-07,5.775263847151992e-10,9.625439745253309e-11,0.46888453788138507,0.33675469969599287,0.19436076242262207,8.15850499559357e-22,0.006630575654818981,0.0011468636718138608,0.00037074615786227314,6.554771259839858e-09,0.005686391106278517,False,True,0.11731310268578839,-0.11140261860027008,0.012686897314211618,0.048597381399729925
2014-03,NoATRCovarianceScaling,-0.007515677901304669,-0.007515676021853641,2.1873471400182876,-0.10822626623298537,6.01059992208497e-07,1.8031799766254911e-09,7.627105126639676e-11,0.4657829853035685,0.33147085071193993,0.20274616398449158,1.049312129696297e-21,0.0064530952059787166,0.0011462650584997075,0.0003657555538529005,6.917206780931905e-09,0.005514200205669181,False,True,0.11728248250270153,-0.10986633041468093,0.012717517497298478,0.05013366958531908
2014-04,NoATRCovarianceScaling,-0.008343657430266896,-0.00834365224494895,2.169096664800901,-0.11566692077284735,1.6093620102686224e-06,4.828086030805867e-09,3.5723191471603853e-10,0.47185771603125487,0.33461845230604875,0.1935238316626964,1.0247430089473546e-21,0.006099158496804019,0.0011035674813094432,0.0003677516238000207,8.81305906763731e-09,0.00517961431929021,False,True,0.11507740775544659,-0.11244616300410874,0.014922592244553418,0.04755383699589126
2014-05,NoATRCovarianceScaling,0.004866782983335627,0.004866796579572125,2.179653187538364,-0.11136306359126391,4.166623763290911e-06,1.2499871289872733e-08,1.0963652079254432e-09,0.4726813827292029,0.33852056886653875,0.1887980484042584,1.7557144752790584e-21,0.005652416217820278,0.0010946095425563409,0.00036396668110954655,1.6066526079692594e-08,0.004741128698906481,False,True,0.11460939974834564,-0.11334202183366364,0.015390600251654368,0.046657978166336364
2014-06,NoATRCovarianceScaling,0.01122734551267353,0.01122735123047358,2.204124906972657,-0.1013860296708794,1.7633091137503334e-06,5.2899273412510005e-09,4.2787270765343183e-10,0.47951785638788036,0.33970177053081396,0.1807803730813057,2.0808107448970315e-21,0.005726441656461039,0.0011028781022771618,0.00036761227228082263,9.19868456845861e-09,0.004807381134357067,False,True,0.11504145873260622,-0.11680785606076775,0.01495854126739378,0.04319214393923225
2014-07,NoATRCovarianceScaling,0.016770923320723642,0.016770928280462432,2.2410901167767925,-0.08631544367955879,1.631879217145472e-06,4.8956376514364164e-09,6.410113922994504e-11,0.47227782909197824,0.33865496576119525,0.18906720514682646,0.0,0.005672203179278044,0.0010631126064369434,0.0003561156132142784,9.095979613684783e-09,0.0047845221668656795,False,True,0.11294844521835314,-0.11316292190903461,0.01705155478164687,0.04683707809096539
2014-08,NoATRCovarianceScaling,-0.011713397961057368,-0.011713381566324859,2.2148393363723935,-0.09701779449861225,5.247787275827664e-06,1.5743361827482993e-08,6.513706810456154e-10,0.48042563738551536,0.33480854901420043,0.18476581360028427,5.533337663380922e-17,0.005245962437800678,0.0010125812880783364,0.00036312926121460026,1.8902636496622286e-08,0.004376523629910413,False,True,0.11023146309897204,-0.116628941787366,0.019768536901027964,0.043371058212634
2014-09,NoATRCovarianceScaling,-0.013314598745070613,-0.013314591475355323,2.1853496393237966,-0.10904064023880211,2.3979617680820885e-06,7.193885304246266e-09,7.582998646964177e-11,0.48012729495127376,0.34042687331480753,0.17944583173391876,0.0,0.0046363721254636964,0.0009202962759869616,0.000358429877594171,1.1108301168749495e-08,0.003817783001574876,False,True,0.10508832148171146,-0.11277011380123154,0.024911678518288544,0.04722988619876846
2014-10,NoATRCovarianceScaling,-0.01479452952166253,-0.014794517351033964,2.153018419569666,-0.12222196478939074,4.053990629040994e-06,1.2161971887122983e-08,8.656677444317691e-12,0.46949274864939883,0.3493973718168431,0.18110987953375807,1.894808220015577e-21,0.004663847549911012,0.0011229676545885157,0.00034146120640265396,1.6001602856249608e-08,0.003760886514611244,False,True,0.1160845030788442,-0.10897059499642242,0.013915496921155804,0.05102940500357758
2014-11,NoATRCovarianceScaling,0.014515746680999272,0.014515751267770004,2.1842710895476647,-0.10948036118812832,1.3105059237794592e-06,3.931517771338377e-09,6.552529618897296e-10,0.46617963589463973,0.3570986603683859,0.17672170373697438,1.6898876267436785e-21,0.004959017759145032,0.0008497191100857078,0.0003337656767425864,8.593756232063798e-09,0.00420038393360336,False,True,0.10097836065726407,-0.10836023602965392,0.02902163934273594,0.051639763970346086
2014-12,NoATRCovarianceScaling,-0.011966251278603837,-0.011966246994661913,2.1581335528295473,-0.12013654295468279,1.2420625855602558e-06,3.726187756680767e-09,5.577541667134416e-10,0.4638346911744422,0.3535294087878606,0.18263590003769714,2.6358324459120523e-21,0.004769414887866085,0.0008810145787326212,0.00032947141058128584,8.400087171209471e-09,0.003999427787831317,False,True,0.10282108220005981,-0.10686789157926607,0.027178917799940194,0.05313210842073393
2015-01,NoATRCovarianceScaling,0.032863567581226806,0.032863570802252995,2.2290575206922743,-0.09122109077182217,9.469025611385828e-07,2.8407076834157487e-09,3.803185031625823e-10,0.4583679262413901,0.35805676729334346,0.18357530646526649,5.546426291516936e-17,0.004845096858308904,0.0010560554082412316,0.0003203802294752851,7.604391159485447e-09,0.003996681320321844,False,True,0.1125729314662045,-0.10489503499838078,0.017427068533795498,0.055104965001619224
2015-02,NoATRCovarianceScaling,-0.004949808414032046,-0.004949806761456633,2.21802411302099,-0.0957193722632147,4.721644036558202e-07,1.4164932109674605e-09,2.360822018403406e-10,0.45496669861481415,0.3515758726782055,0.19345742870698046,0.0,0.005814514665752958,0.0008455720962975754,0.00031672897509403173,6.867108043071292e-09,0.005074992775402095,False,True,0.10073164922491294,-0.10331453700548394,0.029268350775087063,0.05668546299451606
2015-03,NoATRCovarianceScaling,0.010063004030429349,0.010063004739977944,2.2403440986099095,-0.08661959266166042,2.0272816966815377e-07,6.081845090044613e-10,1.0136408484795468e-10,0.46148930954289813,0.3526104494440037,0.1859002410130982,0.0,0.005261217212259432,0.0007699108521382756,0.0003197902940588794,6.5573478699751376e-09,0.004556464934783545,False,True,0.09611935406388927,-0.1056850414851667,0.03388064593611073,0.0543149585148333
2015-04,NoATRCovarianceScaling,0.009033810699986792,0.009033813791332872,2.260582943099584,-0.0783682869646889,8.832417369986085e-07,2.6497252109958254e-09,4.4162086854093665e-10,0.4644296057331159,0.3532557108031358,0.1823146834637483,1.265642301600159e-21,0.0060274625072771,0.0009657001171269985,0.0003194699312230045,7.657912593637997e-09,0.005225134859578002,False,True,0.10764943755321707,-0.10710809364905537,0.022350562446782934,0.05289190635094464
2015-05,NoATRCovarianceScaling,-0.0014935228612076939,-0.0014935193844033984,2.2572067107944087,-0.07974476499772121,9.93372655841429e-07,2.9801179675242874e-09,4.966863279137756e-10,0.4804292744978703,0.34739580709283413,0.17217491840929566,1.5724718094960733e-21,0.005262532908880524,0.0008536571937258723,0.0003352351653769705,7.670205083357946e-09,0.004500461476435534,False,True,0.10121208586285764,-0.11371871439154262,0.028787914137142365,0.04628128560845739
2015-06,NoATRCovarianceScaling,-0.019394753111722497,-0.019394752671861568,2.213428743916428,-0.09759288808036048,1.2567455054402015e-07,3.7702365163206047e-10,6.283727532752163e-11,0.46808061878419904,0.34953234199928185,0.18238703921651908,0.0,0.0053958364424247845,0.0010065138408075268,0.0003186571210145628,6.5227882320772116e-09,0.004573915878218226,False,True,0.10990071014188363,-0.10834112004627232,0.020099289858116376,0.051658879953727685
2015-07,NoATRCovarianceScaling,-0.01798510002330851,-0.01798509750274952,2.1736200065626248,-0.11382277024998022,7.201597112676988e-07,2.1604791338030965e-09,3.600798555852931e-10,0.4618992019284616,0.35579501692485066,0.18230578114668775,2.7734340043563513e-17,0.0045574683376810865,0.0007254307644893445,0.0003107732333395074,7.153453890265794e-09,0.0038839725686430166,False,True,0.09330149609664432,-0.10273867350955634,0.03669850390335569,0.05726132649044366
2015-08,NoATRCovarianceScaling,-0.009377939105576433,-0.009377934567656425,2.153235930502418,-0.12213328634732434,1.47346844512938e-06,4.42040533538814e-09,1.1751467405881845e-10,0.45575728782948666,0.36377077474011527,0.18047193743039813,0.0,0.003253297146367206,0.0010231304960755816,0.00030200066744977955,8.613292471354249e-09,0.0024397226175871646,False,True,0.11080417840906082,-0.10094649716628397,0.01919582159093919,0.059053502833716034
2015-09,NoATRCovarianceScaling,0.008469902927684857,0.008469905102757164,2.1714736298141766,-0.11469784049924048,6.54036840699868e-07,1.962110522099604e-09,2.1296178297214269e-10,0.43692154416765816,0.3694452800074915,0.19363317582485037,7.7261326145830805e-22,0.004516289598288081,0.0009047961631266261,0.0002811466727704813,7.004722686332378e-09,0.0037827378392316004,False,True,0.10419958712739466,-0.09513563270804627,0.025800412872605344,0.06486436729195373
2015-10,NoATRCovarianceScaling,0.021896999672248403,0.021897000553417884,2.2190223871745136,-0.09531237940281145,2.9054681681405325e-07,8.716404504421598e-10,9.52903121686032e-12,0.4427150303987913,0.3694607561003123,0.18782421350089645,2.7735881608750093e-17,0.0050992643815794495,0.000989648845018155,0.0002835474139460932,6.616690562596044e-09,0.004320885928433716,False,True,0.10897608058752094,-0.09674160491999217,0.021023919412479067,0.06325839508000783
2015-11,NoATRCovarianceScaling,-0.017703094057454478,-0.0177030919456439,2.179738825138766,-0.11132814944285818,6.38087526204539e-07,1.914262578613617e-09,1.9754799967953114e-10,0.45835096903735184,0.36204239070147903,0.1796066402611691,7.607670291715561e-22,0.004807059733890354,0.0009389129719370909,0.0002979478568264593,6.973445100305971e-09,0.0040396484176502484,False,True,0.10614591684678733,-0.10184400964465852,0.023854083153212677,0.05815599035534148
2015-12,NoATRCovarianceScaling,0.0016139043950467943,0.0016139080910973196,2.1832567152087115,-0.10989391803748971,1.1505377799508887e-06,3.451613339852666e-09,2.44437185589752e-10,0.45849014459531734,0.366453409487885,0.1750564459167976,6.918805558697101e-22,0.00385164164771001,0.0010074113660376637,0.00029661830161091833,7.811400768411063e-09,0.0030513098516794916,False,True,0.10994969937408636,-0.10227794446273443,0.020050300625913647,0.057722055537265574
2016-01,NoATRCovarianceScaling,0.004390885485145931,0.004390892633055702,2.192843145429869,-0.10598556416196037,2.0422599346647807e-06,6.126779803994342e-09,1.0211299673323903e-09,0.4522538272034452,0.3691416796936376,0.17860449310291718,6.093546921426085e-22,0.0038727939021773418,0.0009797910796810006,0.00028738511783906004,1.045908527067633e-08,0.003095502785412511,False,True,0.10843197386459405,-0.09999402657636665,0.021568026135405954,0.060005973423633355
2016-02,NoATRCovarianceScaling,0.03808785027770367,0.038087854369019625,2.2763638268354907,-0.07193447618365534,1.168947414795216e-06,3.506842244385648e-09,5.844737073351782e-10,0.43877175705330684,0.37074792385512867,0.19048031909156452,2.7728945357748786e-17,0.00388482933603783,0.0008481179705297947,0.0002729063290173117,8.143813977398614e-09,0.0031878558779416437,False,True,0.10088317821300802,-0.0956216216050804,0.029116821786991987,0.0643783783949196
2016-03,NoATRCovarianceScaling,-0.007030553511348537,-0.007030552765904637,2.260359729139626,-0.07845929051088385,2.2151674300346037e-07,6.645502290103811e-10,8.0893669928519e-11,0.4327727782146812,0.3595712276758939,0.20765599410942503,0.0,0.005043545946587073,0.0008989860129303417,0.000270860560284686,6.565040913751434e-09,0.004323185814796302,False,True,0.10386448938479456,-0.09445473619215745,0.026135510615205443,0.06554526380784255
2016-04,NoATRCovarianceScaling,0.012191937920525277,0.012191939489327529,2.2879178946353513,-0.06722392338955574,5.113487068914013e-07,1.534046120674204e-09,3.475613037651204e-11,0.4487082569638262,0.36262749697098784,0.18866424606518595,0.0,0.004779269082478076,0.0008782312840459516,0.00027976837608409443,6.82945024663572e-09,0.004060378234920759,False,True,0.10265853792330874,-0.09843062586889124,0.02734146207669126,0.06156937413110876
2016-05,NoATRCovarianceScaling,-0.007361170050691329,-0.007361169265890666,2.2710761419509207,-0.07409024670870201,2.5102757433837016e-07,7.530827230151105e-10,3.171794010769983e-11,0.4419508973132589,0.35891008585382894,0.19913901683291224,1.4845269378380612e-21,0.0054467368247463,0.0007542543099618452,0.0002736769882207655,6.576724022393317e-09,0.0047959261048205895,False,True,0.09513701550680546,-0.09417611235182778,0.03486298449319454,0.06582388764817222
2016-06,NoATRCovarianceScaling,0.02224427491016763,0.02224427813635873,2.3215945839944,-0.053494055614484726,1.025756508496456e-06,3.077269525489368e-09,1.4892157253199032e-10,0.4420360513293752,0.3626493199162109,0.19531462875441385,1.6612650004546927e-21,0.0060044134599283785,0.0007538456839848226,0.00027036988388850667,7.590950116560636e-09,0.005357113143097343,False,True,0.0951112412274063,-0.09401518366159364,0.0348887587725937,0.06598481633840636
2016-07,NoATRCovarianceScaling,0.012185446877627619,0.012522632036091372,2.349884251469052,-0.04196045770981616,0.11239496386201468,0.00033718489158604406,2.668777085151697e-10,0.5482930249264713,0.24784491805977085,0.20386205701375787,1.1516757596724648e-18,0.007850287393467431,0.001207204174871907,0.0004136221059492673,0.00033718785803030866,0.006495875342051902,False,True,0.12035966973393905,-0.1256423817422411,0.009640330266060954,0.034357618257758904
2016-08,NoATRCovarianceScaling,-0.0006727201464828849,-0.0006726307468270025,2.348303436991186,-0.04260495021104205,2.9794314759579108e-05,8.938294427873732e-08,1.6711603684273013e-11,0.5590599107102312,0.2454385605743391,0.19550152871542967,5.631351355037491e-17,0.008001884701722807,0.001141858153528472,0.00042352773163057696,9.288428551766007e-08,0.007007335009042477,False,True,0.11705681459164034,-0.1289170831029149,0.012943185408359661,0.031082916897085117
2016-09,NoATRCovarianceScaling,0.008494532154653896,0.00868887670435608,2.3682511760455918,-0.03447232717590332,0.06478123079301748,0.00019434369237905245,8.57323131697164e-10,0.6298784607986522,0.17965704711982247,0.19046449208152536,0.0,0.008305847150681745,0.001334716426461667,0.0005348010018415726,0.00019434659032540978,0.0069093413452839285,False,True,0.12655669526951155,-0.1549211698574353,0.0034433047304884556,0.005078830142564716
2016-10,NoATRCovarianceScaling,-0.0065893708194696,-0.006364235240457264,2.3526458908529824,-0.04083454704860079,0.0750445292659776,0.0002251335877979328,1.9912144033906732e-09,0.5582393993743344,0.2540414922706459,0.18771910835501976,2.7755575615628914e-17,0.008014587541710739,0.001408333338130732,0.00041292533832606337,0.00022513732629726298,0.006672358208022046,False,True,0.13000000022141842,-0.12883169250518164,-2.214184113835671e-10,0.03116830749481836
2016-11,NoATRCovarianceScaling,-0.018336306568303443,-0.018204502611836197,2.3095070545516427,-0.058422098843643244,0.04393452063607636,0.0001318035619082291,3.9455901856842897e-10,0.5993293261003092,0.20863215695890036,0.1920385169407904,0.0,0.0073200990013906975,0.001408333333333517,0.00047577587146679034,0.0001318064259758771,0.006008350037281272,False,True,0.13000000000000847,-0.14289790115879417,-8.465450562766819e-15,0.017102098841205837
2016-12,NoATRCovarianceScaling,0.021307713006673817,0.02151658162971293,2.358717368056918,-0.038359227152377384,0.06962281055710828,0.00020886843167132484,1.9136779026707184e-10,0.5387861228390088,0.27884756091695456,0.18236631624403657,0.0,0.006045213584715122,0.0014083333333341193,0.00037933935998199053,0.00020887149907171872,0.004752836058994352,False,True,0.13000000000003628,-0.12301588547331842,-3.627653732962699e-14,0.036984114526681586
2017-01,NoATRCovarianceScaling,0.01883019357957722,0.018931508396903895,2.40313247269694,-0.020251345245642538,0.03377157391047848,0.00010131472173143545,9.559523543622137e-11,0.5120179643337599,0.30814319934146456,0.1798388363247756,6.489960940684576e-19,0.006343201256343287,0.0014083333333672439,0.0003387859552934231,0.00010131797121586577,0.005198930663150376,False,True,0.1300000000015651,-0.11489598732858121,-1.5651091533896988e-12,0.045104012671418794
2017-02,NoATRCovarianceScaling,0.008811884856291764,0.008811912488360217,2.424308599340761,-0.011617912911840445,9.182608667543392e-06,2.7547826002630177e-08,8.424245064031652e-11,0.5211285873526521,0.3024974970793304,0.17637391556801754,5.770133499574815e-19,0.006786810553234568,0.0012278702733894045,0.0003472539028726898,3.0987670897575e-08,0.00582559052599628,False,True,0.12138551511886768,-0.11780267112453449,0.008614484881132325,0.04219732887546551
2017-03,NoATRCovarianceScaling,0.017080970531551574,0.017114447805035325,2.4657181430854873,0.0,0.011158629854276833,3.34758895628305e-05,1.3839209177660229e-09,0.510338825627552,0.3117131749949629,0.17794799937748515,3.553347248329955e-20,0.006813567996522362,0.0014083333333346824,0.00033080487819951287,3.347912383238644e-05,0.005745117327823122,False,True,0.13000000000006226,-0.1109265494751749,-6.225575610585565e-14,0.049073450524825105
2017-04,NoATRCovarianceScaling,0.018841276669391387,0.019001737137798923,2.5121754208080986,0.0,0.04862084804128311,0.00014586254412384932,1.4597924283685227e-05,0.47243228775663104,0.3257141610473503,0.20185355119601878,0.0,0.006946648033807011,0.0014083333355914976,0.00029014187468035505,0.00016046196849582153,0.005791877522835086,False,True,0.13000000010422297,-0.10029869184248479,-1.0422296359280381e-10,0.05970130815751522
2017-05,NoATRCovarianceScaling,0.025441518794093027,0.025441600879252752,2.5760889789906467,0.0,2.70179642036239e-05,8.10538926108717e-08,1.0312671147039154e-09,0.4754572938515515,0.32022980088465225,0.2043129052637962,0.0,0.007917767011087642,0.0012145587051323045,0.0002924770407740377,8.410222440499053e-08,0.007017926515523047,False,True,0.12072574067524976,-0.10129046594138139,0.009274259324750248,0.05870953405861862
2017-06,NoATRCovarianceScaling,0.012307786302352724,0.012307806559108046,2.6077949316399094,0.0,5.856341326604334e-06,1.7569023979813002e-08,2.6877313404615663e-09,0.49088851597592514,0.3128435313636688,0.19626795266040614,2.762861958681327e-17,0.007528767138884085,0.0012781393682371636,0.0003054726099430017,2.301145346683936e-08,0.006584201833369035,False,True,0.12384535687237516,-0.10520384296238869,0.0061546431276248426,0.054796157037611315
2017-07,NoATRCovarianceScaling,0.0037129604982421844,0.003712966628424173,2.6174775712086045,0.0,1.8982961257207854e-06,5.694888377162356e-09,4.3529361150374317e-10,0.4981708185317451,0.3094698253234832,0.19235935614477176,0.0,0.007316912632422299,0.0012516635833788562,0.00031063007038799394,9.521019093321153e-09,0.006380441249325784,False,True,0.12255595864969714,-0.10734528345174474,0.0074440413503028685,0.052654716548255265
2017-08,NoATRCovarianceScaling,0.00249644156822209,0.002496456556506219,2.6240119510212585,0.0,4.989535422980641e-06,1.4968606268941924e-08,1.9677860049748512e-11,0.4978798268510542,0.3085710222555117,0.19354915089343422,1.7037752847952467e-21,0.00730044455653848,0.0011111596813726703,0.00030841522247859976,1.8709950338353704e-08,0.0064364307834232064,False,True,0.11547257759516778,-0.10725647814995905,0.014527422404832221,0.052743521850040956
2017-09,NoATRCovarianceScaling,0.015428969060555341,0.015428994386182358,2.664497750228093,0.0,8.249177932476148e-06,2.4747533797428446e-08,5.780932191973279e-10,0.4890539502911827,0.30808043576156297,0.2028656139472544,2.7755575615628914e-17,0.007836263588016052,0.0012689355438846054,0.0002990910907690313,2.776635616517018e-08,0.0069026769589485525,False,True,0.12339864880384738,-0.10488440982428944,0.006601351196152627,0.05511559017571056
2017-10,NoATRCovarianceScaling,0.014937902502137727,0.01545910826258415,2.7042997578381653,0.0,0.15256771955339463,0.0004577031586601839,6.350260178623894e-05,0.5269706833953837,0.15030333750831876,0.32272597909629763,0.0,0.008978489573673573,0.0014083333424642385,0.00040661194609222385,0.000521207260488552,0.007346503695860679,False,True,0.1300000004214264,-0.13753401700914827,-4.21426393781843e-10,0.02246598299085173
2017-11,NoATRCovarianceScaling,-0.0237327628491295,-0.023515056812217296,2.640119253012434,-0.023732762849129396,0.06513926390972812,0.00019541779172918436,2.228824518301703e-05,0.47816667972750015,0.1674076443931168,0.354425675879383,0.0,0.00822756195465767,0.0014083333338268643,0.00036944584319236677,0.00021770753698262222,0.006936241907569248,False,True,0.13000000002277837,-0.139652078621312,-2.277836252950749e-11,0.020347921378688016
2017-12,NoATRCovarianceScaling,0.00793187494930174,0.008050346530667666,2.6610603487785727,-0.01598913320694839,0.03949051494525052,0.00011847154483575157,3.653017410762521e-11,0.5141171833836371,0.13294317886393225,0.35293963775243076,4.972687094454089e-19,0.008257543601638901,0.0014083333547540529,0.00041086755281766245,0.00011847494061392344,0.007024034430830288,False,True,0.13000000098864858,-0.14506781676263045,-9.886485796695155e-10,0.014932183237369556
2018-01,NoATRCovarianceScaling,0.02275219920771258,0.022931020247776206,2.721605323937728,0.0,0.053593498946218995,0.00016078049683865698,1.8040543224970364e-05,0.5679814935938838,0.1145150632904881,0.317503443115628,6.83206187343478e-18,0.008767385806008485,0.0014083333334192244,0.00045150946983191583,0.0001788225401481637,0.0074328871293187935,False,True,0.13000000000396422,-0.14318624406185332,-3.964217842877815e-12,0.016813755938146685
2018-02,NoATRCovarianceScaling,-0.047773822549678074,-0.04773556403086577,2.5915838341416677,-0.0477738225496781,0.012752823644986071,3.825847093495822e-05,4.787735001232131e-11,0.5582713899307153,0.12393844972496389,0.3177901603443209,2.945788226836354e-17,0.007131382814920774,0.0014083333333490544,0.0004356708669499023,3.8261836568570546e-05,0.005953283444727773,False,True,0.1300000000007256,-0.1410463008610484,-7.255862577437711e-13,0.01895369913895159
2018-03,NoATRCovarianceScaling,0.016059710165553298,0.01609717149473554,2.633203919387716,-0.032481346127773314,0.010703497793772249,3.211049338131675e-05,5.3508358009265735e-06,0.5495849238361571,0.13037063317968473,0.3200444429841583,2.988219777976425e-17,0.006768244489548647,0.001408333333342727,0.0004383748339880254,3.746321314898868e-05,0.005588239775740269,False,True,0.13000000000043355,-0.13996026343800985,-4.3354209111612363e-13,0.02003973656199015
2018-04,NoATRCovarianceScaling,0.005740275964716107,0.005831133899379501,2.6483192365563735,-0.0269275220535361,0.030285976066183357,9.085792819855007e-05,6.4648446721408765e-12,0.5265005502593412,0.15939432493286312,0.3141051248077958,0.0,0.0071206397963555984,0.0014083333336326405,0.00040170675715522355,9.086140902071372e-05,0.005923904963363341,False,True,0.13000000001381418,-0.13346534952887837,-1.3814172028503435e-11,0.026534650471121635
2018-05,NoATRCovarianceScaling,-0.01711917301224082,-0.01709269183522118,2.602982201354119,-0.04358571815695167,0.008826852263342469,2.6480556790027408e-05,6.202296135571446e-10,0.5248464096447276,0.16721296456484283,0.3079406257904295,4.5694546706337e-20,0.006659664430868097,0.0014083333342818736,0.00039296697437583606,2.6483382955363866e-05,0.005536047406395961,False,True,0.1300000000437788,-0.1312554099144359,-4.377878615180464e-11,0.028744590085564098
2018-06,NoATRCovarianceScaling,-0.018956382012362213,-0.01895637755721515,2.5536390763738708,-0.061715872645647596,1.3882197255898909e-06,4.164659176769672e-09,2.9048788791064094e-10,0.5163049978905752,0.17069329520846194,0.3130017069009629,4.8216426003318103e-20,0.007485057004225179,0.0014061604598847336,0.00038493907582295896,8.307118067907087e-09,0.006397029391341785,False,True,0.12989967482105874,-0.13109337018523695,0.00010032517894126292,0.028906629814763052
2018-07,NoATRCovarianceScaling,-0.008251536004730518,-0.008231656788820261,2.532567631592085,-0.06945815790517917,0.006626268301491045,1.9878804904473136e-05,4.110057829354314e-10,0.5006307889776469,0.18192897753811266,0.31744023348424055,5.551115123125783e-17,0.007807348449159118,0.001408333333334063,0.0003687841523615191,1.988166109247047e-05,0.006714515969038098,False,True,0.13000000000003367,-0.12939861710829717,-3.366751322175787e-14,0.030601382891702833
2018-08,NoATRCovarianceScaling,-0.003138414303760077,-0.003095630736402833,2.5246193851118566,-0.07237858373265682,0.012223892118554137,3.667167635566241e-05,6.111891001581657e-06,0.5159171013313262,0.1837871560128478,0.30029574265582604,2.0475156032889405e-18,0.007757277175435685,0.0014083333336315739,0.00037427412064606265,4.2786411393968845e-05,0.006636049976579867,False,True,0.13000000001376494,-0.12716847061223086,-1.376493363736131e-11,0.03283152938776915
2018-09,NoATRCovarianceScaling,0.002899863927005894,0.003392757804211433,2.5319404377961625,-0.06968860784970499,0.1474601150751389,0.0004423803452254167,5.0513531980122316e-05,0.6663655160061461,0.14059267258269267,0.19304181141116128,0.0,0.009203862631840119,0.001408333333588105,0.000539298225728689,0.0004928953772366757,0.0074675023620807,False,True,0.1300000000117587,-0.16000000000082928,-1.175870512071242e-11,-8.292810882437607e-13
2018-10,NoATRCovarianceScaling,-0.0636284604513557,-0.06353330653412426,2.3708369657846613,-0.12888288947258564,0.03171795186669332,9.515385560007996e-05,6.163137319973629e-11,0.6374952428245145,0.17148613263296722,0.1910186245425183,7.390931384205654e-19,0.008694818194522952,0.0014083333333366887,0.000488379834675256,9.515718588967911e-05,0.007407114507289672,False,True,0.13000000000015485,-0.1486967759078054,-1.548483563595937e-13,0.011303224092194614
2018-11,NoATRCovarianceScaling,0.020089500173601088,0.020295088696283388,2.418465895420372,-0.11138258212941832,0.06852940032336229,0.00020558820097008686,3.2171221113450234e-10,0.5296703684798043,0.25313512804397764,0.217194503476218,2.776361260138572e-17,0.010756038245061255,0.0014083333338789983,0.0003575103769344441,0.00020559111408576577,0.009488770087101545,False,True,0.13000000002518453,-0.11414907813643474,-2.5184521135201976e-11,0.045850921863565264
2018-12,NoATRCovarianceScaling,-0.005051878547999003,-0.004964212035207622,2.4062480994442303,-0.11587176940013699,0.029222126914570306,8.766638074371092e-05,1.3204766942691925e-10,0.5118089625295599,0.2792769731679999,0.20891406430244036,0.0,0.008857020115355904,0.001408333335313182,0.000329118168041947,8.766955322289117e-05,0.007736065726434475,False,True,0.13000000009137763,-0.10912876917710834,-9.137762768673952e-11,0.05087123082289166
2019-01,NoATRCovarianceScaling,0.05532415254744275,0.055521261714188384,2.539371736364877,-0.06695812429892956,0.06570298706803061,0.00019710896120409184,2.0554154195194313e-10,0.5656893303933104,0.21645687886530277,0.21785379074138675,2.6964422625338946e-18,0.0092350529903697,0.0014083333340442954,0.0004026470510814875,0.00019711200699846875,0.007931127265267596,False,True,0.13000000003281365,-0.12578016663433458,-3.2813640693518664e-11,0.03421983336566542
2019-02,NoATRCovarianceScaling,-0.002155180489968488,-0.002155177342304071,2.533898931941886,-0.06896899794576417,8.993326906236775e-07,2.6979980718710324e-09,4.496663453673387e-10,0.5828624341796903,0.20515035752163896,0.2119872082986707,5.85517807068573e-17,0.006146003736530643,0.001202366230101165,0.00042296046022188106,7.479498208100289e-09,0.00512185268175997,False,True,0.12011825323910592,-0.1306043520167252,0.00988174676089408,0.029395647983274792
2019-03,NoATRCovarianceScaling,-0.011520651782793698,-0.011520645913934925,2.5047067646941907,-0.07969508191941654,1.6768167916542807e-06,5.0304503749628425e-09,8.384083958339763e-10,0.5817130013221801,0.20584454046328038,0.21244245821453953,6.207317107983359e-17,0.005481424557032434,0.0013571815689568923,0.0004187227416706113,9.723552798783647e-09,0.004384101307330578,False,True,0.12761731398005016,-0.13028391753162094,0.0023826860199498423,0.029716082468379063
2019-04,NoATRCovarianceScaling,0.013990256115635244,0.014074714647613548,2.5397482538268266,-0.06681978041099046,0.024131104038005315,7.239331211401594e-05,1.2065219864288985e-05,0.5503619799808476,0.2101039336504179,0.23953408636873463,8.301410729387798e-20,0.00583549729551897,0.0014083333342346897,0.000382419627141269,8.446083640338476e-05,0.0046644501648569715,False,True,0.13000000004160106,-0.12264184698492714,-4.160105593342678e-11,0.037358153015072865
2019-05,NoATRCovarianceScaling,-0.023255492679919647,-0.023142269266747534,2.480685156901118,-0.08852134617668839,0.03234954662060416,9.704863986181247e-05,1.617477331030204e-05,0.5208132686616057,0.20781405309078946,0.2713726782476048,0.0,0.0047291470645275755,0.00113533875118125,0.00035580796659609757,0.00011322610469745542,0.0036924436176433975,False,True,0.11672217019133511,-0.12049861065716563,0.01327782980866489,0.03950138934283437
2019-06,NoATRCovarianceScaling,0.042247385090867146,0.042247392142869954,2.585487618013918,-0.05001375648650974,2.0148579449596835e-06,6.044573834879051e-09,1.0074289725075875e-09,0.4942759815065962,0.21487093753309064,0.2908530809603132,2.7717064119032606e-17,0.005505448812418355,0.0012267011584951352,0.0003342713630612518,1.0717961998373983e-08,0.004557816152147538,False,True,0.1213277128356981,-0.1188769346893144,0.008672287164301906,0.0411230653106856
2019-07,NoATRCovarianceScaling,-0.013866040735477547,-0.013866033728511178,2.549637141381464,-0.06318630443721118,2.055885108806538e-06,6.167655326419614e-09,8.393110433324188e-10,0.5050496399606839,0.20712365844914535,0.2878267015901708,2.8402764223813715e-17,0.0051602974935659775,0.0012033691233464552,0.00034337286503438065,1.0440304383714551e-08,0.004215229626553985,False,True,0.12016833809351556,-0.12009181070305958,0.009831661906484448,0.03990818929694043
2019-08,NoATRCovarianceScaling,0.025107622478260747,0.025107624410025304,2.6136524681838216,-0.039665139836556396,5.519327308800455e-07,1.6557981926401366e-09,2.7596636544001756e-10,0.4853680601495073,0.21304233564418168,0.301589604206311,5.594763965417248e-17,0.00543497101425296,0.0010927580400138842,0.0003264184630586412,6.97168964962838e-09,0.004562166559497727,False,True,0.11451242936977021,-0.120564245847944,0.015487570630229791,0.03943575415205601
2019-09,NoATRCovarianceScaling,0.006394400835098188,0.006394402156371983,2.6303652097090326,-0.03352437380475337,3.798343422983962e-07,1.1395030268951886e-09,1.8177076765988904e-10,0.4616006804370688,0.20915200173852977,0.3292473178244014,5.209510167745588e-17,0.006160504847051829,0.0010612089482861142,0.0003138172680331784,6.7328227729857515e-09,0.00531607637205282,False,True,0.11284727457689606,-0.12490356718467505,0.01715272542310395,0.03509643281532496
2019-10,NoATRCovarianceScaling,0.0050881380204828505,0.005088139874815795,2.6437488709403083,-0.028606812425239436,5.298094125222046e-07,1.589428237566614e-09,2.6490470629578376e-10,0.4861804880358668,0.20600839991209294,0.3078111120520403,8.022027816570335e-17,0.005568272264406319,0.0010041476486005656,0.00032659387025573035,6.866918856285896e-09,0.004739597702931449,False,True,0.10977145249657029,-0.12172799093173575,0.020228547503429714,0.03827200906826425
2019-11,NoATRCovarianceScaling,-0.0016912090793492953,-0.001691206101117977,2.6392777388462547,-0.030249641403683913,8.509232338055653e-07,2.5527697014166957e-09,4.254616168541634e-10,0.4894528815330942,0.20286471772238326,0.30768240074452247,7.819964320056031e-17,0.004713930472479388,0.0009708945107077144,0.0003282053430525306,7.474835953969673e-09,0.0039002703992370466,False,True,0.10793856645561202,-0.12226503859210236,0.022061433544387984,0.037734961407897644
2019-12,NoATRCovarianceScaling,0.04077231299065063,0.04077231507826981,2.7468871968837507,0.0,5.964626227511124e-07,1.7893878682533372e-09,2.9823131138247715e-10,0.49436078731706945,0.2047423562796323,0.3008968564032981,1.0916451828029727e-16,0.004704976308445763,0.0010726071798664602,0.0003282414197149944,6.961469611161632e-09,0.0038404243373279276,False,True,0.11345169085737561,-0.12098679076546934,0.016548309142624396,0.039013209234530666
2020-01,NoATRCovarianceScaling,0.0012942517629809071,0.001294254112008702,2.750442360481027,0.0,6.784053558639907e-07,2.035216067591972e-09,3.1381172721495927e-10,0.5078810112518483,0.1962898832972956,0.29582910545085617,1.1122054627882136e-16,0.004701441901912114,0.0012377258169858258,0.0003392798015993564,7.175815214491315e-09,0.00374329201600463,False,True,0.12187169402215557,-0.12180728856909954,0.008128305977844433,0.03819271143090046
2020-02,NoATRCovarianceScaling,-0.013837023478054341,-0.013837022778311616,2.7123844249640157,-0.013837023478054378,1.9992649324956203e-07,5.997794797486861e-10,9.996324662470857e-11,0.4865133396052979,0.19736105043488972,0.3161256099598124,9.649691389893557e-17,0.005238869025307876,0.0011273420355753143,0.000323525510766159,6.563590200472312e-09,0.004351665933163859,False,True,0.11631037970406498,-0.12440854270473789,0.013689620295935026,0.03559145729526211
2020-03,NoATRCovarianceScaling,-0.06158094537416212,-0.06158094109450901,2.5453532278565785,-0.07456587186527341,1.3356106638024468e-06,4.0068319914073406e-09,2.7282112291521e-10,0.47233808524736465,0.2027949080246539,0.3248670067279815,8.829008924690474e-17,0.006775697520026341,0.001239241538368864,0.0003122142050053816,8.192662074064007e-09,0.005843854353174454,False,True,0.12194629334435043,-0.12484461156181012,0.00805370665564957,0.03515538843818988
2020-04,NoATRCovarianceScaling,0.05708517803101209,0.05708518805038037,2.690655170020582,-0.02173729990472828,3.3309806210663674e-06,9.992941863199102e-09,2.642641933066847e-11,0.43969522085700224,0.21355397878893911,0.34675080035405864,4.167337945487725e-17,0.006626271793484149,0.0013987611536587451,0.00031015093168550417,1.3860456923628746e-08,0.005616726424512348,False,True,0.1295574538338298,-0.12821296256684003,0.0004425461661702046,0.03178703743315997
2020-05,NoATRCovarianceScaling,0.04461979879209219,0.044619810145690664,2.810711662325803,0.0,3.28996002381401e-06,9.86988007144203e-09,1.4837183968385618e-09,0.44856952550640716,0.20277435169450292,0.3486561227990899,2.2108465923334097e-17,0.0043989233885205065,0.0013447525497029193,0.00031867208634391904,1.4496762054478746e-08,0.003407860530563073,False,True,0.1270316125869267,-0.1302191719371384,0.0029683874130733146,0.029780828062861614
2020-06,NoATRCovarianceScaling,0.025708997264489844,0.025709008007489015,2.882972240763807,0.0,3.0923139621579726e-06,9.276941886473918e-09,1.4660572870555618e-09,0.45518440751168476,0.19568769761790406,0.3491278948704112,5.651547326250536e-17,0.004620382891970204,0.001243355027814994,0.000324054971527889,1.4090004713683719e-08,0.003674636316530105,False,True,0.12214851752591976,-0.13136124734421772,0.00785148247408024,0.02863875265578228
2020-07,NoATRCovarianceScaling,0.06290063588953904,0.06290066588428189,3.0643130279597397,0.0,8.71288054654659e-06,2.6138641639639774e-08,3.856101212118352e-09,0.46931183174554747,0.19077382747756338,0.3399143407768891,5.865840616153116e-17,0.004275565528924194,0.0012785931838804718,0.0003320605282587204,3.233068739112941e-08,0.0033041760780378464,False,True,0.12386734116209026,-0.12885599268542272,0.006132658837909741,0.031144007314577282
2020-08,NoATRCovarianceScaling,0.013424242182524469,0.013424275843672662,3.1054491081701356,0.0,9.660354997068262e-06,2.8981064991204785e-08,4.680083202312872e-09,0.46648992575040243,0.18072097463760192,0.35278909961199556,5.623839024490105e-17,0.004788578886933614,0.0011631544114104621,0.00033452934438143024,3.646095519999255e-08,0.003872435875891753,False,True,0.11814335756582148,-0.1333006621424867,0.011856642434178527,0.0266993378575133
2020-09,NoATRCovarianceScaling,-0.016360487847934004,-0.016360456275762675,3.0546424457735406,-0.01636048784793398,9.059176868219949e-06,2.717753060465985e-08,4.394640725838013e-09,0.47367956261460253,0.17641794979794828,0.34990248758744913,8.523398422020487e-17,0.004603002227280288,0.0010890771012530749,0.00033872905742187977,3.441694803502148e-08,0.0037197002022838358,False,True,0.11431939999421313,-0.13325742650182187,0.015680600005786874,0.02674257349817813
2020-10,NoATRCovarianceScaling,-0.023799091034845916,-0.023798995215732914,2.9819447321276717,-0.03977021414311244,2.7376889429262598e-05,8.213066828778779e-08,1.3688444714637303e-08,0.4856733718683492,0.18099023679489185,0.33333639133675896,7.572139178704182e-17,0.004695274712674804,0.0013899541452052353,0.0003421725144121951,9.869617692182563e-08,0.0036580264294830693,False,True,0.12914894402380075,-0.12904634637945842,0.0008510559761992498,0.030953653620541588
2020-11,NoATRCovarianceScaling,0.05281434670874304,0.05281434975384923,3.1394341950765723,0.0,8.700303385511806e-07,2.610091015653542e-09,4.350151692755492e-10,0.48451467578180846,0.18463615491689528,0.33084916930129626,6.854586892358095e-17,0.004462493281332891,0.0011330754572833105,0.00034075983353821186,7.491051635950612e-09,0.0035551882281013875,False,True,0.11660576952878329,-0.1280031788319118,0.013394230471216712,0.03199682116808819
2020-12,NoATRCovarianceScaling,0.08527709831269671,0.08527710450664124,3.407156033576359,0.0,1.8602130624212502e-06,5.580639187263751e-09,6.133053307710698e-10,0.5316531442782694,0.17488622883940305,0.29346062688232755,2.2560256792999034e-17,0.0037297007949761317,0.0010842957734902507,0.00037635093042140286,9.608859329325637e-09,0.002811192368950274,False,True,0.11406817821760373,-0.1251520550983449,0.01593182178239627,0.034847944901655104
2021-01,NoATRCovarianceScaling,0.017574890189270345,0.01757497376955642,3.467036426724173,0.0,2.7784928701296316e-05,8.335478610388895e-08,2.2549996768786185e-10,0.5556115940412732,0.16075566593344967,0.28363274002527705,0.0,0.0031676105379110607,0.0013124626561619181,0.0004009195812314944,8.642669242220825e-08,0.002110373201906185,False,True,0.12549721859046525,-0.12869067788605293,0.004502781409534751,0.031309322113947075
2021-02,NoATRCovarianceScaling,-0.01022481415691136,-0.009295078991419427,3.4315866235856767,-0.010224814156911233,0.30991170507255505,0.0009297351152176652,5.0274266639064127e-11,0.25628119288419376,0.46754868157185187,0.27617012554395437,8.944667923005412e-19,0.002803512109028813,0.0005193852651923937,0.00012460897514615174,0.0009297384744842882,0.0014894720268021763,False,True,0.07894696436411425,-0.08040898320798424,0.05105303563588576,0.07959101679201576
2021-03,NoATRCovarianceScaling,-0.004183856665248126,-0.004183845065971685,3.4172293570182113,-0.014365891665298114,3.821438593620831e-06,1.1464315780862494e-08,1.3496066050833034e-10,0.26943936594172874,0.4695157817561416,0.2610448523021297,1.0446452566966004e-18,0.002959258538022509,0.0005182510779284815,0.00012425952500957454,1.5031172023876002e-08,0.0025758584428766697,False,True,0.07886071858119084,-0.07563067389273402,0.05113928141880916,0.08436932610726598
2021-04,NoATRCovarianceScaling,0.008258385710945683,0.008258430703090897,3.4454501551112346,-0.00622614502880614,1.4910325656509156e-05,4.473097696952747e-08,2.611682442260355e-10,0.2691631267180624,0.4701737768950514,0.2606630963868863,0.0,0.0029085483264396283,0.0004762459595979379,0.0001233516842661576,4.780618067251433e-08,0.0025470258561938294,False,True,0.07559729833251487,-0.07546416444020129,0.054402701667485134,0.08453583555979871
2021-05,NoATRCovarianceScaling,0.017927435499734384,0.017927448951274624,3.5072182405345407,0.0,4.256632212512604e-06,1.2769896637537812e-08,6.816436035894686e-10,0.26963982324503877,0.4646336578575972,0.2657265188973641,5.727279500017221e-21,0.003570332710123435,0.00047471370650778753,0.00012517242976752303,1.6032150760494406e-08,0.0032077873949512576,False,True,0.07547558862369641,-0.07670664304412564,0.054524411376303594,0.08329335695587436
2021-06,NoATRCovarianceScaling,-0.013185858950903514,-0.01281762903157653,3.4609725555048163,-0.013185858950903517,0.10520865235696025,0.00031562595707088076,5.260396225610242e-05,0.16287984981528414,0.4559380844230666,0.3811820657616493,8.452117693523006e-20,0.004838413472630042,0.0007123319745262961,0.00014626867804085693,0.0003682321828272681,0.003967746624498768,False,True,0.09245530646921005,-0.11544326300517858,0.03754469353078996,0.04455673699482142
2021-07,NoATRCovarianceScaling,0.013775375745272985,0.013775397685069257,3.5086487529009727,0.0,6.278940748658028e-06,1.8836822245974084e-08,3.1029740253096316e-09,0.16944511286776148,0.4632199107279572,0.3673349764042812,0.0,0.005102758268081204,0.0006569697860154195,0.00013877245616050185,2.5113099928441088e-08,0.004635475805813063,False,True,0.08878984982634576,-0.11020857805324297,0.041210150173654245,0.049791421946757036
2021-08,NoATRCovarianceScaling,0.0008353939537400929,0.0008354036127352971,3.5115798568549437,0.0,2.7597129154954825e-06,8.279138746486447e-09,1.379856457761619e-09,0.16266847163551626,0.4622724771273753,0.3750590512371085,0.0,0.006121114419283686,0.0006411066564315259,0.00014134508631511995,1.259761074402909e-08,0.0056592034071420595,False,True,0.08771134406208989,-0.11293713589496987,0.04228865593791012,0.04706286410503013
2021-09,NoATRCovarianceScaling,-0.018170031286051904,-0.01816999913506776,3.44777434099242,-0.01817003128605177,9.185995468674601e-06,2.7557986406023804e-08,4.592997734337301e-09,0.1596705660097516,0.4617129115942386,0.3786165223960098,0.0,0.00601292594517098,0.0006757269174291808,0.00014222857993894137,3.4130812156823355e-08,0.005532799775705292,False,True,0.09004844812183144,-0.11420256844211274,0.03995155187816857,0.045797431557887264
2021-10,NoATRCovarianceScaling,-0.005415577557505426,-0.005415559552331266,3.4291026516479985,-0.023487207629905305,5.144335474091544e-06,1.5433006422274633e-08,2.572167737052711e-09,0.15500077478167157,0.46409267456077324,0.38090655065755524,0.0,0.005675475660094189,0.0007687120616315954,0.0001436436274280181,2.060872695988077e-08,0.005147455393123413,False,True,0.09604449354116636,-0.11488340276025713,0.03395550645883365,0.04511659723974287
2021-11,NoATRCovarianceScaling,0.003387980633711852,0.0033879902792819548,3.4407203850227916,-0.020178801200783636,2.755877172175292e-06,8.267631516525876e-09,1.3779385860668294e-09,0.15297319318033015,0.4598718236336719,0.387154983185998,4.53213859731587e-22,0.005264042584890686,0.0007415470566965977,0.0001468302301208283,1.2767045344003377e-08,0.0047464260593762155,False,True,0.09433220383495328,-0.1173417549252291,0.03566779616504673,0.04265824507477091
2021-12,NoATRCovarianceScaling,0.01453477342923876,0.014534797936033125,3.4907304762524607,-0.005937322075072027,7.001941247253285e-06,2.1005823741759854e-08,3.5009706236266427e-09,0.14620303986911504,0.4664099156072316,0.3873870445236534,3.844343047819811e-22,0.00582272888539434,0.0008504992864733337,0.00014470734916385895,2.656904110738304e-08,0.005252745323952707,False,True,0.10102470706554909,-0.11708727727672298,0.02897529293445092,0.04291272272327702
2022-01,NoATRCovarianceScaling,-0.009178560142399999,-0.009012801237291593,3.4586905966352686,-0.01506138614972119,0.047359687173830274,0.00014207906152149082,2.3679843586915107e-05,0.10644232399257854,0.4581303410601585,0.43542733494726293,1.9156551374124663e-19,0.0060363462804157815,0.0008359536752485027,0.00017367356722069218,0.00016576078599918283,0.005278935089571655,False,True,0.10015709711738871,-0.13461915641315902,0.029842902882611294,0.02538084358684098
2022-02,NoATRCovarianceScaling,0.023916655959396682,0.023916672085950483,3.5414109097049944,0.0,4.607586800806087e-06,1.382276040241826e-08,2.3037934004099803e-09,0.09900513339308421,0.4559539578963413,0.44504090871057456,2.222409043051072e-19,0.006283141497427281,0.000987696435328332,0.00018035591719410844,1.8569187956384966e-08,0.00560891879338105,False,True,0.10886853183514501,-0.13812677197878265,0.02113146816485499,0.021873228021217356
2022-03,NoATRCovarianceScaling,0.00026494661359305593,0.0003644505451856862,3.5423491945328625,0.0,0.028429694740751493,8.528908422225449e-05,1.4214847370375761e-05,0.06761063586976189,0.44389724114452545,0.48849212298571276,8.174673090457571e-21,0.0068413433952390626,0.0014004397289915397,0.00021685153721048565,9.950565296982569e-05,0.005824766340562982,False,True,0.1296351678669738,-0.15335040709304631,0.00036483213302621054,0.0066495929069536885
2022-04,NoATRCovarianceScaling,-0.003979777693643612,-0.003949008023694592,3.528251432225364,-0.00397977769364366,0.00879133427114856,2.637400281344568e-05,4.395667135574266e-06,0.0593486661949893,0.43664908856746454,0.5040022452375462,7.205589736974387e-20,0.006726620378566689,0.001408333333333334,0.0002308002292802433,3.0772184449859245e-05,0.00576088129816992,False,True,0.13000000000000003,-0.1591411982814249,-2.7755575615628914e-17,0.0008588017185751085
2022-05,NoATRCovarianceScaling,-0.01216770882646026,-0.012094669857236005,3.4853206961315046,-0.016099061743933496,0.02086835056671254,6.260505170013762e-05,1.0433917524117762e-05,0.07403216039924951,0.4382262329306176,0.4877410911516558,5.155184770775179e-07,0.006819078708409838,0.00140833333408351,0.0002138020837387749,7.303988378839969e-05,0.0058280700738409085,False,True,0.13000000003462353,-0.15338763508114156,-3.4623526268262594e-11,0.006612364918858443
2022-06,NoATRCovarianceScaling,-0.007591895591641547,-0.007501393800525373,3.458860505303087,-0.023568734939691693,0.02585773894448246,7.757321683344738e-05,1.2928574282726576e-05,0.04878911871777163,0.4436864526434944,0.507524428638734,2.5805870669726436e-21,0.006790515133719721,0.0012857873897745447,0.00023367343783254444,9.050282127860927e-05,0.005823445179721294,False,True,0.12421533189302573,-0.16000000000389622,0.0057846681069742695,-3.896216682619524e-12
2022-07,NoATRCovarianceScaling,0.008646349125954762,0.008738166070712197,3.4887670208099135,-0.015126169324482741,0.026233509130269072,7.870052739080722e-05,1.311641736662858e-05,0.06954655914439532,0.44200727930581934,0.4884461615497853,0.0,0.006449726960507385,0.001408333333334087,0.00021365179678497915,9.181924246202638e-05,0.005440089254593336,False,True,0.13000000000003478,-0.15343411598217715,-3.477773624638303e-14,0.006565884017822848
2022-08,NoATRCovarianceScaling,-0.018913305026260627,-0.018913303412075394,3.422782905979777,-0.0337533884964305,4.7097100773495655e-07,1.4129130232048698e-09,2.0127220980158562e-10,0.07173081767807854,0.44490348474742814,0.4833656975744933,2.7736611897938465e-17,0.00564154442882386,0.0011782539727738326,0.00020796805501092967,6.817503818754835e-09,0.004844442569922195,False,True,0.11890772755917081,-0.15150392035095944,0.011092272440829193,0.008496079649040561
2022-09,NoATRCovarianceScaling,0.01342558536910268,0.01342558772388188,3.4687357700839145,-0.020780962126082936,7.669959479136968e-07,2.3009878437410904e-09,5.3791358950462465e-11,0.0720153039272838,0.44113664401476493,0.4868480520579513,2.80627028079331e-17,0.004289595788387687,0.0012648672944142198,0.00021180651622855191,7.198710339167212e-09,0.003445348426241686,False,True,0.12320067992089426,-0.1529214902406934,0.006799320079105747,0.0070785097593066
2022-10,NoATRCovarianceScaling,-0.008378546725101164,-0.008304846793006132,3.4396728053572367,-0.028985394589018165,0.021057123455723338,6.317137036717002e-05,1.0528561727861694e-05,0.06406221624365578,0.45078131531616117,0.48515646844018306,1.127855946657375e-19,0.004652107421227466,0.0014083333336187215,0.00020948477260522905,7.370176824202003e-05,0.0036647542135708555,False,True,0.13000000001317177,-0.1518200171631488,-1.3171769230879704e-11,0.008179982836851202
2022-11,NoATRCovarianceScaling,0.0007109543877469864,0.0008943833609029219,3.4421182558306196,-0.02829504749473477,0.061142989914803006,0.00018342896974440903,3.4115264902169705e-12,0.00695218129415904,0.5138247035245522,0.4792231151812887,3.11604071481071e-17,0.005409956205298769,0.001408333333342457,0.00021135788107188853,0.00018343245958091564,0.004310999197974736,False,True,0.13000000000042108,-0.14642958356775884,-4.2107983766470625e-13,0.013570416432241161
2022-12,NoATRCovarianceScaling,0.009919112010273469,0.009945437681896272,3.476261012362811,-0.018656597229897542,0.007521621273731595,2.2564863821194783e-05,3.7608078016080497e-06,1.7281892468978427e-18,0.5241748354633787,0.47582516453662127,9.467800207202301e-19,0.005382493685917597,0.001158985988705487,0.0002089005571316177,2.632866337380811e-05,0.004567771471059428,False,True,0.11793147105190305,-0.14469030150918324,0.012068528948096957,0.015309698490816759
2023-01,NoATRCovarianceScaling,0.024550257486133924,0.02455026099084745,3.561604115305326,0.0,1.001346721540808e-06,3.0040401646224236e-09,5.006733608120374e-10,2.928240452011974e-17,0.5217099651472893,0.47829003485271077,2.861389754525152e-17,0.005394130908864632,0.0012439422020806828,0.00021005594857891004,7.95308155543398e-09,0.004562095906163825,False,True,0.12217735643304857,-0.1446515455807564,0.007822643566951434,0.015348454419243596
2023-02,NoATRCovarianceScaling,0.00037089142934608525,0.00037089219626772825,3.562925083746417,0.0,2.1912046943575888e-07,6.573614083072767e-10,1.0956023471785114e-10,3.1240565415895925e-17,0.5248346521862566,0.47516534781374353,2.729144259183659e-17,0.005114867447417191,0.0011791591069322354,0.00020624981484232505,6.583039046192523e-09,0.004319031496069703,False,True,0.11895339122188499,-0.14337598457425266,0.011046608778115016,0.016624015425747346
2023-03,NoATRCovarianceScaling,0.041256948107326816,0.04125694894185887,3.7099204990368357,0.0,2.3843772992321417e-07,7.153131897696425e-10,1.192188648771085e-10,0.0,0.5154701259510805,0.4845298740489194,1.8590976630342917e-22,0.004784770401419871,0.0010518682605246568,0.00021354438077016646,6.598116694895368e-09,0.004045285292270682,False,True,0.11234953994697033,-0.14719448689280798,0.01765046005302967,0.012805513107192024
2023-04,NoATRCovarianceScaling,0.019753598527671976,0.019753599122084197,3.78320477914439,0.0,1.6983206263532246e-07,5.094961879059674e-10,8.491603131766134e-11,0.0,0.5056579650362659,0.494342034963734,6.159948087427373e-22,0.00525620104788257,0.0012823720468020767,0.00022135872923467764,6.550116320117181e-09,0.004393649745130534,False,True,0.1240502501473694,-0.15118172216717374,0.005949749852630609,0.008818277832826266
2023-05,NoATRCovarianceScaling,-0.018534061594912686,-0.018534059701797855,3.71308662874156,-0.018534061594912665,5.408899519942505e-07,1.6226698559827516e-09,2.704449760526364e-10,5.545607269781314e-17,0.4975241228505057,0.5024758771494944,5.5456659077634823e-17,0.005478681156187699,0.001212700740076873,0.00022774089799981878,6.979181293512834e-09,0.004644582908968149,False,True,0.1206333655375762,-0.15447627766683916,0.009366634462423806,0.005523722333160841
2023-06,NoATRCovarianceScaling,-0.014401741118530704,-0.01440173979664817,3.659611716363746,-0.03266887995647849,3.7768072388908846e-07,1.1330421716672654e-09,1.8884036189159592e-10,2.7755999906558864e-17,0.5027555245200911,0.49724447547990897,2.775560159262463e-17,0.005249969363786075,0.0010912085463898706,0.00022349184306116033,6.741306380438962e-09,0.0044808665062235995,False,True,0.1144312132098513,-0.15235844574519578,0.015568786790148698,0.007641554254804228
2023-07,NoATRCovarianceScaling,-0.006100814363086288,-0.006100813652033429,3.637285104641235,-0.03857038754750042,2.0315795976057522e-07,6.094738792817257e-10,1.0157897986639263e-10,2.785431511330316e-17,0.5094821075542001,0.4905178924457999,2.9466491101008166e-17,0.004761121692299959,0.0008524276290997942,0.00021731669099858613,6.571497748634687e-09,0.004117584615253727,False,True,0.10113916921350269,-0.14962943433527895,0.028860830786497316,0.010370565664721054
2023-08,NoATRCovarianceScaling,0.018457290565053096,0.018457290565053096,3.704419532685538,-0.020825001832618262,2.775557561562891e-17,8.326672684688673e-20,1.3877787807814457e-20,5.651123852500975e-17,0.5144795557297802,0.4855204442702197,6.05595495289808e-17,0.004315447080409222,0.0008420276103277599,0.00021199727294758734,6.5e-09,0.0036824295022977543,False,True,0.10052030304338083,-0.14759765179670598,0.029479696956619172,0.012402348203294028
2023-09,NoATRCovarianceScaling,-0.022856168385019106,-0.022856167483612546,3.6197506960777233,-0.04320519046913274,2.575447317353929e-07,7.726341952061787e-10,1.2877236581224258e-10,8.163628573097715e-17,0.5059906531078482,0.49400934689215176,9.214751569614494e-17,0.003991867609129335,0.0008393879954071585,0.00021854224791335175,6.614212748040332e-09,0.003353624749299656,False,True,0.10036262224994873,-0.15104676316193466,0.029637377750051278,0.008953236838065343
2023-10,NoATRCovarianceScaling,0.03564535697574824,0.03564535897951283,3.7487780018026267,-0.009099897930861967,5.725041674066013e-07,1.717512502219804e-09,2.8625208370330635e-10,8.095509584232813e-17,0.5141822897918668,0.4858177102081332,1.0270050545185755e-16,0.003938494930588232,0.0009009178432822798,0.00021267009066416783,7.032997956334528e-09,0.003275358885284968,False,True,0.10397602665704897,-0.14771861181608759,0.026023973342951034,0.012281388183912417
2023-11,NoATRCovarianceScaling,0.00694398893350614,0.006943989681073023,3.7748094747613155,-0.0022190985878837166,2.1359053792310917e-07,6.407716137693275e-10,1.0679526896155935e-10,7.442332069121821e-17,0.4938733444551293,0.5061266555448706,9.342748162733735e-17,0.004387503151916208,0.0011504069944798152,0.000229974548548575,6.57894624773209e-09,0.003582318527181478,False,True,0.11749418680835994,-0.15490420591708962,0.01250581319164007,0.005095794082910388
2023-12,NoATRCovarianceScaling,0.018826707896909278,0.018826708507291113,3.8458767101091325,0.0,1.7439481003749608e-07,5.231844301124882e-10,8.719740501869979e-11,8.086940863599147e-17,0.5044191005465655,0.4955808994534344,8.239773499919497e-17,0.004982690095438327,0.0009457825207192344,0.00021932041465850104,6.552825070934108e-09,0.004290471867595138,False,True,0.10653351701990699,-0.15059777901068794,0.023466482980093017,0.009402220989312066
2024-01,NoATRCovarianceScaling,0.008170769609266024,0.00817077046132821,3.8773004826530766,0.0,2.7881245722377203e-07,8.364373716713161e-10,1.5624814775321933e-11,2.4756282774851927e-07,0.5079877231260667,0.4920120293111056,7.6790802313076e-17,0.00510921601188966,0.001037837886302179,0.00021511871510008468,6.603469576389963e-09,0.004375171750168909,False,True,0.11159773579972915,-0.14913667971287758,0.018402264200270857,0.010863320287122419
2024-02,NoATRCovarianceScaling,0.0008128525422130987,0.0008128548884053873,3.8804521562073253,0.0,7.156476121468217e-07,2.146942836440465e-09,1.9924945224287846e-10,5.483700376893535e-07,0.5012916320296751,0.4987078196002872,8.31433348716609e-17,0.005537117257531095,0.0009051558682546752,0.00022005794580275603,7.0711266206038505e-09,0.00486447430647438,False,True,0.10422029753870454,-0.15187643035294873,0.02577970246129546,0.00812356964705127
2024-03,NoATRCovarianceScaling,0.057152755141692366,0.057152756614142076,4.102230688130095,0.0,4.2069991656473806e-07,1.2620997496942142e-09,2.1034995828503188e-10,5.867722966832592e-07,0.49974200938588254,0.5002574038418207,8.675680724249388e-17,0.005529005923251815,0.0008432276385327203,0.0002204166176047933,6.796889432688422e-09,0.00488696868949123,False,True,0.10059190654517212,-0.15250953049151236,0.02940809345482788,0.0074904695084876405
2024-04,NoATRCovarianceScaling,0.022946426566847037,0.022961374561962844,4.196362223375538,0.0,0.004270896809257524,1.2812690427772573e-05,2.1353046880368423e-06,2.997299007515536e-07,0.48134177000824113,0.5186579302618582,4.475197397280948e-19,0.00601594574557993,0.001130590137531454,0.00023610182993789866,1.4950625109642481e-05,0.005199598221766662,False,True,0.11647781612984272,-0.15999999999999961,0.013522183870157287,3.885780586188048e-16
2024-05,NoATRCovarianceScaling,0.009050005108410917,0.00909970165357537,4.234339322933829,0.0,0.014199012904129314,4.259703871238794e-05,7.099506452064697e-06,4.1642606055279554e-07,0.481341669317253,0.5186579142566865,0.0,0.0062387235466820545,0.0011949282085991842,0.00023501375888676962,4.96993564512804e-05,0.005356546327044413,False,True,0.1197461419135924,-0.16000000000000247,0.010253858086407608,-2.4702462297909733e-15
2024-06,NoATRCovarianceScaling,0.0049010444611436305,0.004905923370654746,4.255092008219097,0.0,0.0013939741460330683,4.181922438099205e-06,6.969870730165193e-07,0.0013919459459405656,0.48014104074279446,0.518467013311265,4.761249468009801e-19,0.00649609399200346,0.0010998262160628904,0.000233414263389542,4.880706236267953e-06,0.005707885914346205,False,True,0.11488217700215593,-0.15999999999999837,0.015117822997844074,1.6375789613221059e-15
2024-07,NoATRCovarianceScaling,0.030886674546990206,0.030886679300350682,4.38651765024446,0.0,1.3894241918475244e-06,4.1682725755425735e-09,5.850879020163899e-10,0.0014665343922246423,0.4848709192850649,0.5136625463227104,5.127611188236098e-19,0.006605849877929011,0.001051978391013453,0.00022796885989323883,8.681948090858233e-09,0.005851883140580955,False,True,0.11235542128514066,-0.1580532384081275,0.017644578714859346,0.0019467615918725145
2024-08,NoATRCovarianceScaling,-0.0054268173905929785,-0.005340807188997307,4.36271281997597,-0.005426817390593031,0.027748085261497447,8.324425578449235e-05,2.7659458111796713e-06,0.02917798070744722,0.4561874763438349,0.5146345429487179,0.0,0.006943676616229702,0.0012881654324906622,0.00022222686243704613,8.601170183723006e-05,0.0059913553357100946,False,True,0.12433014594171418,-0.16000000003445736,0.0056698540582858226,-3.4457353637051824e-11
2024-09,NoATRCovarianceScaling,0.012130878038535456,0.012705114271573479,4.415636357112254,0.0,0.18711209303256993,0.0005613362790977097,1.2899953940314261e-05,0.21481725605727356,0.29695013679294285,0.4882326071497836,3.1911966287805765e-18,0.007412075225684425,0.0011327739673315637,0.00022016757990210434,0.0005742377330854414,0.0060512829290310976,False,True,0.1165902552016195,-0.1600000000018216,0.013409744798380502,-1.8215984276537256e-12
2024-10,NoATRCovarianceScaling,0.0343532543937871,0.03491859148897331,4.567327836198586,0.0,0.18030717317250786,0.0005409215195175236,2.4415575668685212e-05,0.3799240900013997,0.1643106883586002,0.45576522164000016,0.0,0.008228362489573173,0.0014083333335623309,0.0002893101533811332,0.0005653385952165516,0.006669547074194322,False,True,0.1300000000105691,-0.16000000000027612,-1.0569101149826565e-11,-2.7611246622427643e-13
2024-11,NoATRCovarianceScaling,-0.015954558737443544,-0.01587133605012882,4.494458135962795,-0.015954558737443447,0.023868567425677042,7.160570227703113e-05,1.16169850376914e-05,0.3885705760313538,0.15787483219639314,0.45355459177225294,1.7889335846010823e-18,0.008008577327277461,0.0012674049210546572,0.00029335198391144593,8.322418857103607e-05,0.00699829869426765,False,True,0.12332420302866703,-0.1600000006075144,0.00667579697133297,-6.075143998973687e-10
2024-12,NoATRCovarianceScaling,0.007680085737526075,0.007877625049802696,4.528975959790711,-0.008397005378925293,0.06358910897510672,0.00019076732692532017,6.771985351301109e-06,0.4483860925054578,0.11348491032714966,0.43812899716739256,0.0,0.009050191307132574,0.001408333333387031,0.0003353821743554266,0.00019754081237723583,0.007813101653706396,False,True,0.13000000000247836,-0.16000000000010753,-2.478350857870737e-12,-1.0752509993494641e-13
2025-01,NoATRCovarianceScaling,0.035951875888242515,0.03601657904901122,4.69180114139794,0.0,0.01944551653545773,5.833654960637319e-05,6.3666111623282005e-06,0.4242666331092129,0.13133730411239017,0.44439606277839694,2.795208725939191e-20,0.009450623616374393,0.001408333337373735,0.0003158527105138052,6.470466099754069e-05,0.00836589957617618,False,True,0.13000000018648006,-0.16000000000697898,-1.8648005362109643e-10,-6.9789729550961965e-12
2025-02,NoATRCovarianceScaling,0.02289311505829647,0.02292065564328325,4.7992110847586105,0.0,0.007868764503847256,2.360629351154177e-05,3.934291475241797e-06,0.4290216555419123,0.1278061958692043,0.44317214858888343,3.13116936413461e-20,0.00856106930809427,0.0011895425208160672,0.00031787786227171084,2.7543337399934106e-05,0.007620876848014592,False,True,0.11947598189507716,-0.16000000000015407,0.010524018104922844,-1.540712002423561e-13
2025-03,NoATRCovarianceScaling,0.04967179078909598,0.049673148363976266,5.03759649371345,0.0,0.0003878785372239679,1.1636356116719039e-06,1.9393926861197005e-07,0.43107260929506175,0.1262834293589834,0.4426439613459549,7.335829827752438e-20,0.008731785515445987,0.0012113656425112264,0.0003179656888173692,1.3602332087580817e-06,0.007806776772164245,False,True,0.12056694285804345,-0.16000000036110665,0.009433057141956552,-3.611066445863287e-10
2025-04,NoATRCovarianceScaling,0.002989524129624577,0.0030676928195392914,5.0526565099867184,0.0,0.022333911404204036,6.700173421261211e-05,1.1166955702102022e-05,0.43923840681243714,0.12023669998190167,0.44052489320566124,1.123800962769643e-18,0.008915765594189703,0.001322655803795085,0.0003225728821508386,7.817133046471116e-05,0.007853693479676611,False,True,0.12598360863835034,-0.16000000000128523,0.004016391361649663,-1.2852219288816968e-12
2025-05,NoATRCovarianceScaling,0.02808261286850553,0.028296754136381125,5.194548306714209,0.0,0.06595496309795668,0.00019786488929387003,1.6276378581722843e-05,0.4073262058833804,0.18737440375497838,0.40529939036164125,5.551115123125783e-17,0.008946904075111332,0.0014083333369235222,0.0002734337925859365,0.00021414276794013714,0.007755160846123498,False,True,0.130000000165701,-0.14248949750831247,-1.6570100846990954e-10,0.017510502491687535
2025-06,NoATRCovarianceScaling,0.0576794699925818,0.05767950200363941,5.494167099896347,0.0,1.0560809381003712e-05,3.168242814301114e-08,3.2862946591346375e-10,0.42100870612911295,0.18122561264284728,0.39776568122803985,4.916543989432045e-17,0.008343383712221469,0.0011566522049682754,0.00027967792036458845,3.4736252023504776e-08,0.007485344953120719,False,True,0.11781267529268362,-0.14088108716513376,0.012187324707316385,0.019118912834866247
2025-07,NoATRCovarianceScaling,0.029064028691225808,0.029064041390758966,5.653849730122124,0.0,3.628438045480578e-06,1.0885314136441733e-08,1.8142190227330965e-09,0.4626593478007996,0.17114795218002815,0.3661927000191723,4.736600450573787e-17,0.0067820729173178,0.0010402702248382203,0.0003009776765056514,1.5287667944498164e-08,0.005960944840725094,False,True,0.1117284328094628,-0.13300384115711433,0.0182715671905372,0.02699615884288567
2025-08,NoATRCovarianceScaling,0.012766381849395589,0.01296405870848664,5.7260289346959645,0.0,0.056479102597443126,0.00016943730779232937,2.8239551298721526e-05,0.41001261016815194,0.16624880715683257,0.4237385826750155,0.0,0.006304273703980999,0.0011067863801838425,0.0002823348094742918,0.00019767941445329908,0.005270866289961487,False,True,0.11524511513381429,-0.14947253228832263,0.014754884866185716,0.010527467711677369
2025-09,NoATRCovarianceScaling,0.09807222777644865,0.09807223540521594,6.287593348634004,0.0,2.1796477943925034e-06,6.5389433831775104e-09,1.0898238972240076e-09,0.4002759198156829,0.16440903716399427,0.43531504302032287,2.775636095570686e-17,0.006373943882508507,0.001158914528455933,0.00027999355568925267,1.0741939108507582e-08,0.00551448232065218,False,True,0.11792783531241127,-0.15315355257426666,0.012072164687588732,0.006846447425733343
2025-10,NoATRCovarianceScaling,0.11307460690369465,0.11307464410778453,6.99856049490108,0.0,1.0691583599120679e-05,3.2074750797362036e-08,5.129339077092256e-09,0.40738827002678735,0.1492579265239978,0.44335380344921493,2.4139529004939973e-17,0.006533166592348769,0.0012928615705096306,0.00028919971880985595,3.9856498751424675e-08,0.0055974962317853465,False,True,0.12455656885975773,-0.1571009246522459,0.005443431140242275,0.0028990753477541042
2025-11,NoATRCovarianceScaling,0.025376604239312667,0.025705024175227985,7.176160194825072,0.0,0.10191319266840508,0.00030573957800521527,2.2680357910102217e-05,0.34504332640729984,0.1899714531660887,0.4649852204266114,0.0,0.006693798068057831,0.0014083333392352771,0.0002559353254554308,0.0003284214359579842,0.005405274637026778,False,True,0.13000000027239741,-0.16000000001444206,-2.723974101837001e-10,-1.4442058660080193e-11
2025-12,NoATRCovarianceScaling,0.030079595333904415,0.03029366098483733,7.392016189536682,0.0,0.06761227989844862,0.00020283683969534586,1.1228811237567483e-05,0.2792656010173429,0.25026203853692164,0.4704723604457355,3.071080904851139e-17,0.0075974868114327705,0.0014083333333334105,0.00022102753564172317,0.0002140671510051439,0.006458225458119198,False,True,0.13000000000000356,-0.15677496943771121,-3.552713678800501e-15,0.0032250305622887887
2026-01,NoATRCovarianceScaling,0.10352105474455907,0.1035754904013429,8.157245502166376,0.0,0.01814515487028666,5.443546461085998e-05,1.9217297607364048e-10,0.27559753207016674,0.26193310995647784,0.4624693579733554,0.0,0.0075322439747910926,0.00140833333893065,0.00021304949924767143,5.443853081018277e-05,0.006560589275267913,False,True,0.1300000002583377,-0.15316034183115332,-2.583376845777252e-10,0.006839658168846685
2026-02,NoATRCovarianceScaling,0.1349231766087471,0.13545815090152363,9.257846977696078,0.0,0.15284979793614967,0.000458549393808449,7.642489896807484e-05,0.4480337808596687,0.2503359123636307,0.30163030677670066,0.0,0.014397929716726768,0.0014083333333547987,0.00025322799196414236,0.0005349757928372074,0.012905559265248018,False,True,0.1300000000009907,-0.11290958345076878,-9.907075160242584e-13,0.047090416549231226
2026-03,NoATRCovarianceScaling,-0.07117823540084754,-0.07051390411409689,8.5988897662126,-0.07117823540084756,0.19830628410019188,0.0005949188523005757,6.94124344500766e-05,0.4203752588613964,0.42060467455321016,0.15902006658539353,3.896198032648092e-17,0.027465996638567077,0.001408333333333394,0.00019671648705177886,0.0006643327867742463,0.025900780698074354,False,True,0.1300000000000028,-0.1037756088457034,-2.8033131371785203e-15,0.0562243911542966
2026-04,NoATRCovarianceScaling,0.1078889743331502,0.10808633585286764,9.5266151634931,0.0,0.059803430549821235,0.0001794102916494637,1.7951228067976995e-05,0.4167070582050974,0.38869739160474276,0.19459555019015995,0.0,0.011944972633155528,0.001408333333974063,0.00021848042086064398,0.00019736301978921442,0.01082496252551864,False,True,0.13000000002957213,-0.09782695905283367,-2.9572122528520595e-11,0.06217304094716633
2026-05,NoATRCovarianceScaling,0.12314026716209653,0.12336939423548185,10.699725099876119,0.0,0.07627142812198583,0.0002288142843659575,3.1278901936301055e-07,0.40885993531396025,0.4249560543158974,0.16618401037014233,1.2782719790802456e-16,0.025816213598063794,0.0014083333333379218,0.00020555040697774158,0.00022912857500358882,0.0246773679494135,False,True,0.13000000000021178,-0.09839892570420097,-2.117750419472486e-13,0.06160107429579903
2026-06,NoATRCovarianceScaling,0.0029385078443795406,0.003045083237906464,10.73116632601481,0.0,0.03522535897349704,0.00010567607692049112,8.993166064324644e-07,0.44579313401377285,0.40892197587738266,0.14528489010884452,6.7347351408173e-17,0.03202568553777439,0.0014083333333338292,0.0002392659329520131,0.00010657689412662981,0.030975676044028833,False,True,0.1300000000000229,-0.1111394159148038,-2.2898349882893854e-14,0.04886058408519621
2026-07,NoATRCovarianceScaling,-0.10775471452684367,-0.10744983817394095,9.574832562015006,-0.10775471452684371,0.09885364997621013,0.0002965609499286304,8.315402974079096e-06,0.36096045520707476,0.487587269008243,0.1514522757846822,0.0,0.01527621930045353,0.0014083333365030141,0.00016024730180605988,0.00030487785297954735,0.014106927477416417,False,True,0.13000000014629295,-0.0888432866351071,-1.4629294997625664e-10,0.0711567133648929
2007-04,NoCreditStressRiskScaling,-0.0033939799212627506,-0.0018939787402704976,0.9966060200787372,-0.0033939799212627797,0.9999999999999999,0.0014999999999999998,1.1809922533665578e-09,4.612015955936344e-15,0.9999976380154885,2.361984501942684e-06,4.790431792253366e-15,0.003720720279328816,9.639886378805994e-06,8.071422960479359e-10,0.001500004586924876,0.002215894942072241,False,True,0.010755400343347148,-4.920799618096661e-05,0.11924459965665285,0.15995079200381904
2007-05,NoCreditStressRiskScaling,0.0022772117118173853,0.0022772428449618787,0.9988755029797284,-0.0011244970202716198,8.895184140946071e-06,2.6685552422838213e-08,4.4475920705056215e-09,4.9669392786626034e-15,0.9999887822522482,1.1217747742400171e-05,4.474357142514631e-15,0.003217731066588296,1.0182910145286548e-05,2.7672310431651106e-07,3.43292624559258e-08,0.0032123285591488804,False,True,0.011054181188285208,-0.000996272030429679,0.1189458188117148,0.15900372796957032
2007-06,NoCreditStressRiskScaling,-0.011502853558019591,-0.010113022037228213,0.9873855843462593,-0.012614415653740663,0.39709472022610837,0.0011912841606783252,0.00019854736011305196,0.0,0.6028938594928797,0.39710614050712034,4.9060148304969076e-18,0.005095810395416531,0.0003375854920785906,5.100764945891828e-05,0.0013898345207957695,0.0034861754791225474,False,True,0.0636476700668853,-0.02030957127752253,0.0663523299331147,0.13969042872247747
2007-07,NoCreditStressRiskScaling,0.015635040157056364,0.015635040386060683,1.0028233976080116,0.0,6.542980554577208e-08,1.9628941663731624e-10,3.271490280064029e-11,2.772782004001329e-17,0.6092837774081814,0.3907162225918186,3.2995886608137336e-17,0.003537689711524564,0.000296516429419579,5.2175642721360475e-05,6.5074838528898675e-09,0.0033372493466095614,False,True,0.059650625755602496,-0.019713821869545622,0.07034937424439751,0.14028617813045438
2007-08,NoCreditStressRiskScaling,0.008732924987470223,0.008732925446283278,1.0115809791150023,0.0,1.3108944404985878e-07,3.9326833214957635e-10,6.554472201101678e-11,2.995936065330635e-17,0.604558940156697,0.39544105984330297,3.647348870396005e-17,0.0057675953257655555,0.0002908279904230781,5.046970905720693e-05,6.529944676431641e-09,0.005571705091552134,False,True,0.05907567930271253,-0.02015434509091002,0.07092432069728748,0.13984565490908998
2007-09,NoCreditStressRiskScaling,0.03034009291806974,0.030340095049755985,1.0422724400155035,0.0,6.09053212724469e-07,1.827159638173407e-09,3.0452660637611096e-10,8.466364846014959e-17,0.5980301527992945,0.4019698472007054,9.02536447513492e-17,0.005665181299680643,0.0002698526503352929,4.9562567109379846e-05,7.0980588385835094e-09,0.005480685309344778,False,True,0.056905463744912184,-0.020762931799843676,0.07309453625508783,0.13923706820015633
2007-10,NoCreditStressRiskScaling,0.027097633002628883,0.02709763364051018,1.0705155560837982,0.0,1.8225179890257524e-07,5.467553967077258e-10,9.112589940959949e-11,8.513630383038723e-17,0.5818946404629951,0.41810535953700473,9.481099594048636e-17,0.007472539633436904,0.0003558088274487614,5.1806045607468125e-05,6.557652673875867e-09,0.007242822616452382,False,True,0.06534298684162775,-0.022266375928943816,0.06465701315837226,0.1377336240710562
2007-11,NoCreditStressRiskScaling,0.010910031545331898,0.012175248014544343,1.082194914570441,0.0,0.3614904197749838,0.0010844712593249515,0.00018074520988749186,5.940087046914476e-17,0.20781743403840763,0.7921825659615923,0.0,0.015466310723615574,0.001408333333369692,0.00022933617896328998,0.0012652194692172843,0.013267588408750154,False,True,0.13000000000167808,-0.062159151800535106,-1.6780743461453085e-12,0.0978408481994649
2007-12,NoCreditStressRiskScaling,0.06526698834961492,0.06542435564261864,1.1528265174517225,0.0,0.04496208371534925,0.00013488625114604775,2.2481041857674635e-05,3.850315866385353e-18,0.24960850118195854,0.7503914988180415,3.370423974983935e-18,0.011077124202201683,0.0014083333333334014,0.00019233698786617456,0.00015737029304264402,0.010023250254626165,False,True,0.13000000000000314,-0.05745981860510807,-3.1363800445660672e-15,0.10254018139489193
2008-01,NoCreditStressRiskScaling,0.0862967077961758,0.08640995874376028,1.2523116505679368,0.0,0.0323574135955661,9.70722407866983e-05,1.617870679778305e-05,0.0,0.26723102503687973,0.7327689749631203,0.0,0.014781346384517714,0.0014083333333513588,0.0001733841493421442,0.00011325394763856478,0.013790541620861324,False,True,0.13000000000083195,-0.0508051753977388,-8.319456235028611e-13,0.10919482460226121
2008-02,NoCreditStressRiskScaling,0.04113643276677958,0.04154186633568055,1.3038272845845795,0.0,0.11583816254313395,0.00034751448762940186,5.7919081271566976e-05,2.277032839010513e-06,0.3678592028089098,0.6321385201582511,0.0,0.01716415773464116,0.0014083333333404946,0.00011710836668352375,0.00040543538377922617,0.015937447317508163,False,True,0.13000000000033052,-0.041046553794689945,-3.305133944309091e-13,0.11895344620531006
2008-03,NoCreditStressRiskScaling,-0.03685783313311712,-0.03674967399391069,1.2557710360949559,-0.03685783313311708,0.03090261120183719,9.270783360551157e-05,1.5451305600918633e-05,2.775557561562892e-17,0.3246711847306712,0.6753288152693289,2.775557561562892e-17,0.02040338046852285,0.0014083333333340766,0.00013088932746202185,0.00010816096333523552,0.01946016351105856,False,True,0.1300000000000343,-0.04523920737813517,-3.430589146091734e-14,0.11476079262186484
2008-04,NoCreditStressRiskScaling,-0.012074984786477245,-0.011702739878006392,1.2406076199388105,-0.04848776014524947,0.10635568813452916,0.00031906706440358747,5.317784406726462e-05,0.0,0.44344418726220136,0.5565558127377986,1.9375590809588952e-17,0.015986627170829985,0.0014083333333333372,0.00011732714447835214,0.0003722479084873063,0.014792885451197658,False,True,0.13000000000000017,-0.033785252673207165,-1.6653345369377348e-16,0.12621474732679283
2008-05,NoCreditStressRiskScaling,0.04373582458386047,0.04419614335630795,1.2948666171818548,-0.006872587733566027,0.1394539899977314,0.0004183619699931942,4.195680245428024e-05,3.001916528804762e-17,0.36888794314132906,0.4916580668609395,0.13945398999773131,0.01605307324822438,0.0014083333333468982,0.0001641666302005147,0.0004603202724782733,0.014724419678872143,False,True,0.13000000000062606,-0.062493829138192424,-6.260547635861258e-13,0.09750617086180757
2008-06,NoCreditStressRiskScaling,0.054387902709765255,0.05468199635503155,1.3652916967792645,0.0,0.08402675579036897,0.00025208026737110693,4.201337789518441e-05,7.180253052718223e-18,0.4344464532469364,0.44452064871997826,0.12103289803308535,0.018062208002123006,0.0014083333543542472,0.00012175230159183622,0.0002940951453161264,0.01694219387803792,False,True,0.13000000097019604,-0.05240782134751176,-9.701960346220062e-10,0.10759217865248824
2008-07,NoCreditStressRiskScaling,-0.04369181860723596,-0.04352234450261492,1.3056396196176197,-0.04369181860723581,0.053389501521506406,0.0001601685045645192,9.305600056527307e-06,2.1712842569916735e-17,0.42881769669429265,0.4912376611045266,0.0799446422011808,0.01727616436006393,0.001408333339371408,0.0001123284154217888,0.00016947560471039047,0.016290193670246044,False,True,0.13000000027868036,-0.045343522134107715,-2.786803565690832e-10,0.11465647786589228
2008-08,NoCreditStressRiskScaling,-0.011997938376015038,-0.011788635738640774,1.2899746359201638,-0.055165545236065205,0.06954338722000916,0.0002086301616600275,6.724757142380564e-07,6.87218006904321e-18,0.4517942098633333,0.5482057901366667,0.0,0.011255073684452182,0.0014083333333333764,0.00014236877094342442,0.00020930413813956863,0.010199234108702502,False,True,0.130000000000002,-0.03794522765615823,-1.9984014443252818e-15,0.12205477234384177
2008-09,NoCreditStressRiskScaling,0.06262100795071308,0.0630861910901477,1.3707541478523386,0.0,0.14367169525116735,0.00043101508575350204,3.4168053681100765e-05,1.0686061783441846e-17,0.5249408101525737,0.3997236019584605,0.07533558788896583,0.010697214412121944,0.001408333333400937,0.0001181361599904716,0.00046518463946441214,0.009409726945966592,False,True,0.13000000000312018,-0.04071275989285398,-3.12017078840654e-12,0.11928724010714603
2008-10,NoCreditStressRiskScaling,-0.043980070035047725,-0.043757559492462794,1.3104682844289606,-0.04398007003504778,0.06357444073855159,0.00019072332221565478,3.1787220369275825e-05,0.0,0.5600478332099279,0.43023497908360525,0.009717187706466823,0.015402129076024559,0.001408333333337002,8.265677260225323e-05,0.00022251204275858632,0.014392793593995219,False,True,0.13000000000016934,-0.03079587504367276,-1.69336766830952e-13,0.12920412495632724
2008-11,NoCreditStressRiskScaling,0.09040750500312525,0.09044383061511162,1.4289444524099089,0.0,0.010378746281819852,3.113623884545956e-05,5.189373140909904e-06,0.0,0.6039167923947473,0.3960832076052528,5.225373134981687e-18,0.006762970584032742,0.0014083333333333337,0.00010506192518782296,3.6327112432077543e-05,0.0059174148797461745,False,True,0.13000000000000003,-0.02961413231119775,-2.7755575615628914e-17,0.13038586768880225
2008-12,NoCreditStressRiskScaling,0.035937546828146455,0.036358770963692985,1.48029721058321,0.0,0.12034975301329384,0.0003610492590398815,6.017487650664691e-05,1.7384248264607566e-17,0.6759489069938308,0.32405109300616924,0.0,0.009698239307307734,0.0014083333333333703,6.031791759969131e-05,0.00042122713556106935,0.008512527587480289,False,True,0.1300000000000017,-0.022845697115422475,-1.6930901125533637e-15,0.13715430288457753
2009-01,NoCreditStressRiskScaling,0.03749961113524175,0.03755728050029564,1.5358077803446633,0.0,0.016476961443968395,4.943088433190519e-05,8.238480721984131e-06,5.758218480720469e-17,0.6644271488242439,0.335572851175756,0.0,0.013126036693495782,0.0014083333335241106,6.41873779893865e-05,5.767236516009816e-05,0.012300010283584243,False,True,0.1300000000088051,-0.023928919972687257,-8.80509554157527e-12,0.13607108002731275
2009-02,NoCreditStressRiskScaling,0.06225713321705625,0.06225944853512126,1.6314227699213724,0.0,0.0006615194471474575,1.9845583414423723e-06,3.3075972357365924e-07,0.0,0.6448975276506539,0.3551024723493462,0.0,0.014060798157921002,0.00140833333333342,7.229176945575568e-05,2.31832071043931e-06,0.013282021401088097,False,True,0.130000000000004,-0.02576449145960097,-3.9968028886505635e-15,0.13423550854039903
2009-03,NoCreditStressRiskScaling,-0.04512977206745276,-0.0449751617481135,1.5577970321691685,-0.04512977206745272,0.04417437695407415,0.00013252313086222246,2.2087188477037085e-05,1.527443211001108e-17,0.6516840259965953,0.34831597400340475,0.0,0.015080266533920368,0.0014083333335389385,6.676742072214796e-05,0.00015461331937887524,0.014154719127049875,False,True,0.13000000000948947,-0.025126707888282057,-9.489464769529832e-12,0.13487329211171795
2009-04,NoCreditStressRiskScaling,-0.031530160305609976,-0.03152305589659277,1.5086794420212712,-0.07523698342522023,0.0020298311477715365,6.08949344331461e-06,1.0149155738857496e-06,0.0,0.685465184346725,0.314534815653275,0.0,0.01213868901411131,0.0014083333333344602,9.368575044257745e-05,7.107409879340956e-06,0.01133372918712216,False,True,0.13000000000005202,-0.027590480003394757,-5.2013948703688584e-14,0.13240951999660525
2009-05,NoCreditStressRiskScaling,0.029521331967726883,0.029622641530210266,1.5532176686620662,-0.04793674742143961,0.02894558928096702,8.683676784290107e-05,1.447279464048351e-05,0.0,0.687716582529347,0.312283417470653,0.0,0.009042060600690393,0.0014083333340318982,0.00011582380478477003,0.00010131256254384286,0.008120757566345832,False,True,0.13000000003224146,-0.03985046990871985,-3.2241459502202474e-11,0.12014953009128015
2009-06,NoCreditStressRiskScaling,-0.013590642176025774,-0.013365760948292955,1.5321084431057992,-0.06087589841617802,0.0642517793522342,0.00019275533805670258,3.212588967611713e-05,5.2131204937999266e-18,0.6025195209456604,0.39748047905433964,0.0,0.012308978876411105,0.0014083333433850382,0.00020767890138743644,0.00022488422776005632,0.011172249075571093,False,True,0.13000000046392482,-0.06027489372801753,-4.6392481523049867e-10,0.09972510627198247
2009-07,NoCreditStressRiskScaling,-0.0075360730630910965,-0.007536072012155231,1.5205623619379751,-0.06795320626102341,3.0026738995214866e-07,9.00802169856446e-10,1.5013369497607344e-10,5.294808095512543e-18,0.6106814469267533,0.3893185530732468,0.0,0.009825613792646104,0.0011135923116227732,0.00019664722021290546,6.654376306839686e-09,0.009072163762245506,False,True,0.1155989089026072,-0.06715060487597657,0.014401091097392807,0.09284939512402343
2009-08,NoCreditStressRiskScaling,0.007997253104619472,0.007997253209762478,1.5327226840077512,-0.06049939214614375,3.004085855377958e-08,9.012257566133873e-11,1.5020429317003094e-11,7.971731247854657e-22,0.615165712880072,0.38483428711992795,0.0,0.009316143456791723,0.0009952721164440093,0.0001877196357812608,6.501578936921735e-09,0.008630781261209522,False,True,0.10928524784859169,-0.0724095593644116,0.02071475215140832,0.0875904406355884
2009-09,NoCreditStressRiskScaling,-0.0029486501838947585,-0.002948649154410372,1.528203220983692,-0.06326965078626134,2.9413839619518717e-07,8.824151885855615e-10,1.4706919809759362e-10,8.032482192992452e-22,0.6105375411789172,0.3894624588210827,1.1102623385111638e-22,0.00878569034537731,0.001025421433822024,0.00018861117217148243,6.648265081161783e-09,0.008084361808029735,False,True,0.11092816236584958,-0.07259246134091583,0.01907183763415042,0.08740753865908417
2009-10,NoCreditStressRiskScaling,0.02840931005492743,0.0284093139281459,1.5716184201155565,-0.036657787857587776,1.1066338484466698e-06,3.3199015453400095e-09,5.53316924223335e-10,8.5912370860212e-22,0.6157892695725797,0.3842107304274203,1.0354212045172938e-22,0.009780117306727742,0.0011925501771489833,0.0001782583804616715,8.220327701683738e-09,0.009005575617363877,False,True,0.11962692893235953,-0.07424509396853671,0.010373071067640474,0.0857549060314633
2009-11,NoCreditStressRiskScaling,0.04798615063861904,0.04819488652029694,1.64703433836965,0.0,0.05963882333654269,0.00017891647000962808,2.9819411668271348e-05,0.0,0.5406183933777952,0.45938160662220495,5.5294310796760726e-18,0.011766181111737982,0.001408333336871886,0.0002686217766202261,0.00020873888170724273,0.010584653784974571,False,True,0.1300000001633178,-0.09246317792550293,-1.6331780372524918e-10,0.06753682207449707
2009-12,NoCreditStressRiskScaling,-0.03290807738905941,-0.03277034803045746,1.5928336049001433,-0.03290807738905943,0.039351245314843145,0.00011805373594452944,1.9675622657421527e-05,1.0470463947458498e-06,0.5618883917834319,0.4381105611701735,2.863648988077339e-17,0.01295517274572808,0.001408333340085095,0.00023432197597090274,0.0001377314598707535,0.011878952639843877,False,True,0.13000000031161976,-0.08731526434602846,-3.1161975777571627e-10,0.07268473565397154
2010-01,NoCreditStressRiskScaling,0.004142139460569774,0.004221747423771458,1.5994313438291219,-0.028902247774414302,0.02274530124173466,6.823590372520398e-05,1.1372059476480206e-05,2.775557561562892e-17,0.6013164210902804,0.39868357890971967,2.8532516586497927e-17,0.011512029292499245,0.0014083333333755627,0.00020246796284882932,7.961001257342444e-05,0.01052578465038921,False,True,0.13000000000194906,-0.07775845584960299,-1.9490520308806936e-12,0.08224154415039701
2010-02,NoCreditStressRiskScaling,0.011572593726283604,0.011598286750976714,1.61794091296434,-0.017664128019400427,0.0073408641980315355,2.2022592594094608e-05,3.6704320990157816e-06,2.1519166848432296e-18,0.6113438357979646,0.38865616420203547,7.993741090814451e-19,0.010605464360511158,0.0014083333333335538,0.00018639745972408363,2.5696024931501863e-05,0.009689204209188796,False,True,0.13000000000001016,-0.07532453469177369,-1.0158540675320182e-14,0.08467546530822631
2010-03,NoCreditStressRiskScaling,0.00020092893410976093,0.00038614119999216476,1.6182660041074346,-0.017466748319705516,0.052917790252115376,0.00015875337075634615,2.6458895126057674e-05,5.897879592994939e-19,0.5578043929719028,0.4421956070280972,0.0,0.011044872941882479,0.0014083333333337299,0.000247540422704776,0.000185215265915474,0.009907950586595363,False,True,0.1300000000000183,-0.088304697924303,-1.8290924330699454e-14,0.071695302075697
2010-04,NoCreditStressRiskScaling,0.022958670431354453,0.02295867097426625,1.6554192399660022,0.0,1.5511765658058915e-07,4.6535296974176744e-10,7.755882831805023e-11,2.83589033579973e-17,0.5652015232297276,0.4347984767702724,2.7739268507510473e-17,0.009858744557946292,0.0010305808877134116,0.00023298265564475473,6.541857312256126e-09,0.009110464916587518,False,True,0.11120688221760801,-0.08651359205710481,0.018793117782391996,0.0734864079428952
2010-05,NoCreditStressRiskScaling,0.05746702650440678,0.057467027317222565,1.7505512613050334,0.0,2.3223308256994938e-07,6.966992477098482e-10,1.1611654129885213e-10,2.847082643144267e-17,0.5553889615375819,0.4446110384624182,2.7074770767198553e-17,0.010143252064898233,0.001074395549277347,0.00024048405094638614,6.593142010394481e-09,0.009365563646171162,False,True,0.11354623107495979,-0.0888893994008092,0.01645376892504022,0.0711106005991908
2010-06,NoCreditStressRiskScaling,0.006651887504633759,0.0070363423113965215,1.7621957313663292,0.0,0.10984423050364643,0.0003295326915109393,5.4922115251823236e-05,0.032949616340574986,0.6019780355040376,0.36507234815538736,0.0,0.010957434439888121,0.0014083333338123364,0.00014146757573351917,0.0003844563068043819,0.009727343890444051,False,True,0.13000000002210782,-0.05710241385774215,-2.210781557820951e-11,0.10289758614225786
2010-07,NoCreditStressRiskScaling,-0.02401660226161881,-0.023997695392441117,1.7198737773789816,-0.024016602261618836,0.0054019626221976,1.62058878665928e-05,2.7009813110988036e-06,0.03361916270255514,0.6047661815464799,0.36161465575096496,2.1129538346256076e-18,0.01135727915062177,0.0014083333333646073,0.00013544133683874866,1.8909202419688597e-05,0.01049876194468103,False,True,0.1300000000014434,-0.05367109399912497,-1.443400954315166e-12,0.10632890600087502
2010-08,NoCreditStressRiskScaling,0.03835348770100017,0.03868645326741463,1.785836935146959,0.0,0.09513301897555823,0.0002853990569266747,4.756650948777913e-05,0.03614618890000028,0.5277008903807892,0.4361529207192105,1.7969676564067708e-19,0.011163760189059853,0.0014083333335176056,0.00022620746819730658,0.0003329676292566278,0.009900418424847115,False,True,0.13000000000850487,-0.07039100031129886,-8.504863480141012e-12,0.08960899968870115
2010-09,NoCreditStressRiskScaling,0.007182889561693348,0.007394879402990433,1.7986644046273126,0.0,0.06442191792525784,0.00019326575377577352,1.8724087521311578e-05,0.061397028013027925,0.44911621258648954,0.4894867594004826,0.0,0.01225663386356575,0.0014083333400738151,0.00028820604547108805,0.0002119913413632355,0.011052269806694518,False,True,0.13000000031109915,-0.07436642373631942,-3.110991464438939e-10,0.08563357626368058
2010-10,NoCreditStressRiskScaling,0.008775065064485098,0.00883337604285577,1.8144478018070906,0.0,0.016660279534477507,4.9980838603432524e-05,8.330139767238705e-06,0.06494714431795316,0.43605329877286847,0.4989995569091784,4.8817428614319226e-18,0.011924312934370745,0.0014083333333342295,0.00029566797080115566,5.831393163421654e-05,0.010866164365268258,False,True,0.13000000000004136,-0.07552571530555569,-4.135580766728708e-14,0.08447428469444432
2010-11,NoCreditStressRiskScaling,0.031010316342741737,0.03130164796114197,1.870714402128521,0.0,0.08323760525721045,0.00024971281577163137,4.161880262860521e-05,0.0973330355109491,0.48120624743547374,0.4214607170535772,1.1025192599698787e-17,0.010601092064794454,0.0014083333333479106,0.0001984101866756078,0.0002913331184501237,0.009407182092994766,False,True,0.1300000000006728,-0.05255151990688656,-6.727951529228449e-13,0.10744848009311345
2010-12,NoCreditStressRiskScaling,0.0040509232130815755,0.004331405634714873,1.8782925225251494,0.0,0.08013783475237063,0.0002404135042571119,4.006891737618535e-05,0.09693783022127848,0.5493292359564107,0.3537329338223108,2.6579988525067815e-18,0.010862690243075755,0.0014083333333349583,0.00013031640344776446,0.00028048458564062996,0.00974772258731988,False,True,0.130000000000075,-0.03994424442514238,-7.499556531342932e-14,0.12005575557485762
2011-01,NoCreditStressRiskScaling,-0.029795463915994566,-0.029499302278327574,1.822327925446569,-0.029795463915994524,0.08461761076199693,0.0002538528322859908,4.2308805380998446e-05,0.021191011085565044,0.5462972152195661,0.4325117736948688,3.365744696536804e-17,0.012192248861917658,0.0014083333406434352,0.00020535780486629135,0.00029616386696923724,0.010986560519760411,False,True,0.13000000033738932,-0.07493515400936966,-3.3738931093374447e-10,0.08506484599063034
2011-02,NoCreditStressRiskScaling,0.030842233919290307,0.030906669203037505,1.8785325896008473,0.0,0.018410081070628085,5.523024321188426e-05,9.205040535314054e-06,0.0036301009448108366,0.5599140899386087,0.4364558091165805,1.2637389535895283e-18,0.0101688255729467,0.001408333333348683,0.0002268477272393973,6.44369943843949e-05,0.009173374184648565,False,True,0.13000000000070844,-0.08218042774500213,-7.084333120133124e-13,0.07781957225499787
2011-03,NoCreditStressRiskScaling,-0.00401925377732423,-0.003946281517609866,1.8709822903942674,-0.004019253777324261,0.020849434108868886,6.254830232660666e-05,1.0423957387757781e-05,0.003285343231836495,0.5253391911588154,0.47137546560934807,2.8983459794422283e-19,0.01070368644348963,0.0014083333333341033,0.00026615752827656425,7.297420913863613e-05,0.009660388039407376,False,True,0.13000000000003553,-0.09049692782567331,-3.552713678800501e-14,0.06950307217432669
2011-04,NoCreditStressRiskScaling,0.032117225225917145,0.032222095786020775,1.9310730500085624,0.0,0.029963017172465828,8.988905151739749e-05,1.498150858623293e-05,7.874901146426805e-19,0.5058120539130467,0.4941879460869533,2.9680034471790684e-18,0.010946221412501348,0.0014083333334516418,0.00029316667575445996,0.00010487206037369894,0.009844016009647367,False,True,0.1300000000054604,-0.09701181894329629,-5.460382146438292e-12,0.06298818105670372
2011-05,NoCreditStressRiskScaling,0.0010516651494915747,0.0013329383122583,1.933103892236379,0.0,0.08036376079049293,0.0002410912823714788,4.018188039524645e-05,5.644130883132472e-07,0.5714522438198548,0.4285471917670569,4.3599697470935025e-19,0.011541328960601087,0.0014083333333333862,0.00020818365411567107,0.0002812755385987809,0.010347703101219942,False,True,0.13000000000000245,-0.07811726768209959,-2.4424906541753444e-15,0.08188273231790041
2011-06,NoCreditStressRiskScaling,-0.016572462723382957,-0.01647530742092353,1.9010676000418651,-0.016572462723382975,0.02775865784555081,8.327597353665243e-05,1.3879328922775409e-05,5.800010267305002e-18,0.5478484051271731,0.4521515948728269,0.0,0.011341058308774167,0.0014083333333338888,0.0002316702044597461,9.715768883938769e-05,0.01030806374880809,False,True,0.13000000000002565,-0.08337178083954767,-2.5646151868841116e-14,0.07662821916045233
2011-07,NoCreditStressRiskScaling,0.03716539716640954,0.037257101016300885,1.9717215324376138,0.0,0.026201218461206148,7.860365538361845e-05,1.3100194507722764e-05,8.29445760621436e-07,0.5314033828789868,0.46859578767525256,2.035380467582681e-18,0.011146581667728481,0.0014083333333334773,0.0002520367979429663,9.170605462391496e-05,0.010098672148494862,False,True,0.13000000000000664,-0.08702930801947405,-6.63358257213531e-15,0.07297069198052596
2011-08,NoCreditStressRiskScaling,0.054981103663004065,0.05522526895177181,2.0801289584071436,0.0,0.06976159439529375,0.00020928478318588126,3.488050558186179e-05,0.06976240002322295,0.5143673915193756,0.41587020845740147,1.895585411839057e-18,0.01135419307967151,0.0014083333333333341,0.00017908453665033266,0.0002441676504240638,0.010226774225930445,False,True,0.13000000000000003,-0.053794945302721456,-2.7755575615628914e-17,0.10620505469727855
2011-09,NoCreditStressRiskScaling,-0.018357976151012277,-0.017776661457194542,2.0419420005976754,-0.0183579761510122,0.16615668139874656,0.0004984700441962398,8.284464962149304e-05,0.22321877465669646,0.49396674309677346,0.28281448224653005,4.044582323139284e-18,0.011520407405534033,0.0014083333547778897,0.00013528054049513147,0.0005813161954329626,0.010099643992216994,False,True,0.13000000098974876,-0.03928962362578259,-9.897487551757678e-10,0.12071037637421742
2011-10,NoCreditStressRiskScaling,0.020929810278569366,0.021023869381615705,2.084679459270027,0.0,0.026874352388480422,8.062305716544126e-05,1.3436045880897809e-05,0.23349865334491784,0.5020986625397038,0.26440268411537843,0.0,0.011213208069386593,0.001408333333333651,0.00013667520933297449,9.406092006494104e-05,0.010278305273321853,False,True,0.13000000000001466,-0.04174694715610529,-1.4654943925052066e-14,0.11825305284389472
2011-11,NoCreditStressRiskScaling,0.0232098609423016,0.02333597235459821,2.133064579628957,0.0,0.036031832084744905,0.00010809549625423471,1.801591604237242e-05,0.2574167348172153,0.4585645015058217,0.28401876367696316,2.09300544870974e-18,0.010812781863485886,0.001408333336106623,0.0001640347468926702,0.0001261132209904603,0.009818467227549444,False,True,0.13000000012799798,-0.047093051735939966,-1.279979733315173e-10,0.11290694826406003
2011-12,NoCreditStressRiskScaling,-0.03390071323039343,-0.03379747730948125,2.0607521690130457,-0.033900713230393564,0.03285275009054485,9.855825027163455e-05,4.677670640541936e-06,0.2789823038336795,0.4182774299163736,0.3027402662499469,3.5705826858557776e-17,0.012436717756474425,0.001408333335171717,0.00019084776040567062,0.00010323742107381481,0.01143846590740908,False,True,0.1300000000848485,-0.051906065774160494,-8.484848934564582e-11,0.10809393422583952
2012-01,NoCreditStressRiskScaling,0.045471995294536514,0.04563165180309629,2.154458681945613,0.0,0.053218770748990334,0.000159656312246971,1.963128053264755e-10,0.3300902579435272,0.38131172741859004,0.2885980146378828,7.787175657580428e-19,0.011628835500682133,0.0014083333338431867,0.0002477388075202446,0.0001596593719687427,0.010517270654271552,False,True,0.13000000002353168,-0.06494972834580819,-2.3531676607291274e-11,0.09505027165419182
2012-02,NoCreditStressRiskScaling,0.008002787988982494,0.008002796252875633,2.1717003580082466,0.0,2.371296009828772e-06,7.113888029486316e-09,1.150005110278629e-09,0.3387173350799017,0.36631783773289966,0.29496482718719863,7.0451999175113405e-19,0.01030238336541836,0.0011614670585045825,0.00025783466158209756,1.1880091179294472e-08,0.009463803294492791,False,True,0.11805763296820325,-0.06714477624565965,0.011942367031796755,0.09285522375434035
2012-03,NoCreditStressRiskScaling,-0.004914890368368272,-0.004914883970882612,2.16102668883569,-0.00491489036836823,1.829625365171136e-06,5.4888760955134085e-09,9.086095640181338e-10,0.3506783927231123,0.3641106692553988,0.28521093802148895,2.843385138001622e-17,0.00941878332224984,0.0010982621215554396,0.0002617184062497116,1.0276114996149126e-08,0.008607923579107413,False,True,0.11480045931382538,-0.06649157770964921,0.015199540686174629,0.09350842229035079
2012-04,NoCreditStressRiskScaling,0.001597761087287144,0.00159776822829441,2.1644794931877005,-0.00332498210165999,2.0402877902448075e-06,6.120863370734423e-09,1.020143895108497e-09,0.35163124736386686,0.36614270568912183,0.2822260469470113,2.726647151155051e-17,0.009439255728300552,0.0008033551556226636,0.0002577302141494113,1.0351141593633831e-08,0.008779837585198217,False,True,0.09818483522149417,-0.06681053703338885,0.031815164778505836,0.09318946296661115
2012-05,NoCreditStressRiskScaling,-0.025615073863084696,-0.02561505553171032,2.109036191094565,-0.028854886302617344,6.090532425090453e-06,1.8271597275271358e-08,5.977709829901038e-11,0.34991161212901134,0.36823606215161725,0.28185232571937147,2.757014845056839e-17,0.010367906946371162,0.0007076313177597849,0.00025202517981141555,2.185357042475043e-08,0.009762044254109429,False,True,0.0921497466796161,-0.06637760403959572,0.0378502533203839,0.09362239596040428
2012-06,NoCreditStressRiskScaling,-0.011477473080573767,-0.011058610513936456,2.0848297849853212,-0.04000117820240989,0.13958755120242997,0.0004187626536072899,9.991303002180945e-08,0.4688391451410195,0.24173725979510421,0.2894235950638763,0.0,0.012186381247634055,0.001408333337962433,0.00043433720927564664,0.0004188640716523862,0.010629013297724805,False,True,0.13000000021365074,-0.10410825717530024,-2.136507359917772e-10,0.05589174282469976
2012-07,NoCreditStressRiskScaling,0.011841654272838766,0.011865239400480194,2.109517618516834,-0.02863320405235037,0.006738607897551055,2.0215823692653166e-05,3.3693039487755205e-06,0.47969881076538706,0.2516583568574543,0.26864283237715864,0.0,0.011979878886050049,0.0014083333360367487,0.0004375919679959706,2.3587320727569248e-05,0.010814532929308134,False,True,0.13000000012477303,-0.11125752520177516,-1.2477302524516176e-10,0.04874247479822484
2012-08,NoCreditStressRiskScaling,0.0212692990299673,0.021345071110179914,2.1543855795540527,-0.007972913201558796,0.02268688891721747,6.806066675165242e-05,7.711413460960464e-06,0.49906601518156857,0.24647598108165766,0.25445800373677374,0.0,0.012653303059932765,0.0014083333406809495,0.0004591814436339793,7.57735804137586e-05,0.011414181365544552,False,True,0.13000000033912074,-0.12085561546337409,-3.39120731496223e-10,0.039144384536625915
2012-09,NoCreditStressRiskScaling,0.033072906503524735,0.03329727749599762,2.2256373723991856,0.0,0.07479031329400408,0.00022437093988201225,5.259086842401839e-11,0.5681416205571739,0.16812452285549567,0.2637338565873305,2.7755575615628914e-17,0.013734606345278056,0.0014083333333333348,0.0005918294552533692,0.00022437429316223036,0.012214235930195789,False,True,0.13000000000000006,-0.14631553086683458,-5.551115123125783e-17,0.013684469133165428
2012-10,NoCreditStressRiskScaling,-0.04157381965032811,-0.04138843359374539,2.1331091256720316,-0.04157381965032814,0.053312489694177026,0.0001599374690825311,2.5448587500189737e-05,0.5778685148632299,0.10976042078824888,0.3123710643485213,3.2227486060657992e-18,0.013747382279712457,0.0014083333354966685,0.0006290144832861619,0.00018538755692695477,0.012228813571751006,False,True,0.13000000009984625,-0.14213494165710522,-9.984624238512652e-11,0.017865058342894785
2012-11,NoCreditStressRiskScaling,0.0012613614715109855,0.0013121506534220697,2.1357997473376824,-0.04036489779314778,0.014511243714987071,4.3533731144961216e-05,7.255450766122743e-06,0.5731134768016566,0.10047883824790033,0.3264076849504431,0.0,0.014349583401143225,0.0014083333333336837,0.0006415257302740019,5.079175414405674e-05,0.012953099250058326,False,True,0.13000000000001616,-0.1383378921065333,-1.6153745008296028e-14,0.021662107893466703
2012-12,NoCreditStressRiskScaling,0.026214033541603857,0.026253757509126237,2.1917876735525414,-0.015208991036196995,0.01324115817422133,3.9723474522663986e-05,4.929997171913441e-10,0.5986605291243441,0.0871060094720829,0.314233461403573,5.194519730004824e-18,0.013840376762034659,0.0014083333333680978,0.0006802212302769162,3.9726304333924495e-05,0.01241626256073977,False,True,0.1300000000016045,-0.15021766274690168,-1.6044943151882762e-12,0.009782337253098322
2013-01,NoCreditStressRiskScaling,-0.011768029380199928,-0.011728047008012438,2.1659946518150153,-0.026798040563039582,0.013327373213168108,3.998211963950432e-05,2.525479863126224e-10,0.6252060863031933,0.07148703611219348,0.3033068775846133,2.7755575615628914e-17,0.013774013256089646,0.0014083333333541098,0.0007243005071419684,3.998510275259578e-05,0.012305560979518028,False,True,0.13000000000095893,-0.15502560257556222,-9.589273819443633e-13,0.004974397424437782
2013-02,NoCreditStressRiskScaling,0.004216740102370089,0.0042246257807259085,2.1751280883248425,-0.022694300832976744,0.0026284916537006953,7.885474961102086e-06,2.0339471765088654e-10,0.6121782567094323,0.07534594130343658,0.31247580198713126,2.8119397857183915e-17,0.012420892550171734,0.0014083333333334276,0.0006932567927499769,7.888524493461154e-06,0.011015580566261582,False,True,0.13000000000000433,-0.14858110605243852,-4.3298697960381105e-15,0.011418893947561487
2013-03,NoCreditStressRiskScaling,-0.004852780432669867,-0.004816352954467219,2.164572669299269,-0.027436950806631222,0.012142053657591379,3.642616097277414e-05,1.3172298735641038e-09,0.6203967871121571,0.08772248604609952,0.2918807268417434,2.842125228568257e-17,0.011550137896032448,0.0014083333333340042,0.0006919211331655554,3.6429345142027974e-05,0.010117620751057863,False,True,0.13000000000003095,-0.15502011007427471,-3.094746681142624e-14,0.004979889925725289
2013-04,NoCreditStressRiskScaling,-0.04403662112931263,-0.04398070821480851,2.0692522027544724,-0.07026534132832862,0.016074046372006386,4.822213911601916e-05,7.690775388100494e-06,0.6295561885406115,0.08797377851568577,0.2824700329437028,2.9375102610779136e-18,0.012656813349405114,0.0014083333370407873,0.0006997687700098722,5.591441569883044e-05,0.011196963495176017,False,True,0.13000000017111327,-0.1600000000461875,-1.7111326244823033e-10,-4.618749827045576e-11
2013-05,NoCreditStressRiskScaling,0.003683866763358908,0.00403048040720498,2.076875052169207,-0.06684032272050511,0.10466622099933133,0.000313998662997994,3.2614980848078386e-05,0.5967834421420448,0.19706681466627193,0.2061497431916833,4.454970199674299e-18,0.011969116535256192,0.001408333333448846,0.0006098872899171882,0.00034661514388758646,0.010308447434726996,False,True,0.13000000000533135,-0.1600000000008251,-5.331346475401233e-12,-8.250899963258007e-13
2013-06,NoCreditStressRiskScaling,-0.07018661677037352,-0.07015259428353302,1.9311062188026573,-0.13233564337528647,0.009720735662554299,2.9162206987662897e-05,4.860279852840901e-06,0.5974870092299075,0.19475398451698347,0.20775900625310903,0.0,0.010490905109563648,0.0012978071805447161,0.0006047840404836035,3.402524612883758e-05,0.009203192232678849,False,True,0.12479457586985339,-0.15999999999999984,0.005205424130146616,1.6653345369377348e-16
2013-07,NoCreditStressRiskScaling,0.0295943062444318,0.029945013136916488,1.9882559676324296,-0.10665771868795693,0.10846251125923698,0.00032538753377771095,2.5319358706981716e-05,0.5333109693381067,0.3158953099761028,0.15079372068579042,6.67500078989697e-17,0.009407277624601027,0.0014083333333398075,0.0004989519829438268,0.00035070839252432563,0.007853450582462972,False,True,0.1300000000002988,-0.14765190152565888,-2.9878877150224525e-13,0.012348098474341124
2013-08,NoCreditStressRiskScaling,0.012944404005312986,0.012944430126371873,2.0139927561434385,-0.09509393528362575,7.74863213191861e-06,2.324589639575583e-08,2.8751624916311575e-09,0.535857390868693,0.30801197935346675,0.15613062977784026,7.040305362212116e-17,0.008325024555753263,0.0012361743480639139,0.0004997906542114854,2.8244428622408514e-08,0.0072071184830811985,False,True,0.12179528799082075,-0.14708102801180722,0.008204712009179257,0.012918971988192779
2013-09,NoCreditStressRiskScaling,0.007012251450141434,0.007012259866774162,2.0281153797682796,-0.08874850641907661,2.699931319779975e-06,8.099793959339926e-09,3.168387678749103e-10,0.5352059302365302,0.3050948295935846,0.1596992401698851,9.577464636124735e-17,0.00832997573943926,0.0011944736167593113,0.0004939703726208654,1.1629774190635754e-08,0.007238756928664548,False,True,0.11972336196879761,-0.145572258792667,0.010276638031202392,0.014427741207333006
2013-10,NoCreditStressRiskScaling,0.014757456978917958,0.014757459991030734,2.058045205233492,-0.07530075170558137,9.258138399526426e-07,2.777441519857928e-09,2.346712562329255e-10,0.5522640482494267,0.3043487555802721,0.1433871961703012,8.893936004162216e-17,0.008077581125473743,0.0011381030627762032,0.0005174379467550954,7.402362491106851e-09,0.006991084244968055,False,True,0.11686418079683115,-0.15913262495465702,0.01313581920316885,0.0008673750453429829
2013-11,NoCreditStressRiskScaling,-0.003745989176404158,-0.0037459885785847222,2.050335790170137,-0.07876466508112134,1.708055531596489e-07,5.124166594789467e-10,8.540277658677513e-11,0.5580265882347156,0.3005621186650918,0.14141129310019251,8.144404316977309e-17,0.007565651475557928,0.0010765167621577594,0.0005227318456083376,6.5486730130752295e-09,0.006504654700197697,False,True,0.11365826474961296,-0.1551647746149996,0.01634173525038704,0.004835225385000391
2013-12,NoCreditStressRiskScaling,-0.006263399507022089,-0.006256436040438618,2.0374937179927555,-0.0845347300237036,0.001990149086315477,5.970447258946431e-06,9.930193245238105e-07,0.5644281867272861,0.30055305930998893,0.13501875396272497,3.0704428463800417e-19,0.007000465680326895,0.001159883299349097,0.0005285543014085719,6.9651473034045774e-06,0.005885004581940369,False,True,0.11797711469683077,-0.16000000000255257,0.012022885303169237,-2.5525692670669287e-12
2014-01,NoCreditStressRiskScaling,-0.02053708116282366,-0.02053707088569457,1.9956495441375948,-0.10333571457495305,2.936322596944208e-06,8.808967790832625e-09,1.4681612984651654e-09,0.5620935953547843,0.3043840176882178,0.13352238695699795,3.1711195382853027e-19,0.007288206092052603,0.001090755895033337,0.0005183671703495803,1.309091238704977e-08,0.006224447883273967,False,True,0.11440747676791078,-0.15942674016440925,0.01559252323208922,0.0005732598355907559
2014-02,NoCreditStressRiskScaling,0.019752094694216505,0.019752095180915176,2.0350678029098703,-0.08562471670031568,1.4533341165245977e-07,4.360002349573793e-10,5.069843610205921e-11,0.5452071290717599,0.3116317315096701,0.14316113941857,3.335568045835245e-19,0.006916700569944865,0.001092559184547694,0.00048648715529722193,6.527460723701305e-09,0.005883927294913072,False,True,0.11450200965298526,-0.14909508909715724,0.01549799034701474,0.010904910902842763
2014-03,NoCreditStressRiskScaling,-0.004348358980794734,-0.004348357235523927,2.026218597552561,-0.08960074867526868,5.353128352677055e-07,1.6059385058031165e-09,1.3933230107159703e-10,0.5428600079586449,0.30745503327424345,0.14968495876711174,0.0,0.006627196327493172,0.0010009854741015053,0.0004784450782846526,6.826215056745965e-09,0.00564825168594271,False,True,0.10959847484895975,-0.1462330446285001,0.020401525151040253,0.013766955371499912
2014-04,NoCreditStressRiskScaling,-0.007264439469026181,-0.007264433804954708,2.011499255199625,-0.09621428892916395,1.7204244917162778e-06,5.1612734751488335e-09,5.027979975841265e-10,0.5481906822703825,0.3093871227833553,0.1424221949462623,1.6354694865690314e-21,0.006198449611356827,0.0009779150668667714,0.0004819345026476146,9.165090568833673e-09,0.005227548410185258,False,True,0.10832811639828903,-0.15060407598792902,0.021671883601710976,0.009395924012070983
2014-05,NoCreditStressRiskScaling,0.008013078236953275,0.008013096638817004,2.027617556105113,-0.08897218331691292,5.420403209596692e-06,1.6261209628790077e-08,2.1406540999108218e-09,0.5485500224938712,0.31265406117977873,0.13879591632635008,2.522700437720086e-21,0.005675182047735856,0.0009728103202812207,0.00047741101450934236,2.083454582916533e-08,0.004711345038540074,False,True,0.10804500841489462,-0.15177688137268186,0.021954991585105388,0.008223118627318143
2014-06,NoCreditStressRiskScaling,0.007924453295371255,0.00792446014094927,2.0436853167293427,-0.08175278593282376,2.066860803423554e-06,6.200582410270662e-09,6.449956062304368e-10,0.5547468239834776,0.31276565917009724,0.13248751684642524,3.4502137749370765e-21,0.00580664986196713,0.0009883925916864779,0.0004828293255204711,1.0107953824375334e-08,0.004829614132649595,False,True,0.10890689188585695,-0.15645321647652138,0.021093108114143055,0.0035467835234786194
2014-07,NoCreditStressRiskScaling,0.01955968711094086,0.019559691083095944,2.083659162077793,-0.06379215773517655,1.2929757410018467e-06,3.87892722300554e-09,9.32278595155971e-11,0.5481618158569527,0.31282320899257965,0.13901497515046776,0.0,0.005818923907834136,0.0009707514544184885,0.00046710307219133946,8.22346527740007e-09,0.004866436884968275,False,True,0.10793061406765858,-0.15154653169771337,0.022069385932341423,0.008453468302286632
2014-08,NoCreditStressRiskScaling,-0.010794452726223038,-0.01079443821399265,2.0611672017551825,-0.07389800903042354,4.668902001916945e-06,1.4006706005750834e-08,5.05524382674042e-10,0.5560949581154381,0.30842427605423217,0.13548076583032986,6.7085009422540594e-21,0.005274677384936207,0.0009778292739544014,0.0004761859419131537,1.719440837294223e-08,0.0043095596116374795,False,True,0.108323364457779,-0.15610652775660147,0.021676635542221004,0.0038934722433985325
2014-09,NoCreditStressRiskScaling,-0.016099133210066393,-0.016099119977702383,2.027984196405906,-0.08880744834915033,4.407458847527359e-06,1.3222376542582078e-08,9.98747073932304e-12,0.5552315602099761,0.313310728915728,0.1314577108742959,1.1389661287121447e-20,0.004747021468201153,0.0009709832245069017,0.0004703018592556105,1.702962047080274e-08,0.0037912109670716204,False,True,0.10794349769246325,-0.15063540368140804,0.02205650230753675,0.009364596318591961
2014-10,NoCreditStressRiskScaling,-0.0147535537460891,-0.014753548055721571,1.9980642225680123,-0.10225077663296722,1.8965031740175775e-06,5.689509522052733e-09,8.58006207743465e-13,0.5444728329216718,0.3224749130639626,0.1330522540143656,7.414977829832659e-22,0.004766805047606422,0.0009174569887416511,0.000449209035560149,9.929718090996159e-09,0.0038588575879573562,False,True,0.10492608762790984,-0.14569281092311515,0.025073912372090168,0.014307189076884858
2014-11,NoCreditStressRiskScaling,0.01282260248476955,0.012822606580405661,2.0236846058330418,-0.09073929521072133,1.2041877503615743e-06,3.612563251084723e-09,4.830728613930416e-10,0.5406076852849859,0.32956923322070025,0.12982308149431387,0.0,0.005192550031799785,0.0009794306659062278,0.0004395113581258183,8.170778584186004e-09,0.004263315169942269,False,True,0.10841202881080464,-0.14495768483100646,0.021587971189195365,0.015042315168993542
2014-12,NoCreditStressRiskScaling,-0.013422290687417798,-0.013422284933489832,1.996522122793898,-0.10294365670104944,1.704101535937587e-06,5.1123046078127615e-09,6.416233593597983e-10,0.5387872766824942,0.3268211351292555,0.13439158818825045,3.0660557085728504e-21,0.00496229678462673,0.0009251213667132066,0.0004330570201559389,9.344943457166965e-09,0.0040666697361707305,False,True,0.10536344907299912,-0.14293388458915457,0.024636550927000886,0.017066115410845434
2015-01,NoCreditStressRiskScaling,0.0301011100782485,0.030101112549831423,2.0566196549857754,-0.07594126496501674,7.168749432684418e-07,2.1506248298053255e-09,3.2095809493482007e-10,0.5332230566260446,0.33149481805317893,0.1352821253207765,2.4617005798574007e-21,0.005063840078546292,0.0009173026240617944,0.0004213425032887509,7.2264233497553686e-09,0.004183839036803295,False,True,0.10491726020413196,-0.1403424267472109,0.025082739795868045,0.019657573252789107
2015-02,NoCreditStressRiskScaling,-0.001980140569847468,-0.0019801393545417862,2.052547258970192,-0.07777103115518158,3.4742451893166086e-07,1.0422735567949825e-09,1.7303212482278028e-10,0.5306855366427315,0.32636758386577835,0.14294687949149015,2.912728352226331e-21,0.006078590916030582,0.0008902381449401955,0.00041484619640008263,6.7043255621789495e-09,0.005218618942834839,False,True,0.10335791086937829,-0.13714549624222572,0.026642089130621716,0.022854503757774286
2015-03,NoCreditStressRiskScaling,0.011451604541676501,0.011451605218920037,2.076052218483021,-0.06721002970709256,2.137670138402394e-07,6.413010415207182e-10,3.594249331495417e-11,0.536691737259246,0.3263540893326371,0.13695417340811683,5.4777928121039066e-21,0.00545214651387529,0.0008225371218452135,0.000419641603605125,6.55407286956026e-09,0.004621229795274688,False,True,0.09935011556179772,-0.14134370219607265,0.030649884438202282,0.018656297803927357
2015-04,NoCreditStressRiskScaling,0.014790514079936135,0.014790516853625316,2.106758098051176,-0.05341358651785233,8.092264340009425e-07,2.4276793020028274e-09,3.4600987952604356e-10,0.5393694624897697,0.3265023098552653,0.134128227654965,5.11146704462838e-21,0.006355234055804683,0.0008166287395502074,0.0004196261367798544,7.372074539819633e-09,0.005527286177175185,False,True,0.09899265060903506,-0.1432515418794874,0.031007349390964944,0.016748458120512594
2015-05,NoCreditStressRiskScaling,-0.006312265489212071,-0.00631226378634783,2.0934596816147297,-0.05938869126823265,4.865326404118654e-07,1.4595979212355961e-09,2.4326632015737357e-10,0.5547853144581425,0.3192645694567643,0.1259501160850933,2.7743904418237847e-17,0.005537231216408805,0.0008934072322252441,0.00044023093726132465,6.81941681964325e-09,0.004650289843618038,False,True,0.10354171520070028,-0.15195151832902445,0.026458284799299722,0.008048481670975549
2015-06,NoCreditStressRiskScaling,-0.0208158814223709,-0.020815881294838506,2.049882473119723,-0.07896834473533432,3.643782715893919e-08,1.0931348147681757e-10,1.8218913614462606e-11,0.5431466493911836,0.32278576179172436,0.13406758881709213,0.0,0.0056363034679965335,0.0009009764144077688,0.00041848392424312765,6.502163222977586e-09,0.0047673248343862995,False,True,0.10397940648461707,-0.14485669981958954,0.02602059351538294,0.015143300180410463
2015-07,NoCreditStressRiskScaling,-0.01907593160302472,-0.01907593020888585,2.010779055268252,-0.09653788159538368,3.9832539094897257e-07,1.1949761728469177e-09,1.9916269550224186e-10,0.5367514098946884,0.3290461090978664,0.13420248100744525,2.0694112939108004e-23,0.004793786010769333,0.0008725809104270263,0.00040813949161330244,6.745309855439592e-09,0.0039493493186326615,False,True,0.10232776224038281,-0.13664480983745173,0.02767223775961719,0.02335519016254828
2015-08,NoCreditStressRiskScaling,-0.01627218168451971,-0.016272178644508355,1.9780592931535002,-0.11123918133114474,1.0039834254793607e-06,3.0119502764380823e-09,2.8061077850249332e-11,0.5302036276483166,0.3367960008881967,0.13300037146348664,1.1917386398298344e-21,0.0033722489147247348,0.000879249640380499,0.0003969035889286928,7.695455692026786e-09,0.0025357128101501005,False,True,0.10271803972314691,-0.1343119096189982,0.02728196027685309,0.02568809038100181
2015-09,NoCreditStressRiskScaling,0.010981589055864134,0.010981591748685023,1.9997815274390451,-0.10147917525156991,8.653626741572662e-07,2.5960880224717986e-09,9.67328658008082e-11,0.5118529759382806,0.34444716055292024,0.14369986350879924,1.2423638200381299e-21,0.0046852772284033855,0.001021394717687628,0.00036914587743006695,7.327887280299108e-09,0.003805426664242224,False,True,0.11071014683510963,-0.12392836052820864,0.019289853164890375,0.03607163947179136
2015-10,NoCreditStressRiskScaling,0.02730222599454038,0.027302227564470455,2.054380014640893,-0.0769475566334874,4.815624215226411e-07,1.4446872645679233e-09,1.2524281084447254e-10,0.5173513835470257,0.343605786330633,0.13904283012234137,2.775678022813571e-17,0.005275495030778477,0.001025576901167065,0.00037331105991366954,6.766181629256982e-09,0.004389388754099646,False,True,0.11093657112965401,-0.12744527812788245,0.019063428870345997,0.032554721872117554
2015-11,NoCreditStressRiskScaling,-0.016826983514909053,-0.016826980921259328,2.019810996001172,-0.09247974488141242,7.976423093691987e-07,2.392926928107596e-09,2.007227961342706e-10,0.5328050148901251,0.33493516101450604,0.13225982409536885,2.5181007943004647e-17,0.004998608541418371,0.0008636108705256505,0.00039283598865147,7.187310736953679e-09,0.004173959930193339,False,True,0.10180044423433429,-0.1355661166653733,0.028199555765665713,0.024433883334626705
2015-12,NoCreditStressRiskScaling,-0.0005377796744008872,-0.0005377760768032277,2.018724782701391,-0.09296779082872231,1.1151723306457438e-06,3.3455169919372312e-09,2.520806675898732e-10,0.5324920257045297,0.33871386596296743,0.1287941083325029,2.2877087436102478e-17,0.004014752926774274,0.0008319535416119908,0.00039074268791659984,7.74444503959484e-09,0.0032080257236066392,False,True,0.09991717819946623,-0.13636885566246046,0.030082821800533774,0.023631144337539545
2016-01,NoCreditStressRiskScaling,-0.0010810770703857107,-0.0010810727396069596,2.016542385627393,-0.09394836255215877,1.2373653574638899e-06,3.7120960723916696e-09,6.186826787370005e-10,0.5263796819489915,0.3419326468649989,0.13168767118600963,0.0,0.0041486699487956165,0.0008655631681863018,0.0003784443562589145,8.258907216294247e-09,0.003337435749536335,False,True,0.10191544543510381,-0.13311190286479443,0.028084554564896197,0.02688809713520557
2016-02,NoCreditStressRiskScaling,0.03321209816143648,0.03321210220460823,2.0835159892855475,-0.06385648662991061,1.1700929780367186e-06,3.510278934110156e-09,5.328928174286318e-10,0.5134849206583335,0.34530205358546956,0.14121302575619696,0.0,0.004126901292008856,0.0009815478675692924,0.0003577981162760329,8.239871703082371e-09,0.003278321002076474,False,True,0.10852914083706508,-0.1252737707295606,0.021470859162934924,0.03472622927043939
2016-03,NoCreditStressRiskScaling,0.000368001433977159,0.00036800214161090625,2.0842827261573187,-0.06351198447458217,2.33421263637348e-07,7.00263790912044e-10,7.369956298022436e-12,0.5088543023147146,0.33647283424631325,0.15467286343897219,4.745080131088212e-21,0.00519363972761068,0.0009146678305258647,0.00035131579461418537,6.575986721853366e-09,0.00438498344174684,False,True,0.10476647348417516,-0.12039777983668083,0.025233526515824847,0.03960222016331917
2016-04,NoCreditStressRiskScaling,0.008553054303991281,0.00855305535240604,2.1021097094990133,-0.05550215162275618,3.4194633941053937e-07,1.0258390182316182e-09,2.25757414706896e-11,0.5236894828404464,0.3368229911208025,0.13948752603875125,0.0,0.004910912900601037,0.0007752778972216609,0.00036651356723529823,6.651980603275667e-09,0.004156753732774305,False,True,0.09645379601995938,-0.1299134707945135,0.03354620398004063,0.03008652920548649
2016-05,NoCreditStressRiskScaling,-0.0066192905039631385,-0.006619289396872124,2.088195234660638,-0.06175405726153327,3.416219662016884e-07,1.024865898605065e-09,8.222511542477217e-11,0.5176638499019208,0.3345727510697273,0.14776339902835187,5.551115123125783e-17,0.005620842510746487,0.0007566842578763676,0.0003564825524698526,6.635338288930661e-09,0.0048860111940001606,False,True,0.09529014164390989,-0.12015921960980404,0.03470985835609011,0.039840780390195965
2016-06,NoCreditStressRiskScaling,0.019084445468902127,0.019084448217535657,2.12804728274494,-0.043848153730922435,8.989066676568255e-07,2.6967200029704765e-09,5.191352711600613e-11,0.5173766125049708,0.33780584445318834,0.1448175430418409,5.997232178749159e-17,0.006273584570445632,0.0007334843521686545,0.00035281657746914216,7.4440333604918714e-09,0.005554018372858802,False,True,0.09381797389639074,-0.12075694122363369,0.036182026103609266,0.039243058776366316
2016-07,NoCreditStressRiskScaling,0.01310660207502649,0.013106677585954437,2.1559387516767194,-0.03131625195857157,2.510897406370278e-05,7.532692219110835e-08,1.840057555651618e-10,0.5117995041634666,0.33657668708055033,0.1516238087559831,5.2203060894593436e-17,0.007527899625608751,0.0009174808592831373,0.00034363051830892723,7.846619809196909e-08,0.006725450211460163,False,True,0.10492745261082843,-0.11697902453262575,0.02507254738917157,0.04302097546737425
2016-08,NoCreditStressRiskScaling,0.000967916598799351,0.0012489167810902984,2.1580255205804617,-0.030378646879855253,0.09366669557118333,0.00028100008671355,9.557739742000894e-11,0.6151878223221319,0.23949056056048842,0.14532161711737968,5.556583890652533e-17,0.008344751186644878,0.0010456328572869694,0.0005021502696533738,0.0002810033362096944,0.0070387811521383245,False,True,0.11201604477682486,-0.1600000000142715,0.01798395522317514,-1.4271500647922153e-11
2016-09,NoCreditStressRiskScaling,0.009024427209182109,0.009041502599318588,2.1775004648064975,-0.021628369558153837,0.004878682896136773,1.4636048688410319e-05,2.4393414480683146e-06,0.615762026538233,0.23805227648661662,0.14618569697515035,4.29853227728319e-19,0.008167567248745813,0.0009772233998550184,0.0004992865898046763,1.7077147955382984e-05,0.007162591811058244,False,True,0.10828980006565818,-0.16000000081234905,0.021710199934341826,-8.123490491396268e-10
2016-10,NoCreditStressRiskScaling,-0.007400585616763928,-0.0073766300755222555,2.161385686186154,-0.028868892574251626,0.006844440354763295,2.0533321064289885e-05,3.422220177381696e-06,0.618871740872221,0.23025867045533277,0.1508695886724463,5.330547353120632e-19,0.008441246976336147,0.0010549954698109646,0.0005015703489776263,2.3957278838313395e-05,0.007388221613614725,False,True,0.11251642385772655,-0.1600000000000163,0.017483576142273458,-1.6292522886374172e-14
2016-11,NoCreditStressRiskScaling,-0.015992971041644627,-0.015978175009970837,2.1268187074971534,-0.0444001642529519,0.0049320089483402,1.47960268450206e-05,4.828767704865262e-12,0.6212781672233159,0.22422268154101407,0.1544991512356701,2.7755575615628914e-17,0.007453879825519421,0.001062398641957841,0.000502889101108917,1.4799512756119294e-05,0.0064049918906754644,False,True,0.1129105119264548,-0.15999999999999953,0.017089488073545198,4.718447854656915e-16
2016-12,NoCreditStressRiskScaling,0.0238723197003656,0.023900449289723038,2.1775908036272438,-0.02158777946838153,0.008037025530696934,2.4111076592090804e-05,4.018512765348453e-06,0.62122733163364,0.22435023947449526,0.15442242889186483,1.88460568760252e-18,0.006566306634831171,0.0011757946916247334,0.0005008520350058742,2.8131715749840753e-05,0.0054494255382630885,False,True,0.11878356914782785,-0.1600000008194264,0.011216430852172152,-8.194263878547048e-10
2017-01,NoCreditStressRiskScaling,0.023010676256930918,0.023028074519653396,2.2276986406295802,0.0,0.004970932206422266,1.4912796619266799e-05,2.4854661032110973e-06,0.6228673411776414,0.22023420170615726,0.1568984571162013,2.0096912226356033e-19,0.007099394369160824,0.0011584331661485137,0.0005002709692253028,1.740035515989035e-05,0.006002506461701374,False,True,0.1179033417413695,-0.16000000000108733,0.012096658258630502,-1.0873246747422627e-12
2017-02,NoCreditStressRiskScaling,0.009278334471278491,0.00930138918323548,2.2483679737185542,0.0,0.00658706055913981,1.976118167741943e-05,3.2935302795699534e-06,0.6248182849826196,0.21533515576362516,0.15984655925375532,5.561133968482946e-17,0.007483268188341087,0.001291186255976262,0.0005003494591204594,2.3056371240143065e-05,0.006314269229992353,False,True,0.12447584131756308,-0.16000000064757025,0.005524158682436928,-6.475702474251221e-10
2017-03,NoCreditStressRiskScaling,0.02180071862910576,0.0218007224922286,2.297384011288285,0.0,1.2734836281194525e-06,3.820450884358357e-09,4.2671955704774694e-11,0.6249585908068749,0.21384907235147732,0.1611923368416478,0.0,0.007433085886975437,0.0013515613922538445,0.0004970631690363915,8.265483856187837e-09,0.006260233756328267,False,True,0.12735280408002855,-0.1544438125048633,0.002647195919971451,0.0055561874951367
2017-04,NoCreditStressRiskScaling,0.02147220020097499,0.021472732184056452,2.3467139007171864,0.0,0.0001520416943480847,4.5612508304425414e-07,7.585799841884635e-08,0.6350008275179891,0.20916457630969207,0.15583459617231887,2.621470888336464e-19,0.007798450575203468,0.0013788938753075666,0.0005089998055387472,5.34583613456089e-07,0.006599469248397482,False,True,0.12863407986879216,-0.1600000000018928,0.0013659201312078428,-1.8927914791078138e-12
2017-05,NoCreditStressRiskScaling,0.03540469295000813,0.035412691588995716,2.429798585813594,0.0,0.0022854513488851924,6.856354046655578e-06,1.1422849409347678e-06,0.6374882520092554,0.20287706939929515,0.1596346785914494,0.0,0.00890858547214635,0.0013814554249001955,0.0005101446018004883,8.000817106454994e-06,0.007699712340789309,False,True,0.12875350519035336,-0.15999999999999912,0.0012464948096466422,8.881784197001252e-16
2017-06,NoCreditStressRiskScaling,0.01515754400836375,0.015314446150785675,2.4666283648095235,0.0,0.044829183549121604,0.0001344875506473648,2.241459177456083e-05,0.6070117975128034,0.196290978785678,0.19669722370151865,2.4651155390954097e-18,0.008192004456286586,0.0014083333333335304,0.0004668287844537369,0.00015690406312612756,0.006864104942039956,False,True,0.13000000000000908,-0.14087923728529192,-9.076073226310655e-15,0.019120762714708084
2017-07,NoCreditStressRiskScaling,0.003978758180401251,0.003978765296951584,2.476442482594019,0.0,2.2128601465803998e-06,6.6385804397411995e-09,4.7796989377513e-10,0.614192568276392,0.19359814480681026,0.19220928691679778,2.3656872111770635e-18,0.007986816680859293,0.0012507652556928834,0.0004732035618205138,1.0318588163582937e-08,0.0068882201726041745,False,True,0.12251197112247685,-0.14394696968486168,0.007488028877523159,0.016053030315138328
2017-08,NoCreditStressRiskScaling,0.0006084503948811129,0.000608462627311311,2.4779492750004537,0.0,4.071515224732263e-06,1.2214545674196789e-08,1.7884523931259716e-11,0.6136692178854297,0.19298382637630687,0.19334695573826347,2.443254946793225e-18,0.008020832125697687,0.0011610637480316374,0.0004692528746420389,1.6026751536603642e-08,0.006971031350288292,False,True,0.11803713388751715,-0.14364249501934437,0.011962866112482859,0.016357504980655635
2017-09,NoCreditStressRiskScaling,0.02034482373816035,0.02034485242444384,2.52836271623244,0.0,9.353308090279136e-06,2.805992427083741e-08,6.263592228217134e-10,0.6039274666433025,0.1930363753738566,0.20303615798284091,2.2889749365021377e-18,0.008613037723802008,0.0012971684065201728,0.00045397546801363947,3.105884948841898e-08,0.007510446993678793,False,True,0.12476386046544918,-0.13911339220227445,0.005236139534550821,0.020886607797725554
2017-10,NoCreditStressRiskScaling,0.020843098327279038,0.021131447046893532,2.581061628933899,0.0,0.08238542448183794,0.00024715627344551385,4.119244616897909e-05,0.6162009615425545,0.10647257710388987,0.27732646135355565,2.6870129139033515e-19,0.009335552231273476,0.0014083333348914812,0.0005015749504066563,0.00028835112058103,0.00784145949284005,False,True,0.1300000000719145,-0.14939739509112268,-7.19145021310652e-11,0.010602604908877322
2017-11,NoCreditStressRiskScaling,-0.02613420055341285,-0.026134152735444685,2.5136076466826216,-0.02613420055341298,1.4161602317881848e-05,4.248480695364555e-08,5.333161210624305e-09,0.6317766400258847,0.1034306497016176,0.2647927102724978,1.4154745045175215e-20,0.00879167352492188,0.0013854696596040108,0.0005153302230016292,4.96747655117232e-08,0.007583558797352734,False,True,0.12894043553225704,-0.15133615676393403,0.0010595644677429683,0.008663843236065977
2017-12,NoCreditStressRiskScaling,0.007949405271870902,0.008000997406670271,2.5335893325605756,-0.01839254663319745,0.01719682316357738,5.1590469490732145e-05,1.6653086375734115e-09,0.6115890939701084,0.1240158923302856,0.26439501369960605,3.338655508600372e-18,0.008657195182719835,0.0014083333333341805,0.0004855123043424169,5.1593928653543874e-05,0.007415922283056784,False,True,0.13000000000003908,-0.14571068197406975,-3.907985046680551e-14,0.014289318025930253
2018-01,NoCreditStressRiskScaling,0.023263575353879185,0.02330059608545763,2.5925296789143832,0.0,0.012340113027299609,3.7020339081898825e-05,3.9249654490577193e-10,0.6242813191909347,0.11082838140558088,0.26489029940348446,3.2373599244059363e-19,0.009180103160996501,0.001408333333396582,0.0005014140333094301,3.702320432205139e-05,0.007937499256666728,False,True,0.13000000000291917,-0.14681529557198575,-2.9191649097981553e-12,0.013184704428014254
2018-02,NoCreditStressRiskScaling,-0.05287951871636106,-0.052879512509461095,2.4554379572355085,-0.052879518716361096,1.9586031482362097e-06,5.8758094447086295e-09,3.3109052549624147e-10,0.6274009265745646,0.10756606475303197,0.2650330086724035,0.0,0.007470637452658431,0.0013818563003042406,0.000502685946519254,9.653346476889422e-09,0.00627701370264058,False,True,0.1287721848989559,-0.14768375560908378,0.0012278151010441107,0.01231624439091622
2018-03,NoCreditStressRiskScaling,0.017312797488374186,0.017375068573312176,2.497948457334394,-0.03648221362680604,0.02075688667207213,6.227066001621639e-05,4.249217734619837e-10,0.5881430639261165,0.1345215571551986,0.2773353789186849,0.0,0.006994702835908218,0.0014083333338453284,0.0004659038474668908,6.227351000146999e-05,0.005762358811517193,False,True,0.13000000002363055,-0.13995133283183658,-2.3630541967634144e-11,0.02004866716816342
2018-04,NoCreditStressRiskScaling,0.007654536188731257,0.007669936461566527,2.5170690941986456,-0.02910693186252611,0.005133422337064986,1.540026701119496e-05,5.824074389644058e-12,0.5899680679999211,0.13818517361215335,0.27184675838792555,4.347762639791808e-19,0.007464865804229687,0.0014083333333344643,0.00046233810085620085,1.540374996684961e-05,0.006282957286739405,False,True,0.13000000000005218,-0.13927396983237356,-5.218048215738236e-14,0.020726030167626447
2018-05,NoCreditStressRiskScaling,-0.01953977127786362,-0.019539767515819654,2.4678861398074248,-0.048077960349195537,1.222104579021147e-06,3.666313737063441e-09,9.57302267317971e-11,0.5969152076241221,0.13706039978756726,0.2660243925883107,2.817630992332911e-17,0.006920010895006709,0.0012783127268153616,0.00046618942583986624,8.059037597957727e-09,0.005814657046721564,False,True,0.12385375538022389,-0.1398394140294328,0.0061462446197761145,0.02016058597056719
2018-06,NoCreditStressRiskScaling,-0.021590313313733754,-0.02159030072389255,2.4146037048263618,-0.06863025543550483,4.1959376637230085e-06,1.2587812991169026e-08,2.0282137636653978e-12,0.588669777270776,0.14025929237072537,0.2710709303584987,2.8306015229316196e-17,0.00780962085001035,0.0012617972490781475,0.00045628916662015216,1.6434462336049746e-08,0.006722416624388788,False,True,0.12305107471671173,-0.1387777785668576,0.006948925283288276,0.021222221433142396
2018-07,NoCreditStressRiskScaling,-0.0074680537128000565,-0.0074559885283336435,2.3965713146635927,-0.07558577471438921,0.0037130330935981645,1.1139099280794494e-05,9.260851856184611e-07,0.5836227342073408,0.14257378234823728,0.27380348344442196,2.7755575615628914e-17,0.008399996498050046,0.0014083333334009508,0.0004505944204464409,1.2066685611350072e-05,0.007233168725291779,False,True,0.1300000000031208,-0.13805032593974695,-3.1208091666456994e-12,0.021949674060253055
2018-08,NoCreditStressRiskScaling,-0.0018196791660552128,-0.0016781726335221194,2.392210323772334,-0.07726791202094663,0.040430539263742765,0.00012129161779122829,2.021491474186515e-05,0.6271644773591516,0.1439168141136851,0.2289187085271633,1.989729076834643e-18,0.008604215434333838,0.0014083333333336217,0.0004917260225231219,0.00014150880734166625,0.007266813937802239,False,True,0.1300000000000133,-0.14343784734755552,-1.329492071988625e-14,0.016562152652444484
2018-09,NoCreditStressRiskScaling,0.003105455601702738,0.0031755346803916504,2.3996392267227438,-0.07440240848946111,0.020022676266939765,6.0068028800819295e-05,1.001104988809322e-05,0.6499241897128268,0.14624429856553328,0.2038315117216398,8.260352383166411e-20,0.00908227570397183,0.0014083333333493042,0.0005155041534902518,7.008144544671555e-05,0.00779252343836021,False,True,0.1300000000007371,-0.15176639257270305,-7.371048216242571e-13,0.008233607427296952
2018-10,NoCreditStressRiskScaling,-0.06412514512648292,-0.06410648232107322,2.2457620130579468,-0.1337564883737974,0.006220921023483136,1.866276307044941e-05,4.233925723912873e-11,0.6466220192879222,0.1516391093132209,0.2017388713988569,2.1158938589818166e-19,0.008760536313673016,0.0014083333333618111,0.0005061080752914841,1.8666143451444033e-05,0.007531595428249182,False,True,0.13000000000131434,-0.15062886069163292,-1.3143375277024916e-12,0.009371139308367082
2018-11,NoCreditStressRiskScaling,0.019361257343746312,0.019623809609837617,2.2892427893255713,-0.11698492482285205,0.08751734031251296,0.00026255202093753886,2.451537667592581e-10,0.5196187216175251,0.2508581862813102,0.2295230921011647,0.0,0.010645485284487577,0.0014083333338299508,0.0003489127239748317,0.0002625550129596315,0.00932985088063814,False,True,0.1300000000229208,-0.11248290439368044,-2.2920804143566897e-11,0.04751709560631956
2018-12,NoCreditStressRiskScaling,-0.006127729783364883,-0.006052486070879158,2.275214928104068,-0.12239580259817517,0.025080730240254992,7.524219072076498e-05,1.5217649595157433e-09,0.5561940118966271,0.22289133189549606,0.22091465620787692,1.962926285171984e-18,0.009300644349072545,0.0014083333342023796,0.000392614611533791,7.524553269237943e-05,0.008128617537745185,False,True,0.13000000004010984,-0.12245151683653066,-4.0109832122325884e-11,0.03754848316346934
2019-01,NoCreditStressRiskScaling,0.057799458353594166,0.05793607272517629,2.4067211185864945,-0.07167075533950906,0.04553802221625529,0.00013661406664876587,3.0493336205911313e-10,0.589479044974916,0.1799009948496052,0.23061996017547876,8.835216977703437e-17,0.009475548311043922,0.0014083333380457955,0.00044179095180736313,0.00013661699447626723,0.008192973695737394,False,True,0.13000000021749825,-0.13317903805079925,-2.174982416391913e-10,0.02682096194920075
2019-02,NoCreditStressRiskScaling,-0.002293508440234391,-0.0022935052332311366,2.401201283387726,-0.07379988629745426,9.162866442258667e-07,2.7488599326776e-09,4.581433220989971e-10,0.6059879328352871,0.1701147332116285,0.2238973339530843,1.0078540071794589e-16,0.006252919318027467,0.0013137702062393933,0.00046155865164447914,7.514181961542412e-09,0.00513446804908133,False,True,0.12555971676804914,-0.1376156318471998,0.0044402832319508645,0.022384368152800205
2019-03,NoCreditStressRiskScaling,-0.0123584156796156,-0.01235841106011439,2.371526239797194,-0.08524625230509764,1.3198574881494852e-06,3.959572464448456e-09,6.599287441232795e-10,0.6048773729140392,0.170713808114303,0.22440881897165782,1.6246713674208406e-16,0.005570444996319625,0.0012007810845884718,0.0004570886668183238,8.522937425392689e-09,0.00451295726426964,False,True,0.12003904787635422,-0.13730539986170417,0.009960952123645783,0.02269460013829583
2019-04,NoCreditStressRiskScaling,0.014740072343362939,0.014740075838910235,2.4064827081359876,-0.07176271588771255,9.987277991980122e-07,2.9961833975940366e-09,4.993638995087263e-10,0.5978760843796322,0.1743931053681749,0.22773081025219255,1.4779704799844006e-16,0.005940908673137126,0.001182356697089159,0.0004456907924734041,7.687778342143594e-09,0.0049040318443408,False,True,0.11911456823189139,-0.13540589490175092,0.01088543176810862,0.02459410509824908
2019-05,NoCreditStressRiskScaling,-0.02730143181549607,-0.027178494228522886,2.340782284564643,-0.09710492280850536,0.03512509083612684,0.00010537527250838053,1.756231446480525e-05,0.5653993595317839,0.17237998193430923,0.2622206585339069,4.884222984849229e-19,0.004749884291344555,0.0011129401943437804,0.0004098183103045519,0.0001229400464509405,0.003660655837417172,False,True,0.11556505670887444,-0.1301607566658276,0.01443494329112556,0.0298392433341724
2019-06,NoCreditStressRiskScaling,0.04470229477875479,0.04470230046433444,2.4454206242621384,-0.056743440913604726,1.6244513281471475e-06,4.873353984441443e-09,8.122256640874518e-10,0.5388170167942764,0.17897317875920388,0.2822098044465198,4.368527638485274e-19,0.005577693817756593,0.0011832301692025996,0.0003851696019141175,9.649418375337316e-09,0.0046008994818228,False,True,0.11915855835999023,-0.12709783382020748,0.010841441640009775,0.032902166179792525
2019-07,NoCreditStressRiskScaling,-0.01698607968243936,-0.016986073999387098,2.403882514681341,-0.07276567198722983,1.6561898904393444e-06,4.968569671318033e-09,7.144825921040298e-10,0.5492683644027979,0.17211472601116334,0.2786169095860388,2.8165458289650797e-17,0.005205875796698454,0.0011293644260996767,0.00039475966035727814,9.428480041457148e-09,0.004246424494811296,False,True,0.11641466021595442,-0.12907336698020994,0.01358533978404558,0.030926633019790067
2019-08,NoCreditStressRiskScaling,0.022733737705643402,0.02273373892897518,2.4585317492452887,-0.05168616998251907,3.495233652783911e-07,1.0485700958351734e-09,1.7476168262530318e-10,0.5295392581735234,0.1775948951631609,0.2928658466633156,2.8046400544954064e-17,0.0055209424839833664,0.0010657007985237664,0.00037525097460510716,6.692288932254754e-09,0.004612834417827443,False,True,0.1130858504954762,-0.1268388388539097,0.0169141495045238,0.0331611611460903
2019-09,NoCreditStressRiskScaling,0.009803938751717135,0.009803939855789898,2.4826350439340414,-0.042388959275621474,3.3929039631929836e-07,1.0178711889578952e-09,8.620157478179011e-11,0.5047779991550984,0.17475653090093343,0.32046546994396824,0.0,0.006280638313636363,0.0011827625138596722,0.0003571591793837262,6.634237465661552e-09,0.0053320912430853355,False,True,0.1191350081475469,-0.12902618670962962,0.010864991852453099,0.030973813290370383
2019-10,NoCreditStressRiskScaling,0.005916115581050421,0.00591611663096744,2.497322599799521,-0.03672362167700616,2.999762912236914e-07,8.999288736710742e-10,1.499881455979679e-10,0.529862016583174,0.17154875955913387,0.29858922385769215,0.0,0.005658651802094444,0.0011051158838719147,0.00037388622121900354,6.623170756903881e-09,0.004732201015768726,False,True,0.11515811133594965,-0.12704878606188338,0.014841888664050354,0.03295121393811662
2019-11,NoCreditStressRiskScaling,-0.0013618919879466093,-0.0013618881671246565,2.4939215161595363,-0.03803550005882239,1.0916634151508786e-06,3.274990245452636e-09,5.458317075268671e-10,0.5329892097362127,0.16879182282377975,0.29821896744000753,0.0,0.004773969658676664,0.0009937478002715666,0.0003753283678762995,8.011872034912736e-09,0.0039017593787925467,False,True,0.10920152747676563,-0.12764083208817184,0.02079847252323437,0.03235916791182816
2019-12,NoCreditStressRiskScaling,0.04366288131098939,0.043662882889113463,2.602813315318533,0.0,4.508925929708197e-07,1.352677778912459e-09,2.2544629649234877e-10,0.5381563506368637,0.17029782326392412,0.29154582609921215,9.821024197427484e-23,0.004814732310364311,0.0009504314344649427,0.000376278114720046,6.800983999166849e-09,0.003963231677427795,False,True,0.10679502429223617,-0.1274661071869713,0.023204975707763836,0.03253389281302871
2020-01,NoCreditStressRiskScaling,-0.0014057350221867047,-0.0014057336031433436,2.599154449484976,-0.0014057350221866605,4.0544096029104804e-07,1.2163228808731441e-09,2.0272048015246292e-10,0.5513434910390729,0.16281501992394118,0.28584148903698603,9.979575653728025e-23,0.0047976325792244345,0.0009881567144925448,0.00038816209102506786,6.7382050364347315e-09,0.0039153853927480576,False,True,0.10889389594421965,-0.12953944361663283,0.021106104055780353,0.03046055638336717
2020-02,NoCreditStressRiskScaling,-0.01624495767325601,-0.016244957073862865,2.5569312954668377,-0.017627856589507274,1.7125518446403653e-07,5.137655533921096e-10,8.562759223895721e-11,0.5295751661050832,0.16414622234856854,0.30627861154634844,3.0872485531473136e-22,0.005354765759154585,0.0012768762987248273,0.00036839693839094996,6.541217707603898e-09,0.004347924130183514,False,True,0.12378414916578749,-0.12914589155658382,0.0062158508342125135,0.030854108443416184
2020-03,NoCreditStressRiskScaling,-0.06260753060298102,-0.062361988067996275,2.3968481411361777,-0.07913175062159583,0.07606955328778509,0.00022820865986335526,1.7333875121391326e-05,0.4740010512661882,0.24514909935432022,0.28084984937949165,2.7755575615628914e-17,0.0066385746429056935,0.0014083333336310133,0.0002914000159735389,0.0002455440350415664,0.0053974639250750816,False,True,0.13000000001373907,-0.11102435488700703,-1.3739065440887543e-11,0.048975645112992974
2020-04,NoCreditStressRiskScaling,0.05094322880276748,0.05113985379636765,2.5189513243955663,-0.032219748696307615,0.05617856960004903,0.0001685357088001471,2.8089284800024518e-05,0.4416076576498915,0.31455261538867707,0.24383972696143152,0.0,0.006315522348706845,0.0014083333343853145,0.0002612557749730159,0.0001966277363028668,0.005153472170238305,False,True,0.13000000004855297,-0.09459499687303424,-4.8552967202297737e-11,0.06540500312696576
2020-05,NoCreditStressRiskScaling,0.040982889627412485,0.04098289553201352,2.6221852285000944,0.0,1.7387990867284734e-06,5.21639726018542e-09,6.882037789229827e-10,0.4530703265756004,0.300364064752374,0.24656560867202554,5.243516447095114e-21,0.0040647911229172795,0.001284933545958177,0.0002730946545928767,9.506873531373465e-09,0.003149220188471783,False,True,0.12417408164145255,-0.09775318040502201,0.005825918358547455,0.06224681959497799
2020-06,NoCreditStressRiskScaling,0.026199548955751526,0.026199555534424303,2.6908852987652314,0.0,1.9004942749395489e-06,5.701482824818647e-09,8.771899541876213e-10,0.46135906244467717,0.29087942388567534,0.2477615136696475,2.7768512603668096e-17,0.004298724203388947,0.0010708962301191399,0.00028105127815428193,1.0275957048591512e-08,0.0034822145342180465,False,True,0.1133611695486143,-0.09993915101601303,0.0166388304513857,0.060060848983986975
2020-07,NoCreditStressRiskScaling,0.05486199879976959,0.05495668454748309,2.838512644796407,0.0,0.027053124192759043,8.115937257827714e-05,1.3526375135219482e-05,0.44840644494657733,0.2834385470875307,0.268155007965892,2.7755575615628914e-17,0.004069644769191933,0.0010872501478626072,0.00027369626664753123,9.468828832852402e-05,0.003157635140284574,False,True,0.11422347295696839,-0.10158560380560644,0.01577652704303162,0.058414396194393564
2020-08,NoCreditStressRiskScaling,0.011585454278736803,0.01158564718319705,2.871398103262312,0.0,5.511556007073743e-05,1.653466802122123e-07,2.7557780035377837e-08,0.44902131507950854,0.27052350403721936,0.2804551808832721,2.0647298960984393e-17,0.004513623731452551,0.0011730865049526717,0.00027814042467623923,1.9526678749571488e-07,0.00364874478751248,False,True,0.1186466942625544,-0.10557800903655641,0.011353305737445599,0.05442199096344359
2020-09,NoCreditStressRiskScaling,-0.011212429890532784,-0.011212400858415577,2.8392027533416746,-0.011212429890532838,8.455183305777835e-06,2.5365549917333508e-08,3.666567288840228e-09,0.456770709213381,0.26456295746369396,0.2786663333229251,2.1207237351361163e-17,0.004322319205724858,0.0013569136668075024,0.0002839409645613799,3.132767043254147e-08,0.003359890080089294,False,True,0.12760471778774493,-0.1063202341449263,0.002395282212255073,0.0536797658550737
2020-10,NoCreditStressRiskScaling,-0.021497741928802466,-0.021497728484069615,2.7781663052667898,-0.032469129895153825,3.870809964168253e-06,1.161242989250476e-08,1.8323029599420452e-09,0.4659202793997456,0.2700070071204393,0.2640727134798152,1.8984924533193963e-17,0.0044093156841764,0.00122702121363715,0.0002865811429596717,1.662559492287934e-08,0.0035092073088032307,False,True,0.12134353943925404,-0.10355134282771644,0.008656460560745968,0.05644865717228356
2020-11,NoCreditStressRiskScaling,0.05392360603413881,0.05392361184956239,2.927975050609315,0.0,1.661549593865139e-06,4.984648781595417e-09,8.307747969197002e-10,0.46371483548821607,0.27479830037929465,0.2614868641324894,0.0,0.004188959048761718,0.001134024930601224,0.0002840948707694039,9.488620129606312e-09,0.003337842224071572,False,True,0.11665461485605569,-0.10242637107804115,0.013345385143944316,0.05757362892195886
2020-12,NoCreditStressRiskScaling,0.07889931969538375,0.07889932558651105,3.1589902901874467,0.0,1.7976756879617417e-06,5.393027063885225e-09,4.981002471732277e-10,0.5082941199337222,0.26001316302277677,0.23169271704350114,0.0,0.003588807180376537,0.0011849642929138923,0.00032253642982397367,9.331021078460974e-09,0.0026737792730745385,False,True,0.11924584485409422,-0.10732189479077,0.010754155145905789,0.05267810520923
2021-01,NoCreditStressRiskScaling,0.012932923929544458,0.01323360483135386,3.19984527130461,0.0,0.10022688052657136,0.0003006806415797141,2.602296891308083e-10,0.43413987997195286,0.34060278884032325,0.225257331187724,1.1018804539164414e-19,0.003143954364392819,0.0009855741852346964,0.00023643229708142122,0.00030068361557007955,0.0021140513591239697,False,True,0.10875150676113116,-0.08833991127193391,0.02124849323886885,0.07166008872806609
2021-02,NoCreditStressRiskScaling,-0.009846742553079608,-0.009086378720606324,3.1683372187083845,-0.009846742553079602,0.2534545555025174,0.0007603636665075522,1.659657329069629e-10,0.19084883966868604,0.5888805273310825,0.2202706330002314,5.963116084573337e-19,0.0028793402018530943,0.0004895718933830036,7.304761111968614e-05,0.0007603667759164383,0.0018011398681254682,False,True,0.07664765306645757,-0.05541387365234727,0.05335234693354243,0.10458612634765274
2021-03,NoCreditStressRiskScaling,-0.0038743176719160497,-0.0038743075255364004,3.1560620738313534,-0.013682910816311455,3.3706512563707632e-06,1.011195376911229e-08,3.4425879966107616e-11,0.20060475319631224,0.5912323837728949,0.20816286303079287,2.8349125927509716e-17,0.0030350329776231448,0.000525234797278272,7.239044699604366e-05,1.3953394071900953e-08,0.002700011178593893,False,True,0.07939028635380568,-0.0520308869930699,0.05060971364619432,0.1079691130069301
2021-04,NoCreditStressRiskScaling,0.0056527238473316815,0.00565275014692202,3.1739024211797586,-0.008107532685252106,8.64060917986365e-06,2.592182753959095e-08,3.777627996108762e-10,0.20033888176812506,0.5918660940152553,0.20779502421661972,2.8441894599360125e-17,0.0030167807419018114,0.0004596006917958759,7.184793568237664e-05,2.8976433059730315e-08,0.002715103483888437,False,True,0.07426444843631784,-0.05188552073012856,0.055735551563682165,0.10811447926987144
2021-05,NoCreditStressRiskScaling,0.013914040420817717,0.01391404930926839,3.2180642277597853,0.0,2.724359155589707e-06,8.173077466769122e-09,7.153732062974882e-10,0.201214144611772,0.5864051757315336,0.21238067965669435,5.705663602754318e-17,0.0035662309053478758,0.0003784818691205336,7.33437859005219e-05,1.179688434413449e-08,0.0033036343880027434,False,True,0.0673927476027384,-0.05280857414288884,0.0626072523972616,0.10719142585711117
2021-06,NoCreditStressRiskScaling,-0.010292221081141318,-0.009998913918647177,3.184943199274369,-0.010292221081141362,0.08380205683320263,0.0002514061704996079,4.190099199453297e-05,0.11704632904351622,0.577707551477305,0.30524611947917873,3.7394737975758626e-20,0.0046219838257319425,0.0005524223421020112,8.99792320338693e-05,0.00029331005722325426,0.003962483365423813,False,True,0.08141908931708912,-0.08257968917450716,0.048580910682910886,0.07742031082549285
2021-07,NoCreditStressRiskScaling,0.013892583532956186,0.013892595929097236,3.229190288718009,0.0,3.551725411304832e-06,1.0655176233914496e-08,1.7409648144922106e-09,0.12141842465001985,0.5852630364799897,0.2933185388699905,2.7693186146491856e-17,0.004853291114257335,0.0005496724403057586,8.449507327901291e-05,1.5783741946180564e-08,0.0044939440370834974,False,True,0.08121618855664862,-0.07818711012196149,0.04878381144335138,0.08181288987803852
2021-08,NoCreditStressRiskScaling,0.000821692082510492,0.0008217061757172936,3.2318436888111686,0.0,4.0266305147696455e-06,1.2079891544308937e-08,2.0133152573986198e-09,0.11654886979717867,0.5839976798526765,0.2994534503501449,2.725423752366286e-17,0.00567343512625154,0.0004994537817506775,8.639108553604978e-05,1.681677937462105e-08,0.005337300333060777,False,True,0.07741734547895665,-0.08033479104774639,0.052582654521043354,0.07966520895225361
2021-09,NoCreditStressRiskScaling,-0.01670814050006114,-0.01670811606277193,3.1778455903842757,-0.016708140500061086,6.982082631779182e-06,2.0946247895337546e-08,3.49104131586159e-09,0.11440434892513171,0.5832980709792128,0.3022975800956555,2.5453703956765834e-17,0.005573172453977805,0.000549242329276144,8.708176514225503e-05,2.6523504206109818e-08,0.0052114430006932715,False,True,0.08118440707003857,-0.08133423408147518,0.04881559292996143,0.07866576591852482
2021-10,NoCreditStressRiskScaling,-0.007199382131367722,-0.0071993704876726254,3.1549670656246174,-0.023787234343264352,3.3267700275742306e-06,9.980310082722692e-09,1.6633850137974562e-09,0.11089416266519397,0.5854327630377342,0.3036730742970718,5.687458709684736e-17,0.005291106603751091,0.0006945930102596334,8.830027454802152e-05,1.4356679136758503e-08,0.004855495467394115,False,True,0.09129685713711946,-0.08171059838397274,0.03870314286288054,0.07828940161602727
2021-11,NoCreditStressRiskScaling,0.00699686100143132,0.006996870077944933,3.1770419316468863,-0.01695680931414134,2.5932896034614956e-06,7.779868810384487e-09,1.296644801751407e-09,0.10964004841930039,0.581150424893885,0.30920952668681456,6.233885887555844e-17,0.004905121141600894,0.0006477669099996187,9.086034124919293e-05,1.2054828255994121e-08,0.004490365290523636,False,True,0.08816576954802484,-0.08379350067228572,0.041834230451975166,0.07620649932771428
2021-12,NoCreditStressRiskScaling,0.010013981709080902,0.010013997177518774,3.2088567714393816,-0.0071126327833765934,4.419553677990705e-06,1.3258661033972117e-08,2.2097768390264773e-09,0.10441354288737272,0.5873015530596891,0.3082849040529382,8.021052197185214e-17,0.005326869728923548,0.0007402644656873686,8.917287499245992e-05,1.8001406632738582e-08,0.0048675466196807715,False,True,0.09425058932573538,-0.08320033486128334,0.035749410674264626,0.07679966513871667
2022-01,NoCreditStressRiskScaling,-0.008861242625819655,-0.00871188234952256,3.180422313036153,-0.015910848644394293,0.04267436465631292,0.00012802309396893875,2.133718232815644e-05,0.06777202685348747,0.5793447754768623,0.3528831976696503,2.697856589948191e-19,0.0055802528776346064,0.0006312850362148693,0.00011216103552771406,0.0001493617828268211,0.005003087541172636,False,True,0.08703689122767673,-0.09914760480210076,0.042963108772323275,0.06085239519789924
2022-02,NoCreditStressRiskScaling,0.018841330332687478,0.01884135481003211,3.2403457004335174,0.0,6.993527038062933e-06,2.09805811141888e-08,3.496763518989596e-09,0.06301619999798552,0.5764157046866683,0.36056809531534617,7.709700682641606e-22,0.005785076459418859,0.0007994154394377533,0.00011686768535727017,2.6540157666455342e-08,0.0052684745141850465,False,True,0.09794378629220457,-0.10202682292099408,0.03205621370779543,0.05797317707900593
2022-03,NoCreditStressRiskScaling,-0.003212235828770564,-0.0032121864662947724,3.229936945876982,-0.0032122358287706154,1.4103564511841471e-05,4.231069353552442e-08,7.051782255906858e-09,0.061418540262048356,0.5639721810616519,0.3746092786762997,1.1876318630798627e-21,0.006077511274134053,0.0010987402744271383,0.00012559673262266006,5.1558653358124594e-08,0.005402492845644466,False,True,0.11482544706259872,-0.10676057571868089,0.01517455293740129,0.053239424281319114
2022-04,NoCreditStressRiskScaling,-0.005370387636794086,-0.0052956384527516505,3.2125909324352198,-0.008565372513983482,0.02135690972640998,6.407072917922994e-05,1.067845486320504e-05,0.0407650608204111,0.5567536762813529,0.4024812628982361,7.715250806356327e-20,0.006028227149267648,0.0014083333333360386,0.00014577705485352934,7.475140057001473e-05,0.005103532027176085,False,True,0.13000000000012485,-0.11699550976518469,-1.2484457911909885e-13,0.04300449023481531
2022-05,NoCreditStressRiskScaling,-0.010003301264941082,-0.009996513026222124,3.180454417497052,-0.018482991777220792,0.0019394967768454133,5.81849033053624e-06,9.697483884227033e-07,0.03795740540566217,0.5533928044316005,0.4086497901627373,2.726916694566813e-19,0.00625315603196718,0.0014083333333351359,0.00015004127148113592,6.789751577612461e-06,0.0053921583422408634,False,True,0.1300000000000832,-0.1193375098381205,-8.318346012003985e-14,0.040662490161879505
2022-06,NoCreditStressRiskScaling,-0.008219665962849107,-0.008219635346492839,3.1543121445751585,-0.026550733721667052,8.747530362159857e-06,2.6242591086479573e-08,4.373765181034575e-09,0.0381824265883018,0.5591037049928065,0.4027132730784195,5.953404722043589e-07,0.006053736041551603,0.0013066641724779394,0.00014531620836131338,3.2028267080923334e-08,0.0052550557186842395,False,True,0.1252196872290267,-0.11696076074709301,0.004780312770973294,0.043039239252906994
2022-07,NoCreditStressRiskScaling,0.009209146279268316,0.00920915874043715,3.1833606665250236,-0.017586097033063464,3.677605021930566e-06,1.1032815065791698e-08,1.4283537668452779e-09,0.03392221423889338,0.5573882670335208,0.4086889321146876,5.866128981128207e-07,0.005864738991715734,0.0013210159885351039,0.0001497487050141415,1.5208003486951533e-08,0.005054467084430554,False,True,0.1259054878169385,-0.11915365954380838,0.004094512183061505,0.04084634045619162
2022-08,NoCreditStressRiskScaling,-0.02057859879758846,-0.020578596965962676,3.1178515645405813,-0.03780279859539304,5.601680754770994e-07,1.6805042264312984e-09,1.5112156006460706e-10,0.0349715096111266,0.5607786932393369,0.40424926204575773,5.351037788363548e-07,0.00526211555504821,0.0011416021772968088,0.00014558521611307825,6.857489944451929e-09,0.004545722392796782,False,True,0.11704369324129218,-0.11741986643298334,0.01295630675870782,0.04258013356701666
2022-09,NoCreditStressRiskScaling,0.011329543567817492,0.011329545805946502,3.153175399679032,-0.026901543481247403,7.226753606563098e-07,2.1680260819689292e-09,7.010292941819103e-11,0.0351696443635378,0.5569759419724573,0.40785387139230594,5.422716990871219e-07,0.00417019696280812,0.0011490352527389698,0.00014962729056986808,7.106055670814423e-09,0.003446044939813096,False,True,0.11742411606168315,-0.1188796929923542,0.01257588393831685,0.04112030700764581
2022-10,NoCreditStressRiskScaling,-0.007400711054181058,-0.0072688464957049986,3.129839659642856,-0.03410316398521218,0.03767558813601717,0.00011302676440805152,1.8837794068008585e-05,0.05444383992733286,0.5582750455794878,0.3872808233181948,2.9117498467723175e-07,0.004307333266218059,0.0014083333338234484,0.00013315379423050412,0.00013186572304289612,0.0033381470820329343,False,True,0.1300000000226207,-0.11154460750129855,-2.2620683104435102e-11,0.048455392498701455
2022-11,NoCreditStressRiskScaling,0.005173557269833776,0.005314091088468078,3.146032064367415,-0.02910604138733852,0.04684408514984919,0.00014053225544954757,1.5631847555073454e-09,0.010969924071130956,0.6068876356084942,0.38214244032037487,2.2473896197893934e-18,0.004872154847906898,0.001408333338154876,0.0001333320277472331,0.0001405352582316078,0.00389412089285062,False,True,0.13000000022253275,-0.10734970342757078,-2.2253274223338337e-10,0.05265029657242923
2022-12,NoCreditStressRiskScaling,0.00898401207655345,0.00902536640495266,3.174296054426916,-0.020383518338109696,0.011816271937348634,3.5448815812045905e-05,5.90551258716357e-06,2.8761062035885975e-18,0.6163957717963396,0.38360422820366047,3.50262531759561e-18,0.0049353071070319405,0.0012914670723268814,0.0001356215072556258,4.135597021752637e-05,0.004112596093395348,False,True,0.12448937652636298,-0.10745427701588679,0.005510623473637025,0.05254572298411321
2023-01,NoCreditStressRiskScaling,0.025735137761926635,0.025735139795091764,3.2559870006847325,0.0,5.809043227278407e-07,1.7427129681835222e-09,2.9045216135003933e-10,2.5962311200850396e-18,0.6140572533880848,0.38594274661191524,3.2973317254596074e-18,0.004928047949476434,0.0013639211010346884,0.00013657432778847026,7.047685813394017e-09,0.004109506023484806,False,True,0.1279337844840692,-0.10749709085691153,0.002066215515930808,0.05250290914308847
2023-02,NoCreditStressRiskScaling,-0.00309198867919373,-0.0030919878785058714,3.2459195257390134,-0.0030919886791936912,2.2876795957582775e-07,6.863038787274832e-10,1.1438397978791211e-10,2.7702230506971672e-18,0.6170214894256075,0.3829785105743925,3.142375356704065e-18,0.004776160842401342,0.0010909023702747884,0.00013384733687749157,6.590417948759442e-09,0.004096855729968508,False,True,0.11441515827589219,-0.10633842860336037,0.015584841724107817,0.05366157139663963
2023-03,NoCreditStressRiskScaling,0.03746708937821617,0.03746708991528162,3.367534682724374,0.0,1.5344727388733154e-07,4.6034182166199463e-10,7.672363694366497e-11,2.738164681142715e-18,0.6081172745960284,0.3918827254039717,3.2793089956019855e-18,0.004468865615274624,0.0009815345196225276,0.00013941091755578428,6.540965872022394e-09,0.003838680896941703,False,True,0.10852840289744585,-0.10981552861081248,0.021471597102554155,0.050184471389187524
2023-04,NoCreditStressRiskScaling,0.01658490616675122,0.016592621332456342,3.4233849294506378,0.0,0.002204333058605792,6.612999175817376e-06,1.1021665293028963e-06,8.77872984883635e-19,0.6009252372375905,0.3990747627624096,3.7195334296304464e-19,0.004880856590528227,0.0014083333333337134,0.000143812429376967,7.718166499011145e-06,0.004025159327985392,False,True,0.13000000000001755,-0.11267388688292297,-1.7541523789077473e-14,0.04732611311707703
2023-05,NoCreditStressRiskScaling,-0.01657100146767355,-0.01657100043979438,3.3666560127603,-0.01657100146767354,2.9367976373046216e-07,8.810392911913865e-10,1.4683988180923522e-10,1.4515045720029744e-21,0.5930977609017295,0.40690223909827045,0.0,0.005068729185904411,0.0012250701975417867,0.00014874041780867144,6.6478124395704155e-09,0.004307447021512406,False,True,0.12124703035745428,-0.11579705790036539,0.008752969642545724,0.044202942099634615
2023-06,NoCreditStressRiskScaling,-0.011872165052995542,-0.011872163197573499,3.3266865169001494,-0.02824643285615147,5.301205841246048e-07,1.5903617523738146e-09,2.6506029207618023e-10,1.528821463488244e-21,0.5981376730636698,0.40186232693633017,0.0,0.004854417514627243,0.0010733333856465035,0.0001457131219815165,6.961387504780491e-09,0.0041720307384349705,False,True,0.1134900904385843,-0.11378707767917015,0.01650990956141571,0.04621292232082985
2023-07,NoCreditStressRiskScaling,-0.004210571251138519,-0.004210570513914405,3.3126792662905395,-0.03233807048915871,2.1063546101759408e-07,6.319063830527823e-10,1.0531773056430825e-10,5.547913626680545e-17,0.6045887448014265,0.3954112551985735,5.5477786139087853e-17,0.004459251131781743,0.000819600723210689,0.00014111270987914842,6.576800161240925e-09,0.003908331483497089,False,True,0.09917262060936106,-0.11120929640234674,0.03082737939063894,0.048790703597653265
2023-08,NoCreditStressRiskScaling,0.015173246928782639,0.0151732473448453,3.362943366793824,-0.01765549708910852,1.1887504658420281e-07,3.566251397526084e-10,5.943752323652988e-11,5.710914072324593e-17,0.609360054391987,0.3906399456080128,6.15825217173731e-17,0.004083614675637241,0.0007065270413237386,0.00013720169763095877,6.524642980435531e-09,0.0035931429327014323,False,True,0.0920778176103499,-0.10933083165043615,0.0379221823896501,0.05066916834956385
2023-09,NoCreditStressRiskScaling,-0.019806150639990874,-0.019806150113869537,3.2963364038773477,-0.037111960294128554,1.5032038211395631e-07,4.5096114634186893e-10,7.51601910015577e-11,8.23530502104227e-17,0.6012441984523058,0.398755801547694,9.34137345343247e-17,0.0038341908255933753,0.0006108857168318901,0.00014218964638896091,6.539322486228217e-09,0.003386551781465983,False,True,0.0856190901725934,-0.11254644532555805,0.0443809098274066,0.047453554674441956
2023-10,NoCreditStressRiskScaling,0.027655273929780972,0.02765527465079834,3.387497490091285,-0.010483027792352773,2.0600496175587874e-07,6.180148852676362e-10,1.0300248087794271e-10,8.144688314629471e-17,0.6090763039188679,0.39092369608113187,1.0383287479706313e-16,0.003797676768867422,0.0006928528125404027,0.0001379101553379811,6.573494933854428e-09,0.0033133336337643057,False,True,0.09118242018330525,-0.10944151466775699,0.03881757981669476,0.05055848533224301
2023-11,NoCreditStressRiskScaling,0.011009376414635072,0.011009376962635091,3.4247917250633315,0.0,1.5657143379041664e-07,4.697143013712499e-10,7.828571688133547e-11,7.545754907327044e-17,0.5895677398868533,0.41043226011314654,9.519202102299935e-17,0.004135912472171658,0.0010345668654314448,0.00015105098808296694,6.542640825712444e-09,0.003467571508732143,False,True,0.11142173210454653,-0.11627782995306157,0.01857826789545347,0.04372217004693843
2023-12,NoCreditStressRiskScaling,0.02021313257894049,0.020213133450767588,3.494017494257295,0.0,2.4909345630602353e-07,7.472803689180706e-10,1.2454672815295893e-10,8.165936617644901e-17,0.5997354884696997,0.4002645115303001,8.361254491153488e-17,0.004672152718483564,0.0008310788957227226,0.00014308610605702455,6.606949193873823e-09,0.0041135205576159845,False,True,0.09986464213460473,-0.112280540289942,0.03013535786539527,0.047719459710058004
2024-01,NoCreditStressRiskScaling,0.005600493373335378,0.005600494158724888,3.513585716080201,0.0,2.5026376139290243e-07,7.507912841787073e-10,3.4598226061861554e-11,1.8106730936619913e-07,0.6031577480947848,0.39684207083790574,7.782091363697907e-17,0.004797830455811693,0.0009633808121660875,0.00014003177261707355,6.575433770990522e-09,0.004176101701677805,False,True,0.10752008996458778,-0.11093202154436742,0.02247991003541222,0.049067978455632585
2024-02,NoCreditStressRiskScaling,0.00022095049234860509,0.00022095245360017636,3.5143620445740784,0.0,5.741188301753808e-07,1.7223564905261424e-09,2.3889508074522906e-10,2.65876067929207e-07,0.5967287682359086,0.4032709658880234,8.449998068802601e-17,0.005191106105584931,0.0007342139825864853,0.00014385146241746818,6.953134650975291e-09,0.004680140698739568,False,True,0.09386462481168198,-0.11346389892225327,0.036135375188318025,0.046536101077746736
2024-03,NoCreditStressRiskScaling,0.04799799777633234,0.047998000056059004,3.6830443861747715,0.0,6.51350476175967e-07,1.9540514285279013e-09,3.256752380831015e-10,2.8464324740679066e-07,0.5952360096751919,0.4047637056815607,8.821884528945428e-17,0.00517539604006082,0.000614196873526177,0.00014422826577555962,7.176805857505771e-09,0.004724062160716314,False,True,0.08585081526877962,-0.11405100664747823,0.044149184731220384,0.04594899335252177
2024-04,NoCreditStressRiskScaling,0.017617195818801074,0.0176171976960753,3.7479293003353487,0.0,5.36364064372438e-07,1.609092193117314e-09,2.6818203219255315e-10,2.870996100799352e-07,0.5731959677690425,0.42680374513134756,8.967196015306973e-17,0.005634756784710536,0.0009707134099399713,0.0001594496691105724,6.971512606973843e-09,0.004989943439117371,False,True,0.10792849910602692,-0.1226856202232136,0.022071500893973084,0.03731437977678641
2024-05,NoCreditStressRiskScaling,0.008640886262503268,0.008657022769846666,3.78031473113945,0.0,0.004610642345926778,1.3831927037780335e-05,2.3045803056169055e-06,0.004587134631697629,0.5592311333390074,0.4361802502946019,1.4817346931187071e-06,0.005839480199602224,0.0014083333334204188,0.00016480965858574567,1.613700015172766e-05,0.00495436687415454,False,True,0.13000000000401932,-0.12664016567643924,-4.0193126604748386e-12,0.033359834323560766
2024-06,NoCreditStressRiskScaling,0.006601839839219051,0.006601842980243202,3.8052717635362736,0.0,8.976187344066554e-07,2.692856203219966e-09,4.4816794727129637e-10,0.004536489370161306,0.5580773301761719,0.4373847814383779,1.3990152889767836e-06,0.00608531878585953,0.0011498243936405989,0.0001649711217567096,7.684402602445583e-09,0.0053454277828799196,False,True,0.11746443173866371,-0.12711920553644157,0.012535568261336297,0.03288079446355843
2024-07,NoCreditStressRiskScaling,0.028674250001832095,0.028674253691223818,3.914385077408825,0.0,1.0745866695105515e-06,3.2237600085316546e-09,4.6563171404977727e-10,0.004770956339778374,0.5626259904219536,0.43260154881236734,1.5044259005535552e-06,0.0062048262515831155,0.001063906435999227,0.00016060196092787868,7.94970097769855e-09,0.005512263122954646,False,True,0.11299060683079247,-0.12521744916421876,0.017009393169207535,0.034782550835781245
2024-08,NoCreditStressRiskScaling,-0.0075804345493241275,-0.00737197773068997,3.8847123375286765,-0.007580434549324111,0.06948534652254193,0.0002084560395676258,7.790665307572035e-10,0.07414711317333438,0.4868317792872061,0.43902110753945955,0.0,0.006673799927803356,0.0013462258216337892,0.00015812615467525884,0.00020845873304382767,0.005634102129267376,False,True,0.12710117961531855,-0.13162095621101552,0.0028988203846814498,0.02837904378898448
2024-09,NoCreditStressRiskScaling,0.008336047266966361,0.008857344900745754,3.9170954831928833,0.0,0.17376564249006912,0.0005212969274702074,7.063091852220884e-10,0.2443140952888151,0.3162824854246281,0.43940341928655685,1.9736888169318567e-19,0.007301886708150689,0.0014083333333350186,0.0001973684857944852,0.0005212997700484518,0.005879051785640243,False,True,0.13000000000007778,-0.1419207270163076,-7.777112287499222e-14,0.018079272983692413
2024-10,NoCreditStressRiskScaling,0.02950821940372058,0.02987219087750832,4.032681996136262,0.0,0.11092749444023428,0.00033278248332070285,3.1188990467036215e-05,0.33881994852528863,0.2676953740335807,0.3934846774411308,9.13525033613763e-19,0.0076971054036769695,0.0014083333420118506,0.0002221911745709929,0.00036397297382597966,0.0064067745842740715,False,True,0.13000000040054696,-0.13066692212372602,-4.0054695671365437e-10,0.029333077876273983
2024-11,NoCreditStressRiskScaling,-0.013488337393494244,-0.013365802539675892,3.978287820771706,-0.013488337393494199,0.04084488147585627,0.0001225346444275688,2.0939078188058377e-10,0.367683339533192,0.21866488843005988,0.413651772036748,0.0,0.007721147343048056,0.001408333333333458,0.000253096759874983,0.00012253768458897357,0.006641346231917371,False,True,0.13000000000000575,-0.14174224738695362,-5.745404152435185e-15,0.01825775261304638
2024-12,NoCreditStressRiskScaling,0.005070018930803009,0.00527862218203702,3.9984578153352017,-0.008486704588621219,0.0651445307745281,0.00019543359232358432,1.316965891042665e-05,0.42833246857165996,0.1871172602817008,0.3845502711466393,4.662281099924483e-18,0.008671827523356145,0.0014083333492587368,0.0002866898052991209,0.0002086047513028172,0.0074723662921248385,False,True,0.13000000073501863,-0.13630455473718187,-7.350186292942595e-10,0.023695445262818138
2025-01,NoCreditStressRiskScaling,0.034664962718637234,0.034787984930007676,4.1370642064358405,0.0,0.04100739143504337,0.0001230221743051301,3.706530695995955e-11,0.4537755397577322,0.14396005467110534,0.4022644055711625,0.0,0.00947545298952217,0.0014083333335722578,0.00031848179669162203,0.00012302556863360694,0.008329778957410812,False,True,0.1300000000110273,-0.14612649625348592,-1.1027290192089367e-11,0.013873503746514082
2025-02,NoCreditStressRiskScaling,0.022724095262810363,0.022746494966000712,4.231075247571251,0.0,0.00746652596118548,2.239957788355644e-05,1.2530679374678223e-10,0.44351376246418145,0.14772262594826294,0.4087636115875556,0.0,0.008442123620618197,0.0014083333345115531,0.00031091258280250606,2.240276401486539e-05,0.0074046416065450486,False,True,0.13000000005437937,-0.14766233816721722,-5.437936212437933e-11,0.012337661832782787
2025-03,NoCreditStressRiskScaling,0.045635073691725696,0.04574362550394439,4.424160678289402,0.0,0.03566055221390445,0.00010698165664171335,1.5701555769798704e-06,0.41278886627823186,0.18164766303044452,0.40556347069132365,0.0,0.00842442215693478,0.0014083333333334367,0.0002805739215741483,0.00010855331258122721,0.007331128256112686,False,True,0.13000000000000478,-0.14316634801934153,-4.773959005888173e-15,0.016833651980658476
2025-04,NoCreditStressRiskScaling,0.0037773218204630097,0.0038402308664344563,4.44087215695674,0.0,0.017974385546159197,5.392315663847759e-05,8.985889332968733e-06,0.4007194755132149,0.19157383973119546,0.40770668475558963,0.0,0.008530199185090761,0.001408333333407603,0.0002705438451504381,6.29108238990414e-05,0.007492577849337479,False,True,0.13000000000342785,-0.1427706433516585,-3.4278413441057864e-12,0.017229356648341493
2025-05,NoCreditStressRiskScaling,0.02730561367079,0.02767462726750397,4.562132896435969,0.0,0.1054324562039909,0.0003162973686119727,5.2716228101995444e-05,0.4208093483000816,0.2797019150482195,0.29948873665169895,5.770835469643548e-18,0.008439919906307823,0.0014083333439797899,0.0002370972501564405,0.0003690150967715251,0.007129640887389962,False,True,0.13000000049137492,-0.1085761190094326,-4.91374912980902e-10,0.0514238809905674
2025-06,NoCreditStressRiskScaling,0.06260793711154702,0.06260795708591611,4.8477586259105525,0.0,6.5454501325499245e-06,1.9636350397649775e-08,3.3801869646055246e-10,0.43520369679820237,0.2706963436597972,0.2940999595420004,2.7761766321604186e-17,0.007905863553890285,0.0012520900249249026,0.0002473113161092128,2.277723090888069e-08,0.007032484448087712,False,True,0.12257683426773117,-0.10973264472384213,0.007423165732268838,0.050267355276157874
2025-07,NoCreditStressRiskScaling,0.026434233149453968,0.026434250903988907,4.975905407680149,0.0,5.072724268917548e-06,1.5218172806752642e-08,2.536362134458661e-09,0.4760378535311922,0.25445999740972075,0.2695021490590871,2.6660335457293333e-17,0.006385970181589857,0.001338464150566982,0.0002789449847410222,2.020719942918102e-08,0.005437772914365915,False,True,0.12673424875227607,-0.1119925265685373,0.003265751247723936,0.04800747343146271
2025-08,NoCreditStressRiskScaling,0.010243704575477675,0.010543658611301939,5.026877112671947,0.0,0.08570115309264656,0.0002571034592779397,4.2850576546323254e-05,0.3955109260617003,0.2478081740304804,0.3566808999078193,3.098593800863849e-19,0.005974672868531196,0.001167107481902637,0.00023601060250996546,0.00029995595062782626,0.004855152574442086,False,True,0.11834394696321246,-0.12116272383075656,0.011656053036787545,0.03883727616924344
2025-09,NoCreditStressRiskScaling,0.08821470568602306,0.08821471187437883,5.470321597686108,0.0,1.768101649396448e-06,5.304304948189344e-09,8.840508247121022e-10,0.3870435454458464,0.2456535264916514,0.3673029280625023,2.9419251263385926e-19,0.0060676205393808,0.0010498178259817235,0.00023338210488280678,9.586675002477488e-09,0.005309319934832128,False,True,0.11223998356994125,-0.12432661667164936,0.017760016430058756,0.03567338332835064
2025-10,NoCreditStressRiskScaling,0.10697857457764462,0.10697860862195807,6.055528804687871,0.0,9.757716034425452e-06,2.9273148103276356e-08,4.7711653581859844e-09,0.3974897549147111,0.22503506485373026,0.3774751802315586,1.3790452968829909e-21,0.006241798230807386,0.0013842283562843136,0.00024543212101643387,3.693680571774913e-08,0.0053042149948430775,False,True,0.12888266087962244,-0.1294634845016157,0.001117339120377564,0.030536515498384292
2025-11,NoCreditStressRiskScaling,0.01603482410095542,0.01670364413600196,6.152628143909309,0.0,0.22146266213221502,0.000664387986396645,4.432048649896797e-06,0.22589957597425545,0.4237252017313744,0.3503752222943701,0.0,0.006142936761498988,0.0014083333369570147,0.00012979582073559685,0.0006688215351662709,0.004640152737118613,False,True,0.13000000016724683,-0.10289264550153432,-1.6724682749824638e-10,0.057107354498465684
2025-12,NoCreditStressRiskScaling,0.02412039642923035,0.02414732461517018,6.301031973822041,0.0,0.00769376741137906,2.308130223413718e-05,3.846883705689488e-06,0.21428513212754333,0.41868802973959174,0.36702683813286496,2.7755575615628914e-17,0.006694703405848081,0.0014083333333365646,0.00013286033993679112,2.692979277155928e-05,0.005830746606471448,False,True,0.13000000000014914,-0.1090131967013425,-1.4913070778277415e-13,0.0509868032986575
2026-01,NoCreditStressRiskScaling,0.08190043800452158,0.08190631590220471,6.817089252358562,0.0,0.001679399338034902,5.038198014104706e-06,8.396996690174397e-07,0.22674324122416592,0.4086289455645023,0.3646278132113318,1.6634285113429232e-18,0.006670353405627919,0.0014083333333461897,0.00013583465737185485,5.879636075746272e-06,0.005824472445507223,False,True,0.13000000000059336,-0.1088925838733485,-5.933586955109149e-13,0.0511074161266515
2026-02,NoCreditStressRiskScaling,0.11557225954528541,0.11619472798619698,7.604955660775522,0.0,0.17784812597473532,0.000533544377924206,8.892406298736767e-05,0.41726927866251234,0.3950731955021543,0.18765752583533338,0.0,0.012878486543303244,0.001408333334551375,0.0001978219032900277,0.0006224699409573142,0.011354028031780216,False,True,0.1300000000562173,-0.09848518716550299,-5.621730858607066e-11,0.061514812834497015
2026-03,NoCreditStressRiskScaling,-0.06682379124444356,-0.06638516548875383,7.0967636912766086,-0.0668237912444436,0.13000994623702047,0.00039002983871106145,4.85959169786695e-05,0.42180169733711537,0.4868896848435471,0.09130861781933762,3.357347435340428e-18,0.026970218879826986,0.0014083333333352217,0.00019754855843318815,0.0004386272557286418,0.02562987639899755,False,True,0.13000000000008716,-0.1165639203365817,-8.715250743307479e-14,0.04343607966341831
2026-04,NoCreditStressRiskScaling,0.10464766830851717,0.10471151995547731,7.839423464105251,0.0,0.018243372787860795,5.473011836358238e-05,9.121528596557658e-06,0.3923962821672981,0.49864275417120285,0.1089609636614991,0.0,0.010886075969738639,0.0014083333333715772,0.00018652934635208726,6.385424659118653e-05,0.009931525710109575,False,True,0.1300000000017651,-0.10503119269621786,-1.7650880757003051e-12,0.05496880730378215
2026-05,NoCreditStressRiskScaling,0.11362380496460434,0.11385272474504664,8.73016858682569,0.0,0.07630657718243677,0.00022891973154731034,4.8894986486434294e-11,0.3813268203000165,0.5249851272313686,0.09368805246861499,6.368644820531006e-18,0.02387128126099119,0.0014083333382984037,0.0001755351550424544,0.00022892309442213378,0.022762656342377403,False,True,0.1300000002291571,-0.10389683509673679,-2.2915708219883868e-10,0.05610316490326321
2026-06,NoCreditStressRiskScaling,0.0029001985729180326,0.0031956048201840525,8.755487809302535,0.0,0.09846850801593773,0.0002954055240478132,7.232182067432597e-10,0.35229880928270896,0.5640713387435466,0.08362985197374445,1.1954736672130147e-18,0.025892324011244465,0.0014083333333340616,0.00015004758383112797,0.0002954083713265649,0.024742701389419742,False,True,0.13000000000003362,-0.09861661996349536,-3.3612002070526614e-14,0.06138338003650465
2026-07,NoCreditStressRiskScaling,-0.09815337947291466,-0.09808353003626749,7.896107091885584,-0.09815337947291469,0.020551594327412534,6.16547829822376e-05,8.19465366493212e-06,0.34277310444913783,0.5632424039098838,0.09398449164097848,0.0,0.014381171295517824,0.001408333333339783,0.0001418446359685154,6.985093692486804e-05,0.013465309055954548,False,True,0.13000000000029768,-0.09426968012747902,-2.976785484776201e-13,0.06573031987252098
2007-04,NoGVZOVXVarianceScaling,-0.003393979911460189,-0.0018939787307535887,0.9966060200885398,-0.0033939799114601765,1.0,0.0015,1.1807066004172658e-09,0.0,0.9999976385867992,2.3614132008345316e-06,0.0,0.003720720279437263,9.63988640473245e-06,8.071422941384488e-10,0.0015000045867296717,0.002215894942362931,False,True,0.01075540035781046,-4.92079961226799e-05,0.11924459964218954,0.15995079200387732
2007-05,NoGVZOVXVarianceScaling,0.002277211701651505,0.0022772428347960687,0.9988755029794217,-0.0011244970205782634,8.895184161023039e-06,2.6685552483069118e-08,4.447592080508751e-09,5.1873062558127414e-20,0.9999887828140038,1.1217185996202345e-05,0.0,0.0032177310645918355,1.01829101512916e-05,2.767231015879075e-07,3.432926252589795e-08,0.003212328557152076,False,True,0.011054181191544638,-0.0009962720256935231,0.11894581880845537,0.15900372797430648
2007-06,NoGVZOVXVarianceScaling,-0.011502853901367373,-0.010113022338644596,0.9873855840029946,-0.012614415997005413,0.397094732206508,0.001191284196619524,0.00019854736610325403,0.0,0.6028938480843683,0.39710615191563176,5.692061405548898e-19,0.005095810448772259,0.0003375855110995967,5.100765337432462e-05,0.001389834562727185,0.0034861754771209515,False,True,0.06364767185997583,-0.02030957234104136,0.06635232814002417,0.13969042765895864
2007-07,NoGVZOVXVarianceScaling,0.015635040385717856,0.015635040614722075,1.002823397485157,0.0,6.542977645795964e-08,1.9628932937387894e-10,3.2714888215101824e-11,8.65667672093895e-22,0.6092837660643063,0.3907162339356937,6.118188852188553e-19,0.00353768972515414,0.0002965164457254734,5.217564667127888e-05,6.507483846245559e-09,0.0033372493481362785,False,True,0.05965062739574229,-0.0197138229272929,0.07034937260425772,0.1402861770727071
2007-08,NoGVZOVXVarianceScaling,0.008732925301267744,0.0087329257600809,1.0115809793057584,0.0,1.3108947316542547e-07,3.932684194962764e-10,6.554473658271187e-11,2.4507660303893027e-21,0.604558928764648,0.3954410712353521,6.763165310727151e-19,0.005767595340366924,0.0002908280060075273,5.046971283716207e-05,6.529944689678743e-09,0.005571705094581309,False,True,0.05907568088554145,-0.02015434615296058,0.07092431911445855,0.13984565384703943
2007-09,NoGVZOVXVarianceScaling,0.03034009371027731,0.03034009584196349,1.0422724410134292,0.0,6.09053193628695e-07,1.827159580886085e-09,3.0452659684210285e-10,2.775856437596188e-17,0.5980301413442428,0.40196985865575724,2.840093107110903e-17,0.005665181330164276,0.0002698526647665416,4.956257076666664e-05,7.098058803868292e-09,0.005480685328955535,False,True,0.0569054652665146,-0.020762932867505024,0.0730945347334854,0.13923706713249498
2007-10,NoGVZOVXVarianceScaling,0.027097633618665823,0.02709763425654709,1.0705155577508436,0.0,1.8225179077015522e-07,5.467553723104657e-10,9.112589538506023e-11,2.7913806011666384e-17,0.581894628869611,0.41810537113038915,2.98349783547116e-17,0.007472539653896535,0.00035580884668337634,5.180604929228701e-05,6.557652668779907e-09,0.007242822623609891,False,True,0.06534298860781099,-0.02226637700884193,0.06465701139218902,0.13773362299115807
2007-11,NoGVZOVXVarianceScaling,0.010910031586226153,0.012175248014544341,1.0821949162994517,0.0,0.3614904080909105,0.0010844712242727315,0.00018074520404545518,4.734067140265835e-17,0.20781743403840777,0.7921825659615922,3.4043101183097585e-17,0.015466310723615572,0.0014083333333696916,0.00022933617896328995,0.0012652194283230278,0.013267588449644409,False,True,0.13000000000167808,-0.062159151800535106,-1.6780743461453085e-12,0.0978408481994649
2007-12,NoGVZOVXVarianceScaling,0.06526698835007223,0.06542435564305762,1.1528265192940754,0.0,0.04496208371011153,0.0001348862511303346,2.2481041855055802e-05,1.8571958160625e-18,0.24960850117672093,0.750391498823279,0.0,0.011077124202228072,0.001408333333352849,0.00019233698786927356,0.000157370293024312,0.010023250254658061,False,True,0.13000000000090073,-0.05745981860569771,-9.007239398783895e-13,0.1025401813943023
2008-01,NoGVZOVXVarianceScaling,0.08629670779574589,0.08640995874336438,1.2523116525687832,0.0,0.03235741360528342,9.707224081585027e-05,1.6178706802641714e-05,4.675525514123434e-19,0.26723102504157187,0.7327689749584281,6.018274969360211e-18,0.014781346384474234,0.0014083333333334406,0.00017338414933957278,0.00011325394767257542,0.013790541620795366,False,True,0.13000000000000494,-0.05080517539728461,-4.9404924595819466e-15,0.1091948246027154
2008-02,NoGVZOVXVarianceScaling,0.04151143988912076,0.04189655129090232,1.3042969124568378,0.0,0.11003182908044608,0.00033009548724133824,5.501591454022293e-05,0.014485136127899405,0.3475700102556785,0.6379448536164221,1.0235027988685262e-16,0.017159713403497374,0.0014083333333333315,0.00012184335883602199,0.0003851129018502761,0.01594859047614441,False,True,0.12999999999999992,-0.04265086030124732,8.326672684688674e-17,0.11734913969875269
2008-03,NoGVZOVXVarianceScaling,-0.036837890810647846,-0.03674967399390036,1.2562493652110878,-0.03683789081064781,0.02520480478499551,7.561441435498653e-05,1.260240239249777e-05,1.6762451894371656e-17,0.32467118473086054,0.6753288152691396,0.0,0.020403380468520096,0.0014083333333333708,0.00013088932746193585,8.821831690773177e-05,0.019480106157483745,False,True,0.13000000000000173,-0.045239207378117076,-1.7208456881689926e-15,0.11476079262188293
2008-04,NoGVZOVXVarianceScaling,-0.012074984786476567,-0.01170273987800639,1.241080173238143,-0.048468058626019994,0.10635568813433635,0.00031906706440300905,5.317784406716819e-05,0.0,0.4434441872622016,0.5565558127377985,0.0,0.015986627170829985,0.0014083333333333367,0.00011732714447835206,0.00037224790848663155,0.014792885451198333,False,True,0.13000000000000014,-0.033785252673207165,-1.3877787807814457e-16,0.12621474732679283
2008-05,NoGVZOVXVarianceScaling,0.043735823853442435,0.0441961426011355,1.295359837082886,-0.006852025247163551,0.1394539818011019,0.00041836194540330573,4.1956802289768043e-05,1.4164508460460037e-18,0.36888794347035375,0.49165807472854445,0.13945398180110183,0.016053073220709313,0.0014083333333468374,0.00016416662743990254,0.0004603202477238726,0.014724419678872119,False,True,0.13000000000062326,-0.06249382759410479,-6.232514504489473e-13,0.09750617240589521
2008-06,NoGVZOVXVarianceScaling,0.06367233836523238,0.06399543226786907,1.37783842693436,0.0,0.0993126619994748,0.0002979379859984244,2.5155916638259364e-05,0.0,0.4007315312990651,0.397410534433963,0.20185793426697196,0.019086656158064336,0.0014083333333333456,0.0001676185942358229,0.0003230954026794176,0.017891775494482426,False,True,0.13000000000000056,-0.07074907437040194,-5.551115123125783e-16,0.08925092562959806
2008-07,NoGVZOVXVarianceScaling,-0.053806399114942845,-0.05364306882175464,1.3037019026188248,-0.05380639911494289,0.04666601062276077,0.0001399980318682823,2.3332261319927424e-05,2.8675405857811773e-17,0.4217252254473893,0.4045134057352961,0.1737613688173147,0.01785373657169903,0.0014083333338598249,0.00013979470710738187,0.00016333225043515734,0.016846442947226578,False,True,0.13000000002429962,-0.06345742859920041,-2.4299617873424495e-11,0.0965425714007996
2008-08,NoGVZOVXVarianceScaling,-0.012136567487064352,-0.011800656770093697,1.2878794364946773,-0.06528994160791268,0.11091645066200836,0.0003327493519860251,3.1613649846283857e-06,0.0,0.45405935071307446,0.5040865762553544,0.04185407303157122,0.011191346306072311,0.001408333341701526,0.0001469170069583327,0.0003359122171427454,0.01000435041112047,False,True,0.13000000038622428,-0.039777584946122636,-3.86224274784297e-10,0.12022241505387737
2008-09,NoGVZOVXVarianceScaling,0.035651316427407105,0.036426895289024507,1.3337940338054997,-0.031966297548296385,0.24239236477261367,0.000727177094317841,4.840176729956386e-05,0.0,0.5557030786500184,0.2572769418148899,0.18701997953509167,0.01220946039181883,0.0014083333347772627,0.00016373958904665904,0.0007755803616359807,0.010565973773747558,False,True,0.1300000000666429,-0.05525329642491065,-6.66428856543888e-11,0.10474670357508936
2008-10,NoGVZOVXVarianceScaling,-0.05706994058532742,-0.05675469531741188,1.2576744875431556,-0.08721192343180961,0.10470749218652914,0.00031412247655958743,1.1227913559444595e-06,0.0,0.5368406569485767,0.39215838332059305,0.07100095973083027,0.015464989087741545,0.0014083333333371852,0.00010686949003512307,0.0003152467683753332,0.014338706162662496,False,True,0.13000000000017778,-0.0388744229622268,-1.777744618181032e-13,0.12112557703777321
2008-11,NoGVZOVXVarianceScaling,0.09026703185543344,0.09044383061724293,1.3712010305739797,-0.0048172530469688946,0.05441056693718955,0.00016323170081156864,1.3567060997902454e-05,0.0,0.6039167923850711,0.3960832076149289,0.0,0.006762970584105129,0.0014083333334001097,0.0001050619251943527,0.0001768002618876054,0.005776941730323116,False,True,0.13000000000308198,-0.02961413231210641,-3.0819791163594346e-12,0.1303858676878936
2008-12,NoGVZOVXVarianceScaling,0.035937546828111594,0.036358770963693096,1.420478631820987,0.0,0.12034975302328628,0.00036104925906985883,6.017487651164311e-05,2.5326744853551807e-17,0.6759489069938354,0.3240510930061647,0.0,0.009698239307307652,0.0014083333333333322,6.031791759968906e-05,0.0004212271355960429,0.008512527587445255,False,True,0.12999999999999995,-0.022845697115422087,5.551115123125783e-17,0.13715430288457792
2009-01,NoGVZOVXVarianceScaling,0.03749961113524174,0.03755728050029564,1.4737460281401942,0.0,0.016476961443972853,4.943088433191856e-05,8.238480721986382e-06,4.211065591590977e-17,0.6644271488242439,0.335572851175756,4.3025038555782186e-18,0.013126036693495782,0.0014083333335241106,6.418737798938648e-05,5.7672365160113816e-05,0.012300010283584227,False,True,0.1300000000088051,-0.023928919972687257,-8.80509554157527e-12,0.13607108002731275
2009-02,NoGVZOVXVarianceScaling,0.062257133217055095,0.06225944853512013,1.5654972309422241,0.0,0.0006615194471538627,1.984558341461588e-06,3.3075972357690777e-07,0.0,0.6448975276506602,0.3551024723493397,1.3597658130289699e-18,0.01406079815792084,0.0014083333333333725,7.229176945575224e-05,2.3183207104617937e-06,0.01328202140108794,False,True,0.1300000000000018,-0.025764491459600386,-1.8041124150158794e-15,0.13423550854039962
2009-03,NoGVZOVXVarianceScaling,-0.04512977206822452,-0.04497516174890364,1.4948466977363648,-0.04512977206822455,0.04417437694882323,0.0001325231308464697,2.2087188474411575e-05,0.0,0.6516840259913511,0.34831597400864894,0.0,0.015080266534057994,0.0014083333335790954,6.676742072478545e-05,0.000154613319360497,0.014154719127183163,False,True,0.13000000001134288,-0.025126707888774913,-1.1342871086839068e-11,0.1348732921112251
2009-04,NoGVZOVXVarianceScaling,-0.03153016030559315,-0.03152305589659331,1.4477139417244507,-0.07523698342595175,0.0020298311428117166,6.08949342843515e-06,1.0149155714059e-06,0.0,0.6854651843467212,0.31453481565327884,0.0,0.012138689014111397,0.001408333333334493,9.368575044258035e-05,7.107409861981677e-06,0.011333729187139588,False,True,0.13000000000005352,-0.027590480003395285,-5.3512749786932545e-14,0.13240951999660472
2009-05,NoGVZOVXVarianceScaling,0.029521331967736382,0.0296226415302201,1.4904523855924183,-0.04793674742218401,0.028945589281061314,8.683676784318394e-05,1.4472794640530668e-05,1.278948610546586e-17,0.6877165825292492,0.31228341747075095,0.0,0.009042060600691489,0.0014083333340327538,0.00011582380478486466,0.00010131256254417285,0.008120757566346073,False,True,0.13000000003228093,-0.03985046990873567,-3.22809279307279e-11,0.12014953009126433
2009-06,NoGVZOVXVarianceScaling,-0.01359064217600002,-0.01336576094826995,1.470196180539466,-0.0608758984168879,0.06425177935144885,0.00019275533805434655,3.212588967572441e-05,0.0,0.6025195209463445,0.3974804790536555,0.0,0.01230897887640301,0.0014083333433802193,0.0002076789013865562,0.00022488422775730757,0.011172249075569038,False,True,0.13000000046370241,-0.06027489372788919,-4.6370240980309063e-10,0.09972510627211081
2009-07,NoGVZOVXVarianceScaling,-0.007536073145137741,-0.0075360720812756715,1.4591166745852187,-0.06795320633877988,3.0396059147452803e-07,9.118817744235842e-10,1.51980295737264e-10,0.0,0.6106814432342309,0.38931855676576915,0.0,0.009825613810783788,0.0011115781922241836,0.00019664722480648922,6.658114610605704e-09,0.009073170831750597,False,True,0.11549432153439494,-0.06715060566053352,0.014505678465605062,0.09284939433946648
2009-08,NoGVZOVXVarianceScaling,0.007997253874167108,0.007997253874167108,1.470785601063907,-0.060499391507267686,0.0,0.0,0.0,0.0,0.6151656791624203,0.38483432083757974,0.0,0.009316143578357187,0.0009433729628866578,0.00018771967632222683,6.5e-09,0.008656730920591632,False,True,0.10639772344669736,-0.07240956729355125,0.023602276553302645,0.08759043270644876
2009-09,NoGVZOVXVarianceScaling,-0.002948657621201372,-0.0029486556742250587,1.4664487578921768,-0.06326965713662314,5.562789467117306e-07,1.668836840135192e-09,2.781394733697429e-10,8.500138172935499e-22,0.6105372451719463,0.3894627548280538,0.0,0.008785691712095124,0.0009337885539757557,0.00018861152464843853,7.005086361784133e-09,0.008130178905372445,False,True,0.10585585788093671,-0.07259253033749782,0.024144142119063294,0.08740746966250218
2009-10,NoGVZOVXVarianceScaling,0.028409341117743802,0.0284093456021344,1.508109600886827,-0.03665776529087639,1.281254456975135e-06,3.843763370925405e-09,6.406272284320569e-10,7.2226144975757415e-22,0.6157888004249782,0.38421119957502176,2.166784349272723e-21,0.009780120229094445,0.0010549846287851812,0.00017825891798789304,8.6885638827041e-09,0.009074360308150078,False,True,0.11251584575259688,-0.0742452079004144,0.017484154247403128,0.0857547920995856
2009-11,NoGVZOVXVarianceScaling,0.050456005713519034,0.050783466748368686,1.5842027875257858,0.0,0.09356029567132959,0.0002806808870139888,4.678014783566478e-05,0.0,0.5066964452414036,0.49330355475859644,7.657176977940076e-19,0.012047189132864858,0.0014083333333333335,0.0003180715685671961,0.0003274640348683581,0.010697486862762636,False,True,0.13,-0.10065933320482175,0.0,0.05934066679517826
2009-12,NoGVZOVXVarianceScaling,-0.038315272382664994,-0.03827790779301802,1.5235036262123582,-0.03831527238266497,0.010675597041993539,3.202679112598062e-05,5.337798520996751e-06,2.0690999627701652e-17,0.4778686294951773,0.5221313705048227,0.0,0.013690958664513097,0.0014083333333335126,0.0003551639402681745,3.736758981090259e-05,0.012594260467767264,False,True,0.13000000000000828,-0.107611966063577,-8.271161533457416e-15,0.05238803393642301
2010-01,NoGVZOVXVarianceScaling,0.003459202026866036,0.003655702273473258,1.5287737330440898,-0.03498861062368497,0.05614292760206356,0.0001684287828061907,2.807146380103176e-05,0.0,0.5510175944954119,0.44898240550458823,1.8422966602781032e-18,0.011863415293628724,0.0014083333337969618,0.00026792049649433306,0.00019650324663839284,0.010694824883597518,False,True,0.13000000002139822,-0.08994737205822564,-2.1398216532020342e-11,0.07005262794177436
2010-02,NoGVZOVXVarianceScaling,0.011718258846882499,0.01173668014133069,1.5466882993662152,-0.023680357372783623,0.005263226985197656,1.578968095559297e-05,2.6316134925988287e-06,0.0,0.5590548010154109,0.44094519898458906,9.950072332074744e-21,0.011037991786504548,0.00140833333333338,0.00025124963709056514,1.8424294780687427e-05,0.010064151187966606,False,True,0.13000000000000214,-0.08800198177613242,-2.1371793224034263e-15,0.07199801822386759
2010-03,NoGVZOVXVarianceScaling,-0.0005785668564197427,-0.00047588317786997816,1.5457934367789896,-0.024245223559279383,0.0293381938713613,8.801458161408391e-05,1.4669096935680665e-05,4.2606789243772886e-18,0.5290717311238112,0.47092826887618877,0.0,0.01127383504284376,0.0014083333335451432,0.00028667274264191104,0.00010268667860941378,0.010180308954819861,False,True,0.13000000000977585,-0.09525484800213649,-9.775846798731891e-12,0.06474515199786351
2010-04,NoGVZOVXVarianceScaling,0.024128990287646934,0.02412899081690434,1.5830918716017381,-0.0007012460354161032,1.5121640173365835e-07,4.5364920520097506e-10,7.560820086682817e-11,4.478248939219064e-18,0.5365501699515633,0.46344983004843665,4.269046054161675e-22,0.009974650721717231,0.0011508415159368862,0.00027045276087891203,6.5397900222862965e-09,0.009128770663079853,False,True,0.11751637414097933,-0.09344697300123972,0.012483625859020672,0.06655302699876028
2010-05,NoGVZOVXVarianceScaling,0.06119907065031846,0.06119907132029813,1.6799756228978378,0.0,1.9142276141970396e-07,5.742682842591119e-10,9.571138070985087e-11,4.490803588798793e-18,0.526632504591708,0.47336749540829215,4.1620358054102526e-22,0.010233261391047292,0.0010547820636423815,0.00027829376005402356,6.5635477759491205e-09,0.009427570035624302,False,True,0.1125050432812173,-0.09584435204651538,0.017494956718782706,0.06415564795348462
2010-06,NoGVZOVXVarianceScaling,0.007219945149185813,0.007544763403039216,1.6921049547471296,0.0,0.09280521538668639,0.00027841564616005917,4.6402607693343225e-05,0.03540141864212992,0.5535488856400778,0.4110496957177922,1.6189777472234867e-17,0.011417276765804068,0.0014083333333369107,0.00018840147934604272,0.0003248197538984285,0.01019988886589114,False,True,0.13000000000016512,-0.06741992404099836,-1.651179193373764e-13,0.09258007595900164
2010-07,NoGVZOVXVarianceScaling,-0.029185032963893687,-0.02916019605380818,1.6427208158644668,-0.02918503296389363,0.007096260024430773,2.1288780073292318e-05,3.5481300122153975e-06,0.02900625982328404,0.5508671781573129,0.4201265620194031,7.222120706068422e-20,0.012113149605986268,0.0014083333333542109,0.0001954558377188601,2.4839238658620458e-05,0.011188687862931682,False,True,0.13000000000096357,-0.06918900620956286,-9.635625630721734e-13,0.09081099379043714
2010-08,NoGVZOVXVarianceScaling,0.03947846237515824,0.039657105095917654,1.7075729077864614,0.0,0.05104077735983492,0.00015312233207950477,2.5520388679917488e-05,0.031352742121111325,0.5193002399784055,0.4493470179004833,0.0,0.011298886899849328,0.0014083333392255451,0.00024374948677679793,0.00017864504249459498,0.010172325700965164,False,True,0.13000000027194825,-0.07523975610318527,-2.719482417035124e-10,0.08476024389681473
2010-09,NoGVZOVXVarianceScaling,0.006761484296086098,0.007076647336809546,1.7191186351868817,0.0,0.09571435450801605,0.0002871430635240481,2.801997719939911e-05,0.06950484099998075,0.409176766973533,0.5213183920264863,0.0,0.012630796285773897,0.0014083333334681414,0.0003332202643298538,0.00031516454076803137,0.011278244813941943,False,True,0.13000000000622192,-0.07929062833695139,-6.221911874604302e-12,0.08070937166304862
2010-10,NoGVZOVXVarianceScaling,0.009578966413294166,0.009625553750131556,1.735586014853805,0.0,0.01331066766782553,3.993200300347659e-05,6.6553338339127575e-06,0.07354660013490351,0.39927429844982165,0.5271791014152749,0.0,0.012180968836483827,0.001408333334129228,0.0003354946975038224,4.658981703632414e-05,0.011094717654879066,False,True,0.1300000000367336,-0.07949465128696977,-3.673358839328955e-11,0.08050534871303024
2010-11,NoGVZOVXVarianceScaling,0.034006040096660625,0.034195572484386205,1.794606422466127,0.0,0.054152110778737675,0.00016245633233621302,2.7076055389368886e-05,0.08275929901294722,0.4386114857358643,0.47862921525118846,0.0,0.011041405915926346,0.0014083333334622675,0.00026379028860659475,0.00018953388784091722,0.0098839150727477,False,True,0.1300000000059508,-0.06598075709117417,-5.950795411990839e-12,0.09401924290882584
2010-12,NoGVZOVXVarianceScaling,0.0019266940980084244,0.002182442362027772,1.7980640800685406,0.0,0.07307093257695656,0.00021921279773086968,3.653546628847824e-05,0.08219320962667682,0.499533865405576,0.41827292496774726,2.7755575615628914e-17,0.0115149048985454,0.0014083333334818369,0.00018939819637691136,0.0002557502586498114,0.01036558977677776,False,True,0.130000000006854,-0.0539284487784276,-6.8539895980990195e-12,0.10607155122157241
2011-01,NoGVZOVXVarianceScaling,-0.03171321444222316,-0.0315088793985659,1.741041688316468,-0.03171321444222319,0.05838144104493155,0.00017514432313479465,2.9190720522465768e-05,0.0315262516597121,0.4978413689312632,0.47063237940902475,2.587195193371244e-17,0.012584749913118455,0.0014083333430330506,0.000248248957193815,0.00020433706438018726,0.011427997220027927,False,True,0.13000000044767926,-0.08019897759352594,-4.4767925477806614e-10,0.07980102240647406
2011-02,NoGVZOVXVarianceScaling,0.030769865099416913,0.030793494340062972,1.7946133061984266,-0.0019191606730625255,0.006751211613160031,2.0253634839480092e-05,3.375605806579988e-06,0.026102996243136122,0.5113105829993861,0.4625864207574778,1.0846623725580402e-19,0.010383988527972635,0.0014083333333334731,0.0002521395013842864,2.3631129932343216e-05,0.009404051229989267,False,True,0.13000000000000644,-0.0802533787820786,-6.439293542825908e-15,0.0797466212179214
2011-03,NoGVZOVXVarianceScaling,-0.0025559944431198804,-0.0025424669837114337,1.7900262845602344,-0.0044702497521666995,0.0038650956141920087,1.1595286842576027e-05,1.932172565871054e-06,0.023616362132085355,0.49496622834018145,0.4814174095277332,0.0,0.010817665622698312,0.0014083333333335987,0.0002724630882833293,1.3529709571886944e-05,0.009827506158176296,False,True,0.13000000000001224,-0.08558093838148617,-1.2240208846492351e-14,0.07441906161851383
2011-04,NoGVZOVXVarianceScaling,0.03281270713813417,0.03292581081692158,1.8487618928050717,0.0,0.032315336796404255,9.694601038921277e-05,1.6157668398202123e-05,0.0,0.4942373871631353,0.5057626128368646,0.0,0.011038269677139766,0.0014083333333336685,0.0003089618840777349,0.00011310517896342682,0.009912035947431772,False,True,0.13000000000001546,-0.09972041621671059,-1.5459855617905305e-14,0.06027958378328942
2011-05,NoGVZOVXVarianceScaling,5.8508285879651525e-05,0.00015849825826338114,1.8488700606944195,0.0,0.028568563538208448,8.570569061462535e-05,1.4284281769104262e-05,0.0031179034035127683,0.5049750376812357,0.4919070589152514,0.0,0.012077869573457415,0.001408333335072558,0.00028406962743350133,9.999147268874815e-05,0.010989641805798887,False,True,0.1300000000802719,-0.09118882514865372,-8.027190023796038e-11,0.06881117485134629
2011-06,NoGVZOVXVarianceScaling,-0.01765674509781484,-0.01759477337452847,1.8162250333137566,-0.017656745097814897,0.017706206653248922,5.311861995974677e-05,8.853103326624424e-06,0.020751965584388164,0.509243610935322,0.47000442348028976,0.0,0.01147538841519593,0.001408333333353989,0.0002461752014559503,6.197434748500427e-05,0.010463072199577981,False,True,0.13000000000095335,-0.08050538756834313,-9.53348511245622e-13,0.07949461243165687
2011-07,NoGVZOVXVarianceScaling,0.037871430402968184,0.03792980234662859,1.885008073259027,0.0,0.016677817759785843,5.003345327935753e-05,8.33849038104839e-06,0.020710853977481705,0.5022251322472101,0.47706401377530827,1.2654344256563775e-18,0.01124161828670655,0.0014083333336024745,0.00025582546066376955,5.8374144354576666e-05,0.010223252014886967,False,True,0.1300000000124219,-0.08209459161109427,-1.2421896844472258e-11,0.07790540838890574
2011-08,NoGVZOVXVarianceScaling,0.06567671328628705,0.06576694814682987,2.0088092080287963,0.0,0.02653432382970279,7.960297148910837e-05,1.0631889053718952e-05,0.04663742059803661,0.4805394905117548,0.4728230888902087,2.606320378701483e-18,0.011936147814090947,0.0014083333457814012,0.0002418432128441641,9.02363607604212e-05,0.01089990156759566,False,True,0.1300000005745262,-0.07263654669733548,-5.745262043888033e-10,0.08736345330266453
2011-09,NoGVZOVXVarianceScaling,-0.011225364401434458,-0.010798272655052447,1.986259592655716,-0.011225364401434512,0.12202621325200283,0.0003660786397560085,6.101310662600143e-05,0.15979571328760186,0.4573484742254303,0.3828558124869678,0.0,0.012354781501034182,0.0014083333333982525,0.00016724256471656697,0.00042709445453466743,0.011056277815083821,False,True,0.13000000000299627,-0.042068308126649634,-2.9962698988583725e-12,0.11793169187335037
2011-10,NoGVZOVXVarianceScaling,0.008455759848284434,0.008554436077128231,2.003054926767564,-0.0028645235387380064,0.02819320824108501,8.457962472325504e-05,1.4096604120542506e-05,0.16919083827934686,0.4674752408636177,0.36333392085703536,0.0,0.012124183037871654,0.0014083333426501059,0.00015539063336892693,9.867772904052935e-05,0.011165948004137144,False,True,0.1300000004300049,-0.040291298124343164,-4.3000489280409226e-10,0.11970870187565684
2011-11,NoGVZOVXVarianceScaling,0.0272228915112774,0.027331079604658526,2.057583873730087,0.0,0.030910883823179292,9.273265146953788e-05,1.5455441911589655e-05,0.1867205582782643,0.43737941156110033,0.3759000301606354,5.7385952780886814e-18,0.011737411911105645,0.0014083333333601753,0.00017190414873329417,0.00010818959379515632,0.010753151501897108,False,True,0.13000000000123885,-0.042709889569665496,-1.238842362027981e-12,0.11729011043033451
2011-12,NoGVZOVXVarianceScaling,-0.037845191994624224,-0.03776926033957388,1.9797142169837294,-0.03784519199462422,0.024646327856704776,7.393898357011433e-05,1.9926714802221106e-06,0.20525958460718324,0.4039689029185305,0.3907715124742863,0.0,0.013039700455306225,0.0014083333336811742,0.00019189395104436804,7.593315536798666e-05,0.012067706682053283,False,True,0.1300000000160542,-0.04545167178827388,-1.6054185758562767e-11,0.11454832821172611
2012-01,NoGVZOVXVarianceScaling,0.043923703510394686,0.04398789758391044,2.066670597285836,0.0,0.02139801773865714,6.419405321597143e-05,2.0299785491275477e-11,0.22594570754525659,0.4000002534227226,0.37405403903202084,3.511704296822507e-19,0.011671239830705867,0.0014083333333687784,0.0002100980079132136,6.419749403436143e-05,0.010692777662073901,False,True,0.13000000000163592,-0.046573665133211595,-1.6359136267851682e-12,0.11342633486678841
2012-02,NoGVZOVXVarianceScaling,0.001166703005333308,0.0011667086146909204,2.0690817880827232,0.0,1.7182647063379579e-06,5.154794119013874e-09,4.5456349309636003e-10,0.23221672225540016,0.38487730286983834,0.3829059748747616,3.17664708137426e-19,0.010388858473612535,0.0012055495033248364,0.00021910641473073052,9.11460876997193e-09,0.009566968192610617,False,True,0.12027715510394331,-0.048036744379386716,0.009722844896056695,0.1119632556206133
2012-03,NoGVZOVXVarianceScaling,-0.006004289420057136,-0.006004285321409361,2.0566584221933053,-0.006004289420057152,1.1710422216509866e-06,3.5131266649529597e-09,5.855211108185541e-10,0.24205902979833896,0.3851700528772757,0.37277091732438544,3.4061797681464876e-19,0.00968383991575527,0.0010427739035854598,0.00021542165755074295,8.090619774417215e-09,0.008947023215792022,False,True,0.11186280366156356,-0.046038397733585104,0.01813719633843644,0.1139616022664149
2012-04,NoGVZOVXVarianceScaling,0.0021403753767271576,0.0021403779043987826,2.0610604432385062,-0.003876765476559463,7.421216548232881e-07,2.2263649644698643e-09,3.0130666059375063e-10,0.24298346445982943,0.387744665645754,0.3692718698944166,5.059734216111959e-22,0.009531051283690818,0.0009409791468587723,0.0002109283016498552,7.217534148992978e-09,0.008849626191077428,False,True,0.10626264518778586,-0.045873463927135164,0.023737354812214145,0.11412653607286484
2012-05,NoGVZOVXVarianceScaling,-0.025681517075172935,-0.025384855614314413,2.008129284272513,-0.0294587213329498,0.09888706027726761,0.00029666118083180286,2.800267163149964e-10,0.34054718211793056,0.2908703286933627,0.36858248918870673,0.0,0.01058524531443635,0.0009284357557425096,0.0003010927298773956,0.00029666413306684447,0.009523270573620856,False,True,0.10555202067658448,-0.06266496138448012,0.024447979323415525,0.09733503861551988
2012-06,NoGVZOVXVarianceScaling,-0.017309375464988803,-0.017021830478617554,1.9733698205088008,-0.04625818472966803,0.09584737913706379,0.00028754213741119137,2.8489600582826125e-09,0.4162117655359247,0.20513852376934216,0.37864971069473313,0.0,0.012039316440592682,0.0014083333339319256,0.0004116346126389147,0.00028754666055853453,0.01063596850042927,False,True,0.13000000002762732,-0.08118867662043568,-2.7627317100709092e-11,0.07881132337956433
2012-07,NoGVZOVXVarianceScaling,0.012505461136335853,0.012747837947539723,1.9980477201067914,-0.034331203524706644,0.07142507240880398,0.00021427521722641195,2.810159397745892e-05,0.4132132107202663,0.2805258400898727,0.30626094918986113,1.4648839252722086e-17,0.011415012876733223,0.001408333333334221,0.0003531789119994774,0.0002423783112814351,0.0101152889867852,False,True,0.13000000000004097,-0.08276560459212577,-4.0967229608668276e-14,0.07723439540787423
2012-08,NoGVZOVXVarianceScaling,0.02365386091976628,0.023738500445241128,2.0453092629892535,-0.011489408118321998,0.02821303147920263,8.463909443760788e-05,4.3103723982522284e-10,0.38178384189969566,0.3108128485357976,0.30740330956450673,0.0,0.01156112985941259,0.0014083333334611629,0.000306868617982459,8.464194196414922e-05,0.0104654526327354,False,True,0.13000000000589984,-0.07458402920456819,-5.899836175160544e-12,0.08541597079543181
2012-09,NoGVZOVXVarianceScaling,0.03150844547233868,0.03190802711448415,2.1097537783762195,0.0,0.13319383466166612,0.00039958150398499836,1.3816047894632533e-10,0.5097236610505137,0.1724124306953597,0.31786390825412675,0.0,0.013408975322588883,0.0014083333334807308,0.0005064218092172624,0.0003995846644637592,0.011798802182167495,False,True,0.13000000000680295,-0.11564916561746545,-6.802947094541878e-12,0.04435083438253455
2012-10,NoGVZOVXVarianceScaling,-0.03750801469602475,-0.03729731534309204,2.0306211026518906,-0.037508014696024716,0.06196264578771653,0.0001858879373631496,2.481141556956476e-05,0.455015865877592,0.17979693806226946,0.3651871960601385,0.0,0.013027303787164478,0.0014083333335592853,0.0004403731624552346,0.00021070085302574932,0.011672063104903851,False,True,0.13000000001042855,-0.09217199817551472,-1.042854691490902e-11,0.06782800182448528
2012-11,NoGVZOVXVarianceScaling,-0.003195413056337697,-0.003175068485201082,2.024132429468002,-0.04058357415248537,0.0058128366142815024,1.743850984284451e-05,2.906061293770412e-06,0.443540893642619,0.18756381034510405,0.368895296012277,0.0,0.01327530237848774,0.0014083333355786442,0.0004375643254589518,2.034684352723628e-05,0.01211322454171223,False,True,0.13000000010362972,-0.08920205878685308,-1.0362971591959536e-10,0.07079794121314692
2012-12,NoGVZOVXVarianceScaling,0.018894058516827312,0.01890295866854462,2.0623765060361783,-0.02245630406051713,0.0029665847589315925,8.899754276794778e-06,3.9744051549828186e-10,0.45807063696289174,0.18519465039404312,0.3567347126430651,0.0,0.01267563400592121,0.0014083333352872566,0.00044522044781606973,8.902617327561657e-06,0.011517344273133948,False,True,0.13000000009018106,-0.09356680503573409,-9.018105706637414e-11,0.06643319496426592
2013-01,NoGVZOVXVarianceScaling,-0.00901934831003627,-0.0087732262979608,2.043775213981802,-0.03127311114247555,0.08204066846006343,0.0002461220053801903,6.695277156537606e-12,0.553603393319397,0.09958278529144522,0.3468138213891578,7.446267790294122e-17,0.013253294209162679,0.0014083333334528277,0.0006000265131624323,0.0002461254854919411,0.01170297554378189,False,True,0.13000000000551512,-0.12200486783542086,-5.515116141552312e-12,0.03799513216457914
2013-02,NoGVZOVXVarianceScaling,-0.0004587745809375743,-0.00040926570254274167,2.042837581864477,-0.03171753841495417,0.016502895103753096,4.9508685311259293e-05,1.9308357330845033e-10,0.5592751235125516,0.08449286752425411,0.3562320089631943,0.0,0.012107102653050029,0.0014083333343931524,0.0006111000242201771,4.9511750096456276e-05,0.010742324211536819,False,True,0.13000000004891474,-0.12277080433964636,-4.8914733374871844e-11,0.03722919566035364
2013-03,NoGVZOVXVarianceScaling,-0.002245099082248955,-0.0019814148914332093,2.0382512090842497,-0.03389142848081639,0.08618928830136065,0.00025856786490408197,5.116325911664013e-06,0.5045960470351137,0.17133802401034426,0.324065928954542,2.7755575615628914e-17,0.010630927195548461,0.00140833333396541,0.0004828488887274675,0.0002636856909320481,0.009180225948906242,False,True,0.13000000002917275,-0.107415833205901,-2.917274755098731e-11,0.052584166794098997
2013-04,NoGVZOVXVarianceScaling,-0.041875677787205794,-0.041785291355612084,1.9528980582032551,-0.07434787972921131,0.025824739968674293,7.747421990602289e-05,1.2912211687685792e-05,0.5233794382773468,0.17268916443641602,0.3039313972862372,0.0,0.011657179635545262,0.001408333334137798,0.0004979908445143026,9.038903015019882e-05,0.010364633093811863,False,True,0.13000000003712914,-0.1170151675017998,-3.712913310138788e-11,0.042984832498200204
2013-05,NoGVZOVXVarianceScaling,-0.0008803605310464607,-0.0006666746166194046,1.9511788038316558,-0.07516278732137716,0.06644325813219808,0.00019932977439659423,1.435614003046177e-05,0.4899763146002112,0.24740652477054587,0.262617160629243,3.9180356008194916e-17,0.01095147447834987,0.001408333335314381,0.00043020448055316194,0.0002136874144930497,0.009603415915646467,False,True,0.13000000009143298,-0.11078961511122383,-9.143297230451708e-11,0.049210384888776174
2013-06,NoGVZOVXVarianceScaling,-0.06733301836848206,-0.0673147625201496,1.819800045593066,-0.13743486835052265,0.00521615846301649,1.564847538904947e-05,2.607372943397515e-06,0.5060943826763535,0.2456504936296724,0.24825512369397412,1.4065064095924424e-18,0.009811179942147688,0.001408333333399298,0.00044484272822016443,1.825782587493632e-05,0.008643912721352938,False,True,0.1300000000030445,-0.11861529080114436,-3.0445090892783355e-12,0.041384709198855646
2013-07,NoGVZOVXVarianceScaling,0.030578273489806775,0.030923625939024636,1.8754463890839737,-0.11105911585217376,0.1151171144980662,0.0003453513434941986,1.1057236613689882e-09,0.3840753887037181,0.37596378476253195,0.2399608265337499,0.0,0.008189852684129723,0.0014083333336159846,0.0002968486982112619,0.00034535438040639733,0.006843482938704071,False,True,0.13000000001304543,-0.08170581280234152,-1.3045425850677361e-11,0.07829418719765849
2013-08,NoGVZOVXVarianceScaling,0.013354144927053087,0.013523709232712806,1.9004913719667196,-0.09918807045368083,0.04845042709786308,0.00014535128129358925,2.421302436612953e-05,0.4339877735458199,0.3662114315461799,0.19980079490800012,6.288853713213375e-19,0.007658618750588377,0.0011966329941973538,0.0003404939498468067,0.00016956583644790074,0.006550242467194992,False,True,0.11983153145298714,-0.10358473560993865,0.010168468547012866,0.05641526439006135
2013-09,NoGVZOVXVarianceScaling,-0.000984718713804822,-0.0009847034380949735,1.8986199225473195,-0.1000751168183237,4.887983455131862e-06,1.4663950365395586e-08,6.117594831822623e-10,0.43321511796044765,0.36253454589598916,0.2042503361435632,6.076087856661515e-19,0.007716084421418418,0.0009787606104965409,0.00033773730037556964,1.784190912491291e-08,0.006888948973885454,False,True,0.10837493864338973,-0.10302984096450915,0.02162506135661027,0.05697015903549085
2013-10,NoGVZOVXVarianceScaling,0.012341228306840295,0.012341230248405131,1.9220512244793913,-0.08896893837597208,5.965093710508242e-07,1.7895281131524728e-09,1.5203672433516968e-10,0.4506007660981903,0.36454320055313466,0.18485603334867504,5.688106291469414e-19,0.007543019124578926,0.0013441240064251468,0.0003511852848288281,6.89983780851598e-09,0.006519764936699715,False,True,0.12700192154885595,-0.11085812636063107,0.002998078451144054,0.049141873639368935
2013-11,NoGVZOVXVarianceScaling,-0.0077111102444884505,-0.007711109450516439,1.9072300755918767,-0.09599399932830832,2.2684914632863697e-07,6.80547438985911e-10,1.1342457309494134e-10,0.45638925720451207,0.3608669375437258,0.18274380525176218,5.601783605053043e-17,0.0071692577256344345,0.0011433176050456518,0.0003553752517641852,6.575511447066401e-09,0.006242217095835977,False,True,0.11713159804488207,-0.1083095487629215,0.01286840195511793,0.05169045123707851
2013-12,NoGVZOVXVarianceScaling,-0.00547912373338782,-0.005479121754891329,1.8967801260196704,-0.10094716006171356,5.652847118037033e-07,1.69585413541111e-09,2.826423558671917e-10,0.46510393789036364,0.36229337306039266,0.17260268904924375,8.241715327950924e-17,0.006599738311450106,0.0012016867953283678,0.0003616965407231664,6.915990693131906e-09,0.005637191457072062,False,True,0.12008431014891335,-0.11268490289796107,0.009915689851086651,0.04731509710203893
2014-01,NoGVZOVXVarianceScaling,-0.013545673655912374,-0.013545665326522174,1.8710869614355876,-0.11312543643093875,2.379825771753452e-06,7.139477315260356e-09,1.189912885890665e-09,0.4628186872621683,0.3666235603519733,0.17055775238585832,8.507514501952251e-17,0.006763505474647391,0.001209896349161126,0.000353809582684526,1.1728329180750802e-08,0.005804735989053122,False,True,0.12049380145855434,-0.1121266934098645,0.00950619854144566,0.0478733065901355
2014-02,NoGVZOVXVarianceScaling,0.0211390445757428,0.021139045445907962,1.9106399521184658,-0.09437775549855987,2.486186179844723e-07,7.45855853953417e-10,1.2430930894375142e-10,0.4457330864114958,0.3726930838474294,0.18157382974107472,1.4433615248542458e-16,0.006533643915257731,0.0011331996049639887,0.0003302740741283822,6.592440761647151e-09,0.005636763446206593,False,True,0.11661215742609286,-0.10489576834826204,0.013387842573907141,0.05510423165173796
2014-03,NoGVZOVXVarianceScaling,-0.0068773193516869025,-0.0068773177629732835,1.8974998710016553,-0.10060600888598781,5.039056190093151e-07,1.5117168570279455e-09,7.699676229927498e-11,0.4432113295107186,0.3671986221142573,0.189590048375024,1.499431562672011e-16,0.006390777528870005,0.00106647243668707,0.00032640737253028843,6.7924321379851984e-09,0.005531127145564044,False,True,0.11312678392071808,-0.10345636498243897,0.016873216079281925,0.05654363501756103
2014-04,NoGVZOVXVarianceScaling,-0.0076627693766938895,-0.007662765417092231,1.8829597670978633,-0.1074978576186787,1.2218151636266489e-06,3.665445490879947e-09,2.941561680068978e-10,0.44870338745046345,0.3704468637008767,0.18084974884865962,1.7410088330212207e-16,0.006051870104340809,0.001003605581331774,0.00032784640496467997,7.964410823278783e-09,0.0052222129442994186,False,True,0.10974181963126586,-0.10595399553074454,0.02025818036873414,0.05404600446925546
2014-05,NoGVZOVXVarianceScaling,0.005184088365872247,0.005184098446433734,1.892721196919881,-0.10287104764584354,3.0551121376069763e-06,9.165336412820928e-09,9.152250743101093e-10,0.4491791278607128,0.3745086860827899,0.17631218605649707,1.6768579741180102e-16,0.005612985253477653,0.0009929851456030618,0.0003240012115529464,1.2865118586615018e-08,0.004792478604004589,False,True,0.10915961591741125,-0.1065681358538449,0.02084038408258876,0.0534318641461551
2014-06,NoGVZOVXVarianceScaling,0.010924515308308878,0.010924522859161486,1.913398258609993,-0.09307034867232344,2.287409297890982e-06,6.862227893672946e-09,6.886247148617219e-10,0.45553123092735737,0.37569673576269624,0.16877203330994617,1.7138479351309793e-16,0.005678410149142977,0.0010105320943812716,0.00032715916757665935,1.067694577395676e-08,0.0048459742574299075,False,True,0.11011986711114058,-0.10973925486337337,0.019880132888859425,0.050260745136626636
2014-07,NoGVZOVXVarianceScaling,0.016231871452074283,0.016231875088384792,1.9444562931803733,-0.078349183155898,1.1969594115869269e-06,3.5908782347607806e-09,4.543227585817971e-11,0.4487880865841942,0.37465059803210077,0.17656131538370481,1.7450212294486123e-16,0.005639957210853378,0.0009862491998036704,0.00031699429049233117,8.08449586562384e-09,0.004829830235963347,False,True,0.10878874205378075,-0.1064135586646617,0.021211257946219253,0.0535864413353383
2014-08,NoGVZOVXVarianceScaling,-0.010760678464203383,-0.010760666424075346,1.9235326242217625,-0.0882667712522277,3.8149985235320686e-06,1.1444995570596205e-08,5.951324665294282e-10,0.45677398425742305,0.3705900774062584,0.17263593833631832,1.8919072450335567e-16,0.0052245323153947915,0.000931098298302858,0.0003237374667042098,1.4738157116685522e-08,0.004435230961382036,False,True,0.105703261915772,-0.10968949260937007,0.024296738084227998,0.050310507390629935
2014-09,NoGVZOVXVarianceScaling,-0.011961847465573142,-0.011961842017953762,1.900523620375768,-0.09917278506380311,1.791198545542328e-06,5.373595636626984e-09,7.40237436904775e-11,0.45605118388819976,0.3764450840878443,0.16750373202395571,1.8262980882480253e-16,0.0046278384284541,0.0008561543213999635,0.00031884956562004246,9.484240515534501e-09,0.0038809022178935603,False,True,0.10136001113259392,-0.10600539626451776,0.028639988867406083,0.05399460373548225
2014-10,NoGVZOVXVarianceScaling,-0.013542330804958915,-0.013542322927408137,1.8747861008060012,-0.11137208520657904,2.6213055575183295e-06,7.863916672554988e-09,1.3634105580919333e-11,0.44534058276874744,0.3858338512386018,0.1688255659926505,1.8826216450321522e-16,0.004653270781124234,0.001021078921582607,0.0003025826211012076,1.1879273604752197e-08,0.003840136819958118,False,True,0.11069303076070906,-0.1022005617911427,0.01930696923929094,0.0577994382088573
2014-11,NoGVZOVXVarianceScaling,0.013854155171680914,0.013854160401454835,1.900759678360278,-0.09906089618514369,1.494221120362665e-06,4.482663361087995e-09,7.471105601121358e-10,0.4416365242264483,0.3938378308748392,0.16452564489871238,1.953550648835084e-16,0.004927901865592632,0.0008232977302562024,0.00029483304044443614,9.17955185716509e-09,0.004221410780468237,False,True,0.09939603997682417,-0.10144965244835923,0.030603960023175836,0.05855034755164078
2014-12,NoGVZOVXVarianceScaling,-0.011285442344439064,-0.011285436980108305,1.8793087645995086,-0.10922839249709693,1.553476607796367e-06,4.6604298233891015e-09,7.03900935761337e-10,0.43970174929796946,0.39015597909121785,0.17014227161081263,1.6529447467792279e-16,0.004747010053371493,0.0008034421130244212,0.0002913893411712496,9.240735122887535e-09,0.00405389041495291,False,True,0.09819014897785346,-0.10011756172868459,0.03180985102214655,0.05988243827131541
2015-01,NoGVZOVXVarianceScaling,0.031655445777055695,0.03165544866073838,1.938799121295634,-0.08103062017604801,8.455627040493724e-07,2.5366881121481172e-09,3.469945820400484e-10,0.4342202387862944,0.39488009063878504,0.17089967057492053,7.695217459773347e-17,0.0048063102953784295,0.0010120917824583597,0.000282861022397231,7.415926671738193e-09,0.004017395965825347,False,True,0.11020481563661506,-0.09826527125787096,0.01979518436338494,0.06173472874212904
2015-02,NoGVZOVXVarianceScaling,-0.004666318639101067,-0.004666316900302046,1.9297520668184593,-0.08531882412188363,5.012703981344373e-07,1.5038111944033119e-09,2.3498782703026685e-10,0.4315029741144334,0.3881867048323805,0.18031032105318615,6.901627791920828e-17,0.005726633409409639,0.0008100736726371965,0.0002802473918052285,6.8885045625183005e-09,0.00504134229278125,False,True,0.09859454382290309,-0.09678949814789747,0.03140545617709692,0.06321050185210253
2015-03,NoGVZOVXVarianceScaling,0.010223770016426074,0.01022377083633791,1.949481408138334,-0.0759673341413517,2.3426052456201055e-07,7.027815736860317e-10,1.1713026226713723e-10,0.4375646056552728,0.3892180796349633,0.17321731470976406,6.828403775685132e-17,0.005193628939470374,0.0007063884082103419,0.00028290861824894814,6.575267425521412e-09,0.004557519541848831,False,True,0.09206878351821589,-0.09913674038935033,0.037931216481784116,0.06086325961064967
2015-04,NoGVZOVXVarianceScaling,0.008281065328666267,0.008281069286970043,1.9656251910361477,-0.06831535926955457,1.1412323879245522e-06,3.4236971637736565e-09,5.346066124789838e-10,0.44028270794925894,0.3898681928298269,0.16984909922091423,6.377809122751284e-17,0.005929132566768052,0.0008765742439787973,0.0002825840338548557,8.207885847297259e-09,0.0052082532030379505,False,True,0.10256164452535639,-0.10035119851564152,0.027438355474643614,0.059648801484358485
2015-05,NoGVZOVXVarianceScaling,-0.001328433325590982,-0.0013284300236152255,1.9630139890267542,-0.06955304019524222,9.43421644764054e-07,2.830264934292162e-09,4.71710822388983e-10,0.45579057553881175,0.38368706073754566,0.1605223637236425,7.327878604034554e-17,0.005200345058034532,0.0008178648946471589,0.00029725882991520297,7.566626903810662e-09,0.004494146214168846,False,True,0.09906754632959225,-0.10674334427644688,0.030932453670407756,0.05325665572355312
2015-06,NoGVZOVXVarianceScaling,-0.01843716660929337,-0.01843716602952224,1.9268215730546943,-0.08670784581427304,1.656488942264714e-07,4.969466826794142e-10,8.282444712019361e-11,0.4440017902864649,0.3859830252466652,0.1700151844668698,7.600607933224543e-17,0.0053144960553759115,0.00101642438826349,0.00028226248792743216,6.544219694884105e-09,0.004524014829097039,False,True,0.11044044847410699,-0.10160184008546395,0.019559551525893018,0.05839815991453605
2015-07,NoGVZOVXVarianceScaling,-0.016737338020666386,-0.01673733596742646,1.8945717090809657,-0.10199392531050211,5.866399779841635e-07,1.7599199339524906e-09,2.9331998899209447e-10,0.4377108718641933,0.3925153941527545,0.1697737339830522,7.467470614584076e-17,0.004499098220211362,0.0007230060978261999,0.00027468747020677317,6.945379221580533e-09,0.0038629007557122673,False,True,0.09314544097224726,-0.09613181185469105,0.03685455902775274,0.06386818814530895
2015-08,NoGVZOVXVarianceScaling,-0.00871784915435147,-0.008717845600964436,1.878055118709096,-0.10982260680933642,1.174370353851407e-06,3.5231110615542215e-09,3.0275972978700364e-11,0.43134258068929254,0.40080458498628746,0.16785283432442002,6.186247638375216e-17,0.0032258220923214857,0.0010457745088689508,0.0002660903900502291,8.062625927267495e-09,0.002436836385210854,False,True,0.11202363191053667,-0.09426955809692494,0.017976368089463332,0.06573044190307506
2015-09,NoGVZOVXVarianceScaling,0.00856800535392986,0.008568008155617863,1.8941463050211709,-0.10219556213853154,9.07792368914947e-07,2.723377106744841e-09,7.831089635093817e-11,0.4132399659009097,0.40678591616359094,0.1799741179354993,8.495850081705477e-18,0.004477272690419307,0.0011152746140443927,0.00024707163412614457,7.426317279261813e-09,0.0036725563229536864,False,True,0.11568619350870142,-0.08852005496384614,0.014313806491298584,0.07147994503615386
2015-10,NoGVZOVXVarianceScaling,0.020857067574342726,0.020857070420441562,1.933652642500689,-0.08346999430951008,8.84978930526522e-07,2.6549367915795662e-09,1.9116204541535722e-10,0.41867810057070154,0.40676359063443934,0.17455830879485915,3.60130016096618e-17,0.005032957813203056,0.001235002255509715,0.000249224364423212,7.323064640574339e-09,0.004166224997960346,False,True,0.12173753351418198,-0.09026188720505225,0.00826246648581802,0.06973811279494775
2015-11,NoGVZOVXVarianceScaling,-0.0169567766248634,-0.016956774472338412,1.900864126571728,-0.09901138888598848,6.589937217721518e-07,1.9769811653164554e-09,1.7554382221453205e-10,0.43390658172336155,0.399002224485676,0.16709119379096246,3.288884513490966e-17,0.004765565884677942,0.0009650104386754475,0.0002626837645520362,6.985593272213572e-09,0.0040203699151949105,False,True,0.10761099044291605,-0.09515377061851922,0.02238900955708395,0.06484622938148078
2015-12,NoGVZOVXVarianceScaling,0.001973735185959625,0.0019737387309400156,1.9046159289820712,-0.09723307596208375,1.1091517130440578e-06,3.3274551391321732e-09,2.175252511865824e-10,0.4337087687321728,0.4035567836839788,0.16273444758384847,2.988851958797521e-17,0.00382698944317601,0.000990985761337634,0.0002612013342693701,7.730144431294903e-09,0.0030702874980933917,False,True,0.10904966362190947,-0.09547167461950289,0.02095033637809053,0.06452832538049712
2016-01,NoGVZOVXVarianceScaling,0.004446378982613345,0.004446385206310582,1.9130845732186474,-0.09321903208484328,1.7781992106141917e-06,5.334597631842575e-09,8.89099605314044e-10,0.42765565425509927,0.4063710998166832,0.16597324592821758,2.631590396491946e-17,0.0038306761704801845,0.0010561615542040578,0.0002527927014537014,9.841940883298516e-09,0.003049792849983571,False,True,0.11257858877445877,-0.09325786744672127,0.017421411225541236,0.06674213255327874
2016-02,NoGVZOVXVarianceScaling,0.03599556500830032,0.035995568254878714,1.9819471333403158,-0.060578938805963656,9.474790979013925e-07,2.8424372937041773e-09,4.04141099780163e-10,0.41488355416382994,0.40811675604754283,0.17699968978862726,2.232837384635882e-17,0.003848666160505822,0.0010614558575895142,0.00023983323270494346,7.652456584200959e-09,0.003078097346549537,False,True,0.11286040178501125,-0.08909057368790979,0.017139598214988755,0.07090942631209021
2016-03,NoGVZOVXVarianceScaling,-0.006250052456527721,-0.00625005179146996,1.969559859790874,-0.06645036971719342,2.1076051234802238e-07,6.322815370440671e-10,3.277622326324636e-11,0.41003746437830957,0.39661280786729447,0.19334972775439602,4.8957674352493057e-17,0.004974540723887159,0.0009467435767605216,0.00023890951897367218,6.552977087611366e-09,0.004262252863556138,False,True,0.10658763024444375,-0.08746626115428752,0.02341236975555626,0.07253373884571249
2016-04,NoGVZOVXVarianceScaling,0.011433810266148451,0.011433811363595591,1.9920794335355447,-0.05577634037050683,3.4858177155873754e-07,1.0457453146762127e-09,5.1701825598566335e-11,0.4248020549227085,0.39966955541660265,0.17552838966068895,4.7606139217223305e-17,0.0047287942424491655,0.0008128377419892543,0.00024660906414642706,6.643610226790172e-09,0.004075759663697884,False,True,0.09876260883487764,-0.09199088103338217,0.031237391165122363,0.06800911896661783
2016-05,NoGVZOVXVarianceScaling,-0.006721626232044105,-0.006721625392183283,1.9786894201587766,-0.06212305888998915,2.7978637595629053e-07,8.393591278688717e-10,5.016929649289347e-13,0.41871837220502756,0.3958688457633258,0.1854127820316466,5.628918626830956e-17,0.005356135636009327,0.0006765077729900449,0.00024149764556332732,6.614804613551704e-09,0.004776377489146364,False,True,0.09010046212911751,-0.08751062299061446,0.03989953787088249,0.07248937700938554
2016-06,NoGVZOVXVarianceScaling,0.021718455696346835,0.02171845989789665,2.021663498667325,-0.041753820095866145,1.3309850864506526e-06,3.992955259351958e-09,2.0859455363012676e-10,0.4185297567392957,0.3997354716759347,0.18173477158476956,8.856646583674432e-17,0.005883012489352261,0.0006987985643508853,0.00023825069129398968,8.196197119179476e-09,0.005295354319685709,False,True,0.09157282769583248,-0.087423856030003,0.03842717230416752,0.07257614396999701
2016-07,NoGVZOVXVarianceScaling,0.010787847409069785,0.010987915067384006,2.043472896003434,-0.031416406526736385,0.06640497348360855,0.00019921492045082566,8.527378633948747e-07,0.47933554356116537,0.33258390077879496,0.18808055566003973,2.978240986500333e-17,0.0073772095103701255,0.001168142554700998,0.0003110651226676525,0.00020006915892345346,0.0062820039514285215,False,True,0.11839641319065361,-0.10460275959452618,0.011603586809346395,0.05539724040547382
2016-08,NoGVZOVXVarianceScaling,3.1182991961190124e-05,0.0003892507310725062,2.043536617602323,-0.03138620319232732,0.11935581303172947,0.00035806743909518843,3.000161276336193e-10,0.6088199685836387,0.2105395584583121,0.18064047295804916,0.0,0.0083337190338208,0.0014083333405133412,0.0004995086044973265,0.000358070371473322,0.006771973387593481,False,True,0.13000000033138498,-0.14865140984440492,-3.313849750163911e-10,0.011348590155595084
2016-09,NoGVZOVXVarianceScaling,0.008710092786749161,0.00871010706967982,2.0613360111547587,-0.02294948714760714,4.639423261162956e-06,1.3918269783488869e-08,3.646608757734704e-10,0.6147460670421063,0.20945355671568927,0.17580037624220443,0.0,0.008189251115684349,0.0012792740531190547,0.0005042747232570576,1.714829015479433e-08,0.007045322217577609,False,True,0.12390031734192071,-0.15191066119250987,0.0060996826580792946,0.008089338807490132
2016-10,NoGVZOVXVarianceScaling,-0.0070504498640657455,-0.006795984774545043,2.046802664955119,-0.029838132803132633,0.08482119184353594,0.00025446357553060784,1.513990094417772e-09,0.5332355204938252,0.29350241073100675,0.173262068775168,0.0,0.0078093520349861514,0.0014083333350940865,0.00037149032014559833,0.00025446691124655625,0.006479228136046954,False,True,0.13000000008126553,-0.12178650372264012,-8.126552208942428e-11,0.038213496277359885
2016-11,NoGVZOVXVarianceScaling,-0.017738697755028576,-0.017565013677611208,2.010495051117293,-0.04704754093879193,0.05789457465089125,0.00017368372395267374,3.5346469480501685e-10,0.5886435306326433,0.23403057539987177,0.17732589396748494,0.0,0.007222296638725822,0.0014083333333340681,0.0004541019683379232,0.00017368661286942442,0.00589034139085144,False,True,0.13000000000003392,-0.1415149922780574,-3.391731340229853e-14,0.018485007721942615
2016-12,NoGVZOVXVarianceScaling,0.020718966234042603,0.020948383242056424,2.052150430195102,-0.027303351116855112,0.07647217408674968,0.00022941652226024905,4.857535724942389e-10,0.5207001121752547,0.3110141730098426,0.1682857148149027,6.28127334983066e-17,0.0059169179336196875,0.0014083333333336848,0.00034961697919781514,0.0002294193534424522,0.0046337149343125775,False,True,0.1300000000000162,-0.11821259685682962,-1.6209256159527285e-14,0.04178740314317038
2017-01,NoGVZOVXVarianceScaling,0.018885777800892754,0.018933929395785993,2.090906887233773,-0.008933218338375015,0.01605039918915033,4.815119756745099e-05,3.973257871830619e-10,0.511711594414952,0.32224204482058366,0.1660463607644645,9.013106833155228e-19,0.006338015495760569,0.0014083333386949138,0.00033411040096714136,4.815406026462808e-05,0.005251584365181342,False,True,0.13000000024745756,-0.11554466420923158,-2.474575544475499e-10,0.04445533579076842
2017-02,NoGVZOVXVarianceScaling,0.0086005234176279,0.008600554013697616,2.1088897808815066,-0.00040952527426108,1.0019272637968161e-05,3.0057817913904486e-08,5.382518027401004e-10,0.5208163707354824,0.31633776011321324,0.16284586915130456,0.0,0.006767577407647885,0.0012452188037128068,0.0003428641506620442,3.303995076350944e-08,0.005802070815178674,False,True,0.12224003290474722,-0.11865985518592356,0.007759967095252784,0.04134014481407644
2017-03,NoGVZOVXVarianceScaling,0.01709166219358348,0.017133250724961163,2.1449342126198334,0.0,0.012801441789847852,3.840432536954356e-05,3.1842060081411793e-06,0.5084927936189624,0.3208077012886808,0.17069950509235685,4.453910994899925e-18,0.006794349703283069,0.0014083333338940048,0.0003261486443799185,4.159003170988271e-05,0.005722444360246266,False,True,0.13000000002587714,-0.11057544116340913,-2.587713376911438e-11,0.04942455883659087
2017-04,NoGVZOVXVarianceScaling,0.018439181927771952,0.018601495715460666,2.184485044789433,0.0,0.0499056548756413,0.00014971696462692393,1.2596823061790022e-05,0.46925309494312206,0.3399316185869033,0.1908152864699746,0.0,0.006911052430871223,0.0014083333503253175,0.0002821476372353939,0.00016231528777378446,0.0057624228306993866,False,True,0.13000000078424542,-0.09894819032653598,-7.842454186057779e-10,0.06105180967346402
2017-05,NoGVZOVXVarianceScaling,0.025455424814812215,0.02545546767394452,2.2400920396061523,0.0,1.4018492920042647e-05,4.205547876012794e-08,8.036535457667249e-10,0.4724309237877359,0.33435337647487634,0.1932156997373879,0.0,0.007859666362113674,0.001215774409468666,0.00028460896921595185,4.504427577111686e-08,0.006967125143887617,False,True,0.12078614537116412,-0.09982361812941412,0.00921385462883588,0.06017638187058588
2017-06,NoGVZOVXVarianceScaling,0.012140276981676445,0.012157042771840704,2.2672873774314195,0.0,0.004790225761216642,1.4370677283649926e-05,2.3951128806082733e-06,0.4829754985816166,0.32663416220871433,0.1903903392096691,3.172641313279787e-18,0.007459724338183494,0.0014083333333339515,0.0002938180574159926,1.676737477479742e-05,0.006444972239325729,False,True,0.1300000000000285,-0.1029094392614465,-2.8504976157250894e-14,0.05709056073855351
2017-07,NoGVZOVXVarianceScaling,0.0036424262236435393,0.003642432389076985,2.2755458044315118,0.0,1.9018975843804225e-06,5.705692753141268e-09,4.5974069272369424e-10,0.4902133909732699,0.3231599467671896,0.1866266622595405,3.051913361848751e-18,0.007254055845840591,0.001265381117290531,0.00029895405432873865,9.542852168959684e-09,0.006322401690014418,False,True,0.12322570108336317,-0.10504098705235497,0.006774298916636834,0.05495901294764503
2017-08,NoGVZOVXVarianceScaling,0.0023381744106829696,0.0023381891657055526,2.2808664274017705,0.0,4.907855131019996e-06,1.4723565393059988e-08,3.145719018605311e-11,0.4899614762796296,0.3222443527852915,0.18779417093507897,3.150450554978107e-18,0.007238622948445318,0.0011007259969169055,0.0002968550688364265,1.843759657593106e-08,0.006391386443553863,False,True,0.11492916062950632,-0.10496326145417566,0.01507083937049368,0.055036738545824346
2017-09,NoGVZOVXVarianceScaling,0.015210603582416778,0.01521062338870617,2.3155597824534224,0.0,6.258670665353174e-06,1.8776011996059523e-08,1.0302773946048816e-09,0.4813491771347254,0.3217851858413598,0.19686563702391477,0.0,0.007761535648998392,0.0013636869243001915,0.00028783913665940907,2.206122505777441e-08,0.00679183098896383,False,True,0.12792280129672856,-0.10245214810926025,0.0020771987032714434,0.05754785189073976
2017-10,NoGVZOVXVarianceScaling,0.014405140918836231,0.014905730674516839,2.3489157474256537,0.0,0.14600863347481186,0.00043802590042443557,6.25638552561721e-05,0.5144958367383085,0.17040348333222785,0.3151006799294637,1.9961693148131003e-18,0.00885734015969192,0.0014083333333333357,0.0003862080185538571,0.0005005912557296541,0.007266374218741741,False,True,0.1300000000000001,-0.13266923731991667,-8.326672684688674e-17,0.02733076268008333
2017-11,NoGVZOVXVarianceScaling,-0.023428683854644056,-0.02322019533270962,2.293883742978023,-0.023428683854644028,0.06083725112517984,0.00018251175337553953,2.597676855889846e-05,0.46989637021107095,0.17545700271205605,0.35464662707687294,9.728255455532405e-17,0.008175241342042963,0.001408333333350203,0.0003606853196174971,0.00020849002205043795,0.006901899333699927,False,True,0.1300000000007786,-0.13840714897347928,-7.785994071696223e-13,0.021592851026520726
2017-12,NoGVZOVXVarianceScaling,0.007732719075755922,0.007758836475008355,2.3116217015549156,-0.01587713220945075,0.00870578836759107,2.611736510277321e-05,3.414965962259718e-11,0.47498257693523693,0.17196436439023785,0.35305305867452524,1.888698597510184e-18,0.007974679416729615,0.0014083333333385416,0.00036623658111643577,2.6120767485463742e-05,0.006878155401458444,False,True,0.13000000000024037,-0.1386461044852286,-2.403632848313464e-13,0.021353895514771404
2018-01,NoGVZOVXVarianceScaling,0.02124955654497397,0.02139084164648609,2.3607426376126956,0.0,0.04230449147784625,0.00012691347443353874,1.4371627078579782e-05,0.5176747340568131,0.157268049627998,0.32505721631518897,0.0,0.00834084738297417,0.0014083333334780406,0.0003923755695720282,0.0001412866016199426,0.007103018545043179,False,True,0.1300000000066788,-0.13513124625735703,-6.67879640481317e-12,0.02486875374264297
2018-02,NoGVZOVXVarianceScaling,-0.04344388461676955,-0.04339403432858514,2.2581828068543617,-0.04344388461676951,0.01661659377366867,4.984978132100601e-05,5.068634002652894e-10,0.504617172234451,0.16954258095397495,0.325840246811574,2.7755575615628914e-17,0.006829623841648253,0.0014083333333834306,0.0003747503042269966,4.985260872699478e-05,0.005700854262002546,False,True,0.13000000000231218,-0.13288517592656093,-2.3121782266599666e-12,0.02711482407343907
2018-03,NoGVZOVXVarianceScaling,0.013243602902429666,0.013380956691627735,2.288089283229435,-0.03077563527074334,0.04578411590511815,0.00013735234771535446,1.4414827150665722e-09,0.43909885375478686,0.2233187416914089,0.33758240455380417,1.0436109539184786e-18,0.00605612136970156,0.001408333333371422,0.00032097492981751136,0.00013735562624669418,0.0048936241469516445,False,True,0.13000000000175793,-0.1265216601030757,-1.7579271371914729e-12,0.03347833989692431
2018-04,NoGVZOVXVarianceScaling,0.0035405134780957465,0.003597056654823183,2.296190294175795,-0.02734408334412064,0.01884762726138335,5.654288178415005e-05,2.949432862947355e-10,0.42719800174804556,0.24059693436906418,0.33220506388289034,0.0,0.0064969581524641105,0.0014083333333509793,0.0003031670891722095,5.6545819072782555e-05,0.005433078577543628,False,True,0.13000000000081444,-0.12272005395608358,-8.144318552893992e-13,0.03727994604391642
2018-05,NoGVZOVXVarianceScaling,-0.013859138046713664,-0.013859135525116476,2.2643670759072885,-0.04082425596500727,8.141631466090926e-07,2.442489439827278e-09,7.910774763031369e-11,0.4339826203123438,0.2396085115632386,0.32640886812441755,0.0,0.006252625919237448,0.0012789306714213835,0.00030368739861539066,7.2530640670526e-09,0.005309465931847299,False,True,0.12388368761486156,-0.12163453803368215,0.006116312385138448,0.03836546196631785
2018-06,NoGVZOVXVarianceScaling,-0.015212877417007995,-0.015212868577664589,2.229919537154402,-0.055416078980379035,2.935650861748962e-06,8.806952585246885e-09,3.2390820636774007e-11,0.4255223361732467,0.243792748375558,0.33068491545119527,0.0,0.006989776236953548,0.0012286100909430066,0.0002976194550844626,1.27162100340525e-08,0.0060778390201875485,False,True,0.1214220782696297,-0.12190358247260204,0.008577921730370308,0.038096417527397966
2018-07,NoGVZOVXVarianceScaling,-0.008013572177829853,-0.00795484241893712,2.2120499159926625,-0.06298557040948727,0.016780098372732546,5.034029511819764e-05,8.389463774534673e-06,0.43325552400163453,0.2494232100590031,0.3173212659393624,0.0,0.007296664413540493,0.0014083333342251219,0.00029571549599935226,5.873181238555177e-05,0.006238050438043029,False,True,0.13000000004115947,-0.11817442336450094,-4.115946472538212e-11,0.04182557663549906
2018-08,NoGVZOVXVarianceScaling,-0.001528585696636673,-0.0013635903886674901,2.2086686081308295,-0.06441787726410164,0.04714159068480772,0.00014142477205442318,2.3570535914759662e-05,0.4829257595646367,0.2519000819141251,0.26517415852123816,4.610053230873468e-19,0.007501532499878577,0.001408333341104475,0.0003156341858171284,0.00016499771961222203,0.006316733923896988,False,True,0.13000000035866807,-0.11066783489487196,-3.5866806746831514e-10,0.04933216510512804
2018-09,NoGVZOVXVarianceScaling,0.002807651035160943,0.0033118655698190047,2.2148697788347755,-0.06179108914872411,0.14752595209159391,0.00044257785627478175,6.163667838327939e-05,0.6324064779947293,0.23164169668912174,0.135951825316149,0.0,0.008964014011375133,0.0014083333344335957,0.00047133863785337284,0.0005042160347021815,0.007284292671602781,False,True,0.13000000005078133,-0.16000000001627854,-5.0781323590598504e-11,-1.6278534076263895e-11
2018-10,NoGVZOVXVarianceScaling,-0.0618677203995861,-0.06175936098168719,2.0778408346363326,-0.11983593572167095,0.036119583977985745,0.00010835875193395723,6.659649557788638e-10,0.5990406563054198,0.26642027867052037,0.13453906502405988,0.0,0.008423707476949668,0.0014083333354046833,0.0004167964512451461,0.0001083615851689036,0.0071943827728332774,False,True,0.13000000009560075,-0.146826593997262,-9.560074953895992e-11,0.013173406002738003
2018-11,NoGVZOVXVarianceScaling,0.01731537142201578,0.017750632658251483,2.113819420443892,-0.1045955680363807,0.1422535711510704,0.0004267607134532112,8.50052278249143e-06,0.41879916774393333,0.4115140983771027,0.1696867338789641,1.641549851778834e-18,0.009302816454992554,0.0014083333496057297,0.00021253030990376918,0.00043526273630578274,0.007950856733980136,False,True,0.13000000075103368,-0.08200580262812464,-7.510336796912043e-10,0.07799419737187537
2018-12,NoGVZOVXVarianceScaling,-0.0033362606792081816,-0.0033175072803429146,2.1067671678285183,-0.10758287063472982,0.005358358424478239,1.6075075273434717e-05,2.6783235918323153e-06,0.4234929793409063,0.40752501754224024,0.16898200311685352,0.0,0.00797007982711816,0.0014083333333379763,0.00021568844172531218,1.8755305338691525e-05,0.007031469413385168,False,True,0.13000000000021428,-0.08392306634471355,-2.142730437526552e-13,0.07607693365528645
2019-01,NoGVZOVXVarianceScaling,0.04707220004575127,0.047285297081974154,2.205937333402363,-0.06557483299699274,0.07103234268180575,0.00021309702804541726,8.17746842463052e-12,0.48405924653277926,0.3400185939306121,0.1759221595366087,0.0,0.008411886043190235,0.001408333333407082,0.0002831294180135259,0.0002131005038015952,0.007211489454671573,False,True,0.13000000000340378,-0.10175867058414054,-3.403777260047036e-12,0.058241329415859466
2019-02,NoGVZOVXVarianceScaling,-0.001677826180813711,-0.0016778215909382245,2.202236153991146,-0.06714263600620163,1.3113929961255932e-06,3.93417898837678e-09,6.556964980558577e-10,0.5026762165415876,0.3247922350775492,0.17253154838086326,0.0,0.005776911397130786,0.0011618193873920064,0.0003030975833889887,8.3857488467085e-09,0.004892895734296947,False,True,0.11807553789292716,-0.10726827661859338,0.011924462107072847,0.05273172338140662
2019-03,NoGVZOVXVarianceScaling,-0.008629949906105182,-0.00862994234680587,2.1832309663007887,-0.07519314832700941,2.1597998032529836e-06,6.479399409758951e-09,1.0798999016403704e-09,0.5014444026171028,0.3257354102697455,0.17282018711315178,2.77590905661538e-17,0.0051825198028010765,0.0012581270176455594,0.00029970730461571766,1.1127593730614547e-08,0.004253737861768848,False,True,0.1228719830219514,-0.10690323471487337,0.007128016978048601,0.053096765285126635
2019-04,NoGVZOVXVarianceScaling,0.012581290549668828,0.012581299432758535,2.210698829424853,-0.06355788462378709,2.538025630578439e-06,7.614076891735317e-09,1.2690128152459789e-09,0.4937745984645428,0.33150471882012283,0.1747206827153344,3.874880295667011e-22,0.00550574770546297,0.0013817584409644998,0.0002893884140526609,1.2114051993548137e-08,0.004525467956876066,False,True,0.1287676251686502,-0.10462466842022486,0.0012323748313498029,0.055375331579775144
2019-05,NoGVZOVXVarianceScaling,-0.017743007774053212,-0.017532482993677087,2.1714743829082774,-0.08017318435685816,0.06015000305292924,0.0001804500091587877,3.007477121733966e-05,0.43686919865217694,0.32837613743847116,0.2347546639093519,0.0,0.004573903628084221,0.0009940230342494096,0.0002451035860551061,0.00021052724095616532,0.0036212612839482444,False,True,0.10921664896430816,-0.09305651719265329,0.020783351035691844,0.06694348280734672
2019-06,NoGVZOVXVarianceScaling,0.036213005506609594,0.03621301488370894,2.250109996693997,-0.04686349081684582,2.6944701896625127e-06,8.083410568987539e-09,1.2936887786307866e-09,0.4122406674954182,0.3375886706338391,0.25017066187074266,1.212971735308293e-21,0.005231643541898857,0.0011816118247994173,0.00022795872212742947,1.2867454229414607e-08,0.004412866039917489,False,True,0.11907704185775278,-0.09193594737813121,0.010922958142247224,0.06806405262186879
2019-07,NoGVZOVXVarianceScaling,-0.009182508293713646,-0.009182499022940768,2.229448342987586,-0.05561567471746143,2.654482399500032e-06,7.963447198500095e-09,1.3073256793782758e-09,0.4236782919562044,0.327311247478581,0.24901046056521464,2.7705062836016784e-17,0.004951577583247123,0.0009775628642442117,0.0002369122445836068,1.2854798152165315e-08,0.004225871051743258,False,True,0.10830860709532987,-0.093637278788465,0.021691392904670134,0.066362721211535
2019-08,NoGVZOVXVarianceScaling,0.02290611807062702,0.022906119926604615,2.280516349964423,-0.033983495858490254,5.302793119055332e-07,1.5908379357165997e-09,2.651396559527524e-10,0.40524306202870397,0.3350729219335117,0.25968401603778435,2.7370703678957977e-17,0.005167998261539433,0.0009547962029318493,0.0002233483711256442,6.9040969257275624e-09,0.004467244884850939,False,True,0.1070399665320491,-0.09340777224705085,0.022960033467950905,0.06659222775294915
2019-09,NoGVZOVXVarianceScaling,0.003490150346101598,0.00349015208457042,2.2884756948925418,-0.030611953022220972,4.967053777854667e-07,1.4901161333564003e-09,2.4835268884581e-10,0.3862286351329584,0.3296623175817804,0.2841090472852612,0.0,0.0057941143191610886,0.0009811436824786336,0.00021712673546759627,6.887645414108355e-09,0.005086408854808762,False,True,0.10850679328845546,-0.09759579113713175,0.021493206711544546,0.06240420886286825
2019-10,NoGVZOVXVarianceScaling,0.002741581080496767,0.002741582976919805,2.294749736560836,-0.02795429709296704,5.418351536334853e-07,1.625505460900456e-09,2.7091757681674266e-10,0.4079723009902914,0.32564725070890516,0.2663804483008034,0.0,0.005254353452919343,0.0008658678838462368,0.0002261528925396643,6.8914134574895155e-09,0.004595259727043104,False,True,0.10193338317820537,-0.09499996469970538,0.028066616821794635,0.06500003530029462
2019-11,NoGVZOVXVarianceScaling,-0.00047593899940896365,-0.00047593596835508213,2.2936575756673228,-0.028416931552188496,8.660153947293026e-07,2.5980461841879076e-09,4.330076973646513e-10,0.4116793920125288,0.32142831164644164,0.26689229634102957,0.0,0.0044623814011770955,0.0008280942951163002,0.0002283744423579792,7.45792799874424e-09,0.003819952353332967,False,True,0.09968516209243783,-0.09575746217730614,0.030314837907562175,0.06424253782269386
2019-12,NoGVZOVXVarianceScaling,0.034102227236853105,0.034102228828896165,2.3718764075162597,0.0,4.5486944626194123e-07,1.3646083387858237e-09,2.2743472315178757e-10,0.41530192318261583,0.32400915701929145,0.2606889197980927,2.7756624324737645e-17,0.004380244809782537,0.0009609658307715462,0.00022747098295027214,6.7781002097242675e-09,0.0036722841333462824,False,True,0.10738524092843743,-0.09447003533449903,0.022614759071562573,0.06552996466550097
2020-01,NoGVZOVXVarianceScaling,0.0026336746088603045,0.0026336775582495513,2.37812315818609,0.0,8.426826419438846e-07,2.528047925831654e-09,4.213413209719211e-10,0.4294117977407672,0.31263639391794185,0.25795180834129094,2.845826746204332e-17,0.004447408208720864,0.001036884897661046,0.00023808623790394224,7.5039139409687e-09,0.0036908720180724576,False,True,0.11154648704433749,-0.0961300529041728,0.018453512955662513,0.0638699470958272
2020-02,NoGVZOVXVarianceScaling,-0.009609381688007165,-0.009609380150238924,2.355270865057991,-0.009609381688007068,4.393623544290866e-07,1.3180870632872599e-09,2.1968117723535533e-10,0.4107956826236647,0.3139227000071433,0.275281617369192,5.241961353783228e-17,0.0049405750646931805,0.001149132374014699,0.00022736120986106872,6.7689103499581245e-09,0.004138640898914413,False,True,0.11742907854605854,-0.09815962730420355,0.012570921453941467,0.06184037269579645
2020-03,NoGVZOVXVarianceScaling,-0.053535834256803916,-0.053535831164055234,2.229179474396367,-0.06263076967945158,8.836424819636196e-07,2.650927445890859e-09,4.418212409817774e-10,0.39712343076430523,0.32119012577705114,0.28168644345864363,4.777593500613514e-17,0.006307216274905568,0.0012980863613594035,0.00021767146307738312,7.652539494112768e-09,0.005440493978608989,False,True,0.12480799788600425,-0.09831780482472795,0.005192002113995758,0.061682195175272056
2020-04,NoGVZOVXVarianceScaling,0.046012659158328556,0.046118032886735466,2.3317499497545087,-0.019499918779207537,0.0351245391312298,0.0001053736173936894,1.110132180798014e-10,0.3314089360564821,0.3704849770542493,0.2981060868892687,1.296966383380503e-18,0.005875754571737949,0.0014083333448864054,0.000187770826745223,0.00010537683309948935,0.004878440239450034,False,True,0.1300000005332187,-0.09598935465764077,-5.332186914230874e-10,0.06401064534235923
2020-05,NoGVZOVXVarianceScaling,0.03733265997291573,0.03733269382416095,2.418800377770557,0.0,9.719279412124043e-06,2.9157838236372128e-08,4.693406984140543e-09,0.34163500533758406,0.3554716507355455,0.30289334392687056,0.0,0.004122217056436728,0.0013030459238152544,0.00019666740620511735,3.661646961815102e-08,0.003273990071854365,False,True,0.1250461958069219,-0.09884300226013419,0.004953804193078115,0.06115699773986581
2020-06,NoGVZOVXVarianceScaling,0.019655255346007653,0.019655273619299134,2.466342516826657,0.0,5.253417085016032e-06,1.5760251255048096e-08,2.513040227358765e-09,0.349105412266026,0.3454582708542832,0.3054363168796909,0.0,0.004348412714344756,0.0011452143272403488,0.0002024735666131325,2.130908482222952e-08,0.003573310675026627,False,True,0.1172287163065611,-0.10061639128576173,0.012771283693438898,0.05938360871423827
2020-07,NoGVZOVXVarianceScaling,0.05619440903031487,0.056400800319949984,2.6049371770260703,0.0,0.05896901561661019,0.0001769070468498306,2.94842427852805e-05,0.3031151816343189,0.33878179571063416,0.358103022655047,2.2729265136297155e-18,0.004238472179967647,0.0010137772095371513,0.00019967749175799483,0.00020639369228085333,0.0033255123911602232,False,True,0.11029653899577183,-0.11643870518099542,0.01970346100422818,0.04356129481900459
2020-08,NoGVZOVXVarianceScaling,0.007262682294088685,0.00726270314417351,2.623856008138871,0.0,6.001195595074496e-06,1.8003586785223488e-08,2.846498038610043e-09,0.3031466744979052,0.3229040435325055,0.37394928196958926,3.342274751583663e-21,0.00483370768608514,0.0008947283652232347,0.00020858506131894833,2.3755849313166132e-08,0.0041777346863052615,False,True,0.1036182434838519,-0.1228293204879088,0.026381756516148103,0.0371706795120912
2020-09,NoGVZOVXVarianceScaling,-0.017950546100084803,-0.01795053761332529,2.5767563599047896,-0.01795054610008484,2.4545337348191873e-06,7.363601204457562e-09,1.1231583108839436e-09,0.3097052734053658,0.3171435365900853,0.3731511900045489,5.2592560782948846e-21,0.004660313481186631,0.001024833080002114,0.00021113480223824808,1.19255015108919e-08,0.003936750213445815,False,True,0.11089633429480601,-0.1231836661542972,0.019103665705193992,0.036816333845702806
2020-10,NoGVZOVXVarianceScaling,-0.020724705892326275,-0.020724692755915944,2.523353842189582,-0.0383032322038801,3.7793077674597173e-06,1.1337923302379152e-08,1.7984870277765196e-09,0.31807538684847925,0.32589029187593405,0.35603432127558676,6.384794709696161e-21,0.004600727522023711,0.0011278507587945113,0.00020637952042035256,1.635556980778802e-08,0.0038304062666362952,False,True,0.11633661979589288,-0.11715165981836002,0.013663380204107123,0.04284834018163998
2020-11,NoGVZOVXVarianceScaling,0.024876798084699562,0.024876801899113857,2.5861268062179827,-0.014379295892707922,1.0898326555236482e-06,3.2694979665709445e-09,5.44916327768763e-10,0.3163202221837794,0.33141125955825756,0.352268518257963,2.7761335858836227e-17,0.004229455022877773,0.0008504274586977419,0.0002041243798072141,7.87644237563147e-09,0.003600109037279312,False,True,0.10102044102246288,-0.11544725246766184,0.028979558977537123,0.04455274753233816
2020-12,NoGVZOVXVarianceScaling,0.06273744749865957,0.06273744957426687,2.7483738009479595,0.0,6.267519982450352e-07,1.8802559947351057e-09,1.9535130857394233e-10,0.3565572704096813,0.322466795723229,0.3209759338670896,3.247012868364718e-17,0.003614406425177821,0.000867056092356832,0.00021293747059574427,6.958718147529478e-09,0.0029679339496855132,False,True,0.1020032994970358,-0.1069657661951026,0.02799670050296421,0.0530342338048974
2021-01,NoGVZOVXVarianceScaling,0.010493010774560206,0.01049302502510822,2.7772125168538255,0.0,4.560462524630246e-06,1.3681387573890737e-08,5.691604417072692e-10,0.38054268534283175,0.3026504986661229,0.3168068159910453,5.939125941367203e-17,0.003259621816927066,0.0010113162311082015,0.0002283441175527243,1.6881467365752172e-08,0.0025256027023528747,False,True,0.11016258336340165,-0.10816545154384574,0.019837416636598354,0.05183454845615426
2021-02,NoGVZOVXVarianceScaling,-0.0151994765830121,-0.014586315947609032,2.7350003402378578,-0.015199476583012128,0.20438679892289777,0.0006131603967686933,2.386343741728101e-10,0.18612089381982963,0.5032454845824469,0.31063362159772356,1.0731322518596674e-19,0.0029695167832943688,0.0005417052861564325,0.00011132415035388485,0.0006131633969825261,0.001974176592879741,False,True,0.0806254515266562,-0.08907413701294103,0.0493745484733438,0.07092586298705897
2021-03,NoGVZOVXVarianceScaling,-0.004110560631659438,-0.004110549514581692,2.723757955511701,-0.019247558844607604,3.6923890534418873e-06,1.1077167160325663e-08,3.9910586335726965e-11,0.19672664257897116,0.5080761152028979,0.295197242218131,1.1457772652431626e-21,0.0031222708189599865,0.0005825834774382292,0.00010750549142367509,1.4867100290264828e-08,0.0027234587217169065,False,True,0.08361221040768357,-0.08337543511151121,0.04638778959231643,0.07662456488848879
2021-04,NoGVZOVXVarianceScaling,0.008336395159822475,0.008336425195142017,2.7464642781485566,-0.011071618941175587,9.818602334510373e-06,2.9455807003531122e-08,5.795125381929939e-10,0.19651117304898152,0.508743230139136,0.29474559681188256,2.775557561562892e-17,0.0031080080477294816,0.0005641240204987565,0.00010669610550195495,3.2441374202912506e-08,0.0027192174906039454,False,True,0.08227689983212225,-0.08317839202237283,0.04772310016787776,0.07682160797762717
2021-05,NoGVZOVXVarianceScaling,0.018991360614474335,0.018991366322776287,2.7986233716696476,0.0,1.777572858560651e-06,5.332718575681953e-09,3.7558337795392406e-10,0.1968453035197047,0.5027076507080136,0.30044704577228176,2.857653290904392e-17,0.0037167284453669494,0.0004905046884906919,0.00010911839838867252,9.210236918022044e-09,0.003362348492496013,False,True,0.07672063778337809,-0.08469968161646031,0.05327936221662191,0.07530031838353969
2021-06,NoGVZOVXVarianceScaling,-0.014508342090039148,-0.01424039443826988,2.7580199864122856,-0.01450834209003915,0.0765564719340763,0.0002296694158022289,3.827823596703813e-05,0.11895219073652391,0.49278347868415545,0.3882643305793206,0.0,0.00493126818934979,0.0006344719117504725,0.0001423094265083711,0.00026795036663890845,0.0042037724403272735,False,True,0.08725630602429643,-0.1160479582980461,0.04274369397570357,0.04395204170195391
2021-07,NoGVZOVXVarianceScaling,0.015698593243214744,0.015698604518383653,2.801317020335629,0.0,3.2309168248451096e-06,9.692750474535329e-09,1.5824184363827378e-09,0.12392681152200664,0.5013763560307798,0.3746968324472137,2.775608426605411e-17,0.005180867809217426,0.0006358426258838843,0.00013380284080359147,1.4714600817359707e-08,0.0047291289408710755,False,True,0.08735050950398979,-0.11076846530077661,0.04264949049601022,0.049231534699223395
2021-08,NoGVZOVXVarianceScaling,0.0016634099880710029,0.001663420208253392,2.8059767590470086,0.0,2.920052111221403e-06,8.760156333664208e-09,1.4600260555415989e-09,0.11874535672214911,0.4994032255823248,0.3818514176955261,1.5384856301510353e-21,0.006111191115119611,0.0006037768165693345,0.00013727987635522274,1.3251649793391139e-08,0.005672009578829928,False,True,0.08511945605343124,-0.11340258793924538,0.04488054394656876,0.04659741206075463
2021-09,NoGVZOVXVarianceScaling,-0.016706052820191226,-0.016706027454683227,2.7590999630981403,-0.01670605282019122,7.247288000090764e-06,2.1741864000272295e-08,3.6236440000973332e-09,0.11646106774877989,0.49838636273996106,0.3851525695112591,2.7394148233189018e-17,0.006028895777439843,0.0006680463345166332,0.00013855175027871255,2.7416144510997707e-08,0.005556293443758303,False,True,0.08953522219886204,-0.1146427834483442,0.04046477780113797,0.04535721655165581
2021-10,NoGVZOVXVarianceScaling,-0.0050971421968422775,-0.005097129757007016,2.745036438250927,-0.021718041890260942,3.5542386460433727e-06,1.066271593813012e-08,1.7771193230180506e-09,0.11288716633581419,0.5002092748881064,0.38690355877607946,3.65260458961748e-18,0.0057103211564485555,0.0007659562694641293,0.0001400726756823813,1.517706824077052e-08,0.005187255168965868,False,True,0.09587218175033649,-0.11517953143571996,0.034127818249663516,0.04482046856428004
2021-11,NoGVZOVXVarianceScaling,0.005746373351287779,0.005746386182714645,2.7608104424880056,-0.016096468516133666,3.6661219614354036e-06,1.0998365884306211e-08,1.8330609806973483e-09,0.11137364725299967,0.49550098229618256,0.3931253704508178,0.0,0.005298509227567719,0.0007446460696728404,0.0001436968428155733,1.5562044991536816e-08,0.0047824737878707346,False,True,0.09452911105090371,-0.11765516446966606,0.035470888949096294,0.04234483553033394
2021-12,NoGVZOVXVarianceScaling,0.011805135115846764,0.01180517174746553,2.793402182790817,-0.004481354386007941,1.0466176790555061e-05,3.1398530371665184e-08,5.2330883952844705e-09,0.10619314473962946,0.5013648724083279,0.3924419828520427,4.122810424530222e-21,0.005825368703862023,0.0007832086535299622,0.00014186186220886227,3.8519454914317295e-08,0.005291863995433266,False,True,0.09694588099738713,-0.11711161732342386,0.033054119002612875,0.042888382676576145
2022-01,NoGVZOVXVarianceScaling,-0.007024802041582505,-0.006887197316598799,2.773779085434187,-0.011474675800150491,0.03931563570963019,0.00011794690712889057,1.9657817854815032e-05,0.07269911659174973,0.4937931989367692,0.433507684471481,2.7755575615628914e-17,0.0060332704038778585,0.0007367207644837924,0.0001707484094879169,0.00013760655888196504,0.005356555053266081,False,True,0.09402472639580245,-0.13216800633616632,0.035975273604197555,0.027831993663833682
2022-02,NoGVZOVXVarianceScaling,0.023852061214794457,0.023852097320965875,2.83993943397628,0.0,1.03160489764251e-05,3.09481469292753e-08,5.158024488220421e-09,0.0674690002525515,0.4903947274939875,0.4421362722534611,2.9145191842870385e-17,0.006271720119264789,0.0008169719047523824,0.00017722801538655074,3.811771411501952e-08,0.005685968033787932,False,True,0.09901344785951345,-0.13539952871875577,0.030986552140486553,0.024600471281244235
2022-03,NoGVZOVXVarianceScaling,-0.00022671952133421675,-3.854801540801645e-05,2.8392955642671907,-0.0002267195213342399,0.053763287407485795,0.0001612898622224574,2.6881643703742906e-05,0.023079936563912194,0.4660681978428809,0.5108518655932069,2.7772060084466177e-17,0.007026617566106514,0.0011804955968292127,0.0002437759669542037,0.0001881730060283325,0.006004420794709371,False,True,0.11902078457962942,-0.16000000000000164,0.010979215420370586,-1.6375789613221059e-15
2022-04,NoGVZOVXVarianceScaling,-0.003255889196871302,-0.0032304809107060605,2.830051132512769,-0.0034818705445651688,0.007259510332926082,2.1778530998778246e-05,3.6297551664630227e-06,0.02326992477258465,0.4659026807935325,0.5108273944338829,2.807755538966048e-17,0.00682712149307187,0.0013368936915018547,0.00024244460458674812,2.5411221713948874e-05,0.005890818821020246,False,True,0.12665987643299775,-0.16000000000000264,0.003340123567002251,-2.6367796834847468e-15
2022-05,NoGVZOVXVarianceScaling,-0.012465148976731616,-0.01245036669304984,2.7947741235342294,-0.01590361748624103,0.0042235096233644775,1.2670528870093433e-05,2.111754811682258e-06,0.022691652465329816,0.4664064750394913,0.5109018724951789,0.0,0.007046770241409972,0.0013153014436570137,0.00024142932042321938,1.4784951610782581e-05,0.006132905247547463,False,True,0.12563286721190506,-0.15999999999999986,0.004367132788094946,1.3877787807814457e-16
2022-06,NoGVZOVXVarianceScaling,-0.00476211531310778,-0.004762072797440202,2.7814650868838697,-0.02058999793898375,1.2147333593674065e-05,3.64420007810222e-08,6.073666796835298e-09,0.02288068098000669,0.4723864230460859,0.5047328959739075,0.0,0.0067931907304856435,0.001381248085291078,0.0002349090663976753,4.434319337334246e-08,0.0058676132782490556,False,True,0.12874384266244712,-0.15753836041571218,0.0012561573375528823,0.002461639584287828
2022-07,NoGVZOVXVarianceScaling,0.0071262555222522585,0.007126274669727668,2.8012865178192277,-0.013610472003247387,5.678032595475211e-06,1.7034097786425632e-08,2.113377622459112e-09,0.020258106058346298,0.4692983809910958,0.510443512950558,8.985732767021818e-22,0.0065243536068952356,0.0012394697370884276,0.0002398784861676598,2.1478670428709713e-08,0.0056647187735129325,False,True,0.12195752065806,-0.1596911719389394,0.00804247934194001,0.000308828061060612
2022-08,NoGVZOVXVarianceScaling,-0.01918635985621722,-0.019186357017106203,2.7475400266279784,-0.032535696445797346,8.886808585094326e-07,2.666042575528298e-09,1.7306844242448396e-10,0.020928318936689526,0.473129047607876,0.5059426334554346,2.7755575615628914e-17,0.005715023415706372,0.0012503181385474752,0.0002341591233848836,7.329692511940764e-09,0.004855697893355239,False,True,0.12249007168978922,-0.15792261830340654,0.007509928310210787,0.0020773816965934666
2022-09,NoGVZOVXVarianceScaling,0.019320149738407687,0.019320152329001236,2.8006229113546994,-0.013844141234565788,8.338390957761111e-07,2.501517287328333e-09,8.907626092309503e-11,0.021016707387638004,0.4692538505133391,0.5097294420990228,2.7755575615628914e-17,0.0044433995209405336,0.0012140459524005625,0.0002384615757108912,7.27823058632154e-09,0.0035979076907987745,False,True,0.12070025446869095,-0.15944438536741087,0.00929974553130905,0.0005556146325891298
2022-10,NoGVZOVXVarianceScaling,-0.009848596093795877,-0.00976059260351153,2.7730407074897365,-0.023556391973076907,0.02514385436695602,7.543156310086806e-05,1.2571927183478007e-05,0.04372975210053154,0.4544738931469269,0.5017963547525416,0.0,0.004730401321822042,0.00140833333393173,0.00022622752820861285,8.800557909984666e-05,0.0037120015475477167,False,True,0.1300000000276183,-0.15744239932566062,-2.7618296538634013e-11,0.002557600674339383
2022-11,NoGVZOVXVarianceScaling,0.0025508553160816356,0.0025819873153682723,2.780114333120147,-0.02106562560468761,0.009481417689949447,2.8444253069848342e-05,2.687746216788328e-06,0.04244510682563005,0.4665422126154569,0.4910126805589131,0.0,0.005297950095091152,0.0014083333333622828,0.0002158390293233824,3.113349973443107e-05,0.004346810899352197,False,True,0.13000000000133613,-0.1530425354228517,-1.3361256545607603e-12,0.006957464577148298
2022-12,NoGVZOVXVarianceScaling,0.0090652403771814,0.009232315625973951,2.8053167378259287,-0.012191350187308436,0.05335921894640121,0.0001600776568392036,6.997591953346594e-06,0.006480371887457787,0.5284980027546646,0.4650216253578776,0.0,0.005292366653529505,0.0014083333333349594,0.00019790008842909156,0.000167076748897112,0.004223223149535822,False,True,0.13000000000007503,-0.14063669345761837,-7.502332088904495e-14,0.019363306542381636
2023-01,NoGVZOVXVarianceScaling,0.025060609514043555,0.02506198909591147,2.8756196851557947,0.0,0.0003942405323465793,1.182721597039738e-06,1.968602708731504e-07,0.005854148991498784,0.5267797339714739,0.4673661170370273,0.0,0.005313659333680893,0.001408333333642017,0.00019907856718006704,1.3819969981014015e-06,0.004409032102681717,False,True,0.13000000001424694,-0.1405039445839591,-1.4246936963502321e-11,0.01949605541604091
2023-02,NoGVZOVXVarianceScaling,6.23157408485003e-05,8.276916383011604e-05,2.875798881526874,0.0,0.006248756067356226,1.8746268202068677e-05,1.7071547795470544e-06,0.0,0.5325049008009074,0.4674950991990926,0.0,0.005086685941839007,0.001186568530396887,0.00019954642638954508,2.045492365912651e-05,0.004273400326591892,False,True,0.11932653671653529,-0.14023874961671487,0.010673463283464718,0.019761250383285134
2023-03,NoGVZOVXVarianceScaling,0.0409426180249544,0.0409426186142062,2.9935416166498197,0.0,1.6835765562217553e-07,5.050729668665266e-10,8.417882782496555e-11,0.0,0.5231542662806891,0.47684573371931105,0.0,0.004758569306804021,0.001159758039564176,0.000206711568170027,6.549255932945262e-09,0.003971972169595973,False,True,0.11797074414773398,-0.14406213058665024,0.012029255852266024,0.015937869413349764
2023-04,NoGVZOVXVarianceScaling,0.019498350859394848,0.019498351638955497,3.051910741403458,0.0,2.2273161448538303e-07,6.681948434561491e-10,1.1136580718718036e-10,0.0,0.51335075286088,0.4866492471391199,0.0,0.005225892157905433,0.0013878853186733168,0.00021439454196959908,6.5857655818571655e-09,0.004317548370833593,False,True,0.1290527947162703,-0.1480569024107489,0.0009472052837297129,0.011943097589251106
2023-05,NoGVZOVXVarianceScaling,-0.0183759968457999,-0.018375995074020077,2.9958288392457653,-0.018375996845799936,5.062228066731762e-07,1.5186684200195286e-09,2.531114033643437e-10,5.545855461078132e-17,0.5052196681742451,0.4947803318257548,5.545851605963022e-17,0.00544567201232545,0.0012588288995953971,0.00022067749824858997,6.922907562250305e-09,0.0045955731413716,False,True,0.12290625205881418,-0.15135949794538836,0.007093747941185821,0.008640502054611643
2023-06,NoGVZOVXVarianceScaling,-0.014197691674507148,-0.014197689682346875,2.9532949850765573,-0.032312791782878714,5.691886494352819e-07,1.7075659483058457e-09,2.845943247175873e-10,5.85171632952186e-17,0.5104495940808782,0.4895504059191217,5.101183217059817e-17,0.005218061889601473,0.001169450592832429,0.00021651963257977727,7.027245032700659e-09,0.004416809933360449,False,True,0.11846268236870694,-0.14923637479425833,0.011537317631293065,0.010763625205741673
2023-07,NoGVZOVXVarianceScaling,-0.005947976283037431,-0.005947975654148446,2.9357288565485087,-0.03806857234675276,1.7968256726957988e-07,5.390477018087397e-10,8.984128363473465e-11,5.868888376932693e-17,0.517172074907767,0.48282792509223293,5.4122740359347446e-17,0.004736713566615168,0.001047514587631909,0.0002104608154631483,6.556051371396638e-09,0.004002488901284694,False,True,0.11211679201432277,-0.14650145281441043,0.017883207985677232,0.013498547185589571
2023-08,NoGVZOVXVarianceScaling,0.018191290010232616,0.018191290070231375,2.989133551569391,-0.020569798776355563,1.714250219556529e-08,5.142750658669587e-11,8.571251097782593e-12,6.054623856817782e-17,0.5221646737080635,0.47783532629193626,6.021135704013649e-17,0.004296669150202458,0.0008940701041698322,0.00020524873415838054,6.500514226642089e-09,0.0036443788634449342,False,True,0.10358011995570379,-0.14446601340398063,0.026419880044296212,0.015533986596019372
2023-09,NoGVZOVXVarianceScaling,-0.02260985774904306,-0.022609857126259316,2.9215496671755155,-0.04271457630113862,1.7793821321936247e-07,5.338146396580874e-10,8.896910655423927e-11,1.132435278424706e-16,0.513683046936717,0.48631695306328265,1.1953815798648798e-16,0.003979134099712526,0.0007792075328094735,0.00021168593431412168,6.5549767361178445e-09,0.0033778378440169313,False,True,0.09669793376134612,-0.1479217287998884,0.03330206623865388,0.012078271200111595
2023-10,NoGVZOVXVarianceScaling,0.03499826832505458,0.03499826951787094,3.023798846352298,-0.009211244178862432,3.4080467392603364e-07,1.022414021778101e-09,1.7040233687988528e-10,1.6777328019750145e-16,0.5218674297714038,0.4781325702285959,1.8870386697468205e-16,0.003927090551772122,0.0008442588690851982,0.0002059284908911413,6.697676414329104e-09,0.0032990259286619673,False,True,0.10065339750362318,-0.1445872996115604,0.029346602496376828,0.015412700388439615
2023-11,NoGVZOVXVarianceScaling,0.007270890198074642,0.007270890514575502,3.04578455574519,-0.00200732792579994,9.042881721191608e-08,2.7128645163574827e-10,4.521440856452001e-11,1.8206083961171666e-16,0.5015682024013879,0.4984317975986118,1.9950058287247528e-16,0.004367272557088758,0.0010636323017437302,0.00022293651042331673,6.514281262855204e-09,0.0036125133815123134,False,True,0.11297604888171989,-0.15176359060130482,0.017023951118280117,0.008236409398695188
2023-12,NoGVZOVXVarianceScaling,0.018938604965029904,0.01893860562539535,3.1034674662550374,0.0,1.8867584214443696e-07,5.660275264333109e-10,9.433792105823265e-11,1.977636619224331e-16,0.5121120010291264,0.48788799897087326,1.7588994679113915e-16,0.004957626901279573,0.0009655736030432309,0.00021248321133700228,6.5617527320464394e-09,0.0042623503266682235,False,True,0.10764238587340384,-0.14744590756671658,0.022357614126596162,0.012554092433283426
2024-01,NoGVZOVXVarianceScaling,0.007963065258358697,0.00796306629391208,3.128180580216019,0.0,3.331663904288377e-07,9.994991712865131e-10,3.6054212046370946e-11,2.6105796660673205e-07,0.5156783619260157,0.48432137701601763,1.9163400048672423e-16,0.005084053049061581,0.00101972256878826,0.00020837120263891232,6.636523596669965e-09,0.004365813925504942,False,True,0.11061948664434815,-0.1459816473456446,0.019380513355651857,0.014018352654355415
2024-02,NoGVZOVXVarianceScaling,0.0007651290710105508,0.0007651308084610352,3.130574042117313,0.0,5.286841126224286e-07,1.5860523378672858e-09,1.513981466304918e-10,4.697637243712152e-07,0.5089859555134402,0.4910135747228352,2.0760015897392843e-16,0.005509221368357492,0.0008825998714115648,0.00021323478667554063,6.824197420286515e-09,0.004854679821778748,False,True,0.10291354846150616,-0.14872758084871418,0.027086451538493844,0.011272419151285823
2024-03,NoGVZOVXVarianceScaling,0.05641509406261789,0.05641509593729822,3.3071856711733507,0.0,5.356229518310656e-07,1.6068688554931967e-09,2.67811475954022e-10,5.026354878084286e-07,0.5074366365418929,0.4925628608226192,1.8883459889999782e-16,0.005500513383622565,0.0008096299922676973,0.00021360089115626148,6.970170050126374e-09,0.004882090526162405,False,True,0.09856753982530135,-0.14936233085322972,0.031432460174698654,0.010637669146770279
2024-04,NoGVZOVXVarianceScaling,0.022762820432950512,0.022762822426166784,3.3824665447446964,0.0,5.694903635436428e-07,1.7084710906309284e-09,2.8474518176661166e-10,5.029183695358519e-07,0.48475411168114063,0.5152453854004897,1.9040953986149943e-16,0.0060017834970332706,0.0010333835836971235,0.00023295220344770045,7.027468504039104e-09,0.005252132474268504,False,True,0.11135799479321404,-0.1586146230197068,0.018642005206785967,0.0013853769802932014
2024-05,NoGVZOVXVarianceScaling,0.009061910741690141,0.009099696330243948,3.4131181546599256,0.0,0.010795882443944641,3.238764733183392e-05,5.397941221972315e-06,9.651743857894148e-07,0.48134119367638617,0.518657841149228,2.9290561016860616e-17,0.00623872248727389,0.0013699900118582747,0.0002350135530998183,3.7788021762022426e-05,0.005280925906482912,False,True,0.12821809600169276,-0.1600000008742358,0.0017819039983072438,-8.742357948676727e-10
2024-06,NoGVZOVXVarianceScaling,0.004900960824539362,0.004905838607047662,3.429845713025438,0.0,0.0013936521452283868,4.180956435685161e-06,6.9682607261419e-07,0.0013901205345036244,0.4801426146880279,0.5184672647774685,8.050201130704872e-22,0.006496094853626769,0.0012093432068749548,0.00023341494435710178,4.879448935934743e-06,0.005653128856896256,False,True,0.12046625453835384,-0.16000000039661888,0.009533745461646162,-3.966188766302281e-10
2024-07,NoGVZOVXVarianceScaling,0.03088669634362874,0.03088670015309686,3.5357823160691515,0.0,1.1313440642173567e-06,3.3940321926520702e-09,4.1543592466108974e-10,0.0014646927996473452,0.48487280771896174,0.5136624994813909,1.347659418720166e-21,0.006605848632365526,0.0011626686145210041,0.00022796926476462118,7.931437586030732e-09,0.005796537128902817,False,True,0.11811868342583255,-0.15805311661288915,0.011881316574167453,0.0019468833871108537
2024-08,NoGVZOVXVarianceScaling,-0.005403177816444374,-0.0053184352048704685,3.5166778554951903,-0.005403177816444393,0.02733514680360317,8.200544041080952e-05,2.73717116309595e-06,0.028763246637245252,0.45654471907419436,0.5146920342885604,2.7755575615628914e-17,0.006942841477642642,0.0011999590484313772,0.00022234487832229244,8.474411181832095e-05,0.0060357729632863405,False,True,0.11999795240409948,-0.160000000005179,0.010002047595900523,-5.178996120847046e-12
2024-09,NoGVZOVXVarianceScaling,0.015890728537798354,0.016316136709385892,3.572560428651751,0.0,0.13890785745839218,0.0004167235723751765,8.684599212362876e-06,0.16621860667884425,0.33707221533740606,0.4967091779837497,2.846030702774449e-19,0.007231493378790094,0.0012640374028725922,0.00021225725423092094,0.00042540967165668266,0.005961807751466195,False,True,0.12316025671648752,-0.16000000087717917,0.006839743283512487,-8.771791626394077e-10
2024-10,NoGVZOVXVarianceScaling,0.036937050088279404,0.037307630671346986,3.7045202721482653,0.0,0.11790364131224955,0.00035371092393674864,1.686965913083871e-05,0.27181192604361337,0.25039432830338537,0.47779374565300137,7.880384259670184e-19,0.007671440127851788,0.0014083333333344255,0.00023580670939837636,0.0003705820831124986,0.0063608846686737,False,True,0.1300000000000504,-0.15999999999999878,-5.040412531798211e-14,1.2212453270876722e-15
2024-11,NoGVZOVXVarianceScaling,-0.012995368639642981,-0.012845885971021976,3.656378665578668,-0.012995368639643012,0.04524649253345074,0.00013573947760035223,1.3743191020652662e-05,0.3055670390464735,0.22323730850602502,0.47119565244750156,0.0,0.007636631200561606,0.0011442986516973788,0.00024819416638534547,0.00014948416871619186,0.006666803539611379,False,True,0.11718184083026066,-0.15999999999999687,0.012818159169739343,3.1363800445660672e-15
2024-12,NoGVZOVXVarianceScaling,0.012576943710995193,0.012647022658294857,3.7023647342417347,-0.0005818669485322392,0.02327058313248552,6.981174939745656e-05,2.671979022069726e-07,0.3249427030268466,0.2077889891341784,0.467268307838975,0.0,0.008252484519521198,0.0014083333333401826,0.00025685861789117133,7.008044923615067e-05,0.007221378785723784,False,True,0.1300000000003161,-0.16000000000001335,-3.161082506863977e-13,-1.3350431871117507e-14
2025-01,NoGVZOVXVarianceScaling,0.03484721987711966,0.034904378164373806,3.8313818522011505,0.0,0.016330939215470075,4.899281764641023e-05,8.16546960773501e-06,0.3168796337700807,0.21421522390392633,0.468905142325993,3.695710627988919e-19,0.008729652853475038,0.0014083333333341744,0.0002518542931913014,5.71597875126634e-05,0.007716472106103986,False,True,0.13000000000003883,-0.16000000000001316,-3.883005028626485e-14,-1.3156142841808105e-14
2025-02,NoGVZOVXVarianceScaling,0.021478475356310426,0.021509740159879866,3.9136740928942677,0.0,0.008932883234000169,2.679864970200051e-05,4.466153867436485e-06,0.3238249484915147,0.2086796229244601,0.46749542858402515,2.742203001832191e-19,0.008164661201100053,0.0011162914030179052,0.0002540423181666875,3.12671711807805e-05,0.007321206010243633,False,True,0.11573891668844521,-0.1600000000001817,0.01426108331155479,-1.8168799797990687e-13
2025-03,NoGVZOVXVarianceScaling,0.05040761234323734,0.0504113216777531,4.110953059406653,0.0,0.0010598909901097244,3.1796729703291733e-06,5.296615454301602e-07,0.326589329753133,0.2064770711263276,0.46693359912053956,0.0,0.008343248100214737,0.001240860177157248,0.0002542666262488726,3.7117093247370245e-06,0.007464839676062504,False,True,0.12202590760116057,-0.1599999999999808,0.007974092398839436,1.9206858326015208e-14
2025-04,NoGVZOVXVarianceScaling,0.003251711884347653,0.0033341192119987336,4.124320694325921,0.0,0.023544962463500282,7.063488739050085e-05,1.177244026057997e-05,0.3391784862461323,0.1964518044986388,0.46436970925522886,0.0,0.008557867165279679,0.0012085424324242422,0.00025949615907426923,8.241020983938136e-05,0.007611689580153907,False,True,0.12042636417782822,-0.16000000001416745,0.009573635822171786,-1.416744499493916e-11
2025-05,NoGVZOVXVarianceScaling,0.020991583884324296,0.021271125311500872,4.210896718146718,0.0,0.08526441421171309,0.0002557932426351393,2.374818454143743e-05,0.30247064685858516,0.28359599062032254,0.41393336252109236,0.0,0.008316711643721495,0.0014083333542232825,0.0002045784009917996,0.00027954292722628515,0.00712842363839177,False,True,0.1300000009641515,-0.13577450528732762,-9.641515086311614e-10,0.02422549471267238
2025-06,NoGVZOVXVarianceScaling,0.05358055737026574,0.05383388203719343,4.436518911333642,0.0,0.08444138266021387,0.0002533241479806416,5.189470464745103e-10,0.39921456414442563,0.1917512683726285,0.40903416748294585,1.1652914678856811e-18,0.00828112956467586,0.001408333342191376,0.00026771521313781753,0.00025332697367293693,0.0070559207067694175,False,True,0.13000000040883275,-0.1431488019929317,-4.088327454354612e-10,0.016851198007068302
2025-07,NoGVZOVXVarianceScaling,0.028473630238638505,0.028521234706423943,4.562842710361683,0.0,0.013601500642970638,4.080450192891191e-05,6.799965856524953e-06,0.4267097649338337,0.18175315097379516,0.39153708409237126,0.0,0.00680853932585282,0.0014083333333613328,0.0002801356558834771,4.760640530181682e-05,0.00577663059798686,False,True,0.13000000000129228,-0.1381110234825138,-1.2922718450880666e-12,0.021888976517486197
2025-08,NoGVZOVXVarianceScaling,0.014812748435393116,0.015053063735173063,4.6304309515805375,0.0,0.06866151422284207,0.00020598454266852623,3.4330757111421e-05,0.3618104027380331,0.17664314908324466,0.46154644817872226,0.0,0.0064128218666413,0.001357806764249236,0.0002684296807563573,0.00024031750011954797,0.005225171303640777,False,True,0.12764670450501583,-0.16000000000009332,0.00235329549498417,-9.331424521974441e-14
2025-09,NoGVZOVXVarianceScaling,0.0956870784113198,0.09572109254436831,5.073503361122627,0.0,0.009718337708415696,2.915501312524709e-05,4.859119923246612e-06,0.3524924326690383,0.1840481886672926,0.4634593786636691,2.2434163018304542e-18,0.006406640593846517,0.0011310035523739441,0.00026210384473297543,3.4016993601284624e-05,0.005545017979325285,False,True,0.11649910999010821,-0.15999999999999673,0.013500890009891797,3.2751579226442118e-15
2025-10,NoGVZOVXVarianceScaling,0.10067785867458043,0.1007440492997262,5.584292815498739,0.0,0.02064370024988897,6.193110074966691e-05,4.25952439610286e-06,0.34741032022177015,0.18808897443901137,0.4645007053392185,1.2252066884237437e-18,0.006610764782979686,0.0012557823967203987,0.00025826989325426655,6.61921253613419e-05,0.005658411566003879,False,True,0.12275743871816805,-0.15999999999999545,0.007242561281831955,4.551914400963142e-15
2025-11,NoGVZOVXVarianceScaling,0.02806174366053431,0.028542715089704532,5.740997809012629,0.0,0.15640757516540385,0.00046922272549621154,1.1748703674010028e-05,0.2290152360119205,0.30292291370023233,0.46806185028784725,2.824801939533889e-17,0.006790321266561477,0.001408333333721847,0.00019848648028591932,0.0004809729292232174,0.005406695190191418,False,True,0.1300000000179314,-0.15200050608864632,-1.7931406359750213e-11,0.007999493911353683
2025-12,NoGVZOVXVarianceScaling,0.022053387852943734,0.022175845168584476,5.867606260357683,0.0,0.040631992900246966,0.0001218959787007409,5.613369400012358e-07,0.17522371500536651,0.331076410449342,0.4936998745452915,3.4242789200412786e-17,0.007498516101649687,0.0014083333340637874,0.00019889358058658652,0.0001224588165689138,0.006472997037462293,False,True,0.13000000003371326,-0.15866035602425102,-3.371325441037243e-11,0.001339643975748983
2026-01,NoGVZOVXVarianceScaling,0.08298280990050848,0.08298957468566664,6.354516715231979,0.0,0.0019327957594756375,5.798387278426912e-06,9.66397879737803e-07,0.1838384920665856,0.3250732379694336,0.4910882699639808,1.5239858928957186e-18,0.00758048853103319,0.0014083333335103468,0.00019834780588103002,6.767414167944003e-06,0.006671206644229042,False,True,0.13000000000816986,-0.15820809637110553,-8.16985368246037e-12,0.0017919036288944756
2026-02,NoGVZOVXVarianceScaling,0.11053144148043909,0.11106142475622532,7.056890607678114,0.0,0.1514237930817816,0.00045427137924534483,7.571189654089078e-05,0.3095991407839435,0.35004648410732475,0.34035437510873184,0.0,0.01207848465653514,0.0014083333334341946,0.00016478326556386088,0.0005299847758146216,0.01067954994843956,False,True,0.13000000000465514,-0.10613513116618749,-4.655137386677666e-12,0.053864868833812515
2026-03,NoGVZOVXVarianceScaling,-0.058111512904099896,-0.057458020114333194,6.646804018067206,-0.05811151290409988,0.19283263155724661,0.0005784978946717399,7.499489509496479e-05,0.29602752241639624,0.5104995165347,0.19347296104890377,0.0,0.021109574348050365,0.0014083333333496171,0.00010963138606249113,0.000653494289794767,0.0196422820055183,False,True,0.13000000000075154,-0.07326229379077576,-7.515377209443841e-13,0.08673770620922425
2026-04,NoGVZOVXVarianceScaling,0.0650719957146598,0.0652509919722297,7.0793248206470585,0.0,0.0518309474417469,0.0001554928423252407,2.3503415244656624e-05,0.2776058871485676,0.4849865693406644,0.23740754351076804,4.712891318522927e-17,0.010013730816604643,0.001408333340203852,0.0001237027753295365,0.00017899775776110974,0.009006863613412072,False,True,0.13000000031710085,-0.07489424481964513,-3.171008455815638e-10,0.08510575518035488
2026-05,NoGVZOVXVarianceScaling,0.08275469385842009,0.08294438399760166,7.665172178904021,0.0,0.06141187229729587,0.0001842356168918876,5.4545222896853165e-06,0.2852490380633679,0.5139680912107466,0.2007828707258855,5.773392408994043e-17,0.01986711486054855,0.001408333333361269,0.00011757522466713618,0.00018969163930030323,0.018855681329900478,False,True,0.13000000000128933,-0.07137087507933527,-1.28932975407281e-12,0.08862912492066473
2026-06,NoGVZOVXVarianceScaling,-0.00483449474164726,-0.0047033613888992154,7.628114944311289,-0.004834494741647211,0.0429892961843634,0.00012896788855309022,2.1654641949543827e-06,0.3081590295152013,0.5118326205759753,0.18000834990882322,1.8115171334558482e-16,0.023911454240962256,0.0014083333333333383,0.00012682226464796683,0.00013113485301578868,0.022949330456631833,False,True,0.13000000000000023,-0.07475578672925506,-2.220446049250313e-16,0.08524421327074494
2026-07,NoGVZOVXVarianceScaling,-0.0793600725666749,-0.07913082894124382,7.022747188783808,-0.08381090145480175,0.07370200318261026,0.00022110600954783078,8.137615883246637e-06,0.2466236555921252,0.5687565183819737,0.18461982602590107,4.65444339818442e-17,0.011945963360138525,0.0014083333333429196,9.223349425908191e-05,0.00022924512551575653,0.010920318073692226,False,True,0.13000000000044243,-0.06494506527351865,-4.424238753131249e-13,0.09505493472648135
2007-04,StressKODEX200Only,-0.013792396369816296,-0.011989378649893792,0.9862076036301837,-0.013792396369816329,1.0,0.0015,0.0003030177199225043,0.0,0.3939645601549915,0.6060354398450086,0.0,0.005323138029131692,0.0009152567496942368,0.0001618817506717585,0.0018030207199260582,0.0029006071836867567,False,True,0.10480019559299897,-0.041156172837162996,0.025199804407001036,0.118843827162837
2007-05,StressKODEX200Only,0.01317102856355119,0.01317102929633535,0.9991969721471882,-0.0008030278528118329,2.093669027036782e-07,6.281007081110346e-10,1.046834513518391e-10,0.0,0.3979902781552008,0.6020097218447993,0.0,0.004060483954209087,0.0007416353451494221,0.00015791327121185297,6.575887669426951e-09,0.0035317464345348535,False,True,0.09433781925502129,-0.04069993246893566,0.03566218074497872,0.11930006753106434
2007-06,StressKODEX200Only,-0.01563970385253802,-0.015639703306362752,0.9835698274124535,-0.016430172587546532,1.560500763331273e-07,4.681502289993819e-10,7.802503815268542e-11,2.9669186086152323e-21,0.39371078350846567,0.6062892164915343,1.254468941897716e-21,0.004701435530177495,0.0008043350336069327,0.0001491745964423598,6.542359019417515e-09,0.004150086874572649,False,True,0.09824469656568334,-0.041184930853566615,0.031755303434316665,0.11881506914643339
2007-07,StressKODEX200Only,0.01985124857228665,0.01985124982953356,1.003094916544619,0.0,3.592134033558742e-07,1.0776402100676226e-09,1.7960670167793662e-10,3.835674550700025e-21,0.40011793936734263,0.5998820606326574,1.7263564130569955e-21,0.003547085292557419,0.000694037022489524,0.00015164248905800387,6.7189608490939705e-09,0.0030484175732938042,False,True,0.0912603104853051,-0.040458767194251566,0.038739689514694906,0.11954123280574844
2007-08,StressKODEX200Only,0.014494984102250901,0.014494985220430705,1.017634761412982,0.0,3.194799441663677e-07,9.584398324991032e-10,1.597399720831838e-10,4.400875955589111e-21,0.3953742172612627,0.6046257827387372,1.9009641075537806e-21,0.005721368532382543,0.0006750312255776109,0.00014486300605231106,6.674278987145053e-09,0.005238983239262439,False,True,0.09000208168109965,-0.0409964240730204,0.03999791831890036,0.1190035759269796
2007-09,StressKODEX200Only,0.044804240595636244,0.04480424065644448,1.063229114101812,0.0,1.7373780358805972e-08,5.212134107641792e-11,8.686890123906273e-12,5.550126915112445e-17,0.3888835142829494,0.6111164857170505,5.5498420147955636e-17,0.005634286258446428,0.0006297304769646696,0.00013985588728234288,6.500528194567423e-09,0.005179558632153556,False,True,0.08692965963108354,-0.041731893442152945,0.043070340368916465,0.11826810655784706
2007-10,StressKODEX200Only,0.03818955882088417,0.038189560190104395,1.1038333648948797,0.0,3.9120577774446626e-07,1.1736173332333988e-09,1.9560288888607436e-10,5.503548191513402e-17,0.3731523342187565,0.6268476657812435,5.749091089790509e-17,0.00864513578066329,0.0008038182666157551,0.00014030934809544315,6.758292699705626e-09,0.008102910540967269,False,True,0.09821313150179593,-0.04351349347688882,0.03178686849820407,0.11648650652311118
2007-11,StressKODEX200Only,0.009185282046557755,0.009185283448226913,1.11397238568384,0.0,4.0047690216819606e-07,1.2014307065045882e-09,2.0023845104242376e-10,5.632959528636751e-17,0.36117989741579254,0.6388201025842074,6.448190895888373e-17,0.011971354659094892,0.0009454141257519338,0.00013901469136978447,6.770235593065534e-09,0.011359626134613547,False,True,0.10651276688276953,-0.04486853289450182,0.02348723311723047,0.11513146710549818
2007-12,StressKODEX200Only,0.056446890671535285,0.05644690407434577,1.176852663149645,0.0,3.829374422975731e-06,1.1488123268927193e-08,1.914687211501602e-09,5.121430079864929e-17,0.3567187030106506,0.6432812969893494,6.203539397015665e-17,0.011111869863873877,0.0010826333320142554,0.00013425359176205782,1.6852268001099353e-08,0.010436282753836689,False,True,0.11398070005124142,-0.04537325754618887,0.016019299948758586,0.11462674245381113
2008-01,StressKODEX200Only,0.08568919979409834,0.08591829205652018,1.2776962261304916,0.0,0.06545493212052841,0.00019636479636158524,3.272746606026416e-05,7.230026917683826e-17,0.27305832318487183,0.7269416768151279,1.5844471297755882e-16,0.014566517888321006,0.001408333333347429,0.00017020558073248525,0.00022909526244858523,0.013463050378466221,False,True,0.13000000000065057,-0.05024103992815513,-6.505629368547261e-13,0.10975896007184488
2008-02,StressKODEX200Only,0.040971109746504725,0.04136808210276869,1.3300448584339788,0.0,0.11342067321827562,0.00034026201965482684,5.671033660913775e-05,0.0008455544313050944,0.3702107074325365,0.6289437381361583,1.803684332505271e-16,0.016639612210789956,0.001408333333334405,0.00011582849848281673,0.00039697385716643517,0.015422643188473502,False,True,0.13000000000004946,-0.04079671829293711,-4.9460435747050724e-14,0.1192032817070629
2008-03,StressKODEX200Only,-0.03650666043975501,-0.036409313995525064,1.2814893624174875,-0.036506660439755034,0.027813269779985612,8.343980933995684e-05,1.3906634889992678e-05,0.0,0.3309104104496619,0.669089589550338,1.541917601358047e-18,0.019541895394369714,0.0014083333333341885,0.00012807050007212624,9.734794520897306e-05,0.018612310282421517,False,True,0.13000000000003947,-0.04463392341079275,-3.9468428525424315e-14,0.11536607658920725
2008-04,StressKODEX200Only,-0.01210430367399471,-0.011759619386407212,1.2659778260197923,-0.048169076409663614,0.09848122502499912,0.00029544367507499736,4.924061251249956e-05,3.4952100343197306e-18,0.4419262194678107,0.5580737805321893,6.355690213026716e-18,0.01593733271038779,0.0014083333333333341,0.00011805947894392799,0.0003446872876052668,0.014770419277171926,False,True,0.13000000000000003,-0.033927792201065454,-2.7755575615628914e-17,0.12607220779893455
2008-05,StressKODEX200Only,0.03748213393284521,0.03774492653824575,1.3134293764506784,-0.012492422250226842,0.07585623101189326,0.00022756869303567977,3.522391236485829e-05,0.0,0.38082969644041303,0.5433140725476937,0.07585623101189334,0.0158580130443835,0.001408333336892969,0.00014458040920569684,0.00026279410556329314,0.014746471861168026,False,True,0.13000000016429086,-0.049509492462586034,-1.642908586951819e-10,0.11049050753741396
2008-06,StressKODEX200Only,0.05397958041683106,0.054129931800832934,1.384327743098626,0.0,0.04295753828624909,0.00012887261485874729,2.1478769143124597e-05,3.3316809439019303e-18,0.4069700590224555,0.50936676503245,0.08366317594509448,0.017605551044605126,0.0014083333478435065,0.0001272602774011215,0.00015035373650544869,0.016623770356776802,False,True,0.1300000006697003,-0.04827788041629596,-6.697002952193998e-10,0.11172211958370404
2008-07,StressKODEX200Only,-0.043398446776137765,-0.04324531412268384,1.3242500692190293,-0.0433984467761378,0.043752186701119765,0.0001312565601033593,2.1876093350559852e-05,2.983546501761185e-17,0.4282165802385345,0.4949503730937024,0.07683304666776308,0.017451675125128033,0.0014083333363108072,0.0001122228035333261,0.0001531341535519706,0.016482151499887333,False,True,0.13000000013742188,-0.04482549326257731,-1.3742187943144302e-10,0.11517450673742269
2008-08,StressKODEX200Only,-0.011719239997153423,-0.011625655580616059,1.3087308648416045,-0.05460908996001801,0.02899295588726665,8.697886766179994e-05,6.605548875565054e-06,0.0,0.46289867089838055,0.4992770096245046,0.037824319477114884,0.011681764432061877,0.001408333333334901,0.00014067344157322735,9.35859166864502e-05,0.010743338407134748,False,True,0.13000000000007236,-0.03835550430662086,-7.235878562994458e-14,0.12164449569337915
2008-09,StressKODEX200Only,0.07963294154628639,0.0796646759940232,1.4129489533013568,0.0,0.009066985067660537,2.720095520298161e-05,4.533492533830251e-06,1.0250684286919444e-18,0.47681724056164715,0.4948128136795101,0.02836994575884285,0.008988491800179223,0.0014083333333412824,0.0001305703077576726,3.173641635263387e-05,0.008122018409398276,False,True,0.13000000000036688,-0.039965516426394565,-3.66873198487383e-13,0.12003448357360544
2008-10,StressKODEX200Only,-0.04456457689746851,-0.044194261775226035,1.3499814810197608,-0.04456457689746862,0.10580432064070819,0.00031741296192212457,5.2902160320354156e-05,6.0802195475841e-17,0.5498392918841121,0.4456379259480025,0.00452278216788525,0.012919948006655134,0.0014083333333368994,8.691028351707243e-05,0.00037031662229691407,0.011758554434172697,False,True,0.1300000000001646,-0.03189739913550153,-1.6459056340067946e-13,0.12810260086449848
2008-11,StressKODEX200Only,0.09429870325082464,0.0943106526109679,1.477282984092552,0.0,0.003420422240377452,1.0261266721132357e-05,1.6880934221351704e-06,4.965914709095436e-19,0.5863614737279677,0.4136385262720323,2.0853951161400874e-18,0.007260311334915606,0.0014083333353579655,0.000117254031344711,1.1950877611313285e-05,0.0064269397582805985,False,True,0.13000000009344456,-0.03126236977074748,-9.344455764725978e-11,0.12873763022925253
2008-12,StressKODEX200Only,0.03549282185262792,0.03591029310714745,1.5297159258728674,0.0,0.11927750129129398,0.00035783250387388195,5.963875064564697e-05,2.2778994275614225e-17,0.6568197089580399,0.34318029104196013,0.0,0.009680993618428935,0.0014083333333335182,7.023041110672072e-05,0.0004174742545342006,0.008489122286121255,False,True,0.13000000000000853,-0.024644013249872143,-8.520961713998076e-15,0.13535598675012786
2009-01,StressKODEX200Only,0.03967145546826471,0.03974414567328743,1.590401983105228,0.0,0.02076863000648895,6.230589001946685e-05,1.0384315003244506e-05,3.677891714230308e-17,0.6411524933945624,0.3588475066054377,2.775557561562892e-17,0.010878839764134847,0.0014083333333343542,7.654833647320328e-05,7.2693205106973e-05,0.010025431555887494,False,True,0.1300000000000471,-0.026116409984199812,-4.7101211819722266e-14,0.1338835900158002
2009-02,StressKODEX200Only,0.06531172395386543,0.06533552200872196,1.6942738784014768,0.0,0.0067994442447205945,2.0398332734161784e-05,3.399722122360294e-06,0.0,0.6271605472575689,0.37283945274243113,0.0,0.012552983889875014,0.0014083333334252075,8.20418428247263e-05,2.3801055113895962e-05,0.011742974325223787,False,True,0.13000000000424036,-0.027431014084060734,-4.240358064677707e-12,0.13256898591593927
2009-03,StressKODEX200Only,-0.047154305875639076,-0.046981859971914515,1.6143815697022283,-0.04715430587563907,0.049270258207017456,0.00014781077462105237,2.4635129103508703e-05,2.0852849988634333e-17,0.6383653349138492,0.36163466508615083,4.717973929796759e-18,0.01397079679457865,0.0014083333363837575,7.364185512739059e-05,0.00017244890376007943,0.013020539367499301,False,True,0.13000000014078883,-0.026378302092669142,-1.4078882504264811e-10,0.13362169790733086
2009-04,StressKODEX200Only,-0.033624541539515156,-0.03360953936907629,1.5600987295511481,-0.0791933054984717,0.0042863344111041665,1.28590032333125e-05,2.143167205552074e-06,5.228588482724133e-18,0.6705761294967447,0.3294238705032553,0.0,0.011165837112897276,0.0014083333333504207,0.00010532022820214005,1.5005170847138784e-05,0.010341345047172787,False,True,0.13000000000078865,-0.029290315453489812,-7.886469255424799e-13,0.1307096845465102
2009-05,StressKODEX200Only,0.030867449359518042,0.03096641020319146,1.6082549980814167,-0.05077035148604059,0.02827452676383305,8.482358029149915e-05,1.4137263381916481e-05,0.0,0.6743346563090141,0.3256653436909858,0.0,0.009104854903099181,0.0014083333334746905,0.0001291316130781667,9.896384373530879e-05,0.00817259277954836,False,True,0.13000000000652417,-0.04201079213607237,-6.524170093058501e-12,0.11798920786392764
2009-06,StressKODEX200Only,-0.014179412393422661,-0.013942856715536325,1.5854508872298372,-0.06422987012838355,0.06758733653895349,0.00020276200961686047,3.379366826947678e-05,0.0,0.5853574377009033,0.4146425622990967,0.0,0.011258805401458544,0.0014083333333333335,0.00023035855160865335,0.0002365586779122297,0.010087721505270994,False,True,0.13,-0.0634936360538289,0.0,0.0965063639461711
2009-07,StressKODEX200Only,-0.007855188297544414,-0.00785518640175262,1.572996871974138,-0.0715805207017427,5.416547978753811e-07,1.6249643936261433e-09,2.708273989238119e-10,3.432052430763591e-21,0.5936338553854514,0.40636614461454856,0.0,0.009966001727711591,0.0011630151917726588,0.00021843748135184227,6.980455566979709e-09,0.009166049670017851,False,True,0.11813628697936933,-0.07077157596940181,0.011863713020630676,0.08922842403059819
2009-08,StressKODEX200Only,0.00833184887415673,0.00833184940290095,1.586102844190948,-0.06384506990840622,1.510697766049507e-07,4.5320932981485205e-10,7.553488831635313e-11,3.939005861072902e-21,0.5981854008472525,0.4018145991527475,0.0,0.009337440168725935,0.00104148606579583,0.0002087023331102409,6.539713328534837e-09,0.008607988263004452,False,True,0.11179370639508272,-0.07640119272229104,0.01820629360491728,0.08359880727770896
2009-09,StressKODEX200Only,-0.00332418114418119,-0.0033241802416622266,1.5808303510235562,-0.06695701847504898,2.578625608595607e-07,7.735876825786821e-10,1.2893128047141375e-10,2.7741678903854878e-17,0.5934880044933196,0.40651199550668043,2.7737711041625253e-17,0.00890005136455931,0.0010879000933372983,0.00020947013049418996,6.614490348377599e-09,0.008146624572906123,False,True,0.11425760858712028,-0.0765653200617717,0.015742391412879725,0.0834346799382283
2009-10,StressKODEX200Only,0.029555062361053083,0.02955506596571087,1.6275518906303026,-0.03938087497053633,1.0299022245030824e-06,3.089706673509247e-09,5.149511122515142e-10,2.96843425481797e-17,0.5988186622768972,0.40118133772310294,2.587999815703501e-17,0.009941246902604983,0.001280337770555347,0.00019824434757956255,8.02429674207695e-09,0.009102825645451004,False,True,0.1239518182467049,-0.07836452564007416,0.0060481817532951065,0.08163547435992584
2009-11,StressKODEX200Only,0.048203334020733436,0.04835944494645794,1.7060053180504313,0.0,0.044603121635572784,0.00013380936490671835,2.230156081778635e-05,0.0,0.5384619439322246,0.4615380560677754,5.749236129488564e-19,0.01164384830871355,0.0014083333333381734,0.0002716394431617862,0.00015611392576373955,0.010511928273118937,False,True,0.13000000000022338,-0.0929846879271202,-2.233768725545815e-13,0.0670153120728798
2009-12,StressKODEX200Only,-0.03287785613039056,-0.03273042475586074,1.6499155206458882,-0.032877856130390515,0.04212324986566389,0.00012636974959699167,2.1061624932831924e-05,3.1469100685026247e-06,0.5624922719821522,0.4375045811077793,0.0,0.013210217558194699,0.0014083333333344192,0.00023354205146544342,0.00014743310716969335,0.012125075732892352,False,True,0.1300000000000501,-0.08716774537926097,-5.009881398621019e-14,0.07283225462073903
2010-01,StressKODEX200Only,0.004135446584063794,0.004209027750299586,1.656738658149737,-0.02887837416415251,0.021023493889393965,6.307048166818189e-05,1.0510684567610272e-05,1.428481770373523e-06,0.6001925176981993,0.3998060538200304,2.8602950400763906e-17,0.012014176336006802,0.001408333333880279,0.00020382590454385714,7.358300165930554e-05,0.0110326007628635,False,True,0.13000000002524364,-0.078030292927548,-2.5243640511263266e-11,0.081969707072452
2010-02,StressKODEX200Only,0.011583640130012509,0.011604725710731532,1.6759297225552232,-0.01762925072799748,0.006024489302010316,1.807346790603095e-05,3.0121128129928084e-06,1.0838347684296128e-06,0.6089061723747993,0.39109274379043235,0.0,0.01095060450849504,0.0014083333333436596,0.00018919907353739726,2.1088236763135107e-05,0.010036150531522677,False,True,0.1300000000004766,-0.07591566972442627,-4.765909888959641e-13,0.08408433027557373
2010-03,StressKODEX200Only,8.645538567672765e-05,0.00027598553912245276,1.6760746157057538,-0.017544319485991666,0.054151472413064325,0.00016245441723919298,2.7075736206532115e-05,0.0,0.5541327272560538,0.4458672727439462,1.026603932072212e-18,0.011275597910599226,0.0014083333353667252,0.0002523779039401277,0.0001895322441280346,0.010129521094847702,False,True,0.13000000009384885,-0.08919346383828815,-9.384884536167704e-11,0.07080653616171186
2010-04,StressKODEX200Only,0.02310815668083443,0.023108161607193346,1.7148056105342517,0.0,1.4075311187133166e-06,4.22259335613995e-09,7.037655594121692e-10,5.543854758852039e-17,0.5615417468338019,0.43845825316619813,5.649283068379455e-17,0.01058286299197255,0.0010427245346125292,0.00023760995498639352,9.043096239776526e-09,0.00982388172658365,False,True,0.1118601556200882,-0.08739984480790972,0.0181398443799118,0.07260015519209029
2010-05,StressKODEX200Only,0.05794425265619353,0.05794425288165739,1.8141687400873066,0.0,6.44182437115611e-08,1.932547311346833e-10,3.220912184184759e-11,5.565004553262496e-17,0.5517118032870811,0.44828819671291875,5.513170448773862e-17,0.010435562626152497,0.0010912109512258295,0.0002451612662225681,6.507254474514067e-09,0.009644789377062538,False,True,0.11443133930313826,-0.0897793746411635,0.015568660696861747,0.0702206253588365
2010-06,StressKODEX200Only,0.0068270744148909625,0.007208111593072907,1.8265542050770518,0.0,0.10886776519484122,0.00032660329558452367,5.443388259742059e-05,0.03803227239837759,0.5922071145111486,0.36976061309047387,1.8279235699543818e-17,0.01095799118867988,0.001408333333340877,0.00014559933073650256,0.00038103867822143766,0.009727186513051501,False,True,0.13000000000034817,-0.056314218807213656,-3.481659405224491e-13,0.10368578119278635
2010-07,StressKODEX200Only,-0.024303497600185322,-0.02428984551610006,1.7821625493373532,-0.024303497600185353,0.0039005954529324495,1.170178635879735e-05,1.9502977264662334e-06,0.038798245240916095,0.5934358933672405,0.3677658613918434,2.7755575615628914e-17,0.011485695811188565,0.0014083333333334727,0.00014083169021272,1.3654526750456186e-05,0.010627042927558653,False,True,0.13000000000000642,-0.05324437910233119,-6.411537967210279e-15,0.10675562089766882
2010-08,StressKODEX200Only,0.03867843447418088,0.03901464634288101,1.851093806724237,0.0,0.09606053391432182,0.00028818160174296544,4.803026695716095e-05,0.041727797213647964,0.5152870401049501,0.442985162681402,2.78063023012576e-17,0.011491205090294169,0.0014083333338466963,0.00023388632331628113,0.00033621423392168057,0.010216937866132859,False,True,0.13000000002369366,-0.06998582569763505,-2.3693658146584085e-11,0.09001417430236495
2010-09,StressKODEX200Only,0.007648530761305844,0.00789055352847546,1.8652519546470303,0.0,0.0741976085249676,0.0002225928255749028,1.9429941594713254e-05,0.07506401979593025,0.4271014470989142,0.4978345331051555,1.9975577995098165e-17,0.012608981008854065,0.001408333339447821,0.0002994808402143292,0.0002420242672266814,0.011363309231689142,False,True,0.13000000028220712,-0.07246052585628228,-2.822071187846831e-10,0.08753947414371772
2010-10,StressKODEX200Only,0.009181367390188575,0.00924648504118663,1.882377518117912,0.0,0.018605043142301294,5.581512942690388e-05,9.302521571150668e-06,0.07936527990272385,0.4117057768106722,0.5089289432866039,3.0419725706973116e-17,0.012404939853042769,0.0014083333333333341,0.00030937643768853276,6.51205071394407e-05,0.011326276241548128,False,True,0.13000000000000003,-0.07377046904831557,-2.7755575615628914e-17,0.08622953095168444
2010-11,StressKODEX200Only,0.030958383739698066,0.03126673603705113,1.940652883666787,0.0,0.08810065638658977,0.0002643019691597693,4.405032819329486e-05,0.08277443205679619,0.4907958142446821,0.42642975369852176,1.361266649532386e-17,0.011054556377290848,0.0014083333395603645,0.0002017919421865352,0.0003083537975852196,0.009840243967738912,False,True,0.13000000028740144,-0.05537246516841362,-2.8740143598326995e-10,0.10462753483158638
2010-12,StressKODEX200Only,0.0025390049086744687,0.002799642265004831,1.94558021086445,0.0,0.07446781609438938,0.00022340344828316813,3.723390804719471e-05,0.0824410019591969,0.5530258327833868,0.36453316525741636,7.718300812538927e-19,0.010952886189718493,0.001408333333348774,0.00013716682965481884,0.0002606396745805031,0.009850913018808785,False,True,0.13000000000071266,-0.04386983981594408,-7.12652159506888e-13,0.11613016018405592
2011-01,StressKODEX200Only,-0.030209272289916236,-0.02992391718646752,1.8868056485125733,-0.03020927228991621,0.08153002955677635,0.00024459008867032904,4.076501477838815e-05,0.023481189718616766,0.5359250279566882,0.4405937823246951,0.0,0.012558650647252624,0.001408333333340732,0.00021404513169943074,0.0002853566035226089,0.011355082245360219,False,True,0.13000000000034148,-0.07601426005730062,-3.414768467990825e-13,0.08398573994269938
2011-02,StressKODEX200Only,0.030874554078660254,0.030931862741859675,1.9450599315434964,-0.0002674160222478905,0.016373903771262972,4.9121711313788916e-05,8.186951885631457e-06,0.008059286771308065,0.549522985114697,0.4424177281139949,3.0776973401015248e-18,0.010577745858801224,0.0014083333333457773,0.00023249077913319553,5.7310337855438e-05,0.009583778075139703,False,True,0.13000000000057432,-0.08199122552612041,-5.743183706385935e-13,0.07800877447387959
2011-03,StressKODEX200Only,-0.004097633419637678,-0.003998256114110226,1.9370897889648058,-0.004363953669055731,0.028393747985897957,8.518124395769387e-05,1.4196061569757804e-05,0.007291954277388233,0.5076453951529744,0.48506265056963743,0.0,0.011026685051856453,0.0014083333333786735,0.00028255255735993104,9.937923018655681e-05,0.009940586597620628,False,True,0.13000000000209264,-0.09227618628930816,-2.092631623540342e-12,0.06772381371069185
2011-04,StressKODEX200Only,0.03260083849429918,0.03268509734215469,2.0002405403238037,0.0,0.02407395653014582,7.222186959043746e-05,1.2036978265072916e-05,1.1366782067481977e-18,0.49819662937098397,0.501803370629016,5.731448437596223e-18,0.011378034590038673,0.0014083333333399868,0.00030351089053878236,8.426034803750943e-05,0.01028609668479239,False,True,0.1300000000003071,-0.09879406185922616,-3.070876886113183e-13,0.06120593814077384
2011-05,StressKODEX200Only,0.0008676405876340528,0.0011347372700486063,2.0019760302016194,0.0,0.07631333783272959,0.00022894001349818877,3.815666891636482e-05,4.548686388734919e-06,0.559787215784403,0.4402082355292082,2.7839193649390674e-18,0.011710897128493911,0.001408333333335149,0.0002214450731582245,0.00026709834537474303,0.010518187043293369,False,True,0.1300000000000838,-0.08071225324516358,-8.379408278358369e-14,0.07928774675483642
2011-06,StressKODEX200Only,-0.016973787987654785,-0.01688072850371648,1.9679949135086103,-0.01697378798765481,0.026588423982373627,7.976527194712089e-05,1.3294211991186798e-05,3.8079013848770822e-06,0.5373805212467541,0.46261567085186106,0.0,0.011601095953268959,0.0014083333333334465,0.00024411393055992828,9.306181072333441e-05,0.010559753545318974,False,True,0.13000000000000522,-0.08569838476243227,-5.218048215738236e-15,0.07430161523756773
2011-07,StressKODEX200Only,0.038066999759230113,0.03816712157266864,2.042910575407309,0.0,0.02860739849849837,8.582219549549511e-05,1.429961794303039e-05,1.1960056315126948e-05,0.5185684574263554,0.48141958251732947,3.1020203278902734e-19,0.011487555021168156,0.0014083333336491898,0.000268001076168379,0.00010012340503986253,0.010415263873135319,False,True,0.13000000001457798,-0.08987659189412642,-1.4577977713869927e-11,0.07012340810587359
2011-08,StressKODEX200Only,0.05669008057521641,0.05693273094068186,2.158723340535111,0.0,0.06932921037854747,0.00020798763113564242,3.4662734329804186e-05,0.06934081681485402,0.5015007750666833,0.4291584081184626,0.0,0.011622727627394538,0.0014083333333528188,0.0001925564107440756,0.0002426520624764977,0.010483352487497556,False,True,0.13000000000089934,-0.05676810537769065,-8.993361610976081e-13,0.10323189462230936
2011-09,StressKODEX200Only,-0.015221780428629596,-0.014604892642231897,2.1258637278393278,-0.015221780428629539,0.17625365325648523,0.0005287609597694557,8.812682662824256e-05,0.18810570287547723,0.5260609404638078,0.285833356660715,0.0,0.011287946050441915,0.0014083333393471028,0.00011389693423296286,0.0006168892864258271,0.009852993160109574,False,True,0.1300000002775586,-0.03371559162338982,-2.7755858722500193e-10,0.12628440837661017
2011-10,StressKODEX200Only,0.014733784158862163,0.01481103790526194,2.1571857451564664,-0.000712270697116435,0.022072498971364582,6.621749691409374e-05,1.103624948568227e-05,0.18445910421482645,0.5441769927476326,0.271363903037541,0.0,0.01081197175101423,0.001408333344589486,0.00010568305140066619,7.725524658101834e-05,0.009924866780737803,False,True,0.13000000051951474,-0.032314760602704155,-5.195147367853536e-10,0.12768523939729584
2011-11,StressKODEX200Only,0.023232277875942273,0.023369844273962007,2.2073020838179627,0.0,0.03930468514849497,0.00011791405544548492,1.9652342574247487e-05,0.19704362802374834,0.5075775454222629,0.29537882655398884,2.7755575615628914e-17,0.010626859306435827,0.0014083333333411293,0.00012439937874587044,0.00013756789816804312,0.009660725362851348,False,True,0.13000000000035983,-0.0355434760889806,-3.5982328228101323e-13,0.12445652391101941
2011-12,StressKODEX200Only,-0.03203511345589887,-0.03194431188000397,2.1365909111314125,-0.03203511345589871,0.02842668601866312,8.528005805598936e-05,5.52151783891376e-06,0.2129420487763501,0.47090540290113203,0.31615254832251777,0.0,0.012146881032460696,0.0014083333339691053,0.0001448265803803418,9.080307605498553e-05,0.011207084709040815,False,True,0.1300000000293433,-0.03915487138981498,-2.934330556314535e-11,0.12084512861018502
2012-01,StressKODEX200Only,0.040894158336426706,0.041014932521603514,2.2239649981513905,0.0,0.040257879682881,0.000120773639048643,5.461281669117155e-10,0.25118343356038114,0.44800907398260886,0.30080749245701,5.946171289725189e-20,0.011223023838341601,0.0014083333355948333,0.0001782194298317828,0.00012077646247377653,0.010219861278238625,False,True,0.13000000010437693,-0.04639054830823738,-1.043769237707437e-10,0.11360945169176262
2012-02,StressKODEX200Only,0.004298671838124466,0.0042986817653219225,2.233525093857918,0.0,2.8666844076874484e-06,8.600053223062346e-09,1.3271442333429037e-09,0.25889146693235254,0.4323011673394004,0.308807365728247,5.568402181319071e-20,0.010090610834354842,0.0011363029931560323,0.00018730887185846806,1.3260433976473678e-08,0.009335137205484382,False,True,0.11677172567823252,-0.048084338500899514,0.013228274321767486,0.11191566149910048
2012-03,StressKODEX200Only,-0.004913571534365133,-0.004913566669330889,2.2225505085354476,-0.004913571534365113,1.3900097839414371e-06,4.170029351824312e-09,6.950048919707186e-10,0.26902256985522405,0.4312809191469452,0.2996965109978307,5.952163476502578e-20,0.009460102374028174,0.0010372710163271764,0.0001879674081702746,8.690837007080975e-09,0.008753490766857306,False,True,0.11156725413814807,-0.04758871175753958,0.018432745861851937,0.11241128824246042
2012-04,StressKODEX200Only,0.002369115058117746,0.002369121342575325,2.2278159864126463,-0.002556097292558568,1.7955593083485157e-06,5.386677925045547e-09,8.977796541742579e-10,0.2697533315693547,0.43368738902179677,0.29655927940884846,5.768762723481284e-20,0.00943704539845768,0.0007736934334355163,0.0001844398134477986,9.747632633129066e-09,0.00886574912065949,False,True,0.09635518253434111,-0.04771765821420537,0.033644817465658894,0.11228234178579463
2012-05,StressKODEX200Only,-0.024130352950550247,-0.02394335173630794,2.1740580003516308,-0.026624770713263413,0.062333613257499115,0.00018700083977249736,3.744698086060856e-10,0.33055583534472543,0.3735048720712004,0.29593929258407425,0.0,0.010416547953939863,0.0007408180794200858,0.00023952928801954687,0.0001870037151152524,0.009619605911095022,False,True,0.09428582583316025,-0.06115558082855835,0.03571417416683975,0.09884441917144166
2012-06,StressKODEX200Only,-0.012650125299713624,-0.01232289924979521,2.146555894238338,-0.03893808932737819,0.10883401545311261,0.0003265020463593378,7.240035590758411e-07,0.4193399464881676,0.27853010723267435,0.30212994627915807,2.04992602506412e-18,0.01184133618453974,0.0014083333333834338,0.0003622948161897093,0.0003272275506228933,0.010447647151035421,False,True,0.13000000000231232,-0.08492925403572554,-2.3123170045380448e-12,0.07507074596427446
2012-07,StressKODEX200Only,0.012778961266570361,0.012896017240713093,2.173986648867338,-0.026656716396116664,0.035879277253643344,0.00010763783176093003,9.418142381800945e-06,0.4125585277769942,0.31843846655505487,0.26900300566795093,0.0,0.011390258598894417,0.0014083333378741858,0.0003304521953428093,0.0001170574742607298,0.010238582260353785,False,True,0.1300000002095778,-0.08562449471647374,-2.0957779955921296e-10,0.07437550528352627
2012-08,StressKODEX200Only,0.021695727651515798,0.02178515398781539,2.221152871119195,-0.005539325603614698,0.029808460405266884,8.942538121580066e-05,9.550837917482457e-10,0.37947999096642737,0.3505542690191984,0.26996574001437434,0.0,0.011454250850193012,0.0014083333336774525,0.00028173772173430573,8.942832820221967e-05,0.010378918133417762,False,True,0.13000000001588244,-0.07488191668955212,-1.5882434256653255e-11,0.08511808331044789
2012-09,StressKODEX200Only,0.030678161868565732,0.031083986502320183,2.2892937584342192,0.0,0.13527475328974842,0.00040582425986924526,3.738852055173119e-10,0.5102479021029882,0.21006656786751252,0.27968553002949925,1.2846537332222242e-18,0.013265512950321662,0.0014083333343279936,0.0004858501335503646,0.00040582713555175845,0.011669669014055542,False,True,0.1300000000459074,-0.12123810354953654,-4.5907389001342835e-11,0.03876189645046346
2012-10,StressKODEX200Only,-0.03637851566409399,-0.03617116715139723,2.2060126495833075,-0.036378515664094,0.059242432199074394,0.00017772729659722318,2.962121609953726e-05,0.45868149390030677,0.20419198374881414,0.33712652235087914,2.79208009300804e-17,0.013080901071453085,0.0014083333333334176,0.00042633349591622143,0.0002073513453372463,0.011743049563532908,False,True,0.1300000000000039,-0.09483666240231499,-3.885780586188048e-15,0.06516333759768501
2012-11,StressKODEX200Only,-0.0019393255411283292,-0.0019283001840583597,2.2017344729079182,-0.038247291420646645,0.00315010201999126,9.45030605997378e-06,1.575051009995624e-06,0.44929675875703523,0.21276060106270844,0.33794264018025644,0.0,0.013226677790274487,0.0014083333333361112,0.00042328679022247934,1.1027160371595493e-05,0.012088197173012358,False,True,0.1300000000001282,-0.09194386163122106,-1.2820300376858995e-13,0.06805613836877894
2012-12,StressKODEX200Only,0.0195457860709114,0.019562622998671956,2.2447691039003272,-0.01944907872563506,0.00561219666525488,1.683658999576464e-05,3.3776479299663425e-10,0.4660464155672054,0.2075594633486944,0.32639412108410015,1.5608244109474595e-18,0.012630636665703961,0.001408333333333361,0.00043649462625226993,1.6839490547116795e-05,0.011473135882237894,False,True,0.13000000000000128,-0.09809818901761093,-1.27675647831893e-15,0.061901810982389074
2013-01,StressKODEX200Only,-0.009505777155579048,-0.009272805405615895,2.223430829032922,-0.028769977272966818,0.07765722579046806,0.0002329716773714042,7.259174931882405e-11,0.5571202323029915,0.12576819692573935,0.31711157077126917,3.1593325147377834e-17,0.013070079447106909,0.0014083333333450706,0.0005877810666539847,0.00023297498058380239,0.011545156733196586,False,True,0.1300000000005417,-0.12730060484506245,-5.417055692902295e-13,0.032699395154937555
2013-02,StressKODEX200Only,0.0018081636847474423,0.0018633083454342378,2.227451155913527,-0.027013834416335536,0.018381552024487633,5.5144656073462904e-05,4.613332532501891e-12,0.5648772380575581,0.10923499744163037,0.32588776450081164,0.0,0.012110083106915439,0.0014083333335005582,0.0006023376391224133,5.514814240019831e-05,0.010748430658642548,False,True,0.13000000000771808,-0.12887928116123687,-7.718076178164779e-12,0.031120718838763134
2013-03,StressKODEX200Only,-0.0023739676228935642,-0.002127603583951406,2.2221632589878113,-0.029323672070954432,0.08212115592520106,0.0002463634677756032,5.711665549677071e-10,0.5029178301128101,0.19195437376371682,0.3051277961234732,2.6397972008528634e-18,0.01073228518796377,0.0014083333333333504,0.00046860731359104913,0.00024636629069005046,0.009313144917015997,False,True,0.13000000000000078,-0.10945582308723367,-7.771561172376096e-16,0.05054417691276633
2013-04,StressKODEX200Only,-0.04227121213387881,-0.042200705773663014,2.128229724471026,-0.07035533704217767,0.023499536937552357,7.049861081265707e-05,7.749403138455916e-09,0.5194720864069193,0.1700127507245392,0.3105151628685414,2.7755575615628914e-17,0.011919048925353084,0.0014083333333455425,0.0004948291010900396,7.05079247337352e-05,0.010649545232856538,False,True,0.1300000000005635,-0.11469127630171252,-5.634936961484982e-13,0.04530872369828748
2013-05,StressKODEX200Only,0.0005132749715756281,0.0009531492662743953,2.1293220915223605,-0.06987817370422245,0.13075702595618077,0.0003922710778685423,4.7603216830224794e-05,0.48844420563359253,0.30899291368456927,0.20256288068183825,0.0,0.010989610599794817,0.0014083333333451522,0.0003999211036345683,0.0004398757947361032,0.00944564703475157,False,True,0.13000000000054548,-0.11919848835266232,-5.45480327573955e-13,0.04080151164733768
2013-06,StressKODEX200Only,-0.06233838992628308,-0.062327229458126604,1.996583580702391,-0.1278604707907952,0.0037197464969118414,1.1159239490735524e-05,1.2286657388722564e-09,0.502223745143262,0.3025877412221257,0.19518851363461245,2.864880489803804e-17,0.009827751800412923,0.001408333333336983,0.0004162540846658681,1.1162359922910458e-05,0.008696168689155652,False,True,0.13000000000016845,-0.12582181038443715,-1.6844858841125188e-13,0.03417818961556285
2013-07,StressKODEX200Only,0.02590121439308292,0.026305530744161455,2.048297520079873,-0.10527099786406502,0.1312043422177488,0.0003936130266532464,1.0703324425288306e-05,0.38293985036222455,0.45080140828184956,0.16625874135592583,0.0,0.008189616729378332,0.0014083333412833062,0.00025679847362756515,0.00040431785113779605,0.006824333733971318,False,True,0.13000000036692183,-0.0889170390977792,-3.6692182625586156e-10,0.0710829609022208
2013-08,StressKODEX200Only,0.01223869716945223,0.012238732792327034,2.0733660131410705,-0.0943206805581972,1.1756652718848787e-05,3.5269958156546364e-08,3.529166469936109e-10,0.3861389263351884,0.4411019735838253,0.1727591000809863,4.7397187763766125e-17,0.007568830073066647,0.0010421899731916928,0.0002607578703547278,3.8290636942779154e-08,0.00678693892547913,False,True,0.11183147892387149,-0.08931514692620822,0.018168521076128513,0.07068485307379178
2013-09,StressKODEX200Only,0.0018206804635339355,0.0019810095032125365,2.0771409501349516,-0.09267172791506284,0.05344297356126743,0.0001603289206838023,1.1899479857935393e-10,0.4393793855618946,0.38378917606809,0.17683143837001547,0.0,0.007880857014446708,0.0010451935594756963,0.00033446859187267466,0.00016033211958646555,0.006863459523249719,False,True,0.11199251186444724,-0.10778886948658001,0.018007488135552766,0.052211130513419995
2013-10,StressKODEX200Only,0.01248297847200428,0.012484121791081855,2.1030698558988044,-0.0813455686275859,0.0003810485645916741,1.1431456937750222e-06,1.7338379990091443e-10,0.45527807636096096,0.3851543522827842,0.1595675713562548,3.7254486256092803e-19,0.007620231253749936,0.0014083333333333365,0.0003488579998757463,1.1462463158223626e-06,0.006566060340891699,False,True,0.13000000000000014,-0.11527292648412531,-1.3877787807814457e-16,0.044727073515874696
2013-11,StressKODEX200Only,-0.006165031660999468,-0.006165031455326511,2.0901043636518946,-0.08700910228251435,6.80359080185015e-08,2.041077240555045e-10,1.5652330820488714e-12,0.461061466194686,0.38121630569427484,0.15772222811103914,2.8069590772621284e-17,0.007281946816414444,0.0011848992216943169,0.0003535172309487259,6.506633671881547e-09,0.006335973467984888,False,True,0.11924257067143346,-0.11314106947938778,0.010757429328566548,0.04685893052061223
2013-12,StressKODEX200Only,-0.004982227656543491,-0.004982227270046679,2.079690987886246,-0.09155783078329482,1.1362831964235856e-07,3.408849589270757e-10,4.561185293348888e-11,0.4691340364270513,0.3821274827234412,0.14873848084950747,2.7343033717055465e-17,0.006788447709468394,0.0012335758421269801,0.0003600780087715363,6.518333440459654e-09,0.005811575261299927,False,True,0.12166721047810607,-0.11724259302983106,0.008332789521893938,0.04275740697016894
2014-01,StressKODEX200Only,-0.014865602402483852,-0.01486560076330807,2.0487751285403,-0.10506237087652026,4.995273136104825e-07,1.4985819408314476e-09,1.4059384249866054e-10,0.46659422050846594,0.38650112926969904,0.14690465022183508,2.8267888198779806e-17,0.007086815182861498,0.0012461005649635588,0.00035191177408956995,6.789634432741924e-09,0.006111846336655716,False,True,0.1222833054000533,-0.1165942345321953,0.0077166945999467,0.0434057654678047
2014-02,StressKODEX200Only,0.019676711791827256,0.019676712017907858,2.0890882862708517,-0.08745294107659629,6.459445771324438e-08,1.9378337313973314e-10,3.22972288496611e-11,0.44997112173380305,0.39342604749564014,0.1566028307705569,2.956263051623008e-17,0.006609931680644068,0.0011636594330732115,0.0003277110224944256,6.506819149139761e-09,0.005700384434793888,False,True,0.11816900269054714,-0.1093102901957875,0.011830997309452862,0.0506897098042125
2014-03,StressKODEX200Only,-0.00545019816917057,-0.00545019472200679,2.077702341117783,-0.09242650338642255,1.0090573066294363e-06,3.027171919888309e-09,4.1999185962220286e-10,0.4480665476633125,0.3881816273904327,0.1637518249462548,0.0,0.006540482127455975,0.0010895072119676621,0.0003237359388930703,7.764188558148848e-09,0.005671984818390515,False,True,0.11434197192462593,-0.1077021948817752,0.015658028075374072,0.05229780511822481
2014-04,StressKODEX200Only,-0.006814673998030387,-0.006814664280564057,2.0635434769981207,-0.09861132089509661,2.8325899734116256e-06,8.497769920234876e-09,1.2196964096489183e-09,0.45296625250422523,0.3910532630459101,0.15598048444986473,0.0,0.0062236584957295225,0.0010238237400794173,0.0003253914932012278,1.2890487433087335e-08,0.005386342242001153,False,True,0.11084171092577473,-0.11046520295161014,0.019158289074225274,0.04953479704838987
2014-05,StressKODEX200Only,0.004463239617049931,0.00457216119254144,2.0727535659961633,-0.09458820723215544,0.031120554214944418,9.336166264483325e-05,1.555991284667582e-05,0.42194183274092883,0.395002874610839,0.18305529264823223,2.836337277865327e-17,0.005760217001343817,0.0008991629100177161,0.00028878074612196845,0.00010892383861377142,0.004912930961599219,False,True,0.10387470779844626,-0.09702567720143102,0.02612529220155374,0.06297432279856899
2014-06,StressKODEX200Only,0.0115814347713688,0.011581442060337305,2.0967590262178697,-0.08410223961298668,2.167431571124073e-06,6.502294713372219e-09,7.866737921212896e-10,0.42816940149584565,0.3964969514480923,0.17533364705606197,0.0,0.0057324756555065855,0.000916203852317834,0.00029108353128605517,1.0553730649196477e-08,0.004983279644330965,False,True,0.10485440490420042,-0.0996872671495004,0.025145595095799583,0.06031273285049961
2014-07,StressKODEX200Only,0.01536098888422864,0.015360992432037491,2.128967318312508,-0.07003314429659202,1.0689710085859394e-06,3.2069130257578184e-09,3.4089582499896576e-10,0.4215573227564536,0.3951352522778572,0.1833074249656893,0.0,0.0058510288484353665,0.0008898378499278692,0.0002825469808774421,7.72481186887304e-09,0.005123555217782121,False,True,0.10333467084737064,-0.09688183078387633,0.02666532915262937,0.06311816921612368
2014-08,StressKODEX200Only,-0.010594641634536626,-0.01059463421589317,2.106411672523347,-0.07988580986476634,2.334683883650768e-06,7.004051650952304e-09,4.1459180559477764e-10,0.4294279250706057,0.39118668798319617,0.17938538694619818,6.93709374436831e-22,0.005252167223193212,0.0008498258650320057,0.0002884776226405186,1.061889194537925e-08,0.004538766049144744,False,True,0.10098470369508478,-0.09972966802662994,0.029015296304915228,0.06027033197337006
2014-09,StressKODEX200Only,-0.010762163519796525,-0.010762156540498512,2.0837421256636426,-0.08978822923588681,2.166573697462426e-06,6.499721092387279e-09,4.79576919884539e-10,0.42867582681538674,0.397299738295485,0.17402443488912825,6.71173821892023e-22,0.0048433861106417,0.0007734702600638337,0.0002836762728441644,1.0202228518894224e-08,0.0041729645055371,False,True,0.09634128461239244,-0.09634554353624797,0.03365871538760756,0.06365445646375203
2014-10,StressKODEX200Only,-0.013051364837658449,-0.01305135902635618,2.0565464469540085,-0.10166773513566041,1.8679606382659644e-06,5.6038819147978936e-09,2.0742035540529702e-10,0.418101056061871,0.40671348600112434,0.17518545793700468,2.769028446078186e-17,0.004850923481469855,0.0009462787883623206,0.00026879648409266766,9.489392914689182e-09,0.004108978113803113,False,True,0.10656146329864209,-0.09300020853870374,0.023438536701357912,0.06699979146129627
2014-11,StressKODEX200Only,0.013986598092037266,0.013986599608403,2.0853105355651613,-0.08910312279389332,4.5113534570539025e-07,1.3534060371161708e-09,1.6295969811065282e-10,0.4144170844899743,0.4149430663270737,0.1706398491829521,5.2412337472165754e-17,0.005141133024700829,0.0007842065700672063,0.0002614346803778132,6.760834702824576e-09,0.0044875882984547096,False,True,0.09700762259125041,-0.09217385784005992,0.03299237740874959,0.06782614215994008
2014-12,StressKODEX200Only,-0.010673395774655056,-0.010673393409948733,2.0630531909060164,-0.09882548567421157,6.824896398444236e-07,2.0474689195332707e-09,3.1723740308299725e-10,0.4125477535801726,0.41100926503868135,0.17644298138114617,4.4369936834471685e-17,0.00489360427273642,0.0008191666425805767,0.0002588469785319605,7.1863696648392514e-09,0.0042251667865445056,False,True,0.09914635500595531,-0.09119373245249664,0.030853644994044693,0.06880626754750337
2015-01,StressKODEX200Only,0.03181897777558438,0.03181898004794602,2.1286974345373033,-0.07015103383095622,6.642018940861256e-07,1.9926056822583768e-09,2.797559542533474e-10,0.4071527542762029,0.41572829941283407,0.17711894631096312,1.5117309320756902e-21,0.004893878639064243,0.0009605736510677152,0.0002511697466854321,7.1006960422164555e-09,0.0041624149661489114,False,True,0.10736332620039574,-0.08950054734814371,0.022636673799604268,0.0704994526518563
2015-02,StressKODEX200Only,-0.005245020353583679,-0.005245017675927329,2.117532373166534,-0.07502811058427161,7.846023086371945e-07,2.3538069259115837e-09,3.2384942390273344e-10,0.4045410620433684,0.40861665232156347,0.18684228563506813,1.355338339313281e-21,0.005721181043229812,0.0007965960543633808,0.00024969233366282467,7.303452956454475e-09,0.005073183378932341,False,True,0.09777091925700898,-0.08837581998837475,0.03222908074299102,0.07162418001162525
2015-03,StressKODEX200Only,0.009963461236235434,0.009963462308305845,2.138630324883052,-0.06581218901947061,3.0630583221225043e-07,9.189174966367514e-10,1.5315291611306387e-10,0.4104626990225373,0.4099406180051754,0.1795966829722873,1.6591872372992252e-21,0.005156471898254347,0.0006621936524032335,0.00025161083643755896,6.637396964911629e-09,0.004573757598218206,False,True,0.08914215517272847,-0.0904133262507243,0.04085784482727153,0.0695866737492757
2015-04,StressKODEX200Only,0.006634019579145741,0.006634022671503873,2.1528180403308808,-0.05961476879082661,9.180712959855342e-07,2.7542138879566024e-09,3.381442447158989e-10,0.4131187446095982,0.410731013063158,0.1761502423272439,1.5504487031810265e-21,0.00591841526999788,0.0008054829052407323,0.000251089413759721,7.493926772617808e-09,0.0052645769096910195,False,True,0.09831477438762085,-0.09139095360083115,0.03168522561237916,0.06860904639916886
2015-05,StressKODEX200Only,-0.00012567354080541683,-0.00012567186879076236,2.152547488065043,-0.05973295033255366,4.777184726967318e-07,1.4331554180901954e-09,2.388592363622441e-10,0.42836944309580216,0.4048801662986678,0.1667503906055301,5.100252632903516e-23,0.0052298406566143795,0.0007566640610322395,0.0002638618265877108,6.808396182490147e-09,0.004587639991114366,False,True,0.0952888699292151,-0.09674700747564097,0.0347111300707849,0.06325299252435904
2015-06,StressKODEX200Only,-0.0177215417460325,-0.017721540860558334,2.114401027894981,-0.0763959321056541,2.5299261845190824e-07,7.589778553557247e-10,1.2649630921901523e-10,0.4167880712532006,0.40681293896187143,0.17639898978492807,5.2859440606149153e-23,0.005199658801189582,0.0009195032082926207,0.00025094449361410284,6.588257324746284e-09,0.004488956115171843,False,True,0.10504303165613342,-0.09251029665731267,0.024956968343866584,0.06748970334268733
2015-07,StressKODEX200Only,-0.015985299466926544,-0.01598529752705189,2.0806016942709027,-0.09116001971981658,5.542499006278012e-07,1.6627497018834036e-09,2.771249503069617e-10,0.4105834881886183,0.4133963151207517,0.17602019669063015,5.1886273469461203e-23,0.004522122341401814,0.0006636370267205823,0.00024408691861100196,6.9148954821534716e-09,0.003946209994535039,False,True,0.08923925325016445,-0.08788294825902108,0.040760746749835555,0.07211705174097892
2015-08,StressKODEX200Only,-0.006849741080212141,-0.00684973788917718,2.066350111374096,-0.09738533826808105,1.0294120765114156e-06,3.088236229534247e-09,1.0279873184637622e-10,0.40430087046994845,0.4218036530670816,0.17389547646296996,2.506440567710855e-22,0.003207737175655164,0.0009554659534246867,0.00023613680276035015,7.638028200623467e-09,0.00249385975815427,False,True,0.10707750203052105,-0.08613950606789329,0.022922497969478955,0.07386049393210671
2015-09,StressKODEX200Only,0.00802728207050563,0.008027286259164625,2.082937286574517,-0.09013979577738485,1.2677113471748502e-06,3.803134041524551e-09,3.855249542661354e-10,0.3866047795585579,0.42729342441118784,0.1861017960302543,2.4756528376989414e-21,0.004394342721773803,0.001036615389689973,0.0002197794367966015,8.122275684689923e-09,0.0036562474678565305,False,True,0.11153198947512627,-0.08066449422513584,0.018468010524873735,0.07933550577486416
2015-10,StressKODEX200Only,0.019195194389289003,0.01919519641470856,2.1229196726910127,-0.07267485229025372,6.126299585546004e-07,1.8378898756638014e-09,1.8752968163060472e-10,0.391903102689468,0.4274992521459867,0.18059764516454532,2.7813379210173554e-21,0.004806416199462541,0.001125429111063852,0.0002212845298158472,6.93689914998243e-09,0.004022410177215619,False,True,0.11621165747362106,-0.08232557867166311,0.01378834252637895,0.07767442132833689
2015-11,StressKODEX200Only,-0.016864201455655963,-0.016864198767375146,2.0871183276565763,-0.0883134503961267,7.854191296646779e-07,2.356257388994034e-09,3.320234264608806e-10,0.4068201409021053,0.4200260940057431,0.1731537650921517,2.775941256139735e-17,0.004687000304396033,0.0008778116259024702,0.00023294160693623293,7.319157254634115e-09,0.004015145565351311,False,True,0.10263400757463212,-0.0868912749630414,0.027365992425367885,0.0731087250369586
2015-12,StressKODEX200Only,0.002618604311189527,0.002618607935934098,2.0925836647073406,-0.0859261040668805,1.0898901982152278e-06,3.2696705946456836e-09,3.550739762341008e-10,0.40659663829911075,0.4247805576998899,0.16862280400099947,0.0,0.0037639155911386793,0.0009074912948213522,0.00023148686755157023,7.776231399962524e-09,0.0030786752999450327,False,True,0.10435466227177503,-0.08697582190776283,0.02564533772822497,0.07302417809223717
2016-01,StressKODEX200Only,0.005740506347960708,0.005740509762602718,2.104596154518232,-0.08067885706477129,9.756120030735005e-07,2.9268360092205014e-09,4.878060015367503e-10,0.4006640218076623,0.42746693213088793,0.1718690460614499,0.0,0.003825885842362348,0.0009502012193161277,0.00022414424881620818,7.703919743028438e-09,0.003126633279968333,False,True,0.10678208947100414,-0.08515591023043723,0.02321791052899587,0.07484408976956278
2016-02,StressKODEX200Only,0.036295032666366384,0.036295035656661936,2.18098254069598,-0.047312066151055876,8.543701586760655e-07,2.5631104760281967e-09,4.271850793935439e-10,0.38819803009804654,0.4287506531316863,0.18305131677026715,0.0,0.00381749970730562,0.0009579343251080283,0.00021334541125450794,7.588874151351163e-09,0.003125179544622946,False,True,0.10721572599808453,-0.08116592542683054,0.022784274001915475,0.07883407457316946
2016-03,StressKODEX200Only,-0.007645292622973825,-0.007645291649040354,2.1643082909667624,-0.05459564418370744,2.7826670599694616e-07,8.348001179908385e-10,1.3913335293603568e-10,0.3835530363179027,0.41654473081416327,0.19990223286793407,2.7738689980616773e-17,0.004918614192879051,0.0009590139464947064,0.00021398817819439077,6.612553407059593e-09,0.0042251124288839,False,True,0.10727612669152665,-0.08076486700648992,0.02272387330847335,0.07923513299351008
2016-04,StressKODEX200Only,0.011977654330157454,0.01197765529106893,2.1902316275398563,-0.04327191760751459,2.843578453815086e-07,8.530735361445258e-10,1.0783794079928011e-10,0.397922828447755,0.4203451851530445,0.1817319863992006,2.701292512482759e-17,0.004730480675565457,0.0007931065629016782,0.00021956100015094345,6.608986933495255e-09,0.004114359784976741,False,True,0.09755654132255888,-0.08403344468921635,0.032443458677441125,0.07596655531078365
2016-05,StressKODEX200Only,-0.006640098921747612,-0.006640096851091074,2.1756882728714513,-0.04962468671581466,6.380037956437014e-07,1.9140113869311044e-09,1.566451507555157e-10,0.39201368199468545,0.41612407902196963,0.19186223898334498,0.0,0.005307724136315982,0.0006889580299994662,0.00021583989836233966,6.952237952894066e-09,0.004747398270715956,False,True,0.0909257739037375,-0.08032265301766651,0.0390742260962625,0.07967734698233349
2016-06,StressKODEX200Only,0.02224119621690069,0.022241202720925647,2.224078182655195,-0.028487202893362595,2.0487170438593383e-06,6.146151131578015e-09,3.57873823811361e-10,0.3918057391695347,0.42015368789823354,0.18804057293223178,0.0,0.005809897045479304,0.000656741732032617,0.00021261449195007838,9.878690031613072e-09,0.005268901808822885,False,True,0.08877443767431818,-0.08011412126997919,0.04122556232568182,0.07988587873002082
2016-07,StressKODEX200Only,0.010704728895459944,0.011012608573852969,2.2478863366428263,-0.018087421781865953,0.1026264781202459,0.0003078794343607377,2.440322876134847e-10,0.4889928736179495,0.3147368387171333,0.19627028766491722,1.8022440786483198e-20,0.007469103824540659,0.0012771491911695,0.00032678907166180135,0.0003078824277735187,0.006195857729520589,False,True,0.12379737595778838,-0.10734986766032256,0.006202624042211627,0.05265013233967744
2016-08,StressKODEX200Only,-0.00019206766384380068,0.00011559449758157241,2.2474545903655607,-0.018276015436863302,0.10255391236364834,0.00030766173709094506,4.243344280396927e-10,0.6018672666414417,0.2096313241696758,0.18850140918888253,0.0,0.008294950353888176,0.0014083333344183584,0.0004900943197636864,0.0003076645872597949,0.006793024779655516,False,True,0.13000000005007806,-0.14442496565357793,-5.00780528156497e-11,0.015575034346422073
2016-09,StressKODEX200Only,0.008563715387687413,0.008563731968158444,2.266701151824203,-0.009868810643798187,5.372059872527092e-06,1.611617961758128e-08,4.6429141239978473e-10,0.607892762335376,0.20860652250179892,0.18350071516282518,3.677917826993763e-21,0.00817512272418728,0.0012726560557458138,0.0004947748854389593,1.9257727175954338e-08,0.007044000553148237,False,True,0.12357941846824562,-0.147734154921638,0.006420581531754385,0.012265845078362009
2016-10,StressKODEX200Only,-0.006823964153079865,-0.006580223797283003,2.25123326441841,-0.01662543038681119,0.0812465653275454,0.0002437396959826362,6.598142257119403e-10,0.5300086345628724,0.289115733785952,0.18087563165117554,7.774011812713403e-17,0.007793363043884544,0.00140833333333793,0.00036921349135082886,0.00024374252800478204,0.006476240357859968,False,True,0.13000000000021217,-0.12036367493528084,-2.1216362000586741e-13,0.03963632506471916
2016-11,StressKODEX200Only,-0.018222654805991487,-0.018061784444370198,2.2102098177531477,-0.03454512571386281,0.05362330835297578,0.00016086992505892736,4.365623624522288e-10,0.5810458500422309,0.2338764597086508,0.1850776902491183,0.0,0.00716920917070586,0.001408333333333728,0.00044427371754137584,0.00016087277046801195,0.005859896016029609,False,True,0.1300000000000182,-0.1370231093145999,-1.8207657603852567e-14,0.022976890685400098
2016-12,StressKODEX200Only,0.020446338624815114,0.020682128273797055,2.2554005161188195,-0.01480510842723004,0.07859652688784471,0.00023578958066353416,6.831840637703377e-11,0.5111662123260665,0.31310348667742355,0.17573030099650996,9.572081649114806e-19,0.005899076517949717,0.0014083333333366555,0.0003389486770731704,0.00023579289431068383,0.004620168279897534,False,True,0.13000000000015333,-0.11480783927315044,-1.5332179970073412e-13,0.04519216072684956
2017-01,StressKODEX200Only,0.018768647997988087,0.018798659113234716,2.2977313345003343,0.0,0.010003624868386088,3.0010874605158264e-05,2.406414669609487e-10,0.508230318618053,0.3183329162457299,0.1734367651362171,0.0,0.0063954381673474205,0.0014083333334027738,0.0003317013693386839,3.0013872410182553e-05,0.005329556258897167,False,True,0.13000000000320494,-0.11401147005164033,-3.2049363163366706e-12,0.04598852994835967
2017-02,StressKODEX200Only,0.00868795524025192,0.008687984204734633,2.3176939214885977,0.0,9.557280173488893e-06,2.867184052046668e-08,2.926421938109756e-10,0.5173414387657456,0.3125416120705648,0.1701169491636896,2.681719623969874e-21,0.006761937864063378,0.0012501856767322623,0.0003402442709855368,3.17728858991401e-08,0.00579656898182581,False,True,0.12248358306641403,-0.1170143243449039,0.00751641693358597,0.0429856756550961
2017-03,StressKODEX200Only,0.01684500717068451,0.016885579441632922,2.356735492215525,0.0,0.011592302653261805,3.4776907959785414e-05,5.795362988627706e-06,0.5061789296106629,0.3105767357001958,0.18324433468914136,0.0,0.006876616773000943,0.0014083333334640837,0.0003271370657274232,4.057420667304181e-05,0.0058047388338684355,False,True,0.13000000000603462,-0.10970489769662986,-6.034617250350038e-12,0.05029510230337014
2017-04,StressKODEX200Only,0.01911218964653022,0.019285300293541814,2.401777867889457,0.0,0.05120377313984502,0.00015361131941953507,1.9499327592059566e-05,0.46571844814139335,0.3174462995740176,0.21683525228458916,1.823450177201695e-18,0.007015595147500307,0.0014083333334369047,0.00028877178953842173,0.0001731121471133335,0.005849544544130099,False,True,0.13000000000478024,-0.09971818872093603,-4.780231765977305e-12,0.06028181127906397
2017-05,StressKODEX200Only,0.024796364817572615,0.024796442414057457,2.4613332281124154,0.0,2.5808502390992754e-05,7.742550717297827e-08,1.7097766970353451e-10,0.4685712882268719,0.3120151856342886,0.21941352613883958,4.0964868167652233e-19,0.007970359106259664,0.0012172080813311877,0.00029100890454485036,8.058476396113207e-08,0.007070665576285259,False,True,0.12085734142357366,-0.1007364992418228,0.009142658576426349,0.0592635007581772
2017-06,StressKODEX200Only,0.011832907852528421,0.01184766748256203,2.490457957395036,0.0,0.0042170371524594685,1.2651111457378406e-05,2.1085185762297342e-06,0.47986834453586463,0.3050137255516886,0.21511792991244685,5.086299517875914e-19,0.007580039358278849,0.0014083333333341106,0.0002999453285304966,1.4761445888030587e-05,0.0065611659171932665,False,True,0.13000000000003586,-0.10329458827421116,-3.5860203695392556e-14,0.05670541172578884
2017-07,StressKODEX200Only,0.0038568476260387513,0.003856853837148913,2.5000632742557642,0.0,1.9211266135826807e-06,5.763379840748042e-09,4.477303212485622e-10,0.48720864212385806,0.3018615962721577,0.2109297616039843,4.893094891172328e-19,0.007350413308233273,0.0012670449257269761,0.0003045687018058278,9.582088721082861e-09,0.006412312561475236,False,True,0.12330668720196693,-0.10491137821740663,0.006693312798033077,0.05508862178259337
2017-08,StressKODEX200Only,0.0036045589703686356,0.003604575131118614,2.509074899757472,0.0,5.372523740055064e-06,1.6117571220165192e-08,4.31787579582578e-11,0.4868547541928403,0.3009412901634024,0.21220395564375744,5.1414578232697846e-21,0.0073203152800650996,0.00110649762875122,0.00030243881174073006,1.977452193779332e-08,0.006464607879426822,False,True,0.11523008090344569,-0.10491681164692944,0.014769919096554313,0.055083188353070564
2017-09,StressKODEX200Only,0.014583550168231957,0.01458356987101159,2.5456661194339367,0.0,6.308387332801288e-06,1.8925161998403863e-08,7.776176359358987e-10,0.4776941171750838,0.3001328092373101,0.22217307358760618,6.665869696427515e-20,0.007884297533139222,0.0013696646506746212,0.000293962353985039,2.2064518451165794e-08,0.006905480789298421,False,True,0.1282028697342437,-0.1033913952911216,0.0017971302657563137,0.05660860470887841
2017-10,StressKODEX200Only,0.0150708961685402,0.015458037466685589,2.584031589199696,0.0,0.11484056585713649,0.00034452169757140947,4.261960057398012e-05,0.5197708376749992,0.18046311584435235,0.29976604648064853,3.4694467463201315e-18,0.00877210036429014,0.0014083333333333337,0.0003828187738817431,0.0003871427981889888,0.00729797212555274,False,True,0.13000000000000003,-0.12924883610290583,-2.7755575615628914e-17,0.030751163897094175
2017-11,StressKODEX200Only,-0.023422640243819674,-0.023186810109042673,2.523506746907206,-0.02342264024381968,0.06738210739334612,0.00020214632218003834,3.3683812596962736e-05,0.46850137174520595,0.1763253434402697,0.35517328481452437,0.0,0.008223827250843337,0.0014083333424629075,0.0003595989565018075,0.00023583168652910598,0.0069242299365809695,False,True,0.13000000042136498,-0.13837396933144083,-4.213649706930056e-10,0.02162603066855917
2017-12,StressKODEX200Only,0.007724344221426021,0.007748845583171604,2.5429991816654085,-0.01587922055821145,0.00816711822178687,2.450135466536061e-05,7.080221521239276e-12,0.4730437507914808,0.17339090117922049,0.3535653480292988,2.111097272133335e-18,0.007990884720135417,0.0014083333333391706,0.0003645241773221738,2.450483380886761e-05,0.0068976890423347904,False,True,0.1300000000002694,-0.13852063040015028,-2.6939561692529423e-13,0.021479369599849724
2018-01,StressKODEX200Only,0.021709094926973118,0.0218174570764226,2.598205392299398,0.0,0.03527840837014182,0.00010583522511042545,2.5269243390558536e-06,0.5087129360133928,0.14202355563126168,0.3492635083553455,0.0,0.008390755337940696,0.0014083333383485283,0.00039883520110989084,0.00010836364969342404,0.007179389817963117,False,True,0.13000000023147054,-0.14162344041378294,-2.3147053718197697e-10,0.01837655958621706
2018-02,StressKODEX200Only,-0.04253410992868513,-0.042469033910341125,2.4876930385260327,-0.042534109928685226,0.021691911803400743,6.507573541020223e-05,2.8293380413546563e-10,0.4903041624388568,0.15973663631581192,0.34995920124533125,0.0,0.006793600662937069,0.0014083333333338901,0.00037553124825471417,6.507868468242316e-05,0.0056488240633329875,False,True,0.1300000000000257,-0.13889821032548422,-2.5701663020072374e-14,0.021101789674515786
2018-03,StressKODEX200Only,0.01279342130784873,0.012940569757136769,2.5195191436524986,-0.030284845409108474,0.04818692685090058,0.00014456078055270172,2.5876687353358354e-06,0.42766019096706814,0.21529178306227628,0.35704802597065566,0.0,0.006049697150649343,0.0014083333339666914,0.0003240701242148032,0.00014714994951426323,0.0048743104099369305,False,True,0.1300000000292319,-0.1322510781016664,-2.9231894682624215e-11,0.02774892189833361
2018-04,StressKODEX200Only,0.003087922266870743,0.0031398846662453617,2.52729922291799,-0.027290440390725368,0.01732068925833813,5.196206777501439e-05,3.315996044970372e-10,0.41729427115064216,0.2311923920638283,0.3515133367855295,4.171202135336559e-19,0.006456246211232589,0.001408333333334389,0.00030772672282093156,5.196497292379251e-05,0.00539238784882067,False,True,0.13000000000004872,-0.12876733016330946,-4.8711035205428743e-14,0.03123266983669054
2018-05,StressKODEX200Only,-0.01358184556332918,-0.013581842436414773,2.492973835179996,-0.040501631407312555,1.0105810430427466e-06,3.03174312912824e-09,9.517127855240859e-11,0.4241150153045751,0.23034734645053356,0.3455376382448914,4.416048777662266e-19,0.006286962590914142,0.0012781316670124516,0.00030764195358844946,7.608527137027301e-09,0.005340247195292329,False,True,0.12384498376660001,-0.12718243586982678,0.006155016233399993,0.03281756413017323
2018-06,StressKODEX200Only,-0.015027738445822851,-0.015027721360998354,2.455510076432631,-0.05492072192971709,5.6413228935597884e-06,1.6923968680679365e-08,1.6085581572289084e-10,0.41573296941237464,0.23430141289077933,0.3499656176968461,4.47997957120532e-19,0.006985514361332308,0.0012210367553024952,0.0003021321514015204,2.0314034831554906e-08,0.006072843518244707,False,True,0.12104726788998563,-0.12795359618927868,0.008952732110014378,0.032046403810721324
2018-07,StressKODEX200Only,-0.008388011497946652,-0.008313393140604475,2.4349132296781906,-0.06284805778064173,0.021319756840515874,6.395927052154763e-05,1.0659086820628993e-05,0.42813745996077324,0.23966715208627024,0.33219538795295656,1.6807013773295624e-18,0.007331845469898306,0.001408333345707473,0.0003007428737551343,7.462029148097163e-05,0.0062523156318084645,False,True,0.13000000057111413,-0.12286110000419516,-5.711141282116472e-10,0.037138899995804844
2018-08,StressKODEX200Only,-0.0020409372342029344,-0.0018769947653210954,2.429943724605687,-0.06476072607362271,0.04684082394957732,0.00014052247184873198,2.34199970331071e-05,0.4776327571321927,0.24213432496947707,0.2802329178983303,2.7897892015669116e-19,0.007585864947859667,0.001408333333333414,0.00031799204065408564,0.00016394467334770272,0.006399761567191172,False,True,0.13000000000000372,-0.11367111703757962,-3.7192471324942744e-15,0.04632888296242038
2018-09,StressKODEX200Only,0.0025696350508669706,0.0030641229575358447,2.4361877931720683,-0.06235750245439409,0.14963631887725853,0.0004489089566317756,4.557895003709842e-05,0.6294490918983523,0.18762178867681673,0.18292911942483103,0.0,0.009023360960560058,0.0014083333344273438,0.0004766826634675966,0.0004944894066976813,0.007348022223181108,False,True,0.13000000005049278,-0.14698154449483794,-5.0492776626498426e-11,0.013018455505162063
2018-10,StressKODEX200Only,-0.058908976858557706,-0.05880162857501533,2.2926744628409943,-0.11759306264390834,0.03578273692480598,0.00010734821077441793,7.276795993549357e-11,0.5965633815244049,0.22236536541546847,0.18107125306012667,0.0,0.008439589572093138,0.0014083333333413917,0.0004233364471061873,0.00010735151358217856,0.007204734944734076,False,True,0.13000000000037193,-0.13488084323156743,-3.7192471324942744e-13,0.02511915676843257
2018-11,StressKODEX200Only,0.01626971830383519,0.01669511807676366,2.3299756305138137,-0.10323655034377488,0.14179980837798473,0.00042539942513395416,3.477945141466821e-10,0.41517692422198527,0.3799740132526117,0.20484906252540303,0.0,0.009259067764398832,0.001408333333335031,0.0002203902938238176,0.0004254023180237808,0.007909108485883718,False,True,0.13000000000007836,-0.0833079080641874,-7.835398996292042e-14,0.0766920919358126
2018-12,StressKODEX200Only,-0.0023147512831227664,-0.0023005554124310022,2.324582316433437,-0.10531233468952428,0.0047318351019334515,1.4195505305800355e-05,3.65385963874143e-10,0.42085169166821923,0.3814108523262806,0.1977374560055002,2.7755575615628914e-17,0.007932134159569726,0.0014083333333335544,0.00022198803057525641,1.419838658230025e-05,0.0069917810757453925,False,True,0.1300000000000102,-0.08425887091399684,-1.0186296250935811e-14,0.07574112908600317
2019-01,StressKODEX200Only,0.04743753870829945,0.047644668824355675,2.4348547800498768,-0.06287055393452046,0.06904331607345887,0.0002071299482203766,1.6783584605211207e-10,0.47907583693669076,0.3152757006121219,0.20564846245118737,0.0,0.008397659723076932,0.0014083333333491353,0.0002861992692391063,0.000207133054403244,0.007200160732760013,False,True,0.13000000000072934,-0.10041014938767095,-7.29333260451881e-13,0.05958985061232905
2019-02,StressKODEX200Only,-0.0016853879986195894,-0.0016853851730587808,2.430751105025199,-0.06444998065607233,8.073030881572424e-07,2.421909264471727e-09,4.0365154407862203e-10,0.49733075500974133,0.301054228227115,0.20161501676314375,3.3337911464662414e-21,0.005819475841329543,0.0011575730839386187,0.0003047069668781844,7.306419844620415e-09,0.004935975026062204,False,True,0.11785956476783471,-0.10543243363103408,0.012140435232165292,0.054567566368965925
2019-03,StressKODEX200Only,-0.008650016241410492,-0.008650012137692266,2.4097250684879046,-0.07254250351804914,1.1724909220328658e-06,3.5174727660985977e-09,5.862454610233705e-10,0.4961167730531597,0.3019307372542564,0.201952489692584,1.8267539224922037e-21,0.005215141282848516,0.001251525486940251,0.0003014013640271079,8.225111187342896e-09,0.0042879689502400955,False,True,0.12254919764438693,-0.10508222549288179,0.007450802355613073,0.05491777450711821
2019-04,StressKODEX200Only,0.01275821790001015,0.012758223780849107,2.44046886599079,-0.060709798684934646,1.6802397019149994e-06,5.0407191057449985e-09,8.401198509505594e-10,0.48853911218009516,0.3072846881514287,0.20417619966847625,0.0,0.005568237867588238,0.0013703776312278333,0.00029165331596876527,9.512755225629414e-09,0.004591386223250331,False,True,0.1282362334706303,-0.10289553484066533,0.0017637665293697147,0.05710446515933468
2019-05,StressKODEX200Only,-0.016340382278241902,-0.016133699561441374,2.400590671782353,-0.07605815964462947,0.05905227527368097,0.0001771568258210429,2.9525890979488586e-05,0.43261113124345024,0.3043315754947343,0.26305729326181543,1.7279537979819987e-19,0.004681788476634398,0.0010055080300540161,0.00025358507040179704,0.00020668514944850987,0.0037187642417570825,False,True,0.10984578444641466,-0.09902304739526811,0.020154215553585347,0.06097695260473189
2019-06,StressKODEX200Only,0.03673124520722804,0.036731256213959805,2.488767356389775,-0.04212062534931882,3.1447805032003284e-06,9.434341509600986e-09,1.5723902516140418e-09,0.4076419413924271,0.31242447896150094,0.27993357964607196,1.5227612171822373e-19,0.0053052861598245635,0.0011934122299099774,0.0002379076202733685,1.4350789286495454e-08,0.00447065807380692,False,True,0.11967015818039069,-0.09999792966234147,0.010329841819609317,0.06000207033765853
2019-07,StressKODEX200Only,-0.008294428972895496,-0.008294423161156717,2.4681244523221393,-0.05006568778696041,1.6856600646847154e-06,5.056980194054146e-09,7.547585850614459e-10,0.41874348625888663,0.3027618640847641,0.27849464965634924,2.78730345148033e-17,0.005044855132861817,0.0010699079109571207,0.00024603812253132,9.584438733732832e-09,0.004263853470413203,False,True,0.1133088475428351,-0.10127567192688303,0.016691152457164904,0.05872432807311698
2019-08,StressKODEX200Only,0.026502724668159103,0.026502725927044442,2.5335364751287837,-0.024889840257541263,3.5968152488350626e-07,1.0790445746505187e-09,1.798407624625599e-10,0.4001644184765937,0.30966388528785804,0.2901716962355483,5.524690161911291e-17,0.005229411096015669,0.0010298903849187675,0.00023380012292669388,6.700585959499272e-09,0.004480659080043632,False,True,0.11116962093587084,-0.10244821595351639,0.01883037906412917,0.05755178404648362
2019-09,StressKODEX200Only,0.0014407274826632684,0.0014407285371472844,2.5371866107568315,-0.02348497225177615,3.288997710848745e-07,9.866993132546235e-10,6.778470273969664e-11,0.38005222403843775,0.3035962088944049,0.31635156706715734,5.136883844821164e-17,0.0058382439234657465,0.001133476295327771,0.00022973819057434426,6.625119110879861e-09,0.005041760960108405,False,True,0.11662639299889735,-0.10868671971228998,0.013373607001102655,0.051313280287710025
2019-10,StressKODEX200Only,0.0030754404726609807,0.003075441179460353,2.5449895771462465,-0.020481758413277595,2.025735230947972e-07,6.077205692843916e-10,9.907880341161352e-11,0.40226992075109713,0.30051246580774355,0.2972176134411593,1.0748867817413768e-16,0.00529929063463878,0.0010058909010134877,0.00023649516275860827,6.569370585437274e-09,0.0045598434520028415,False,True,0.1098666956459593,-0.10457351487574112,0.020133304354040704,0.05542648512425888
2019-11,StressKODEX200Only,-0.0014431826389675203,-0.0014431803408035554,2.5413166923721557,-0.021895382134087593,6.566182756684698e-07,1.9698548270054097e-09,3.283091378480533e-10,0.4057902217408142,0.2965204871087001,0.2976892911504857,1.0499624389907753e-16,0.004540553183109862,0.0009049285342537707,0.00023840803072012754,7.081880952329831e-09,0.0038496738033818962,False,True,0.10420720901667624,-0.10524782960954705,0.025792790983323766,0.05475217039045295
2019-12,StressKODEX200Only,0.03447848092952893,0.03447848273248749,2.6289374314860026,0.0,5.1513101675953e-07,1.54539305027859e-09,2.5756550831030806e-10,0.409757474829878,0.2991907654856314,0.2910517596844906,5.3772642363061144e-17,0.004441896197508176,0.0009842116755299096,0.00023703378637513124,6.86319379596371e-09,0.0037127497101742944,False,True,0.10867630885505321,-0.10349876883433531,0.021323691144946796,0.05650123116566469
2020-01,StressKODEX200Only,0.004806934850859923,0.004806936973572242,2.641574562446143,0.0,6.106088007440104e-07,1.8318264022320312e-09,2.9088591702028284e-10,0.4235250171845872,0.28858423690201973,0.28789074591339314,1.106203589407264e-16,0.004456828100022634,0.0010752647184754072,0.000246555887413419,7.071984679269834e-09,0.003672632781386832,False,True,0.11359215035249966,-0.10444556356679624,0.016407849647500347,0.05555443643320376
2020-02,StressKODEX200Only,-0.009242230518437198,-0.009242229843313568,2.6171605214083757,-0.0092422305184372,1.9289246611100332e-07,5.7867739833301e-10,9.644623297220476e-11,0.40428793640685406,0.2891449372892307,0.30656712630391525,4.018501960795586e-17,0.004934408055343825,0.0012067739833331636,0.00023753971207747038,6.558603028057747e-09,0.004093474792996745,False,True,0.12033822252301205,-0.10832507711369,0.00966177747698796,0.05167492288631001
2020-03,StressKODEX200Only,-0.04951990588629211,-0.04938798847776345,2.487558978698914,-0.05830446201927686,0.041639926508932744,0.00012491977952679823,6.997629001867724e-06,0.36304279477699164,0.33736984119708735,0.29958736402592107,0.0,0.0061142339500815275,0.0014083333339600947,0.00019948181327129186,0.00013191890864526026,0.005078666561184927,False,True,0.13000000002892745,-0.10014238446014788,-2.8927443773696382e-11,0.059857615539852124
2020-04,StressKODEX200Only,0.041026288049688844,0.04134295425445998,2.5896142898996053,-0.019670189622972956,0.09420479875888604,0.0002826143962766581,3.405180849447911e-05,0.307514790028191,0.44492199972830393,0.24756321024350514,5.551115123125783e-17,0.005524238522495988,0.00140833333460768,0.00014698851743322826,0.0003166677048225164,0.004356415632936404,False,True,0.130000000058816,-0.07579821718584301,-5.881600761981076e-11,0.084201782814157
2020-05,StressKODEX200Only,0.034226116221600385,0.034226122093317386,2.6782467295548265,0.0,1.7615084866456797e-06,5.284525459937039e-09,5.871915392657969e-10,0.31846449165750734,0.42884992962959423,0.2526855787128984,3.3891705014167244e-21,0.0038838854363484328,0.0013035347730360933,0.00015570928730278938,9.362690795230195e-09,0.0030763993998368013,False,True,0.12506964970140885,-0.0787375128758731,0.004930350298591152,0.0812624871241269
2020-06,StressKODEX200Only,0.018413853397238333,0.018413861885020946,2.7275635721944824,0.0,2.466504600173728e-06,7.399513800521184e-09,1.0882688102342752e-09,0.3264081926071107,0.4180214290094456,0.2555703783834437,1.0882120434701599e-20,0.004130484193444918,0.0010814774239456914,0.00016158373850327598,1.1844594730713846e-08,0.003428149898374066,False,True,0.113919836232977,-0.08059857687268479,0.01608016376702301,0.07940142312731521
2020-07,StressKODEX200Only,0.04783639105084438,0.04783658517686456,2.858040369850016,0.0,5.554376561761612e-05,1.6663129685284835e-07,2.7494723321613874e-08,0.33890028579223963,0.4104421852091792,0.2506575289985812,6.498561803214715e-20,0.003903960467298264,0.001122799229337983,0.00016757672858789697,1.9654126560670277e-07,0.0031747875827757687,False,True,0.11607579744311815,-0.07967493366143283,0.013924202556881857,0.08032506633856717
2020-08,StressKODEX200Only,0.007055748771779107,0.007055766772135072,2.8782059846792802,0.0,5.198306452236512e-06,1.5594919356709535e-08,2.4054366079273583e-09,0.34170726247261685,0.39440334066985233,0.2638893968575308,6.335374646654178e-20,0.004355679788576453,0.0009587006269113458,0.00017438476866848415,2.0876481535056504e-08,0.0037019238299707607,False,True,0.1072586011606349,-0.08439254227731594,0.0227413988393651,0.07560745772268407
2020-09,StressKODEX200Only,-0.010052619587814011,-0.010052606354628416,2.8492724748199296,-0.010052619587814116,3.863393209152521e-06,1.1590179627457565e-08,1.6430059691097118e-09,0.3491707616150657,0.38744723043601303,0.26338200794892125,6.55273723076157e-20,0.004210547963678508,0.0010683778299963222,0.00017874742443659407,1.6087753542097737e-08,0.003497595536490211,False,True,0.113227796763674,-0.08511220551669844,0.016772203236326,0.07488779448330156
2020-10,StressKODEX200Only,-0.018676411503373253,-0.018676387335246125,2.7960582895949577,-0.02854128423107849,6.950643707634459e-06,2.0851931122903377e-08,3.31619600595076e-09,0.35574373014587307,0.39495668748651314,0.24929958236761385,0.0,0.004204803025438905,0.0012225495924913842,0.00017730320975274167,2.702215975071884e-08,0.003416197997280721,False,True,0.12112223210417075,-0.08127027428346129,0.008877767895829253,0.07872972571653872
2020-11,StressKODEX200Only,0.03740612774778296,0.0374061302554384,2.9006480031657937,0.0,7.164729844411077e-07,2.1494189533233233e-09,3.5823649222055387e-10,0.353042378123496,0.40080980209018086,0.24614781978632327,0.0,0.0038493770110396798,0.0009020180520571898,0.00017488209548542034,7.189482960655387e-09,0.003223478700042704,False,True,0.10403949550380508,-0.07990163681226364,0.025960504496194928,0.08009836318773636
2020-12,StressKODEX200Only,0.06262299854586718,0.0626230015050653,3.082295278850118,0.0,8.972540437857114e-07,2.691762131357134e-09,2.6743598979805955e-10,0.3931441379951788,0.3852822667528613,0.22157359525195996,3.016118234610685e-22,0.0034517324920976897,0.0009096178212980985,0.00019770067144989537,7.378860390374013e-09,0.0027992155311383545,False,True,0.10447685799054823,-0.07899636283997771,0.02552314200945177,0.08100363716002229
2021-01,StressKODEX200Only,0.012711823159869375,0.012711864307795563,3.1214768713613608,0.0,1.359829893578247e-05,4.079489680734741e-08,3.5302938082571976e-10,0.41962735373617177,0.361653569414714,0.21871907684911432,2.1747276678351233e-20,0.0031338161437950637,0.0011260063838891452,0.0002199789726092121,4.3797255737903363e-08,0.0023507901819855414,False,True,0.11624145820949487,-0.08413918107118734,0.013758541790505133,0.07586081892881266
2021-02,StressKODEX200Only,-0.010393351104200445,-0.009619103689001707,3.0890342662736607,-0.010393351104200588,0.2580823133532331,0.0007742469400596994,4.751390390579664e-10,0.17159005685234796,0.6144220065368792,0.21398793661077284,3.0516377471914434e-19,0.0029073701843443946,0.0004481647303770078,6.429044474456761e-05,0.000774249773654321,0.0018447476007570018,False,True,0.07333469004859906,-0.0519156081053483,0.05666530995140094,0.1080843918946517
2021-03,StressKODEX200Only,-0.003810915155673944,-0.0038109039720886076,3.077262218771922,-0.014164658080633274,3.717348494663928e-06,1.1152045483991785e-08,3.153985221610236e-11,0.18045788372702473,0.6172079573519678,0.20233415892100753,2.799817425348563e-17,0.0030818064666270715,0.00048589517437454293,6.33581334506997e-05,1.4961168560003662e-08,0.0027754857848205404,False,True,0.07635929604504298,-0.048646936396812834,0.05364070395495703,0.11135306360318717
2021-04,StressKODEX200Only,0.005193653621850304,0.005193678923908157,3.0932444528398295,-0.009044570786525874,8.336365979677837e-06,2.500909793903351e-08,2.9295991333917816e-10,0.1802066796916771,0.6178297038888004,0.20196361641952246,2.2240075916853563e-17,0.0030697726433484757,0.0004249821670417871,6.288348898415612e-05,2.813425147987112e-08,0.002794369936591946,False,True,0.07141278600153789,-0.048509044581363285,0.05858721399846212,0.11149095541863671
2021-05,StressKODEX200Only,0.013306289451176878,0.013306297482542863,3.1344040588725632,0.0,2.4519531965500497e-06,7.355859589650149e-09,6.755063955837361e-10,0.18107664630077877,0.6124085384115687,0.20651481528765253,2.2936412747707102e-17,0.003593768369884135,0.00034194810917919467,6.43146720151541e-05,1.1064689974734154e-08,0.003358468578589409,False,True,0.06405760930717237,-0.04932758874048638,0.06594239069282763,0.11067241125951363
2021-06,StressKODEX200Only,-0.010792535443200578,-0.010484715254168778,3.1005758919738695,-0.01079253544320058,0.08794863318963601,0.00026384589956890804,4.397428946289157e-05,0.09290726660759337,0.6036870646791874,0.30340566871321933,1.2552905202028666e-20,0.004658667654298175,0.0005218255541057561,8.578883578774496e-05,0.0003078231098627193,0.004004142931594832,False,True,0.07913220993545596,-0.08083467011753946,0.05086779006454405,0.07916532988246054
2021-07,StressKODEX200Only,0.01481612746021118,0.014816140640671088,3.1465144195894124,0.0,3.7658456879530237e-06,1.1297537063859072e-08,1.882922843920992e-09,0.0964240768611082,0.6118824795538469,0.2916934435850449,2.0517674055714484e-21,0.004890706587121539,0.0005238484888139131,8.007337965946438e-05,1.66043337227531e-08,0.004548692358721395,False,True,0.07928544548507599,-0.0764799290162511,0.050714554514924015,0.0835200709837489
2021-08,StressKODEX200Only,0.001215217499775112,0.0012152299573245338,3.150338118975392,0.0,3.5592998348515925e-06,1.0677899504554778e-08,1.7796499174327352e-09,0.09247279439071718,0.6100042927170407,0.29752291289224214,2.0180414963234992e-21,0.005641379769720784,0.00046778885249795213,8.226764056818152e-05,1.540282797937098e-08,0.005325202300075647,False,True,0.07492306874371488,-0.07855476975179362,0.05507693125628513,0.08144523024820638
2021-09,StressKODEX200Only,-0.015911038638912946,-0.01591100154826257,3.100212967438734,-0.015911038638912967,1.0597328678627059e-05,3.1791986035881176e-08,5.2986643393204685e-09,0.09073355423635487,0.6090321267752901,0.3002343189883552,5.551115123125783e-17,0.005562414054321962,0.0005286042423982412,8.309296591538844e-05,3.897840990079327e-08,0.005214979988797552,False,True,0.07964452842963474,-0.07952297384633958,0.05035547157036527,0.08047702615366042
2021-10,StressKODEX200Only,-0.007167207933353181,-0.007167199422324951,3.077993096463423,-0.022964208849905465,2.4317223516617934e-06,7.295167054985381e-09,1.2158611757961826e-09,0.08787857984550651,0.6107661618302593,0.30135525832423427,8.505773644866463e-18,0.005283116054070475,0.0006592354191709019,8.433866076769023e-05,1.155229452337342e-08,0.0048691481314228095,False,True,0.08894281887848407,-0.07983161361035292,0.041057181121515934,0.08016838638964709
2021-11,StressKODEX200Only,0.008364289014912483,0.00836430104286242,3.1037383203081483,-0.014791999114812326,3.436557124682236e-06,1.0309671374046709e-08,1.7182785623237404e-09,0.08688089058328739,0.6062787360373937,0.3068403733793189,9.313501521921012e-18,0.00490930491945946,0.0006168248678205886,8.700246043827767e-05,1.4736672102223623e-08,0.0045138752884387855,False,True,0.08603428626917912,-0.08189542604652732,0.04396571373082088,0.07810457395347269
2021-12,StressKODEX200Only,0.008418183696261296,0.008418197396804071,3.129866159633628,-0.006498337184334457,3.914440792646033e-06,1.1743322377938099e-08,1.957220396378477e-09,0.08262683164742055,0.6118656568392009,0.3055075115133786,3.5438034982474745e-17,0.0052318723697316275,0.0006869128304344152,8.54951278673689e-05,1.6283501529619204e-08,0.004802904543145521,False,True,0.09079071519276066,-0.08120233575749297,0.03920928480723934,0.07879766424250703
2022-01,StressKODEX200Only,-0.007203606825841522,-0.007042163684430412,3.1073198344021207,-0.013655132544078241,0.04612661183174575,0.00013837983549523726,2.306330591587281e-05,0.042358339457562254,0.6036144651355886,0.3540271954068492,4.593036156486444e-19,0.005627696649668008,0.000611256368589186,0.00011348419097206981,0.00016144464217240247,0.005047139632228944,False,True,0.08564506070445763,-0.09848522815654455,0.04435493929554238,0.061514771843455454
2022-02,StressKODEX200Only,0.018961796926606815,0.018961817310409898,3.166240202088071,0.0,5.823943737784389e-06,1.747183121335317e-08,2.911971868885253e-09,0.03931996205745684,0.5995524946464351,0.3611275432961081,5.346324613518146e-19,0.005752994001943772,0.0007636897110805664,0.00011799873982048675,2.2614265160004836e-08,0.005253127792317843,False,True,0.09573022789572161,-0.10115425356508255,0.034269772104278395,0.058845746434917454
2022-03,StressKODEX200Only,-0.0037542464038609314,-0.003754206105438868,3.154353356195622,-0.003754246403860906,1.1513834875287852e-05,3.454150462586356e-08,5.756917437635103e-09,0.038318504532192016,0.586537948151696,0.37514354731611205,2.775557561562892e-17,0.0060656715438873,0.001045328719192635,0.00012695005196323143,4.2194245497485574e-08,0.005416014938082254,False,True,0.11199975281361839,-0.10581328929243339,0.018000247186381615,0.054186710707566615
2022-04,StressKODEX200Only,-0.004813054576123081,-0.004720329714308493,3.139171281339875,-0.008549231587150041,0.02649281766131093,7.94784529839328e-05,1.3246408830655434e-05,0.012287947647838278,0.5793436699948177,0.4083683823573441,1.0539833833287859e-20,0.00613703091534147,0.0014082830508953185,0.00015395654552709828,9.272662043302361e-05,0.005186206223933688,False,True,0.12999767925137673,-0.11795861900409602,2.320748623274582e-06,0.04204138099590399
2022-05,StressKODEX200Only,-0.009981157155867048,-0.009981112494719174,3.1078387194416375,-0.018445057518983843,1.2760327963738313e-05,3.828098389121494e-08,6.380163981883901e-09,0.011989753793636124,0.5755767471674228,0.4124334990389411,1.0124930361167974e-20,0.006239819061940132,0.0013542668899120388,0.00015647406764407072,4.6644829923481734e-08,0.005406164904510118,False,True,0.12748020504746793,-0.1195786797760583,0.002519794952532073,0.04042132022394171
2022-06,StressKODEX200Only,-0.005341766837900718,-0.005341734443564731,3.0912373696325806,-0.02368829516030635,9.255524567833241e-06,2.7766573703499723e-08,4.627762283910522e-09,0.01206060761633999,0.5815026714858821,0.40643641135821645,3.0953956148435626e-07,0.006124790753192506,0.001287322475764982,0.00015154638408780024,3.405321313089134e-08,0.005329549078009084,False,True,0.12428945936474173,-0.11716980659579637,0.005710540635258277,0.04283019340420363
2022-07,StressKODEX200Only,0.008582418187807415,0.008582428852573806,3.117767661456545,-0.015309179827721064,3.212120912959301e-06,9.636362738877903e-09,1.0284036520050548e-09,0.010684836460606723,0.5780417775524966,0.4112730822215759,3.037653208655067e-07,0.005862917681308047,0.0012763832383302445,0.00015484741183929363,1.3410106841764251e-08,0.0050698652401967885,False,True,0.12376024749475469,-0.11904835335067301,0.006239752505245319,0.04095164664932699
2022-08,StressKODEX200Only,-0.020827785984005875,-0.02082778277214903,3.052831463855873,-0.035818109490684535,9.94250968729727e-07,2.9827529061891808e-09,2.2910394106438413e-10,0.011022643538250155,0.58191879798038,0.4070582813052396,2.771761302361189e-07,0.00529424834340791,0.0011079141153714498,0.00015078835683896946,7.516773102485038e-09,0.004589495412110113,False,True,0.1153038133994596,-0.11736920971675424,0.014696186600540409,0.04263079028324576
2022-09,StressKODEX200Only,0.013589704466116138,0.01358970589618498,3.0943185412345353,-0.022715162547081724,4.629413625636742e-07,1.3888240876910225e-09,4.124475348898153e-11,0.011087717666475108,0.5781194903804171,0.4107925109351056,2.8101800217906056e-07,0.004249647469643903,0.0011130495268786178,0.00015503047278282706,6.7645966064915755e-09,0.003538085468825161,False,True,0.1155707329843651,-0.11887487962773387,0.014429267015634906,0.041125120372266136
2022-10,StressKODEX200Only,-0.008831604668388175,-0.008748702405102218,3.0669907431602885,-0.03134615587987588,0.02368636093884483,7.105908281653449e-05,1.1843180469422409e-05,0.0335457309599053,0.5630767468365111,0.4033775222035837,6.42599617555544e-19,0.004285102125272911,0.0014083333333343127,0.0001457550519567209,8.2903761699162e-05,0.0033522766449498712,False,True,0.1300000000000452,-0.11699816608489547,-4.518607710224387e-14,0.04300183391510454
2022-11,StressKODEX200Only,0.004035570107581411,0.004132649818200763,3.079367799323615,-0.027437085381951,0.0323598592687272,9.70795778061816e-05,1.3281316982299355e-10,0.0033136632388243844,0.5980633459823972,0.3986229907787785,5.696031872489153e-19,0.004928055101596488,0.0014083333333428873,0.00014640466741943533,9.708274876785528e-05,0.003980401018737754,False,True,0.13000000000044096,-0.11358871218911774,-4.4095282980549655e-13,0.04641128781088226
2022-12,StressKODEX200Only,0.009095193458657433,0.009107700530712564,3.1073752451888232,-0.018591437522784138,0.003573517446645965,1.0720552339937895e-05,1.7865197151928078e-06,1.4854099822375336e-18,0.6081432261947021,0.391856773805298,1.823097303546246e-19,0.00503789406697065,0.0012640955334083323,0.00014144551965422349,1.2509518085971576e-05,0.004251891262526288,False,True,0.12316308863007613,-0.11071013008773326,0.00683691136992387,0.04928986991226675
2023-01,StressKODEX200Only,0.02562901828871961,0.025629020548915585,3.187014222177682,0.0,6.457702782514126e-07,1.937310834754238e-09,3.22885139125706e-10,1.3406459073829732e-18,0.6057865133095013,0.3942134866904988,1.7187818310285244e-19,0.004915578530661479,0.0013052027979610227,0.00014242308429540318,7.166351622264148e-09,0.004120546881033942,False,True,0.12514964472795068,-0.11073006055816186,0.004850355272049328,0.04926993944183815
2023-02,StressKODEX200Only,-0.002782177084846089,-0.002782176505757657,3.1781473842396606,-0.0027821770848461824,1.65453837741581e-07,4.963615132247431e-10,8.272691887079039e-11,1.429379490017349e-18,0.6087738660665148,0.39122613393348527,1.6429756013549623e-19,0.004800520150329762,0.0010545970492047397,0.00013959937557459024,6.547582756213991e-09,0.004133615702570045,False,True,0.1124951758541533,-0.10955947576502434,0.017504824145846698,0.050440524234975664
2023-03,StressKODEX200Only,0.03780722618545486,0.037807226726521856,3.2983043212463214,0.0,1.5459057001177054e-07,4.6377171003531163e-10,7.729528500588532e-11,1.4136906927974662e-18,0.5998022672330625,0.4001977327669375,1.7205222110279087e-19,0.004468493683151806,0.0009508364887898577,0.00014532854868097757,6.541575001764456e-09,0.0038477403485008984,False,True,0.10681777878929281,-0.11312246213676744,0.02318222121070719,0.046877537863232566
2023-04,StressKODEX200Only,0.01691381609591603,0.016916678386584328,3.354091233964247,0.0,0.0008177973337993868,2.4533920013981603e-06,4.0889866689963755e-07,2.1079740058794395e-19,0.5911586290425975,0.40884137095740253,4.4419598894097586e-20,0.005002313308262088,0.0014083333333333443,0.0001508908004835583,2.8652928081914757e-06,0.004144390548303666,False,True,0.1300000000000005,-0.1165694935470504,-4.996003610813204e-16,0.0434305064529496
2023-05,StressKODEX200Only,-0.016772815144914122,-0.01677281354896211,3.297833681717788,-0.016772815144914133,4.5598628906073997e-07,1.36795886718222e-09,2.2799314453036953e-10,2.113942163925635e-19,0.5832722740084284,0.4167277259915716,4.240660172646883e-20,0.0051590047108400336,0.0012261119177916773,0.00015598739570492768,6.846695052079051e-09,0.004389954509544215,False,True,0.12129856970921021,-0.11970572023319201,0.008701430290789791,0.040294279766807994
2023-06,StressKODEX200Only,-0.012131748808761477,-0.01213174753415143,3.2578251918781147,-0.028701080373521703,3.641742994942022e-07,1.0925228984826066e-09,1.8208714974710107e-10,2.227778665428512e-19,0.5883495876741546,0.4116504123258454,3.8957601289134143e-20,0.004909437464120952,0.001070921144067613,0.0001528272542509532,6.724866544595677e-09,0.004221142912969648,False,True,0.1133624881908092,-0.11768754901960063,0.016637511809190805,0.042312450980399374
2023-07,StressKODEX200Only,-0.004404102669844786,-0.004404101783968002,3.2434773952526768,-0.032978780538665986,2.531076525313926e-07,7.593229575941778e-10,1.265538262795741e-10,2.2304453544272466e-19,0.5948513158295654,0.40514868417043465,4.144411758456948e-20,0.004519715921499426,0.0008303480445239958,0.00014805510963737106,6.610370850232217e-09,0.003956480179229206,False,True,0.09982072196837663,-0.1150981076759559,0.030179278031623374,0.04490189232404411
2023-08,StressKODEX200Only,0.015508909024447029,0.01550890945621158,3.2937801910985014,-0.017981336421330152,1.233613002027402e-07,3.7008390060822066e-10,6.168065011524792e-11,2.299374596787365e-19,0.5996623170685342,0.4003376829314658,4.626288861668554e-20,0.004112423873664535,0.0007097520639470313,0.0001439945527544135,6.526530962186698e-09,0.003613546762405644,False,True,0.09228772815149572,-0.11317835388348897,0.037712271848504286,0.04682164611651103
2023-09,StressKODEX200Only,-0.020118798841200075,-0.020118798367335478,3.227513290006661,-0.03773837237217359,1.3538988422046052e-07,4.0616965266138155e-10,6.7694942124108e-11,2.2032041632369035e-19,0.5914800394400272,0.4085199605599728,4.932918662936495e-20,0.0038616141142651466,0.0006158681235080034,0.00014915989619920577,6.5319325664841365e-09,0.0034045136243793725,False,True,0.08596753737368566,-0.11644149774176014,0.04403246262631434,0.04355850225823986
2023-10,StressKODEX200Only,0.02847202681878645,0.02847202762419216,3.31940713495772,-0.010340833503665103,2.3011591751553883e-07,6.903477525466166e-10,1.1505795874389152e-10,2.1796163343103386e-19,0.5993761599645713,0.4006238400354288,5.498141565225748e-20,0.003793696713797176,0.00068764284267924,0.00014470394794675276,6.591473006967944e-09,0.003305164753037796,False,True,0.09083894600968727,-0.11329262789134925,0.039161053990312736,0.04670737210865075
2023-11,StressKODEX200Only,0.010590911078772698,0.01059091168168845,3.3545626807583013,0.0,1.7226164347751531e-07,5.16784930432546e-10,8.613082178035327e-11,4.912791094074942e-22,0.5797175634347912,0.4202824365652088,0.0,0.004144863108324256,0.001028276957769358,0.00015831188575840465,6.551550000248622e-09,0.003472406192131172,False,True,0.11108250759337537,-0.12013737334709025,0.01891749240662463,0.03986262665290975
2023-12,StressKODEX200Only,0.020070936948556804,0.02007093795464727,3.421891896813783,0.0,2.874544192399409e-07,8.623632577198227e-10,1.437272096060927e-10,5.318556468214699e-22,0.5899595816433693,0.4100404183566307,1.0979987388161266e-22,0.0047263135996762195,0.0008383265038204043,0.00015005509273266016,6.641732833205104e-09,0.004157088613300524,False,True,0.10029914279715879,-0.11612403426871025,0.029700857202841213,0.043875965731289754
2024-01,StressKODEX200Only,0.005863784546419584,0.005863785405688642,3.4419571336378376,0.0,2.765035138437865e-07,8.295105415313595e-10,2.975851595699015e-11,2.1698648202162407e-07,0.5934087351663867,0.40659104784713135,0.0,0.004828344842047058,0.00096559178987762,0.00014688102752394728,6.594730005369169e-09,0.004198661324854296,False,True,0.10764339960504518,-0.11476931617666208,0.022356600394954823,0.04523068382333792
2024-02,StressKODEX200Only,0.00028172512056903704,0.00028172730519020065,3.4429268194263054,0.0,6.420343675361371e-07,1.9261031026084114e-09,2.5851806101373496e-10,3.2812637466367143e-07,0.5869299185368051,0.4130697533368203,0.0,0.005246697224255397,0.0007403114530410661,0.0001508311253959199,7.045730258490708e-09,0.004725703326608685,False,True,0.09425358049693812,-0.11731251964912413,0.035746419503061885,0.04268748035087587
2024-03,StressKODEX200Only,0.04893845270125062,0.048938455195733845,3.611418330732667,0.0,7.127094935235615e-07,2.1381284805706845e-09,3.5635474676665167e-10,3.51250590155522e-07,0.5854260291309159,0.414573619618494,0.0,0.00523166508105135,0.000615514843764229,0.00015121286912236424,7.297717595905801e-09,0.004772687492329275,False,True,0.0859428771054981,-0.11790207429351773,0.04405712289450191,0.04209792570648227
2024-04,StressKODEX200Only,0.018196222601592947,0.018196224676526703,3.677132502586152,0.0,5.928382161781554e-07,1.7785146485344662e-09,2.964191080923051e-10,3.5394575297394777e-07,0.563243714435106,0.4367559316191411,0.0,0.005689918405496468,0.0009729137332303528,0.00016694201584923493,7.068603927867116e-09,0.00503651245442813,False,True,0.10805075103285601,-0.12663178040789266,0.021949248967143994,0.03336821959210734
2024-05,StressKODEX200Only,0.008705115921660466,0.008718111552270138,3.70914236728047,0.0,0.003713116662034826,1.1139349986104479e-05,1.8562806235668707e-06,0.0037100522301826283,0.5491897920188291,0.44709960033608714,5.554149011460001e-07,0.005868127894102487,0.0014083333333350628,0.0001733574273312495,1.2996769913579666e-05,0.0049776070301901275,False,True,0.13000000000007983,-0.13100901910335977,-7.982503547054876e-14,0.028990980896640234
2024-06,StressKODEX200Only,0.006353895964044927,0.006353899384950491,3.7327098719980016,0.0,9.774751952349782e-07,2.932425585704935e-09,4.884799787797477e-10,0.003668874055205866,0.548023409897239,0.4483071917054419,5.243421132634317e-07,0.0061527306227384965,0.0011564205475042908,0.00017350703049934864,7.884877980836693e-09,0.005401005433609022,False,True,0.11780087677963814,-0.13149909853304842,0.01219912322036186,0.028500901466951584
2024-07,StressKODEX200Only,0.0289777251044118,0.028977729463988387,3.840875312563284,0.0,1.2772815023811136e-06,3.831844507143341e-09,5.277320756426969e-10,0.003859555722010165,0.552626023594793,0.4435138567609287,5.639222682710846e-07,0.006281719334657709,0.0010695177830346647,0.00016899333570522264,8.377382066779446e-09,0.005577958730053088,False,True,0.11328818736486156,-0.12955403715329894,0.01671181263513845,0.030445962846701063
2024-08,StressKODEX200Only,-0.007188118899599324,-0.007000746775949417,3.8132666441380434,-0.007188118899599361,0.06245730689485354,0.00018737192068456063,2.029653467305748e-10,0.06622729848723023,0.4838098228916007,0.4499628786211691,2.789716421931825e-17,0.006686857943405332,0.0013402882852139913,0.000166186403888091,0.00018737469527760692,0.0056631527016326386,False,True,0.12682057964923474,-0.13561956599215694,0.0031794203507652663,0.024380434007843066
2024-09,StressKODEX200Only,0.014272706714023198,0.014581125432152823,3.867692280572193,0.0,0.10280611824192794,0.0003084183547257838,3.634038416557752e-10,0.1657955798069319,0.38401734523901604,0.45018707495405214,2.949483865880742e-17,0.007011702113547336,0.0014083333333418447,0.00017746233762649862,0.00030842123697655044,0.005821651872273365,False,True,0.13000000000039283,-0.14088795574941362,-3.92824661687996e-13,0.01911204425058638
2024-10,StressKODEX200Only,0.03185503665647755,0.032107330571020276,3.9908977599457955,0.0,0.07563061510297864,0.00022689184530893592,2.540206923379014e-05,0.22940972786958452,0.3569790344694582,0.4136112376609573,3.1763735522036263e-21,0.007071629265746645,0.001408333334345069,0.00017376336031341055,0.00025229541460253577,0.005941403823658164,False,True,0.13000000004669549,-0.1300146075585439,-4.6695480815373e-11,0.029985392441456094
2024-11,StressKODEX200Only,-0.01119630136573165,-0.010969384980793494,3.946214465905619,-0.011196301365731687,0.07563875051613553,0.00022691625154840658,1.333897503138266e-10,0.29645675412539646,0.2696748311876033,0.43386841468700027,2.958283918350825e-17,0.0073730172718722,0.0014083333430156564,0.00021825298722112605,0.0002269194213471039,0.006223678191796141,False,True,0.13000000044687646,-0.14366677607387937,-4.468764525089597e-10,0.016333223926120632
2024-12,StressKODEX200Only,0.009322019386933385,0.009409262719493359,3.9830011536617884,-0.0019786541171915584,0.024926666445706888,7.477999933712066e-05,1.2463333222853437e-05,0.31033449351729026,0.284665180805344,0.4050003256773658,1.1733197165498237e-18,0.00783875231242784,0.0014083333333340016,0.00020868645491876068,8.724483275296682e-05,0.006838654358089111,False,True,0.13000000000003084,-0.1326878728686983,-3.083644450896372e-14,0.02731212713130171
2025-01,StressKODEX200Only,0.03277013442469128,0.032820186244653375,4.113524636880986,0.0,0.01668391672244618,5.005175016733854e-05,6.979475397588833e-11,0.3145179116032814,0.26355920411707034,0.42192288427964825,5.603156486441717e-17,0.008434551015360102,0.0014083333333333383,0.00022020153530450827,5.005506026420975e-05,0.007460127753124716,False,True,0.13000000000000023,-0.14009180423941725,-2.220446049250313e-16,0.019908195760582753
2025-02,StressKODEX200Only,0.020887645493897634,0.02088767766321258,4.19944648122657,0.0,1.0449077290145309e-05,3.1347231870435925e-08,8.220830738894407e-10,0.31318466572309467,0.257256859405359,0.42955847487154636,4.855439526961307e-17,0.00785806969404134,0.0011766987912327713,0.0002230254016160718,3.438628536541112e-08,0.007046660510523518,False,True,0.11882922828493524,-0.14318520562249187,0.011170771715064767,0.01681479437750813
2025-03,StressKODEX200Only,0.04662968947914331,0.046629716910742004,4.395265366630446,0.0,8.803898611853579e-06,2.6411695835560737e-08,1.0199028558640846e-09,0.31503175254937443,0.25468858692094615,0.4302796605296795,4.515799519115513e-17,0.008018898252743514,0.0013099416228635492,0.00022360234166513986,2.9590666142818675e-08,0.007140295508980456,False,True,0.12537663049533032,-0.14363321350035604,0.004623369504669683,0.01636678649964396
2025-04,StressKODEX200Only,0.003760833882239824,0.0037608544571073044,4.411795229542705,0.0,6.855607363487536e-06,2.0566822090462607e-08,8.045389970702463e-12,0.3055705634874112,0.24319125064036262,0.45123818587222614,1.0537361834933652e-20,0.008193198902952148,0.0013999177922309407,0.00023017590471780756,2.4260845520851116e-08,0.0072630398412733485,False,True,0.12961100843204362,-0.15162678597936313,0.00038899156795638157,0.008373214020636871
2025-05,StressKODEX200Only,0.019429777171266597,0.019934949807480295,4.497515427777977,0.0,0.1443350389182002,0.00043300511675460065,7.216751945910007e-05,0.3063958660270656,0.3897484507134218,0.3038556832595127,0.0,0.007714698279222047,0.001408333333524722,0.0001539341798332001,0.0005051750939758976,0.006351422338650588,False,True,0.13000000000883333,-0.0938629205565273,-8.833322961976364e-12,0.0661370794434727
2025-06,StressKODEX200Only,0.05535626164665863,0.05557803517301897,4.746481068557939,0.0,0.07392443391675332,0.00022177330175025998,2.2461007886976208e-10,0.3932008134556492,0.3061468069458278,0.3006523795985229,6.742636668319926e-19,0.007665893383760357,0.0013299137578662514,0.00021293760750723027,0.00022177632047195626,0.006566222576848045,False,True,0.12632879756569765,-0.10461315130998415,0.0036712024343023564,0.05538684869001585
2025-07,StressKODEX200Only,0.025052535702532776,0.025052547613318762,4.865392454989383,0.0,3.403081710012696e-06,1.0209245130038089e-08,1.701540855075685e-09,0.4329593363951197,0.28970112617433946,0.2773395374305409,5.595787615661881e-17,0.006295077541671142,0.0013269389153612414,0.00023877159780433374,1.466338147626088e-08,0.005392821822804711,False,True,0.1261874279963535,-0.10520778677653524,0.003812572003646514,0.05479221322346477
2025-08,StressKODEX200Only,0.011560697651178415,0.011892887366086152,4.92163978611584,0.0,0.09491134711649657,0.0002847340413494897,4.745567355824823e-05,0.34334301267073836,0.28250964997873235,0.37414733735052935,0.0,0.005951034186117357,0.0012462433339987485,0.0002063046788113361,0.00033219205669206877,0.004789415783614578,False,True,0.12229031036016297,-0.1226841091314105,0.007709689639837036,0.03731589086858951
2025-09,StressKODEX200Only,0.08411889605915944,0.08411890242246839,5.335642691724742,0.0,1.8180882727092398e-06,5.45426481812772e-09,9.0904413635462e-10,0.33554419937996327,0.2796800491753228,0.384775751444714,5.042745293459182e-22,0.006051080196824593,0.0011185447215433227,0.00020560938066685645,9.755569045232246e-09,0.0052861886998170305,False,True,0.11585567167178253,-0.12614549015987714,0.014144328328217479,0.033854509840122865
2025-10,StressKODEX200Only,0.09388113628613329,0.09391473379803744,5.8365588904406644,0.0,0.011199044796738916,3.359713439021675e-05,3.775139402196217e-10,0.33471180391740457,0.2683716265202673,0.39691656956232807,1.1415870984083057e-19,0.006288079236639942,0.0014083333486129882,0.00021046402075896095,3.360000802870908e-05,0.005339848533545778,False,True,0.13000000070521484,-0.13099841386168318,-7.052148309760753e-10,0.029001586138316826
2025-11,StressKODEX200Only,0.017796616755766267,0.018433640696865674,5.940429892186296,0.0,0.2085208301345441,0.0006255624904036323,1.1461450695772646e-05,0.18805518191287102,0.45261511778397817,0.35932970030315087,0.0,0.006159904481360218,0.0014083333333333465,0.00012068274620345591,0.0006370254411506672,0.004698029627339421,False,True,0.13000000000000062,-0.1040532525496234,-6.106226635438361e-16,0.0559467474503766
2025-12,StressKODEX200Only,0.0211526059837636,0.021221214377863267,6.066085465069885,0.0,0.01960249019374112,5.880747058122336e-05,9.800923518444582e-06,0.1780769943352158,0.4578803779569798,0.36404262770780443,0.0,0.0065350713277331106,0.00140833333336568,0.00011952465154615217,6.861071290934436e-05,0.005642769296594774,False,True,0.13000000000149292,-0.1053542733338626,-1.492916901213448e-12,0.0546457266661374
2026-01,StressKODEX200Only,0.07110068232280718,0.07111090881142827,6.497388280664817,0.0,0.003408604295878498,1.0225812887635494e-05,6.757334522211612e-10,0.18556525893992462,0.4534072261108521,0.3610275149492233,0.0,0.006487939738908408,0.0014083333340761642,0.0001197341650471605,1.0228648544888896e-05,0.005653810258278277,False,True,0.1300000000342845,-0.10459074177594428,-3.428449191211769e-11,0.05540925822405572
2026-02,StressKODEX200Only,0.10038570685028886,0.10093875667955576,7.149633195900138,0.0,0.15801423693340044,0.00047404271080020134,7.900711846670019e-05,0.33306189329465746,0.45940820912098057,0.20752989758436202,0.0,0.01138594234974723,0.0014083333333691755,0.00013587656990661986,0.0005530513292981644,0.009992847783857858,False,True,0.13000000000165426,-0.07975224274161602,-1.6542600622670989e-12,0.08024775725838398
2026-03,StressKODEX200Only,-0.053708730623628874,-0.053169225431001756,6.765635472523782,-0.05370873062362891,0.16345529297676878,0.0004903658789303063,4.913931369681362e-05,0.30272664638951163,0.5842011852095712,0.11307216840091723,5.453000004666479e-17,0.020749418633888125,0.001408333333333341,0.00010373439616255894,0.0005395066926533906,0.019402010878405505,False,True,0.13000000000000037,-0.08282150507005058,-3.608224830031759e-16,0.07717849492994942
2026-04,StressKODEX200Only,0.07317966273047098,0.07332254086739205,7.260742394560384,0.0,0.04265314152523353,0.00012795942457570058,1.4918712345363489e-05,0.2905069952818999,0.5688829799068864,0.14061002481121368,8.2569830489533265e-19,0.009467771345123992,0.001408333333338098,0.00010994565182719228,0.0001428796370306845,0.008510779389597066,False,True,0.1300000000002199,-0.07633085182186383,-2.1990742560262788e-13,0.08366914817813617
2026-05,StressKODEX200Only,0.08423187204940305,0.08440450037969849,7.872328318922671,0.0,0.057542388809021246,0.00017262716642706374,1.1638683754052086e-09,0.29117287177251766,0.5843929695144503,0.1244341587130321,0.0,0.019565908698988086,0.0014083333333690057,0.00010803922780320581,0.0001726302417438528,0.018581072562756526,False,True,0.1300000000016464,-0.07745713640848832,-1.6464052343678759e-12,0.08254286359151168
2026-06,StressKODEX200Only,-0.0005071488399663583,-0.0003810702549607709,7.868335876747895,-0.000507148839966387,0.04202566692405035,0.00012607700077215105,1.5842334363502221e-09,0.3115206606073797,0.5743930066016752,0.11408633279094503,3.231169897310651e-17,0.023635930214993522,0.0014083333333359605,0.00012017439598472436,0.00012608039316052983,0.022685508759180288,False,True,0.13000000000012124,-0.0833363058112024,-1.212363542890671e-13,0.07666369418879761
2026-07,StressKODEX200Only,-0.07494239650085284,-0.07471932950515481,7.278663929670768,-0.0754115383913696,0.07262369293768779,0.00021787107881306338,5.195916884976685e-06,0.24979614176089193,0.633579326742969,0.11662453149613906,0.0,0.01165428055961453,0.0014083333343036242,8.267800009687097e-05,0.00022306849581664838,0.010644367396549198,False,True,0.13000000004478265,-0.07082519409079223,-4.4782649810670705e-11,0.08917480590920777
