month,macro_signal_month,stress_signal_month,stress_signal_date,stress_score,crash_evidence,crash_pressure,normalization_state,return,gross_return,nav,drawdown,turnover,trade_cost,fx_cost,p_Goldilocks,p_Overheating,p_Slowdown,p_Stagflation,w_KODEX200,w_BOND,w_GLD,w_USO,expected_monthly_return,expected_monthly_variance,expected_annual_log_growth,downside_risk_aversion_lambda,variance_penalty,downside_semivariance,expected_shortfall,tail_multiplier,tail_penalty,estimated_transaction_cost,monthly_utility,policy,covariance_mode,tail_mode,internal_transaction_cost,market_crash_pressure,portfolio_vulnerability,portfolio_crash_pressure,solver_success,primary_solver_success,primary_solver_message,used_feasibility_retry,used_fallback,solver_status,solver_message,solver_iterations,objective_value,expected_annual_volatility,historical_cdar,sum_error,volatility_slack,cdar_slack,largest_weight,largest_asset,weights_above_half,macro_mu_KODEX200,macro_mu_BOND,macro_mu_GLD,macro_mu_USO,stress_mu_adjustment_KODEX200,stress_mu_adjustment_BOND,stress_mu_adjustment_GLD,stress_mu_adjustment_USO
2007-04,2007-03,2007-03,2007-03-30,0.44154815101722783,0.39908186850465355,0.0,False,0.03393011195333315,0.035430112811317284,1.033930111953333,0.0,1.0,0.0015,8.579841371298685e-10,0.3429454267428201,0.07263428340210744,0.4822763499007575,0.102143939954315,0.5816926117985137,0.418305672233212,1.7159682739289787e-06,3.307581362931442e-16,0.005295763311045625,0.00045056090379496527,0.06084579430977771,1.0,0.00022528045189748263,0.00021731095691217986,0.034737815061586914,1.0,0.00021731095691217986,0.0015000028982274632,0.0033531690040084997,Stage17A_DynamicSigma,confirmed,semivariance,True,0.0,0.35997523224965006,0.0,True,True,Optimization terminated successfully,False,False,0,Optimization terminated successfully,12,-0.0033531690040084997,0.07353047562432588,-0.04746192014041334,0.0,0.056469524375674124,0.11253807985958666,0.5816926117985137,KODEX200,1,0.005981859489816315,0.004319868846811146,0.008036764827242006,-0.019417707978684137,0.0,2.181489682848952e-05,-0.0028478603448940445,0.0
2007-05,2007-04,2007-04,2007-04-30,0.4955475396676942,0.5243661813533004,0.04873236270660075,False,0.08907241786857138,0.09024457428806087,1.126024766932139,0.0,0.3907174951646124,0.0011721524854938373,3.933995654539036e-09,0.3824198999494422,0.1333930097136458,0.3589727499538459,0.12521434038306603,0.9874809537849015,0.012509551717636784,9.494497461722791e-06,0.0,0.010073749135185016,0.001408333333334199,0.112434989622215,1.0,0.0007041666666670994,0.0006474994192674021,0.06248846313290918,1.0,0.0006474994192674021,0.0011721580460814043,0.0075499250031691115,Stage17A_DynamicSigma,confirmed,semivariance,True,0.04873236270660075,0.3135675843695676,0.0152808892545304,True,True,Optimization terminated successfully,False,False,0,Optimization terminated successfully,9,-0.0075499250031691115,0.13000000000003994,-0.08722377730719588,0.0,-3.9940273310890007e-14,0.07277622269280412,0.9874809537849015,KODEX200,1,0.010159779414038166,0.0038325053889095985,0.006029036487105609,-0.024329117534413212,-7.277578310079272e-06,2.609860763735818e-05,0.0021370497021497006,0.0
2007-06,2007-05,2007-05,2007-05-31,0.5871695775491049,0.6259018695029103,0.25180373900582054,False,0.010274073460372417,0.010614103043310105,1.1375936281057986,0.0,0.10679814918744673,0.0003203944475623402,1.9635135375349224e-05,0.32986573743684366,0.1297630813977513,0.387812797762994,0.15255838340241104,0.8816927594665579,0.07902808376780296,0.03927915676563926,0.0,0.015063251682079445,0.0014083333345494865,0.17230902017765642,1.0,0.0007041666672747433,0.0004861290477994294,0.05575970884075651,1.0,0.0004861290477994294,0.00034003108298128317,0.01353292488402399,Stage17A_DynamicSigma,confirmed,semivariance,True,0.25180373900582054,0.5502102508938299,0.138544998414397,True,True,Optimization terminated successfully,False,False,0,Optimization terminated successfully,8,-0.013532924884023988,0.13000000005613016,-0.07918875876426623,0.0,-5.613015607863758e-11,0.08081124123573377,0.8816927594665579,KODEX200,1,0.01633389739798579,0.003732169968408361,0.007043499592244383,-0.022812535123023548,0.0,2.302536151350693e-05,0.0022491317003778583,0.0
2007-07,2007-06,2007-06,2007-06-29,0.4727490475190912,0.4878612193114959,0.0,False,0.09111701932106278,0.0912430293584509,1.2412477686974326,0.0,0.036002867825176046,0.00010800860347552815,1.800143391258808e-05,0.3726100344142113,0.12204754043204279,0.38065859698200916,0.12468382817173676,0.9199204889038533,0.07822790799067267,0.0018516031054740133,3.287398367643649e-17,0.014946221495415626,0.0014083333333692368,0.1709046579447721,1.0,0.0007041666666846184,0.00048205951077207656,0.057891946838718816,1.0,0.00048205951077207656,0.00012601274632068938,0.013633982571638241,Stage17A_DynamicSigma,confirmed,semivariance,True,0.0,0.4938610485161533,0.0,True,True,Optimization terminated successfully,False,False,0,Optimization terminated successfully,14,-0.013633982571638241,0.13000000000165707,-0.08074150562087007,0.0,-1.6570633754042774e-12,0.07925849437912993,0.9199204889038533,KODEX200,1,0.01593987588440189,0.0034935591567121804,0.0048157237762527175,-0.016636595063795924,0.0,-2.0034814582234865e-06,0.00040460807199546556,0.0
2007-08,2007-07,2007-07,2007-07-31,0.6341131253053367,0.5678133621281115,0.13562672425622302,False,-0.014487211926388981,-0.014260542610966742,1.2232655492191553,-0.014487211926389021,0.07555624369566667,0.000226668731087,5.843352398558456e-10,0.3282145338471756,0.10819526939321378,0.4238642036379763,0.13972599312163433,0.8504575628810987,0.14779945403999495,0.0017429830789063299,8.4392149560414665e-19,0.018631593594326663,0.0014083333335033704,0.21512912313089974,1.0,0.0007041666667516852,0.0003809001501074387,0.05314020381533288,1.0,0.0003809001501074387,0.00022667155432654136,0.017319855223140997,Stage17A_DynamicSigma,confirmed,semivariance,True,0.13562672425622302,0.5154454949486384,0.06990818401251138,True,True,Optimization terminated successfully,False,False,0,Optimization terminated successfully,16,-0.017319855223140997,0.13000000000784787,-0.07394744724992319,0.0,-7.84786124974346e-12,0.08605255275007681,0.8504575628810987,KODEX200,1,0.021237938761680175,0.003775575555098884,0.006240372031549492,-0.007970839241781132,0.0,-1.2483520876854465e-06,0.0005207116642009093,0.0
2007-09,2007-08,2007-08,2007-08-31,0.676341430829936,0.604155869999016,0.2083117399980321,False,0.03186567134641574,0.03188550908256715,1.2622457271799659,0.0,0.0066124368236642524,1.9837310470992756e-05,4.2568041178549917e-10,0.36907606328132014,0.0977704766240169,0.4214964947934556,0.11165696530120746,0.8551846627342364,0.14300140040817116,0.0018139368575924187,2.7755575615628914e-17,0.016606962302597846,0.001408333333389756,0.1908335476308356,1.0,0.000704166666694878,0.0003749549674871935,0.053464388653669176,1.0,0.0003749549674871935,1.9840160301055998e-05,0.015508000508114718,Stage17A_DynamicSigma,confirmed,semivariance,True,0.2083117399980321,0.4598717921316774,0.09579669319496305,True,True,Optimization terminated successfully,False,False,0,Optimization terminated successfully,8,-0.015508000508114718,0.13000000000260412,-0.07441390825918248,0.0,-2.6041113709851516e-12,0.08558609174081752,0.8551846627342364,KODEX200,1,0.01885089981116167,0.003418055633750853,0.007402303621850981,-0.009527169581596839,0.0,-0.000126868188748397,0.0010420320491611212,0.0
2007-10,2007-09,2007-09,2007-09-28,0.5193018641774033,0.28829916499271335,0.0,True,0.0559948066278339,0.05603934216287871,1.3329249325902177,0.0,0.014845062676319085,4.453518802895726e-05,3.4701585202011446e-10,0.39272223717645033,0.06551509001248977,0.4643058002067272,0.07745687260433265,0.8740257253465094,0.1240896568734545,0.0018846177800361005,5.551115123125783e-17,0.017607210706916385,0.0014083333333333333,0.20283652848299663,1.0,0.0007041666666666666,0.0003712580021654122,0.054753778089966024,1.0,0.0003712580021654122,4.453808156802428e-05,0.016487247956516283,Stage17A_DynamicSigma,confirmed,semivariance,True,0.0,0.44892935033999853,0.0,True,True,Optimization terminated successfully,False,False,0,Optimization terminated successfully,16,-0.016487247956516283,0.13,-0.07626015543351261,0.0,0.0,0.08373984456648739,0.8740257253465094,KODEX200,1,0.01964864206481681,0.003370312922101818,0.01097708850210908,-0.004330054794991905,0.0,-2.194595231028309e-05,-0.0012698863484997044,0.0
2007-11,2007-10,2007-10,2007-10-30,0.7818130798505039,0.5361762784448465,0.0,True,-0.05889406954525075,-0.05809707136908369,1.2544235589116508,-0.05889406954525067,0.22771376461915918,0.0006831412938574776,0.00011385688230957958,0.46394896786708834,0.19175007547114664,0.24361492532554746,0.10068603133621763,0.7703980869478733,7.860502377599774e-17,0.22960191305212627,2.452925914163974e-16,0.021149899146241657,0.0014083333333333502,0.24534878975489977,1.0,0.0007041666666666751,0.0003330072712570357,0.0505998088852998,1.0,0.0003330072712570357,0.0007969996761846411,0.0193157255321333,Stage17A_DynamicSigma,confirmed,semivariance,True,0.0,0.4485051250705499,0.0,True,True,Optimization terminated successfully,False,False,0,Optimization terminated successfully,8,-0.01931572553213331,0.13000000000000078,-0.07941528764698141,1.1102230246251565e-16,-7.771561172376096e-16,0.08058471235301859,0.7703980869478733,KODEX200,1,0.02224973240988005,0.0034170722214673277,0.013634121970384964,0.005240729763161041,0.0,-0.00012687961831703794,0.0038254357888653674,0.0
2007-12,2007-11,2007-11,2007-11-30,0.6626775724585523,0.330891488848047,0.0,True,0.02480707263335077,0.02512257354667983,1.2855421352505585,-0.03554798637278256,0.09014311809401661,0.0002704293542820498,4.507155904700821e-05,0.3303845902520425,0.22506108407086484,0.2644253174041543,0.18012900827293832,0.6621374764259178,0.0,0.3378625235740823,2.856866361799075e-18,0.015105911026347525,0.0014083333333333881,0.17282093231616996,1.0,0.0007041666666666941,0.00039222705949928125,0.05941486355471106,1.0,0.00039222705949928125,0.0003155039133484712,0.013694013386833079,Stage17A_DynamicSigma,confirmed,semivariance,True,0.0,0.5989762074236449,0.0,True,True,Optimization terminated successfully,False,False,0,Optimization terminated successfully,7,-0.013694013386833079,0.13000000000000253,-0.07575091597799682,0.0,-2.525757381022231e-15,0.08424908402200318,0.6621374764259178,KODEX200,1,0.016795507113575185,0.0030570845221652744,0.013610521919044563,0.002613805947482122,-0.0005781325728853524,-0.00037877100665056337,-0.000682839003766991,0.0
2008-01,2007-12,2007-12,2007-12-28,0.5132411542673639,0.4689537091171352,0.0,False,-0.04147630840702973,-0.041476290178509574,1.2322225931786748,-0.0755498955337659,5.208148615045053e-06,1.5624445845135158e-08,2.604074307464662e-09,0.23527417869557943,0.24077260879188606,0.25895072709012407,0.2650024854224105,0.6419543201736049,3.4724868905474014e-22,0.3580456798263951,0.0,0.016594247464524647,0.0012782493070080242,0.19146147373224762,1.0,0.0006391246535040121,0.0003600882202331513,0.044215294020001385,1.0,0.0003600882202331513,2.1561490967957456e-08,0.015595013029296516,Stage17A_DynamicSigma,confirmed,semivariance,True,0.0,0.5281959876349,0.0,True,True,Optimization terminated successfully,False,False,0,Optimization terminated successfully,2,-0.015595013029296516,0.12385068301828735,-0.07315822209957663,0.0,0.0061493169817126575,0.08684177790042337,0.6419543201736049,KODEX200,1,0.01582020318536925,0.003046356919003379,0.017639887350137957,0.009048293983437828,6.303466285221209e-05,-2.1061383654365574e-05,0.00022915749524635658,-3.077643264176635e-08
2008-02,2008-01,2008-01,2008-01-31,0.6374043030072718,0.3991836764851433,0.0,True,0.05254504273321124,0.05408262573135771,1.2969697819940766,-0.02697462528986605,0.43930942804184825,0.0013179282841255448,0.0002196547140209241,0.21111358580875786,0.2406430955114571,0.25620343359159486,0.2920398850881902,0.14645222299025162,0.0,0.8535477770097484,0.0,0.021381225816094366,0.0014083333333333367,0.24812470979313236,1.0,0.0007041666666666684,0.00027682457641319593,0.041095655085769234,1.0,0.00027682457641319593,0.0015375859981504522,0.018862648574864048,Stage17A_DynamicSigma,confirmed,semivariance,True,0.0,0.4898166144606083,0.0,True,True,Optimization terminated successfully,False,False,0,Optimization terminated successfully,9,-0.018862648574864048,0.13000000000000014,-0.07296069034356178,0.0,-1.3877787807814457e-16,0.08703930965643822,0.8535477770097484,GLD,1,0.007627285474422043,0.0043170842370760035,0.022943910653148103,0.004970461675198238,-6.144217526168083e-05,-9.37024502723042e-05,0.0008077665138406277,2.3992698355054124e-05
2008-03,2008-02,2008-02,2008-02-29,0.587668445200261,0.4614919988311883,0.0,True,-0.043773806349046714,-0.04376354426933086,1.2401964779165027,-0.06956764961513595,0.002932022775958042,8.796068327874126e-06,1.466011387979027e-06,0.19252177382100585,0.2509316611680591,0.24162025470055298,0.31492631031038215,0.13728102805713646,3.0769514097075336e-18,0.8627189719428635,0.0,0.02378147265673076,0.0014083333338632863,0.2769276718775894,1.0,0.0007041666669316432,0.00026739425134753123,0.04135083922009842,1.0,0.00026739425134753123,1.0265080312710703e-05,0.022799646658138877,Stage17A_DynamicSigma,confirmed,semivariance,True,0.0,0.3959211615478653,0.0,True,True,Optimization terminated successfully,False,False,0,Optimization terminated successfully,3,-0.022799646658138877,0.13000000002445936,-0.07318358518427363,0.0,-2.445935121109244e-11,0.08681641481572637,0.8627189719428635,GLD,1,0.007666033091850297,0.00446777958586272,0.0252154048534727,0.011924191750122548,-0.0002069403713840613,-2.354106316400838e-05,0.0011633830019065236,-0.0004860280228167338
2008-04,2008-03,2008-03,2008-03-31,0.5274413701575932,0.33871868396821353,0.0,True,-0.003998313026917534,-0.0038397450756253544,1.2352377841829119,-0.07328780940234536,0.04530512894062263,0.0001359153868218679,2.2652564470311214e-05,0.24022743410559233,0.3203330257697091,0.18832122621024894,0.2511183139144496,0.19223744668353374,0.0,0.8077625533164662,1.2582070690654e-16,0.01867838550744497,0.001408333333333385,0.2156906260893393,1.0,0.0007041666666666925,0.00030799296642773747,0.04681382324864625,1.0,0.00030799296642773747,0.00015857095133080587,0.017507654923019735,Stage17A_DynamicSigma,confirmed,semivariance,True,0.0,0.48292201096008486,0.0,True,True,Optimization terminated successfully,False,False,0,Optimization terminated successfully,7,-0.017507654923019735,0.1300000000000024,-0.07185118263218444,0.0,-2.3869795029440866e-15,0.08814881736781556,0.8077625533164662,GLD,1,0.008196843639625617,0.004189854162963797,0.02104190646651766,0.013466485058172864,6.427323186324387e-05,-1.6603577044038534e-06,0.00011565948296505608,0.0003662463890127329
2008-05,2008-04,2008-04,2008-04-29,0.4680286725621713,0.32384594924772864,0.0,False,0.05447969839725936,0.05483965671648308,1.3025331661140958,-0.022800808757521662,0.1115427015280506,0.0003346281045841518,2.5330214639575946e-05,0.21768382175858922,0.3339607848638936,0.17692498823483618,0.271430405142681,0.1614266281943809,3.692640133555122e-18,0.7270306702775684,0.11154270152805078,0.01775774319092873,0.0014083333333387352,0.20464291829111236,1.0,0.0007041666666693676,0.00031139374871097194,0.04794575786899147,1.0,0.00031139374871097194,0.0003599598192625098,0.016382222956285882,Stage17A_DynamicSigma,confirmed,semivariance,True,0.0,0.45279147550960386,0.0,True,True,Optimization terminated successfully,False,False,0,Optimization terminated successfully,11,-0.016382222956285882,0.1300000000002493,-0.08566182977805033,0.0,-2.493005801795789e-13,0.07433817022194968,0.7270306702775684,GLD,1,0.013084881721956949,0.004471419632955425,0.018386007129377872,0.02062120548747628,0.0004304611000669528,3.295280731431302e-05,-0.0002925756460190906,0.001088214475798732
2008-06,2008-05,2008-05,2008-05-30,0.5104176318429294,0.33494289631390406,0.0,True,0.06322086985352982,0.0634226334628456,1.3848804458889012,0.0,0.06303794113024325,0.00018911382339072973,1.2649785925044407e-05,0.23636881989914413,0.4236576198316693,0.12175140933825625,0.2182221509309303,0.17716080774465098,0.0,0.6640712482926169,0.15876794396273214,0.02074416627207991,0.0014083333343891053,0.2404799952586243,1.0,0.0007041666671945526,0.000303658325046687,0.04725282050131715,1.0,0.000303658325046687,0.00020176510938707176,0.0195345761704516,Stage17A_DynamicSigma,confirmed,semivariance,True,0.0,0.4628512417375517,0.0,True,True,Optimization terminated successfully,False,False,0,Optimization terminated successfully,8,-0.0195345761704516,0.13000000004872794,-0.09325174296043888,0.0,-4.872793835097866e-11,0.06674825703956112,0.6640712482926169,GLD,1,0.011755909718599558,0.0037887240870438975,0.02054872589478836,0.028142308536521547,0.0003037640499307046,-9.462426317444695e-06,1.1118458858917035e-05,0.003063381339040618
2008-07,2008-06,2008-06,2008-06-30,0.6831293231709922,0.61598601950512,0.23197203901024,False,-0.07842524399648933,-0.07832986650776894,1.2762708590140972,-0.07842524399648931,0.028378575951618704,8.513572785485612e-05,1.024176086552464e-05,0.12925401802483139,0.2985373264331797,0.1728886496548744,0.3993200058871146,0.170714995908678,0.0,0.684196767716653,0.14508823637466892,0.021536755650706483,0.0014083333426794485,0.24999106775240112,1.0,0.0007041666713397243,0.00029123563537783367,0.04753044643970045,1.0,0.00029123563537783367,9.537898889062506e-05,0.0204459743550983,Stage17A_DynamicSigma,confirmed,semivariance,True,0.23197203901024,0.41915659773750635,0.09723261064176429,True,True,Optimization terminated successfully,False,False,0,Optimization terminated successfully,9,-0.0204459743550983,0.13000000043135918,-0.09116296329150808,0.0,-4.3135917060510565e-10,0.06883703670849192,0.684196767716653,GLD,1,0.006558095846262355,0.003465571666625571,0.023380053410330143,0.033694688641074534,-5.927164571140709e-05,2.5970068590799412e-05,0.00035094706640142933,-0.004811333327454052
2008-08,2008-07,2008-07,2008-07-31,0.5052696849588909,0.5143110139193695,0.0,True,-0.02984804688413415,-0.029424959787454144,1.2381766665773903,-0.1059324505209166,0.13097789086008044,0.0003929336725802413,3.0153424099766763e-05,0.09954953119571709,0.2844692278230419,0.15968137577894503,0.45629986520229604,0.17522104799740743,0.06030427743523006,0.7644746745673624,8.078495559389653e-17,0.014447303574103511,0.001408333335731092,0.16491764287485558,1.0,0.000704166667865546,0.00035772286772092635,0.051559770414003524,1.0,0.00035772286772092635,0.0004230873781823918,0.012962326660334646,Stage17A_DynamicSigma,confirmed,semivariance,True,0.0,0.4732609728550406,0.0,True,True,Optimization terminated successfully,False,False,0,Optimization terminated successfully,14,-0.012962326660334646,0.1300000001106658,-0.06645720343522925,0.0,-1.106657820937329e-10,0.09354279656477076,0.7644746745673624,GLD,1,0.00326984617009036,0.0035509080945560286,0.018551969849995714,0.022799741002331925,5.9634041430391736e-05,3.1392334101123713e-05,-0.0006993437561727303,-0.0063527113959646955
2008-09,2008-08,2008-08,2008-08-29,0.6021767779138312,0.491279901235316,0.0,True,0.07644856992547723,0.07771556906630576,1.3328335020523263,-0.03758226494646477,0.41166855428325194,0.001235005662849756,3.19934779787746e-05,0.06351298359069107,0.20660719757728274,0.17161562959203006,0.5582641892399961,0.0,0.29245115104826547,0.526277619821893,0.18127122912984162,0.01634501724239225,0.0014083333350828143,0.1876902068982101,1.0,0.0007041666675414071,0.00033876782794136615,0.050551352134960675,1.0,0.00033876782794136615,0.0012669991408473952,0.01403508360606208,Stage17A_DynamicSigma,confirmed,semivariance,True,0.0,0.3848015857596994,0.0,True,True,Optimization terminated successfully,False,False,0,Optimization terminated successfully,13,-0.01403508360606208,0.13000000008074528,-0.0791354036195776,0.0,-8.074527158008493e-11,0.0808645963804224,0.526277619821893,GLD,1,-0.0009529837047232942,0.003328907015775271,0.015963356760182554,0.01916293129126197,0.00018441808727770874,-3.214480547780465e-05,0.0020266187879041907,0.013457544972633647
2008-10,2008-09,2008-09,2008-09-30,0.6080814217442396,0.33513498109023915,0.0,True,-0.08673151023825557,-0.0864840516222211,1.217234839523185,-0.12105420858773919,0.07411086517215004,0.00022233259551645014,2.5126020518013175e-05,0.09834001144156536,0.29828770585927694,0.14960032946752552,0.45377195323163216,1.2503053334420727e-17,0.3230890602820399,0.5893322678263145,0.08757867189164559,0.020686234548739062,0.0014083333347521404,0.23978481457635592,1.0,0.0007041666673760702,0.00024411182747069776,0.04282358984552789,1.0,0.00024411182747069776,0.00024746011609591784,0.019490495937796375,Stage17A_DynamicSigma,confirmed,semivariance,True,0.0,0.38024255194161044,0.0,True,True,Optimization terminated successfully,False,False,0,Optimization terminated successfully,8,-0.019490495937796375,0.1300000000654834,-0.06339330115119783,0.0,-6.548339648304591e-11,0.09660669884880217,0.5893322678263145,GLD,1,-0.0006088266230391774,0.0033902274019514387,0.023969019962595525,0.017685173785507755,0.00010809306642667572,-1.6369396800106734e-05,0.005934999564766064,0.004840565056342258
2008-11,2008-10,2008-10,2008-10-31,0.8504830122889445,0.8309977033936815,0.661995406787363,False,0.1313767883425543,0.1316139750817298,1.3771512433984054,-0.005581133384791714,0.06929883045072813,0.0002078964913521844,2.9290247823297158e-05,0.047132551927387,0.12748365408569,0.22278828190322117,0.6025955120837018,0.0,0.41700490287840997,0.58299509712159,3.506486734935728e-17,0.011137535534715925,0.0014083333333333335,0.1252004264165911,1.0,0.0007041666666666667,0.00027036587749050415,0.039900561568516145,1.0,0.00027036587749050415,0.00023718823927334828,0.009925814751285405,Stage17A_DynamicSigma,confirmed,semivariance,True,0.661995406787363,0.2805761652327325,0.18574013263808112,True,True,Optimization terminated successfully,False,False,0,Optimization terminated successfully,5,-0.009925814751285405,0.13,-0.04895859726986976,0.0,0.0,0.11104140273013025,0.58299509712159,GLD,1,-0.00979997050781307,0.003967222159650353,0.017149584298714694,0.000611909297873448,-0.0016202673163451943,-2.2597091444333733e-06,-0.0008816485991660229,-0.0008104510031646164
2008-12,2008-11,2008-11,2008-11-28,0.587662425438711,0.342540854825643,0.0,True,0.032096331644408414,0.0326083705303793,1.4213527464310303,0.0,0.14629682456310936,0.0004388904736893281,7.31484122815547e-05,0.014947308057877045,0.037896777680945536,0.2679094742839133,0.6792464399772641,0.0,0.5159808025371744,0.48401919746282557,0.0,0.016306144558037798,0.0014083333333333335,0.18722373469645356,1.0,0.0007041666666666667,0.0001676567629151311,0.032083315639221274,1.0,0.0001676567629151311,0.0005120418859828447,0.014922279242473156,Stage17A_DynamicSigma,confirmed,semivariance,True,0.0,0.23925117845470856,0.0,True,True,Optimization terminated successfully,False,False,0,Optimization terminated successfully,6,-0.014922279242473163,0.13,-0.038443587899738646,0.0,0.0,0.12155641210026136,0.5159808025371744,BOND,1,-0.01121806640766855,0.003966846747690854,0.028404096621999508,-0.008060676531069589,-9.977346416865898e-05,1.4594117541159796e-06,0.001054600132005344,0.00010980086522708338
2009-01,2008-12,2008-12,2008-12-30,0.7572844152837244,0.8128764057685586,0.6257528115371171,False,0.05333080514526222,0.053422055916173765,1.4971546327936267,0.0,0.026071648831869965,7.82149464956099e-05,1.3035824415934955e-05,0.019497086277019505,0.036851567747183886,0.3265109349375589,0.6171404110382377,0.0,0.49557943665884735,0.5044205633411526,0.0,0.020882564183586978,0.0014083333334089607,0.24214077020259,1.0,0.0007041666667044804,0.0001797238344572864,0.033694642183503765,1.0,0.0001797238344572864,9.125377097866757e-05,0.019907419911446542,Stage17A_DynamicSigma,confirmed,semivariance,True,0.6257528115371171,0.14799031499691961,0.09260535568958604,True,True,Optimization terminated successfully,False,False,0,Optimization terminated successfully,4,-0.019907419911446546,0.1300000000034905,-0.04061375360290384,0.0,-3.490485678270261e-12,0.11938624639709616,0.5044205633411526,GLD,1,-0.006216268034619903,0.006056405111751431,0.027147188234438856,-0.01920050039056666,-0.0007523250680973277,-0.0005313718192180268,0.00882373090646128,-0.002490184814327958
2009-02,2009-01,2009-01,2009-01-30,0.6729198918663233,0.6325010612848564,0.0,True,0.09091356003347241,0.09093548982037244,1.6332662903815016,0.0,0.006265653400012866,1.8796960200038598e-05,3.1328267000064194e-06,0.006156296360043405,0.008620053232122128,0.4104754516670534,0.5747481987407811,1.164341211310199e-18,0.4795482970835371,0.5204517029164629,0.0,0.02128790876451529,0.0014083333333360132,0.24700490517416737,1.0,0.0007041666666680066,0.0001881145733430745,0.034960802541925476,1.0,0.0001881145733430745,2.1932787179345497e-05,0.020373694737324862,Stage17A_DynamicSigma,confirmed,semivariance,True,0.0,0.16594251722261164,0.0,True,True,Optimization terminated successfully,False,False,0,Optimization terminated successfully,3,-0.020373694737324862,0.13000000000012368,-0.042318036073636156,0.0,-1.2367884494324244e-13,0.11768196392636385,0.5204517029164629,GLD,1,-0.003979228144538881,0.0059678787382613325,0.030011093266821796,-0.022582473178858736,-0.00015103146943708308,-0.00022401335070630965,0.005599219458412942,-0.0013476178253549204
2009-03,2009-02,2009-02,2009-02-27,0.6184779580046844,0.4258386978173505,0.0,True,-0.0682822206599995,-0.06807754497546104,1.521743241145133,-0.06828222065999956,0.05847876701099376,0.0001754363010329813,2.9239383505496866e-05,0.018212099302583495,0.02176055205694781,0.43740189384428085,0.5226254547961878,0.0,0.4983508033770847,0.5016491966229153,2.337810934421869e-17,0.022403643162063367,0.0014083333428226517,0.2603937178878245,1.0,0.0007041666714113258,0.00016720899134894308,0.03347575601756422,1.0,0.00016720899134894308,0.0002046786845684035,0.021327588814734698,Stage17A_DynamicSigma,confirmed,semivariance,True,0.0,0.1784157256164324,0.0,True,True,Optimization terminated successfully,False,False,0,Optimization terminated successfully,5,-0.021327588814734698,0.13000000043796853,-0.040319037702121724,0.0,-4.379685225597285e-10,0.11968096229787828,0.5016491966229153,GLD,1,-0.00708080206425275,0.005605129515970982,0.03554781095544253,-0.019022077791436564,-0.00014050276664305192,0.0006356039749268763,0.002912469142872716,-0.0002180143290288583
2009-04,2009-03,2009-03,2009-03-31,0.6603465368737922,0.6679871824435756,0.33597436488715116,False,-0.051433980105799165,-0.05141742391280907,1.44347392955394,-0.11620417438679242,0.00473034085431436,1.4191022562943081e-05,2.3651704271572104e-06,0.012179008504501246,0.015417480029487287,0.42914556398599046,0.543257947480021,6.581851454549805e-07,0.5434985984926607,0.4565007433221938,0.0,0.018127170431207526,0.001408333333336691,0.20907604517447018,1.0,0.0007041666666683455,0.00023339530997518667,0.03940521288350457,1.0,0.00023339530997518667,1.6558501832142027e-05,0.017173049952731854,Stage17A_DynamicSigma,confirmed,semivariance,True,0.33597436488715116,0.19501957426473066,0.06552157760415549,True,True,Optimization terminated successfully,False,False,0,Optimization terminated successfully,6,-0.017173049952731854,0.13000000000015496,-0.043782998653443095,0.0,-1.5495937866205622e-13,0.11621700134655691,0.5434985984926607,BOND,1,-0.0001895006003226527,0.00571885090027043,0.02858301421152883,-0.020190435828637325,-0.0009347559634939985,-0.0003788464527533261,0.004768270448397335,-0.0007317008066345679
2009-05,2009-04,2009-04,2009-04-30,0.5987435409586312,0.5613177644536247,0.0,True,0.04318743615204303,0.043287260002687886,1.5058138677236894,-0.0780352985966799,0.028522124576264463,8.55663737287934e-05,1.4257476916068851e-05,0.026262368980519875,0.026091761579849854,0.475366990526017,0.47227887891361325,7.96006152142975e-06,0.5516296855884065,0.448362354350072,5.373497608042476e-19,0.013108544986102103,0.0014083333333335057,0.14885253983322422,1.0,0.0007041666666667528,0.00028592102434079106,0.045065124223271975,1.0,0.00028592102434079106,9.982545479424739e-05,0.012018631840300312,Stage17A_DynamicSigma,confirmed,semivariance,True,0.0,0.20629913929597146,0.0,True,True,Optimization terminated successfully,False,False,0,Optimization terminated successfully,10,-0.012018631840300312,0.13000000000000794,-0.061724597143597765,0.0,-7.93809462606987e-15,0.09827540285640224,0.5516296855884065,BOND,1,0.005716847827040987,0.005829623752052969,0.021919361098023588,-0.019156984736969997,8.908390087277408e-05,0.00014563853823012756,-3.44579235480152e-05,2.4825670362162096e-05
2009-06,2009-05,2009-05,2009-05-29,0.7754469721471016,0.8220371765218261,0.6440743530436521,False,-0.01713399684928555,-0.01651448136338787,1.4800132576585012,-0.09383223888567693,0.2010246633797725,0.0006030739901393175,1.6441495758362436e-05,0.034436839962267075,0.009979751123175468,0.7408779494150223,0.21470545949953512,0.16814931016801354,0.3267994312830208,0.5050512585489657,1.1723589049093127e-17,0.016037210600819325,0.0014083333333333333,0.1839965272098319,1.0,0.0007041666666666666,0.00042063605580936765,0.05281549452195828,1.0,0.00042063605580936765,0.0006195169859362821,0.014292890892407007,Stage17A_DynamicSigma,confirmed,semivariance,True,0.6440743530436521,0.23743199901927067,0.1529238611601978,True,True,Optimization terminated successfully,False,False,0,Optimization terminated successfully,10,-0.014292890892407007,0.13,-0.06827565884252976,0.0,0.0,0.09172434115747025,0.5050512585489657,GLD,1,0.008700494665947082,0.005130399090022849,0.02249357449451641,-0.0037016205778577275,-0.00013569507934419926,-8.673521301934298e-05,0.003144969619242868,-0.0006196164785697696
2009-07,2009-06,2009-06,2009-06-30,0.5356013526978503,0.4708781880324775,0.0,True,0.02076483324164425,0.021052759247107422,1.510745486149203,-0.07501581643718369,0.08968822392693361,0.0002690646717808008,1.886133368237324e-05,0.09452357824405745,0.00848180981162015,0.8231330611636261,0.07386155078069633,0.22341473794624087,0.2425987544680882,0.5339865075856709,0.0,0.013419721143754434,0.0014083333333448265,0.15258665372498426,1.0,0.0007041666666724132,0.0005195732887111541,0.0586846947400449,1.0,0.0005195732887111541,0.00028792750551247823,0.01190805368285839,Stage17A_DynamicSigma,confirmed,semivariance,True,0.0,0.24751868845962202,0.0,True,True,Optimization terminated successfully,False,False,0,Optimization terminated successfully,11,-0.011908053682858391,0.13000000000053044,-0.07466356985515826,0.0,-5.304368055902842e-13,0.08533643014484174,0.5339865075856709,GLD,1,0.009461694329051688,0.004645028695470738,0.019210722430467692,0.002271172693143675,0.00012805326499758463,6.227977566566317e-05,-0.0002303870060965281,7.017896073240512e-05
2009-08,2009-07,2009-07,2009-07-31,0.5793765367439363,0.6271427122450018,0.0,True,0.01614006627275089,0.016525507169607687,1.5351290184169102,-0.06008651041323354,0.12826455431528228,0.00038479366294584685,6.472339109519498e-07,0.08608981091766169,0.003007459590723658,0.8801553998103077,0.03074732968130699,0.3776699970874454,0.11056758163446795,0.5117624212780867,0.0,0.015141507027032413,0.0014083333391261847,0.17324808428963184,1.0,0.0007041666695630924,0.0007103386846287324,0.07214498016595051,1.0,0.0007103386846287324,0.0003854423976410711,0.013341559275199519,Stage17A_DynamicSigma,confirmed,semivariance,True,0.0,0.2757331153702053,0.0,True,True,Optimization terminated successfully,False,False,0,Optimization terminated successfully,11,-0.013341559275199519,0.13000000026736236,-0.09330301871601884,0.0,-2.673623544779957e-10,0.06669698128398116,0.5117624212780867,GLD,1,0.015572908357880784,0.004372363758554054,0.01719355181124661,0.0005846786678808475,-0.00020658942949063685,-7.378559283068787e-06,0.00011034385704617139,4.872989906290734e-06
2009-09,2009-08,2009-08,2009-08-31,0.47663381396306337,0.611236191879116,0.22247238375823208,False,0.019385572499361917,0.019471107184028717,1.5648883732993055,-0.041865749317721024,0.028511454488101468,8.55343634643044e-05,3.2120249671141465e-10,0.12346679239556808,0.003052673980158776,0.8524051104221911,0.02107542320208195,0.40612409762802154,0.08030368917914985,0.5135722131928286,0.0,0.015160719415678682,0.001408333333333338,0.17347863298814414,1.0,0.000704166666666669,0.0007536480257748464,0.06525619882502681,1.0,0.0007536480257748464,8.553727703725154e-05,0.013617367446199916,Stage17A_DynamicSigma,confirmed,semivariance,True,0.22247238375823208,0.3382951847230674,0.07526133615927226,True,True,Optimization terminated successfully,False,False,0,Optimization terminated successfully,17,-0.013617367446199916,0.13000000000000023,-0.09253087362657157,0.0,-2.220446049250313e-16,0.06746912637342843,0.5135722131928286,GLD,1,0.01522713390432495,0.004165355649415799,0.01738144610454444,0.0003967480796079982,-0.0006135142505147374,-1.446134740039458e-05,-6.656035640811624e-05,2.4502184435344235e-05
2009-10,2009-09,2009-09,2009-09-29,0.5110100909362509,0.5825736303242327,0.1651472606484654,False,0.002299211972839796,0.0023010549103187894,1.5684863833833531,-0.039662795576964394,0.0005584592011594128,1.6753776034782385e-06,1.6755987551561603e-07,0.3113832863814931,0.020019102752854828,0.6282094763467828,0.04038813451886938,0.42505972746246384,0.07977185393908877,0.49516841859844746,0.0,0.014731036409244056,0.0014083333333343585,0.16832243691092252,1.0,0.0007041666666671792,0.0007490990272964277,0.0662736266728147,1.0,0.0007490990272964277,1.8444451640750586e-06,0.013275926270116376,Stage17A_DynamicSigma,confirmed,semivariance,True,0.1651472606484654,0.3556171371292578,0.0587291960365466,True,True,Optimization terminated successfully,False,False,0,Optimization terminated successfully,4,-0.013275926270116376,0.1300000000000473,-0.09632451090432337,0.0,-4.729550084903167e-14,0.06367548909567664,0.49516841859844746,GLD,0,0.014113486974406656,0.004153519797965694,0.017149689269222782,-8.482963169122474e-05,-6.440825441803453e-05,-6.705925386327156e-06,-0.000128127533263093,3.4819315324413356e-05
2009-11,2009-10,2009-10,2009-10-30,0.6208937597410227,0.6039685090511792,0.20793701810235832,False,0.05226024160748264,0.05230294385783575,1.650455860737014,0.0,0.012788921890926322,3.836676567277897e-05,4.335484680331626e-06,0.37178246829877476,0.020595186657496628,0.5757293576236472,0.031892987420081426,0.37882003497101613,0.08390323234602293,0.537276732682961,2.4880534034411005e-18,0.014618789983466444,0.0014083333336080686,0.16697547979994892,1.0,0.0007041666668040343,0.0007011802474188898,0.06365228724010838,1.0,0.0007011802474188898,4.2703750709211795e-05,0.013170739318534307,Stage17A_DynamicSigma,confirmed,semivariance,True,0.20793701810235832,0.3458025817572617,0.07190515770270196,True,True,Optimization terminated successfully,False,False,0,Optimization terminated successfully,7,-0.013170739318534307,0.13000000001268008,-0.08766133234914308,0.0,-1.2680079208848838e-11,0.07233866765085692,0.537276732682961,GLD,1,0.010772700045502145,0.004051475881399352,0.018884332459691223,0.0041012865591524466,-0.0003260507629960219,-2.236507262527963e-05,0.00032985250054366733,-5.4894686874002676e-05
2009-12,2009-11,2009-11,2009-11-30,0.437161376532362,0.363153095973616,0.0,False,-0.007206327105148665,-0.007157453896857444,1.6385621359319333,-0.00720632710514868,0.01629088943399353,4.88726683019806e-05,5.399892407098179e-10,0.4848317912379563,0.01626292301222042,0.4827134201767046,0.016191865573118736,0.346685800178406,0.0970704263769606,0.5562437734446335,0.0,0.015409483016825003,0.0014083333338287033,0.17646379619892782,1.0,0.0007041666669143516,0.0006588579897988908,0.06210683940465976,1.0,0.0006588579897988908,4.8875492133877563e-05,0.013997582867977884,Stage17A_DynamicSigma,confirmed,semivariance,True,0.0,0.3376737507249575,0.0,True,True,Optimization terminated successfully,False,False,0,Optimization terminated successfully,14,-0.013997582867977884,0.13000000002286322,-0.08344119722416603,0.0,-2.2863211324164467e-11,0.07655880277583398,0.5562437734446335,GLD,1,0.009781280177923426,0.004234672867493677,0.021232448068416038,0.004838431881345926,0.0003752989131751038,3.4240642960299e-06,-0.0005995026957719707,9.070444203726315e-05
2010-01,2009-12,2009-12,2009-12-30,0.3869047445271933,0.3881471094440551,0.0,False,-0.02070042985230685,-0.020672255660508135,1.6046431953784284,-0.027757582888722543,0.008049769085346582,2.414930725603975e-05,4.024884542673302e-06,0.43172822953564666,0.04670945281769838,0.47064264437222925,0.05091967327442582,0.38136663758524614,0.08932438726525167,0.5293089751495023,0.0,0.014168717282652028,0.0014083333333333508,0.16157460739182422,1.0,0.0007041666666666754,0.0006630124619514631,0.06349125747957084,1.0,0.0006630124619514631,2.8176931281062014e-05,0.012773361222752827,Stage17A_DynamicSigma,confirmed,semivariance,True,0.0,0.33340971059705404,0.0,True,True,Optimization terminated successfully,False,False,0,Optimization terminated successfully,10,-0.012773361222752827,0.1300000000000008,-0.0878779344536332,0.0,-8.049116928532385e-16,0.0721220655463668,0.5293089751495023,GLD,1,0.011521470443111647,0.004074371020664211,0.018776809241192283,0.0035027294777598365,0.00032863788298996,-1.7518670162353391e-06,-0.0012337530286678907,0.00021948490105439095
2010-02,2010-01,2010-01,2010-01-29,0.4755215673485539,0.31678353109638835,0.0,False,0.009148761929622513,0.009405840278271156,1.6193236939549343,-0.018862768476690772,0.08488434248112042,0.00025465302744336125,2.425321205283437e-06,0.47126339875848716,0.13718100393709762,0.30327474584544695,0.08828085145896829,0.2840051720301428,0.17203789322714058,0.5439569347427166,0.0,0.01260811835328221,0.001408333333334416,0.14284742023938002,1.0,0.000704166666667208,0.0005308755163017057,0.057015852997460946,1.0,0.0005308755163017057,0.0002570798488730096,0.011115996321440285,Stage17A_DynamicSigma,confirmed,semivariance,True,0.0,0.3310369887048756,0.0,True,True,Optimization terminated successfully,False,False,0,Optimization terminated successfully,9,-0.011115996321440289,0.13000000000004996,-0.07415651767808232,0.0,-4.9960036108132044e-14,0.08584348232191769,0.5439569347427166,GLD,1,0.006354608285069253,0.004233833080295489,0.01918942538629846,0.0016964482754540803,0.00034643498514819865,1.4216359785185615e-05,-0.0008531173194400299,0.00038197069868078036
2010-03,2010-02,2010-02,2010-02-26,0.46916697302973437,0.43741506219810294,0.0,False,0.004736084877627421,0.004950764758788332,1.626992948413858,-0.014216019271595881,0.06947000546873189,0.00020841001640619568,6.269864754715583e-06,0.45921565825037264,0.19023622099908158,0.24786622560077573,0.10268189514977002,0.2122833878369877,0.22916651954674938,0.5585500926162629,2.7381332636730322e-18,0.012626287564309741,0.0014083333333336078,0.14306545077171523,1.0,0.0007041666666668039,0.00046845270122883445,0.05634238642357816,1.0,0.00046845270122883445,0.00021468138126462782,0.011238986815149475,Stage17A_DynamicSigma,confirmed,semivariance,True,0.0,0.2961379535197407,0.0,True,True,Optimization terminated successfully,False,False,0,Optimization terminated successfully,10,-0.011238986815149475,0.13000000000001266,-0.07260294324472627,0.0,-1.2656542480726785e-14,0.08739705675527373,0.5585500926162629,GLD,1,0.004696718839349958,0.004426973773784487,0.019464265609714104,0.0034313960774957613,-9.101790448746118e-05,-3.155814830440639e-05,-0.000412632092304057,1.7190933925322565e-05
2010-04,2010-03,2010-03,2010-03-30,0.3738195129021655,0.2922466902235249,0.0,False,0.03374259650150458,0.033867303091071985,1.68189191498298,0.0,0.03563045416211391,0.00010689136248634174,1.7815227081056983e-05,0.5574084526785155,0.1642776971637804,0.21496116089979872,0.06335268925790531,0.21384129784773434,0.20381645130522222,0.5823422508470435,0.0,0.011974855989165097,0.0014083333333333474,0.13524827186998106,1.0,0.0007041666666666737,0.0004977827507138978,0.05899607097407807,1.0,0.0004977827507138978,0.00012470808971330735,0.010648198482071217,Stage17A_DynamicSigma,confirmed,semivariance,True,0.0,0.2841773102825864,0.0,True,True,Optimization terminated successfully,False,False,0,Optimization terminated successfully,9,-0.010648198482071217,0.13000000000000064,-0.07589282021179564,0.0,-6.38378239159465e-16,0.08410717978820437,0.5823422508470435,GLD,1,0.006253028949013529,0.00457564974048856,0.018137716639394445,0.00567289322773369,0.00042813692460287595,1.2405855919677159e-05,-0.0016336323426010995,0.0007311054054899875
2010-05,2010-04,2010-04,2010-04-30,0.4181018819555672,0.4355673763227553,0.0,False,0.06450978151959597,0.06453450925112597,1.7903903949581068,0.0,0.007065066151431182,2.1195198454293546e-05,3.5325330757155496e-06,0.6145494562775751,0.15971166812222695,0.17917431069311776,0.046564564907080226,0.20968609550111772,0.19404706976250258,0.5962668347363798,0.0,0.013207998656673298,0.0014083333429595654,0.15004598382232218,1.0,0.0007041666714797827,0.0005069676282753005,0.060463987077436096,1.0,0.0005069676282753005,2.4729232108152007e-05,0.011972135124810063,Stage17A_DynamicSigma,confirmed,semivariance,True,0.0,0.306484320452589,0.0,True,True,Optimization terminated successfully,False,False,0,Optimization terminated successfully,3,-0.011972135124810063,0.13000000044428764,-0.0783281300213731,0.0,-4.4428763446013875e-10,0.08167186997862691,0.5962668347363798,GLD,1,0.006739694220875173,0.004555053799771431,0.01887657685473146,0.006318823641110075,0.00013452673651462828,-1.2800106690119297e-06,-0.000624809339972403,0.00013002352800613626
2010-06,2010-05,2010-05,2010-05-31,0.5500399626770266,0.3562082349504023,0.0,True,0.010558764762191601,0.010998763672653806,1.8092947059709568,0.0,0.13607009633761846,0.0004082102890128554,3.178862144934767e-05,0.5050571935021844,0.29910856411902553,0.12299391252375004,0.07284032985504006,0.11258544263597862,0.3183107403697889,0.5691038169942324,2.7755575615628914e-17,0.014727309489698463,0.0014083333333776021,0.16827771387611595,1.0,0.0007041666666888011,0.0004052531741272392,0.05583193513577096,1.0,0.0004052531741272392,0.00044000041049378964,0.013177889238388633,Stage17A_DynamicSigma,confirmed,semivariance,True,0.0,0.32931310430203375,0.0,True,True,Optimization terminated successfully,False,False,0,Optimization terminated successfully,9,-0.013177889238388633,0.13000000000204318,-0.08160227945088216,0.0,-2.0431711877932912e-12,0.07839772054911784,0.5691038169942324,GLD,1,0.0017965199826809124,0.004483997914094642,0.02292348450194251,0.002235128273300014,-0.0001486609637320532,-2.0206726261287803e-05,0.00013190799936277568,-0.0004507751696997557
2010-07,2010-06,2010-06,2010-06-29,0.5118358171401906,0.3696795645181144,0.0,False,-0.03783454918739831,-0.037750628680977026,1.7408408564233993,-0.03783454918739826,0.02606679734094596,7.820039202283789e-05,5.7201143984442895e-06,0.3959308389261334,0.3735176997192883,0.11863357836829831,0.11191788298628008,0.09979430109397669,0.34175360303085184,0.5584520958751714,0.0,0.014398571523203615,0.0014083333336798874,0.16433285827636407,1.0,0.0007041666668399437,0.00037840646070018115,0.050543312114181144,1.0,0.00037840646070018115,8.392200658874176e-05,0.013232076389074749,Stage17A_DynamicSigma,confirmed,semivariance,True,0.0,0.2915757832470276,0.0,True,True,Optimization terminated successfully,False,False,0,Optimization terminated successfully,8,-0.01323207638907475,0.13000000001599482,-0.07929359394923378,0.0,-1.5994816582320937e-11,0.08070640605076622,0.5584520958751714,GLD,1,0.001343736342599165,0.004533410814333822,0.02291469245363868,0.0011546790698177861,-4.781304268858136e-05,-3.266038499699801e-05,-0.00011757488225999223,-0.00034968847584919866
2010-08,2010-07,2010-07,2010-07-30,0.40281600387413874,0.27692808346892533,0.0,False,0.04507241532837948,0.045135766478422865,1.8193047585247266,0.0,0.018100328583823842,5.430098575147153e-05,9.050164291911969e-06,0.40253777107319566,0.3552360353419152,0.12867321519397049,0.1135529783909187,0.09073304429554983,0.3569925188042753,0.552274436900175,2.5294856926202834e-18,0.01258845123638996,0.0014083333367707347,0.1426114148160551,1.0,0.0007041666683853673,0.00038789674931513516,0.05094302198834786,1.0,0.00038789674931513516,6.335329735380903e-05,0.01143303452133565,Stage17A_DynamicSigma,confirmed,semivariance,True,0.0,0.27054218045414535,0.0,True,True,Optimization terminated successfully,False,False,0,Optimization terminated successfully,14,-0.011433034521335646,0.1300000001586493,-0.08040515722707836,0.0,-1.5864928815112478e-10,0.07959484277292164,0.552274436900175,GLD,1,0.00324650967292054,0.004559366216543856,0.019844475172738314,0.0018575452753528624,0.0003892799954893247,3.0101963937611198e-05,-0.0006146168703264403,0.0008492756301124835
2010-09,2010-08,2010-08,2010-08-31,0.37890707430675297,0.24521026950892696,0.0,False,0.007609008659559649,0.007649012241773557,1.8331478641867194,0.0,0.011429594918259492,3.4288784754778475e-05,5.714797459129784e-06,0.41777046453818495,0.32367176141442067,0.1456860664159741,0.11287170763142021,0.09730205516337279,0.34527012957604103,0.5574278152605862,3.9936655912223044e-20,0.013659204092116432,0.0014083333338048936,0.15546044910256782,1.0,0.0007041666669024468,0.0003891614653970462,0.05153365788195744,1.0,0.0003891614653970462,4.000536117334181e-05,0.012525870598643596,Stage17A_DynamicSigma,confirmed,semivariance,True,0.0,0.29093999007898935,0.0,True,True,Optimization terminated successfully,False,False,0,Optimization terminated successfully,11,-0.012525870598643596,0.13000000002176432,-0.07975205838261092,0.0,-2.1764312574390487e-11,0.08024794161738909,0.5574278152605862,GLD,1,0.0035304183534727524,0.004728035992865316,0.02134000413589071,-0.0005454158438486984,0.00036307244368423923,3.825010049270375e-05,-0.00046787881271467867,0.0004310721225807691
2010-10,2010-09,2010-09,2010-09-30,0.3857720308009343,0.3716309358093188,0.0,False,0.010732180847149768,0.010769228607042545,1.8528215385847373,0.0,0.010585137608498857,3.175541282549657e-05,5.292347067280101e-06,0.3837969893794594,0.2724519549129632,0.20103745906795878,0.1427135966396187,0.10290281694706277,0.337362763023982,0.5597344200289553,0.0,0.013468086986270774,0.0014083333333334694,0.15316704383524848,1.0,0.0007041666666667347,0.0003860987155100764,0.05181567493845021,1.0,0.0003860987155100764,3.705023573279862e-05,0.012340771368361165,Stage17A_DynamicSigma,confirmed,semivariance,True,0.0,0.2792895337418211,0.0,True,True,Optimization terminated successfully,False,False,0,Optimization terminated successfully,12,-0.012340771368361165,0.13000000000000628,-0.07872237368563689,0.0,-6.2727600891321345e-15,0.08127762631436311,0.5597344200289553,GLD,1,0.00612612897986044,0.005040559776036693,0.020577823803418722,-0.0007792009695287419,0.00038626205917826706,7.0328551678616304e-06,-0.0007557914080618876,0.0003135029576920623
2010-11,2010-10,2010-10,2010-10-29,0.336759665343251,0.28103901181314545,0.0,False,0.039268354777247605,0.0392870608271955,1.9255787921008087,0.0,0.005344594812293539,1.603378443688062e-05,2.6722655110132943e-06,0.35413327217488905,0.32706065245164095,0.16573817613411548,0.15306789923935443,0.10792452666873953,0.332377464964604,0.5596980083666565,0.0,0.013295193794459495,0.001408333333334274,0.1510923255335083,1.0,0.000704166666667137,0.0003796586885593553,0.05184513108200805,1.0,0.0003796586885593553,1.8708957638729387e-05,0.012192659481594273,Stage17A_DynamicSigma,confirmed,semivariance,True,0.0,0.28862650260378714,0.0,True,True,Optimization terminated successfully,False,False,0,Optimization terminated successfully,8,-0.012192659481594273,0.13000000000004341,-0.07732127593909617,0.0,-4.340972026284362e-14,0.08267872406090383,0.5596980083666565,GLD,1,0.005217284211924789,0.004877196230815327,0.020758345025670005,-0.0008133756040319818,0.0004911283215300772,-4.58182856077652e-05,-0.0009739706764434087,0.00028937634847364484
2010-12,2010-11,2010-11,2010-11-30,0.6068482019031295,0.5429667347650562,0.08593346953011238,False,0.004907847901816957,0.0049757016881700694,1.9350292399354039,0.0,0.01938679861715454,5.816039585146362e-05,9.693390501649136e-06,0.2995831503656475,0.3085106297709966,0.19307630472420476,0.1988299151391512,0.12604623926889852,0.32158913430784114,0.5523646264232605,0.0,0.014400594451970413,0.0014083333339707127,0.16435713341982067,1.0,0.0007041666669853564,0.0003654345517305562,0.05118691520767151,1.0,0.0003654345517305562,6.785676025526409e-05,0.013263136472999235,Stage17A_DynamicSigma,confirmed,semivariance,True,0.08593346953011238,0.2927263753613626,0.025154993057775892,True,True,Optimization terminated successfully,False,False,0,Optimization terminated successfully,10,-0.013263136472999235,0.1300000000294175,-0.07321495618545452,0.0,-2.9417496216765926e-11,0.08678504381454548,0.5523646264232605,GLD,1,0.005995528132690545,0.004980769686799786,0.021822348230125008,-0.0008773868367785644,-0.000469575485296152,-7.064971743102636e-05,0.00012878167948717758,-0.00020745921964446614
2011-01,2010-12,2010-12,2010-12-30,0.3518005490678859,0.24022138612947674,0.0,False,-0.03494683497095219,-0.03476978903504386,1.8674060924234144,-0.03494683497095219,0.055473607957748014,0.00016642082387324404,1.0625112035089978e-05,0.32282507285192796,0.29335193793299075,0.20109105384792472,0.18273193536715657,0.17171490420304902,0.26413594094268567,0.5641491548542653,0.0,0.01420252861477038,0.0014083333339219534,0.16198034337371284,1.0,0.0007041666669609767,0.0003913233824838207,0.05274091295772156,1.0,0.0003913233824838207,0.00017704743599082716,0.012929991129334755,Stage17A_DynamicSigma,confirmed,semivariance,True,0.0,0.27693108638397695,0.0,True,True,Optimization terminated successfully,False,False,0,Optimization terminated successfully,9,-0.012929991129334755,0.13000000002716708,-0.07003542624094593,0.0,-2.7167074145850734e-11,0.08996457375905408,0.5641491548542653,GLD,1,0.008210701202652765,0.004817569281418022,0.020989594219152564,0.00020912851331571182,0.00043997661922102533,8.771002239695754e-05,-0.0007442076249876185,0.0006198588057328013
2011-02,2011-01,2011-01,2011-01-31,0.32356450028976863,0.2962356279481703,0.0,False,0.025436162950063086,0.02548971630650336,1.9149057380842367,-0.010399585409799239,0.015301030010422267,4.59030900312668e-05,7.650266409008011e-06,0.34572079087592444,0.37820462357567575,0.13184331168817812,0.1442312738602217,0.1795431427568251,0.25689862056647766,0.5635582366766974,0.0,0.012916813471612056,0.001408333333347441,0.14655176165926004,1.0,0.0007041666666737205,0.000407945947629795,0.05273012908508929,1.0,0.000407945947629795,5.355578593786583e-05,0.011751145071370674,Stage17A_DynamicSigma,confirmed,semivariance,True,0.0,0.2814877476431794,0.0,True,True,Optimization terminated successfully,False,False,0,Optimization terminated successfully,11,-0.011751145071370674,0.13000000000065112,-0.06954428202179148,0.0,-6.511180483670387e-13,0.09045571797820852,0.5635582366766974,GLD,1,0.0071484858439183905,0.004537879463657042,0.019250255093847646,0.0011141918086991463,0.0004007344249138463,-9.866808321218252e-06,-0.0007993446867226869,0.0004276963901525354
2011-03,2011-02,2011-02,2011-02-28,0.4823311448124028,0.4983338489046398,0.0,False,0.010098307141638481,0.01023893738136625,1.9342430443746974,-0.00040629647577450356,0.040180068493648025,0.00012054020548094408,2.0090034246824014e-05,0.23193128132202823,0.2925618484120628,0.2102695182186891,0.2652373520472199,0.19917019087858312,0.2562091325619852,0.5446206765594317,5.3152164886744907e-17,0.013572772398088783,0.001408333334358741,0.15442326877091295,1.0,0.0007041666671793704,0.0003838483404086497,0.05103043254902493,1.0,0.0003838483404086497,0.00014063173994860963,0.012344125650552153,Stage17A_DynamicSigma,confirmed,semivariance,True,0.0,0.3021010493915607,0.0,True,True,Optimization terminated successfully,False,False,0,Optimization terminated successfully,8,-0.012344125650552153,0.1300000000473265,-0.06640551969923991,0.0,-4.7326503826994326e-11,0.09359448030076009,0.5446206765594317,GLD,1,0.00647666245741348,0.00480180407102454,0.020668145035512973,-0.001836401461794924,-8.760824268797774e-05,-7.168610159232462e-05,-0.00030835278745978105,0.000223353700813065
2011-04,2011-03,2011-03,2011-03-31,0.3492734591739761,0.39768698178463985,0.0,False,0.045279845211996676,0.045385200167465195,2.021825270026365,0.0,0.030101415848148183,9.030424754444455e-05,1.5050707924074064e-05,0.2754524871131617,0.41477509985658545,0.12362238661429893,0.1861500264159539,0.21527265637210005,0.22579814055094669,0.5589292030769533,0.0,0.013155373038184145,0.0014083333350450914,0.1494144764479392,1.0,0.0007041666675225457,0.0004062695749897273,0.05266891965462551,1.0,0.0004062695749897273,0.00010535687311381444,0.011939579922558058,Stage17A_DynamicSigma,confirmed,semivariance,True,0.0,0.27127269192825243,0.0,True,True,Optimization terminated successfully,False,False,0,Optimization terminated successfully,22,-0.01193957992255806,0.13000000007900422,-0.06866687237786857,0.0,-7.900421983286776e-11,0.09133312762213143,0.5589292030769533,GLD,1,0.006682261099099007,0.004743812182375624,0.01973762298446888,0.001856267336196833,9.114025868422354e-05,-2.334065603085611e-05,-0.0007166607883252356,0.0005449888215213769
2011-05,2011-04,2011-04,2011-04-29,0.5267275526830861,0.5103909162255386,0.02078183245107712,False,-0.007598110068021051,-0.007535534222043911,2.0064632190863985,-0.0075981100680210245,0.017878813136325833,5.36364394089775e-05,8.939406568162888e-06,0.23245044745550505,0.39784958740547655,0.13634288048199714,0.23335708465702124,0.2157853207182974,0.2337599939038627,0.5504546853778399,0.0,0.014228489506520853,0.0014083333349821671,0.16229187406835724,1.0,0.0007041666674910836,0.00038838198375106757,0.04897588324961205,1.0,0.00038838198375106757,6.257734736047535e-05,0.013073363507918228,Stage17A_DynamicSigma,confirmed,semivariance,True,0.02078183245107712,0.2941628475428468,0.006113243010967185,True,True,Optimization terminated successfully,False,False,0,Optimization terminated successfully,7,-0.013073363507918228,0.13000000007610002,-0.0646325319607206,0.0,-7.610001517832643e-11,0.09536746803927941,0.5504546853778399,GLD,1,0.007713093633471849,0.004776413555591903,0.02093263201660174,0.0011256488718562959,-7.28469444510673e-05,-5.7552755313968245e-05,-8.304011135773364e-05,8.511776714063584e-05
2011-06,2011-05,2011-05,2011-05-31,0.4616519646582022,0.4684925374740759,0.0,False,-0.024963007347489186,-0.0249367282564055,1.956375863005878,-0.03237144573805506,0.00750831173819623,2.252493521458869e-05,3.7541558690981083e-06,0.24170877750078482,0.39040971640840666,0.14067012745102644,0.22721137863978205,0.2124456505063558,0.23005627888233146,0.5574980706113127,0.0,0.013747887704427295,0.0014083333372263732,0.1565246524297693,1.0,0.0007041666686131866,0.0003905371650141306,0.0496616970085531,1.0,0.0003905371650141306,2.62811277405206e-05,0.012626902743059457,Stage17A_DynamicSigma,confirmed,semivariance,True,0.0,0.2835451755235162,0.0,True,True,Optimization terminated successfully,False,False,0,Optimization terminated successfully,14,-0.01262690274305946,0.13000000017967878,-0.06530855926626133,0.0,-1.796787718610915e-10,0.09469144073373867,0.5574980706113127,GLD,1,0.007201234603656264,0.004850633534051655,0.02024450297506546,-0.0009430419640735418,1.3885264613431488e-06,-5.0381647330157025e-05,-0.0003100955801588929,0.00023234668303765026
2011-07,2011-06,2011-06,2011-06-30,0.4698506128364458,0.45705177717601364,0.0,False,0.04362246305936863,0.04363064492244031,2.0417177968200924,0.0,0.002337675163336994,7.013025490010982e-06,1.1688375816684693e-06,0.2058069204356129,0.2945036827640105,0.2055513820257406,0.29413801477463597,0.21594907513198777,0.23618633638077421,0.5478645884872381,0.0,0.013127912186320267,0.0014083333333382972,0.14908494623581342,1.0,0.0007041666666691486,0.0003833023331283619,0.04871984202016294,1.0,0.0003833023331283619,8.18389666004467e-06,0.012032259289862712,Stage17A_DynamicSigma,confirmed,semivariance,True,0.0,0.2837794997975228,0.0,True,True,Optimization terminated successfully,False,False,0,Optimization terminated successfully,12,-0.012032259289862712,0.1300000000002291,-0.06434105400452063,0.0,-2.2909452113140105e-13,0.09565894599547937,0.5478645884872381,GLD,1,0.007749891797743546,0.004889830539560755,0.019232513640768063,-0.004565465506826717,3.63466271464042e-05,-3.82163931499526e-06,-0.0004459870531403112,0.0002859210363540069
2011-08,2011-07,2011-07,2011-07-29,0.5046472055222658,0.5201825673770512,0.040365134754102305,False,0.04820367964716278,0.04825912044616927,2.140136107427919,0.0,0.015840228287567107,4.752068486270132e-05,7.920114143783518e-06,0.2022022283173377,0.2667490804570281,0.22897735159641955,0.30207133962921473,0.22430664571650294,0.22721930023593792,0.5484740540475592,4.881140191806159e-19,0.013875737162777391,0.001408333333709872,0.15805884595106945,1.0,0.000704166666854936,0.000383186516851762,0.04881041110006279,1.0,0.000383186516851762,5.5443110917018494e-05,0.012732940868153674,Stage17A_DynamicSigma,confirmed,semivariance,True,0.040365134754102305,0.2917692547600261,0.011777305285492458,True,True,Optimization terminated successfully,False,False,0,Optimization terminated successfully,14,-0.012732940868153674,0.13000000001737871,-0.06486736694536992,0.0,-1.7378709582516194e-11,0.09513263305463009,0.5484740540475592,GLD,1,0.008150199897221851,0.004886761443821976,0.020215486440471275,-0.004246369515247393,-8.320653302373821e-05,-7.030024465276009e-05,-0.00021114181198925012,0.00010051468925301316
2011-09,2011-08,2011-08,2011-08-30,0.631294416030155,0.41423117746580296,0.0,True,-0.01082527260680545,-0.010696605267030245,2.1169685506493443,-0.010825272606805436,0.03676209707862994,0.00011028629123588984,1.8381048539314992e-05,0.23666114366533325,0.30205171723626884,0.20264736526696098,0.25863977383143694,0.18469338690192127,0.2566247154684089,0.5586818976296698,0.0,0.014688632578853765,0.001408333333475571,0.16781359094539175,1.0,0.0007041666667377855,0.00036961471459765865,0.04967877091631059,1.0,0.00036961471459765865,0.00012866910722770727,0.013486182090290615,Stage17A_DynamicSigma,confirmed,semivariance,True,0.0,0.3095680027279618,0.0,True,True,Optimization terminated successfully,False,False,0,Optimization terminated successfully,19,-0.013486182090290615,0.1300000000065648,-0.06558394254604685,0.0,-6.564804255759782e-12,0.09441605745395315,0.5586818976296698,GLD,1,0.005334602543672561,0.0049714126961821516,0.022100873354081726,-0.004730612444775996,8.058950009990691e-06,3.856944528246648e-05,0.00012321005302042958,-6.199746088980445e-05
2011-10,2011-09,2011-09,2011-09-30,0.6886451498507974,0.5267143557520334,0.0,True,-0.0002479679251405293,-0.00015856462093278412,2.116443610350252,-0.011070556211558613,0.025543801202212918,7.663140360663876e-05,1.2771900601106444e-05,0.16587134112934226,0.22076751282760976,0.2631371235704062,0.3502240224726417,0.16974138064901204,0.2845256285085488,0.5457329908424392,1.8166457136908892e-18,0.01456796470874968,0.001408333334271519,0.16636557649936706,1.0,0.0007041666671357595,0.0003423448922306362,0.04834176774963777,1.0,0.0003423448922306362,8.940516852511097e-05,0.013432047980858173,Stage17A_DynamicSigma,confirmed,semivariance,True,0.0,0.295249364968585,0.0,True,True,Optimization terminated successfully,False,False,0,Optimization terminated successfully,16,-0.013432047980858173,0.13000000004330087,-0.06406789043524974,0.0,-4.3300862895279124e-11,0.09593210956475026,0.5457329908424392,GLD,1,0.004572593622104423,0.005021086644653316,0.022188231122294302,-0.007299507988413174,-0.0003142152670369015,-5.589862438424666e-05,0.0005929066390727569,-0.000520981815299234
2011-11,2011-10,2011-10,2011-10-31,0.7073221295186016,0.7079577561688094,0.4159155123376188,False,0.03560921755861015,0.03567273015265999,2.1918085113217445,0.0,0.018146485069356316,5.443945520806895e-05,9.073138841769637e-06,0.13231511916152436,0.16943843572217884,0.3061722392144823,0.3920742059018146,0.1910949846719706,0.26806426405714356,0.5408407512708858,4.6857862642107895e-18,0.014444794360518428,0.0014083333366232758,0.16488753230648148,1.0,0.0007041666683116379,0.0003407988002698621,0.047934148411218895,1.0,0.0003407988002698621,6.351531498464202e-05,0.013336313576952285,Stage17A_DynamicSigma,confirmed,semivariance,True,0.4159155123376188,0.267254012981129,0.1111550897333309,True,True,Optimization terminated successfully,False,False,0,Optimization terminated successfully,7,-0.013336313576952285,0.13000000015184351,-0.06288566669756883,0.0,-1.518435099878701e-10,0.09711433330243117,0.5408407512708858,GLD,1,0.007312572789380387,0.005103851804866132,0.021138378466641662,-0.006678499569413189,-0.00011563065146374264,-5.88048942027592e-05,0.0005262205825502009,-0.0003748148298296465
2011-12,2011-11,2011-11,2011-11-29,0.5967912685548453,0.5542637200764728,0.10852744015294569,False,-0.05003106222120658,-0.050003579441147535,2.0821500033148364,-0.05003106222120646,0.007852446414801458,2.3557339244404373e-05,3.92544081464308e-06,0.11409160496987143,0.1446676511659311,0.3268263613037434,0.4144143825604541,0.19525410916530972,0.260575429895653,0.5441704609390373,2.8944377589242524e-19,0.014805947934441193,0.0014083333333458924,0.16922137521321895,1.0,0.0007041666666729462,0.00034194209449399046,0.048279083432708855,1.0,0.00034194209449399046,2.748471864594959e-05,0.013732354454628306,Stage17A_DynamicSigma,confirmed,semivariance,True,0.10852744015294569,0.2843550984508267,0.03086033092930707,True,True,Optimization terminated successfully,False,False,0,Optimization terminated successfully,11,-0.013732354454628306,0.13000000000057965,-0.06336959530733546,0.0,-5.796474411567942e-13,0.09663040469266454,0.5441704609390373,GLD,1,0.007791479221171106,0.005167102255154887,0.021787882297228306,-0.004565259116930615,-8.510559137981982e-05,-5.6471976731844854e-05,0.00020806013957435664,-4.502652387579726e-05
2012-01,2011-12,2011-12,2011-12-29,0.5353249842712401,0.5290232548075936,0.0580465096151872,False,0.052231263797478375,0.05225236896053302,2.190903329403894,-0.00041298403267198136,0.006030046587042162,1.8090139761126488e-05,3.015023293521102e-06,0.09820993652221215,0.12017604334459271,0.35149812890447446,0.4301158912287207,0.19708270760825897,0.26928854036711064,0.5336287520246304,6.114657480485608e-19,0.013416331957744011,0.001408333333334769,0.1525459834929195,1.0,0.0007041666666673845,0.0003604136701699637,0.04979417579406631,1.0,0.0003604136701699637,2.1108127415636105e-05,0.012330643493491026,Stage17A_DynamicSigma,confirmed,semivariance,True,0.0580465096151872,0.2859858615817011,0.016600481064109808,True,True,Optimization terminated successfully,False,False,0,Optimization terminated successfully,8,-0.012330643493491026,0.13000000000006626,-0.06253918500737139,0.0,-6.625255899450622e-14,0.09746081499262861,0.5336287520246304,GLD,1,0.0072991934615576175,0.005164472266097477,0.019958134285751876,-0.004322589587172893,3.8731651312755626e-05,2.0166862654412804e-05,-0.00014287908287439544,4.6700369840795715e-05
2012-02,2012-01,2012-01,2012-01-31,0.5484523870725403,0.6313430730048077,0.2626861460096155,False,-0.0035507592507823555,-0.003489879850260308,2.183123959139443,-0.003962276876580018,0.019168871952500888,5.7506615857502664e-05,3.372784664544714e-06,0.07990735687135497,0.07657640718359117,0.4307357590706741,0.41278047687437985,0.22012995121556855,0.24465024872640953,0.5352198000580219,1.6567964448294115e-18,0.014296254392146004,0.0014083333430622447,0.1631050526473786,1.0,0.0007041666715311224,0.00037146636122774144,0.05032791433837853,1.0,0.00037146636122774144,6.088090076978918e-05,0.013159740458617352,Stage17A_DynamicSigma,confirmed,semivariance,True,0.2626861460096155,0.2947871033721803,0.07743648807817616,True,True,Optimization terminated successfully,False,False,0,Optimization terminated successfully,8,-0.013159740458617352,0.13000000044902668,-0.06376545367878657,0.0,-4.4902667695190246e-10,0.09623454632121343,0.5352198000580219,GLD,1,0.009590994156227921,0.005124652222458151,0.02048125072789149,-0.005123563895630687,6.963961341171689e-05,2.5596679465414885e-05,-9.775617914245555e-05,2.8257585898446042e-05
2012-03,2012-02,2012-02,2012-02-28,0.46339796327952454,0.4381010994734496,0.0,False,-0.009109815023243597,-0.00897682047184651,2.1632361036988716,-0.013035996290407081,0.038128506502332696,0.00011438551950699809,1.8609031890088834e-05,0.18497537682135398,0.1461114785756799,0.3737160173130781,0.295197127289888,0.23144339396830782,0.20785217931204356,0.5607044267196487,0.0,0.013959891404698959,0.0014083333333545763,0.15906869685626004,1.0,0.0007041666666772881,0.00040695912811044893,0.050416223610546096,1.0,0.00040695912811044893,0.00013299605226740072,0.01271576955764382,Stage17A_DynamicSigma,confirmed,semivariance,True,0.0,0.28597407121151247,0.0,True,True,Optimization terminated successfully,False,False,0,Optimization terminated successfully,6,-0.01271576955764382,0.13000000000098044,-0.06496481303611241,0.0,-9.804379530464757e-13,0.09503518696388759,0.5607044267196487,GLD,1,0.009363550329126245,0.004873898693261346,0.019458278268381094,-0.001538553746529783,-2.0962642081156657e-06,-5.510540532415969e-06,-0.00023007334902720085,7.471770211696302e-05
2012-04,2012-03,2012-03,2012-03-30,0.3737798035973007,0.5789191356279155,0.15783827125583105,False,0.0003648456090891899,0.0004864691363518786,2.1640253508927296,-0.012675906807324444,0.04054106977629039,0.00012162320932887118,3.1793381743881775e-10,0.13328679784630257,0.08649764791853536,0.47315647152370116,0.307059082711461,0.273565079593816,0.16932911629250036,0.5571058041136837,1.8035426514802782e-18,0.013789917136327965,0.0014083333345494297,0.157029005628639,1.0,0.0007041666672747149,0.00042975575738465205,0.05081935952195162,1.0,0.00042975575738465205,0.0001216261256510408,0.012534368586017556,Stage17A_DynamicSigma,confirmed,semivariance,True,0.15783827125583105,0.3059968827325693,0.048298018980182,True,True,Optimization terminated successfully,False,False,0,Optimization terminated successfully,15,-0.012534368586017556,0.13000000005612752,-0.06680141594559331,0.0,-5.61275192989541e-11,0.09319858405440669,0.5571058041136837,GLD,1,0.0105295047774629,0.004834154744848504,0.018609545007027124,-0.0026501435373559685,-8.825918387703123e-05,-2.8055950827010122e-05,-0.000444692984072955,0.00011629871813673243
2012-05,2012-04,2012-04,2012-04-30,0.3812444741959332,0.48094161988473944,0.0,False,-0.026095402006079516,-0.025895724610098262,2.1075542394098368,-0.03844052592947511,0.06535667108267874,0.00019607001324803622,3.6073827332175455e-06,0.15843671692654096,0.07471027590642249,0.5211204800219603,0.2457325271450762,0.33066685696544795,0.10513253355722159,0.5642006094773304,2.3783811035788438e-17,0.014030357859631897,0.0014083333333333365,0.15991429431558274,1.0,0.0007041666666666683,0.00048681633812240344,0.053526340215241254,1.0,0.00048681633812240344,0.00019967889614423337,0.012639695958698592,Stage17A_DynamicSigma,confirmed,semivariance,True,0.0,0.3099337119559427,0.0,True,True,Optimization terminated successfully,False,False,0,Optimization terminated successfully,11,-0.012639695958698592,0.13000000000000014,-0.0716145699810079,0.0,-1.3877787807814457e-16,0.0883854300189921,0.5642006094773304,GLD,1,0.010933519506808183,0.004780849429106283,0.017963144223835437,-0.0014637938835104377,0.00012709162292448393,1.801747149136195e-05,-0.00047209026179795375,0.00011130541896082036
2012-06,2012-05,2012-05,2012-05-31,0.4555759192251566,0.41720561564987024,0.0,True,-0.03059558812930103,-0.03058159640726573,2.043072377940691,-0.06786000355996413,0.0039977052906864695,1.199311587205941e-05,1.9986061632413835e-06,0.2160469939491774,0.07443553682675076,0.5277051118042363,0.1818123574198354,0.3112332598947228,0.10484600769911646,0.5839207324061608,2.973723353154845e-17,0.013628195426895959,0.0014083333333345669,0.1550883451227441,1.0,0.0007041666666672834,0.00049409787923526,0.0541263296397598,1.0,0.00049409787923526,1.3994155384645206e-05,0.01241593672560877,Stage17A_DynamicSigma,confirmed,semivariance,True,0.0,0.3208357367984811,0.0,True,True,Optimization terminated successfully,False,False,0,Optimization terminated successfully,10,-0.012415936725608766,0.13000000000005693,-0.0720934658464181,0.0,-5.69266855876549e-14,0.0879065341535819,0.5839207324061608,GLD,1,0.009672927345907018,0.004736703523162295,0.01751826908307203,-0.0029101734378339326,5.902678173700011e-06,-6.44423964535064e-07,-0.00018840878498327195,1.916374494402325e-05
2012-07,2012-06,2012-06,2012-06-29,0.44660210472209994,0.5079335528562056,0.015867105712411123,False,0.012786062595994211,0.012869233165061125,2.0691952292531877,-0.055941603217251945,0.025907475252540023,7.772242575762008e-05,5.44814330929326e-06,0.1683578290263289,0.04680388107480439,0.6141133130146738,0.17072497688419297,0.3398659977131897,0.0824584921211511,0.5776755101656592,0.0,0.013034348435983105,0.0014083333450091507,0.14796218116174237,1.0,0.0007041666725045753,0.0005218683225232954,0.05515796606657628,1.0,0.0005218683225232954,8.317206923759958e-05,0.011725141371717636,Stage17A_DynamicSigma,confirmed,semivariance,True,0.015867105712411123,0.3199672179327474,0.005076953671444991,True,True,Optimization terminated successfully,False,False,0,Optimization terminated successfully,10,-0.011725141371717636,0.1300000005388839,-0.075208159541954,0.0,-5.388838819619934e-10,0.084791840458046,0.5776755101656592,GLD,1,0.010561607820815605,0.004690729002452587,0.015934028801098767,-0.004117111211111725,0.0001028526162219872,1.5117611404205507e-05,-0.00031656921560023867,2.077166983910663e-05
2012-08,2012-07,2012-07,2012-07-31,0.48878534642768656,0.5621102051306174,0.12422041026123476,False,0.03788823278379368,0.038056045063524835,2.1475933797742477,-0.020172898918452198,0.05551219764076007,0.0001665365929222802,1.2756868088761865e-06,0.1395093436997862,0.020773912948483672,0.730883151543366,0.10883359180836398,0.3901402730149463,0.02754596869513491,0.5823137582899187,0.0,0.013518460231311223,0.0014083333487516067,0.15377152268322505,1.0,0.0007041666743758033,0.0005813652537448866,0.05870403590351667,1.0,0.0005813652537448866,0.0001678137801507741,0.012065114523039759,Stage17A_DynamicSigma,confirmed,semivariance,True,0.12422041026123476,0.32899579639764787,0.04086799280273748,True,True,Optimization terminated successfully,False,False,0,Optimization terminated successfully,10,-0.01206511452303976,0.1300000007116126,-0.08229289611314432,0.0,-7.116126021777802e-10,0.07770710388685569,0.5823137582899187,GLD,1,0.01163128642509544,0.004895005941324465,0.01525712856948314,-0.0024859293405514386,-0.00013156388584676922,-1.5112571541155744e-05,2.249315263169193e-05,5.508534654753273e-06
2012-09,2012-08,2012-08,2012-08-31,0.5041064592870463,0.5741255916830883,0.1482511833661766,False,0.03250083755166636,0.03251860142570671,2.2173919633373247,0.0,0.005921278391180581,1.7763835173541743e-05,3.886680393985527e-11,0.10374140660808509,0.011617002980822709,0.7955550294105705,0.0890865610005217,0.3853855211084542,0.02078973993946431,0.5938247389520814,4.16807614902786e-18,0.014193794745072867,0.0014083333366094477,0.16187553692121773,1.0,0.0007041666683047238,0.0005827909641366313,0.05907507939068612,1.0,0.0005827909641366313,1.7767224859868523e-05,0.012889069887771644,Stage17A_DynamicSigma,confirmed,semivariance,True,0.1482511833661766,0.3498650822002386,0.05186791245469002,True,True,Optimization terminated successfully,False,False,0,Optimization terminated successfully,9,-0.012889069887771644,0.13000000015120527,-0.08225941225777333,0.0,-1.5120527052658872e-10,0.07774058774222667,0.5938247389520814,GLD,1,0.012126715118917823,0.00492459778189372,0.01583516180636283,-0.0005649594081216184,-0.00013872590686393513,-1.2178745554510861e-05,0.00011511567452888535,4.393165790240826e-06
2012-10,2012-09,2012-09,2012-09-28,0.39009999583290583,0.558064092541582,0.11612818508316392,False,-0.044839111298125685,-0.04481612942093532,2.117966078301673,-0.04483911129812557,0.007660491516074548,2.2981474548223643e-05,4.026421391319859e-10,0.11377464950740371,0.01595476898929712,0.7632403778150006,0.1070302036882985,0.3983000305067396,0.012520595036230677,0.5891793744570297,0.0,0.014348660813322018,0.0014083333383122986,0.16373392972999043,1.0,0.0007041666691561493,0.0005856869646260579,0.05969158655393028,1.0,0.0005856869646260579,2.298433468270763e-05,0.013035822844857103,Stage17A_DynamicSigma,confirmed,semivariance,True,0.11612818508316392,0.35212328612300653,0.04089143814298438,True,True,Optimization terminated successfully,False,False,0,Optimization terminated successfully,8,-0.013035822844857103,0.1300000002297984,-0.08402106288022992,0.0,-2.297984025290134e-10,0.07597893711977008,0.5891793744570297,GLD,1,0.012515831120576462,0.004884867388073628,0.016204860553002458,-0.002186826357671695,0.00013827904342009965,2.0106884992046416e-05,-0.0005099541232717403,2.197226566671688e-05
2012-11,2012-10,2012-10,2012-10-30,0.4593555935966981,0.6175982212406858,0.2351964424813715,False,-0.011860919651396302,-0.011821011619124628,2.092845052822554,-0.05616819785317484,0.011402294934763978,3.420688480429194e-05,5.701147467381984e-06,0.12101846742473263,0.01649654852323969,0.7590197348797995,0.10346524917222816,0.3964408005002196,0.02456561457042626,0.578993584929354,0.0,0.013157048517719039,0.0014083333523905955,0.1494345820982849,1.0,0.0007041666761952978,0.000587855648022786,0.06079018849213662,1.0,0.000587855648022786,3.991019815460483e-05,0.01182511599534635,Stage17A_DynamicSigma,confirmed,semivariance,True,0.2351964424813715,0.3623302723243893,0.0852187910540029,True,True,Optimization terminated successfully,False,False,0,Optimization terminated successfully,12,-0.011825115995346353,0.13000000087956595,-0.08308572414976094,0.0,-8.795659478533224e-10,0.07691427585023906,0.578993584929354,GLD,1,0.011228808958675568,0.004866939167719697,0.015055532432853808,-0.003744787192943879,7.468633642700189e-06,2.393389662187245e-06,-0.00023168686536781022,9.607781387352523e-06
2012-12,2012-11,2012-11,2012-11-30,0.38372560012935913,0.6473128216307987,0.29462564326159746,False,0.014895173599327498,0.014978159909776051,2.1240183432008397,-0.0421096593116318,0.024859478757666108,7.457843627299832e-05,8.407874175553389e-06,0.1292502311894703,0.011855669470831677,0.7867301111253917,0.07216398821430645,0.41837953570630115,0.0,0.581620464293699,2.9138495084349464e-18,0.012911513089885258,0.0014083333333388842,0.14648815707858978,1.0,0.0007041666666694421,0.0006153224906816472,0.0626487306922032,1.0,0.0006153224906816472,8.298781063142967e-05,0.011509036121902738,Stage17A_DynamicSigma,confirmed,semivariance,True,0.29462564326159746,0.3592960528196136,0.10585783068333154,True,True,Optimization terminated successfully,False,False,0,Optimization terminated successfully,8,-0.011509036121902738,0.1300000000002562,-0.08672961415110449,0.0,-2.5618396293225487e-13,0.07327038584889552,0.581620464293699,GLD,1,0.011722806756340074,0.00473134866529378,0.013857841091178973,-0.003204106065719722,-3.234548366843774e-05,-8.58996981987455e-06,-6.798357615464437e-05,1.0196903002578359e-05
2013-01,2012-12,2012-12,2012-12-28,0.5400276805047992,0.7403378726944206,0.4806757453888413,False,-0.0018780417949171221,-0.0018780416896282297,2.120029347979138,-0.04390861740639185,3.008254070846489e-08,9.024762212539468e-11,1.5041270340354688e-11,0.1027413034182501,0.005794079333884558,0.84387445278066,0.04759016446720528,0.4323680605617838,0.0,0.5676319394382163,2.973176974792253e-18,0.013160252973369937,0.0013348439972999209,0.14991397169663973,1.0,0.0006674219986499604,0.0006097933890768603,0.059545666846189595,1.0,0.0006097933890768603,6.5015833205675205e-09,0.011883031084059796,Stage17A_DynamicSigma,confirmed,semivariance,True,0.4806757453888413,0.37087527225191697,0.17827074793597963,True,True,Optimization terminated successfully,False,False,0,Optimization terminated successfully,1,-0.011883031084059796,0.12656274320509592,-0.08519030576349217,0.0,0.0034372567949040866,0.07480969423650784,0.5676319394382163,GLD,1,0.012946086301770939,0.004594897348741101,0.013023820783471644,-0.002331976524465681,-2.0361997375106983e-05,-7.681726562197167e-06,0.0003150738390113226,2.8466186793395796e-07
2013-02,2013-01,2013-01,2013-01-31,0.3849746221533161,0.571231787347284,0.14246357469456794,False,-0.0200357133468499,-0.020035712065478516,2.077553047676119,-0.06306459028143074,3.661061092341563e-07,1.0983183277024688e-09,1.8305305460319845e-10,0.17809613341115552,0.008301256050598046,0.7773686074064654,0.03623400313178101,0.4209800506466222,1.7338341473074215e-21,0.5790199493533779,3.1377663334935365e-18,0.012648797387583021,0.001313129371527629,0.1439067924218305,1.0,0.0006565646857638145,0.0006006151113736923,0.05923052018028484,1.0,0.0006006151113736923,6.727185616439288e-09,0.0113916108632599,Stage17A_DynamicSigma,confirmed,semivariance,True,0.14246357469456794,0.3677684783412865,0.05239361208448146,True,True,Optimization terminated successfully,False,False,0,Optimization terminated successfully,1,-0.0113916108632599,0.12552909008804114,-0.0842080512783113,0.0,0.004470909911958865,0.0757919487216887,0.5790199493533779,GLD,1,0.011644761406227644,0.004578112692047237,0.013499707412420498,-0.0006046327642716866,-3.0874417446351774e-05,-4.837576978963886e-06,-9.847199124500821e-05,5.270662956152169e-06
2013-03,2013-02,2013-02,2013-02-28,0.4148604124417499,0.611247675642571,0.22249535128514197,False,0.0015228851275766308,0.0015228886561365342,2.0807169223141764,-0.0616377452804705,1.0081599723654771e-06,3.0244799170964314e-09,5.04079986196614e-10,0.11567106710802731,0.005054936847299265,0.8424577810134611,0.036816215031212275,0.44574923365630453,5.0418287971809174e-21,0.5542507663436955,2.9769169319567372e-18,0.011820927498589803,0.001275205853943439,0.13419989485941702,1.0,0.0006376029269717195,0.0006019933584336119,0.05991597141371707,1.0,0.0006019933584336119,7.969983399482072e-09,0.010581323243201074,Stage17A_DynamicSigma,confirmed,semivariance,True,0.22249535128514197,0.3723428556605288,0.08284455446870227,True,True,Optimization terminated successfully,False,False,0,Optimization terminated successfully,1,-0.010581323243201074,0.12370315374848478,-0.08634065719701217,0.0,0.00629684625151522,0.07365934280298783,0.5542507663436955,GLD,1,0.012555129830344512,0.004648533065131326,0.011655454475587985,-0.002317630186779991,9.094715817524236e-06,1.5105875691870085e-06,-0.0004323143134415917,5.015610678707682e-06
2013-04,2013-03,2013-03,2013-03-29,0.2887152024867031,0.4041279825049983,0.0,False,-0.060643793563177374,-0.060643792323686316,1.9545343548139456,-0.11854359214315935,3.541403038598316e-07,1.0624209115794948e-09,1.7707015192991567e-10,0.16082744614410002,0.008070246392351288,0.7913906909354841,0.039711616528064736,0.4379915114477274,8.096226551420676e-21,0.5620084885522727,3.150775977760728e-18,0.011359153942689933,0.0012645740908492444,0.12872240276718372,1.0,0.0006322870454246222,0.0005932289689382039,0.059701287697487296,1.0,0.0005932289689382039,6.7129958384732495e-09,0.010133631215331269,Stage17A_DynamicSigma,confirmed,semivariance,True,0.0,0.37013686102414034,0.0,True,True,Optimization terminated successfully,False,False,0,Optimization terminated successfully,1,-0.010133631215331269,0.12318639977769841,-0.08567424425980087,0.0,0.006813600222301597,0.07432575574019913,0.5620084885522727,GLD,1,0.01162220682192994,0.004665181846648873,0.01209337507696134,-0.0008333156977432035,2.7883063624059153e-05,7.953491517736758e-06,-0.0009609569860336348,1.1378036430879838e-05
2013-05,2013-04,2013-04,2013-04-30,0.3941438454581441,0.6144845728496917,0.22896914569938343,False,-0.009777975997831739,-0.009777973863163604,1.9354229648056374,-0.12716245174231844,6.099051814716781e-07,1.8297155444150343e-09,3.049525907921448e-10,0.1872512298024433,0.006285736432083917,0.7802705488304464,0.026192484935026336,0.4504797197866463,2.6415606958150844e-21,0.5495202802133536,0.0,0.010309945964208037,0.0013077843380274678,0.11587264554233165,1.0,0.0006538921690137339,0.000631399218262076,0.06339789683611707,1.0,0.000631399218262076,7.099610719013265e-09,0.009024647477321509,Stage17A_DynamicSigma,confirmed,semivariance,True,0.22896914569938343,0.38316545073028535,0.08773306591523262,True,True,Optimization terminated successfully,False,False,0,Optimization terminated successfully,1,-0.009024647477321509,0.12527334934585893,-0.09260963783539716,0.0,0.0047266506541410735,0.06739036216460284,0.5495202802133536,GLD,1,0.010754156876372782,0.004630720303148744,0.010410810966522766,-0.0014663774976191614,-5.9130673274008185e-06,-2.9490843167574615e-06,-0.00046016801156628634,3.1902456798750034e-06
2013-06,2013-05,2013-05,2013-05-31,0.41965936331192466,0.6348531133379155,0.269706226675831,False,-0.0899028978937079,-0.08990289417871197,1.7614228316195788,-0.20563307672112308,1.0614274063847086e-06,3.184282219154126e-09,5.307137032062314e-10,0.20514709260449407,0.00617990651775898,0.7656095710332463,0.023063429844500598,0.4647411071714212,4.917531486380901e-21,0.5352588928285787,0.0,0.010029087547326877,0.001275278638287136,0.11269737873819971,1.0,0.000637639319143568,0.0006283204494653894,0.06382985515830503,1.0,0.0006283204494653894,8.104037098528384e-09,0.00876311967468082,Stage17A_DynamicSigma,confirmed,semivariance,True,0.269706226675831,0.38547482393169646,0.10396496024114817,True,True,Optimization terminated successfully,False,False,0,Optimization terminated successfully,1,-0.00876311967468082,0.12370668397239347,-0.10084724186173637,0.0,0.006293316027606535,0.059152758138263636,0.5352588928285787,GLD,1,0.01087103409648572,0.004399565131683638,0.009705288606797447,-0.000880665032544647,-4.578421914715737e-06,-5.202873544874806e-06,-0.0004032499619352791,2.267547886422312e-06
2013-07,2013-06,2013-06,2013-06-28,0.46942288264498905,0.4862642892542652,0.0,False,0.05129369748243348,0.05130984077764987,1.8517727214833246,-0.16488706006840503,0.004612370061825121,1.3837110185475363e-05,2.306185030912511e-06,0.19849493409641197,0.006356740544736339,0.7704741233649349,0.02467420199391679,0.46977919569371757,0.004611603644270522,0.525609200662012,0.0,0.008274371416049616,0.001408333333333408,0.09084245699259494,1.0,0.000704166666666704,0.0007088173438154202,0.06960232373254083,1.0,0.0007088173438154202,1.6145535847986366e-05,0.006845241869719506,Stage17A_DynamicSigma,confirmed,semivariance,True,0.0,0.41552017483111575,0.0,True,True,Optimization terminated successfully,False,False,0,Optimization terminated successfully,13,-0.006845241869719506,0.13000000000000345,-0.1158365272205659,0.0,-3.4416913763379853e-15,0.04416347277943411,0.525609200662012,GLD,1,0.009287366056445676,0.004157616645837756,0.007796983267860798,0.00022214922289760168,4.4823007721330365e-05,2.3627923243806857e-05,-0.00043215613801686405,3.3573080830286507e-06
2013-08,2013-07,2013-07,2013-07-30,0.32736818074270263,0.451959039106453,0.0,False,0.024179461978256392,0.024227489706509356,1.8965475895948032,-0.14469447848977912,0.013722208072275276,4.116662421682583e-05,6.861104036137656e-06,0.1831514214598763,0.014671933685155937,0.7426817357302878,0.0594949091246799,0.46242385504096084,0.01812661869527517,0.5194495262637641,0.0,0.008497613901312684,0.0014083333333333428,0.09352136681575214,1.0,0.0007041666666666714,0.0006805670959517238,0.06858914080485794,1.0,0.0006805670959517238,4.802997364622368e-05,0.007064850165048065,Stage17A_DynamicSigma,confirmed,semivariance,True,0.0,0.41232198529337216,0.0,True,True,Optimization terminated successfully,False,False,0,Optimization terminated successfully,13,-0.007064850165048063,0.13000000000000042,-0.12284393616035302,0.0,-4.163336342344337e-16,0.03715606383964698,0.5194495262637641,GLD,1,0.009452357946648563,0.004223251117652513,0.009217051459352322,0.001411332718164533,4.778832198687492e-05,1.9834180516943922e-05,-0.0014634456759470707,1.5675807941770908e-05
2013-09,2013-08,2013-08,2013-08-30,0.35509957117713065,0.3984789424195483,0.0,False,-0.032419498344429254,-0.03241949077181437,1.8350624681538033,-0.1724230544283608,2.492371947777905e-06,7.477115843333714e-09,9.549903717820385e-11,0.1765941703995579,0.016870721017297145,0.7362028187919014,0.07033228979124345,0.45677372262509586,0.017754776614943353,0.5254715007599609,0.0,0.009023877682552587,0.0014051748081642173,0.09985548334164573,1.0,0.0007025874040821087,0.0006721048793992733,0.0685183270477426,1.0,0.0006721048793992733,1.1328276497503583e-08,0.007649174070794707,Stage17A_DynamicSigma,confirmed,semivariance,True,0.0,0.4061699676886634,0.0,True,True,Optimization terminated successfully,False,False,0,Optimization terminated successfully,2,-0.007649174070794707,0.1298541400879102,-0.1292042110109878,0.0,0.00014585991208979077,0.030795788989012196,0.5254715007599609,GLD,1,0.009406564666658948,0.004230274393245139,0.009763779446254481,0.0009171057748649925,4.7807864972512505e-05,2.167148586968655e-05,-0.0009528803009414043,1.6183133334358614e-05
2013-10,2013-09,2013-09,2013-09-30,0.44349042810216743,0.6151735534718961,0.23034710694379212,False,0.012853004490296823,0.012853022008974646,1.8586485342969592,-0.16178620423086243,5.648349059849193e-06,1.6945047179547578e-08,5.736306426251659e-10,0.16055984838509346,0.013222442308961916,0.7633539045286595,0.06286380477728518,0.49054503687181544,0.018428675896516238,0.4910262872316684,2.1788936104517328e-21,0.008637418418788217,0.0013776779671932772,0.09538295322229894,1.0,0.0006888389835966386,0.000682849013149467,0.06904347109589465,1.0,0.000682849013149467,2.0064351372282322e-08,0.007265710357690739,Stage17A_DynamicSigma,confirmed,semivariance,True,0.23034710694379212,0.4102525979050252,0.09450049904359739,True,True,Optimization terminated successfully,False,False,0,Optimization terminated successfully,2,-0.007265710357690739,0.12857735261825592,-0.13895631151835894,0.0,0.00142264738174408,0.021043688481641065,0.4910262872316684,GLD,0,0.010023752335774226,0.004221921409863806,0.007875277985440706,-5.650247440942683e-05,-4.260151374877299e-05,-1.4228652065894817e-05,-0.00041402324218808026,4.661319978924355e-06
2013-11,2013-10,2013-10,2013-10-31,0.41028701059594863,0.6131431764112915,0.22628635282258291,False,-0.0249453287280841,-0.02494531676061109,1.81228393561895,-0.18269572291073866,3.964558515036701e-06,1.1893675545110102e-08,7.379746347346838e-11,0.2573975306493802,0.010988891341508633,0.7016581799190117,0.029955398090099353,0.49659937823335554,0.01822979287834554,0.485170828888299,1.991315159516761e-21,0.008723437810439189,0.001325199990226017,0.09673005378391415,1.0,0.0006625999951130085,0.0006776284734872853,0.06619157264944156,1.0,0.0006776284734872853,1.557343988942982e-08,0.007383193768399005,Stage17A_DynamicSigma,confirmed,semivariance,True,0.22628635282258291,0.41084924391082767,0.09296957696449698,True,True,Optimization terminated successfully,False,False,0,Optimization terminated successfully,2,-0.007383193768399005,0.12610471792408168,-0.1389112254837273,0.0,0.003895282075918327,0.021088774516272696,0.49659937823335554,KODEX200,0,0.010062057407932253,0.004134483932261108,0.00818423487204708,-0.00030343564299679156,-3.212513864798603e-05,-1.004682224423858e-05,-0.0006252642390889989,2.2870229031560515e-06
2013-12,2013-11,2013-11,2013-11-29,0.37288939299821966,0.5381891395912574,0.07637827918251472,False,-0.013265248703361683,-0.013265209147977797,1.7882435384918576,-0.19353746741264888,1.1755203821069858e-05,3.5265611463209574e-08,4.289772422838552e-09,0.2371295655574871,0.013047377412432604,0.7107178369347507,0.039105220095329615,0.5150383948735319,0.01862214742107797,0.46633945770539015,3.2981613180177964e-20,0.008065121351690897,0.0013273932370783338,0.08881709679782075,1.0,0.0006636966185391669,0.0006835435885378123,0.06663752093640161,1.0,0.0006835435885378123,4.1465823770293796e-08,0.006717839678790147,Stage17A_DynamicSigma,confirmed,semivariance,True,0.07637827918251472,0.41317778985386305,0.031557808585472746,True,True,Optimization terminated successfully,False,False,0,Optimization terminated successfully,2,-0.006717839678790147,0.1262090283812533,-0.1439640173957542,0.0,0.003790971618746697,0.016035982604245796,0.5150383948735319,KODEX200,1,0.01007567862891722,0.004033210624691922,0.007107262017626975,-0.0009594527235238498,-1.6130729027188909e-06,-2.5005047253068518e-06,-0.0010997705358002927,5.471289117874095e-06
2014-01,2013-12,2013-12,2013-12-30,0.297145857403382,0.424980142328865,0.0,False,-0.006882057007581654,-0.006732493460454975,1.775936744516517,-0.19908758853639374,0.0427324420361938,0.00012819732610858142,2.1366221018096903e-05,0.21227690141493766,0.018617368122108915,0.707091525703511,0.06201420475944236,0.5592816870920895,0.018993668405023426,0.4217246445028871,4.0566534693757705e-21,0.0076176301525374985,0.0013512263252069825,0.08330420387920809,1.0,0.0006756131626034913,0.0007044765163003207,0.0677405386575277,1.0,0.0007044765163003207,0.00014956620653522781,0.006087974267098458,Stage17A_DynamicSigma,confirmed,semivariance,True,0.0,0.4130841888690252,0.0,True,True,Optimization terminated successfully,False,False,0,Optimization terminated successfully,15,-0.006087974267098458,0.1273370170158065,-0.14837858239242516,0.0,0.0026629829841935126,0.011621417607574847,0.5592816870920895,KODEX200,1,0.00965394136945715,0.00411165723642909,0.00693826259508839,-0.0008962656591065263,3.643691581743137e-05,1.5690751823844724e-05,-0.001912268536794616,1.5027050995597837e-05
2014-02,2014-01,2014-01,2014-01-29,0.43280930988984656,0.6558126028510969,0.31162520570219376,False,0.03786142464251801,0.03786142788101865,1.8431762397389078,-0.1687639036245071,1.0782418003816437e-06,3.234725401144931e-09,3.77523642902637e-12,0.1931702626961075,0.020744183662229618,0.7098555309546861,0.07623002268697673,0.5349411697031821,0.01917459791465311,0.4458842323821649,4.797607315880665e-21,0.007985448149909308,0.0013335470269607431,0.08782409563714724,1.0,0.0006667735134803716,0.0006805918789354326,0.06711140538480123,1.0,0.0006805918789354326,7.90350623766178e-09,0.006638074853987266,Stage17A_DynamicSigma,confirmed,semivariance,True,0.31162520570219376,0.4158556261188144,0.1295910950316901,True,True,Optimization terminated successfully,False,False,0,Optimization terminated successfully,1,-0.006638074853987266,0.12650124237938898,-0.1521976013132161,0.0,0.003498757620611026,0.007802398686783896,0.5349411697031821,KODEX200,1,0.008774982684716465,0.0041199707239796286,0.007615619725432779,-0.0007063573776719685,-1.6453498120944266e-05,-1.8636205988309223e-05,-0.0003906303050952323,5.705357179159835e-06
2014-03,2014-02,2014-02,2014-02-28,0.3465737997792449,0.587072792004447,0.1741455840088939,False,-0.021245785455577926,-0.021245782271001094,1.8040165127925962,-0.18642416739103285,9.96612611440381e-07,2.989837834321143e-09,1.9473899559585316e-10,0.2252092471470503,0.025497743093426794,0.6730873936088797,0.07620561615064321,0.5233455219082229,0.01858650726765405,0.458067970824123,0.0,0.008224438589065604,0.0013276307375763995,0.09072747864332886,1.0,0.0006638153687881997,0.0006678048723823735,0.06685072514038452,1.0,0.0006678048723823735,7.518885492169984e-09,0.006892810829009538,Stage17A_DynamicSigma,confirmed,semivariance,True,0.1741455840088939,0.41437820172495726,0.07216213393994793,True,True,Optimization terminated successfully,False,False,0,Optimization terminated successfully,1,-0.006892810829009538,0.126220318692819,-0.15466067302012804,0.0,0.00377968130718101,0.005339326979871967,0.5233455219082229,KODEX200,1,0.008671948742934412,0.0041517901263967314,0.008756241885473358,0.000273790330067115,-1.2345455950637302e-05,-1.698616047411234e-05,-0.0008630411955124237,1.2213822631177495e-05
2014-04,2014-03,2014-03,2014-03-31,0.314802615081866,0.46512251420987,0.0,False,-0.017929859648014582,-0.017929857403507086,1.7716707499155242,-0.20101146788272828,7.318147721563362e-07,2.1954443164690086e-09,4.9063180712627384e-11,0.2784696930857707,0.023827781803931743,0.6427080084063583,0.05499451670393919,0.5376108628120853,0.01902552773010268,0.4433636094578121,0.0,0.007772023536245925,0.0013065508150538225,0.08542497754462816,1.0,0.0006532754075269112,0.0006724910009070941,0.06718789024936536,1.0,0.0006724910009070941,7.14418023871863e-09,0.006446249983631681,Stage17A_DynamicSigma,confirmed,semivariance,True,0.0,0.4167072165469969,0.0,True,True,Optimization terminated successfully,False,False,0,Optimization terminated successfully,1,-0.006446249983631681,0.12521425550090481,-0.15470468273152593,0.0,0.00478574449909519,0.00529531726847407,0.5376108628120853,KODEX200,1,0.008559636394359712,0.0040873267901128975,0.008119769740095335,0.0003706755591023817,3.567781667595821e-06,-1.1149169870771264e-06,-0.0011489459117434817,1.1718221497473483e-05
2014-05,2014-04,2014-04,2014-04-29,0.3542166328464199,0.5936086365067127,0.1872172730134254,False,-0.005799422368895023,-0.005799420941876231,1.7613960829381472,-0.20564513984837973,4.454527889642571e-07,1.3363583668927712e-09,9.066042502835522e-11,0.30636107569859833,0.032097616182712535,0.5988042607142471,0.06273704740444208,0.5438112643874735,0.019434711140613164,0.43675402447191336,5.5489535806178954e-17,0.00761436523390664,0.0013114083437014918,0.08350393274467074,1.0,0.0006557041718507459,0.0006720282122269197,0.06732179728021336,1.0,0.0006720282122269197,6.726144710591282e-09,0.006286626123684264,Stage17A_DynamicSigma,confirmed,semivariance,True,0.1872172730134254,0.41776553897495655,0.07821292496587524,True,True,Optimization terminated successfully,False,False,0,Optimization terminated successfully,1,-0.006286626123684264,0.1254468019696712,-0.15706171852230622,0.0,0.004553198030328803,0.0029382814776937882,0.5438112643874735,KODEX200,1,0.008112010271912027,0.004096745163074731,0.008056878800556467,-0.00011153905242162424,-4.66681493262331e-06,-9.468994816264202e-06,-0.0008993820611940221,8.425680559757939e-06
2014-06,2014-05,2014-05,2014-05-30,0.4189878655951936,0.6306384494111453,0.26127689882229066,False,0.022247820247063736,0.022247822040265007,1.8005833063752372,-0.1879724757073451,5.595671862864767e-07,1.6787015588594301e-09,1.1449971226709006e-10,0.2516233479897086,0.024151174031175487,0.6608008532954757,0.06342462468364034,0.5575977381500559,0.01971137314702815,0.42269088870291593,5.739199358958558e-17,0.007565379227733061,0.0013023483255698847,0.08297046077937742,1.0,0.0006511741627849423,0.0006741087724308107,0.06765619003141365,1.0,0.0006741087724308107,6.850471327354442e-09,0.00624008944204598,Stage17A_DynamicSigma,confirmed,semivariance,True,0.26127689882229066,0.42026615470899714,0.1098058375823358,True,True,Optimization terminated successfully,False,False,0,Optimization terminated successfully,1,-0.00624008944204598,0.12501271898026464,-0.15790405494992835,0.0,0.004987281019735362,0.002095945050071657,0.5575977381500559,KODEX200,1,0.008543656565236032,0.0041443378907942575,0.006945543802973698,7.8178431204732e-07,-1.251608805453666e-05,-1.4266501967377073e-05,-0.0004939611253449347,4.912348792772359e-06
2014-07,2014-06,2014-06,2014-06-30,0.2964565904780431,0.37409659951722407,0.0,False,0.01598617487005721,0.015995734784755376,1.8293677459790574,-0.17499126170470314,0.002731404199475968,8.194212598427905e-06,1.3657020997379794e-06,0.22024766628626075,0.024917884103579375,0.6781153620268232,0.07671908758333669,0.5432926634152558,0.02213748871616878,0.43456984786857533,2.7759660009979965e-17,0.00731858489100836,0.0012837719098851511,0.08012038723278941,1.0,0.0006418859549425756,0.0006554990747988347,0.06715215219924038,1.0,0.0006554990747988347,9.561438337641067e-06,0.0060116384229293085,Stage17A_DynamicSigma,confirmed,semivariance,True,0.0,0.41808315985908173,0.0,True,True,Optimization terminated successfully,False,False,0,Optimization terminated successfully,13,-0.0060116384229293085,0.1241179395519512,-0.15999999393620393,0.0,0.005882060448048801,6.0637960763720855e-09,0.5432926634152558,KODEX200,1,0.008412202390795194,0.004216878965451014,0.007525770039208574,8.74158834789755e-05,3.070853888204181e-05,2.1454476831446206e-05,-0.0014558890310579949,2.175893126238671e-05
2014-08,2014-07,2014-07,2014-07-31,0.4479093126240596,0.6038591720230091,0.2077183440460182,False,-0.023780710348139975,-0.023780706943577968,1.7858640814916997,-0.194610555544788,1.0953036140414291e-06,3.2859108421242874e-09,1.1865116593404722e-10,0.20452616271355253,0.020131546934946343,0.705863972722065,0.06947831762943611,0.5530944448800719,0.02190163557685329,0.42500391954307476,5.3516053221426906e-17,0.007912835214156023,0.0012686496240860486,0.08734212482535599,1.0,0.0006343248120430243,0.0006552966721282664,0.06741493614535712,1.0,0.0006552966721282664,7.756698877962467e-09,0.006623205973285854,Stage17A_DynamicSigma,confirmed,semivariance,True,0.2077183440460182,0.41888718988144913,0.0870105534242646,True,True,Optimization terminated successfully,False,False,0,Optimization terminated successfully,1,-0.006623205973285854,0.12338474577123618,-0.15850770035551373,0.0,0.006615254228763828,0.0014922996444862724,0.5530944448800719,KODEX200,1,0.008884582940592772,0.004215234694241577,0.007081323811530982,-0.0005763576225462276,-2.193863837859156e-05,-1.3809756829648108e-05,-0.00021329819682885633,3.901797101366485e-06
2014-09,2014-08,2014-08,2014-08-29,0.30885253347712516,0.49147619606803716,0.0,False,-0.02113023036548147,-0.021130217445572537,1.7481283620483412,-0.21162862004005378,3.7207408534951794e-06,1.1162222560485538e-08,1.7576863756836714e-09,0.1511129157035571,0.014867374148500232,0.7593139538858868,0.07470575626205588,0.5595900267944149,0.022544071795217533,0.41786590141036756,7.993061671393325e-17,0.006987873326510017,0.0012660009137491946,0.07625847443562504,1.0,0.0006330004568745973,0.0006580248728765225,0.06487521546816968,1.0,0.0006580248728765225,1.6120152434832672e-08,0.005696831876606462,Stage17A_DynamicSigma,confirmed,semivariance,True,0.0,0.41973036060447294,0.0,True,True,Optimization terminated successfully,False,False,0,Optimization terminated successfully,2,-0.005696831876606462,0.12325587598565163,-0.15622006890080659,0.0,0.006744124014348374,0.0037799310991934176,0.5595900267944149,KODEX200,1,0.008834747538558218,0.004229822136358632,0.006057714522406559,-0.001418975612725389,1.5338978970239683e-05,5.233375322285731e-06,-0.001415129968429887,1.4629547229150623e-05
2014-10,2014-09,2014-09,2014-09-30,0.31163344982727165,0.45234603186256006,0.0,False,-0.028267705489734764,-0.028267699575103354,1.6987127843517063,-0.2339140700252973,1.6898946877935737e-06,5.069684063380721e-09,8.449473439670802e-10,0.1849273389314702,0.014089194898147715,0.7442785686027764,0.05670489756760571,0.5515706500192027,0.02332279759563544,0.42510655238516176,0.0,0.006630158945990195,0.001240680548940491,0.07211782405823938,1.0,0.0006203402744702455,0.0006497969439112064,0.06457998250785837,1.0,0.0006497969439112064,9.64756858459504e-09,0.0053600120800401585,Stage17A_DynamicSigma,confirmed,semivariance,True,0.0,0.41788102116264897,0.0,True,True,Optimization terminated successfully,False,False,0,Optimization terminated successfully,2,-0.005360012080040158,0.12201707498250354,-0.1597665757008113,0.0,0.007982925017496464,0.00023342429918871144,0.5515706500192027,KODEX200,1,0.008234969489021528,0.004312135305910012,0.005959800215132168,-0.0007577140841783458,-1.4704757855587967e-05,-9.40168716557281e-06,-0.001265093938798567,1.0105182655908401e-05
2014-11,2014-10,2014-10,2014-10-31,0.2791156594691638,0.47021407212051153,0.0,False,0.025192084531967928,0.025230835125775574,1.7415069004106292,-0.21461476851862327,0.011071598230755117,3.321479469226535e-05,5.535799115377535e-06,0.19232403265265322,0.012745752903433487,0.7455227209835742,0.04940749346033919,0.5553585351975109,0.03515210939852259,0.40948935540396647,2.7773181405501765e-17,0.0060426554282201,0.0012117303637461485,0.0652414829561643,1.0,0.0006058651818730742,0.0006411867843950061,0.06409914877737816,1.0,0.0006411867843950061,3.875210260822146e-05,0.004756851359343798,Stage17A_DynamicSigma,confirmed,semivariance,True,0.0,0.4143098360728215,0.0,True,True,Optimization terminated successfully,False,False,0,Optimization terminated successfully,10,-0.004756851359343798,0.12058509180223641,-0.1599999731134356,0.0,0.009414908197763597,2.688656439153725e-08,0.5553585351975109,KODEX200,1,0.00786753570455946,0.004334201108335319,0.005336991480969516,-0.0021979372838365654,2.3603971297097298e-05,8.981081160625049e-06,-0.001655402151627056,9.945933844542223e-06
2014-12,2014-11,2014-11,2014-11-28,0.30188681362213987,0.5172029883309963,0.03440597666199263,False,-0.015928239980298103,-0.01586844061968848,1.7137677605735435,-0.22712457296264066,0.01708553160275068,5.125659480825204e-05,8.542765801375345e-06,0.12738556214277888,0.008836045905231484,0.8077492080904628,0.056029183861526825,0.5562518087429952,0.04206073232858196,0.40168745892842284,3.4029095744194043e-18,0.006402249811707605,0.0011888339161533223,0.06969399424357134,1.0,0.0005944169580766611,0.0006286244721353854,0.06377628580424871,1.0,0.0006286244721353854,5.9800860845799175e-05,0.00511940752064976,Stage17A_DynamicSigma,confirmed,semivariance,True,0.03440597666199263,0.40463484856133425,0.01392185715623019,True,True,Optimization terminated successfully,False,False,0,Optimization terminated successfully,39,-0.00511940752064976,0.11944039096486526,-0.16000000034854175,0.0,0.01055960903513474,-3.485417510162847e-10,0.5562518087429952,KODEX200,1,0.008082579626030147,0.004349408757952886,0.005411711768957537,-0.00445017071367192,1.8750727738399254e-05,7.181075721356308e-06,-0.0011481263562874743,7.729757229631954e-06
2015-01,2014-12,2014-12,2014-12-30,0.33141979607639066,0.5225237271086681,0.04504745421733625,False,0.049465114551334184,0.049505953652805156,1.7985394791646976,-0.1888942014303262,0.011668314705992888,3.500494411797867e-05,5.834157352996431e-06,0.1778412270227944,0.010929982387949911,0.7642580876869635,0.04697070290229228,0.5518772615475349,0.054434865250690835,0.39368787320177423,2.936230795533054e-17,0.0062430510303850125,0.001148471236668994,0.06802578494460619,1.0,0.000574235618334497,0.0006097343020263238,0.06300755418594468,1.0,0.0006097343020263238,4.084102796883065e-05,0.005018240082055361,Stage17A_DynamicSigma,confirmed,semivariance,True,0.04504745421733625,0.3892403829133663,0.0175342883288283,True,True,Optimization terminated successfully,False,False,0,Optimization terminated successfully,10,-0.00501824008205536,0.11739529309145204,-0.15999999997050196,0.0,0.012604706908547966,2.949804289720248e-11,0.5518772615475349,KODEX200,1,0.007528728495754752,0.004284000462896345,0.005580517651037735,-0.006753824349677834,-3.072996674831592e-06,-1.9608369366509356e-06,-0.0008642925434033132,3.359365075057537e-06
2015-02,2015-01,2015-01,2015-01-30,0.3504019351141867,0.5023727360215496,0.004745472043099275,False,-0.012626841638197151,-0.01259494088298056,1.7758296059812393,-0.19913590590068897,0.009114501490454575,2.7343504471363726e-05,4.557250745227281e-06,0.17148775365605887,0.003961083877501209,0.8059353861424962,0.018615776323943713,0.5390968070315603,0.061714949062691184,0.39918824390574864,2.823276052656365e-17,0.006842909445107777,0.0011117791436166741,0.07544423847959328,1.0,0.0005558895718083371,0.0005882828048217291,0.062229927872477296,1.0,0.0005882828048217291,3.190269328279515e-05,0.005666834375194916,Stage17A_DynamicSigma,confirmed,semivariance,True,0.004745472043099275,0.3834662682104896,0.0018197284552644868,True,True,Optimization terminated successfully,False,False,0,Optimization terminated successfully,12,-0.005666834375194915,0.11550476060924973,-0.15999999995859715,0.0,0.014495239390750272,4.140285336795557e-11,0.5390968070315603,KODEX200,1,0.007969294556585755,0.0043683635363441714,0.006152455376486346,-0.007547407708450684,3.9066501234305826e-05,1.1119177070236369e-05,-0.0005026196132009643,1.7356150491566295e-06
2015-03,2015-02,2015-02,2015-02-27,0.41748570269409957,0.6763033904033794,0.3526067808067588,False,0.006194532623207172,0.006194538741836866,1.7868300404087472,-0.19417492714303553,1.7481799124939767e-06,5.2445397374819305e-09,8.740899562487326e-10,0.12622164893476998,0.0018105232689726981,0.8596371923407531,0.012330635455504309,0.5510608828990141,0.06237598239436967,0.38656313470661624,2.813585061295229e-17,0.006609820925763732,0.001102964720872896,0.0727000627839274,1.0,0.000551482360436448,0.0005915684363766901,0.06257768579573358,1.0,0.0005915684363766901,9.817103180631823e-09,0.0054667603118474135,Stage17A_DynamicSigma,confirmed,semivariance,True,0.3526067808067588,0.3824184101523028,0.13484332452504222,True,True,Optimization terminated successfully,False,False,0,Optimization terminated successfully,1,-0.0054667603118474135,0.11504597624634576,-0.15796391756194936,0.0,0.014954023753654247,0.002036082438050646,0.5510608828990141,KODEX200,1,0.008156979918930513,0.004273686710799613,0.005007307359451555,-0.007995053195844678,-2.2562021463289393e-05,-2.829284815453893e-06,-0.00019344301846580485,3.395444562776323e-07
2015-04,2015-03,2015-03,2015-03-31,0.33707082308430275,0.3487940602330451,0.0,False,0.005979991402539073,0.005979995519431612,1.7975152686881901,-0.18935610013540038,1.1762550111496388e-06,3.5287650334489163e-09,5.881275055158583e-10,0.2157263976369146,0.0021076344244666725,0.7745981884503833,0.007567779488235376,0.5567039434144011,0.06273056985694016,0.3805654867286588,5.414239425190322e-17,0.006625900829292417,0.0010882787690829339,0.0729811373370114,1.0,0.0005441393845414669,0.0005898157583064688,0.06273953517216026,1.0,0.0005898157583064688,8.220108369697287e-09,0.005491937466336112,Stage17A_DynamicSigma,confirmed,semivariance,True,0.0,0.3831993655417449,0.0,True,True,Optimization terminated successfully,False,False,0,Optimization terminated successfully,1,-0.005491937466336111,0.11427749222395112,-0.15737938033119772,0.0,0.01572250777604889,0.002620619668802282,0.5567039434144011,KODEX200,1,0.008045669063190037,0.00436486895374485,0.005473552578531354,-0.007850402188005349,3.911523097824517e-05,3.317918315061201e-06,-0.0006096047327615505,8.918914500830899e-07
2015-05,2015-04,2015-04,2015-04-30,0.34003893393908385,0.4078122743643933,0.0,False,0.005411127153731572,0.005411145238180577,1.807241852367836,-0.18496960291683617,5.166985429974638e-06,1.5500956289923913e-08,2.583492715035898e-09,0.18584197518801976,0.0017204334665112293,0.804985432719286,0.007452158626182972,0.5776352146483473,0.06187721542684107,0.3604875699248116,6.869629321289245e-18,0.006644124033844725,0.0010921975883371026,0.07317630287611408,1.0,0.0005460987941685513,0.000601903575463895,0.06345015138141542,1.0,0.000601903575463895,2.1330798495067063e-08,0.005496100333413784,Stage17A_DynamicSigma,confirmed,semivariance,True,0.0,0.38748252310423514,0.0,True,True,Optimization terminated successfully,False,False,0,Optimization terminated successfully,2,-0.005496100333413784,0.11448306014448265,-0.15575096227713756,0.0,0.015516939855517359,0.004249037722862448,0.5776352146483473,KODEX200,1,0.008598774811313055,0.004210261287682076,0.004545075794596242,-0.005910910764948596,5.46290421589404e-05,1.2769600928111519e-06,-0.0007030154917721427,1.987296215531673e-06
2015-06,2015-05,2015-05,2015-05-29,0.48508365658163677,0.697483532195691,0.39496706439138207,False,-0.02571105512356565,-0.025711052881046532,1.7607757574799916,-0.20592489438362305,6.589307448359756e-07,1.9767922345079267e-09,2.6572688408000047e-10,0.19726356593015948,0.0019439296935211037,0.7929781180615245,0.007814386314794905,0.5589237058648207,0.06183007039621888,0.3792462237389605,7.078825365408093e-18,0.006860641076907844,0.0010665846168083264,0.07592818522204417,1.0,0.0005332923084041632,0.0005815251600779241,0.06285608861416564,1.0,0.0005815251600779241,7.073403670358672e-09,0.0057458165350220865,Stage17A_DynamicSigma,confirmed,semivariance,True,0.39496706439138207,0.3836563984252766,0.15153164142100195,True,True,Optimization terminated successfully,False,False,0,Optimization terminated successfully,1,-0.0057458165350220865,0.11313273355532392,-0.15742332640259377,0.0,0.01686726644467608,0.002576673597406237,0.5589237058648207,KODEX200,1,0.00809095611828225,0.004215722806134408,0.00535197874985029,-0.0052554149750928154,-1.8235787685913647e-05,-8.383239069538247e-07,0.00015367846800456455,-1.1922299682919732e-06
2015-07,2015-06,2015-06,2015-06-30,0.32610896017731056,0.5094943068298717,0.01898861365974347,False,-0.027606542720754246,-0.02760653666354504,1.7121668263094518,-0.227846562710309,1.7306312022798507e-06,5.191893606839552e-09,8.653156011486171e-10,0.16115457513462245,0.002653044401211151,0.8226493259981281,0.013543054466038346,0.5551190788527399,0.06334633269126755,0.38153458845599264,0.0,0.006117417539165494,0.0010595993568096398,0.06705141432912809,1.0,0.0005297996784048199,0.0005781123301062224,0.05990967005937217,1.0,0.0005781123301062224,9.568194922498501e-09,0.00500949596245953,Stage17A_DynamicSigma,confirmed,semivariance,True,0.01898861365974347,0.38223267597229243,0.007258068612167772,True,True,Optimization terminated successfully,False,False,0,Optimization terminated successfully,1,-0.00500949596245953,0.11276166140012163,-0.1556608999645834,0.0,0.017238338599878375,0.004339100035416599,0.5551190788527399,KODEX200,1,0.007625842537956723,0.0041492199167342154,0.004838557045100208,-0.005940988726963251,-6.850110014224927e-06,-1.990424159617581e-07,-0.00057906321857935,6.090467504930077e-07
2015-08,2015-07,2015-07,2015-07-31,0.4284987570735204,0.5184198799292729,0.036839759858545706,False,-0.0034572100245763206,-0.003457204274448445,1.7062475059937878,-0.23051605931421792,1.6428936787313275e-06,4.9286810361939824e-09,8.21446839383011e-10,0.09396093565517248,0.001788893929012946,0.8873560657767715,0.016894104639043093,0.5531597987906549,0.0654075223831549,0.3814326788261903,0.0,0.005745600668405487,0.001053890243856331,0.06262386655772786,1.0,0.0005269451219281655,0.0005764860825506088,0.0597462088355615,1.0,0.0005764860825506088,9.26295548189256e-09,0.004642160200971231,Stage17A_DynamicSigma,confirmed,semivariance,True,0.036839759858545706,0.3713400812743387,0.013680079419999483,True,True,Optimization terminated successfully,False,False,0,Optimization terminated successfully,2,-0.00464216020097123,0.11245747163384019,-0.15727725734566037,2.220446049250313e-16,0.017542528366159812,0.0027227426543396382,0.5531597987906549,KODEX200,1,0.007254116693216103,0.00415504359090452,0.003909236382638298,-0.008883472009424092,4.3221153737863496e-05,2.4476805726890525e-06,-0.00014166320484320695,1.9524436179025728e-06
2015-09,2015-08,2015-08,2015-08-31,0.48466051325479553,0.5461211666269167,0.09224233325383335,False,0.003523795883677845,0.0035642382588454043,1.7122599739319442,-0.22780455497147323,0.011554964333588442,3.4664893000765326e-05,5.777482166794217e-06,0.07649932016744959,0.0013457608415184267,0.9062129999422386,0.01594191904879334,0.5271485404342946,0.07758765181643115,0.3952638077492743,1.5097411162900934e-18,0.005614746193882331,0.0010029199191526022,0.06135943481167235,1.0,0.0005014599595763011,0.0005436985433222147,0.05829818557893424,1.0,0.0005436985433222147,4.0444937169048854e-05,0.004529142753814766,Stage17A_DynamicSigma,confirmed,semivariance,True,0.09224233325383335,0.36561213420000926,0.0337249163245225,True,True,Optimization terminated successfully,False,False,0,Optimization terminated successfully,5,-0.004529142753814766,0.10970432548368923,-0.1599999960950699,0.0,0.02029567451631077,3.904930101494841e-09,0.5271485404342946,KODEX200,1,0.006474895324405559,0.004181397722766175,0.004597211826121024,-0.008524800283384962,-2.1700463283443548e-06,-3.8144390165014466e-07,0.00015471141806282376,1.4758657325261688e-07
2015-10,2015-09,2015-09,2015-09-25,0.6454878749458767,0.7789500496499148,0.5579000992998295,False,0.022444697761376965,0.022444698568566165,1.75069113153575,-0.21047286159509582,2.3062548665242515e-07,6.918764599572754e-10,1.1531274332621218e-10,0.10022367153942398,0.001812870666139194,0.8820094517421649,0.015954006052271926,0.5367497949427327,0.07797033211807254,0.3852798729391948,1.476443596918875e-18,0.00594148146553733,0.000998624476642679,0.06530603072659188,1.0,0.0004993122383213395,0.0005442805376571983,0.05860067778961839,1.0,0.0005442805376571983,6.58397232206706e-09,0.00489788210558647,Stage17A_DynamicSigma,confirmed,semivariance,True,0.5579000992998295,0.36386836027099057,0.20300219432725178,True,True,Optimization terminated successfully,False,False,0,Optimization terminated successfully,1,-0.00489788210558647,0.10946914505792099,-0.1598266185310291,0.0,0.020530854942079013,0.00017338146897089013,0.5367497949427327,KODEX200,1,0.00665081349869875,0.004241040973168242,0.004420809429673168,-0.008458271542973262,-1.1736890538030267e-05,-1.9989854963840216e-06,0.0008933507163977652,-1.6727341213579973e-06
2015-11,2015-10,2015-10,2015-10-30,0.48591641322161827,0.7191143054110242,0.43822861082204834,False,-0.02578553774840072,-0.02578553392366476,1.7055486192777445,-0.2308312434258224,1.0927817026273775e-06,3.2783451078821326e-09,5.463908512998266e-10,0.10495879286627606,0.001630682084676777,0.8797424913324956,0.013668033716551587,0.5554101900235227,0.07636411072625622,0.36822569925022103,2.908197078417359e-17,0.005931761720186751,0.0010015647116807893,0.06517175237215628,1.0,0.0005007823558403947,0.0005536435534544666,0.05930033528498011,1.0,0.0005536435534544666,7.90295670258147e-09,0.004877327907935188,Stage17A_DynamicSigma,confirmed,semivariance,True,0.43822861082204834,0.3680352021277392,0.1612835553620509,True,True,Optimization terminated successfully,False,False,0,Optimization terminated successfully,1,-0.004877327907935188,0.10963018079055362,-0.15774099869809396,0.0,0.020369819209446388,0.0022590013019060384,0.5554101900235227,KODEX200,1,0.007342850105471395,0.004198324482735038,0.004065115208483182,-0.009187457042418763,-4.94109696937727e-06,-1.6047015408796227e-06,0.00010551577264659255,-1.570469236986459e-06
2015-12,2015-11,2015-11,2015-11-30,0.4872140630242729,0.5923163435174134,0.18463268703482671,False,0.001904208600557898,0.0019042120953483668,1.7087963396272428,-0.22936658566427348,9.985115624680417e-07,2.995534687404125e-09,4.992557811750555e-10,0.1424333462354443,0.002323892710376195,0.8415129301145351,0.013729830939644362,0.5601894450756271,0.07793601330787664,0.3618745416164964,5.4429764985990376e-17,0.005602645816984229,0.0010048049359163628,0.06120292018831257,1.0,0.0005024024679581814,0.0005567989973467566,0.05938521513566294,1.0,0.0005567989973467566,7.67962929907607e-09,0.004543436672049993,Stage17A_DynamicSigma,confirmed,semivariance,True,0.18463268703482671,0.368547595722892,0.06804593289854255,True,True,Optimization terminated successfully,False,False,0,Optimization terminated successfully,1,-0.0045434366720499934,0.10980737329977598,-0.15856960266171574,0.0,0.020192626700224023,0.0014303973382842616,0.5601894450756271,KODEX200,1,0.006936477890043892,0.004067778756897685,0.0037815183951491753,-0.010075722288964395,-6.896790344008031e-06,-1.8760750570470516e-06,9.796805434008669e-05,-4.93030604604202e-06
2016-01,2015-12,2015-12,2015-12-30,0.326563814365021,0.49449925475931983,0.0,False,0.012769684781812136,0.012773746216447246,1.730617130240597,-0.2195258398808746,0.0011604098957460512,3.4812296872381535e-06,5.802049478730549e-07,0.10488395901559228,0.0015713363150897058,0.8803555134765119,0.013189191192806125,0.5524096452822032,0.07964450193085461,0.3679458527869423,0.0,0.0052666252823077,0.0009775889095301853,0.05733396993051129,1.0,0.0004887944547650926,0.0005449355503623719,0.05904411597386974,1.0,0.0005449355503623719,4.063795668786357e-06,0.004228831481511449,Stage17A_DynamicSigma,confirmed,semivariance,True,0.0,0.36602202743046647,0.0,True,True,Optimization terminated successfully,False,False,0,Optimization terminated successfully,11,-0.004228831481511449,0.10831004992318222,-0.15999976850899683,0.0,0.021689950076817788,2.3149100317199078e-07,0.5524096452822032,KODEX200,1,0.006770647306514263,0.004127969464773607,0.0036882134897291453,-0.011805350596014867,1.47108852519164e-05,2.4970766561430217e-06,-0.0004557840139282152,1.9584643432565987e-05
2016-02,2016-01,2016-01,2016-01-29,0.381080420885429,0.4618183116307247,0.0,False,0.06308920777686598,0.06312738544695305,1.8398003939525494,-0.17028634342864424,0.010907905739162137,3.272371721748641e-05,5.453952869581086e-06,0.08682403685570807,0.003360276630004256,0.8759158621341909,0.033899824380096755,0.531505470905608,0.09023666063325393,0.3782578684611381,0.0,0.005444470855169062,0.0009500882012197355,0.05963312105471033,1.0,0.00047504410060986775,0.0005176629886334288,0.057842189568377035,1.0,0.0005176629886334288,3.8180645359105454e-05,0.00441358312056666,Stage17A_DynamicSigma,confirmed,semivariance,True,0.0,0.3570175705552448,0.0,True,True,Optimization terminated successfully,False,False,0,Optimization terminated successfully,6,-0.00441358312056666,0.10677573888593245,-0.1599999999981486,0.0,0.023224261114067557,1.851407915864911e-12,0.531505470905608,KODEX200,1,0.00630222021367633,0.004223699587012969,0.004742493965088664,-0.013765916541151297,-3.443822743698931e-07,-7.003139275701959e-07,-0.0002114050851033566,1.3334855619678044e-06
2016-03,2016-02,2016-02,2016-02-29,0.4664272502583586,0.5740131849467761,0.14802636989355222,False,-0.022804225442066135,-0.022754688272638383,1.7978451710004533,-0.18920732070545843,0.014153558270637807,4.2460674811913423e-05,7.076494615840812e-06,0.10046545628289408,0.0063400538817879526,0.8401738059423196,0.053020683892998244,0.511890878864958,0.09960861309374243,0.3885005080412997,0.0,0.006309367220447131,0.0009737789559794637,0.06986973290948878,1.0,0.00048688947798973184,0.0004943936926017108,0.056741363062181104,1.0,0.0004943936926017108,4.953954184406122e-05,0.005278544508011627,Stage17A_DynamicSigma,confirmed,semivariance,True,0.14802636989355222,0.35077329476293717,0.051923697479358565,True,True,Optimization terminated successfully,False,False,0,Optimization terminated successfully,10,-0.005278544508011627,0.10809878570896883,-0.15999999995040162,2.220446049250313e-16,0.021901214291031174,4.95983809578604e-11,0.511890878864958,KODEX200,1,0.0064186720951446095,0.004286980436801881,0.006705793869936984,-0.013596272231652728,-3.7834411434967708e-06,-6.484365517737734e-06,-1.527507082254167e-05,-8.0546518442247e-07
2016-04,2016-03,2016-03,2016-03-31,0.3134456802858959,0.47587209788247814,0.0,False,0.02306751944219379,0.02306752009772071,1.8393169994365606,-0.1705043448122432,1.872934064367504e-07,5.618802193102513e-10,9.36467032253141e-11,0.11795447269340238,0.007987453310777206,0.818623809343414,0.05543426465240631,0.5392799232687165,0.10207163589354368,0.3586484408377398,0.0,0.005943706962719009,0.0009784720568974754,0.06545365121124325,1.0,0.0004892360284487377,0.0005070327123817375,0.05753905307461657,1.0,0.0005070327123817375,6.555567460734022e-09,0.004947431666321073,Stage17A_DynamicSigma,confirmed,semivariance,True,0.0,0.35186809809220054,0.0,True,True,Optimization terminated successfully,False,False,0,Optimization terminated successfully,1,-0.004947431666321073,0.10835896217096999,-0.15453372450917383,0.0,0.021641037829030013,0.005466275490826178,0.5392799232687165,KODEX200,1,0.006634579351774447,0.004257279582289743,0.005668646313639105,-0.013579140157296745,4.1300455659145067e-07,-1.5369424418521496e-06,-0.00028399114490014997,2.9729826491843023e-06
2016-05,2016-04,2016-04,2016-04-29,0.34749454335225016,0.48250617043050187,0.0,False,-0.013367342012797533,-0.013367341690085714,1.8147302200351396,-0.1815924969332675,9.91908212580328e-08,2.9757246377409844e-10,2.5139355167014266e-11,0.11255053690262314,0.00646889591372354,0.8330978689026256,0.04788269828102776,0.5255117849072624,0.09995143246935995,0.37453678262337764,2.7755575615628914e-17,0.006150834142492866,0.0009633771959789011,0.06802974653404098,1.0,0.0004816885979894506,0.0004967504839518177,0.054808104422717205,1.0,0.0004967504839518177,6.511680629731659e-09,0.005172388548870968,Stage17A_DynamicSigma,confirmed,semivariance,True,0.0,0.34894584095449344,0.0,True,True,Optimization terminated successfully,False,False,0,Optimization terminated successfully,1,-0.005172388548870968,0.10751988816840731,-0.15625498850817746,0.0,0.022480111831592695,0.0037450114918225474,0.5255117849072624,KODEX200,1,0.006568895193589252,0.0042178148390914875,0.006232301259762067,-0.01126902698856701,4.314524798769931e-06,7.752966365016264e-06,-0.00016031174852607034,6.327803032834083e-06
2016-06,2016-05,2016-05,2016-05-31,0.3474480412469354,0.4878684355180855,0.0,False,0.03058229578695811,0.030582296465301122,1.870228836397786,-0.15656371660021484,2.0437972563650983e-07,6.131391769095295e-10,6.520383453998854e-11,0.1519487967799346,0.01078808095883137,0.78175964651373,0.05550347574750399,0.528811301670906,0.10160783283602008,0.36958086549307395,5.794104194444366e-17,0.006012213598991204,0.0009656028980721809,0.06635294579946135,1.0,0.00048280144903609047,0.0004944493213252582,0.05483386704017867,1.0,0.0004944493213252582,6.552040575719584e-09,0.005034956276589279,Stage17A_DynamicSigma,confirmed,semivariance,True,0.0,0.34882175862060505,0.0,True,True,Optimization terminated successfully,False,False,0,Optimization terminated successfully,1,-0.005034956276589279,0.10764401876958223,-0.15506389495126538,0.0,0.02235598123041778,0.004936105048734624,0.528811301670906,KODEX200,1,0.00629217541269155,0.004217253499837517,0.006291279283818866,-0.009889066348041885,-8.694412797965763e-07,-6.560584007794539e-06,-0.0001831153394766862,6.089556241463364e-07
2016-07,2016-06,2016-06,2016-06-30,0.41421363941785244,0.4698971143422173,0.0,False,0.005918013553926031,0.005918015463031209,1.8812968760005313,-0.1515722492431819,5.454586224015914e-07,1.6363758672047742e-09,2.7272931119036034e-10,0.16839021832332574,0.014389489021186494,0.7528839251237668,0.06433636753172106,0.5172489125322288,0.10011592748007941,0.38263515998769176,5.398939620498274e-17,0.006373856492525522,0.0009718630750810203,0.07065509945982015,1.0,0.00048593153754051014,0.00048595289771254715,0.054543702443978465,1.0,0.00048595289771254715,6.94262463508029e-09,0.00540196511464783,Stage17A_DynamicSigma,confirmed,semivariance,True,0.0,0.3461639680330149,0.0,True,True,Optimization terminated successfully,False,False,0,Optimization terminated successfully,1,-0.00540196511464783,0.10799239279214182,-0.15768462795397714,0.0,0.022007607207858187,0.002315372046022862,0.5172489125322288,KODEX200,1,0.006226458987156004,0.004347658998112538,0.007187657588571522,-0.010014022766434686,2.4187318048821827e-06,5.25997522784565e-06,-8.904243275955229e-05,8.144581601173604e-06
2016-08,2016-07,2016-07,2016-07-29,0.48724499956316786,0.6849902520726648,0.3699805041453297,False,-0.004857716372347978,-0.004857715278750549,1.8721580693647364,-0.1556936706187877,3.1245640830930374e-07,9.373692249279112e-10,1.562282041511645e-10,0.1423362737576569,0.012441366545418464,0.77728153071942,0.06794082897750461,0.5308404549319288,0.09980689027458907,0.3693526547934822,4.318790496304528e-17,0.006368028817486656,0.0009698053955615914,0.07059751343647033,1.0,0.0004849026977807957,0.0004891019748145565,0.05498039808181647,1.0,0.0004891019748145565,6.646594763427054e-09,0.00539401749829654,Stage17A_DynamicSigma,confirmed,semivariance,True,0.3699805041453297,0.3376223720723785,0.12491369543008067,True,True,Optimization terminated successfully,False,False,0,Optimization terminated successfully,1,-0.00539401749829654,0.10787800863354448,-0.1553446655461941,0.0,0.022121991366455526,0.004655334453805893,0.5308404549319288,KODEX200,1,0.006531097310612896,0.004340570879668211,0.006690673261462797,-0.012153339368513719,-2.568433393412684e-06,-7.5153967128518865e-06,-3.4253073165465784e-06,-9.995970545337487e-07
2016-09,2016-08,2016-08,2016-08-30,0.3562267423923956,0.5384743297702425,0.07694865954048491,False,0.0059982202459886134,0.00599822119091418,1.8833876858000906,-0.15062933530007705,2.6997873314034425e-07,8.099361994210327e-10,1.349893665736206e-10,0.2163090666270231,0.013791107120228453,0.7237557021402661,0.046144124112482345,0.5388293895198575,0.09981739308678385,0.36135321739335874,4.6128142012021594e-17,0.0062594862257197475,0.0009533724809428637,0.06939359982297978,1.0,0.00047668624047143187,0.0004898527330705511,0.05522817607398107,1.0,0.0004898527330705511,6.606266566126985e-09,0.005292940645911198,Stage17A_DynamicSigma,confirmed,semivariance,True,0.07694865954048491,0.3388708787139044,0.026075659874341187,True,True,Optimization terminated successfully,False,False,0,Optimization terminated successfully,1,-0.005292940645911198,0.10696013169080508,-0.15389490112422394,0.0,0.023039868309194925,0.006105098875776066,0.5388293895198575,KODEX200,1,0.006499949878917345,0.0042115906175822365,0.006599662985711115,-0.010547558677673418,2.59249387388112e-07,-2.1059570194815957e-06,-0.00013285264107275996,1.8840009275442853e-06
2016-10,2016-09,2016-09,2016-09-30,0.48321617038611436,0.633669367996473,0.267338735992946,False,-0.001524245164134592,-0.0015242442064811223,1.880516941227819,-0.1519239844283038,2.736152770743913e-07,8.208458312231739e-10,1.3680763849552778e-10,0.18753753383638364,0.010975148416136005,0.7571755782348393,0.04431173951264116,0.5431913660275479,0.09971876925585615,0.3570898647165959,4.9084091754649344e-17,0.0062590747295443875,0.0009429772964294667,0.06945103297595584,1.0,0.00047148864821473335,0.0004886423601366405,0.0553942433904929,1.0,0.0004886423601366405,6.604406905959635e-09,0.005298937116786108,Stage17A_DynamicSigma,confirmed,semivariance,True,0.267338735992946,0.33949503989044255,0.0907601748401857,True,True,Optimization terminated successfully,False,False,0,Optimization terminated successfully,1,-0.005298937116786108,0.10637540861098302,-0.15337683754091588,0.0,0.023624591389016986,0.00662316245908412,0.5431913660275479,KODEX200,1,0.006649785388507427,0.004216861378320233,0.006236806356128141,-0.010068312522732766,-2.0199077411523714e-06,-5.3354447517522195e-06,2.7931239633332695e-06,-7.648406380904217e-07
2016-11,2016-10,2016-10,2016-10-31,0.5107821693431976,0.6555442452384241,0.3110884904768483,False,-0.027907315624278995,-0.027907313795986904,1.8280367614121706,-0.17559150946824398,5.223691688232777e-07,1.5671075064698333e-09,2.611845844601944e-10,0.1799579039579007,0.01934168867002778,0.7229937859327219,0.07770662143934957,0.5378034485325822,0.0986588273918253,0.3635377240755925,1.0463848268367882e-16,0.006283342494788059,0.0009639569236013949,0.06961636839584834,1.0,0.00048197846180069744,0.0004825066157147603,0.05524999286448899,1.0,0.0004825066157147603,6.871828072190486e-09,0.00531885054544453,Stage17A_DynamicSigma,confirmed,semivariance,True,0.3110884904768483,0.33806959058203934,0.10516955861029274,True,True,Optimization terminated successfully,False,False,0,Optimization terminated successfully,1,-0.00531885054544453,0.10755223420839169,-0.15449800266117358,0.0,0.022447765791608315,0.00550199733882642,0.5378034485325822,KODEX200,1,0.006308737829098674,0.004119258424033507,0.006818747515224765,-0.010053635945494938,-3.149479324857764e-06,-1.0524821794952873e-05,2.1842418912260006e-05,-1.483052139327357e-06
2016-12,2016-11,2016-11,2016-11-29,0.4004020571807366,0.6058833835137691,0.21176676702753827,False,0.022262992608967594,0.02226299689730954,1.8687343303204111,-0.15723770933676529,1.2252405558188837e-06,3.6757216674566512e-09,6.126202778677606e-10,0.1760777423366025,0.038570863687330176,0.6442292030389029,0.14112219093716452,0.551399230852563,0.09992662685400576,0.34867414229343113,6.232194115872718e-17,0.006081805309423596,0.001030072205738729,0.06680123047865077,1.0,0.0005150361028693645,0.0004916840875682397,0.055787483766079456,1.0,0.0004916840875682397,8.375388540488944e-09,0.0050750767435974505,Stage17A_DynamicSigma,confirmed,semivariance,True,0.21176676702753827,0.340322941055773,0.07206908897268452,True,True,Optimization terminated successfully,False,False,0,Optimization terminated successfully,1,-0.0050750767435974505,0.1111794336595791,-0.1524405477450385,0.0,0.01882056634042091,0.007559452254961491,0.551399230852563,KODEX200,1,0.005870835031414762,0.004070610646990222,0.007188715973317064,-0.009181920203292313,-1.10581462284126e-06,-1.9650534647129852e-05,-0.00018950938353972562,4.700925165498182e-06
2017-01,2016-12,2016-12,2016-12-29,0.30103582365777976,0.42684913269508357,0.0,False,0.020464603641586362,0.02046462081514805,1.9069772377018437,-0.1399909130942668,4.9067319106978144e-06,1.4720195732093443e-08,2.4533659553348304e-09,0.17291831397051793,0.06628417138015588,0.5499768253379953,0.21082068931133094,0.5581539393583577,0.0982508357735436,0.3435952248680986,6.561194542800715e-17,0.006312500141774215,0.0010986569025318573,0.06915806028609944,1.0,0.0005493284512659287,0.0004934772770179161,0.056180187342819904,1.0,0.0004934772770179161,2.0398967248343098e-08,0.0052696740145231225,Stage17A_DynamicSigma,confirmed,semivariance,True,0.0,0.3421820958918981,0.0,True,True,Optimization terminated successfully,False,False,0,Optimization terminated successfully,2,-0.0052696740145231225,0.11482109052949414,-0.15224980608158473,0.0,0.01517890947050586,0.007750193918415277,0.5581539393583577,KODEX200,1,0.005662260572152071,0.004225103305154916,0.008423838084932073,-0.008484481715775757,1.0602769956061717e-05,9.811412891502157e-06,-0.00047819445584716994,2.7974098979110295e-05
2017-02,2017-01,2017-01,2017-01-31,0.531557756718656,0.6391147184288962,0.27822943685779244,False,0.011881668273382221,0.012075167706298802,1.9296353086451077,-0.12977257041155854,0.05528599363239295,0.00016585798089717885,2.7641452019401823e-05,0.16277240147000727,0.10115176317432599,0.45396688683790837,0.28210894851775825,0.5119360241503701,0.09631177006269628,0.3917522057869336,0.0,0.006960497174862928,0.0011471900912222222,0.07664282555102181,1.0,0.0005735950456111111,0.00046788712058192547,0.05480689740416149,1.0,0.00046788712058192547,0.00019350116965364492,0.005725513839016247,Stage17A_DynamicSigma,confirmed,semivariance,True,0.27822943685779244,0.3451035911216228,0.09601797781537097,True,True,Optimization terminated successfully,False,False,0,Optimization terminated successfully,13,-0.005725513839016247,0.1173297962781265,-0.1599999999910378,0.0,0.01267020372187351,8.96219209955973e-12,0.5119360241503701,KODEX200,1,0.0054150543855822075,0.004343653840629855,0.009628421802450566,-0.009181022804581492,-6.8061298382873415e-06,-3.663990768122666e-05,1.288684581898198e-05,-6.735109975809255e-06
2017-03,2017-02,2017-02,2017-02-28,0.33014655170466567,0.3365202992707905,0.0,False,0.00993200569639644,0.010237007064938256,1.9488004575225388,-0.12112946662372559,0.09585611074909905,0.00028756833224729715,1.7433036294517814e-05,0.1888567543678986,0.19356816958989673,0.30498332387119903,0.3125917521710057,0.4147904603559802,0.1563755273305694,0.42883401231345036,7.75521528937866e-19,0.007233107281374653,0.0010682757138525422,0.08038763309338058,1.0,0.0005341378569262711,0.00039234386339710004,0.048332911372771084,1.0,0.00039234386339710004,0.0003050028685906175,0.006001622692460664,Stage17A_DynamicSigma,confirmed,semivariance,True,0.0,0.3322652028964993,0.0,True,True,Optimization terminated successfully,False,False,0,Optimization terminated successfully,11,-0.006001622692460664,0.1132223854466532,-0.1600000000000002,0.0,0.01677761455334681,-1.942890293094024e-16,0.42883401231345036,GLD,0,0.004513336497269275,0.004439870636055865,0.011375243933467671,-0.008088022086686743,3.280857860919718e-05,6.661763222329927e-05,-0.0005488984015483237,4.2732681897553e-05
2017-04,2017-03,2017-03,2017-03-31,0.4066099171215336,0.5673643601316601,0.13472872026332028,False,0.024338488238518367,0.024370550497293447,1.9962313145371706,-0.09973908648396668,0.009160694138172179,2.7482082414516538e-05,4.580176360565985e-06,0.19537708927543984,0.18266980255821666,0.32142940615107785,0.30052370201526557,0.41722115963330664,0.15470087346585779,0.4280779669008356,0.0,0.007256999508312248,0.0010526495454602218,0.08076809682698566,1.0,0.0005263247727301109,0.0003909567410133546,0.0484455785576205,1.0,0.0003909567410133546,3.206483185557222e-05,0.006307653162713211,Stage17A_DynamicSigma,confirmed,semivariance,True,0.13472872026332028,0.3011340183092458,0.040571400914555945,True,True,Optimization terminated successfully,False,False,0,Optimization terminated successfully,10,-0.006307653162713212,0.11239125653502884,-0.16000000000000256,0.0,0.01760874346497117,-2.55351295663786e-15,0.4280779669008356,GLD,0,0.004960336433775289,0.004362291470910839,0.010883111078447298,-0.0089036626403538,1.1200696505028028e-05,-3.02854138391203e-05,-0.0003415643283581534,-6.256631251034996e-07
2017-05,2017-04,2017-04,2017-04-28,0.43442706641744616,0.5817875304918526,0.16357506098370522,False,0.017757146630515263,0.01778686561100164,2.0316786866978336,-0.08375302143694074,0.009906284874745902,2.9718854624237707e-05,1.2586214082066505e-10,0.2597481308674576,0.22751763342771156,0.27332468052363973,0.23940955518119106,0.40776374477725963,0.16121767730487876,0.43101857791786163,0.0,0.007423652969633458,0.0010207011520506203,0.08295962872329776,1.0,0.0005103505760253102,0.00038198145878287355,0.04800715594987247,1.0,0.00038198145878287355,2.972203958116206e-05,0.006501598895244111,Stage17A_DynamicSigma,confirmed,semivariance,True,0.16357506098370522,0.3012761204860324,0.049281259781436874,True,True,Optimization terminated successfully,False,False,0,Optimization terminated successfully,10,-0.006501598895244111,0.11067255226390799,-0.16000000000000345,0.0,0.01932744773609202,-3.4416913763379853e-15,0.43101857791786163,GLD,0,0.004834168242895369,0.004266004655353734,0.011249343295843404,-0.007744875907761158,1.1789077645233726e-05,-2.503612008282649e-05,-0.00019662210732087794,-4.258831295859388e-06
2017-06,2017-05,2017-05,2017-05-30,0.42116790728739356,0.3739741209460085,0.0,False,0.008041677731015743,0.008086223066371563,2.0480167919492307,-0.07638485851331978,0.012727238673090849,3.8181716019272545e-05,6.363619336545445e-06,0.22418396968993795,0.19643900056255903,0.3087968362688091,0.27058019347869383,0.4114369577183017,0.15868625505388867,0.4298767872278097,5.588144835923326e-17,0.00751667531204591,0.0010147934802230054,0.0841113428632129,1.0,0.0005073967401115027,0.0003814304777665379,0.04817745463205298,1.0,0.0003814304777665379,4.454788331122548e-05,0.006583300210856645,Stage17A_DynamicSigma,confirmed,semivariance,True,0.0,0.2991571835577393,0.0,True,True,Optimization terminated successfully,False,False,0,Optimization terminated successfully,9,-0.006583300210856645,0.11035180905937186,-0.1600000000336011,0.0,0.01964819094062814,-3.360109412930967e-11,0.4298767872278097,GLD,0,0.0055667783317720435,0.0042740134155809,0.010783260699191633,-0.00871809422138391,2.5053843993243267e-05,4.8807458681998696e-05,-0.00024531872985349926,1.552069342619905e-05
2017-07,2017-06,2017-06,2017-06-30,0.4416161018510082,0.5328026398355574,0.06560527967111485,False,0.005632635103257064,0.005632665330019395,2.0595525232236236,-0.07118247144548229,8.636217808818802e-06,2.5908653426456405e-08,4.31810890443014e-09,0.2591456511520269,0.16736784605511185,0.3484450882945405,0.22504141449832074,0.419283941067614,0.1576290182295258,0.4230870407028602,8.154932419093563e-17,0.007315428155192649,0.0009692706050909505,0.08196951423176609,1.0,0.00048463530254547524,0.0003794125271555411,0.04830889295181795,1.0,0.0003794125271555411,3.218501296645541e-08,0.006451348140478666,Stage17A_DynamicSigma,confirmed,semivariance,True,0.06560527967111485,0.29881383211115736,0.019603765025250037,True,True,Optimization terminated successfully,False,False,0,Optimization terminated successfully,2,-0.006451348140478666,0.10784826035264271,-0.1582777928271233,0.0,0.022151739647357296,0.0017222071728767163,0.4230870407028602,GLD,0,0.0060171861562490795,0.004161039286853706,0.009947062573430613,-0.008561469024072146,9.38503615785975e-06,-2.088161495886157e-05,-0.00017135628257249451,-2.5299952566528397e-06
2017-08,2017-07,2017-07,2017-07-31,0.41345914687663377,0.5269049077545412,0.05380981550908248,False,0.015312897223795021,0.015312908320647845,2.0910902393387545,-0.056959584091067716,3.170529378260399e-06,9.511588134781198e-09,1.585264689129952e-09,0.283922909954554,0.13514319182551549,0.3935905151316867,0.18734338308824391,0.4182339862105176,0.15687145410930925,0.42489455968017315,8.405984815348752e-17,0.007119046204394719,0.0009315678631782116,0.07983914727366737,1.0,0.0004657839315891058,0.000377358351771787,0.048339323448024864,1.0,0.000377358351771787,1.3878376088351252e-08,0.006275890042657739,Stage17A_DynamicSigma,confirmed,semivariance,True,0.05380981550908248,0.29867897646036196,0.016071860619773667,True,True,Optimization terminated successfully,False,False,0,Optimization terminated successfully,2,-0.006275890042657739,0.1057299123150045,-0.15886450707876346,0.0,0.0242700876849955,0.0011354929212365472,0.42489455968017315,GLD,0,0.006267674034961515,0.0040591160669742185,0.009280277764448824,-0.008042797695384499,1.260848260221282e-05,-1.841120200587095e-05,-0.00019908979241152358,-2.4573631261655067e-07
2017-09,2017-08,2017-08,2017-08-31,0.4331514402701819,0.45670204215611393,0.0,False,0.007574048032407447,0.007602191137617749,2.1069282572516044,-0.04981695068447212,0.008041006928169333,2.4123020784507998e-05,4.020084425794154e-06,0.21884011553375798,0.1560601798872169,0.36488872705897146,0.2602109775200538,0.40562741985079065,0.16269013293219217,0.4316824472170172,3.010861155964186e-17,0.007423240048383572,0.0009631106135311028,0.08330021689941625,1.0,0.0004815553067655514,0.0003695358246857075,0.047908100748792704,1.0,0.0003695358246857075,2.814530543795902e-05,0.006544003611494354,Stage17A_DynamicSigma,confirmed,semivariance,True,0.0,0.2982533038979816,0.0,True,True,Optimization terminated successfully,False,False,0,Optimization terminated successfully,8,-0.006544003611494353,0.10750501087099723,-0.15999999999999134,0.0,0.022494989129002774,8.659739592076221e-15,0.4316824472170172,GLD,0,0.005899646750466013,0.004155863298130322,0.010288395046700604,-0.009121632426504694,8.631662110511779e-06,-2.6079895656796795e-05,-0.00020041176761400624,-1.434699949064395e-06
2017-10,2017-09,2017-09,2017-09-29,0.5872611859309954,0.6033659954637692,0.20673199092753847,False,0.007027710949901893,0.007067220165886781,2.1217351400357494,-0.043139338864386145,0.01128834742425372,3.386504227276116e-05,5.644173712126874e-06,0.27089469370953795,0.25215227978981963,0.24702187484865995,0.22993115165198247,0.40781634405739287,0.1611814251811321,0.4310022307614751,3.691968563804502e-18,0.007726060600775906,0.0009828165787539424,0.08681582773678723,1.0,0.0004914082893769712,0.0003681732901349059,0.048009594731425374,1.0,0.0003681732901349059,3.95120423360854e-05,0.006826966978927944,Stage17A_DynamicSigma,confirmed,semivariance,True,0.20673199092753847,0.29688001279407594,0.061374596111512414,True,True,Optimization terminated successfully,False,False,0,Optimization terminated successfully,11,-0.006826966978927944,0.10859925849216148,-0.16000000000000056,0.0,0.021400741507838522,-5.551115123125783e-16,0.4310022307614751,GLD,0,0.0054963006841099935,0.004106183891063994,0.011077428235631001,-0.006980139114620023,-3.8817532841668125e-05,-2.358092683033739e-05,0.0001577108528411502,-5.790819114911814e-06
2017-11,2017-10,2017-10,2017-10-31,0.472244512477073,0.6108140279736981,0.2216280559473962,False,-0.023633643579757363,-0.023633597401463535,2.0715908079654977,-0.06575344268515637,1.319379823643e-05,3.958139470929e-08,6.5968991182218885e-09,0.1751962901697445,0.1620184383923007,0.3443429687375353,0.3184423027004194,0.42396039536405555,0.15877296763891344,0.4172666369970311,3.816163548503619e-18,0.007576419796159755,0.0009800695331882762,0.0850366203547874,1.0,0.0004900347665941381,0.00036744366879568687,0.04829247334043308,1.0,0.00036744366879568687,4.8330924468495405e-08,0.006718893029845462,Stage17A_DynamicSigma,confirmed,semivariance,True,0.2216280559473962,0.2977705120436639,0.06599429970269796,True,True,Optimization terminated successfully,False,False,0,Optimization terminated successfully,3,-0.006718893029845462,0.10844738078100048,-0.15654641568230362,0.0,0.021552619218999522,0.0034535843176963787,0.42396039536405555,KODEX200,0,0.006455709748205752,0.004092933988503462,0.010189521067247846,-0.008417127540495497,1.7019037634852492e-06,-3.820063903146511e-05,-0.00013611497067529435,7.982935560754083e-07
2017-12,2017-11,2017-11,2017-11-30,0.4916714850534179,0.5626009558037638,0.12520191160752758,False,0.007903630177135105,0.007903655066999462,2.0879638955900095,-0.058369503401878076,7.111389816278559e-06,2.1334169448835677e-08,3.5556949081313364e-09,0.235156997807821,0.17623105993367935,0.33646143734759176,0.25215050491090796,0.42087062601283165,0.16355460975644293,0.4155747642307255,2.7755677259582586e-17,0.007188506981702808,0.0009398891244362389,0.08062274903381628,1.0,0.00046994456221811947,0.0003643729810838004,0.04800756361542883,1.0,0.0003643729810838004,2.7010638405624302e-08,0.006354162427762483,Stage17A_DynamicSigma,confirmed,semivariance,True,0.12520191160752758,0.2957072804223018,0.0370231167851354,True,True,Optimization terminated successfully,False,False,0,Optimization terminated successfully,2,-0.006354162427762483,0.10620108047112735,-0.15549263503071536,0.0,0.023798919528872656,0.0045073649692846385,0.42087062601283165,KODEX200,0,0.006092550898593764,0.0040140862239338385,0.009628245988845631,-0.0071958863731324514,-2.756310912365178e-06,-2.921105536040521e-05,-6.61961239375489e-05,7.094334181536431e-08
2018-01,2017-12,2017-12,2017-12-28,0.38509646655602453,0.4501661504454267,0.0,False,0.02079212904295338,0.020792134846487103,2.1313771103441446,-0.03879100060582974,1.6581524925896324e-06,4.974457477768897e-09,8.290762462947737e-10,0.24943802412612012,0.13656598288772248,0.39676776543495806,0.21722822755119933,0.4211532686451171,0.16245037641856852,0.4163963549363144,2.789659194782146e-17,0.006953033350187239,0.0009008669601611454,0.07803119844128001,1.0,0.0004504334800805727,0.0003627988823246109,0.04647344551117718,1.0,0.0003627988823246109,9.440814081091029e-09,0.006139791546967975,Stage17A_DynamicSigma,confirmed,semivariance,True,0.0,0.29580049307645334,0.0,True,True,Optimization terminated successfully,False,False,0,Optimization terminated successfully,2,-0.006139791546967975,0.10397309037406624,-0.155090048742416,0.0,0.026026909625933764,0.004909951257584005,0.4211532686451171,KODEX200,0,0.006419216281171385,0.0039287239559849954,0.008913849739213513,-0.007157050624482041,1.9245078505632167e-05,2.1058827930544297e-05,-0.0002686957631517163,5.033116977421161e-06
2018-02,2018-01,2018-01,2018-01-30,0.47424202413230376,0.5090370652887947,0.01807413057758933,False,-0.03774112994174301,-0.0377411213574959,2.0509365298677893,-0.07506811435313798,2.4526420304011013e-06,7.357926091203304e-09,1.226321015179695e-09,0.3566635605528313,0.11678393565233602,0.3966693082691679,0.1298831955256647,0.42429647033076423,0.15805555560749626,0.41764797406173954,2.9668932411290217e-17,0.006981797504378245,0.0008568547792518488,0.07864044137702784,1.0,0.0004284273896259244,0.00036427119617492266,0.04673036436184584,1.0,0.00036427119617492266,1.2107565925936407e-08,0.006189086811011472,Stage17A_DynamicSigma,confirmed,semivariance,True,0.01807413057758933,0.2972720336284835,0.0053729335528667375,True,True,Optimization terminated successfully,False,False,0,Optimization terminated successfully,1,-0.006189086811011471,0.10140146621731949,-0.15595486101245187,0.0,0.028598533782680513,0.00404513898754813,0.42429647033076423,KODEX200,0,0.006742610948434253,0.0037209611587804966,0.008511542541585274,-0.005428145108651454,-1.2808198820678444e-07,-1.440588508984475e-05,-4.71313885124381e-05,4.82498301205985e-07
2018-03,2018-02,2018-02,2018-02-27,0.37430330122442457,0.3470646506451917,0.0,False,0.011763654635132226,0.01176365694874721,2.0750630388837306,-0.0641875350893667,7.55999956247881e-07,2.267999868743643e-09,4.561511335319944e-11,0.22292679738282276,0.04651481478248612,0.6044390856792627,0.1261193021554283,0.4053065407048705,0.16453307224171532,0.4301603870534142,2.931089231181065e-17,0.006196456309782268,0.0008350692989031413,0.06934705992396836,1.0,0.00041753464945157065,0.0003653989627456911,0.0470399668047953,1.0,0.0003653989627456911,7.189918299331498e-09,0.005413515507666707,Stage17A_DynamicSigma,confirmed,semivariance,True,0.0,0.2972344534965276,0.0,True,True,Optimization terminated successfully,False,False,0,Optimization terminated successfully,1,-0.005413515507666707,0.10010410374623857,-0.1586292425854419,0.0,0.029895896253761434,0.0013707574145581103,0.4301603870534142,GLD,0,0.006729429627666445,0.0036888306257935014,0.006805951013439049,-0.007605394246068302,1.6853742810392693e-05,2.441657247477344e-05,-0.0001777452312049794,5.124010299231456e-06
2018-04,2018-03,2018-03,2018-03-30,0.49853419632149987,0.26150957665219804,0.0,False,0.002070851642727375,0.0020708552006201853,2.079360186586566,-0.062249606309121575,1.0495619693767942e-06,3.148685908130383e-09,4.0920690241861854e-10,0.2671238846447026,0.07469370745893074,0.5143569133468623,0.1438254945495044,0.41237652007964654,0.16363687778874111,0.42398660213161243,2.9949877811856735e-17,0.0065249088168293085,0.0008446895679134862,0.07323076839447079,1.0,0.0004223447839567431,0.0003636653273595815,0.04718220734753562,1.0,0.0003636653273595815,7.798490663797447e-09,0.00573889090702232,Stage17A_DynamicSigma,confirmed,semivariance,True,0.0,0.29795945956068187,0.0,True,True,Optimization terminated successfully,False,False,0,Optimization terminated successfully,1,-0.00573889090702232,0.1006790684053137,-0.15703838063902567,0.0,0.02932093159468631,0.0029616193609743324,0.42398660213161243,GLD,0,0.006613023328631202,0.0037365941902561834,0.007489229528249913,-0.006699013694347238,1.6033466280968447e-05,3.3594883944226765e-05,-2.4375881301669096e-06,3.1188836904445003e-06
2018-05,2018-04,2018-04,2018-04-30,0.4331132598642545,0.37830991774233746,0.0,False,-0.013725106515459348,-0.013725104138428533,2.05082074654166,-0.07512033034744292,7.242136349109416e-07,2.1726409047328246e-09,2.043899116462746e-10,0.177181885158172,0.0653593042740968,0.5533409822068006,0.2041178283609306,0.41956332084418135,0.16321254852787445,0.4172241306279442,0.0,0.006496689642120253,0.0008589599067159487,0.07280651626514734,1.0,0.00042947995335797435,0.0003617224027165221,0.047302193337886766,1.0,0.0003617224027165221,7.08555431649284e-09,0.00570548020049144,Stage17A_DynamicSigma,confirmed,semivariance,True,0.0,0.2986337578745177,0.0,True,True,Optimization terminated successfully,False,False,0,Optimization terminated successfully,1,-0.005705480200491441,0.1015259517591014,-0.1552277521330509,0.0,0.02847404824089861,0.004772247866949103,0.41956332084418135,KODEX200,0,0.006794292361246309,0.0037902303499603614,0.007368461570407939,-0.007262232895990924,2.373878064094239e-05,3.6819443767864355e-05,-0.00015058733120439923,7.714694654106627e-06
2018-06,2018-05,2018-05,2018-05-31,0.5101680690196747,0.5699452433876843,0.13989048677536853,False,-0.01574917438466773,-0.015749166961490008,2.018522012972681,-0.0896864215496348,2.120907920441506e-06,6.362723761324518e-09,1.0604539602276919e-09,0.2686182397404547,0.11779539507660325,0.42653901025572666,0.18704735492721536,0.41132474777233324,0.1660406073806104,0.42263464484705643,0.0,0.00658493748328251,0.0008689358511867141,0.07380563469226983,1.0,0.00043446792559335707,0.00035774642506538587,0.047046261293137485,1.0,0.00035774642506538587,1.064970699642116e-08,0.005792712482916771,Stage17A_DynamicSigma,confirmed,semivariance,True,0.13989048677536853,0.29660217534871736,0.04149182268816528,True,True,Optimization terminated successfully,False,False,0,Optimization terminated successfully,1,-0.005792712482916771,0.1021138101053945,-0.1563825739379135,0.0,0.027886189894605506,0.0036174260620865095,0.42263464484705643,GLD,0,0.006073471923265201,0.003772543239421037,0.008201904837740654,-0.005955866155120228,-6.95846402155518e-06,-1.6603265816636596e-05,-9.874435844267036e-07,-1.5116955564372639e-06
2018-07,2018-06,2018-06,2018-06-29,0.434838676455717,0.4280765135834404,0.0,False,-0.010634284346841901,-0.010634278617648485,1.99705647592637,-0.09936695498766712,1.6369124050258372e-06,4.9107372150775114e-09,8.184562025059801e-10,0.16087518202062076,0.10604822922593457,0.4418264741185684,0.2912501146348763,0.40279831143405764,0.16996781847564513,0.42723387009029723,1.3469054084209672e-21,0.00656078826076434,0.0009035505562905613,0.07330815579142871,1.0,0.00045177527814528064,0.00035338239177908857,0.04673081244653544,1.0,0.00035338239177908857,9.218032845456002e-09,0.005755621372807125,Stage17A_DynamicSigma,confirmed,semivariance,True,0.0,0.29421747327981784,0.0,True,True,Optimization terminated successfully,False,False,0,Optimization terminated successfully,1,-0.005755621372807125,0.10412783813892774,-0.15718420045630993,0.0,0.02587216186107226,0.002815799543690073,0.42723387009029723,GLD,0,0.0058286239343997535,0.003939070382936242,0.008477501670257086,-0.006203222826737825,1.5423483371071787e-05,2.549660536583746e-05,-0.00020810339900878842,7.90202361135828e-06
2018-08,2018-07,2018-07,2018-07-31,0.34898878792494603,0.39811051506192374,0.0,False,-0.006442112892317366,-0.0064421081003291905,1.984191212656119,-0.105168934738188,1.3691394786935485e-06,4.107418436080646e-09,6.845697393398353e-10,0.18221769363463097,0.13817047262099297,0.3865227057509297,0.2930891279934464,0.40624565015873526,0.17212032213000986,0.42163402771125497,1.2734716453820698e-21,0.006410101813606692,0.0009023263497610389,0.07150726366471408,1.0,0.00045116317488051944,0.00034983573934822257,0.0466692517685808,1.0,0.00034983573934822257,8.535192329514926e-09,0.00560909436418562,Stage17A_DynamicSigma,confirmed,semivariance,True,0.0,0.2936461264617952,0.0,True,True,Optimization terminated successfully,False,False,0,Optimization terminated successfully,2,-0.00560909436418562,0.10405727363876331,-0.15538865702744112,0.0,0.025942726361236693,0.004611342972558885,0.42163402771125497,GLD,0,0.005525911762798628,0.003931930193447782,0.008695452513516081,-0.006130608212250126,2.6532660570705502e-05,9.217640365763132e-06,-0.0004511136895933895,1.142304899477381e-05
2018-09,2018-08,2018-08,2018-08-31,0.31301966010178556,0.41073039931052696,0.0,False,-0.000240183291369779,-0.00024017880505001078,1.9837146430799562,-0.10538385820866258,1.2818056480679023e-06,3.845416944203707e-09,6.409028240339514e-10,0.15063634294889292,0.11682580090059831,0.41256987674573564,0.319967979404773,0.4099741980144927,0.17574271432528507,0.41428308766022237,2.2135611449010692e-21,0.006227470435012362,0.0008896608920346311,0.06939167986794056,1.0,0.00044483044601731554,0.0003446458308830747,0.04653723302430741,1.0,0.0003446458308830747,8.324251392262987e-09,0.00543798583386058,Stage17A_DynamicSigma,confirmed,semivariance,True,0.0,0.2928398536945774,0.0,True,True,Optimization terminated successfully,False,False,0,Optimization terminated successfully,1,-0.00543798583386058,0.10332439549504063,-0.15293280592660582,0.0,0.02667560450495937,0.0070671940733941785,0.41428308766022237,GLD,0,0.005640805132038008,0.004041997790102169,0.008321173336657625,-0.0062181136557067414,2.9632856538612647e-05,2.2343304470535656e-05,-0.0006248446007721225,2.246934585650741e-05
2018-10,2018-09,2018-09,2018-09-28,0.4256552940656051,0.589612298166371,0.1792245963327419,False,-0.022026485384222142,-0.022026481701151606,1.940020381487688,-0.12508910758031866,1.0523058670830466e-06,3.15691760124914e-09,5.261529335137671e-10,0.11519428456042721,0.08779420346506356,0.45229742731419603,0.3447140846603132,0.4132218526187529,0.17534654485602352,0.4114316025252236,2.7755575615628914e-17,0.006271399255830465,0.0008867103913927552,0.06993652872160905,1.0,0.0004433551956963776,0.0003428098861051809,0.04660178852585574,1.0,0.0003428098861051809,7.795146364872056e-09,0.005485226378882541,Stage17A_DynamicSigma,confirmed,semivariance,True,0.1792245963327419,0.2932237431179073,0.05255290699548254,True,True,Optimization terminated successfully,False,False,0,Optimization terminated successfully,1,-0.005485226378882541,0.1031529189926929,-0.15219234983803615,0.0,0.026847081007307108,0.007807650161963858,0.4132218526187529,KODEX200,0,0.005850973431629602,0.004015168547341998,0.007949624069017712,-0.006503243027941396,2.5721180362549697e-07,-2.4825597862150754e-05,-0.00028407280627500196,1.3695296257956203e-05
2018-11,2018-10,2018-10,2018-10-30,0.5858590272887585,0.46553547176608295,0.0,True,0.00881979432601795,0.0088302701937332,1.9571309622406923,-0.11737257345558427,0.0029938861774549534,8.98165853236486e-06,1.494209182886132e-06,0.22897617634820308,0.18529233825235095,0.32374788613331684,0.26198359926612913,0.37128843177367443,0.1837446463825135,0.4449669218438121,6.939899566559335e-19,0.006466743388472349,0.0008890672736138161,0.0722665170199853,1.0,0.00044453363680690803,0.0003356634124807361,0.044579182202602596,1.0,0.0003356634124807361,1.047750433857646e-05,0.005676068834846129,Stage17A_DynamicSigma,confirmed,semivariance,True,0.0,0.2882958838055616,0.0,True,True,Optimization terminated successfully,False,False,0,Optimization terminated successfully,4,-0.005676068834846129,0.10328991859501968,-0.16000000020797595,0.0,0.026710081404980324,-2.0797594202370817e-10,0.4449669218438121,GLD,0,0.004292868630288242,0.003958169773490989,0.009133929455210228,-0.004904065733623839,-8.569948017381469e-06,9.187514998213742e-06,0.00018598171987505962,-4.967647054872565e-06
2018-12,2018-11,2018-11,2018-11-30,0.5961776678406475,0.689605830635364,0.3792116612707279,False,0.006536930652045015,0.006536942468873821,1.9699245916178298,-0.11160289917667043,3.3762368017026248e-06,1.0128710405107875e-08,1.6881184008860065e-09,0.11613070993440404,0.09043579707111214,0.44606454435869813,0.3473689486357857,0.38355938290655933,0.18357099925154813,0.4328696178418926,2.830164112464774e-17,0.006362798939762727,0.0008888392088671144,0.07102055202395005,1.0,0.0004444196044335572,0.00033322254912471753,0.04452138784591928,1.0,0.00033322254912471753,1.4664701224723853e-08,0.005585142121503228,Stage17A_DynamicSigma,confirmed,semivariance,True,0.3792116612707279,0.27469142692014176,0.1041661923392137,True,True,Optimization terminated successfully,False,False,0,Optimization terminated successfully,2,-0.005585142121503228,0.10327666971008202,-0.15630155407161211,0.0,0.026723330289917982,0.003698445928387889,0.4328696178418926,GLD,0,0.005070831421183314,0.004076854958776167,0.008251139509433486,-0.008475905036574652,-2.4526490052392826e-05,-2.006474042910311e-05,0.0002561156743410586,-1.3853170417947445e-05
2019-01,2018-12,2018-12,2018-12-28,0.5400060184645616,0.5013533555305575,0.0,True,0.044564336153074695,0.044568105447804734,2.0577129733148953,-0.07201207213816252,0.0010769413514388096,3.230824054316429e-06,5.384706757193794e-07,0.10187324202429324,0.056079855392154945,0.5430855697405771,0.2989613328429746,0.3704178875645152,0.18442331557429217,0.44515879686119264,2.960429827237182e-17,0.006070896697294959,0.0008545195792523368,0.06772364289202548,1.0,0.0004272597896261684,0.00033072330817515044,0.044544801957844535,1.0,0.00033072330817515044,3.7721712631901302e-06,0.00530914142823045,Stage17A_DynamicSigma,confirmed,semivariance,True,0.0,0.2674004362795261,0.0,True,True,Optimization terminated successfully,False,False,0,Optimization terminated successfully,13,-0.00530914142823045,0.10126319642904841,-0.1600000000006166,0.0,0.028736803570951597,-6.165901123011963e-13,0.44515879686119264,GLD,0,0.0051590585003989655,0.004010760008695698,0.0075750670175955825,-0.009897802216386416,3.0286183836914192e-05,2.860057462796307e-05,7.100973959547808e-05,-4.228460216981686e-06
2019-02,2019-01,2019-01,2019-01-31,0.5207759342443048,0.6936220709518613,0.3872441419037227,False,-0.001382080313729681,-0.0013820791203774591,2.054869048723171,-0.0732946259846391,3.553837665815191e-07,1.0661512997445572e-09,1.2720092207317786e-10,0.11926164815773856,0.03969952247533758,0.6309948307217833,0.21004399864514056,0.3856654107620127,0.17662291579439973,0.43771167344358763,3.4205543047541477e-17,0.005990280721932484,0.0008264449599348575,0.06692469890358066,1.0,0.00041322247996742874,0.0003348890142209655,0.04490819198944068,1.0,0.0003348890142209655,6.663241857577415e-09,0.005242162564502232,Stage17A_DynamicSigma,confirmed,semivariance,True,0.3872441419037227,0.2697007201328592,0.10444002393866511,True,True,Optimization terminated successfully,False,False,0,Optimization terminated successfully,1,-0.005242162564502232,0.09958583995337034,-0.15844843918949908,0.0,0.030414160046629668,0.0015515608105009238,0.43771167344358763,GLD,0,0.006070825662714579,0.003860923905323878,0.006747828323683506,-0.007868628195609479,-3.0123835415415264e-06,-1.4879182968125946e-06,3.396518090539792e-05,-3.575902023655967e-07
2019-03,2019-02,2019-02,2019-02-28,0.5454815010856986,0.7170204001518915,0.434040800303783,False,-0.006578635942398269,-0.006578634596658787,2.041350813342319,-0.07939108326615019,4.325768603319503e-07,1.297730580995851e-09,4.800890052171672e-11,0.08523859073444388,0.02110453840344939,0.7163044090386445,0.17735246182346234,0.3846083601838189,0.17708311110579653,0.43830852871038467,3.6283337391219537e-17,0.005723658863824263,0.0008015134402873236,0.06387482572416722,1.0,0.0004007567201436618,0.00033235531562207177,0.04488770775684384,1.0,0.00033235531562207177,6.72620128417371e-09,0.004990540101857246,Stage17A_DynamicSigma,confirmed,semivariance,True,0.434040800303783,0.26927320614314737,0.11687555789473722,True,True,Optimization terminated successfully,False,False,0,Optimization terminated successfully,1,-0.004990540101857246,0.09807222483174267,-0.15856495882754568,0.0,0.03192777516825733,0.0014350411724543266,0.43830852871038467,GLD,0,0.006226998092465155,0.003794262169209037,0.0060118593109382956,-0.0076383199448683756,-3.321698891083403e-05,-9.66291475787092e-06,8.268388182466085e-05,-3.20955616561095e-06
2019-04,2019-03,2019-03,2019-03-29,0.47066697804458835,0.5368054506649068,0.07361090132981363,False,0.013080952137155091,0.013080952939022571,2.0680536256267925,-0.06734864208931646,2.3765852637248732e-07,7.12975579117462e-10,8.889190122872589e-11,0.1575479433760788,0.04517762653444211,0.619600905906315,0.1776735241831641,0.3779452836554522,0.17984738755559532,0.4422073287889525,3.897508223005364e-17,0.005787621961780464,0.0007996065694550315,0.06465382412463538,1.0,0.00039980328472751577,0.0003282628922076132,0.04476656484030396,1.0,0.0003282628922076132,6.575826874199646e-09,0.0050595492090184605,Stage17A_DynamicSigma,confirmed,semivariance,True,0.07361090132981363,0.26801167148116056,0.019728580704638135,True,True,Optimization terminated successfully,False,False,0,Optimization terminated successfully,1,-0.0050595492090184605,0.09795549414637435,-0.1594543452842451,0.0,0.03204450585362566,0.0005456547157549063,0.4422073287889525,GLD,0,0.005772816146033098,0.003838370693391357,0.006606092211099786,-0.006372225168151497,5.258942460569568e-05,1.0913521681355316e-05,-6.243383514704557e-05,5.680124764211313e-06
2019-05,2019-04,2019-04,2019-04-30,0.40474362160745986,0.46243273454768213,0.0,False,-0.005190339309678656,-0.005190338412511193,2.057319725599178,-0.07218941909450549,2.607056093229108e-07,7.821168279687324e-10,1.1505063560178571e-10,0.1439851975267811,0.04926289425072246,0.6010943331552535,0.20565757506724294,0.3802411724308868,0.17806170035730945,0.4416971272118038,4.1403525849624314e-17,0.005871793060235962,0.000808056394856966,0.06561317835368975,1.0,0.000404028197428483,0.00032764178238058696,0.04485699235630565,1.0,0.00032764178238058696,6.603103659217113e-09,0.005140116477323233,Stage17A_DynamicSigma,confirmed,semivariance,True,0.0,0.2684113474413897,0.0,True,True,Optimization terminated successfully,False,False,0,Optimization terminated successfully,1,-0.005140116477323233,0.09847170526747057,-0.1594530604154372,0.0,0.03152829473252944,0.0005469395845628111,0.4416971272118038,GLD,0,0.005791405977507964,0.0038701668188889974,0.0068926655111072165,-0.0059847807526156325,6.500972149286953e-05,1.2476313241048846e-05,-0.0002057471033241083,1.5584361879001878e-05
2019-06,2019-05,2019-05,2019-05-31,0.48880004151773937,0.5333102617598895,0.06662052351977898,False,0.037965142301675546,0.03802256031310459,2.135426161741595,-0.0369649583614281,0.01640514612258254,4.921543836774762e-05,8.202573061291287e-06,0.119543407136065,0.045109979014516015,0.606487256009475,0.22885935783994404,0.35435761676082317,0.19718939260638435,0.44845299063279254,2.6899554651181975e-18,0.0058662935960892195,0.0007951110385958763,0.06562485692149538,1.0,0.00039755551929793816,0.00031079994817676546,0.04389618459272389,1.0,0.00031079994817676546,5.741990417998933e-05,0.005100518224434527,Stage17A_DynamicSigma,confirmed,semivariance,True,0.06662052351977898,0.2657889549506018,0.017706999324584045,True,True,Optimization terminated successfully,False,False,0,Optimization terminated successfully,9,-0.005100518224434527,0.09767974438516164,-0.16000000000001435,0.0,0.03232025561483837,-1.4349632593280148e-14,0.44845299063279254,GLD,0,0.00524849401115045,0.003941692272685472,0.00723412866708365,-0.007131461207170454,1.5320750923690639e-06,-1.8863775148178296e-07,-3.452419582855496e-05,2.9236169014072785e-06
2019-07,2019-06,2019-06,2019-06-28,0.4507788192501322,0.5945435303896517,0.18908706077930337,False,-0.0014483711349519669,-0.0014483696061969465,2.132333272128107,-0.03835979051768479,4.3678714867212494e-07,1.310361446016375e-09,2.183935743360614e-10,0.09570715297008163,0.03274587359518651,0.6493679575914587,0.22217901584327324,0.3635566207932537,0.19085253939256203,0.4455908398141844,2.773916898938872e-18,0.005960064029076725,0.0007971245687704134,0.06673802093629821,1.0,0.0003985622843852067,0.00031351238687506806,0.04421071124905911,1.0,0.00031351238687506806,6.790514375376334e-09,0.005247982567302074,Stage17A_DynamicSigma,confirmed,semivariance,True,0.18908706077930337,0.2623607958632625,0.04960903175350312,True,True,Optimization terminated successfully,False,False,0,Optimization terminated successfully,1,-0.005247982567302074,0.09780334772002931,-0.15958513207933223,0.0,0.03219665227997069,0.00041486792066777745,0.4455908398141844,GLD,0,0.005775617062147149,0.0039366919017249005,0.007105216378931479,-0.006801102764063028,-2.190012503073356e-05,-1.1790462811729896e-05,-0.00010510673296927485,6.529730147736292e-06
2019-08,2019-07,2019-07,2019-07-30,0.4662836304946679,0.5897855430563815,0.17957108611276307,False,0.04625486188009347,0.046292499957066024,2.2309640531127206,0.0,0.010753736277872877,3.226120883361863e-05,5.376868138936453e-06,0.121935627864152,0.022370297069575617,0.7230444235103902,0.13264965155588213,0.3450454808333297,0.20461779330969437,0.450336725856976,3.1464020097196953e-18,0.005605743417491183,0.000742516810830159,0.06281382014491324,1.0,0.0003712584054150795,0.000301587272154641,0.0435185626236406,1.0,0.000301587272154641,3.7640182531057555e-05,0.004895257557390406,Stage17A_DynamicSigma,confirmed,semivariance,True,0.17957108611276307,0.2611353275250342,0.0468923543860825,True,True,Optimization terminated successfully,False,False,0,Optimization terminated successfully,17,-0.004895257557390406,0.09439386489577545,-0.1599999999999978,0.0,0.03560613510422456,2.192690473634684e-15,0.450336725856976,GLD,0,0.005584301276983438,0.003894984184378485,0.0064504127872993386,-0.006422792081972634,-1.2286038092274529e-05,-3.2697601412542278e-06,-4.0030163042195875e-05,2.9239124011069994e-06
2019-09,2019-08,2019-08,2019-08-30,0.550380113879002,0.7164878735447222,0.4329757470894444,False,-0.009760208982271963,-0.009674054490671775,2.209189377722404,-0.009760208982272034,0.024615569028624815,7.384670708587444e-05,1.230778451431243e-05,0.08657107478584139,0.01391689274183162,0.7749357992784679,0.12457623319385913,0.3215079147352664,0.22142709740705085,0.4570649878576827,2.7755575615628914e-17,0.005832858197557971,0.0007400473197764825,0.06555401445203676,1.0,0.00037002365988824125,0.0002891432155353256,0.04169308557430653,1.0,0.0002891432155353256,8.615625408888442e-05,0.00508753506804552,Stage17A_DynamicSigma,confirmed,semivariance,True,0.4329757470894444,0.2611468702144742,0.11307026123118215,True,True,Optimization terminated successfully,False,False,0,Optimization terminated successfully,14,-0.00508753506804552,0.09423676478592519,-0.1600000000000342,0.0,0.03576323521407482,-3.419486915845482e-14,0.4570649878576827,GLD,0,0.005439780888522698,0.003906921437455502,0.0069874255499840455,-0.006981183678082462,-2.783193325278187e-05,-5.634358852891879e-06,7.72658748910865e-05,-2.0655205189500627e-06
2019-10,2019-09,2019-09,2019-09-30,0.5631946452322352,0.6716811728810889,0.3433623457621777,False,0.003833712021422552,0.0038337134041126425,2.217658773597377,-0.005963914791356495,4.25277646501365e-07,1.275832939504095e-09,1.0685715098878193e-10,0.10247103679795988,0.01546343613651306,0.766410082083159,0.11565544498236806,0.3441226870433787,0.22163761461147327,0.43423969834514803,2.8412613459275427e-17,0.005695267860683528,0.0007007395544440503,0.06413877700153804,1.0,0.00035036977722202513,0.0002840136305356711,0.04145334019403065,1.0,0.0002840136305356711,6.708377171190732e-09,0.005060877744548661,Stage17A_DynamicSigma,confirmed,semivariance,True,0.3433623457621777,0.2516245884139039,0.08639840892924053,True,True,Optimization terminated successfully,False,False,0,Optimization terminated successfully,1,-0.005060877744548661,0.09169991632127372,-0.15234815460307574,0.0,0.03830008367872628,0.007651845396924262,0.43423969834514803,GLD,0,0.005863977402290988,0.003796108360291328,0.006475713201260124,-0.006654169286271908,-2.019704633505364e-05,-7.384684125485089e-06,7.49701999435479e-05,-2.5686713215743477e-06
2019-11,2019-10,2019-10,2019-10-31,0.4560889046068717,0.6272284940089299,0.25445698801785976,False,-0.0057683169950558215,-0.005768314884497706,2.2048666148044003,-0.011697830035364398,6.841358099057995e-07,2.0524074297173986e-09,5.8150685849895686e-11,0.10323935420701846,0.012893607164700227,0.7857361182823953,0.09813092034588598,0.3468729022506037,0.21852764795304497,0.4345994497963514,2.7722209010179808e-17,0.0055750416015218525,0.0006911131647579889,0.06275382022971429,1.0,0.00034555658237899443,0.0002845436763107619,0.041607502640710725,1.0,0.0002845436763107619,7.05588043093938e-09,0.004944934286951665,Stage17A_DynamicSigma,confirmed,semivariance,True,0.25445698801785976,0.2524472956157041,0.06423697847562633,True,True,Optimization terminated successfully,False,False,0,Optimization terminated successfully,1,-0.004944934286951665,0.0910678756592898,-0.15273920129690893,0.0,0.03893212434071021,0.00726079870309107,0.4345994497963514,GLD,0,0.005961928283869182,0.0036644899901588633,0.006281346135067881,-0.006694429307187678,-1.7502742809569052e-05,-7.0423400073087065e-06,-3.691110263847979e-05,2.462147201286017e-06
2019-12,2019-11,2019-11,2019-11-29,0.4239375981554435,0.5154173347974189,0.030834669594837827,False,0.03378940439891924,0.03378940601743806,2.2793677444977023,0.0,5.102884073626797e-07,1.5308652220880391e-09,8.76536001559565e-11,0.09818300166070919,0.009279400003466056,0.8154667971548376,0.07707080118098719,0.3517885122302641,0.22145471226499727,0.4267567755047387,2.898245417287051e-17,0.005394611037226457,0.0006647864618939976,0.0607466136753535,1.0,0.0003323932309469988,0.0002802465865359706,0.041386937906340564,1.0,0.0002802465865359706,6.796431503065793e-09,0.004781964423311985,Stage17A_DynamicSigma,confirmed,semivariance,True,0.030834669594837827,0.2512734047106465,0.007747932412222752,True,True,Optimization terminated successfully,False,False,0,Optimization terminated successfully,1,-0.004781964423311985,0.08931650207396151,-0.14985447580569153,0.0,0.040683497926038495,0.010145524194308475,0.4267567755047387,GLD,0,0.006052052794659877,0.0036665377392486147,0.005792159491414444,-0.006296595561701619,1.5432590906086137e-05,5.141438567703054e-06,-5.8146899083686504e-05,3.341806449403734e-06
2020-01,2019-12,2019-12,2019-12-30,0.5980168260466474,0.7154065626789953,0.43081312535799055,False,0.01615233904393125,0.016152341333181938,2.31618486511263,0.0,7.226504634139229e-07,2.1679513902417687e-09,1.2129929616298893e-10,0.12406755621506356,0.018492178288718537,0.7462171468738865,0.11122311862233134,0.36385171043695363,0.2137456175075883,0.422402672055458,2.972712790111317e-17,0.005873134242345272,0.0006888527649209804,0.06634449431861737,1.0,0.0003444263824604902,0.0002840884806759577,0.041716323296459024,1.0,0.0002840884806759577,7.072573780083533e-09,0.005244612306635044,Stage17A_DynamicSigma,confirmed,semivariance,True,0.43081312535799055,0.2535525659430208,0.10923377337645078,True,True,Optimization terminated successfully,False,False,0,Optimization terminated successfully,1,-0.005244612306635045,0.09091882741793234,-0.14926881720910687,1.1102230246251565e-16,0.03908117258206767,0.010731182790893135,0.422402672055458,GLD,0,0.006379257791944843,0.0036700518636577106,0.006470178480022166,-0.005685547365762108,-2.4991410598675894e-05,-9.956828779731584e-06,0.00010836484223492585,-4.587005010926201e-06
2020-02,2020-01,2020-01,2020-01-31,0.5788757089771175,0.6378799533544798,0.27575990670895956,False,-0.005826556597094378,-0.005826549758924654,2.302689482906718,-0.005826556597094301,1.9537627784366367e-06,5.8612883353099105e-09,9.768813892252302e-10,0.13286780064163697,0.043653644393280004,0.6198328166423137,0.20364573832276936,0.3434467211435943,0.21176844362928104,0.4447848352271247,2.540408280367191e-17,0.00637464083031801,0.0007523918070985491,0.07198133912122481,1.0,0.00037619590354927453,0.0002855216684852768,0.0420371308321871,1.0,0.0002855216684852768,1.0168506133607956e-08,0.0057129130897773245,Stage17A_DynamicSigma,confirmed,semivariance,True,0.27575990670895956,0.25257952055190575,0.06965130502398727,True,True,Optimization terminated successfully,False,False,0,Optimization terminated successfully,1,-0.0057129130897773245,0.09501948055626587,-0.15673227541769674,0.0,0.034980519443734134,0.003267724582303261,0.4447848352271247,GLD,0,0.005649612786101191,0.0038247984507031574,0.008039991837296246,-0.006730791933943803,-3.407928085461936e-05,-1.1295807117796696e-05,0.0001401987912869791,-7.390870347881321e-06
2020-03,2020-02,2020-02,2020-02-28,0.7079524053825045,0.6008249866476448,0.20164997329528966,False,-0.04362235234032257,-0.043622340922462845,2.202240750953006,-0.04919474083260755,3.2622456346692776e-06,9.786736904007833e-09,1.631122817341549e-09,0.2151972350330237,0.07806028720458107,0.5186193552151384,0.18812312254725683,0.33075107158633377,0.2158454717273901,0.45340345668627624,2.304823470248821e-17,0.006563759413079036,0.0007577358478126457,0.07421869787007256,1.0,0.00037886792390632283,0.0002825816147119028,0.04192645162110441,1.0,0.0002825816147119028,1.4063933878613895e-08,0.005902295810526932,Stage17A_DynamicSigma,confirmed,semivariance,True,0.20164997329528966,0.2512744202451334,0.05066948013222054,True,True,Optimization terminated successfully,False,False,0,Optimization terminated successfully,2,-0.005902295810526932,0.09535633263581265,-0.15925755067133782,0.0,0.03464366736418735,0.0007424493286621869,0.45340345668627624,GLD,0,0.005093695308023394,0.0038761871748462526,0.008571977960067,-0.00642415048441046,-3.7466653080778034e-06,1.3514709003235086e-08,0.000346333136163432,-2.0699894425622298e-05
2020-04,2020-03,2020-03,2020-03-31,0.680975271328073,0.48534641913170984,0.0,True,0.05351882222262075,0.05356725514994466,2.320102082194671,0.0,0.01383797923540441,4.151393770621323e-05,6.918989617702241e-06,0.13337728663135937,0.029685853764346442,0.6845714313173585,0.15236542828693564,0.30210955116665517,0.23686999477458456,0.4610204540587603,1.9149093300878668e-18,0.005854594588520023,0.0007301031395825375,0.06587451622474505,1.0,0.00036505156979126877,0.0002792517696012255,0.04206880015577892,1.0,0.0002792517696012255,4.843563986908441e-05,0.005161855609258444,Stage17A_DynamicSigma,confirmed,semivariance,True,0.0,0.2111940260356611,0.0,True,True,Optimization terminated successfully,False,False,0,Optimization terminated successfully,10,-0.005161855609258444,0.0936014832948199,-0.15999999999999737,0.0,0.0363985167051801,2.6367796834847468e-15,0.4610204540587603,GLD,0,0.004746667029706697,0.003720309151964864,0.0074565380132030675,-0.010498211574168491,-3.550507829968311e-05,-1.4515614449436941e-05,0.0002513982372504494,-5.2064748232651376e-05
2020-05,2020-04,2020-04,2020-04-29,0.6424513917025403,0.4956126147890105,0.0,True,0.041872410955962565,0.04189670273129174,2.4172503500401104,0.0,0.0069405072369084775,2.0821521710725432e-05,3.4702536184542393e-06,0.02537292977887852,0.0026257207548109084,0.8808468092170597,0.09115454024925088,0.31616210984136034,0.225680854488786,0.45815703566985366,4.2229801297758876e-19,0.005750973265497677,0.0007190335448617175,0.06469747791680182,1.0,0.00035951677243085874,0.0002843606998144107,0.042564927241048045,1.0,0.0002843606998144107,2.4293320254403826e-05,0.0050828024729980045,Stage17A_DynamicSigma,confirmed,semivariance,True,0.0,0.18678410427362663,0.0,True,True,Optimization terminated successfully,False,False,0,Optimization terminated successfully,30,-0.0050828024729980045,0.09288919494936217,-0.1600000000001154,0.0,0.03711080505063784,-1.1540768340978502e-13,0.45815703566985366,GLD,0,0.005691932428840767,0.0036333569429274136,0.006620399472403414,-0.014316973925543828,2.60723527202437e-05,-3.27849255725971e-06,0.00019804346292800085,-4.247036084716731e-05
2020-06,2020-05,2020-05,2020-05-29,0.5992547689362759,0.430891444963168,0.0,True,0.018073638686676805,0.018086571157876978,2.4609388594819785,0.0,0.003694991771477946,1.1084975314433839e-05,1.8474958857389593e-06,0.026296368301077178,0.0008893691012170766,0.9409890840647644,0.031825178532941305,0.32535977095485535,0.21836304650424995,0.45627718254089467,0.0,0.005879018570084948,0.0007068629545973989,0.06630704511343498,1.0,0.00035343147729869945,0.00028738659375980016,0.0429140565940135,1.0,0.00028738659375980016,1.2935040553049727e-05,0.005225265458473399,Stage17A_DynamicSigma,confirmed,semivariance,True,0.0,0.18845923433379844,0.0,True,True,Optimization terminated successfully,False,False,0,Optimization terminated successfully,9,-0.0052252654584734,0.09209970388209067,-0.159999999999986,0.0,0.037900296117909335,1.4016565685892601e-14,0.45627718254089467,GLD,0,0.006352437242557394,0.0035978763333351636,0.006443613509913709,-0.010657159373892718,6.0872047852251786e-05,5.33185262289628e-08,0.00014608889786932127,6.750640391732212e-05
2020-07,2020-06,2020-06,2020-06-30,0.625426528599919,0.5993989782833894,0.1987979565667788,False,0.06674006266946428,0.06674006638292183,2.6251820731895257,0.0,1.1947342865997434e-06,3.5842028597992305e-09,1.29254692088323e-10,0.0681965222585688,0.0025168897273281907,0.8962106579828519,0.03307593003125108,0.33797665745131594,0.21447129667083373,0.4475520458778504,5.544882012675586e-17,0.006030644253379738,0.0006971652733717155,0.06818473940032657,1.0,0.00034858263668585774,0.0002875164107385514,0.0420783011870537,1.0,0.0002875164107385514,7.957549331125995e-09,0.005394537248405998,Stage17A_DynamicSigma,confirmed,semivariance,True,0.1987979565667788,0.18958215825410535,0.03768854566243582,True,True,Optimization terminated successfully,False,False,0,Optimization terminated successfully,1,-0.005394537248405998,0.09146574922046277,-0.15664917059481848,0.0,0.03853425077953723,0.003350829405181527,0.4475520458778504,GLD,0,0.006736884079420039,0.0035647288557285133,0.0065568593559581475,-0.009673613518690217,-4.9518764304886364e-05,-7.326741056009698e-06,0.0001630523513133479,-6.433054382602272e-05
2020-08,2020-07,2020-07,2020-07-31,0.6414681865546076,0.6363760469867189,0.0,True,0.010096001764351478,0.010125315119071339,2.651685916032191,0.0,0.008375263794761846,2.5125791384285537e-05,4.187563335575599e-06,0.08243556656589648,0.006586846527159698,0.8435735552012883,0.06740403170565555,0.3431175190610648,0.20243798265349658,0.4544444982854386,1.9905284750213452e-18,0.006784345955349193,0.0007560567641336904,0.07687581087938818,1.0,0.0003780283820668452,0.00029516122173097733,0.04272151662940396,1.0,0.00029516122173097733,2.93161632798847e-05,0.006081840188271485,Stage17A_DynamicSigma,confirmed,semivariance,True,0.0,0.1922850577911897,0.0,True,True,Optimization terminated successfully,False,False,0,Optimization terminated successfully,11,-0.006081840188271485,0.0952506229355183,-0.1600000000000777,0.0,0.03474937706448171,-7.768785614814533e-14,0.4544444982854386,GLD,0,0.006976809535697165,0.0036382134858275565,0.007754373696797168,-0.009506262729653388,-1.1683395312848894e-05,-5.342946730019278e-06,0.000297342595824028,-3.355765336257953e-05
2020-09,2020-08,2020-08,2020-08-31,0.588735960815789,0.5691722200294068,0.0,True,-0.023673517173960712,-0.02367350962194462,2.5889111839590533,-0.023673517173960712,2.3574970245964447e-06,7.0724910737893345e-09,4.795250174437719e-10,0.07159350187170747,0.005263154163832908,0.859926363351168,0.06321698061329163,0.34955165463267474,0.19826060674061446,0.4521877386267108,5.739429717169272e-17,0.006752189276324392,0.0007508405730622115,0.07652122787751943,1.0,0.00037542028653110576,0.0002963937404850484,0.04293372934792685,1.0,0.0002963937404850484,1.069115065318347e-08,0.006080364558157585,Stage17A_DynamicSigma,confirmed,semivariance,True,0.0,0.19376163293790005,0.0,True,True,Optimization terminated successfully,False,False,0,Optimization terminated successfully,2,-0.006080364558157585,0.09492147742606274,-0.15961146021108275,0.0,0.03507852257393726,0.00038853978891725816,0.4521877386267108,GLD,0,0.007204445939641104,0.003517991748145294,0.007661214361508775,-0.009090474274975315,-3.616727905610233e-05,-1.0507861942127091e-05,0.00019196126200973356,-5.489317701791101e-05
2020-10,2020-09,2020-09,2020-09-29,0.6261556468027473,0.5008237920958388,0.0,True,-0.02377171807009088,-0.023771712999587465,2.5273683171854735,-0.046882475068064755,1.5359805733000057e-06,4.607941719900017e-09,4.6256169881902543e-10,0.1852767229952708,0.017223144876406204,0.7296706542182274,0.06782947791009562,0.36110791698040234,0.20492114801858835,0.43397093500100936,7.985090222042972e-17,0.006594096684195375,0.0007288202438032633,0.0747562387475249,1.0,0.00036441012190163165,0.0002921838841275243,0.042543383501960026,1.0,0.0002921838841275243,8.731547069700023e-09,0.005937493946619149,Stage17A_DynamicSigma,confirmed,semivariance,True,0.0,0.19280988426625617,0.0,True,True,Optimization terminated successfully,False,False,0,Optimization terminated successfully,2,-0.005937493946619148,0.093519211532386,-0.1529409422877389,0.0,0.036480788467614,0.007059057712261091,0.43397093500100936,GLD,0,0.006805493086747448,0.003575677395927161,0.007629273223241801,-0.009348613916051466,3.8445382677826434e-05,-5.463981980806743e-06,0.0001848078927989167,4.5558517488507205e-05
2020-11,2020-10,2020-10,2020-10-30,0.8517779157031556,0.8081127429407763,0.6162254858815526,False,0.026844661531363622,0.026844668537583143,2.5952146642254093,-0.021296357711656055,2.101539741880599e-06,6.304619225641797e-09,7.016002963322049e-10,0.12144992357878019,0.011890467963765465,0.7893762872474307,0.07728332121002371,0.3602375384377662,0.20904141003036256,0.43072105153187135,7.222760906175336e-17,0.006431129281811104,0.0007294736355452653,0.07279670956846165,1.0,0.00036473681777263265,0.000290542853514833,0.04232102292863959,1.0,0.000290542853514833,1.0266693206026825e-08,0.0057758393438304325,Stage17A_DynamicSigma,confirmed,semivariance,True,0.6162254858815526,0.19182046973177377,0.11820466216248994,True,True,Optimization terminated successfully,False,False,0,Optimization terminated successfully,1,-0.0057758393438304325,0.09356112240959481,-0.15148867298882993,0.0,0.03643887759040519,0.008511327011170078,0.43072105153187135,GLD,0,0.006746634174057202,0.0035324990865049518,0.007177936708124079,-0.010469781767536804,-3.181106705441296e-05,-2.845111503363926e-05,0.0004365200133772824,-0.00010280451346731379
2020-12,2020-11,2020-11,2020-11-30,0.7610439382780786,0.7479837622938371,0.49596752458767424,False,0.07304793026747756,0.07304793617984016,2.784789724046882,0.0,1.8780193894175514e-06,5.634058168252655e-09,2.7830443022337474e-10,0.2525684876002302,0.017714758208442087,0.6818900536406797,0.04782670055064793,0.4052848741862005,0.20300776218270036,0.3917073636310992,2.8668107160350804e-17,0.006491810976695928,0.0007067369530793135,0.07366131000187526,1.0,0.00035336847653965676,0.00029750720802877885,0.043094147655544014,1.0,0.00029750720802877885,9.466154368337051e-09,0.005840925825973124,Stage17A_DynamicSigma,confirmed,semivariance,True,0.49596752458767424,0.19733189946403934,0.0978702136993634,True,True,Optimization terminated successfully,False,False,0,Optimization terminated successfully,2,-0.0058409258259731235,0.09209149492190775,-0.14064380732433784,0.0,0.03790850507809225,0.01935619267566216,0.4052848741862005,KODEX200,0,0.007465576267565486,0.0034578143203639537,0.006966868106659743,-0.008223240495163127,-1.3950406696384276e-05,-3.4176897548724165e-05,0.00012198192087093892,-3.847286457779084e-05
2021-01,2020-12,2020-12,2020-12-30,0.6400460418967638,0.5867541026810252,0.0,True,0.01190024278145907,0.01190025283448454,2.8179293978583524,0.0,3.0722049614851513e-06,9.216614884455454e-09,8.364105871516002e-10,0.3587984045695214,0.03371028527727789,0.5553174197439851,0.052173890409215586,0.4283985203646148,0.18869653063656397,0.38290494899882127,2.7761860589907514e-17,0.007014123903469911,0.0007598067628056097,0.07961064626480527,1.0,0.00037990338140280486,0.00031082828709771303,0.04429279042719685,1.0,0.00031082828709771303,1.2824093766861478e-08,0.006323379410875626,Stage17A_DynamicSigma,confirmed,semivariance,True,0.0,0.2029750275835839,0.0,True,True,Optimization terminated successfully,False,False,0,Optimization terminated successfully,2,-0.006323379410875626,0.09548654959557036,-0.1397757684035725,0.0,0.034513450404429644,0.0202242315964275,0.4283985203646148,KODEX200,0,0.00780068776050492,0.0034380277568793697,0.007831000726661057,-0.007414789160047727,-8.00867415754291e-06,-2.6845148939962402e-05,8.760517708712487e-05,-2.3711135721611403e-05
2021-02,2021-01,2021-01,2021-01-29,0.8252983234486169,0.7589909834996141,0.5179819669992283,False,-0.006527258385772122,-0.0065272451513625675,2.7995360445656674,-0.006527258385772172,4.268995419665262e-06,1.2806986258995786e-08,4.2742329561788376e-10,0.30064152932091903,0.033609410920709175,0.5988070379847911,0.06694202177358066,0.43900874404181167,0.1860693107934361,0.3749219451647523,3.026637856292461e-17,0.0071092087851621,0.0007719353128926276,0.08067889354458943,1.0,0.0003859676564463138,0.0003139560435878357,0.044700644714938315,1.0,0.0003139560435878357,1.6044379228563943e-08,0.006409269040748722,Stage17A_DynamicSigma,confirmed,semivariance,True,0.5179819669992283,0.20522346546807493,0.10630205431755166,True,True,Optimization terminated successfully,False,False,0,Optimization terminated successfully,2,-0.006409269040748722,0.09624564278299319,-0.13780988997848606,0.0,0.033754357217006814,0.022190110021513942,0.43900874404181167,KODEX200,0,0.008104165469741714,0.0034188211477175147,0.0076172389516847945,-0.006939160958404588,-1.1882946668046158e-05,-6.148352249889912e-05,0.00020286477407163245,-4.441004290068251e-05
2021-03,2021-02,2021-02,2021-02-26,0.7102833465589655,0.5930187472009905,0.18603749440198092,False,-0.004889107561850709,-0.004889096656428896,2.785848811720508,-0.011384453479290846,3.2576477481154615e-06,9.772943244346384e-09,1.1324785683764765e-09,0.30488975512104693,0.06021852984273134,0.5301769022989414,0.10471481273728026,0.4602702835858749,0.18632691256250572,0.3534028038516193,0.0,0.007012266863858887,0.0007931551058178554,0.0793882717313995,1.0,0.0003965775529089277,0.0003201774576685037,0.04545495640581938,1.0,0.0003201774576685037,1.3676878488746211e-08,0.006295498176402967,Stage17A_DynamicSigma,confirmed,semivariance,True,0.18603749440198092,0.20910714861746482,0.0389017699903358,True,True,Optimization terminated successfully,False,False,0,Optimization terminated successfully,2,-0.006295498176402967,0.09755952680191855,-0.1326293908502687,0.0,0.03244047319808145,0.0273706091497313,0.4602702835858749,KODEX200,0,0.007857798386751677,0.003433761693446193,0.00773296081215753,-0.0060694328443104805,-1.2531046200624817e-05,-5.85111454173325e-05,0.00011197815341266632,-3.135717379012599e-05
2021-04,2021-03,2021-03,2021-03-30,0.5073772249005957,0.502378388842682,0.004756777685364089,False,0.013782843938533806,0.013782880811308535,2.824245731128802,0.0,1.0535078493939533e-05,3.16052354818186e-08,5.2675392469836445e-09,0.3315665859326997,0.12749233920038447,0.39070798009730706,0.15023309476960886,0.4601483564988067,0.18670432235737253,0.35314732114382075,1.9443459022667353e-21,0.006861623365825352,0.0008226340969894397,0.07740367580796759,1.0,0.00041131704849471987,0.00031825508156952374,0.04543711538766349,1.0,0.00031825508156952374,3.946629355156599e-08,0.006132011769467556,Stage17A_DynamicSigma,confirmed,semivariance,True,0.004756777685364089,0.2089050433473518,0.0009937148485547006,True,True,Optimization terminated successfully,False,False,0,Optimization terminated successfully,3,-0.006132011769467556,0.09935597195877698,-0.13251553406844396,0.0,0.03064402804122303,0.02748446593155604,0.4601483564988067,KODEX200,0,0.006843027524693072,0.0034993068479919464,0.008691212439339211,-0.005995856249776476,-7.637922616717757e-06,-1.4077168104200296e-05,-1.0351945117444782e-05,-1.3068056288242457e-06
2021-05,2021-04,2021-04,2021-04-30,0.5381549974723677,0.49607301805572446,0.0,False,0.029704962023463764,0.030033250556283413,2.9081398433169126,0.0,0.09379672366275678,0.0002813901709882703,4.689836183137843e-05,0.32464804181745743,0.32085410043526646,0.17829071015085565,0.17620714759642053,0.3646636295866498,0.18349602197535447,0.4518403484379958,2.826400008715251e-17,0.007235319921227414,0.0008824934339736561,0.08152887845088704,1.0,0.00044124671698682805,0.0003017933701457239,0.042682462151909135,1.0,0.0003017933701457239,0.00032829042749487,0.006163989406599993,Stage17A_DynamicSigma,confirmed,semivariance,True,0.0,0.2090284672531984,0.0,True,True,Optimization terminated successfully,False,False,0,Optimization terminated successfully,17,-0.006163989406599992,0.10290734282685503,-0.1599999954757166,0.0,0.027092657173144977,4.524283392370876e-09,0.4518403484379958,GLD,0,0.004987153905103612,0.0035920270476484054,0.010537909722301389,-0.005230762182928938,-1.486218717619057e-05,-1.921280379030293e-05,1.1189736118502461e-05,-8.84393511971095e-06
2021-06,2021-05,2021-05,2021-05-31,0.4671721247709336,0.2783150777856428,0.0,False,-0.011873046315858608,-0.011836223424061086,2.873611364264217,-0.011873046315858615,0.010521353092838664,3.156405927851599e-05,5.2588325190067325e-06,0.28176433445537663,0.41510848669524425,0.12256243207018512,0.180564746779194,0.3583007486827396,0.1884667445823704,0.45323250673489,0.0,0.007489844609580581,0.0008938340831706761,0.08451513081594292,1.0,0.00044691704158533806,0.0002965342484874578,0.04243492718978942,1.0,0.0002965342484874578,3.682459171677037e-05,0.006709568727791014,Stage17A_DynamicSigma,confirmed,semivariance,True,0.0,0.1985903053511467,0.0,True,True,Optimization terminated successfully,False,False,0,Optimization terminated successfully,18,-0.006709568727791014,0.10356644725995053,-0.16000000000000197,0.0,0.02643355274004948,-1.970645868709653e-15,0.45323250673489,GLD,0,0.004334461279212183,0.0035967347151864733,0.011634934078282371,-0.004441451380690433,1.427833433041465e-05,9.885936746020377e-06,-4.715116561332344e-05,1.5462141780295988e-05
2021-07,2021-06,2021-06,2021-06-29,0.39727495831189413,0.2125786703534839,0.0,False,0.008613533549112106,0.008675462244098361,2.898363312157417,-0.0033617816495181696,0.017693912853215782,5.308173855964735e-05,8.846956426607905e-06,0.27124732806069657,0.4118584405404077,0.12583221734582145,0.19106201405307427,0.3546931363712433,0.19128604129486598,0.4540208223338908,1.0844924666116489e-18,0.007253991151050688,0.0008859493660277666,0.08173219761644165,1.0,0.0004429746830138833,0.00029371368373570507,0.042294526949716825,1.0,0.00029371368373570507,6.193110215739473e-05,0.006455371682143705,Stage17A_DynamicSigma,confirmed,semivariance,True,0.0,0.19603358693942935,0.0,True,True,Optimization terminated successfully,False,False,0,Optimization terminated successfully,12,-0.006455371682143705,0.10310864363540624,-0.16000000000000894,0.0,0.026891356364593763,-8.93729534823251e-15,0.4540208223338908,GLD,0,0.004638007798383035,0.003602644140161108,0.01092406286527613,-0.003112000247516267,3.572056126187585e-05,2.4564523134196102e-05,-0.00012628189728447267,5.344984215923849e-05
2021-08,2021-07,2021-07,2021-07-30,0.6433783273274076,0.5111879016240876,0.02237580324817512,False,-0.0014162314899704583,-0.0013834491226131984,2.8942585587653644,-0.004773252078454249,0.009366709787942087,2.8100129363826263e-05,4.68223799343387e-06,0.32176738016106393,0.4585265049961536,0.09059953220584846,0.129106582636934,0.3422288966923795,0.20122750683478008,0.45654359647284054,0.0,0.007243332066116245,0.0008475235370162176,0.08183484357129764,1.0,0.0004237617685081088,0.0002854788958791387,0.041799795730073794,1.0,0.0002854788958791387,3.2784187973297616e-05,0.0065013072137557,Stage17A_DynamicSigma,confirmed,semivariance,True,0.02237580324817512,0.1950551462506803,0.0043645155750492454,True,True,Optimization terminated successfully,False,False,0,Optimization terminated successfully,15,-0.0065013072137557,0.10084781824211474,-0.1599999999999977,2.220446049250313e-16,0.029152181757885268,2.3037127760972e-15,0.45654359647284054,GLD,0,0.004052455180991313,0.003634293334696934,0.011189728447813567,-0.0020292906626641224,-3.338898612462469e-05,-3.868638401077026e-05,7.832238898101e-05,-4.376762908419511e-05
2021-09,2021-08,2021-08,2021-08-31,0.4018213787319458,0.21567113465960885,0.0,False,-0.023421950725900777,-0.023358494571544333,2.8264693774139453,-0.028083403929371253,0.021151707773608808,6.345512332082642e-05,1.03103561677138e-09,0.27519107890864664,0.473001752022915,0.09261661388361268,0.15919055518482567,0.3155318213304824,0.2225834628046157,0.46188471586490193,1.2004885685453897e-18,0.007180237614748054,0.0008232449737982891,0.0812233815341869,1.0,0.00041162248689914453,0.000271188440804298,0.040777547096383836,1.0,0.000271188440804298,6.34581137934961e-05,0.006433968573251115,Stage17A_DynamicSigma,confirmed,semivariance,True,0.0,0.19275459049651883,0.0,True,True,Optimization terminated successfully,False,False,0,Optimization terminated successfully,18,-0.006433968573251115,0.09939285530449092,-0.1600000000003392,0.0,0.030607144695509084,-3.3920088959860095e-13,0.46188471586490193,GLD,0,0.0036513056142040514,0.0036311244273193374,0.011358641677490199,-0.0031273717127875043,3.243288508083868e-05,2.905046064827977e-05,-9.34789279805381e-05,6.961580166822101e-05
2021-10,2021-09,2021-09,2021-09-30,0.5434837308818355,0.49221243469561565,0.0,False,-0.003815636052765643,-0.0037590413919252946,2.8156845989554466,-0.031791883933619536,0.018864741878869648,5.6594225636608946e-05,4.352037392137171e-10,0.2490381369633913,0.4434305769319381,0.11059996937426896,0.19693131673040168,0.28907574466820546,0.24378440490954215,0.46713985042225237,0.0,0.006936262781423163,0.000812131818449961,0.07836236246637818,1.0,0.0004060659092249805,0.0002617132502287144,0.03998138523547692,1.0,0.0002617132502287144,5.659707160197689e-05,0.00621188655036749,Stage17A_DynamicSigma,confirmed,semivariance,True,0.0,0.18717548716125249,0.0,True,True,Optimization terminated successfully,False,False,0,Optimization terminated successfully,13,-0.00621188655036749,0.09871971343860117,-0.16000000000022654,0.0,0.031280286561398835,-2.265410081747632e-13,0.46713985042225237,GLD,0,0.0032005087297185698,0.003458209707644894,0.01105286778922336,-0.0019842134334975715,-1.1514996000467518e-05,-1.5505891132232613e-05,2.5451770198012658e-05,-9.368244652730179e-05
2021-11,2021-10,2021-10,2021-10-29,0.5034546006095804,0.38631302329205663,0.0,True,-0.0047063648067527195,-0.004652231794841186,2.8024329600520073,-0.036348624536686636,0.017509838401050776,5.252951520315233e-05,1.6034967083813356e-06,0.23958693282974688,0.4275632021745834,0.11953303171645199,0.21331683327921772,0.27052135604141564,0.2586756354272314,0.47080300853135304,0.0,0.006863501461222225,0.0007960960971442532,0.07758544095180117,1.0,0.0003980480485721266,0.00025383766495695585,0.03945424371912438,1.0,0.00025383766495695585,5.413451231862239e-05,0.00615748123537452,Stage17A_DynamicSigma,confirmed,semivariance,True,0.0,0.18422595015922133,0.0,True,True,Optimization terminated successfully,False,False,0,Optimization terminated successfully,9,-0.00615748123537452,0.09774023309636129,-0.16000000000000458,0.0,0.032259766903638715,-4.579669976578771e-15,0.47080300853135304,GLD,0,0.003083597445753203,0.003270443958447597,0.011034650079488745,-0.0012240012992000746,-7.047459019359081e-06,-1.2703820111354336e-05,-1.4051458578844385e-05,-3.177617812162837e-05
2021-12,2021-11,2021-11,2021-11-30,0.7409570219258977,0.5849215271232978,0.16984305424659563,False,0.022598309938244167,0.02267339006925691,2.865763208664413,-0.014571732081551603,0.024585743782478034,7.375723134743411e-05,1.3228996653085468e-06,0.19001561768171168,0.4490355554984322,0.10732460428537584,0.25362422253448025,0.2360577634629277,0.28641447913724954,0.4775277573998228,6.424215509331834e-20,0.007035621424745349,0.0007935275871870426,0.07966629157382193,1.0,0.0003967637935935213,0.00024268548977147788,0.0388119644158811,1.0,0.00024268548977147788,7.508163145538995e-05,0.00632109050992496,Stage17A_DynamicSigma,confirmed,semivariance,True,0.16984305424659563,0.17859290742154504,0.030332764863254705,True,True,Optimization terminated successfully,False,False,0,Optimization terminated successfully,8,-0.00632109050992496,0.09758243205743804,-0.1599999999999975,0.0,0.03241756794256197,2.4980018054066022e-15,0.4775277573998228,GLD,0,0.0023297468320453733,0.0034958939019599875,0.011257551943636672,-0.0032979507657132146,-4.426480655704997e-05,-3.764948645243443e-05,0.00027188124859392276,-0.0002378357854296932
2022-01,2021-12,2021-12,2021-12-30,0.45947440200568523,0.43115402804016717,0.0,False,-0.016889944624339563,-0.01688564426657206,2.8173606267636013,-0.03121556095795308,0.0012287238136713403,3.686171441014021e-06,6.141863264873544e-07,0.15219498085738078,0.4232666979857632,0.11227959052214144,0.31225873063471454,0.2451190770144813,0.2790927367880533,0.47578818619746543,1.3868209226906144e-18,0.007188611004233967,0.0008062513183611545,0.08142582414064067,1.0,0.00040312565918057726,0.00024373133509831944,0.03890787289107825,1.0,0.00024373133509831944,4.30292224844257e-06,0.006537451087706627,Stage17A_DynamicSigma,confirmed,semivariance,True,0.0,0.17609631420673127,0.0,True,True,Optimization terminated successfully,False,False,0,Optimization terminated successfully,6,-0.006537451087706627,0.09836165828377363,-0.16000000092193634,0.0,0.03163834171622637,-9.219363328316632e-10,0.47578818619746543,GLD,0,0.0032122687885963123,0.003495726896063998,0.011497928081636365,-0.0028817952423425943,-6.984795038211224e-06,-8.33768833346418e-06,-8.606475790173583e-05,-1.8835613463317063e-05
2022-02,2022-01,2022-01,2022-01-28,0.6013959164657002,0.35149564562856983,0.0,True,0.025959931202682893,0.026099406886315256,2.8904991148075316,-0.006065983570191946,0.0457498453479256,0.00013724953604377682,2.2261475885845544e-06,0.17021973081403446,0.4189012602951388,0.11871876124945764,0.2921602476413691,0.18852832544746195,0.32574191394196067,0.48572976061057743,9.046311876675928e-19,0.007092311802301793,0.0007832567810525207,0.0804082009413064,1.0,0.00039162839052626035,0.00023144920852815798,0.038597714951840716,1.0,0.00023144920852815798,0.000139477183891519,0.0063297570193558556,Stage17A_DynamicSigma,confirmed,semivariance,True,0.0,0.1794966662344108,0.0,True,True,Optimization terminated successfully,False,False,0,Optimization terminated successfully,9,-0.0063297570193558556,0.09694885957364453,-0.1600000003528918,0.0,0.03305114042635547,-3.528917991157954e-10,0.48572976061057743,GLD,0,0.0024035389806433796,0.0032743759974873153,0.011364125650560015,-0.0008358849104574697,1.5972591002323732e-05,6.706039964431873e-06,9.776086761458067e-05,-6.998734864792539e-06
2022-03,2022-02,2022-02,2022-02-28,0.6071226894086899,0.38655875718920085,0.0,True,0.002922525949975612,0.002985961910889105,2.8989466734789384,-0.0031611856146122053,0.019297058364904807,5.789117509471442e-05,5.544785818778681e-06,0.17564373557926424,0.4380952237797689,0.11054265181041725,0.2757183888305496,0.17427984882540354,0.3357531944025973,0.48996695677199914,1.3264535954002343e-18,0.007324566466419826,0.0007791659899993112,0.08321980165704204,1.0,0.0003895829949996556,0.00022999773496564608,0.03807436278459035,1.0,0.00022999773496564608,6.343746113391391e-05,0.006641548275320611,Stage17A_DynamicSigma,confirmed,semivariance,True,0.0,0.1798850171846208,0.0,True,True,Optimization terminated successfully,False,False,0,Optimization terminated successfully,5,-0.006641548275320611,0.0966953560414963,-0.15999999961204397,0.0,0.0333046439585037,3.8795602841368293e-10,0.48996695677199914,GLD,0,0.0021934569600313264,0.003178674165667743,0.011888644315405893,0.000955030175690463,2.4150482818939453e-06,-1.3927067958218318e-05,0.00011072869532268258,-6.594453938842026e-06
2022-04,2022-03,2022-03,2022-03-31,0.4695138288913202,0.4054767972659638,0.0,False,-0.006149020816992834,-0.006129476449654565,2.881120990036364,-0.009290768235454494,0.0055843136782574845,1.6752941034772453e-05,2.7914263034958957e-06,0.1830138575401044,0.44923216988012954,0.106452346442006,0.26130162613776003,0.1751828154379465,0.3349922513446764,0.48982493321737713,2.775557561562892e-17,0.007164942774735372,0.0007658763527308125,0.08138405518043959,1.0,0.00038293817636540626,0.00022890816526249192,0.03807313955924997,1.0,0.00022890816526249192,1.9546331819784522e-05,0.006533550101287689,Stage17A_DynamicSigma,confirmed,semivariance,True,0.0,0.177779612063217,0.0,True,True,Optimization terminated successfully,False,False,0,Optimization terminated successfully,17,-0.006533550101287689,0.09586718016490185,-0.16000000000000317,0.0,0.03413281983509815,-3.164135620181696e-15,0.48982493321737713,GLD,0,0.0022255080285399536,0.0029427654978908925,0.011884515805780076,0.0017784318229526795,6.262772203930588e-08,2.784530642413343e-06,-6.738643327466099e-05,1.2215531173815472e-05
2022-05,2022-04,2022-04,2022-04-29,0.6377155193479903,0.6347607377011436,0.2695214754022872,False,-0.01258508579215685,-0.01256773475866236,2.8448618351991724,-0.02175892891229325,0.004957794662917626,1.4873383988752878e-05,2.477649505738631e-06,0.12551307932761085,0.3515762237044147,0.13756781250949984,0.3853428844584746,0.17132329241532165,0.3382450166319477,0.4904316909527307,4.846044186581461e-20,0.007391111799291677,0.0008063478521399827,0.08385525447866023,1.0,0.00040317392606999136,0.0002274667723524233,0.03807834591566428,1.0,0.0002274667723524233,1.735282318844059e-05,0.006743118277680821,Stage17A_DynamicSigma,confirmed,semivariance,True,0.2695214754022872,0.17784295407649187,0.0479324953725973,True,True,Optimization terminated successfully,False,False,0,Optimization terminated successfully,11,-0.006743118277680821,0.09836754660801393,-0.1600000009608243,0.0,0.03163245339198607,-9.608243090042379e-10,0.4904316909527307,GLD,0,0.0024808838088409115,0.0030016462473024174,0.011949834398856846,0.00019070209743509044,-1.1857962816270774e-05,-3.351295027336159e-05,0.00021119429463274864,-7.233240648998102e-05
2022-06,2022-05,2022-05,2022-05-31,0.4639325979169153,0.24632431845647618,0.0,False,-0.020444015525400778,-0.020420591933132403,2.7867014356727404,-0.041758104557194975,0.006692545623371238,2.0077636870113715e-05,3.345955398261713e-06,0.13257758464813105,0.43844667875584903,0.09959746139599293,0.329378275200027,0.1661247969127296,0.3426274792261247,0.4912477238611457,3.151641480775613e-19,0.0069996212591873185,0.000780452078176609,0.07931274264118818,1.0,0.0003902260390883045,0.0002265685120896028,0.038089136509768695,1.0,0.0002265685120896028,2.342591701736342e-05,0.006359400790992048,Stage17A_DynamicSigma,confirmed,semivariance,True,0.0,0.17390804672917431,0.0,True,True,Optimization terminated successfully,False,False,0,Optimization terminated successfully,11,-0.006359400790992048,0.09677512561665476,-0.15999999999999975,0.0,0.033224874383345246,2.498001805406602e-16,0.4912477238611457,GLD,0,0.0017617283549477571,0.0028422495460951164,0.011732526421813095,0.0031145306845740323,1.7816970303919078e-05,2.1116396120000027e-05,-8.274868122980275e-05,5.633521472701803e-05
2022-07,2022-06,2022-06,2022-06-30,0.5121129463995405,0.403999542037025,0.0,True,0.008492508669430224,0.008708603414339254,2.810367521774305,-0.03362022695273559,0.07184288774528269,0.00021552866323584806,5.660816731817843e-07,0.09451506452293369,0.34414480372286416,0.12094814824120569,0.44039198351299647,0.07871332954353764,0.41767583469884334,0.503610835757619,0.0,0.007215636621711086,0.000853961505876868,0.08146387042527183,1.0,0.000426980752938434,0.00022746337861573174,0.03913852246389353,1.0,0.00022746337861573174,0.0002160962458133405,0.00634509624434358,Stage17A_DynamicSigma,confirmed,semivariance,True,0.0,0.18151029864797003,0.0,True,True,Optimization terminated successfully,False,False,0,Optimization terminated successfully,10,-0.00634509624434358,0.1012301243233575,-0.16000000013366508,0.0,0.028769875676642506,-1.336650790051408e-10,0.503610835757619,GLD,1,0.0010185450576107404,0.0028850139443163843,0.011806947208439562,0.0008168363145697475,-3.2707920593168693e-06,-1.0605448033172322e-05,-2.1755916853389082e-05,-1.0905708736738663e-05
2022-08,2022-07,2022-07,2022-07-29,0.4802980715205215,0.38957457888907704,0.0,False,-0.018568751300890026,-0.018549010213336527,2.7581825061983793,-0.05156469262066077,0.005640342945463263,1.6921028836389788e-05,2.820058717107721e-06,0.08497869142227482,0.32407789562344264,0.122764428022413,0.46817898493186955,0.07554744906492013,0.420425602733462,0.5040269482016179,0.0,0.0072657760859049314,0.0008576327048121691,0.08204351680198615,1.0,0.00042881635240608456,0.00022672101788333762,0.03919693830402181,1.0,0.00022672101788333762,1.974378726541731e-05,0.006590494928350093,Stage17A_DynamicSigma,confirmed,semivariance,True,0.0,0.18067573893940342,0.0,True,True,Optimization terminated successfully,False,False,0,Optimization terminated successfully,8,-0.006590494928350093,0.10144748620713097,-0.16000000000000633,0.0,0.028552513792869036,-6.328271240363392e-15,0.5040269482016179,GLD,1,0.0015573608897859483,0.003063490293783417,0.011710052368681138,-0.00048071165918080845,2.191545302989911e-06,4.75399026515374e-06,-8.768287792708333e-05,2.94637912199464e-05
2022-09,2022-08,2022-08,2022-08-30,0.49827735601106016,0.39530592837511525,0.0,False,0.014227714002933585,0.014239890023618326,2.797425138064465,-0.03807062631698299,0.0034789069867083924,1.0436720960125177e-05,1.7392997246159504e-06,0.07887927916540304,0.2593595408692252,0.15432659341104318,0.5074345865543286,0.07581930609649012,0.42018945847580874,0.5039912354277012,0.0,0.007019660182649969,0.0008711937492914235,0.07900875969605109,1.0,0.00043559687464571177,0.0002272792073145158,0.03919192363985989,1.0,0.0002272792073145158,1.2178629213741859e-05,0.006344605471476,Stage17A_DynamicSigma,confirmed,semivariance,True,0.0,0.1845353101553684,0.0,True,True,Optimization terminated successfully,False,False,0,Optimization terminated successfully,9,-0.006344605471476,0.10224639353785092,-0.16000000000001718,0.0,0.027753606462149083,-1.7180701306074297e-14,0.5039912354277012,GLD,1,0.0019754682022432137,0.002847016880662726,0.011318233327622457,-0.0016753947119115217,2.086413832166275e-06,-2.8347876953991167e-06,-5.88549266765739e-05,2.261270606761454e-05
2022-10,2022-09,2022-09,2022-09-30,0.6576988693434476,0.551481142943633,0.10296228588726608,False,-0.00850112180408392,-0.008436295288152925,2.7736438862279726,-0.04624810508958843,0.018522024090182443,5.556607227054733e-05,9.260443660447315e-06,0.09132192217554853,0.26332898430818996,0.16617614283993126,0.4791729506763303,0.06738860225896348,0.4275143335731505,0.5050970641678861,3.55596470320249e-19,0.007188324976646459,0.0008610637103254437,0.08109351745780485,1.0,0.00043053185516272183,0.0002273943314091446,0.039347299748344666,1.0,0.0002273943314091446,6.482858189553124e-05,0.006465570208179062,Stage17A_DynamicSigma,confirmed,semivariance,True,0.10296228588726608,0.1912624493359444,0.019692818988026252,True,True,Optimization terminated successfully,False,False,0,Optimization terminated successfully,20,-0.006465570208179062,0.10165020670862072,-0.15999999999999778,0.0,0.02834979329137928,2.220446049250313e-15,0.5050970641678861,GLD,1,0.001089717732185961,0.0026693233757976833,0.011571606450149492,-0.0012359219952072283,-2.4229136189268475e-08,-1.7586430461787262e-05,0.000270150166358218,-3.2822576993896765e-05
2022-11,2022-10,2022-10,2022-10-31,0.6218372257529738,0.5743354781384042,0.0,True,0.003352226774337957,0.0033745953279710438,2.782941769525865,-0.04305091245139414,0.006391015323739077,1.917304597121723e-05,3.1955076618695177e-06,0.06253677911134621,0.17558453052906844,0.20008893551193788,0.5617897548476475,0.06525016403272793,0.42937283133929,0.5053770046279821,0.0,0.007103274892757007,0.0008869537325247802,0.0799175763179354,1.0,0.0004434768662623901,0.00022697569120618913,0.03938666592706087,1.0,0.00022697569120618913,2.237081912718574e-05,0.0064104515161612415,Stage17A_DynamicSigma,confirmed,semivariance,True,0.0,0.18176301017627192,0.0,True,True,Optimization terminated successfully,False,False,0,Optimization terminated successfully,11,-0.0064104515161612415,0.10316707221927625,-0.16000000000000075,0.0,0.026832927780723756,-7.494005416219807e-16,0.5053770046279821,GLD,1,0.002244645166379307,0.0027595693753309867,0.01123786881390597,-0.002291851053317018,-2.17320552119061e-07,-1.2564638564305327e-05,0.00019386700553840653,-2.709568123377465e-05
2022-12,2022-11,2022-11,2022-11-29,0.4375216801643149,0.44043039329941913,0.0,False,0.0036133552170605873,0.003655562297312922,2.792997526687557,-0.03959311547343913,0.012059165786381387,3.617749735914416e-05,6.0295828931907225e-06,0.050399070352980246,0.12800064530350122,0.23210737965743594,0.5894929046860826,0.07041957449738497,0.4248805248422303,0.5046999006603847,1.1189788775705018e-18,0.00687673402078051,0.000884054794456257,0.07721647948262858,1.0,0.0004420273972281285,0.00022498602707138348,0.03929147199934958,1.0,0.00022498602707138348,4.220942549644528e-05,0.006167511170984553,Stage17A_DynamicSigma,confirmed,semivariance,True,0.0,0.17905051101560535,0.0,True,True,Optimization terminated successfully,False,False,0,Optimization terminated successfully,8,-0.006167511170984553,0.10299833752772461,-0.16000000000000772,0.0,0.027001662472275395,-7.716050021144838e-15,0.5046999006603847,GLD,1,0.0035558653415264582,0.0030279033819685447,0.010741082600302399,-0.004449256640663939,1.024551264282422e-07,1.6972540054954638e-06,-0.00016230902346446975,3.439932984332856e-05
2023-01,2022-12,2022-12,2022-12-29,0.6167168777789659,0.7402730063049091,0.4805460126098182,False,0.028224331144029568,0.02823436018605221,2.871828013765242,-0.012486273531555736,0.002865440577897283,8.596321733691848e-06,1.4327202889486407e-06,0.05301434543052994,0.1069459519857243,0.2784075529207476,0.5616321496629981,0.06397465750933205,0.4283981820833833,0.5076271604072847,2.2370499664903755e-18,0.006880246346309918,0.000891241566549519,0.0772155067564219,1.0,0.0004456207832747595,0.00022685334999493254,0.038927609854217664,1.0,0.00022685334999493254,1.003124144883422e-05,0.006197740971591392,Stage17A_DynamicSigma,confirmed,semivariance,True,0.4805460126098182,0.1862535529473169,0.08950340220324479,True,True,Optimization terminated successfully,False,False,0,Optimization terminated successfully,8,-0.006197740971591392,0.10341614380063795,-0.16000000000618075,0.0,0.026583856199362058,-6.180750355966325e-12,0.5076271604072847,GLD,1,0.003084544049552964,0.0030659840246750154,0.010431683393632341,-0.00511015158605177,-1.0074267551670131e-07,-1.2065965418179487e-05,0.0001560621340419699,-3.079951734484284e-05
2023-02,2023-01,2023-01,2023-01-31,0.5376730846700692,0.6602138396211202,0.32042767924224047,False,0.0017868496122427963,0.0018028413895466548,2.876959538538067,-0.01072173501233098,0.0045690792296738955,1.3707237689021686e-05,2.2845396148369327e-06,0.02621245636803399,0.04442995153852485,0.3448459084983804,0.5845116835950608,0.06807602552646155,0.4248512281621239,0.5070727463114146,0.0,0.006945224605403583,0.0008904523191341136,0.07799998135003831,1.0,0.0004452261595670568,0.00022501123829785856,0.03884660842478181,1.0,0.00022501123829785856,1.5994448956102187e-05,0.006258992758582565,Stage17A_DynamicSigma,confirmed,semivariance,True,0.32042767924224047,0.18309750886982554,0.05866950984219374,True,True,Optimization terminated successfully,False,False,0,Optimization terminated successfully,8,-0.006258992758582566,0.10337034308547768,-0.15999999555356187,0.0,0.02662965691452232,4.446438134353414e-09,0.5070727463114146,GLD,1,0.004729685615332448,0.0034411069788787053,0.010160822766462112,-0.006464331991129389,-6.131081592276695e-08,-3.603215758268579e-06,2.0798948569673465e-05,-8.596518460358023e-06
2023-03,2023-02,2023-02,2023-02-28,0.5878951931545019,0.7183939874060624,0.43678797481212484,False,0.04250388193675577,0.042540756995863946,2.999241487100912,0.0,0.010535731173763031,3.160719352128909e-05,5.267865586881513e-06,0.05028266978831083,0.053284325723286945,0.4352259571630234,0.4612070473253788,0.07753445627163794,0.4166745075522334,0.5057910361761287,2.775557561562892e-17,0.006527705699824695,0.0008398291637609711,0.07329349341533051,1.0,0.00041991458188048555,0.00022245856369506597,0.03866265069846708,1.0,0.00022245856369506597,3.687796837218491e-05,0.005848454585876958,Stage17A_DynamicSigma,confirmed,semivariance,True,0.43678797481212484,0.18855866853393985,0.08236015896221031,True,True,Optimization terminated successfully,False,False,0,Optimization terminated successfully,8,-0.0058484545858769575,0.10038899324692749,-0.16000000000000186,0.0,0.029611006753072516,-1.8596235662471372e-15,0.5057910361761287,GLD,1,0.005194114034229855,0.0031499028289371962,0.009435759862861905,-0.005350177102584531,-9.923802522512389e-08,-1.0781131079232218e-05,8.793323290745515e-05,-1.8769472871841418e-05
2023-04,2023-03,2023-03,2023-03-31,0.37722888004527577,0.4114549088495933,0.0,False,0.02078029043711429,0.02081856298559786,3.061566596293912,0.0,0.010935067630238958,3.280520289071688e-05,5.467345592851904e-06,0.041085948182208426,0.03528369906292071,0.49690197849148576,0.4267283742633851,0.08729718673061992,0.40823938251718156,0.5044634307521986,7.420307940091499e-19,0.006494444897727586,0.0008197849325945315,0.07301462917716384,1.0,0.00040989246629726575,0.00022017050591200915,0.038483997065354665,1.0,0.00022017050591200915,3.8275086739606324e-05,0.0058261068387787055,Stage17A_DynamicSigma,confirmed,semivariance,True,0.0,0.18786061773460033,0.0,True,True,Optimization terminated successfully,False,False,0,Optimization terminated successfully,8,-0.0058261068387787055,0.09918376475580254,-0.15999999999995712,0.0,0.030816235244197465,4.288236432614667e-14,0.5044634307521986,GLD,1,0.005864437545627447,0.003294280097386577,0.009400109610628204,-0.005340668134193717,1.2092045954308309e-07,6.216581436086453e-06,-0.00021194564570599828,3.259777141673715e-05
2023-05,2023-04,2023-04,2023-04-28,0.40061039986881364,0.5598784587035737,0.11975691740714733,False,-0.01428688383956235,-0.01425583809553325,3.017826349965577,-0.014286883839562226,0.008870458654667264,2.6611375964001793e-05,4.43436806509928e-06,0.05266074125770027,0.031106378208904606,0.575995724346257,0.34023715618713807,0.0953881633446011,0.4012522533332365,0.5033595833221625,4.359419176084524e-18,0.0063378804394864045,0.000789717828846876,0.07131625830075561,1.0,0.000394858914423438,0.0002183300698910846,0.03834539727765772,1.0,0.0002183300698910846,3.104764807316993e-05,0.0056936438070987125,Stage17A_DynamicSigma,confirmed,semivariance,True,0.11975691740714733,0.18621823279053135,0.022300921524000598,True,True,Optimization terminated successfully,False,False,0,Optimization terminated successfully,18,-0.0056936438070987125,0.09734790160122873,-0.1600000000000063,0.0,0.03265209839877127,-6.300515664747763e-15,0.5033595833221625,GLD,1,0.006489702270712722,0.003243779644618823,0.008895052421342026,-0.0052723525980576565,6.801249751863129e-08,6.643333847398327e-06,-0.00012479399473041322,1.781800944875282e-05
2023-06,2023-05,2023-05,2023-05-30,0.48256679684004794,0.5974163198400878,0.1948326396801756,False,-0.016030113102138973,-0.015820734380135648,2.9694502522530133,-0.030087976577875986,0.06922598696910123,0.0002076779609073037,1.7007610960203555e-06,0.07644035565420625,0.03292688276325585,0.6224924944414346,0.26814026714110334,0.16955737685528732,0.3378874237118886,0.49255519943282405,0.0,0.0062553744937426815,0.0007408858229850759,0.07061917898700172,1.0,0.00037044291149253793,0.00021955682587383897,0.03756201482244031,1.0,0.00021955682587383897,0.0002093802223195381,0.005455994534056766,Stage17A_DynamicSigma,confirmed,semivariance,True,0.1948326396801756,0.1794484535078993,0.034962415883469294,True,True,Optimization terminated successfully,False,False,0,Optimization terminated successfully,15,-0.005455994534056766,0.0942901366836474,-0.16000000000084547,0.0,0.035709863316352605,-8.454625888276723e-13,0.49255519943282405,GLD,0,0.007024135102655843,0.003120497607917047,0.008175777429413885,-0.00544032306926822,-1.5617310644212287e-07,-7.450787536774476e-07,-3.398558297384101e-05,-2.5727956857367434e-06
2023-07,2023-06,2023-06,2023-06-30,0.3775615378882312,0.4259412030247989,0.0,False,-0.0015225361848269386,-0.001417985607442905,2.9649291567949145,-0.031564702729634964,0.03482758352431045,0.00010448275057293136,6.782681110217848e-08,0.13852784076604552,0.03848117792398295,0.6440754513782393,0.17891552993173226,0.205333184021572,0.3082100579420346,0.4864567580363934,0.0,0.006023982526201281,0.000711249547624359,0.06802029302866922,1.0,0.0003556247738121795,0.00022536392830594664,0.03761483952154504,1.0,0.00022536392830594664,0.00010455208479880307,0.005338441739284351,Stage17A_DynamicSigma,confirmed,semivariance,True,0.0,0.17547979390638052,0.0,True,True,Optimization terminated successfully,False,False,0,Optimization terminated successfully,8,-0.005338441739284351,0.09238503434806045,-0.16000000000917283,0.0,0.03761496565193956,-9.172829162906737e-12,0.4864567580363934,GLD,0,0.007165766822499753,0.003018213881122627,0.007528720749410642,-0.004354568423534252,4.183193245351848e-07,1.1389020272695353e-05,-8.967756997293643e-05,1.5378862216912868e-05
2023-08,2023-07,2023-07,2023-07-31,0.5029812755041099,0.6436842893449494,0.28736857868989873,False,0.006475250562827502,0.006921549770291506,2.9841278159861946,-0.025293841525922955,0.14513284668814705,0.0004353985400644412,1.0900667399563397e-05,0.08987831151480094,0.017284464658415336,0.7488300042302393,0.14400721959654456,0.3561164166466521,0.18644221972916336,0.4574413636241846,3.011976104169562e-17,0.0065166597158087935,0.0007725895756807795,0.07356437913562085,1.0,0.00038629478784038974,0.00028358092805678313,0.04165953059503336,1.0,0.00028358092805678313,0.000446300707521122,0.005400483292390499,Stage17A_DynamicSigma,confirmed,semivariance,True,0.28736857868989873,0.17572801049330158,0.05049870861146369,True,True,Optimization terminated successfully,False,False,0,Optimization terminated successfully,15,-0.0054004832923904966,0.09628642120345605,-0.1600000002235648,0.0,0.03371357879654395,-2.2356480555707492e-10,0.4574413636241846,GLD,0,0.007965702780998625,0.0030472947958492883,0.006811709710853148,-0.004325188969706016,-4.08174226359143e-07,-3.6658478318884157e-06,-7.282185652222039e-06,-6.896062614100768e-06
2023-09,2023-08,2023-08,2023-08-31,0.45236922613358976,0.7107171655790591,0.4214343311581181,False,-0.029934778592001304,-0.029887192237947245,2.8947986105244152,-0.05447145457210467,0.013596305036240918,4.0788915108722757e-05,6.797438945338062e-06,0.10263989172638677,0.018249632402156785,0.7463988687972158,0.13271160707424062,0.35735789796014156,0.18546512675108764,0.4571769752887708,1.1999620967952723e-18,0.00649809806968729,0.0007675550990573115,0.07337184624190361,1.0,0.00038377754952865573,0.0002829542028882129,0.04171535578325948,1.0,0.0002829542028882129,4.7588327403039886e-05,0.005783777989867382,Stage17A_DynamicSigma,confirmed,semivariance,True,0.4214343311581181,0.19882001463032556,0.08378957988657851,True,True,Optimization terminated successfully,False,False,0,Optimization terminated successfully,10,-0.005783777989867382,0.09597218966287961,-0.16000000025490363,0.0,0.03402781033712039,-2.549036259846815e-10,0.4571769752887708,GLD,0,0.007750273345868802,0.0030271589004752884,0.006958831936314742,-0.003653782336770838,-7.054665696830517e-07,3.189938151760377e-06,-3.218225369384289e-05,-2.5963807128501718e-06
2023-10,2023-09,2023-09,2023-09-27,0.6084658742577376,0.7097467115086854,0.4194934230173708,False,0.017969506114602976,0.01796951869212311,2.946816711856778,-0.03748077359350632,3.920849988778294e-06,1.1762549966334882e-08,8.14970166379539e-10,0.11033505268143298,0.03545806638587964,0.646456854833018,0.20775002609966944,0.3573137453467895,0.18982949109599334,0.4528567635572172,1.3320537043846792e-18,0.006390885551159463,0.0007816950950443705,0.07200045604364734,1.0,0.00039084754752218524,0.0002828412949954979,0.041759380022342266,1.0,0.0002828412949954979,1.514352947563822e-08,0.005717181565112304,Stage17A_DynamicSigma,confirmed,semivariance,True,0.4194934230173708,0.19976524398310555,0.08380020599837318,True,True,Optimization terminated successfully,False,False,0,Optimization terminated successfully,2,-0.005717181565112304,0.0968521612589644,-0.1581785384591671,0.0,0.03314783874103561,0.0018214615408329027,0.4528567635572172,GLD,0,0.006817419800272934,0.0029862961270596482,0.00741997512020163,-0.003055535310901264,-9.812646568250198e-07,-1.5245482035945186e-05,6.867385010028732e-05,-1.0781265925568838e-05
2023-11,2023-10,2023-10,2023-10-31,0.5894433886377621,0.677515496399614,0.3550309927992279,False,0.03241407733646171,0.0324859461765734,3.042335056651281,-0.006281600950935107,0.020533954317624795,6.160186295287438e-05,1.0266977158812417e-05,0.14554427620080035,0.053096835103267535,0.5871553912814758,0.2142034974144563,0.3550546120780842,0.18549927892900328,0.45944610899291244,3.302182815981283e-18,0.006463794520205218,0.0007906677852151359,0.0728215275311718,1.0,0.00039533389260756793,0.0002843937518541882,0.041155361314882004,1.0,0.0002843937518541882,7.187074973812797e-05,0.005712196126005333,Stage17A_DynamicSigma,confirmed,semivariance,True,0.3550309927992279,0.19973700662398902,0.07091282776046078,True,True,Optimization terminated successfully,False,False,0,Optimization terminated successfully,15,-0.005712196126005333,0.09740643419498339,-0.1599999999924405,0.0,0.032593565805016614,7.559508574672691e-12,0.45944610899291244,GLD,0,0.006143309074636755,0.0029147735893731348,0.008090372692274877,-0.0028922083574931838,-1.4547367007754696e-06,-1.516265869948732e-05,6.12363880675939e-05,-1.129313690655065e-05
2023-12,2023-11,2023-11,2023-11-30,0.4362257402263333,0.6076473846350662,0.21529476927013236,False,0.03442661352972984,0.03442662595344938,3.147072349874563,0.0,3.6211021290920733e-06,1.086330638727622e-08,1.5604131560208613e-09,0.17338132159051992,0.05687157976344525,0.5796225301350346,0.19012456851100024,0.37648334227895913,0.18476979048519515,0.4387468672358457,5.8162743540437e-17,0.006481323085583969,0.0007711892864754733,0.0731487413081548,1.0,0.00038559464323773663,0.0002853785476832061,0.041453236402270194,1.0,0.0002853785476832061,1.5366455968070114e-08,0.005810334528207058,Stage17A_DynamicSigma,confirmed,semivariance,True,0.21529476927013236,0.20264284857469403,0.04362794532813112,True,True,Optimization terminated successfully,False,False,0,Optimization terminated successfully,2,-0.005810334528207058,0.09619912389260975,-0.1534843572387015,0.0,0.03380087610739026,0.006515642761298512,0.4387468672358457,GLD,0,0.006580021084042787,0.003015721363456549,0.007915420707489762,-0.003118513721069367,-6.674257188727148e-07,4.257399757799926e-06,-6.0537985189911435e-05,-7.539936053836198e-07
2024-01,2023-12,2023-12,2023-12-28,0.5317685063260642,0.5800063927021327,0.16001278540426545,False,-0.014180356650981416,-0.014180346067908042,3.1024457415469,-0.014180356650981385,3.1578939388988037e-06,9.473681816696411e-09,1.1093915578407999e-09,0.15691870679874861,0.047348764379341,0.6112834249148211,0.18444910390708924,0.38771175647265693,0.18326774888434805,0.429020494642995,5.333773648020646e-17,0.006661070592850992,0.0007673091892261205,0.07532899197885519,1.0,0.00038365459461306027,0.0002867866552634446,0.041742015793649584,1.0,0.0002867866552634446,1.3393861595885243e-08,0.005990615949112891,Stage17A_DynamicSigma,confirmed,semivariance,True,0.16001278540426545,0.20431733563690083,0.032693385981638685,True,True,Optimization terminated successfully,False,False,0,Optimization terminated successfully,2,-0.005990615949112891,0.09595681461320736,-0.15072335366139022,0.0,0.03404318538679264,0.009276646338609779,0.429020494642995,GLD,0,0.007083192501931912,0.0031439818733503726,0.007773842667805491,-0.003573070936386231,-3.8364819622391183e-07,-4.955192929014838e-06,1.0633877491975923e-05,-8.544484534497624e-06
2024-02,2024-01,2024-01,2024-01-30,0.45121329645195213,0.48187495015381665,0.0,False,0.027844870997276377,0.0278449046243808,3.1888329429963225,0.0,9.607744120565545e-06,2.8823232361696635e-08,4.803872060227242e-09,0.23238226272121013,0.09274030099527865,0.48237053716090006,0.19250689912261115,0.3703292002076636,0.18494311953352569,0.44472768025881076,3.584712375061874e-18,0.006467539537617108,0.0007726864744901851,0.07297435560446419,1.0,0.00038634323724509253,0.0002826145038530045,0.04134082813182826,1.0,0.0002826145038530045,3.668354676774751e-08,0.005798545112972243,Stage17A_DynamicSigma,confirmed,semivariance,True,0.0,0.20196794365145787,0.0,True,True,Optimization terminated successfully,False,False,0,Optimization terminated successfully,3,-0.005798545112972243,0.09629245917454919,-0.15525719625475362,0.0,0.03370754082545081,0.004742803745246382,0.44472768025881076,GLD,0,0.005867357605608315,0.003022544931829889,0.00844916542915603,-0.001995590106195162,5.444793311118569e-07,1.0955251751714063e-06,-5.0132225365889064e-05,1.2240934331931802e-05
2024-03,2024-02,2024-02,2024-02-29,0.462868681550528,0.5236926095570554,0.047385219114110866,False,0.06962664245823692,0.06962668457611698,3.4108606741773753,0.0,1.2045982441394334e-05,3.6137947324183e-08,5.979932735683522e-09,0.16769154633076447,0.07866306591954472,0.5130001801159119,0.24064520763377903,0.38610083321903577,0.17951059782987389,0.4343885689510904,3.617100750905338e-18,0.006647123543007673,0.0007879561426684255,0.07503774566008153,1.0,0.00039397807133421275,0.0002870995383665987,0.041842582387094575,1.0,0.0002870995383665987,4.5139878303197204e-08,0.005966000793428559,Stage17A_DynamicSigma,confirmed,semivariance,True,0.047385219114110866,0.20477839738899584,0.009703469230114036,True,True,Optimization terminated successfully,False,False,0,Optimization terminated successfully,2,-0.005966000793428559,0.09723926013715399,-0.15272737457905347,0.0,0.032760739862846014,0.007272625420946532,0.4343885689510904,GLD,0,0.006301277985999739,0.00306409428948401,0.008485744566698206,-0.0025451279712206875,-6.129332486895226e-07,1.8893688770875033e-06,-5.077362419635612e-05,3.7145033143549277e-07
2024-04,2024-03,2024-03,2024-03-29,0.4811051909047717,0.5752585525853893,0.15051710517077854,False,0.006875544466120627,0.0068918389739684345,3.434312198410424,0.0,0.004655582472214164,1.3966747416642491e-05,2.3277604311652253e-06,0.18728665970580885,0.08798756676857003,0.49307728901730397,0.2316484845083172,0.381852350750164,0.164712922652317,0.4534347265975191,6.0270527440289645e-19,0.007020958113197535,0.0008336124347227834,0.07924982275003373,1.0,0.0004168062173613917,0.0002946094521805297,0.04236413671828038,1.0,0.0002946094521805297,1.6297418653014698e-05,0.0062932450250026,Stage17A_DynamicSigma,confirmed,semivariance,True,0.15051710517077854,0.2061746463280707,0.031032810924910288,True,True,Optimization terminated successfully,False,False,0,Optimization terminated successfully,12,-0.006293245025002598,0.10001674468144522,-0.16000000000042972,0.0,0.02998325531855478,-4.2971182168116684e-13,0.4534347265975191,GLD,0,0.006412819090269574,0.003069241005810206,0.008999149671057747,-0.0019325163414383925,1.2624430343725213e-07,-1.1412445156381089e-06,-3.0264085687408805e-05,5.217240720700697e-06
2024-05,2024-04,2024-04,2024-04-30,0.6249254365051605,0.6423754738939507,0.28475094778790133,False,0.005449044353236507,0.0055042393933677925,3.453025917902423,0.0,0.01577001146608155,4.731003439824465e-05,7.885005733040795e-06,0.2571946761940266,0.12202419541450236,0.42102757340839025,0.19975355498308084,0.3643129746500946,0.17817416664904648,0.4575128587008589,0.0,0.006928069496972527,0.0008059434586296967,0.07830117321189214,1.0,0.00040297172931484833,0.00028258616186853657,0.041561243645428285,1.0,0.00028258616186853657,5.519710436457557e-05,0.006187314501424566,Stage17A_DynamicSigma,confirmed,semivariance,True,0.28475094778790133,0.20611444723558073,0.05869128420311099,True,True,Optimization terminated successfully,False,False,0,Optimization terminated successfully,12,-0.006187314501424569,0.0983428772385492,-0.1600000000000043,0.0,0.0316571227614508,-4.3021142204224816e-15,0.4575128587008589,GLD,0,0.005712662747974557,0.0029359318947420904,0.009383656360585392,-0.0008772444325229726,-5.769355325053126e-07,-1.484873934617768e-05,7.317284973600175e-05,-1.9186937562774683e-05
2024-06,2024-05,2024-05,2024-05-31,0.4907825302101796,0.5462987312577791,0.09259746251555812,False,0.021823344288388287,0.021830683324811116,3.528382491345536,0.0,0.002096867549379406,6.290602648138219e-06,1.048433774689688e-06,0.22588158668910177,0.14367924227603712,0.3853346705144165,0.24510450052044458,0.36142219185607466,0.18046081495208036,0.45811699319184507,1.5408359347237704e-18,0.006898355142123198,0.0008107421560188295,0.0779158087693654,1.0,0.00040537107800941476,0.0002795763548000887,0.041434535336334254,1.0,0.0002795763548000887,7.341544482028317e-06,0.006206066164831666,Stage17A_DynamicSigma,confirmed,semivariance,True,0.09259746251555812,0.20257970998893932,0.01875836710211344,True,True,Optimization terminated successfully,False,False,0,Optimization terminated successfully,14,-0.006206066164831666,0.09863521618684654,-0.15999999999996944,0.0,0.03136478381315347,3.0558888752807434e-14,0.45811699319184507,GLD,0,0.005263027054671633,0.002960119642959853,0.00976444378564368,-0.001144068873413649,2.395610853739782e-07,-2.885392632838085e-06,-2.3637509011080333e-05,7.860950334197828e-06
2024-07,2024-06,2024-06,2024-06-28,0.4559946376136851,0.49478350986309927,0.0,False,0.024814822785580892,0.024846300501408985,3.615938677588022,0.0,0.008993633093740919,2.6980899281222757e-05,4.496816546870479e-06,0.1984347546654289,0.15097546315726912,0.36947867357358455,0.2811111086037173,0.37442486990470164,0.17022830077125173,0.4553468293240467,0.0,0.007003075524477703,0.000831624041514735,0.07904716204464401,1.0,0.0004158120207573675,0.0002861157462754348,0.042011796060244105,1.0,0.0002861157462754348,3.1479716684198276e-05,0.006269668040760702,Stage17A_DynamicSigma,confirmed,semivariance,True,0.0,0.20358492815056153,0.0,True,True,Optimization terminated successfully,False,False,0,Optimization terminated successfully,13,-0.006269668040760702,0.09989738984666627,-0.1599999999789875,0.0,0.030102610153333736,2.1012497297689947e-11,0.4553468293240467,GLD,0,0.005326981995276365,0.0030364665998932425,0.00992069312530566,-0.0009214472610053126,-6.047120873763683e-07,4.3250314166018005e-06,-5.762101953088998e-05,-3.967037002132198e-06
2024-08,2024-07,2024-07,2024-07-30,0.5754639180700857,0.6531505780011025,0.3063011560022051,False,-0.023538327610820944,-0.02351408752892758,3.5308255283743164,-0.023538327610820975,0.006925747369407126,2.0777242108221378e-05,3.4628397851450416e-06,0.19233239011204473,0.17515696184593119,0.3310362165898954,0.3014744314521288,0.36722211559929174,0.17587346113940044,0.45690442326130787,2.7755575615628914e-17,0.00711860458706222,0.0008318943641500097,0.08043188885984658,1.0,0.0004159471820750049,0.00028046393508801895,0.04168873620950406,1.0,0.00028046393508801895,2.4242983890960054e-05,0.006397950486008236,Stage17A_DynamicSigma,confirmed,semivariance,True,0.3063011560022051,0.20495094138873104,0.0627767102711085,True,True,Optimization terminated successfully,False,False,0,Optimization terminated successfully,8,-0.006397950486008236,0.0999136245454048,-0.15999999999999914,0.0,0.030086375454595207,8.604228440844963e-16,0.45690442326130787,GLD,0,0.0049473194160436496,0.003090218173576754,0.010363279600740537,-0.0008838111555481154,-5.500507480048183e-07,-3.316428425023348e-06,5.276616057988499e-05,-2.318727302631156e-05
2024-09,2024-08,2024-08,2024-08-30,0.4966610490044766,0.30513011444960075,0.0,True,0.0021623963450613853,0.0021755705898011193,3.5384605725919225,-0.021426830459354118,0.0037640745995791416,1.1292223798737425e-05,1.88202094099675e-06,0.15521558904063565,0.15092363707739892,0.35179421499143887,0.3420665588905266,0.35517515944629896,0.18372549896260787,0.4610993415910932,0.0,0.0070342345104457684,0.0008265375949559699,0.0794515885556134,1.0,0.00041326879747798496,0.00027568767697020504,0.040501311613999134,1.0,0.00027568767697020504,1.3177196930895264e-05,0.0063321008390666835,Stage17A_DynamicSigma,confirmed,semivariance,True,0.0,0.20193677497383125,0.0,True,True,Optimization terminated successfully,False,False,0,Optimization terminated successfully,6,-0.0063321008390666835,0.09959142101341681,-0.1600000000000015,0.0,0.030408578986583196,-1.4988010832439613e-15,0.4610993415910932,GLD,0,0.00482928910688607,0.0031346251208988936,0.010316386621208672,-0.0020391678962983894,1.6359758370225078e-06,-9.01289442593143e-06,-2.759453212507241e-05,3.697574975080085e-05
2024-10,2024-09,2024-09,2024-09-30,0.7356238814815301,0.7252573629269911,0.4505147258539821,False,0.03591358490731819,0.035969710762592685,3.6655393768069002,0.0,0.016035958649856297,4.810787594956889e-05,8.017979324928108e-06,0.20524284690840972,0.08966206629322951,0.49071994557337,0.2143751412249907,0.33351234062757373,0.20096291820410211,0.4655247411683242,2.7755575615628914e-17,0.006984094638800268,0.0007711565320496671,0.07918219647330521,1.0,0.00038557826602483354,0.0002626561507115037,0.039650084680359694,1.0,0.0002626561507115037,5.6127809320912004e-05,0.006279732412743018,Stage17A_DynamicSigma,confirmed,semivariance,True,0.4505147258539821,0.20015885655193863,0.09017451238674316,True,True,Optimization terminated successfully,False,False,0,Optimization terminated successfully,23,-0.006279732412743018,0.09619708095673177,-0.15999999999999176,0.0,0.03380291904326824,8.243405957841787e-15,0.4655247411683242,GLD,0,0.0058462718829203975,0.0031448104257667856,0.009320846111994758,-0.002334861612259806,-5.073593956444829e-07,-2.4356650820794072e-05,0.00014667331996198274,-3.2291104231196556e-05
2024-11,2024-10,2024-10,2024-10-31,0.7207262407315631,0.6849217672015144,0.36984353440302886,False,-0.014291966017937644,-0.014211999961654311,3.6131516125961634,-0.014291966017937696,0.022847444652380672,6.854233395714202e-05,1.1423722326190337e-05,0.2020319804729642,0.053156288555861624,0.5896657775855885,0.1551459533855857,0.34267194534537915,0.19367135496422042,0.46365669969040046,0.0,0.007088411980343236,0.0007627535956388664,0.08048442219028563,1.0,0.0003813767978194332,0.00026628512656082487,0.040009128771744285,1.0,0.00026628512656082487,7.996851275900262e-05,0.006360781543203975,Stage17A_DynamicSigma,confirmed,semivariance,True,0.36984353440302886,0.19802569638448883,0.07323852345346045,True,True,Optimization terminated successfully,False,False,0,Optimization terminated successfully,12,-0.006360781543203975,0.09567153781384721,-0.15999999999954023,0.0,0.03432846218615279,4.59771110072893e-13,0.46365669969040046,GLD,0,0.006607522113330943,0.0031317968517588493,0.008972957296330136,-0.002108699771113779,-6.814683744695745e-07,-2.905614018265158e-05,0.00013619835494301405,-1.5799206651546558e-05
2024-12,2024-11,2024-11,2024-11-29,0.6886435552956557,0.7559982029556919,0.5119964059113837,False,0.011937961673760137,0.0119380654828443,3.656285278068821,-0.0025246212867424678,2.9659738332549456e-05,8.897921499764836e-08,1.4829869166260978e-08,0.1633079919115062,0.041292594234922916,0.6348715000799268,0.1605279137736442,0.3387726849029689,0.20024170564226945,0.46098560945476164,5.075645271060849e-19,0.006967345941500043,0.0007535737971867402,0.07908670851488006,1.0,0.0003767868985933701,0.0002615868847415103,0.03969156014713502,1.0,0.0002615868847415103,1.0658909167111097e-07,0.006328865569073491,Stage17A_DynamicSigma,confirmed,semivariance,True,0.5119964059113837,0.19689552080627806,0.10080979899286445,True,True,Optimization terminated successfully,False,False,0,Optimization terminated successfully,3,-0.006328865569073491,0.0950940879668178,-0.15855091635211346,0.0,0.034905912033182204,0.0014490836478865399,0.46098560945476164,GLD,0,0.00670311900814375,0.003237859792088187,0.008683213198410998,-0.0025269026022231257,-9.74686945419838e-07,-1.1803760765351218e-05,0.00010415775180607077,-1.3636913722905453e-05
2025-01,2024-12,2024-12,2024-12-30,0.6499645672061712,0.6175858066765374,0.0,True,0.03494875244133509,0.034989532748984836,3.784067887106946,0.0,0.011651516471355247,3.495454941406574e-05,5.825758235677617e-06,0.1450160493285135,0.06161736290837109,0.5567874381068441,0.23657914965627128,0.3243159837254151,0.20828835457231426,0.4673956617022707,2.90518029665283e-17,0.007085557924432938,0.000759868956693109,0.08046748135303661,1.0,0.0003799344783465545,0.00025541069018647326,0.03929386074964985,1.0,0.00025541069018647326,4.0782229439934185e-05,0.006409430526459976,Stage17A_DynamicSigma,confirmed,semivariance,True,0.0,0.1973197522546126,0.0,True,True,Optimization terminated successfully,False,False,0,Optimization terminated successfully,16,-0.006409430526459975,0.09549045753538575,-0.15999999999999562,0.0,0.034509542464614254,4.385380947269368e-15,0.4673956617022707,GLD,0,0.005884709410002336,0.0032175195793443193,0.009532407919557827,-0.0020423831410685796,-1.174703791247007e-06,-1.0281196234481813e-05,0.00011552752862958772,-1.17322136109334e-05
2025-02,2025-01,2025-01,2025-01-31,0.5944235932233695,0.644536101853943,0.0,True,0.021463535317460394,0.021488178533428062,3.8652873618455335,0.0,0.007040918847904962,2.1122756543714884e-05,3.520459423952488e-06,0.051899409364144694,0.03315857514454315,0.5582656405594597,0.3566763749318524,0.322256323793651,0.2099296280755837,0.4678140481307653,2.8074855376034124e-17,0.007437954489285154,0.0007850753914548553,0.08454500152269272,1.0,0.00039253769572742764,0.00025328547312922407,0.03921494177029644,1.0,0.00025328547312922407,2.46453089725683e-05,0.006767486011455934,Stage17A_DynamicSigma,confirmed,semivariance,True,0.0,0.19585808457461676,0.0,True,True,Optimization terminated successfully,False,False,0,Optimization terminated successfully,18,-0.006767486011455933,0.09706134502188946,-0.1600000000000007,0.0,0.03293865497811055,-6.938893903907228e-16,0.4678140481307653,GLD,0,0.0059426728853813286,0.003373637351251975,0.010196216780112163,-0.003312526069731715,-1.012420418553609e-06,-3.6219576157429693e-06,9.793913859810639e-05,-8.440946099929532e-06
2025-03,2025-02,2025-02,2025-02-28,0.6204709289102308,0.6034373986545291,0.2068747973090581,False,0.0504193610374695,0.05042234940496736,4.060172680855992,0.0,0.0008538192851016973,2.561457855305092e-06,4.2690964255088993e-07,0.09234657563364647,0.06363730113968367,0.49967984109557106,0.3443362821310988,0.32396021611422454,0.20857183719611613,0.46746794668965924,0.0,0.0074720346730353035,0.0007831055571742428,0.08496578273337818,1.0,0.0003915527785871214,0.0002529884654965849,0.03928022979310524,1.0,0.0002529884654965849,2.990578994889398e-06,0.006824502849956707,Stage17A_DynamicSigma,confirmed,semivariance,True,0.2068747973090581,0.19482469349662795,0.04030431897791428,True,True,Optimization terminated successfully,False,False,0,Optimization terminated successfully,10,-0.006824502849956708,0.09693950013328372,-0.1600000000039369,0.0,0.03306049986671629,-3.936906356472036e-12,0.46746794668965924,GLD,0,0.005629231112984312,0.003356970012254469,0.0104603712811881,-0.0028440063516371166,-7.836724270711891e-07,-3.5987479622601146e-06,0.0001269274918257586,-1.2470872521338707e-05
2025-04,2025-03,2025-03,2025-03-31,0.736183121728499,0.6916299932451347,0.3832599864902695,False,0.003352380356922847,0.0034181647431140287,4.073783923997008,0.0,0.018795775145430585,5.638732543629175e-05,9.397060754889662e-06,0.12494133010761294,0.06780022564495575,0.5232911157693205,0.28396732847811074,0.3130876661153038,0.21723863608032987,0.46967369780436635,2.3597747530949262e-18,0.00763004825772436,0.0007684375902205082,0.08694995355136927,1.0,0.0003842187951102541,0.00024680573278864287,0.038875205059275796,1.0,0.00024680573278864287,6.578630456320218e-05,0.00693323742526226,Stage17A_DynamicSigma,confirmed,semivariance,True,0.3832599864902695,0.1971603454517729,0.07556367133426335,True,True,Optimization terminated successfully,False,False,0,Optimization terminated successfully,17,-0.00693323742526226,0.09602734549411485,-0.16000000000265321,0.0,0.03397265450588516,-2.653210984249199e-12,0.46967369780436635,GLD,0,0.005862394373773046,0.0032842528813249194,0.01055263951753175,-0.002164274708415924,-7.785562230997186e-07,-1.0678968126079563e-05,0.0002712621263051465,-1.668492526772741e-05
2025-05,2025-04,2025-04,2025-04-29,0.5462298070298355,0.5596978971186978,0.11939579423739555,False,0.022859660157293522,0.022869529225029692,4.166909240053825,0.0,0.0028197336389048787,8.459200916714636e-06,1.4098668194524315e-06,0.12045447655079917,0.05995027529392207,0.5472356775005601,0.2723595706547186,0.3140398500563929,0.21647936675227583,0.4694807831913313,6.080878701601181e-19,0.0074876244336729535,0.0007600676489577113,0.08529108731032917,1.0,0.00038003382447885563,0.00024615819271473144,0.038906990181892975,1.0,0.00024615819271473144,9.871846126523224e-06,0.0068515605703528435,Stage17A_DynamicSigma,confirmed,semivariance,True,0.11939579423739555,0.18653015033223871,0.02227091544813843,True,True,Optimization terminated successfully,False,False,0,Optimization terminated successfully,13,-0.0068515605703528435,0.09550294125047948,-0.15999999999999856,0.0,0.034497058749520526,1.4432899320127035e-15,0.4694807831913313,GLD,0,0.0060412001494898815,0.0033338140288244316,0.010340700480233417,-0.003216611066875875,-8.196056364333236e-07,-8.991071837884739e-07,3.075048443216588e-05,-8.859340623348527e-06
2025-06,2025-05,2025-05,2025-05-30,0.6935482977909705,0.6966159092749128,0.3932318185498256,False,0.040445654520888503,0.040458934573443614,4.33544261159694,0.0,0.0037944241624246616,1.1383272487273985e-05,1.896780067838583e-06,0.11179941206497909,0.03254345407504461,0.6627412012309011,0.19291593262907522,0.32630418477428114,0.20670424411085644,0.4669915711148625,1.0372811566854998e-18,0.007530486627609048,0.0007507703091409881,0.08586121767646265,1.0,0.00037538515457049404,0.0002508124330040639,0.03937003084708377,1.0,0.0002508124330040639,1.3282239328391602e-05,0.006891006800706099,Stage17A_DynamicSigma,confirmed,semivariance,True,0.3932318185498256,0.1888708896165553,0.07427004339504141,True,True,Optimization terminated successfully,False,False,0,Optimization terminated successfully,12,-0.006891006800706099,0.09491703592976267,-0.16000000006282306,0.0,0.03508296407023734,-6.282305231586349e-11,0.4669915711148625,GLD,0,0.007117443653496772,0.003280720314169701,0.009547177405004059,-0.0029607739834061784,-6.390181002420798e-07,-7.451355572656585e-06,0.00015673415849868158,-1.8948893269395934e-05
2025-07,2025-06,2025-06,2025-06-30,0.6650899841714722,0.6038885332243314,0.0,True,0.02832962419405752,0.028413472176844597,4.458264071498385,0.0,0.02395714640601186,7.187143921803559e-05,1.197654356904082e-05,0.18738211711174252,0.041932328641100435,0.6297583665440692,0.1409271877030877,0.3645256674439436,0.17448620907415868,0.4609881234818978,1.3172348927935565e-18,0.007684899376562976,0.0007751027373998405,0.08756817609435667,1.0,0.00038755136869992023,0.00027115470610926856,0.0402947324128854,1.0,0.00027115470610926856,8.384966490124974e-05,0.006942343636852538,Stage17A_DynamicSigma,confirmed,semivariance,True,0.0,0.19361571273433476,0.0,True,True,Optimization terminated successfully,False,False,0,Optimization terminated successfully,13,-0.006942343636852538,0.09644289942135753,-0.16000000000000558,0.0,0.033557100578642474,-5.578870698741412e-15,0.4609881234818978,GLD,0,0.007751581273894537,0.003194489907191035,0.009242851309654214,-0.0020538565679209617,-6.324331796521623e-08,-9.71470371106668e-06,9.268798417681211e-05,-1.267487188605105e-05
2025-08,2025-07,2025-07,2025-07-31,0.655603788191904,0.7050020115218333,0.41000402304366657,False,0.014855845206492413,0.01486613992520356,4.524495352434231,0.0,0.002941348203184966,8.824044609554898e-06,1.470674101592518e-06,0.18477225581082238,0.04623489225817984,0.6150828887392095,0.15390996319178832,0.37071866711310436,0.16959915444904247,0.4596821784378532,0.0,0.007813925388290443,0.0007863452225383052,0.08904903332425548,1.0,0.0003931726112691526,0.0002735863608078181,0.04055994050242076,1.0,0.0002735863608078181,1.0297627678514894e-05,0.007136868788534957,Stage17A_DynamicSigma,confirmed,semivariance,True,0.41000402304366657,0.1994242007443486,0.0817647245974507,True,True,Optimization terminated successfully,False,False,0,Optimization terminated successfully,5,-0.007136868788534957,0.09713980991570687,-0.16000000000001005,0.0,0.03286019008429314,-1.0047518372857667e-14,0.4596821784378532,GLD,0,0.007769310281392029,0.0031810862285299077,0.009467840869146028,-0.0015089301205248808,-3.322113190573757e-08,-9.574757465025444e-06,9.490464167355916e-05,-1.0635521898323192e-05
2025-09,2025-08,2025-08,2025-08-29,0.5099138212216501,0.5857015219727751,0.17140304394555028,False,0.09768364383680472,0.09772690683156396,4.966464544982695,0.0,0.012360890210280334,3.7082670630841e-05,6.180324128398362e-06,0.1310845625142365,0.03198217809250734,0.6727860614185959,0.16414719797466032,0.37359878902066274,0.16740869035502778,0.45899252062430945,0.0,0.00787626976219365,0.0007863199871558787,0.08979731722338853,1.0,0.00039315999357793935,0.0002740614139644683,0.04068548594504331,1.0,0.0002740614139644683,4.326567525227253e-05,0.00716578267939897,Stage17A_DynamicSigma,confirmed,semivariance,True,0.17140304394555028,0.1995973770706677,0.03421159799346022,True,True,Optimization terminated successfully,False,False,0,Optimization terminated successfully,11,-0.00716578267939897,0.09713825119833353,-0.15999999999999956,0.0,0.03286174880166648,4.440892098500626e-16,0.45899252062430945,GLD,0,0.008021623833710053,0.003212643157721331,0.009462992691890468,-0.0022257079679873105,-2.879180525869946e-08,-1.1742020388643811e-06,-3.6146814783194147e-06,-6.351204157108755e-07
2025-10,2025-09,2025-09,2025-09-30,0.6056627145377596,0.5329970817355755,0.0,True,0.11062423106008779,0.11067204342125637,5.515875866358594,0.0,0.013660674619597163,4.098202385879149e-05,6.83033730979854e-06,0.2365128512344842,0.06240508823008086,0.5547171821925372,0.14636487834289763,0.39402737631515805,0.15202853770089472,0.45394408598394725,4.1260236466832447e-19,0.008237364958945344,0.0008372601784170748,0.09382481843684168,1.0,0.0004186300892085374,0.0002850628062422821,0.041587104490177135,1.0,0.0002850628062422821,4.781533030149708e-05,0.007485856733193027,Stage17A_DynamicSigma,confirmed,semivariance,True,0.0,0.20394124866674132,0.0,True,True,Optimization terminated successfully,False,False,0,Optimization terminated successfully,10,-0.007485856733193027,0.10023533379504902,-0.16000000000812215,0.0,0.029764666204950982,-8.122141847977105e-12,0.45394408598394725,GLD,0,0.007795717548559373,0.0031079417562669873,0.01027786136954286,-0.0013464764504686456,-9.986571464054626e-09,-7.192779624390823e-06,6.314884298911296e-05,-9.279335904912982e-06
2025-11,2025-10,2025-10,2025-10-31,0.7066382959345276,0.599894030937184,0.0,True,0.021621279002259828,0.021668509097338744,5.635136157406965,0.0,0.013494757742305595,4.048427322691679e-05,6.745821851999151e-06,0.14884065738549054,0.05871607132516757,0.5682676643253417,0.2241756069640002,0.433236185744887,0.1226947867692461,0.44406902748586696,6.252077731495808e-20,0.009021985545861814,0.0009589323743689935,0.10251023230412781,1.0,0.00047946618718449675,0.00030983944348557895,0.04359440978263877,1.0,0.00030983944348557895,4.7231830145220925e-05,0.008185448085046516,Stage17A_DynamicSigma,confirmed,semivariance,True,0.0,0.21384842588500824,0.0,True,True,Optimization terminated successfully,False,False,0,Optimization terminated successfully,20,-0.008185448085046516,0.10727156423035847,-0.16000000099824097,0.0,0.022728435769641536,-9.98240962113428e-10,0.44406902748586696,GLD,0,0.008686533735235272,0.003147689172072396,0.01079793428830898,-0.002129762376499786,0.0,-1.2053316650745971e-05,0.00017769861721347768,-1.8718461824378015e-05
2025-12,2025-11,2025-11,2025-11-28,0.6474397449276243,0.4618199520138311,0.0,True,0.04271994457502252,0.0428249907824997,5.875868861724096,0.0,0.03001320213633775,9.003960640901325e-05,1.5006601068168868e-05,0.19261748541858342,0.08861945642642922,0.4922764838976287,0.22648657425735866,0.43896295639315475,0.11843356556660922,0.44260347804023614,0.0,0.008928938488262626,0.0009671154763851082,0.10134456900084085,1.0,0.0004835577381925541,0.00031261252218775114,0.043904994986989444,1.0,0.00031261252218775114,0.00010504816443866393,0.008027720063443655,Stage17A_DynamicSigma,confirmed,semivariance,True,0.0,0.212972799535612,0.0,True,True,Optimization terminated successfully,False,False,0,Optimization terminated successfully,13,-0.008027720063443655,0.10772829580301221,-0.15999999998963885,0.0,0.02227170419698779,1.0361156377314273e-11,0.44260347804023614,GLD,0,0.007890154133321363,0.0030299749977887713,0.011396804498323138,-0.0015198373425383506,0.0,-1.3853168916233619e-05,0.00014454864183717394,-1.5491332035380478e-05
2026-01,2025-12,2025-12,2025-12-30,0.7304151648648168,0.7065705150012113,0.4131410300024225,False,0.147091869442143,0.14712108019772496,6.7401613971919705,0.0,0.008345992349273697,2.5037977047821092e-05,4.172778534140359e-06,0.20941149298144676,0.11509632652637274,0.4359088364302169,0.23958334406196366,0.4561708220359383,0.10563760340328494,0.4381915745607767,0.0,0.009042486929160373,0.001009977773461226,0.1024499765091571,1.0,0.000504988886730613,0.0003240299103227135,0.04484172215959039,1.0,0.0003240299103227135,2.921323881223435e-05,0.008184254893294812,Stage17A_DynamicSigma,confirmed,semivariance,True,0.4131410300024225,0.2212712570925701,0.09141623506515524,True,True,Optimization terminated successfully,False,False,0,Optimization terminated successfully,8,-0.008184254893294813,0.11008966019356546,-0.160000000147272,0.0,0.019910339806434543,-1.4727200015052233e-10,0.4561708220359383,KODEX200,0,0.007710156179525917,0.0030074602888192337,0.011656114228670916,-0.0013454010544652049,0.0,-2.0240492461411866e-05,0.00023315112705053894,-2.576305521469168e-05
2026-02,2026-01,2026-01,2026-01-30,0.8324257536022928,0.7068763684028658,0.41375273680573166,False,0.15938443057769708,0.1594335038258606,7.814438183485187,0.0,0.01402104109994888,4.2063123299846645e-05,7.010124863686186e-06,0.279940136880179,0.13428092119187762,0.39588290838731066,0.18989603354063267,0.49457499130321164,0.07712976259002123,0.4282952461067671,1.5064944803481833e-18,0.009639451495712974,0.0011685586460746127,0.10866206607210802,1.0,0.0005842793230373064,0.0003539325148650878,0.047136704573541875,1.0,0.0003539325148650878,4.907547410918492e-05,0.008652164183701395,Stage17A_DynamicSigma,confirmed,semivariance,True,0.41375273680573166,0.23261159783206553,0.09624368521577131,True,True,Optimization terminated successfully,False,False,0,Optimization terminated successfully,8,-0.008652164183701395,0.11841749766354359,-0.15999999657873845,0.0,0.011582502336456413,3.4212615518391942e-09,0.49457499130321164,KODEX200,0,0.008471818095738038,0.002882773410601443,0.011863232084492645,-5.3054902791622354e-05,0.0,-4.5810805870666534e-05,0.0003495765564124272,-2.1212960623080742e-05
2026-03,2026-02,2026-02,2026-02-03,0.8913807056112097,0.7374258304318048,0.4748516608636095,False,-0.09923288469189837,-0.09920989477486511,7.038988940291434,-0.0992328846918984,0.006568626354667987,1.970587906400396e-05,3.284037969245479e-06,0.29961061884472723,0.11980597444831188,0.4147402762697025,0.16584313043725832,0.5187506794408416,0.06050633677253451,0.42074298378662384,9.623838664141563e-19,0.01052441827125894,0.0013260983435516363,0.11833642919379746,1.0,0.0006630491717758182,0.0003735016442452684,0.048718689474186894,1.0,0.0003735016442452684,2.299230388317887e-05,0.009464875151354675,Stage17A_DynamicSigma,confirmed,semivariance,True,0.4748516608636095,0.24148684802200587,0.11467043085996755,True,True,Optimization terminated successfully,False,False,0,Optimization terminated successfully,12,-0.009464875151354675,0.1261474538887711,-0.16000000000007558,0.0,0.0038525461112288995,-7.557843240135753e-14,0.5187506794408416,KODEX200,1,0.009639628753142466,0.0029036607219818295,0.012153982834343532,0.000650666309914999,0.0,-4.219016162172223e-05,0.0005633230051105638,-1.097814824769104e-05
2026-04,2026-03,2026-03,2026-03-31,0.7276005863359469,0.44860569116205484,0.0,True,0.12237917301267569,0.1224017715590312,7.900414585649671,0.0,0.006456727530147242,1.9370182590441725e-05,3.2283637650736004e-06,0.3313800155300641,0.1742588245022513,0.3239889737447424,0.17037218622294223,0.5001718235335184,0.07303121444188854,0.42679696202459305,2.596019726167552e-19,0.009545903643620566,0.0013192827868127683,0.10663514700257018,1.0,0.0006596413934063842,0.00039527935291942953,0.05041173183848204,1.0,0.00039527935291942953,2.2601246000982462e-05,0.00846838165129377,Stage17A_DynamicSigma,confirmed,semivariance,True,0.0,0.2621123269903757,0.0,True,True,Optimization terminated successfully,False,False,0,Optimization terminated successfully,9,-0.00846838165129377,0.12582286533755788,-0.16000000000001682,0.0,0.004177134662442128,-1.6819878823071122e-14,0.5001718235335184,KODEX200,1,0.008165379216816778,0.002786299170685229,0.012138858670754317,0.003716743479282692,0.0,-3.5943240939684915e-05,0.00018772672069162957,-3.2330264946402823e-06
2026-05,2026-04,2026-04,2026-03-31,0.7276005863359469,0.4528603393920851,0.0,True,0.15301892195525119,0.15329175965584083,9.109327508545325,0.0,0.07940843713143561,0.00023822531139430683,3.461238919533496e-05,0.21559827553285818,0.2772766198093666,0.22183174488471408,0.2852933597730611,0.4947246678336838,0.07486141595020192,0.4304139162161142,0.0,0.00979075440482997,0.0014083333334242451,0.10903905285741418,1.0,0.0007041666667121226,0.0003897563783867498,0.04919564238765264,1.0,0.0003897563783867498,0.00027283920068717975,0.008423992159043919,Stage17A_DynamicSigma,confirmed,semivariance,True,0.0,0.28409796071139015,0.0,True,True,Optimization terminated successfully,False,False,0,Optimization terminated successfully,7,-0.00842399215904392,0.13000000000419593,-0.16000000000025047,0.0,-4.195921388117085e-12,-2.504663143554353e-13,0.4947246678336838,KODEX200,0,0.00801949866434625,0.002729936352514302,0.012858626560567691,0.0043204720273764124,0.0,-2.7239370249598055e-05,0.00020085561964970394,-3.6039367170603727e-06
2026-06,2026-05,2026-05,2026-05-29,0.6571959119147275,0.3584431514993381,0.0,True,-0.015492750734211391,-0.015139232492510762,8.968198968099138,-0.015492750734211413,0.10641844203532147,0.0003192553261059644,3.4262915594664374e-05,0.19706829783162072,0.33782856183883336,0.17135468740151938,0.29374845292802654,0.4583978511559932,0.1020160166299541,0.43958613221405274,4.360224270567985e-17,0.010265598196975572,0.0014083333333333372,0.11473717836370684,1.0,0.0007041666666666686,0.0003558551698992231,0.04695208727557744,1.0,0.0003558551698992231,0.00035351974174206214,0.008852056618667618,Stage17A_DynamicSigma,confirmed,semivariance,True,0.0,0.28087595400426474,0.0,True,True,Optimization terminated successfully,False,False,0,Optimization terminated successfully,7,-0.008852056618667618,0.13000000000000017,-0.15999999999999964,0.0,-1.6653345369377348e-16,3.608224830031759e-16,0.4583978511559932,KODEX200,0,0.009229590535550678,0.002582160557769418,0.013021285552315024,0.004667770351626592,0.0,-2.364822504409973e-05,0.00011326094182850563,-1.3325553059645036e-06
2026-07,2026-06,2026-06,2026-06-30,0.7615520635481527,0.46103152219989757,0.0,True,-0.1555661752255413,-0.1554769094858071,7.573050555970309,-0.16864877798430866,0.02562993098898938,7.688979296696813e-05,1.2375946767226432e-05,0.19115314512380668,0.4086962422798096,0.1275154225831515,0.2726351900132322,0.45591531898914184,0.10387375304468496,0.4402109279661732,4.286796109336143e-18,0.009879759336161377,0.0014083333333333597,0.11010711203393636,1.0,0.0007041666666666799,0.0003532915698640002,0.04680341135537747,1.0,0.0003532915698640002,8.926724065803556e-05,0.008733033858972662,Stage17A_DynamicSigma,confirmed,semivariance,True,0.0,0.2463039169644522,0.0,True,True,Optimization terminated successfully,False,False,0,Optimization terminated successfully,5,-0.008733033858972662,0.13000000000000123,-0.16000000000000006,0.0,-1.2212453270876722e-15,-5.551115123125783e-17,0.45591531898914184,KODEX200,0,0.008852117872957744,0.002429372584138837,0.01255238985322608,0.004004882805537233,0.0,-3.943334734291715e-05,0.00015899661816475675,-8.040113040948085e-06
