target_month,technical_signal_month,technical_signal_date_KODEX200,k_ratio_KODEX200,k_score_KODEX200,natr_KODEX200,atr_percentile_KODEX200,technical_direction_KODEX200,technical_signal_date_BOND,k_ratio_BOND,k_score_BOND,natr_BOND,atr_percentile_BOND,technical_direction_BOND,technical_signal_date_GLD,k_ratio_GLD,k_score_GLD,natr_GLD,atr_percentile_GLD,technical_direction_GLD,technical_signal_date_USO,k_ratio_USO,k_score_USO,natr_USO,atr_percentile_USO,technical_direction_USO
2006-11,2006-10,2006-10-31,0.09985762999968988,0.09079141452127584,0.011684921870409155,0.005095923261390888,0.09079141452127584,2006-10-31,6.098481535069844,0.8591248008381048,0.000358633215425678,0.10652173913043478,0.8591248008381048,2006-10-31,-0.7523047106964789,-0.42932299736697305,0.018685208945063262,0.6182008368200836,-0.42932299736697305,2006-10-31,-1.1720729301992507,-0.5396103021696113,0.030697365057229923,0.8565891472868217,-0.5396103021696113
2006-12,2006-11,2006-11-30,2.241971577190583,0.6915457226597351,0.00943628208607981,0.0026627218934911242,0.6915457226597351,2006-11-30,3.1776163463312312,0.7606290484576937,0.0003494883361496459,0.075,0.7606290484576937,2006-11-30,-0.16875486176625645,-0.14438858591033296,0.013952548371497989,0.3657314629258517,-0.14438858591033296,2006-11-30,-2.063011229765692,-0.6735238871205523,0.022733201130992912,0.19,-0.6735238871205523
2007-01,2006-12,2006-12-28,2.5901520749651388,0.7214602671086823,0.010762644263273866,0.014335868929198362,0.7214602671086823,2006-12-31,1.7717717268103288,0.6392199291423,0.0004119220868666736,0.34536082474226804,0.6392199291423,2006-12-29,-0.4588988183209633,-0.31455150457185704,0.017419472759846656,0.5635838150289018,-0.31455150457185704,2006-12-29,-2.533939754955442,-0.7170296979178106,0.024625359981957896,0.42058823529411765,-0.7170296979178106
2007-02,2007-01,2007-01-31,1.0137471896322452,0.5034133355227067,0.013040237371063888,0.08347775852108608,0.5034133355227067,2007-01-31,1.8400197095627933,0.6478897675840619,0.0003144146530852844,0.06987577639751552,0.6478897675840619,2007-01-31,-0.04524762005174083,-0.04328890033684173,0.015161844769290063,0.39053803339517623,-0.04328890033684173,2007-01-31,-2.4982929607203888,-0.7141462961426552,0.03427603386831596,0.9342105263157895,-0.7141462961426552
2007-03,2007-02,2007-02-28,0.9086228653034734,0.4760620245210157,0.013668693604777982,0.118,0.4760620245210157,2007-02-28,1.7082025066759898,0.6307513941313841,0.0003767848898529697,0.2357142857142857,0.6307513941313841,2007-02-28,0.9124430309933242,0.477108607266278,0.02439109798766233,0.8969534050179212,0.477108607266278,2007-02-28,-1.5860361015214677,-0.6133077958920757,0.03395336390065597,0.8779904306220095,-0.6133077958920757
2007-04,2007-03,2007-03-30,0.8129015748585047,0.4483980741877567,0.012901845268956071,0.08272162619988707,0.4483980741877567,2007-03-31,2.6956086178922765,0.7294085755838691,0.0003889424579796718,0.2952755905511811,0.7294085755838691,2007-03-30,1.505352277242062,0.6008545348757028,0.016910834599496907,0.5094827586206897,0.6008545348757028,2007-03-30,-0.7213398443476804,-0.4190571935671655,0.024097684693594662,0.2748917748917749,-0.4190571935671655
2007-05,2007-04,2007-04-30,1.0001765477274474,0.5000441330360683,0.011724600029773026,0.04045758928571429,0.5000441330360683,2007-04-30,2.8300486770452937,0.7389067125978529,0.0003053036792448356,0.045012165450121655,0.7389067125978529,2007-04-30,1.5485448240860982,0.6076192223306892,0.01283928679203239,0.2775,0.6076192223306892,2007-04-30,-0.21613072682270207,-0.17771997866329006,0.02307369556595273,0.19322709163346613,-0.17771997866329006
2007-06,2007-05,2007-05-31,1.5553404276205087,0.6086627092065444,0.01157408661756064,0.04605626034197463,0.6086627092065444,2007-05-31,1.572580073755137,0.6112851801186804,0.0002554774641703125,0.026018099547511313,0.6112851801186804,2007-05-31,1.1671883611357556,0.5385726418925897,0.016360372661380844,0.47508038585209006,0.5385726418925897,2007-05-31,-0.04930340141447405,-0.0469867927122055,0.024449051569690114,0.34615384615384615,-0.0469867927122055
2007-07,2007-06,2007-06-29,2.748144686640411,0.7332013346324862,0.015602243536713007,0.24686306601200217,0.7332013346324862,2007-06-30,0.8785574893328666,0.4676766584582244,0.0004940101738621544,0.7786016949152542,0.4676766584582244,2007-06-29,0.531982754484837,0.34725113773472466,0.013731274074013975,0.307153965785381,0.34725113773472466,2007-06-29,0.6770499067038963,0.403714823272363,0.021499364860719766,0.09013605442176871,0.403714823272363
2007-08,2007-07,2007-07-31,3.549184059000888,0.7801803604711425,0.02029463554417844,0.4716828478964401,0.7801803604711425,2007-07-31,0.8301079034189849,0.4535841312242779,0.0005597297212566223,0.8876739562624254,0.4535841312242779,2007-07-31,-0.04383488688782631,-0.04199408109314988,0.013406582409900671,0.3049698795180723,-0.04199408109314988,2007-07-31,0.8592778107243471,0.46215676095740915,0.021084714683292784,0.11587301587301588,0.46215676095740915
2007-09,2007-08,2007-08-31,2.2367287237817655,0.6910460884001398,0.02680910901846555,0.6495202558635395,0.6910460884001398,2007-08-31,1.5790437359193883,0.6122593866584757,0.0005267299027535842,0.8211610486891385,0.6122593866584757,2007-08-31,-0.0038730346574552444,-0.003858092132912818,0.012567948998303567,0.24818049490538574,-0.003858092132912818,2007-08-31,1.0164061006745904,0.504068153897447,0.021977473979113833,0.16124260355029585,0.504068153897447
2007-10,2007-09,2007-09-28,1.711422880179549,0.6311899529542288,0.02000715853467995,0.44928684627575277,0.6311899529542288,2007-09-30,2.065893114899593,0.6738307688744232,0.00033954532202368703,0.1675531914893617,0.6738307688744232,2007-09-28,0.47405526033467627,0.321599381713169,0.014225038569533227,0.37322946175637395,0.321599381713169,2007-09-28,1.6658286367054165,0.6248821149900102,0.022009216371837947,0.20868347338935575,0.6248821149900102
2007-11,2007-10,2007-10-31,1.4914831575054606,0.5986326469887813,0.02126204294562576,0.5109660574412532,0.5986326469887813,2007-10-31,2.1926020969009907,0.6867758744596815,0.0004175488363545142,0.4764705882352941,0.6867758744596815,2007-10-31,1.4656290190458514,0.5944239817606544,0.016120385566232916,0.50960219478738,0.5944239817606544,2007-10-31,2.9837487628526023,0.7489801542394605,0.024408604073892445,0.49605263157894736,0.7489801542394605
2007-12,2007-11,2007-11-30,0.71317945486868,0.41628998809313134,0.029391376995821686,0.7612287041817243,0.41628998809313134,2007-11-30,1.2183160330142175,0.5492076038231515,0.0011873568690188778,0.9992,0.5492076038231515,2007-11-30,2.8711204713879783,0.7416768588342452,0.021960457316420122,0.8366666666666667,0.7416768588342452,2007-11-30,2.9256623058589226,0.7452659138541966,0.029212640711159775,0.814214463840399,0.7452659138541966
2008-01,2007-12,2007-12-28,0.3594103925258114,0.26438696842534787,0.022928488413166467,0.5593350383631713,0.26438696842534787,2007-12-31,0.23551060315436323,0.19061803480527378,0.0004920369778255284,0.7004573170731707,0.19061803480527378,2007-12-31,4.1109161965234975,0.8043403645162073,0.01830295132010287,0.6603896103896104,0.8043403645162073,2007-12-31,2.7681092436688437,0.7346149128557792,0.027670669044391864,0.7446555819477435,0.7346149128557792
2008-02,2008-01,2008-01-31,-0.2589964589124655,-0.20571659044711638,0.03198031298750349,0.8302984319676278,-0.20571659044711638,2008-01-31,0.550730089063212,0.35514245383341025,0.001220199001256808,0.9890829694323144,0.35514245383341025,2008-01-31,4.055398096595622,0.8021916413123994,0.018885301995187714,0.6934260429835651,0.8021916413123994,2008-01-31,2.3800356438288968,0.7041451317752371,0.02565622222029904,0.5780542986425339,0.7041451317752371
2008-03,2008-02,2008-02-29,-0.8484578991767874,-0.45900850625521356,0.0225680967994807,0.5365914786967418,-0.45900850625521356,2008-02-29,1.273067448794338,0.5600658482305874,0.0007330368984767514,0.8847765363128491,0.5600658482305874,2008-02-29,4.171558302997312,0.8066346850579981,0.017060203444032654,0.5406905055487053,0.8066346850579981,2008-02-29,1.8142624182021019,0.6446671093881671,0.023382894653485663,0.3170995670995671,0.6446671093881671
2008-04,2008-03,2008-03-31,-2.0330373308560126,-0.6702974968930664,0.020089391091889217,0.43179563492063494,-0.6702974968930664,2008-03-31,2.558585932107816,0.7189895033930847,0.0009450478989233299,0.9310575635876841,0.7189895033930847,2008-03-31,4.011351196514248,0.8004530193981273,0.023744478795256437,0.9031287605294825,0.8004530193981273,2008-03-31,1.7714982814813305,0.639184333368768,0.035849014305759125,0.9865145228215768,0.639184333368768
2008-05,2008-04,2008-04-30,-0.830254979051554,-0.45362804011154534,0.014931695910815881,0.19317623956799215,-0.45362804011154534,2008-04-30,1.9921269275226017,0.6657895790443715,0.0004904314970140751,0.5939510939510939,0.6657895790443715,2008-04-30,2.0482970758998014,0.6719479843660519,0.020746347026885707,0.7778429073856975,0.6719479843660519,2008-04-30,1.8183355956300176,0.6451806514630286,0.025183456975437526,0.5128968253968254,0.6451806514630286
2008-06,2008-05,2008-05-30,-0.0720021872513384,-0.06716608240880109,0.016505460115644226,0.2808852140077821,-0.06716608240880109,2008-05-31,1.1820147821506863,0.5417079626681733,0.0007328234731776976,0.8409653465346535,0.5417079626681733,2008-05-30,1.4038744807424302,0.584004902081596,0.01968156548397755,0.7145308924485125,0.584004902081596,2008-05-30,2.84928749484002,0.7402116621996921,0.02935467194590915,0.8028571428571428,0.7402116621996921
2008-07,2008-06,2008-06-30,0.2892022291491131,0.2243265041047824,0.018759230342645136,0.38511560693641617,0.2243265041047824,2008-06-30,0.00038138987277704756,0.00038124446999713836,0.0009880392698040103,0.9457040572792362,0.00038124446999713836,2008-06-30,0.7937752320306602,0.4425165527188485,0.020039779035614345,0.7335195530726257,0.4425165527188485,2008-06-30,3.9049241488939295,0.7961232488731753,0.03309835511688491,0.8891941391941391,0.7961232488731753
2008-08,2008-07,2008-07-31,-0.0810610645746081,-0.07498287305953916,0.02357065159306474,0.579561696045736,-0.07498287305953916,2008-07-31,-0.9417294718221978,-0.48499519911928857,0.0009827217803715996,0.929228998849252,-0.48499519911928857,2008-07-31,0.5673757928264207,0.3619909120857877,0.02041342914413393,0.747546346782988,0.3619909120857877,2008-07-31,2.256077671738471,0.6928820191607763,0.03823185044571952,0.983274647887324,0.6928820191607763
2008-09,2008-08,2008-08-29,-0.5974725670524551,-0.374011159487308,0.02139287741105553,0.5,-0.374011159487308,2008-08-31,-0.372378001108103,-0.27133778070431963,0.0007660991669582815,0.785,-0.27133778070431963,2008-08-29,-0.3055573579683919,-0.23404361064907694,0.024801786334751642,0.92590618336887,-0.23404361064907694,2008-08-29,0.7266090543314304,0.4208300961405445,0.039114408294238796,0.9770797962648556,0.4208300961405445
2008-10,2008-09,2008-09-30,-1.8997546699483283,-0.655143240094232,0.03118750140906195,0.8292056074766355,-0.655143240094232,2008-09-30,0.7684416921895197,0.434530409220395,0.0014706619558306536,0.9962365591397849,0.434530409220395,2008-09-30,0.047888352428357275,0.045699861361548376,0.03709592676262878,0.9994786235662148,0.045699861361548376,2008-09-30,-0.021881927460757747,-0.021413361830491962,0.04907000257867401,0.9975409836065574,-0.021413361830491962
2008-11,2008-10,2008-10-31,-2.191430483586356,-0.6866608860374567,0.0758125335560217,0.9988436632747456,-0.6866608860374567,2008-10-31,1.9830878881148641,0.6647768897509952,0.0015332699764128773,0.9911550468262227,0.6647768897509952,2008-10-31,0.42042047813719047,0.2959831152874891,0.06568099582545799,0.9984725050916496,0.2959831152874891,2008-10-31,-1.308084551952384,-0.5667403089050136,0.07585381288807043,0.9976303317535545,-0.5667403089050136
2008-12,2008-11,2008-11-28,-2.37288823070343,-0.7035181922433742,0.058940807713445266,0.9878551787351054,-0.7035181922433742,2008-11-30,1.773003019931653,0.6393801258735567,0.0013925785820992538,0.9540867810292634,0.6393801258735567,2008-11-28,0.6649134422018439,0.3993681745535657,0.03976241850690802,0.9655344655344655,0.3993681745535657,2008-11-28,-2.1276459957760885,-0.6802707207431697,0.07477233112887728,0.9808282208588958,-0.6802707207431697
2009-01,2008-12,2008-12-30,-1.8028018212900765,-0.6432141607715529,0.03910475772105594,0.9130730821606899,-0.6432141607715529,2008-12-31,1.7783726761773684,0.6400770823243724,0.001449329342168093,0.9398238747553816,0.6400770823243724,2008-12-31,0.9903427477504045,0.49757397255811575,0.03403264220596655,0.9379276637341154,0.49757397255811575,2008-12-31,-2.3722820675661436,-0.7034649000397158,0.09213724364346378,0.9888724035608308,-0.7034649000397158
2009-02,2009-01,2009-01-30,-1.2698367478636379,-0.5594396817563217,0.03359364817699079,0.8364086408640864,-0.5594396817563217,2009-01-31,2.778920349799284,0.7353741525530925,0.0012686462196884719,0.8779677113010447,0.7353741525530925,2009-01-30,1.479574980716319,0.5967050773713194,0.02759429312580015,0.889261744966443,0.5967050773713194,2009-01-30,-2.9641069348193643,-0.7477363712829387,0.07852538227953444,0.9373198847262247,-0.7477363712829387
2009-03,2009-02,2009-02-27,-0.7469034681813183,-0.42755852385988513,0.03776597779509309,0.901650312221231,-0.42755852385988513,2009-02-28,2.0561607888033273,0.6727920848720919,0.0013573784266476346,0.8802035152636448,0.6727920848720919,2009-02-27,1.5316377406599933,0.604998778482698,0.02746082954331606,0.8837099811676082,0.604998778482698,2009-02-27,-3.806542310605626,-0.7919502346221936,0.05983081933261547,0.8660589060308556,-0.7919502346221936
2009-04,2009-03,2009-03-31,-0.14754888381865755,-0.12857742785445825,0.027056882336219383,0.6446554770318021,-0.12857742785445825,2009-03-31,1.4018698746164624,0.5836577116153376,0.0010050702944887585,0.7738309352517986,0.5836577116153376,2009-03-31,1.3326195752439305,0.5712974328891901,0.031146326263728222,0.9017527675276753,0.5712974328891901,2009-03-31,-1.9195574953892667,-0.6574823405330233,0.05506446773973887,0.8442176870748299,-0.6574823405330233
2009-05,2009-04,2009-04-30,0.8334389378116358,0.4545768722499237,0.025187934076956495,0.6012685914260717,0.4545768722499237,2009-04-30,1.6280198829164851,0.6194853750915177,0.0009503879685713344,0.7412434325744308,0.6194853750915177,2009-04-30,0.7824019968201685,0.4389593358939146,0.028819846790790988,0.8755656108597285,0.4389593358939146,2009-04-30,-1.3039119059240198,-0.5659556264157877,0.04803255712117949,0.8115079365079365,-0.5659556264157877
2009-06,2009-05,2009-05-29,1.2541533332631327,0.5563744554358283,0.023037550481248153,0.5212581344902386,0.5563744554358283,2009-05-31,2.2619614225274645,0.6934359820769522,0.0006633952286210923,0.5545609548167093,0.6934359820769522,2009-05-29,0.15638484495347366,0.1352359862168253,0.01656311029501453,0.356,0.1352359862168253,2009-05-29,-0.5846336358375834,-0.36893930724155427,0.03203202976659351,0.6101804123711341,-0.36893930724155427
2009-07,2009-06,2009-06-30,1.4462612962428443,0.5912129249905247,0.019189412490765737,0.3637730984099699,0.5912129249905247,2009-06-30,1.0322641047374201,0.5079379704296821,0.0008235063094239598,0.6438071487946799,0.5079379704296821,2009-06-30,-0.2400538874045946,-0.19358343201279912,0.01562067854270982,0.2977332170880558,-0.19358343201279912,2009-06-30,0.44199561086853356,0.3065166131832493,0.03189336264911576,0.6083959899749374,0.3065166131832493
2009-08,2009-07,2009-07-31,1.9376835215030552,0.6595957349795278,0.01421584126086473,0.1295744680851064,0.6595957349795278,2009-07-31,0.6919985666919269,0.4089829508809055,0.0007765563050208417,0.6000810372771475,0.4089829508809055,2009-07-31,-0.9476420310017402,-0.4865586262349939,0.013314892940773123,0.1869118905047049,-0.4865586262349939,2009-07-31,0.8328487270550331,0.4544012360437567,0.03466137417572963,0.6798780487804879,0.4544012360437567
2009-09,2009-08,2009-08-31,2.54388753481731,0.7178240025465281,0.014374802946063279,0.14107971320118093,0.7178240025465281,2009-08-31,0.11914050175278915,0.10645714418001334,0.0007640433855331376,0.5869565217391305,0.10645714418001334,2009-08-31,-0.7003640210482929,-0.41189063775679685,0.014060340248384621,0.23739495798319327,-0.41189063775679685,2009-08-31,0.7663917539861372,0.4338741687718227,0.03210829475947715,0.6153388822829964,0.4338741687718227
2009-10,2009-09,2009-09-30,2.9712928079104968,0.7481928308061092,0.014670681376259652,0.16610948600083578,0.7481928308061092,2009-09-30,0.6254514140463765,0.38478628683793525,0.0006866503405208724,0.5285714285714286,0.38478628683793525,2009-09-30,0.22102474942817965,0.18101578164708632,0.01881771909566891,0.5495458298926507,0.18101578164708632,2009-09-30,0.5482888638677313,0.3541256910535856,0.0354591356940065,0.7175174013921114,0.3541256910535856
2009-11,2009-10,2009-10-30,2.4583935384353945,0.710848407248526,0.018726860473186377,0.3643330571665286,0.710848407248526,2009-10-31,0.8378146507723132,0.45587548799887656,0.0006973080591722411,0.5426093514328808,0.45587548799887656,2009-10-30,0.5881033925668279,0.3703180758377987,0.015591896788746954,0.3167072181670722,0.3703180758377987,2009-10-30,0.1699963504585827,0.14529647925136882,0.030756344252818108,0.541289592760181,0.14529647925136882
2009-12,2009-11,2009-11-30,1.387909540521756,0.5812236673833546,0.018690862436349927,0.3677618069815195,0.5812236673833546,2009-11-30,2.191780183396898,0.6866952162928289,0.0007486769934463071,0.5859144542772862,0.6866952162928289,2009-11-30,1.0329769255456966,0.5081105016813816,0.013881435400678353,0.2286512370311253,0.5081105016813816,2009-11-30,-0.08905885995009251,-0.08177598404017736,0.029693018786278457,0.514933628318584,-0.08177598404017736
2010-01,2009-12,2009-12-30,0.9808268389200032,0.4951603136873765,0.01272114576868006,0.07105048859934854,0.4951603136873765,2009-12-31,2.643660897358587,0.7255507501466633,0.000600441868430113,0.4459264599855804,0.7255507501466633,2009-12-31,1.5428128661010552,0.6067347254171638,0.0180918619356724,0.5070588235294118,0.6067347254171638,2009-12-31,0.08238887910601578,0.07611763267012105,0.024022335716566444,0.18952483801295897,0.07611763267012105
2010-02,2010-01,2010-01-29,0.7699983616468498,0.4350277256360986,0.01676555718236961,0.2873586429725363,0.4350277256360986,2010-01-31,2.692053546880358,0.7291480236398626,0.0005778269048291038,0.42912552891396333,0.7291480236398626,2010-01-29,1.1169206999029342,0.5276157486457322,0.01846830803114398,0.5351622874806801,0.5276157486457322,2010-01-29,-0.26549653266668105,-0.20979633354444766,0.024497300039347445,0.24708994708994708,-0.20979633354444766
2010-03,2010-02,2010-02-26,0.17239702041247557,0.1470466210770669,0.01671804116337001,0.2895791583166333,0.1470466210770669,2010-02-28,2.956644246454016,0.7472605729220639,0.0005181697799849077,0.3724066390041494,0.7472605729220639,2010-02-26,0.6086648436510078,0.37836647332305023,0.015977908269541746,0.34691546077684693,0.37836647332305023,2010-02-26,-0.20113743479000487,-0.16745580394400894,0.025637607894900157,0.3283195020746888,-0.16745580394400894
2010-04,2010-03,2010-03-31,0.4414070784784894,0.30623346108749994,0.011386621985032487,0.02721493841875248,0.30623346108749994,2010-03-31,2.5674807500375607,0.7196901482959729,0.0009339879733437074,0.7755585646580907,0.7196901482959729,2010-03-31,0.08719530583915283,0.08020206247289768,0.014308126780379462,0.23989520958083832,0.08020206247289768,2010-03-31,-0.24759901405760862,-0.19846041177311768,0.021166998808294236,0.057244174265450865,-0.19846041177311768
2010-05,2010-04,2010-04-30,0.9466980556795006,0.48630965285936595,0.01260815022438102,0.07896809767625049,0.48630965285936595,2010-04-30,5.177908555778583,0.8381329229833553,0.0006377497510635312,0.4787657597876576,0.8381329229833553,2010-04-30,-0.44123254504684667,-0.306149445877594,0.012892644536236028,0.15659543109801033,-0.306149445877594,2010-04-30,-0.038433458614983575,-0.03701099795671493,0.02133721383705757,0.07688492063492064,-0.03701099795671493
2010-06,2010-05,2010-05-31,0.3103707236986797,0.23685718711924578,0.019386338502312025,0.42865519937451135,0.23685718711924578,2010-05-31,2.1071314500505554,0.6781597379847804,0.0005044955138623889,0.3325747724317295,0.6781597379847804,2010-05-28,0.341428858052011,0.2545262508723909,0.026034344664406104,0.855119825708061,0.2545262508723909,2010-05-28,-0.17851531891125028,-0.1514747547585282,0.03348439386725625,0.6960116731517509,-0.1514747547585282
2010-07,2010-06,2010-06-30,0.2088793317257241,0.17278757791941105,0.013915223096711865,0.13590538968592478,0.17278757791941105,2010-06-30,1.375813934897168,0.579091617692998,0.00045542093376816674,0.26371173469387754,0.579091617692998,2010-06-30,1.3875850022881304,0.5811667442031782,0.02070493806039997,0.687276626161544,0.5811667442031782,2010-06-30,-0.4508357325322667,-0.3107420932798401,0.030121323544944737,0.5595238095238095,-0.3107420932798401
2010-08,2010-07,2010-07-30,0.6676781178120585,0.4003639015711445,0.011181718625409334,0.025951557093425604,0.4003639015711445,2010-07-31,1.8163092344057494,0.6449253555741,0.0003955872477849445,0.15853658536585366,0.6449253555741,2010-07-30,1.4598502802596276,0.5934711929319317,0.01731757435952789,0.446830985915493,0.5934711929319317,2010-07-30,-0.6219038754447479,-0.3834406495108802,0.026945467486608213,0.42250233426704015,-0.3834406495108802
2010-09,2010-08,2010-08-31,0.5129551412384232,0.33904187061259855,0.012442758369304025,0.0787266488753336,0.33904187061259855,2010-08-31,1.8693240451471074,0.6514858606885822,0.0005371696386869665,0.40153374233128836,0.6514858606885822,2010-08-31,1.1503653477025322,0.534962744322304,0.0120293702381447,0.11685159500693482,0.534962744322304,2010-08-31,-1.0113614331608964,-0.502824314161936,0.026593395686868214,0.40759377859103385,-0.502824314161936
2010-10,2010-09,2010-09-30,0.7146282739057633,0.41678320880473224,0.009241704562305185,0.0017032551097653293,0.41678320880473224,2010-09-30,3.0868123495845636,0.755310517229485,0.0007270909015043191,0.6009036144578314,0.755310517229485,2010-09-30,0.8402199302290304,0.45658669185506434,0.010696518865636384,0.09125085440874915,0.45658669185506434,2010-09-30,-1.0513495670050732,-0.5125160450054455,0.0235419075112281,0.1862657091561939,-0.5125160450054455
2010-11,2010-10,2010-10-29,1.9654768587193696,0.6627861056950394,0.011916593646319796,0.06702966579046188,0.6627861056950394,2010-10-31,4.325846343094421,0.8122364154766469,0.0009357498478919155,0.7998225901833235,0.8122364154766469,2010-10-29,0.4945501322958582,0.330902337505503,0.015229005175455008,0.3204177897574124,0.330902337505503,2010-10-29,-0.4985877496518348,-0.3327050750065661,0.02428881022063763,0.23920704845814977,-0.3327050750065661
2010-12,2010-11,2010-11-30,2.9714756135194054,0.7482044214004806,0.014269242962212051,0.18677839851024208,0.7482044214004806,2010-11-30,1.4378864008630416,0.5898086146893523,0.0008108362420033901,0.6772225450319581,0.5898086146893523,2010-11-30,0.5910001102179723,0.3714645312859239,0.019666237355665663,0.6408637873754153,0.3714645312859239,2010-11-30,-0.38181591996567654,-0.2763146048969827,0.025634448651347307,0.3663494809688581,-0.2763146048969827
2011-01,2010-12,2010-12-30,3.352047155600456,0.7702230779569692,0.009185590081094023,0.003878832656076838,0.7702230779569692,2010-12-31,0.7796437447312401,0.43808978456470854,0.0005968207601766366,0.4346461187214612,0.43808978456470854,2010-12-31,2.2400795655370547,0.6913656039078637,0.015564296033146258,0.3349705304518664,0.6913656039078637,2010-12-31,0.41251167870569494,0.29204125171105516,0.021400863634855903,0.08361629881154499,0.29204125171105516
2011-02,2011-01,2011-01-31,4.048635941548128,0.8019266963239664,0.010924171827861234,0.040139296187683284,0.8019266963239664,2011-01-31,-0.22258293604862137,-0.18205958016067827,0.0004796920227013712,0.2879977565900168,-0.18205958016067827,2011-01-31,0.9917407049764974,0.4979266138903357,0.01620099510163229,0.3926955397543633,0.4979266138903357,2011-01-31,0.8385705858912669,0.4560992068111221,0.023300310903384986,0.20242070116861435,0.4560992068111221
2011-03,2011-02,2011-02-28,2.2396414462355434,0.6913238651264948,0.014464056920181283,0.21366120218579235,0.6913238651264948,2011-02-28,-0.003667302478449751,-0.0036539025127088802,0.0004723353448087657,0.2824406405300939,-0.0036539025127088802,2011-02-28,0.46486425756841715,0.3173428904191182,0.012759948722979201,0.14910600255427842,0.3173428904191182,2011-02-28,0.8783495730826342,0.46761773509557103,0.026921662722393446,0.4835661462612983,0.46761773509557103
2011-04,2011-03,2011-03-31,1.2034920787643535,0.5461749058972032,0.013971428593993033,0.18341163715215034,0.5461749058972032,2011-03-31,0.44434758276720243,0.307645879751385,0.0005745930848072409,0.42643865363735073,0.307645879751385,2011-03-31,0.4168257474134849,0.2941969033061614,0.01149728349405037,0.1091881686595343,0.2941969033061614,2011-03-31,1.0170680323462673,0.5042309015046988,0.020894549887379217,0.06411290322580646,0.5042309015046988
2011-05,2011-04,2011-04-29,1.2182195103589661,0.5491879882355855,0.01318919964741091,0.15046628407460544,0.5491879882355855,2011-04-30,1.5983802568108274,0.6151448590410052,0.0004733001538939991,0.2844551282051282,0.6151448590410052,2011-04-29,0.40746485061112053,0.2895026830930801,0.011671661830102209,0.12088253573648229,0.2895026830930801,2011-04-29,1.1402646253612454,0.5327680567391452,0.01979004273111461,0.021031746031746033,0.5327680567391452
2011-06,2011-05,2011-05-31,0.872124830942508,0.4658475848020471,0.01700158493443652,0.37446581196581197,0.4658475848020471,2011-05-31,3.7470695048898337,0.7893437205901608,0.00048203873531656204,0.3087230688386758,0.7893437205901608,2011-05-31,0.5877082786590853,0.37016137445314584,0.014566163533584146,0.2929447852760736,0.37016137445314584,2011-05-31,0.39876402659277443,0.2850831298286366,0.029481038587111336,0.5991412958626073,0.2850831298286366
2011-07,2011-06,2011-06-30,0.3579051193169506,0.26357152221134783,0.016304624439904436,0.3289148108872393,0.26357152221134783,2011-06-30,3.451817459547874,0.7753726407053627,0.0004009285543175115,0.15028453181583032,0.7753726407053627,2011-06-30,1.491117304636192,0.5985737009899492,0.012972138342378363,0.19098062953995157,0.5985737009899492,2011-06-30,-0.0866325906344464,-0.07972574297984628,0.02831127013225242,0.5460475825019186,-0.07972574297984628
2011-08,2011-07,2011-07-29,0.5705127251215125,0.36326526744784654,0.013837143883028957,0.18087719298245614,0.36326526744784654,2011-07-31,3.1924427046227444,0.761475571533187,0.0004567224799327486,0.2675661914460285,0.761475571533187,2011-07-29,1.5452692996098714,0.6071142648232641,0.013454846328932166,0.23654306220095694,0.6071142648232641,2011-07-29,-0.5507667758497615,-0.3551577093518541,0.026220885172707223,0.4349962207105064,-0.3551577093518541
2011-09,2011-08,2011-08-31,-0.4672205213849737,-0.31843919477349175,0.03164794321341286,0.8368732590529248,-0.31843919477349175,2011-08-31,2.8309096876847115,0.7389653942470331,0.0005827054568026544,0.4598997493734336,0.7389653942470331,2011-08-31,1.2916800836533868,0.5636389183930925,0.02646501102161037,0.8864306784660767,0.5636389183930925,2011-08-31,-2.341631719560969,-0.7007450000709886,0.0334410295309114,0.7410846953937593,-0.7007450000709886
2011-10,2011-09,2011-09-30,-1.396271148368777,-0.5826849558820862,0.034166713789289344,0.8715421853388658,-0.5826849558820862,2011-09-30,2.626536912406245,0.7242548403191381,0.0009281519765901543,0.8180246913580247,0.7242548403191381,2011-09-30,1.7673287473951615,0.6386406924217867,0.02978259933742899,0.9256993006993007,0.6386406924217867,2011-09-30,-2.127316588199896,-0.6802370429098109,0.03877718147692248,0.8533284564740308,-0.6802370429098109
2011-11,2011-10,2011-10-31,-1.3589820807076103,-0.5760883441301784,0.023712743874423438,0.6234546703296703,-0.5760883441301784,2011-10-31,1.9284146467808183,0.6585183040594024,0.0005611736796480161,0.42388132295719844,0.6585183040594024,2011-10-31,1.7352666703411117,0.6344049335872282,0.024094673463003025,0.8183649971214738,0.6344049335872282,2011-10-31,-0.8997528633263068,-0.4736157427081939,0.03368152019174192,0.7460374639769453,-0.4736157427081939
2011-12,2011-11,2011-11-30,-0.9196943367108473,-0.4790837369904559,0.022508507621051856,0.5829925017041582,-0.4790837369904559,2011-11-30,1.656841303804155,0.6236131986625748,0.0005012705773296106,0.337248322147651,0.6236131986625748,2011-11-30,1.4778915950393623,0.5964310940793539,0.02045941974280224,0.7010807736063709,0.5964310940793539,2011-11-30,0.10347912421599753,0.09377533470741245,0.026268179164704638,0.4134137686302342,0.09377533470741245
2012-01,2011-12,2011-12-29,-0.5117102318791692,-0.33849756460474245,0.019945942336306026,0.49153976311336717,-0.33849756460474245,2011-12-31,1.899462458408161,0.6551084849882789,0.0003940252256223763,0.13438828530940009,0.6551084849882789,2011-12-30,0.5789596904739459,0.36667160914042296,0.020446788239220137,0.6973018549747049,0.36667160914042296,2011-12-30,0.8273451111647903,0.45275799634663544,0.020880918302173073,0.06538461538461539,0.45275799634663544
2012-02,2012-01,2012-01-31,0.32218261078611543,0.24367482082868938,0.015522667632587701,0.28016806722689075,0.24367482082868938,2012-01-31,4.30644459234727,0.8115499026519267,0.000258589973115914,0.014664804469273743,0.8115499026519267,2012-01-31,-0.1631317807366617,-0.14025219105727066,0.016515497803071558,0.4271817676486937,-0.14025219105727066,2012-01-31,2.318985758492104,0.6987031362092001,0.022742016052657563,0.17896551724137932,0.6987031362092001
2012-03,2012-02,2012-02-29,1.289116647564566,0.5631502653812253,0.012892279399394323,0.12299732977303071,0.5631502653812253,2012-02-29,4.32079795342884,0.8120582648030118,0.0003171531541501702,0.054892053284336245,0.8120582648030118,2012-02-29,-0.2991095139552158,-0.23024195477143353,0.017046801394512968,0.47800989554700385,-0.23024195477143353,2012-02-29,1.710204567677827,0.6310241625572841,0.019344917275686963,0.020068027210884354,0.6310241625572841
2012-04,2012-03,2012-03-30,1.6318177498070567,0.6200344799432591,0.011074565837842484,0.04226052369903878,0.6200344799432591,2012-03-31,2.25754670875606,0.6930205183821097,0.000459906508903319,0.29506340579710144,0.6930205183821097,2012-03-30,-0.288695287520604,-0.22402137286933185,0.015232477321911565,0.3294405214557306,-0.22402137286933185,2012-03-30,1.3322508984580992,0.5712296645866355,0.02158644271838599,0.12365951742627346,0.5712296645866355
2012-05,2012-04,2012-04-30,1.5474319646547792,0.6074478086658078,0.01061957436598326,0.029140599275600924,0.6074478086658078,2012-04-30,2.097550502744843,0.6771642628219083,0.0003307536132966942,0.07171581769436998,0.6771642628219083,2012-04-30,-0.4583612617059755,-0.31429884606903874,0.013015069496272524,0.17490596453519613,-0.31429884606903874,2012-04-30,0.7664695180603733,0.4338990909404288,0.018235970537605097,0.007605820105820105,0.4338990909404288
2012-06,2012-05,2012-05-31,0.48400560292759837,0.32614809672737605,0.015130755462276954,0.2791039895356442,0.32614809672737605,2012-05-31,2.316245956204877,0.6984542120197853,0.0003617404011695125,0.11480828558836492,0.6984542120197853,2012-05-31,-0.4615339044606252,-0.3157873403087101,0.015844597966825358,0.38369622942113646,-0.3157873403087101,2012-05-31,-0.29441066900191804,-0.2274476532466543,0.023792494146157923,0.2832464146023468,-0.2274476532466543
2012-07,2012-06,2012-06-29,-0.16530606671673773,-0.14185635125241333,0.01633888966078651,0.34649122807017546,-0.14185635125241333,2012-06-30,3.901402919991112,0.795976781275959,0.000502653766168041,0.3916920400173989,0.795976781275959,2012-06-29,-0.6551324265324192,-0.3958187369363264,0.019290272224221684,0.6457457983193278,-0.3958187369363264,2012-06-29,-1.0279752835719258,-0.5068973433252728,0.032771290080759644,0.7392282958199357,-0.5068973433252728
2012-08,2012-07,2012-07-31,-1.3879251473576828,-0.5812264043927288,0.01718005804461289,0.40080645161290324,-0.5812264043927288,2012-07-31,3.073663422849279,0.7545207111635744,0.0007867000417980041,0.7118025751072962,0.7545207111635744,2012-07-31,-1.115972224050147,-0.5274040043465614,0.01845560060955552,0.581038961038961,-0.5274040043465614,2012-07-31,-1.412743859177452,-0.5855341228219236,0.02848223463277532,0.5631345177664975,-0.5855341228219236
2012-09,2012-08,2012-08-31,-0.789702032640929,-0.4412477709910319,0.013545758477737799,0.17184497117232544,-0.4412477709910319,2012-08-31,3.305648071471966,0.7677469260375172,0.0006709112767267632,0.5893689114781873,0.7677469260375172,2012-08-31,-0.482890955989976,-0.3256415814253845,0.014428023973572457,0.2790041067761807,-0.3256415814253845,2012-08-31,-1.00693944480712,-0.5017288625287314,0.02171734253251985,0.1316447779862414,-0.5017288625287314
2012-10,2012-09,2012-09-28,-0.1685035719608053,-0.14420458439681805,0.012203494972598997,0.09691279439847231,-0.14420458439681805,2012-09-30,2.734044842784275,0.7321938964036774,0.000552215224965682,0.45148473442074444,0.7321938964036774,2012-09-28,0.35050998679687395,0.2595389817354924,0.01388906340630872,0.24224707676664972,0.2595389817354924,2012-09-28,-0.5084193156822135,-0.33705436571678377,0.023945695400738633,0.2920271940667491,-0.33705436571678377
2012-11,2012-10,2012-10-31,0.4005735172525138,0.28600677673694236,0.012216801747371999,0.102592475497945,0.28600677673694236,2012-10-31,1.9148792904688643,0.6569326204107931,0.00041006028745307194,0.19880264244426094,0.6569326204107931,2012-10-31,0.7695443973563446,0.43488278593406576,0.011286526023324356,0.08777665995975856,0.43488278593406576,2012-10-31,-0.21872445168540805,-0.17946997894637126,0.025024621369276294,0.37431360585723,-0.17946997894637126
2012-12,2012-11,2012-11-30,0.436120951189944,0.30367981946686456,0.010928879770407846,0.038461538461538464,0.30367981946686456,2012-11-30,2.8512853754127856,0.7403464291729307,0.00033476917786409954,0.07728384991843393,0.7403464291729307,2012-11-30,0.4393753509919541,0.3052541859141578,0.014301297619168348,0.2819810851169736,0.3052541859141578,2012-11-30,-0.2379043941677671,-0.1921831728594099,0.023744585297877728,0.27018072289156625,-0.1921831728594099
2013-01,2012-12,2012-12-28,0.5721432366051511,0.3639256419412672,0.009044102041988536,0.00483921323758976,0.3639256419412672,2012-12-31,1.0189580570642174,0.5046950101310634,0.0003717681072581865,0.1387434554973822,0.5046950101310634,2012-12-31,0.028281752062022558,0.027503893758018077,0.013827002994180304,0.24667323804829966,0.027503893758018077,2012-12-31,-0.9064476215338465,-0.47546421485451423,0.020178677435012463,0.04732142857142857,-0.47546421485451423
2013-02,2013-01,2013-01-31,0.40174860138523955,0.2866053163800003,0.011212524450914469,0.059689922480620154,0.2866053163800003,2013-01-31,1.001909843002262,0.500477005247998,0.00045213994567772385,0.30688146380270487,0.500477005247998,2013-01-31,-0.6202201769889414,-0.382799934106224,0.013470755549562778,0.21926829268292683,-0.382799934106224,2013-01-31,-0.8711946458579113,-0.46558205357544896,0.016579800498498967,0.00029394473838918284,-0.46558205357544896
2013-03,2013-02,2013-02-28,0.5755422464466305,0.3652978825192843,0.010354279303934082,0.030672009864364982,0.3652978825192843,2013-02-28,1.3916771503329421,0.5818833658795497,0.0004756077633978498,0.3597560975609756,0.5818833658795497,2013-02-28,-1.8145931671882385,-0.6447088653316834,0.016931943195546254,0.5067665538907685,-0.6447088653316834,2013-02-28,-0.37917726050319295,-0.27493004080189815,0.020826301900333036,0.09854651162790698,-0.27493004080189815
2013-04,2013-03,2013-03-29,0.7139190708856658,0.41654187937634,0.011044977444039001,0.05805759803921569,0.41654187937634,2013-03-31,3.2900481020420393,0.7669023805294851,0.0006648941070249793,0.6111542945977458,0.7669023805294851,2013-03-28,-1.679109988822797,-0.6267417149083152,0.014121873230547552,0.26974629009095263,-0.6267417149083152,2013-03-28,0.24125360073072,0.19436286073103448,0.019145041719014468,0.03132183908045977,0.19436286073103448
2013-05,2013-04,2013-04-30,0.31952958591692954,0.24215416564145564,0.012239046777821004,0.1294887401095557,0.24215416564145564,2013-04-30,3.777479204329632,0.7906845938557427,0.0006116563138305951,0.5526315789473685,0.7906845938557427,2013-04-30,-1.196539074629326,-0.5447383515502661,0.021582566349764493,0.7828043581241118,-0.5447383515502661,2013-04-30,0.7783917905635792,0.4376942104061917,0.02311999596040777,0.26645856980703747,0.4376942104061917
2013-06,2013-05,2013-05-31,-0.31243344675660567,-0.23805660205377813,0.010556026278669002,0.035530692470517086,-0.23805660205377813,2013-05-31,1.996813853263594,0.6663122739802545,0.0006375964710020812,0.587129840546697,0.6663122739802545,2013-05-31,-1.4067298077004702,-0.5844984356779716,0.022249773849671615,0.80098452883263,-0.5844984356779716,2013-05-31,0.5986245452743574,0.37446225071667527,0.023460320734268243,0.2906390134529148,0.37446225071667527
2013-07,2013-06,2013-06-28,-0.9502809104982787,-0.48725335175202567,0.015672631258641264,0.3537282020444979,-0.48725335175202567,2013-06-30,-0.19179889479812462,-0.16093226435707753,0.001354940026675412,0.9476351351351351,-0.16093226435707753,2013-06-28,-1.6763320892655116,-0.6263542913785267,0.026007185468173502,0.8947979563399907,-0.6263542913785267,2013-06-28,0.4507124721783413,0.31068353021158396,0.0202653278477188,0.07344789356984478,0.31068353021158396
2013-08,2013-07,2013-07-31,-1.194262078839446,-0.5442659244565243,0.012630483541815425,0.1587040907733652,-0.5442659244565243,2013-07-31,-1.2700149692481308,-0.5594742706338991,0.0007697330722499767,0.7126159554730983,-0.5594742706338991,2013-07-31,-2.1813067357935316,-0.6856637592506262,0.019822127067494505,0.6834482758620689,-0.6856637592506262,2013-07-31,0.8920670362242686,0.47147750008077993,0.01856966553179694,0.024370208105147863,0.47147750008077993
2013-09,2013-08,2013-08-30,-1.0781680544863235,-0.5188069618136933,0.012550788987526538,0.15474777448071217,-0.5188069618136933,2013-08-31,-1.2280041623133193,-0.5511678043896884,0.0007967356548639478,0.7422964049889949,-0.5511678043896884,2013-08-30,-1.2473424319613962,-0.5550299830688297,0.01476935440510991,0.3038233955393719,-0.5550299830688297,2013-08-30,1.7338304845214705,0.6342128725018443,0.017693523474963307,0.018668831168831168,0.6342128725018443
2013-10,2013-09,2013-09-30,-0.16004050764128744,-0.13796113720778433,0.011018604950322005,0.057408500590318774,-0.13796113720778433,2013-09-30,0.1627955975403828,0.14000362392559632,0.0006420216045363876,0.5731132075471698,0.14000362392559632,2013-09-30,-0.8841659901686497,-0.46926119820765316,0.017365765205641724,0.5221019395579612,-0.46926119820765316,2013-09-30,1.4424957185500367,0.5905827009622601,0.01720182295367676,0.010974304068522484,0.5905827009622601
2013-11,2013-10,2013-10-31,0.45802384518453393,0.31414016080550755,0.009920140209280899,0.02244059841595776,0.31414016080550755,2013-10-31,1.9611205925148425,0.6622900119205504,0.000594850436308845,0.5168640114818801,0.6622900119205504,2013-10-31,-0.846790976539979,-0.458520204666837,0.017575473211965953,0.5368303571428571,-0.458520204666837,2013-10-31,0.30903587654246284,0.2360789968252931,0.017064455775500486,0.012956107879428873,0.2360789968252931
2013-12,2013-11,2013-11-29,1.1326987838629778,0.5311105311418192,0.01155769935155868,0.10189504373177842,0.5311105311418192,2013-11-30,1.3998940978424403,0.5833149467307649,0.00044715700047494013,0.28345757898473556,0.5833149467307649,2013-11-29,-0.934427809138548,-0.48305126959205236,0.016357656654855057,0.4303097345132743,-0.48305126959205236,2013-11-29,-0.5746474442964763,-0.36493720951817143,0.01759546991018803,0.03218210361067504,-0.36493720951817143
2014-01,2013-12,2013-12-30,1.4898592621790823,0.5983708737317076,0.010303397193074828,0.03463768115942029,0.5983708737317076,2013-12-31,0.7557083840204569,0.4304293303480925,0.00043602415621403354,0.26070926966292135,0.4304293303480925,2013-12-31,-1.3822279547404428,-0.58022489073303,0.015920936191418267,0.3895221394125384,-0.58022489073303,2013-12-31,-1.7895741367404305,-0.6415223432030801,0.012082550129351433,0.0018115942028985507,-0.6415223432030801
2014-02,2014-01,2014-01-29,0.5486742473019636,0.354286415143689,0.011508681987033425,0.09985590778097983,0.354286415143689,2014-01-31,0.7211995468772723,0.4190098400767801,0.00036845778102541284,0.12035428968391802,0.4190098400767801,2014-01-31,-1.68973137169741,-0.628215661042415,0.013959291669842833,0.2391398783666377,-0.628215661042415,2014-01-31,-1.6623671324004587,-0.6243944015721175,0.013706405605880786,0.0069124423963133645,-0.6243944015721175
2014-03,2014-02,2014-02-28,-0.17845100917316148,-0.15142844953594495,0.010130626774778655,0.02965616045845272,-0.15142844953594495,2014-02-28,1.6079201286088731,0.6165526738990186,0.00035975182321574455,0.10577915376676987,0.6165526738990186,2014-02-28,-0.6466441627671119,-0.3927042510996761,0.01087994342441128,0.06613528651443343,-0.3927042510996761,2014-02-28,-0.5974061927023246,-0.3739851488190961,0.01215316435782064,0.0032961460446247464,-0.3739851488190961
2014-04,2014-03,2014-03-31,-1.0857682315290997,-0.5205603456397028,0.009188441952540224,0.008117345485616633,-0.5205603456397028,2014-03-31,4.525373435933147,0.8190167575829893,0.0003326982949963036,0.06790333560245064,0.8190167575829893,2014-03-31,0.19447220382901134,0.1628101543138546,0.012326340760730576,0.1248932536293766,0.1628101543138546,2014-03-31,0.1884343974854067,0.15855683568576662,0.013020238856913457,0.009282488710486703,0.15855683568576662
2014-05,2014-04,2014-04-30,-0.39820531638256373,-0.28479745550732166,0.008583373506514218,0.004387206340220775,-0.28479745550732166,2014-04-30,3.827064127531881,0.7928347389676572,0.00023406226872876542,0.004548517520215634,0.7928347389676572,2014-04-30,0.4123045582420457,0.29193742655285226,0.010802028955424718,0.06199746085484553,0.29193742655285226,2014-04-30,1.1160624080314658,0.5274241458075513,0.01299312926092472,0.012164846077457795,0.5274241458075513
2014-06,2014-05,2014-05-30,0.06856616074286771,0.06416650953573196,0.008822699982659284,0.011683558558558559,0.06416650953573196,2014-05-31,3.804884862647612,0.7918784677289906,0.00038709085573008156,0.18056018672890964,0.7918784677289906,2014-05-30,0.24527094453901965,0.19696191067062538,0.011601211344126566,0.10339765100671142,0.19696191067062538,2014-05-30,0.7176503033353525,0.41780931889442874,0.012054172851161131,0.006633906633906634,0.41780931889442874
2014-07,2014-06,2014-06-30,0.5565955632570235,0.3575723690824365,0.009301776675543705,0.026183141977037243,0.3575723690824365,2014-06-30,3.8296781435812957,0.7929468651386194,0.0004013458474933936,0.21904919115219545,0.7929468651386194,2014-06-30,-0.33705862166069206,-0.25208963631082143,0.008612844621066155,0.014760914760914762,-0.25208963631082143,2014-06-30,0.7958861863400492,0.4431718403948729,0.010333876302783228,0.0026750972762645915,0.4431718403948729
2014-08,2014-07,2014-07-31,1.122526409764022,0.5288633416291966,0.008642259365220327,0.013772954924874792,0.5288633416291966,2014-07-31,5.754804605056871,0.8519572277114623,0.0004682884763596588,0.3602941176470588,0.8519572277114623,2014-07-31,-0.9130670536402254,-0.47727916901962303,0.01083884952170446,0.08096415327564895,-0.47727916901962303,2014-07-31,0.14424988554427942,0.12606502073248171,0.013894723050661927,0.05991337824831569,0.12606502073248171
2014-09,2014-08,2014-08-29,1.0850789320743894,0.5204018492455216,0.00902038907387594,0.027531820697288323,0.5204018492455216,2014-08-31,3.856889089428385,0.7941068899068289,0.0004178950538596379,0.2508896797153025,0.7941068899068289,2014-08-29,-0.7815259279455316,-0.43868344304525103,0.008529445865145592,0.015727124183006536,-0.43868344304525103,2014-08-29,-0.44699877630518603,-0.30891441210929516,0.012835389484350243,0.038828013339685566,-0.30891441210929516
2014-10,2014-09,2014-09-30,0.5146930002434886,0.33980021044578085,0.008441110606387473,0.008670520231213872,0.33980021044578085,2014-09-30,3.1911183639263965,0.7614002008134263,0.0005343912069513045,0.48974687600128164,0.7614002008134263,2014-09-30,-0.6702838603091674,-0.4012993696682783,0.013897386159849,0.28493317132442286,-0.4012993696682783,2014-09-30,-0.8679193279944363,-0.4646449742164783,0.020924175869482246,0.24646226415094338,-0.4646449742164783
2014-11,2014-10,2014-10-31,-0.43952816173318804,-0.3053279355118675,0.01100339578544997,0.10632183908045977,-0.3053279355118675,2014-10-31,3.028926515860047,0.7517949269952044,0.0005580791756000414,0.5233185279187818,0.7517949269952044,2014-10-31,-0.43708927363657746,-0.3041490056706888,0.013030690580516827,0.2184991974317817,-0.3041490056706888,2014-10-31,-1.5301865599569087,-0.6047722267495441,0.02250628667646836,0.34554363042463837,-0.6047722267495441
2014-12,2014-11,2014-11-28,-0.8512952978742001,-0.4598376600706127,0.008845395872030036,0.02653783342406097,-0.4598376600706127,2014-11-30,4.1937443307083635,0.8074606803250918,0.0005362130836806787,0.4973287240729101,0.8074606803250918,2014-11-28,-0.4881060201602683,-0.3280048689727762,0.017424718519552542,0.5669056152927121,-0.3280048689727762,2014-11-28,-2.726780699190838,-0.7316718957417803,0.03142523007502368,0.7745143385753932,-0.7316718957417803
2015-01,2014-12,2014-12-30,-1.1035536277358613,-0.5246139737942693,0.009811877574403478,0.06454668470906631,-0.5246139737942693,2014-12-31,2.4266527926816415,0.7081700246562137,0.0005245919321086441,0.4744786803610333,0.7081700246562137,2014-12-31,-0.29146410189005983,-0.2256850201747781,0.01695614974745587,0.5307935254638768,-0.2256850201747781,2014-12-31,-1.925396726893013,-0.6581660221305868,0.0419784297156825,0.9214743589743589,-0.6581660221305868
2015-02,2015-01,2015-01-30,-0.9827223709266375,-0.495642953010792,0.009623991617880504,0.05826157158234661,-0.495642953010792,2015-01-31,2.2459566727897777,0.6919244152632088,0.0007681918684479345,0.7430641183723797,0.6919244152632088,2015-01-30,0.3810764998929967,0.2759271480779825,0.016526027030235372,0.48785742264003135,0.2759271480779825,2015-01-30,-2.2811002054380496,-0.6952241817111791,0.04554445065881124,0.9249092558983666,-0.6952241817111791
2015-03,2015-02,2015-02-27,-0.3944003644835395,-0.2828458558454395,0.007469524596271987,0.0004018215912135012,-0.2828458558454395,2015-02-28,2.152106134921129,0.6827517992109039,0.0006479255316210825,0.6260696821515892,0.6827517992109039,2015-02-27,0.9532357024966354,0.4880290183505272,0.01371241972787891,0.2665241057542768,0.4880290183505272,2015-02-27,-2.733919031502367,-0.7321848729007808,0.04805422628539457,0.9291497975708503,-0.7321848729007808
2015-04,2015-03,2015-03-31,0.8137050752014687,0.44864244265903114,0.007496278370489069,0.0035952063914780293,0.44864244265903114,2015-03-31,2.724021069901714,0.7314730552729144,0.000503379538096187,0.42733878292461397,0.7314730552729144,2015-03-31,0.41714464935463974,0.2943557311136906,0.01266928942350964,0.1809946029298381,0.2943557311136906,2015-03-31,-2.43091205040741,-0.7085323128929367,0.042803253249832494,0.9008908685968819,-0.7085323128929367
2015-05,2015-04,2015-04-30,1.4795262972484224,0.5966971590058476,0.009286694108260569,0.057320624834524755,0.5966971590058476,2015-04-30,2.164396292992258,0.6839839554184288,0.0007591249273556034,0.7415241524152415,0.6839839554184288,2015-04-30,0.07735834924129097,0.07180373113158597,0.013193705306786329,0.2311663479923518,0.07180373113158597,2015-04-30,-1.202518302403819,-0.5459742609591012,0.03177633600894519,0.75,-0.5459742609591012
2015-06,2015-05,2015-05-29,1.725778724406347,0.6331323628561258,0.01061232090115217,0.11633728590250329,0.6331323628561258,2015-05-31,0.4321338807769365,0.3017412593733923,0.0009353755016829013,0.8767835909631391,0.3017412593733923,2015-05-29,-0.479646029740666,-0.32416268492588896,0.010423593161682716,0.06698292220113852,-0.32416268492588896,2015-05-29,-0.350714470241101,-0.2596510794605605,0.02899752274374548,0.6594488188976378,-0.2596510794605605
2015-07,2015-06,2015-06-30,0.6579326211812624,0.3968391795756399,0.010519510345045282,0.11252292376211684,0.3968391795756399,2015-06-30,-0.004919697460168344,-0.004895612527650095,0.0007279233788797478,0.7019740718915733,-0.004895612527650095,2015-06-30,-0.6703640886920326,-0.4013281255447468,0.01030473887611467,0.06755739555890101,-0.4013281255447468,2015-06-30,0.8235312130309813,0.4516134449172106,0.023923910526694632,0.4031629116117851,0.4516134449172106
2015-08,2015-07,2015-07-31,-0.1916703645666815,-0.16084176485867147,0.011043403365098268,0.14388020833333334,-0.16084176485867147,2015-07-31,-0.15925135901429519,-0.1373743129787708,0.0006225844611499643,0.5872992700729927,-0.1373743129787708,2015-07-31,-0.6912201134175873,-0.40871091109529323,0.01211562313061084,0.16666666666666666,-0.40871091109529323,2015-07-31,0.09580413694445558,0.08742815774687272,0.031105045536883463,0.7302575107296138,0.08742815774687272
2015-09,2015-08,2015-08-31,-1.0976363402446532,-0.5232729425905315,0.015398571652084747,0.4244818652849741,-0.5232729425905315,2015-08-31,2.026567682924954,0.6695927186291852,0.0005624050029630303,0.5105613425925926,0.6695927186291852,2015-08-31,-0.007627465667567901,-0.007569727828443614,0.013159747414130856,0.2501851851851852,-0.007569727828443614,2015-08-31,-0.4874002365076486,-0.32768600175299367,0.0418473943667952,0.8994045087196938,-0.32768600175299367
2015-10,2015-09,2015-09-30,-1.9985721095913231,-0.6665079366271134,0.015173547094485757,0.41698891466872906,-0.6665079366271134,2015-09-30,2.7185288114018866,0.7310764415933086,0.0006082464770764589,0.5732931726907631,0.7310764415933086,2015-09-30,0.3012496414292301,0.23150795346106837,0.012058871014145257,0.1685042263873576,0.23150795346106837,2015-09-30,-1.2399193228092054,-0.5535553491516626,0.03813393234647358,0.8665682967959528,-0.5535553491516626
2015-11,2015-10,2015-10-30,-0.9366461714660828,-0.48364341678223105,0.011012542795624298,0.14423076923076922,-0.48364341678223105,2015-10-31,5.201283544790024,0.8387430613715212,0.0005261600928987712,0.45052601649132784,0.8387430613715212,2015-10-30,0.31550306367973124,0.23983453356406834,0.012539871327793332,0.2032446226759023,0.23983453356406834,2015-10-30,-1.694008755227847,-0.6288059576423223,0.034345107087878156,0.8034670008354219,-0.6288059576423223
2015-12,2015-11,2015-11-30,-0.22688305835958666,-0.18492639279161813,0.010181136071526238,0.09602142310635042,-0.18492639279161813,2015-11-30,0.9904277489289423,0.4975954286519044,0.0005298438728019587,0.4540456723992106,0.4975954286519044,2015-11-30,-0.2863326862870425,-0.2225961365512156,0.013147532266962933,0.26474846181686573,-0.2225961365512156,2015-11-30,-1.604834608043587,-0.6160984667079995,0.0338794578764787,0.7852112676056338,-0.6160984667079995
2016-01,2015-12,2015-12-30,0.12290289394525662,0.10945104390411194,0.011691178701414123,0.20662100456621005,0.10945104390411194,2015-12-31,0.51974832969408,0.3419963157970396,0.0004633825137398386,0.31595863610955843,0.3419963157970396,2015-12-31,-0.5796458076720902,-0.36694669454180295,0.012177141501742915,0.17899461400359065,-0.36694669454180295,2015-12-31,-1.5848814865081584,-0.6131350681957682,0.036664604352779046,0.8405172413793104,-0.6131350681957682
2016-02,2016-01,2016-01-29,0.1483973776109087,0.1292212787176771,0.015127372584307288,0.42390206966178695,0.1292212787176771,2016-01-31,0.7766521778559535,0.4371436275125105,0.0005334798267573939,0.46314768633970627,0.4371436275125105,2016-01-29,-0.39445356417573996,-0.2828732159388191,0.011317856449199127,0.11965049928673324,-0.2828732159388191,2016-01-29,-1.6245078059448945,-0.6189761761291571,0.0550910840638528,0.9521384928716904,-0.6189761761291571
2016-03,2016-02,2016-02-29,0.0031292519194788355,0.0031194902486305132,0.011980371988791217,0.22902010050251256,0.0031194902486305132,2016-02-29,2.3439563028768156,0.7009530300561353,0.0005157864355911919,0.4248213304013194,0.7009530300561353,2016-02-29,0.36766244332006526,0.26882542919548724,0.01576195452815416,0.4686614730878187,0.26882542919548724,2016-02-29,-3.231354627583229,-0.7636690639254791,0.05416455379503251,0.9408080808080808,-0.7636690639254791
2016-04,2016-03,2016-03-31,-0.20478181124773823,-0.1699741889659298,0.008111982723336282,0.01336831584207896,-0.1699741889659298,2016-03-31,3.316552788481379,0.7683336567391282,0.00046706094689117565,0.32065958026710273,0.7683336567391282,2016-03-31,0.9836883036677361,0.4958885435019946,0.01720127606541012,0.5953970484891076,0.4958885435019946,2016-03-31,-1.781156562011908,-0.640437358450402,0.04180597159255746,0.8760512615138166,-0.640437358450402
2016-05,2016-04,2016-04-29,0.12045950300907646,0.10750901990261459,0.00845940650344912,0.02374440576827449,0.10750901990261459,2016-04-30,2.2809424233538125,0.695209524896877,0.00034477403161915386,0.08502297918356312,0.695209524896877,2016-04-29,1.3938922995149503,0.5822702632851864,0.01426876386210641,0.3590861527729334,0.5822702632851864,2016-04-29,-0.8809927195492827,-0.4683658317191059,0.033188479697821925,0.7345115170770453,-0.4683658317191059
2016-06,2016-05,2016-05-31,0.4765240186844681,0.3227336722290739,0.008129969080578784,0.01744186046511628,0.3227336722290739,2016-05-31,2.0160421466549225,0.6684396466047084,0.00036329338141492963,0.11702412868632708,0.6684396466047084,2016-05-31,1.2032106913459442,0.5461169447261992,0.013806442796541113,0.3246191135734072,0.5461169447261992,2016-05-31,0.09886881122785995,0.08997326179217462,0.025991694923431955,0.49172902717605355,0.08997326179217462
2016-07,2016-06,2016-06-30,0.9134373735722563,0.47738033456874074,0.012179830038637688,0.25707605217819346,0.47738033456874074,2016-06-30,2.068026325033819,0.6740575555560212,0.000786404467878589,0.7764627659574468,0.6740575555560212,2016-06-30,0.7545518658033822,0.43005389610291433,0.01611377322080383,0.506701030927835,0.43005389610291433,2016-06-30,1.2807419665667743,0.5615461921344348,0.03066211877878038,0.6616556032799688,0.5615461921344348
2016-08,2016-07,2016-07-29,1.0900634686343522,0.5215456300695978,0.00888367988709721,0.052766895200783544,0.5215456300695978,2016-07-31,2.771110589932774,0.7348261271707159,0.0004591495554924337,0.3098127143233975,0.7348261271707159,2016-07-29,0.4657194047865564,0.31774117424226656,0.013708435891281168,0.3158703071672355,0.31774117424226656,2016-07-29,0.8312680033858614,0.4539302831966246,0.033627891666069644,0.7456412243316544,0.4539302831966246
2016-09,2016-08,2016-08-31,1.0703230643114658,0.5169835967931057,0.007706870670528898,0.009620068192888456,0.5169835967931057,2016-08-31,2.589675815134405,0.7214233118812825,0.0004533477498239627,0.2999738356881214,0.7214233118812825,2016-08-31,0.49467171479641386,0.330956764552002,0.011167578300592089,0.10582458516762615,0.330956764552002,2016-08-31,0.00025584569891155644,0.0002557802586325188,0.031147533904448122,0.6718509984639017,0.0002557802586325188
2016-10,2016-09,2016-09-30,1.342241553847546,0.5730585522414103,0.009578259985280875,0.09393939393939393,0.5730585522414103,2016-09-30,0.9076493215993668,0.4757946396764352,0.0005830904134399387,0.5556853582554517,0.4757946396764352,2016-09-30,0.3372519852769963,0.2521977824599292,0.01028603750572114,0.06506388702084734,0.2521977824599292,2016-09-30,-0.47484948452928294,-0.32196470860946,0.030652097997604516,0.6493333333333333,-0.32196470860946
2016-11,2016-10,2016-10-31,1.848433791112838,0.6489298774926708,0.008633123197948374,0.04523522316043426,0.6489298774926708,2016-10-31,-0.7222901731593813,-0.4193777473829553,0.0008040081532588749,0.7995106876126706,-0.4193777473829553,2016-10-31,-0.5385941930873286,-0.35005604174716826,0.010865423205958699,0.09365609348914858,-0.35005604174716826,2016-10-31,-0.5787830758672868,-0.3666007602401862,0.026413727152623204,0.49867724867724866,-0.3666007602401862
2016-12,2016-11,2016-11-30,0.8316125653078064,0.4540330095235245,0.009104597821160479,0.07043436525077994,0.4540330095235245,2016-11-30,-1.476612407864355,-0.5962226479910415,0.001282983294709596,0.9500383337592639,-0.5962226479910415,2016-11-30,-1.0231083536956005,-0.5057111013489191,0.014583503529570675,0.40334880636604775,-0.5057111013489191,2016-11-30,-0.354386442760219,-0.26165829158625126,0.03319432771573679,0.7358455193100862,-0.26165829158625126
2017-01,2016-12,2016-12-29,0.7269473123549546,0.42094353843583776,0.005965519643618533,0.00011938872970391595,0.42094353843583776,2016-12-31,-1.9322616487533244,-0.6589663134512029,0.0007051199085361131,0.6948529411764706,-0.6589663134512029,2016-12-30,-1.9476983636879235,-0.6607522627420805,0.01202106995707371,0.17270332565031282,-0.6607522627420805,2016-12-30,0.6964090668833168,0.41051953828729304,0.021381937163967846,0.21856398809523808,0.41051953828729304
2017-02,2017-01,2017-01-31,0.8645431484324761,0.4636755921466868,0.0073153442114143215,0.008673954372623574,0.4636755921466868,2017-01-31,-1.040737627927719,-0.5099811037367618,0.0006904111197587189,0.6728301886792453,-0.5099811037367618,2017-01-31,-1.142699890931049,-0.5332990848450183,0.013784524742660852,0.34003925417075564,-0.5332990848450183,2017-01-31,1.2293401808367956,0.5514367844818352,0.022232173588474426,0.25830871491875923,0.5514367844818352
2017-03,2017-02,2017-02-28,1.2959612324519652,0.5644525761734865,0.006711110868240911,0.004612109744560076,0.5644525761734865,2017-02-28,-0.13507202873751742,-0.1189986408948436,0.000533387665776205,0.45803147639270547,-0.1189986408948436,2017-02-28,-0.6992325553905265,-0.4114990341800656,0.011120726333302786,0.10842002600780234,-0.4114990341800656,2017-02-28,0.9763975767274634,0.4940289283010512,0.0190271882068155,0.1277961129446278,0.4940289283010512
2017-04,2017-03,2017-03-31,2.3050420502629843,0.6974319888243391,0.0072428970539557234,0.011176470588235295,0.6974319888243391,2017-03-31,0.8997973682743753,0.47362807386751965,0.0005530493385162629,0.48946455131383243,0.47362807386751965,2017-03-31,-0.3331549634412407,-0.24989965351160365,0.01024312516550554,0.06340755082284608,-0.24989965351160365,2017-03-31,-0.09022814561828293,-0.08276079275784368,0.020708118034423295,0.18527272727272728,-0.08276079275784368
2017-05,2017-04,2017-04-28,3.840602629899696,0.7934141518200346,0.007392559800201676,0.016276346604215456,0.7934141518200346,2017-04-30,0.6107725379310943,0.3791798801807124,0.00039778605419313264,0.1733513779527559,0.3791798801807124,2017-04-28,0.05419267499772357,0.051406802838808,0.009397035060976631,0.036080821039127645,0.051406802838808,2017-04-28,-0.26916473379261896,-0.2120802182930812,0.020696545126706215,0.18869628024557603,-0.2120802182930812
2017-06,2017-05,2017-05-31,3.2838599541788906,0.7665656649152354,0.01002116804019446,0.1416414082536722,0.7665656649152354,2017-05-31,0.6422493324061321,0.3910790643861272,0.00047163321837683994,0.32442002442002443,0.3910790643861272,2017-05-31,0.5256810318660875,0.34455500257686084,0.009135094486536419,0.03105095541401274,0.34455500257686084,2017-05-31,-1.5291422614058443,-0.6046090347467675,0.024890422182229546,0.4308491580078825,-0.6046090347467675
2017-07,2017-06,2017-06-30,3.413073106417319,0.7734005361148812,0.008064155659759414,0.041647331786542924,0.7734005361148812,2017-06-30,1.3535086376922745,0.5751024729696564,0.0005360040901076175,0.467030303030303,0.5751024729696564,2017-06-30,0.1871716316666471,0.1576618128954787,0.008920629730279368,0.02387729285262492,0.1576618128954787,2017-06-30,-2.2791612327133155,-0.6950439673341228,0.02459224784371759,0.4118378954852471,-0.6950439673341228
2017-08,2017-07,2017-07-31,4.093691507169768,0.8036787271878515,0.0074879225671004536,0.02297390902793812,0.8036787271878515,2017-07-31,1.2432728776596376,0.5542227564203958,0.00037417637080819414,0.12379692011549567,0.5542227564203958,2017-07-31,0.02393241290732394,0.023373039671017875,0.008841204579746962,0.024670018856065366,0.023373039671017875,2017-07-31,-1.5822858215986428,-0.6127461988770401,0.021497128834554315,0.22855630074126368,-0.6127461988770401
2017-09,2017-08,2017-08-31,2.0402115765371387,0.6710755239150099,0.009348678050784256,0.11543762922122675,0.6710755239150099,2017-08-31,0.8365681347153058,0.4555061796522925,0.00034472413412627105,0.08084547408645809,0.4555061796522925,2017-08-31,0.4581849156331073,0.3142159205742263,0.009634664345293479,0.06661466458658347,0.3142159205742263,2017-08-31,-0.7422243427055826,-0.42602110676111166,0.024711980115695878,0.42349439775910364,-0.42602110676111166
2017-10,2017-09,2017-09-29,1.2732116770276665,0.5600937606886006,0.008023585358953438,0.04562085524811342,0.5600937606886006,2017-09-30,0.514718771624558,0.33981144306577427,0.0005893575221391456,0.5630780175480199,0.33981144306577427,2017-09-29,0.6335586304128837,0.3878395416103009,0.009766522231456723,0.07426356589147287,0.3878395416103009,2017-09-29,-0.2548473086779004,-0.20309029386723235,0.018816984736673176,0.1187413073713491,-0.20309029386723235
2017-11,2017-10,2017-10-31,1.2492396178779093,0.5554053058413269,0.007588051087912187,0.029049897470950103,0.5554053058413269,2017-10-31,-0.23051869584909995,-0.18733457413260526,0.0007496437006150031,0.7491760828625236,-0.18733457413260526,2017-10-31,0.9351904556168518,0.48325499585969955,0.008978425878653416,0.034955343393902064,0.48325499585969955,2017-10-31,0.6436011496555327,0.3915798852966361,0.01779248790004532,0.09644582470669427,0.3915798852966361
2017-12,2017-11,2017-11-30,1.2745346605803256,0.5603496322430807,0.00957409100497981,0.14067104964860574,0.5603496322430807,2017-11-30,-1.0725113192775182,-0.5174935882383493,0.0006075849168862637,0.5894109396914446,-0.5174935882383493,2017-11-30,0.16312411069897728,0.14024652158654688,0.010198882785378723,0.10878212974296206,0.14024652158654688,2017-11-30,2.140374068973815,0.6815665974700996,0.017619929244281476,0.09335388831791709,0.6815665974700996
2018-01,2017-12,2017-12-28,0.9580584786009776,0.4892900232915951,0.010487283711435574,0.1931587265748476,0.4892900232915951,2017-12-31,-0.5722357771379974,-0.36396308076620715,0.00031889897162032654,0.050707820840102114,-0.36396308076620715,2017-12-29,-0.39553995602720776,-0.2834314806386642,0.0074274615462846,0.00015206812652068127,-0.2834314806386642,2017-12-29,2.3398719290185697,0.7005873215342564,0.014493155078554466,0.057332425995236476,0.7005873215342564
2018-02,2018-01,2018-01-31,1.1465669324170362,0.5341398467952737,0.010755426518421827,0.21399685463940687,0.5341398467952737,2018-01-31,-0.11465785515505222,-0.10286372147720878,0.0008195996705515555,0.8164746543778801,-0.10286372147720878,2018-01-31,-0.8960599842377484,-0.47259052545111396,0.00911358739689053,0.05605923239649441,-0.47259052545111396,2018-01-31,2.6683860116617706,0.7274005524988353,0.015932704731139887,0.07246621621621621,0.7274005524988353
2018-03,2018-02,2018-02-28,0.4910347159566497,0.3293248042461582,0.014972118036310798,0.47661145926589077,0.3293248042461582,2018-02-28,-0.09386143796322277,-0.08580742926452677,0.0005488094550607115,0.5014880952380952,-0.08580742926452677,2018-02-28,-0.6870184417506173,-0.407238252261012,0.011245246014595398,0.18043870192307693,-0.407238252261012,2018-02-28,2.3701681395396292,0.7032788992727818,0.02370357231482573,0.37948976166498827,0.7032788992727818
2018-04,2018-03,2018-03-30,-0.14328351585403992,-0.1253263200834364,0.013560338863093123,0.3970358814352574,-0.1253263200834364,2018-03-31,-0.441976497960993,-0.30650742129706254,0.0005427590289087699,0.4902250511479882,-0.30650742129706254,2018-03-29,-0.18283459000213304,-0.1545732527164287,0.01252493308576745,0.2769483427888922,-0.1545732527164287,2018-03-29,1.7453510101961107,0.6357478529025815,0.02304091717747771,0.3375,0.6357478529025815
2018-05,2018-04,2018-04-30,-0.8240561870686712,-0.45177127377471926,0.01106373908815769,0.23436113575865128,-0.45177127377471926,2018-04-30,0.5279310025646016,0.345520184928822,0.0005838068461775131,0.5627681192142696,0.345520184928822,2018-04-30,0.3704484676430318,0.2703118551258978,0.010217101186154822,0.12091988130563798,0.2703118551258978,2018-04-30,1.5498193022111457,0.607815346313826,0.020991714227870373,0.2202912942734194,0.607815346313826
2018-06,2018-05,2018-05-31,-0.6230165831030159,-0.3838633502510996,0.01062976459187849,0.20461572438162545,-0.3838633502510996,2018-05-31,1.3912797357153264,0.5818138777055875,0.00041590099336243254,0.2077354260089686,0.5818138777055875,2018-05-31,0.28394879927528954,0.2211527433458104,0.008936332346581791,0.04407429245283019,0.2211527433458104,2018-05-31,1.7652230503213875,0.6383655199591312,0.023147029805496624,0.3514623726585606,0.6383655199591312
2018-07,2018-06,2018-06-29,-0.7782578278086284,-0.4376518498263473,0.012260177585927571,0.33197712777655597,-0.4376518498263473,2018-06-30,1.511894892994162,0.6018941704969165,0.00044433094898177993,0.26804008908685967,0.6018941704969165,2018-06-29,-0.5954150238705673,-0.3732038466242199,0.006951329735214472,0.0001464986815118664,-0.3732038466242199,2018-06-29,1.190522505428859,0.5434879132619453,0.022789703201783428,0.3311031331592689,0.5434879132619453
2018-08,2018-07,2018-07-31,-1.1305328790301894,-0.5306338569836123,0.010074816840342527,0.16688553293937405,-0.5306338569836123,2018-07-31,1.740055402023431,0.6350438756597635,0.00041415107520154933,0.20272063702720636,0.6350438756597635,2018-07-31,-1.2321613885877245,-0.5520037193042328,0.009644388545414453,0.10206755969714619,-0.5520037193042328,2018-07-31,1.6426413632171504,0.6215907258854828,0.022256332610765442,0.2951377633711507,0.6215907258854828
2018-09,2018-08,2018-08-31,-1.565624316600265,-0.6102313212695497,0.009214334847629025,0.11163145284251796,-0.6102313212695497,2018-08-31,4.468217462277345,0.8171250490861915,0.0005879392904601046,0.5807337434094904,0.8171250490861915,2018-08-31,-1.5175358374815584,-0.6027861907219721,0.010327796448893768,0.14738212322823258,-0.6027861907219721,2018-08-31,1.3942291002100542,0.5823290261102138,0.01895393235929207,0.13915701415701415,0.5823290261102138
2018-10,2018-09,2018-09-28,-1.4842164144838124,-0.5974585812372603,0.009451891588328817,0.1303168402777778,-0.5974585812372603,2018-09-30,3.218288526771883,0.7629370315346194,0.0005958444967528681,0.5895896988214754,0.7629370315346194,2018-09-28,-2.0668375181086134,-0.6739312095618544,0.009496483859003767,0.09450517836593786,-0.6739312095618544,2018-09-28,1.2382686090677806,0.5532260980881596,0.01864005419370202,0.12743843939878477,0.5532260980881596
2018-11,2018-10,2018-10-31,-1.655637796000403,-0.623442624025732,0.017318153143303913,0.6039101317779217,-0.623442624025732,2018-10-31,1.9544489062005974,0.6615274009642652,0.0009892489639177259,0.9127465857359636,0.6615274009642652,2018-10-31,-0.7145901058239331,-0.41677022595469976,0.010092745686175957,0.1373249499857102,-0.41677022595469976,2018-10-31,0.9516904012928711,0.48762365212353176,0.024548135506578278,0.4607936507936508,0.48762365212353176
2018-12,2018-11,2018-11-30,-1.709295307820116,-0.6309003314944673,0.014456809700583865,0.45678348742205976,-0.6309003314944673,2018-11-30,1.9206222873997305,0.6576072146287997,0.0005740778257513525,0.5538444970923971,0.6576072146287997,2018-11-30,-0.30423174644388457,-0.2332650982261413,0.009115784210308684,0.06832386363636364,-0.2332650982261413,2018-11-30,-0.22728004026993437,-0.185190040424633,0.040613468451054985,0.890728476821192,-0.185190040424633
2019-01,2018-12,2018-12-28,-1.6892782299646987,-0.628153015609275,0.012905316443385568,0.3733404710920771,-0.628153015609275,2018-12-31,2.0700688743302638,0.6742744085120402,0.0005490450331413352,0.5069533590072742,0.6742744085120402,2018-12-31,0.3739821343764897,0.27218849868539374,0.009474959850686006,0.09847414523876802,0.27218849868539374,2018-12-31,-1.053056623745921,-0.5129213737050068,0.04415972170783609,0.9158307210031348,-0.5129213737050068
2019-02,2019-01,2019-01-31,-1.0158766479167725,-0.5039379016402565,0.011837842360730906,0.3008953314858239,-0.5039379016402565,2019-01-31,2.7217760728278497,0.7313110782508234,0.0005580962317128116,0.5252922422954304,0.7313110782508234,2019-01-31,1.7534899979503604,0.636824538769206,0.008880521852093632,0.05463483146067416,0.636824538769206,2019-01-31,-1.3891122377778904,-0.5814344825716106,0.03237178024868037,0.7482092805979446,-0.5814344825716106
2019-03,2019-02,2019-02-28,-0.29523522846611755,-0.22793946765619547,0.01114064587850562,0.24713254035683943,-0.22793946765619547,2019-02-28,1.703688275731161,0.6301348757635276,0.00041206976557751977,0.19321783224170716,0.6301348757635276,2019-02-28,2.6369837690742353,0.7250468895398613,0.008589963541304662,0.03925677563565242,0.7250468895398613,2019-02-28,-1.2558652218290476,-0.556711105644333,0.024228881351931703,0.42894736842105263,-0.556711105644333
2019-04,2019-03,2019-03-29,0.18074031758860637,0.15307372408331696,0.010911703479338267,0.22789763113367173,0.15307372408331696,2019-03-31,1.3012396103391712,0.5654515959541416,0.00070800654733374,0.7286943744752309,0.5654515959541416,2019-03-29,2.261916176999841,0.6934317297755476,0.00898020928785906,0.07125,0.6934317297755476,2019-03-29,-0.5810278511232447,-0.3675000732659151,0.018984971149831196,0.13518917256228852,-0.3675000732659151
2019-05,2019-04,2019-04-30,1.4389936669437378,0.5899948353481855,0.011079922946001674,0.24642105263157896,0.5899948353481855,2019-04-30,1.8885439395298953,0.6538048162207469,0.0005810929693778873,0.5672715894868585,0.6538048162207469,2019-04-30,1.5082224996524125,0.6013112871212265,0.008350600939241571,0.028307097486882076,0.6013112871212265,2019-04-30,0.4220737600222529,0.296801594887489,0.017846750604530743,0.10375916870415648,0.296801594887489
2019-06,2019-05,2019-05-31,0.40795279182156946,0.2897489135937375,0.01347575320155858,0.4123873401802557,0.2897489135937375,2019-05-31,3.0683015823058826,0.7541971803788431,0.0007698378209758303,0.7862176165803109,0.7541971803788431,2019-05-31,1.4972960968652484,0.5995669070819202,0.007729649890878398,0.00947021685424101,0.5995669070819202,2019-05-31,2.013589045103254,0.668169752068588,0.03265581310276526,0.759411050394657,0.668169752068588
2019-07,2019-06,2019-06-28,0.03416358409122181,0.03303499041811968,0.010360424763706333,0.1873695198329854,0.03303499041811968,2019-06-30,3.2698655091237714,0.7658005860223891,0.0006804392070227426,0.6954685890834191,0.7658005860223891,2019-06-28,1.4288828178994195,0.5882880834634773,0.010329637770725037,0.18796068796068796,0.5882880834634773,2019-06-28,0.7953000490784714,0.4429900447486198,0.028071903417189417,0.6196439348219674,0.4429900447486198
2019-08,2019-07,2019-07-31,-0.8024355216856917,-0.4451951329361452,0.011129084171919467,0.2517141076251818,-0.4451951329361452,2019-07-31,3.5022325979221702,0.7778879748546287,0.000706246878302913,0.7252353663528449,0.7778879748546287,2019-07-31,1.8899005292738387,0.6539673286778228,0.012190584318886817,0.3168249660786974,0.6539673286778228,2019-07-31,0.26114350575929324,0.20706882647908278,0.024292301589684373,0.4345023980815348,0.20706882647908278
2019-09,2019-08,2019-08-30,-1.0694691689199172,-0.5167842966600402,0.012453686048087777,0.35819197352089366,-0.5167842966600402,2019-08-31,5.175092999483492,0.8380591190960778,0.0010836399600077798,0.9352247305267439,0.8380591190960778,2019-08-30,2.9085432451154882,0.7441502019327274,0.013688521555852439,0.44388993795521986,0.7441502019327274,2019-08-30,-0.31417096728787797,-0.23906399936398587,0.029746252791184084,0.6740619416319238,-0.23906399936398587
2019-10,2019-09,2019-09-30,-0.7311812544815928,-0.42235973419233164,0.010663683816665825,0.2109004739336493,-0.42235973419233164,2019-09-30,1.357427877698084,0.5758088680208311,0.0007396517086664092,0.7486355366889024,0.5758088680208311,2019-09-30,3.3810754203842817,0.7717455409812859,0.01415492369337811,0.48068151328145964,0.7717455409812859,2019-09-30,-0.5379164272553352,-0.3497696088826722,0.03338469171840493,0.779603315571344,-0.3497696088826722
2019-11,2019-10,2019-10-31,-0.02016759564023078,-0.019768904370633455,0.010727941927934026,0.21635207221994254,-0.019768904370633455,2019-10-31,0.04194722296942353,0.04025849106817427,0.0010444944962312048,0.9261751707513057,0.04025849106817427,2019-10-31,1.6274352284074822,0.6194007033215767,0.010950791711839903,0.22333333333333333,0.6194007033215767,2019-10-31,-0.40556088156518877,-0.28854024531016315,0.02549051898561984,0.5017641870038224,-0.28854024531016315
2019-12,2019-11,2019-11-29,0.4913639853601504,0.32947287864235947,0.01138802737522736,0.27671092951991827,0.32947287864235947,2019-11-30,-1.5933026838649826,-0.6143913295498429,0.0008833972743794053,0.8605231629392971,-0.6143913295498429,2019-11-29,0.6121926478601153,0.37972673344757324,0.009027839832272844,0.08978779840848806,0.37972673344757324,2019-11-29,0.11204364471336886,0.10075471879725396,0.02470569082146151,0.4561531715872552,0.10075471879725396
2020-01,2019-12,2019-12-30,0.952619521582318,0.4878674575630364,0.010548172105539147,0.20213631739572738,0.4878674575630364,2019-12-31,-0.7746991922208475,-0.43652422653745265,0.0006104875108496617,0.5883111728517563,-0.43652422653745265,2019-12-31,0.0024100151184424778,0.00240422090970202,0.007255638183406089,0.0017145871801635452,0.00240422090970202,2019-12-31,0.27864554261596786,0.217922429108766,0.017095784240901732,0.07887855897733875,0.217922429108766
2020-02,2020-01,2020-01-31,2.317211965691304,0.698542025549579,0.015341138921824178,0.5389057750759878,0.698542025549579,2020-01-31,-0.033226008968689796,-0.032157542183683704,0.0009702823930578588,0.9044378698224852,-0.032157542183683704,2020-01-31,-0.2750045797626036,-0.21568909173158218,0.009019242642151343,0.09404512067156348,-0.21568909173158218,2020-01-31,0.29063445985961794,0.22518727718708997,0.02408063750052882,0.41943401674848396,0.22518727718708997
2020-03,2020-02,2020-02-28,1.663638344845232,0.6245736580811597,0.020487045584837413,0.7078708375378405,0.6245736580811597,2020-02-29,1.5055101142287404,0.6008796794229564,0.0013948318720117918,0.9722494606785644,0.6008796794229564,2020-02-28,0.4652662308132413,0.3175301668932974,0.015524591671486421,0.5856173322892195,0.3175301668932974,2020-02-28,-0.2769735996361266,-0.21689845405970035,0.03545485479740466,0.8344342331993108,-0.21689845405970035
2020-04,2020-03,2020-03-31,-0.25644943538297255,-0.20410645121170784,0.04674928618384864,0.9806108097247338,-0.20410645121170784,2020-03-31,0.9225657965540969,0.4798617546445765,0.0021626356408019267,0.9967836257309941,0.4798617546445765,2020-03-31,1.2625576447791218,0.5580223105884123,0.028242671157277244,0.9567869192836751,0.5580223105884123,2020-03-31,-0.816941392229498,-0.44962451498067363,0.13317864738712462,0.9990011415525114,-0.44962451498067363
2020-05,2020-04,2020-04-29,-0.6764925472925184,-0.4035165848992482,0.026720808785451404,0.8189913948369021,-0.4035165848992482,2020-04-30,0.7994787340117552,0.44428351327575766,0.0009515452870600585,0.8853682170542636,0.44428351327575766,2020-04-30,2.592180389271059,0.721617543766246,0.021252544164014366,0.8604801239029427,0.721617543766246,2020-04-30,-1.4613376317099027,-0.593716852528966,0.1934022719428959,0.997872340425532,-0.593716852528966
2020-06,2020-05,2020-05-29,-0.717915004610685,-0.41789902450580163,0.018849576892348393,0.6619816586921851,-0.41789902450580163,2020-05-31,0.7095947910683412,0.41506606991058337,0.0005820247351527184,0.5315931419764978,0.41506606991058337,2020-05-29,3.1454974911142286,0.7587744288487749,0.014719055154015493,0.5237544940934772,0.7587744288487749,2020-05-29,-2.36843401519775,-0.7031261424483349,0.07114550979319138,0.9631875881523272,-0.7031261424483349
2020-07,2020-06,2020-06-30,-0.3207385539192029,-0.24284787702110522,0.023511839535549188,0.7644431209053008,-0.24284787702110522,2020-06-30,0.6438576915498064,0.3916748358811925,0.0006901549318966805,0.6641447998467727,0.3916748358811925,2020-06-30,2.1406145195988664,0.6815909772563478,0.01151627622056761,0.2728549540347293,0.6815909772563478,2020-06-30,-2.051702418085687,-0.6723140519620869,0.04550256043597151,0.909027193720213,-0.6723140519620869
2020-08,2020-07,2020-07-31,0.2807365050479794,0.21919926850016846,0.016069614397768592,0.5608815971535877,0.21919926850016846,2020-07-31,1.8080260763591236,0.6438779509852002,0.0006791197538418922,0.6512757044935262,0.6438779509852002,2020-07-31,1.9136609396921573,0.6567891663792373,0.012782144996503231,0.36934992381919757,0.6567891663792373,2020-07-31,-1.1430661090530534,-0.5333788370896942,0.02979310377582423,0.6585399832822513,-0.5333788370896942
2020-09,2020-08,2020-08-31,1.5551349469405442,0.6086312383628208,0.019451101995285294,0.6764126796613507,0.6086312383628208,2020-08-31,1.0029580374106242,0.5007384172197756,0.0007722499581071174,0.7526973310618966,0.5007384172197756,2020-08-31,1.9487011207227376,0.6608676298278423,0.018702459618240155,0.7669866127810053,0.6608676298278423,2020-08-31,-0.4479514990158348,-0.30936913240554337,0.021457316842930813,0.24362880886426594,-0.30936913240554337
2020-10,2020-09,2020-09-29,3.1461572790702954,0.7588128156527065,0.016709150910547,0.5899019607843137,0.7588128156527065,2020-09-30,0.14707086509953923,0.12821428001902646,0.0004872647085291834,0.3347449651797478,0.12821428001902646,2020-09-30,1.3035452165241932,0.5658865331461154,0.01576869652685238,0.5933417085427136,0.5658865331461154,2020-09-30,0.09374528000571936,0.08571034016734605,0.03039897342913914,0.6792894519416138,0.08571034016734605
2020-11,2020-10,2020-10-30,2.139545338993673,0.6814825422076776,0.015382363721230823,0.5255909357296347,0.6814825422076776,2020-10-31,-0.14934307126920318,-0.12993776619220035,0.0006623081446059907,0.6303330838323353,-0.12993776619220035,2020-10-30,0.49385956545448745,0.3305930335588386,0.012231644815036118,0.32221389305347325,0.3305930335588386,2020-10-30,0.2900017230308905,0.22480723696207505,0.038065416772588116,0.855598138516288,0.22480723696207505
2020-12,2020-11,2020-11-30,1.9955654052403415,0.6661732044806521,0.01413933105559133,0.45184824902723736,0.6661732044806521,2020-11-30,-0.729294248761961,-0.4217294131892698,0.0006171200932229922,0.5700595459620394,-0.4217294131892698,2020-11-30,-0.1426253463366578,-0.12482249478704924,0.014441973521850417,0.5080805569368474,-0.12482249478704924,2020-11-30,-0.5770397192198946,-0.36590056178504854,0.026327054053837985,0.5280424720936564,-0.36590056178504854
2021-01,2020-12,2020-12-30,2.0647710791250065,0.6737113558623438,0.015329919029656733,0.52712652586708,0.6737113558623438,2020-12-31,-0.6200041472422222,-0.38271762964167244,0.0005461820851948365,0.45818686401480113,-0.38271762964167244,2020-12-31,-1.227142233435904,-0.5509941013254196,0.01131431520829869,0.25432739861523246,-0.5509941013254196,2020-12-31,-0.269314887785564,-0.21217342550468976,0.0203486002837862,0.1817320703653586,-0.21217342550468976
2021-02,2021-01,2021-01-29,1.9575330096837342,0.6618803588241485,0.02623973102489082,0.8188573634433507,0.6618803588241485,2021-01-31,-1.6712152222454806,-0.6256385514457429,0.0003867409463539157,0.12518395879323033,-0.6256385514457429,2021-01-29,-2.3558870754587016,-0.7020161949688625,0.013384889918860629,0.4217327098203298,-0.7020161949688625,2021-01-29,0.3346584903585683,0.250744660732394,0.020376917443267844,0.18241787829833064,0.250744660732394
2021-03,2021-02,2021-02-26,2.733018799991479,0.732120288276533,0.024951818318485704,0.8015964608578573,0.732120288276533,2021-02-28,-1.8307872592181715,-0.6467413802490452,0.0007797278576370823,0.7645497803806734,-0.6467413802490452,2021-02-26,-1.9437335592457698,-0.6602953426748936,0.015090219614200396,0.5545075943165115,-0.6602953426748936,2021-02-26,1.260402092756928,0.5576008342921248,0.02040136597744366,0.18765068309670507,0.5576008342921248
2021-04,2021-03,2021-03-31,2.336855314993018,0.7003166437852902,0.01669601127983988,0.5877226584945413,0.7003166437852902,2021-03-31,-1.9372628225415218,-0.659546979478421,0.0010468363805363726,0.92147406733394,-0.659546979478421,2021-03-31,-1.797160848957441,-0.6424946386716658,0.014529129495165674,0.5190012180267966,-0.6424946386716658,2021-03-31,2.857273193214681,0.7407495010311695,0.035405399835827335,0.818024494142705,0.7407495010311695
2021-05,2021-04,2021-04-30,1.6196421052783072,0.6182684657628981,0.011977812856780975,0.3165172611100515,0.6182684657628981,2021-04-30,-1.7017749084296756,-0.6298729413468349,0.0008553701219987372,0.8279638009049773,-0.6298729413468349,2021-04-30,-1.1949895800231327,-0.5444169716789903,0.010807159946893293,0.2126757149781871,-0.5444169716789903,2021-04-30,3.085832397174528,0.7552518305225812,0.02475517147212883,0.44996028594122317,0.7552518305225812
2021-06,2021-05,2021-05-31,1.0734730719358032,0.5177173923621802,0.012148347467089786,0.32886735081717977,0.5177173923621802,2021-05-31,-1.369877635586038,-0.5780372855610691,0.000612236117793734,0.5627249820014398,-0.5780372855610691,2021-05-28,-0.06585318628004308,-0.06178448132230921,0.010137319294521932,0.17064640617462615,-0.06178448132230921,2021-05-28,2.4561832430866515,0.7106634892694754,0.02268649168476979,0.31327363708190675,0.7106634892694754
2021-07,2021-06,2021-06-30,0.7820547263732892,0.43885000544560787,0.00885941308948517,0.078444360333081,0.43885000544560787,2021-06-30,-0.4143541191128222,-0.29296349019913975,0.0007844132770990482,0.766827783745077,-0.29296349019913975,2021-06-30,0.18399175616961688,0.15539952471025356,0.011496270960239632,0.26835412667946257,0.15539952471025356,2021-06-30,2.326962486339055,0.6994255258043541,0.017366533495293837,0.07868551976957319,0.6994255258043541
2021-08,2021-07,2021-07-30,1.0685509950726126,0.5165698102768325,0.010100447773529211,0.16066716924236712,0.5165698102768325,2021-07-31,0.5165244625358347,0.3405975144457187,0.0008927994235098112,0.8535695210966708,0.3405975144457187,2021-07-30,0.7153079742251441,0.41701431170007247,0.010147455543062582,0.17056576748627358,0.41701431170007247,2021-07-30,2.3054089122952517,0.6974655703624858,0.021445805568907867,0.24466145833333333,0.6974655703624858
2021-09,2021-08,2021-08-31,0.30960851165911984,0.2364130264141933,0.013879802471968702,0.43823915900131405,0.2364130264141933,2021-08-31,1.9952448603315716,0.6661374790275741,0.0006143074985355916,0.5615262039660056,0.6661374790275741,2021-08-31,0.945423830828179,0.48597319301147157,0.011553016224560064,0.2765376395155545,0.48597319301147157,2021-08-31,1.5163018790629428,0.6025914027563359,0.02438932183658445,0.42866390471258414,0.6025914027563359
2021-10,2021-09,2021-09-30,-0.5164376350662013,-0.3405597586897504,0.012824063149437468,0.37813318368873927,-0.3405597586897504,2021-09-30,0.6189893278154467,0.382330702976695,0.0009893187732679496,0.9046319126452976,0.382330702976695,2021-09-30,0.5742771640704989,0.3647878386202531,0.013136743915870474,0.41150756143667294,0.3647878386202531,2021-09-30,1.8378240395515228,0.6476173342452778,0.022031239285360944,0.27517383466391965,0.6476173342452778
2021-11,2021-10,2021-10-29,-1.1025090951265082,-0.5243778006392739,0.013637811085701088,0.4276794035414725,-0.5243778006392739,2021-10-31,-0.8114704297988666,-0.44796228326452275,0.0015584979395871696,0.9804694342266597,-0.44796228326452275,2021-10-29,0.22424227505812347,0.1831682172938172,0.012249024833990521,0.3337644015988714,0.1831682172938172,2021-10-29,1.7963363989793073,0.6423892345838609,0.020368420443007313,0.18429815573770492,0.6423892345838609
2021-12,2021-11,2021-11-30,-2.250668133757477,-0.6923709345733516,0.016446813338834975,0.5889177649897902,-0.6923709345733516,2021-11-30,-1.8730892178501426,-0.6519425871681515,0.0013680818562804063,0.9634953824708137,-0.6519425871681515,2021-11-30,0.8068313037110497,0.44654489993277147,0.012328875688530394,0.34452503509592886,0.44654489993277147,2021-11-30,1.432652276988861,0.5889260419751396,0.041344200284415045,0.8926114649681529,0.5889260419751396
2022-01,2021-12,2021-12-30,-1.5428266458617017,-0.6067368565499971,0.012367307870917436,0.34784618228877795,-0.6067368565499971,2021-12-31,-0.4107605614810192,-0.29116249255635696,0.0008085098193261744,0.777209705372617,-0.29116249255635696,2021-12-31,0.7677661129789284,0.43431430625465334,0.009042528687931237,0.08833798882681564,0.43431430625465334,2021-12-31,0.8476777652138349,0.45878008664337183,0.02783899138512583,0.6036230048137826,0.45878008664337183
2022-02,2022-01,2022-01-28,-1.1880946792954137,-0.5429813849179465,0.018391168508392064,0.6585298452468681,-0.5429813849179465,2022-01-31,-0.08590759517809424,-0.07911133098208505,0.0008087687888417991,0.7739182899500087,-0.07911133098208505,2022-01-31,0.9877522273158197,0.4969191903005137,0.01017683610802846,0.17180259499536607,0.4969191903005137,2022-01-31,1.0802210648418242,0.5192818605189742,0.022388249739658694,0.2993445928913537,0.5192818605189742
2022-03,2022-02,2022-02-28,-1.1927175217739507,-0.5439449039514307,0.01829259329223638,0.6559228650137741,-0.5439449039514307,2022-02-28,-0.5907487453052422,-0.3713652121673595,0.0010028046093828746,0.9012695144964831,-0.3713652121673595,2022-02-28,1.2172817467285957,0.5489973245504717,0.011508030028421183,0.2833910034602076,0.5489973245504717,2022-02-28,1.1427146038161324,0.5333022894327505,0.02850101013604515,0.6285750125439037,0.5333022894327505
2022-04,2022-03,2022-03-31,-1.1741771395790213,-0.5400558759468758,0.013898350468269037,0.4384376143432126,-0.5400558759468758,2022-03-31,-2.309222562262246,-0.6978142203538038,0.0019952061565721756,0.9954778156996587,-0.6978142203538038,2022-03-31,1.4527148759203192,0.5922885249249465,0.014030238857239597,0.5042450665442864,0.5922885249249465,2022-03-31,1.305631658183701,0.5662793766512703,0.05031763695014423,0.9370167123971065,0.5662793766512703
2022-05,2022-04,2022-04-29,-1.5404317832508696,-0.6063661277610267,0.013573648441708606,0.4210862037543284,-0.6063661277610267,2022-04-30,-2.330277439276016,-0.699724717164287,0.0015882661119987886,0.9769949066213922,-0.699724717164287,2022-04-29,1.7591492715341863,0.6375694456559924,0.012362453699323902,0.3555276381909548,0.6375694456559924,2022-04-29,2.1959312870850134,0.6871021589102771,0.037016152684957615,0.8442541573591462,0.6871021589102771
2022-06,2022-05,2022-05-31,-1.8687661402394447,-0.6514180832054389,0.014551660059505811,0.48320014529604066,-0.6514180832054389,2022-05-31,-1.8089121440278235,-0.643990289220632,0.00141155980196575,0.9600574227326465,-0.643990289220632,2022-05-31,1.6141570025632652,0.6174675051959512,0.014617504235689773,0.5504660150034099,0.6174675051959512,2022-05-31,3.5239395590297002,0.7789537223139911,0.031635299064316044,0.7188888888888889,0.7789537223139911
2022-07,2022-06,2022-06-30,-1.874503953811322,-0.6521138895376734,0.020937121547622305,0.7286463988418386,-0.6521138895376734,2022-06-30,-1.9628302178904014,-0.662484878829128,0.0017133608977951817,0.9807595362124013,-0.662484878829128,2022-06-30,0.899519346525095,0.4735510318284675,0.01145709507009569,0.2736425339366516,0.4735510318284675,2022-06-30,2.859622993852779,0.7409073369101853,0.03599848630528297,0.8269466961434537,0.7409073369101853
2022-08,2022-07,2022-07-29,-1.7457641863471056,-0.6358026647108489,0.015048685971173842,0.5167658193618172,-0.6358026647108489,2022-07-31,-0.3132647524260202,-0.23853891749346046,0.001761145381138978,0.979856235372785,-0.23853891749346046,2022-07-29,0.05251525455911423,0.04989500563686578,0.01189198913301566,0.30777027027027026,0.04989500563686578,2022-07-29,1.2818247677843098,0.5617542529477332,0.03606298800055394,0.8248594475678318,0.5617542529477332
2022-09,2022-08,2022-08-31,-1.434569278802512,-0.5892497253182014,0.01329698735454398,0.3985455198419824,-0.5892497253182014,2022-08-31,0.06973147412205563,0.0651859609714534,0.0019639885311414354,0.9896058539830368,0.0651859609714534,2022-08-31,-0.825350961040436,-0.4521601481887036,0.010844706342545871,0.21588617521846293,-0.4521601481887036,2022-08-31,0.39261888966011366,0.2819284533444303,0.03703068391548235,0.8382352941176471,0.2819284533444303
2022-10,2022-09,2022-09-30,-1.579403147451197,-0.6123134140593195,0.018649038192697972,0.6690821256038647,-0.6123134140593195,2022-09-30,-0.39579800245618946,-0.28356395535722406,0.003375386866653078,0.999917259639252,-0.28356395535722406,2022-09-30,-0.4503056075125097,-0.31049015130324903,0.013946493026063819,0.5059099018733274,-0.31049015130324903,2022-09-30,-0.10017251972255176,-0.09105164683427457,0.03759999470570717,0.8463119709794438,-0.09105164683427457
2022-11,2022-10,2022-10-31,-1.5297350237097356,-0.6047016819439264,0.016575572850480967,0.5940620542082738,-0.6047016819439264,2022-10-31,-1.5967978000598728,-0.6149103330351929,0.0026242589772098577,0.9944846888376687,-0.6149103330351929,2022-10-31,0.2076824698848974,0.17196777717961856,0.014124239044663582,0.5197558268590455,0.17196777717961856,2022-10-31,-0.43845149406515693,-0.3048079798826338,0.028459831991808883,0.6021414821944177,-0.3048079798826338
2022-12,2022-11,2022-11-30,-0.5366358064388714,-0.349227711725992,0.014091152683519853,0.44644760213143875,-0.349227711725992,2022-11-30,-1.0951942296655115,-0.5227172804119236,0.0015565354909732702,0.9461828309305373,-0.5227172804119236,2022-11-30,0.4168660444643846,0.2942169770339663,0.015996714876086095,0.6538886433937251,0.2942169770339663,2022-11-30,-0.542982645854652,-0.3519045708734437,0.036640872298637536,0.8299018434282979,-0.3519045708734437
2023-01,2022-12,2022-12-29,-0.21600208135285653,-0.17763298654270773,0.013589585864005408,0.41541320120332687,-0.17763298654270773,2022-12-31,0.3421804583167796,0.2549437046236734,0.0015114348634301545,0.9386308068459658,0.2549437046236734,2022-12-30,0.47698507875721735,0.3229450897083997,0.015694824858785743,0.6277765559709698,0.3229450897083997,2022-12-30,-0.5872293355948305,-0.36997132199220617,0.029880915782726437,0.6447117675083373,-0.36997132199220617
2023-02,2023-01,2023-01-31,-0.026721931914004158,-0.02602645476189392,0.014866052829837606,0.5038793863516134,-0.02602645476189392,2023-01-31,2.4641421295465635,0.7113282415664353,0.0014403308598502887,0.9275867661368796,0.7113282415664353,2023-01-31,0.1461102008838876,0.12748355330159916,0.012413580188851374,0.35373330413838405,0.12748355330159916,2023-01-31,-0.9273761931094584,-0.48115992945482616,0.02723761066366155,0.5555950687529635,-0.48115992945482616
2023-03,2023-02,2023-02-28,0.7194682403593821,0.4184248498878977,0.01515532987408825,0.52460024600246,0.4184248498878977,2023-02-28,2.277948585144351,0.6949311515952399,0.0021842004402773296,0.9882951243138521,0.6949311515952399,2023-02-28,0.06134523780825824,0.05779951294165116,0.012343369643930728,0.34507195813344965,0.05779951294165116,2023-02-28,-1.164646638835403,-0.5380308351214276,0.025809142775227494,0.4926835024781685,-0.5380308351214276
2023-04,2023-03,2023-03-31,1.0233227523257513,0.505763477996514,0.012715994304693608,0.3524417994048661,0.505763477996514,2023-03-31,1.3124777310948166,0.5675634032909967,0.0017093574132908834,0.9525301204819278,0.5675634032909967,2023-03-31,0.5712530445448594,0.3635652745610639,0.015541520440297728,0.6184638750271209,0.3635652745610639,2023-03-31,-1.3068301280823598,-0.5665047079858941,0.031044900636127675,0.6820422535211268,-0.5665047079858941
2023-05,2023-04,2023-04-28,0.8719738879531563,0.4658045144564411,0.011319481234306069,0.24411302982731553,0.4658045144564411,2023-04-30,1.1341604808343846,0.5314316758367517,0.000987664725801288,0.8334932054356515,0.5314316758367517,2023-04-28,1.3999914289805206,0.5833318453038041,0.013743744425209379,0.47525929127052724,0.5833318453038041,2023-04-28,-0.42886234850914146,-0.30014252174578715,0.025248431064944194,0.4593362935265249,-0.30014252174578715
2023-06,2023-05,2023-05-31,1.184942054568013,0.5423219586490541,0.010410766750899648,0.17118761954442704,0.5423219586490541,2023-05-31,0.5852337817832509,0.3691782174392685,0.0015046879889066152,0.9269010499522748,0.3691782174392685,2023-05-31,2.0709206218239182,0.6743647514385872,0.013231461358621712,0.4256989247311828,0.6743647514385872,2023-05-31,-0.011354929231128357,-0.011227442417036342,0.03096334880523136,0.6806556614740757,-0.011227442417036342
2023-07,2023-06,2023-06-30,1.579713465734756,0.6123600495626442,0.009494815748739931,0.11062023562023562,0.6123600495626442,2023-06-30,0.09504478822015666,0.08679534320659046,0.0010146363575828969,0.8403261557948069,0.08679534320659046,2023-06-30,0.9745154436699746,0.4935466302854897,0.012793473920841734,0.3854634981802612,0.4935466302854897,2023-06-30,-0.21457611801668802,-0.1766674931556161,0.028674264420607887,0.6016890328551596,-0.1766674931556161
2023-08,2023-07,2023-07-28,1.5179858286358123,0.60285717710263,0.012362522001511632,0.3371670702179177,0.60285717710263,2023-07-31,-0.915916869657737,-0.4780566861553644,0.001032533940701741,0.8418938080983142,-0.4780566861553644,2023-07-31,0.3949379659448681,0.2831222431295394,0.010671825864548484,0.19430824984011938,0.2831222431295394,2023-07-31,-0.054735390749400516,-0.05189490295808738,0.02054462856912525,0.1751497005988024,-0.05189490295808738
2023-09,2023-08,2023-08-31,1.186619388879208,0.5426730389907645,0.011143783637940548,0.23345398138572906,0.5426730389907645,2023-08-31,-0.7161912844464841,-0.4173143698707655,0.0013170337300068677,0.8975384132957039,-0.4173143698707655,2023-08-31,-0.28194389677621307,-0.21993466132584705,0.007905782287016548,0.010712770470937633,-0.21993466132584705,2023-08-31,0.481923857747322,0.3252014975181628,0.01878225509834106,0.10526918671248568,0.3252014975181628
2023-10,2023-09,2023-09-27,0.9124730852315179,0.4771168244289602,0.011057758523008753,0.22856897440302354,0.4771168244289602,2023-09-30,-0.12720276797522442,-0.11284816857193905,0.0009319757360620935,0.7897159800249688,-0.11284816857193905,2023-09-29,-0.77755868635117,-0.43743066955909066,0.009115136161199371,0.09220532319391635,-0.43743066955909066,2023-09-29,0.8845267777871128,0.4693628067337731,0.018401970844096987,0.09954389965792475,0.4693628067337731
2023-11,2023-10,2023-10-31,-0.18184911956634553,-0.15386830396173687,0.014843152416833238,0.5132705479452054,-0.15386830396173687,2023-10-31,-1.0647488807890222,-0.5156796018613845,0.0016389706409854273,0.9426153129367915,-0.5156796018613845,2023-10-31,-0.09827249307934745,-0.08947915357855321,0.011689492022876348,0.29110597140454164,-0.08947915357855321,2023-10-31,2.2413002511580946,0.6914818367589652,0.029389413373401715,0.6329702745631949,0.6914818367589652
2023-12,2023-11,2023-11-30,-0.44410090506872096,-0.3075276135552227,0.012764723522716017,0.36514841351074717,-0.3075276135552227,2023-11-30,0.24286172982681062,0.19540526834039113,0.001697736352372094,0.9504560210233421,0.19540526834039113,2023-11-30,0.7566779500128885,0.4307436943734262,0.011275710015307475,0.2534017165585095,0.4307436943734262,2023-11-30,0.8749573603698438,0.466654537784931,0.03415464346331555,0.7799232158988256,0.466654537784931
2024-01,2023-12,2023-12-28,-0.1374144538698776,-0.12081300127877405,0.011326486251003293,0.24919231423227342,-0.12081300127877405,2023-12-31,1.2558268761750166,0.5567035704018202,0.0011364605388667038,0.8519230769230769,0.5567035704018202,2023-12-29,1.056325359546398,0.5136956341283517,0.012280375468572247,0.34469460079216174,0.5136956341283517,2023-12-29,-0.02764841367524389,-0.02690454566690092,0.02906561715415169,0.6170188848920863,-0.02690454566690092
2024-02,2024-01,2024-01-31,0.25234341966966595,0.2014969821426676,0.01377320171693887,0.4365469332429685,0.2014969821426676,2024-01-31,2.7675548740370384,0.7345758632764192,0.0010448499800072373,0.8256775378961874,0.7345758632764192,2024-01-31,1.2084677883513923,0.5471973803401072,0.009922706332951182,0.14975093399750933,0.5471973803401072,2024-01-31,-0.7271588838755166,-0.4210144710276266,0.02578499164132819,0.4865741776683822,-0.4210144710276266
2024-03,2024-02,2024-02-29,0.8602327191617258,0.46243285063245815,0.01448893420022966,0.4880087823002871,0.46243285063245815,2024-02-29,1.510908878507229,0.6017378374182522,0.0009520058568370913,0.7884908536585366,0.6017378374182522,2024-02-29,1.2072699799091584,0.5469516601493599,0.00804931504647674,0.016019016122364612,0.5469516601493599,2024-02-29,-0.8061070568474114,-0.4463229650707883,0.021250677487659048,0.21441300957897083,-0.4463229650707883
2024-04,2024-03,2024-03-29,1.8994339024517972,0.6551050882193288,0.013378147331327899,0.40658138360545365,0.6551050882193288,2024-03-31,0.9596314093870634,0.4896999531596702,0.0007952499917646226,0.6738734638142923,0.4896999531596702,2024-03-28,1.5444703229126662,0.6069908966926777,0.010657922601817948,0.20738987237546316,0.6069908966926777,2024-03-28,-0.1332886388899683,-0.11761226073926025,0.018833181765313445,0.1098913284542027,-0.11761226073926025
2024-05,2024-04,2024-04-30,1.928440497839695,0.65852131851827,0.015444398604961638,0.5584535390808454,0.65852131851827,2024-04-30,0.3304022006649831,0.24834760533306102,0.0009259820160243574,0.7717112218698082,0.24834760533306102,2024-04-30,1.7605645156235075,0.6377552510218593,0.015421353557268404,0.6265368852459017,0.6377552510218593,2024-04-30,1.1077748945111516,0.5255660352516315,0.018933343390762806,0.11619951445596999,0.5255660352516315
2024-06,2024-05,2024-05-31,1.6822454252424361,0.6271780387472878,0.014070970259240728,0.45595118689401537,0.6271780387472878,2024-05-31,0.8210554259450938,0.4508678946545416,0.0008141486040081731,0.6864852675886951,0.4508678946545416,2024-05-31,2.4654852103713414,0.7114401189746108,0.01300634884323356,0.4248266013871889,0.7114401189746108,2024-05-31,1.8356473685390982,0.6473468418200421,0.019135070688766607,0.12508236327696023,0.6473468418200421
2024-07,2024-06,2024-06-28,1.509295358871758,0.6014817480674635,0.011755253203405978,0.28303616063989334,0.6014817480674635,2024-06-30,1.2282087795254037,0.5512090208113287,0.000804658680286861,0.6753217599521102,0.5512090208113287,2024-06-28,2.3170138157316917,0.6985240172177539,0.012570587031050618,0.3786831944726682,0.6985240172177539,2024-06-28,1.2446173063984385,0.5544897577197546,0.01770268652729241,0.07797462817147857,0.5544897577197546
2024-08,2024-07,2024-07-31,1.6077277399593768,0.6165243845526688,0.013179270732601266,0.3913512616201859,0.6165243845526688,2024-07-31,2.473988302085449,0.7121464112588703,0.0007455620687724937,0.6179800387308207,0.7121464112588703,2024-07-31,1.9029328749375554,0.6555207980751154,0.01311348224817278,0.4348573740643334,0.6555207980751154,2024-07-31,0.8765979790880238,0.46712081588941434,0.021457625314274885,0.2410753156290814,0.46712081588941434
2024-09,2024-08,2024-08-30,0.33739867472184504,0.25227980339670814,0.017815479681164408,0.6673560555923229,0.25227980339670814,2024-08-31,4.889003314312503,0.8301919787394886,0.0008115295886889733,0.6786032028469751,0.8301919787394886,2024-08-30,1.421099005836089,0.5869644332637833,0.014209914908493762,0.5404833836858006,0.5869644332637833,2024-08-30,0.016059685280451406,0.015805848330670294,0.027540619502860568,0.5757149046793761,0.015805848330670294
2024-10,2024-09,2024-09-30,-0.30000691948844843,-0.23077332511930082,0.02000656901263935,0.7275651600131969,-0.23077332511930082,2024-09-30,2.8438355172804495,0.7398431864463572,0.0006745081982991258,0.536241511662238,0.7398431864463572,2024-09-30,1.455555439704012,0.5927601617821595,0.014008848750799469,0.5226680040120361,0.5927601617821595,2024-09-30,-0.8753176284504944,-0.4667569990123417,0.029019224675642864,0.6262942191544435,-0.4667569990123417
2024-11,2024-10,2024-10-31,-0.6514934438454822,-0.3944874539304787,0.015812522808205283,0.5797566189771419,-0.3944874539304787,2024-10-31,1.5897958655116362,0.6138691804566452,0.0009170383219885846,0.762747979426892,0.6138691804566452,2024-10-31,1.957266038173812,0.6618498345798047,0.011913305219919151,0.31040335463258784,0.6618498345798047,2024-10-31,-0.575474909545749,-0.3652707549063245,0.029319915549883422,0.6335050440008586,-0.3652707549063245
2024-12,2024-11,2024-11-29,-1.3126691163081352,-0.5675991896340254,0.01586746956483762,0.582445500737584,-0.5675991896340254,2024-11-30,1.1631513974900471,0.537711506850458,0.0011460211235072549,0.8577176298463789,0.537711506850458,2024-11-29,2.385008003981605,0.7045797236450392,0.013431557700341464,0.4662887828162291,0.7045797236450392,2024-11-29,-0.5686393026881988,-0.3625048165717344,0.02541899885100414,0.47499465697798676,-0.3625048165717344
2025-01,2024-12,2024-12-30,-2.2012595551216814,-0.6876229550334011,0.01688274022640864,0.6295539944453521,-0.6876229550334011,2024-12-31,1.4274860065276007,0.5880511783338966,0.0009661947926815784,0.7919458199825226,0.5880511783338966,2024-12-31,2.389374195825991,0.7049602840455036,0.011081830813207552,0.23440285204991088,0.7049602840455036,2024-12-31,-0.14568246761545312,-0.127157804831095,0.01971954049966932,0.14797872340425533,-0.127157804831095
2025-02,2025-01,2025-01-31,-1.3558890888203405,-0.575531800395269,0.014998412707428329,0.5249226258348265,-0.575531800395269,2025-01-31,1.6502554136454233,0.6226778766864205,0.0006298703316903056,0.47897636653617515,0.6226778766864205,2025-01-31,2.856633524018824,0.740706501208353,0.010461988341035027,0.1853422765831525,0.740706501208353,2025-01-31,0.8929289530550936,0.4717181548805361,0.023491461827990424,0.3579449152542373,0.4717181548805361
2025-03,2025-02,2025-02-28,-0.5162727197807486,-0.3404880355925688,0.01540863939059135,0.5522812144828706,-0.3404880355925688,2025-02-28,1.4818096005214854,0.597068203866293,0.0007261203399109794,0.5853429602888086,0.597068203866293,2025-02-28,2.8808045908255098,0.7423214757156108,0.01231513579138721,0.35485455974842767,0.7423214757156108,2025-02-28,1.5055472884852494,0.6008856010837621,0.02190060274272033,0.2575437856087782,0.6008856010837621
2025-04,2025-03,2025-03-31,0.16124252312122347,0.13885344354065748,0.016268665214823903,0.6024437611263959,0.13885344354065748,2025-03-31,1.2617677125042193,0.5578679479455455,0.0007116485309905656,0.5739649223691777,0.5578679479455455,2025-03-31,2.867366783538791,0.7414261289473658,0.010784371608855743,0.2107065962027794,0.7414261289473658,2025-03-31,0.7961932559359032,0.44326703338001794,0.020009929128340122,0.16039915966386556,0.44326703338001794
2025-05,2025-04,2025-04-30,0.3343655131832572,0.2505801520496405,0.015673963213020763,0.5685373326882761,0.2505801520496405,2025-04-30,3.3706887359466124,0.7712031076989019,0.0009722507249009163,0.7922273117663899,0.7712031076989019,2025-04-30,3.3168302208740736,0.7683485453830241,0.0202138162162537,0.8681286549707602,0.7683485453830241,2025-04-30,-0.02867787729334185,-0.027878384406204115,0.03779848381912834,0.8639405982012132,-0.027878384406204115
2025-06,2025-05,2025-05-30,0.8007728694343073,0.44468288201491013,0.013136863498324039,0.3769292604501608,0.44468288201491013,2025-05-31,2.181436316501974,0.685676562245473,0.0008248562316992617,0.6805614935157475,0.685676562245473,2025-05-30,3.046786583205739,0.7528903540033408,0.020121325636514288,0.8626480295088332,0.7528903540033408,2025-05-30,-0.7853998851785348,-0.43990138662969447,0.028877065865716034,0.6198458975426906,-0.43990138662969447
2025-07,2025-06,2025-06-30,1.1077665800626375,0.5255641637650965,0.01675182507929278,0.6266228562269595,0.5255641637650965,2025-06-30,0.43706061239305827,0.30413512737312115,0.0007828267019990507,0.6382148431956861,0.30413512737312115,2025-06-30,1.7662132539385182,0.638494971934573,0.016657844713355238,0.721427190098627,0.638494971934573,2025-06-30,-0.9971328654419059,-0.49928218732771706,0.03397024277920716,0.7850476980506014,-0.49928218732771706
2025-08,2025-07,2025-07-31,1.5883714971287168,0.6136566945242207,0.015834830429172903,0.5792877674864261,0.6136566945242207,2025-07-31,-0.25996121725998833,-0.2063247770636311,0.0005961228075146283,0.4323961571065273,-0.2063247770636311,2025-07-31,1.0452013123675543,0.5110505777827876,0.012948641133945754,0.4220103986135182,0.5110505777827876,2025-07-31,-0.30359089937408196,-0.2328881702993254,0.023132457542407513,0.33206028075970273,-0.2328881702993254
2025-09,2025-08,2025-08-29,2.1968963533444636,0.6871966152565939,0.014022576755438613,0.44229544730977394,0.6871966152565939,2025-08-31,-0.09018643018246919,-0.08272569506059096,0.0004945998036592885,0.2743705162470108,-0.08272569506059096,2025-08-29,0.6786908080807444,0.40429768532341875,0.010047109760227957,0.1541043344840813,0.40429768532341875,2025-08-29,0.11467758726572296,0.10287960265445392,0.019846683363489295,0.14953751284686537,0.10287960265445392
2025-10,2025-09,2025-09-30,3.2206523494208525,0.7630698012506959,0.014138811092331128,0.4536008883248731,0.7630698012506959,2025-09-30,0.9892309945199693,0.4972931737164518,0.0007091880421520293,0.5661157024793388,0.4972931737164518,2025-09-30,0.8094945365744116,0.4473594809006061,0.012840512955325933,0.41709646609360074,0.4473594809006061,2025-09-30,0.6213204181144047,0.38321877105390445,0.021503191111843314,0.23853868194842406,0.38321877105390445
2025-11,2025-10,2025-10-31,3.110092042927955,0.7566964463190907,0.019575189536669882,0.7269060423916482,0.7566964463190907,2025-10-31,0.3195077443312987,0.2421416211491954,0.0012035069880664705,0.8735704323570432,0.2421416211491954,2025-10-31,1.5960164070994443,0.6147944222288986,0.021713695130581356,0.9011981742107266,0.6147944222288986,2025-10-31,0.44980076547159353,0.3102500537894817,0.022494196086978304,0.2956814015074353,0.3102500537894817
2025-12,2025-11,2025-11-28,2.8630254031656595,0.7411355361058399,0.028400830884404156,0.8766162093976664,0.7411355361058399,2025-11-30,-1.0985608947818442,-0.5234829723137698,0.0012119935361234277,0.8740972222222222,-0.5234829723137698,2025-11-28,2.526766134652577,0.7164541220427392,0.017273116208656163,0.7554481713094562,0.7164541220427392,2025-11-28,-0.022045466917985337,-0.021569947357101667,0.021976998632088282,0.2622767857142857,-0.021569947357101667
2026-01,2025-12,2025-12-30,2.8301442106730654,0.7389132249346111,0.01892531359809309,0.7027345591702028,0.7389132249346111,2025-12-31,-1.919866242168541,-0.6575185583647438,0.0007719897022484069,0.6229428848015489,-0.6575185583647438,2025-12-31,3.792349530263646,0.7913340849441368,0.017180700866840194,0.7523117569352709,0.7913340849441368,2025-12-31,-0.37752933890216706,-0.2740626484246369,0.02124336059929895,0.22474747474747475,-0.2740626484246369
2026-02,2026-01,2026-01-30,3.427399365732718,0.774133770777531,0.022638381883231914,0.7881422305764411,0.774133770777531,2026-01-31,-1.6097954099055716,-0.6168282018565653,0.0011283075620250433,0.8527265216193886,-0.6168282018565653,2026-01-30,3.834084811034863,0.7931356111673341,0.03460805359938828,0.9858056025568716,0.7931356111673341,2026-01-30,0.1597806251728078,0.1377679724120244,0.025459712289851753,0.4904426559356137,0.1377679724120244
2026-03,2026-02,2026-02-27,3.5105064864637883,0.7782954080653604,0.028019487244053218,0.8711920012498047,0.7782954080653604,2026-02-28,-1.1775655659813837,-0.5407715773879255,0.0010698730135105727,0.8329903978052127,-0.5407715773879255,2026-02-27,3.695751470916854,0.7870415403810228,0.03003286045073196,0.9723679280629449,0.7870415403810228,2026-02-27,0.6997021388318804,0.41166162167257747,0.02554451726920397,0.4953898576869112,0.41166162167257747
2026-04,2026-03,2026-03-31,3.002774704644612,0.7501732988270233,0.05039192170156978,0.9894892556835877,0.7501732988270233,2026-03-31,-1.1559295092344077,-0.5361629423797302,0.0016289599172102274,0.9437918317169786,-0.5361629423797302,2026-03-31,1.951104821158704,0.6611438560805285,0.03257234854139272,0.9767723880597015,0.6611438560805285,2026-03-31,1.1588158209619335,0.5367830871489462,0.05082883230527455,0.9490121732189184,0.5367830871489462
2026-05,2026-04,2026-04-30,2.849646709110044,0.7402359033015841,0.02919608468173126,0.8852420856610801,0.7402359033015841,2026-04-30,-0.6776467805837674,-0.40392696986428095,0.0015288538992847935,0.924296014147735,-0.40392696986428095,2026-04-30,1.1586070817202818,0.5367382936578438,0.0233486074712682,0.9168370191414236,0.5367382936578438,2026-04-30,1.8512119195587222,0.6492719488368411,0.04882921828104914,0.9390898251192369,0.6492719488368411
2026-06,2026-05,2026-05-29,3.244150862193885,0.764381608366513,0.04069678258257013,0.9657226864747757,0.764381608366513,2026-05-31,-0.8343802225439791,-0.454856747957538,0.0012170496419170703,0.8669059875372528,-0.454856747957538,2026-05-29,0.42588006372423504,0.2986787420338042,0.019923879713727603,0.8441955193482689,0.2986787420338042,2026-05-29,2.765521296408644,0.7344325204178908,0.051276062481946647,0.9454671417260491,0.7344325204178908
2026-07,2026-06,2026-06-30,3.174537324254509,0.7604524951328396,0.05902763893924548,0.9956038870893105,0.7604524951328396,2026-06-30,-1.5704109446153522,-0.6109571498305131,0.0012232012406928978,0.8655558553696708,-0.6109571498305131,2026-06-30,-0.4160474448416182,-0.2938089725433968,0.02349976903003679,0.9170970121726301,-0.2938089725433968,2026-06-30,1.6358214820901809,0.6206116359568441,0.04805423401321108,0.9311058545239503,0.6206116359568441
