month,macro_signal_month,stress_signal_month,technical_signal_month,futures_signal_month,futures_signal_date,stress_score,recovery_score,return,gross_return,nav,drawdown,turnover,trade_cost,fx_cost,p_Goldilocks,p_Overheating,p_Slowdown,p_Stagflation,w_KODEX200,w_BOND,w_GLD,w_USO,policy,solver_success,used_fallback,solver_status,solver_message,solver_iterations,objective_value,expected_monthly_return,expected_monthly_variance,expected_annual_log_growth,downside_risk_aversion_lambda,estimated_transaction_cost,monthly_utility,expected_annual_volatility,historical_cdar,sum_error,volatility_slack,cdar_slack,futures_mu_adjustment_KODEX200,futures_stress_confirmation_multiplier,original_stress_mu_adjustment_KODEX200,confirmed_stress_mu_adjustment_KODEX200,signed_close_theory_basis,basis_change_20d,oi_log_change_20d,basis_change_z,oi_change_z,basis_oi_interaction_score,futures_dislocation,futures_dislocation_rank,annualized_calendar_spread,futures_turnover,calibration_observations,basis_calibration_slope,augmented_basis_slope,augmented_interaction_slope
2007-04,2007-03,2007-03,2007-03,2007-03,2007-03-08,0.44154815101722783,0.8531976744186046,0.015544039603579439,0.01704403993510148,1.0155440396035795,0.0,1.0,0.0015,3.315220413145014e-10,0.3429454267428201,0.07263428340210744,0.4822763499007575,0.102143939954315,0.29514696275810093,0.7048523741978164,6.630440824173692e-07,2.1163358691431547e-16,Stage34_basis_oi_alpha,True,False,0,Optimization terminated successfully,9,-0.0021154436866356345,0.003722170979301609,0.00013015449596000101,0.043885124775859305,1.0,0.001500002905127007,0.0021154436866356345,0.03952029796851249,-0.020604383820023886,0.0,0.09047970203148752,0.13939561617997612,0.0,1.0,0.0,0.0,-0.0037512232249646837,-0.0024597897337894636,-0.6037244264824432,-0.2543586660320558,-1.558582016678006,0.396438842663769,0.0037512232249646837,0.5610687022900763,0.056478587953497805,3.986962231115558,12.0,0.0,0.0,0.0
2007-05,2007-04,2007-04,2007-04,2007-04,2007-04-30,0.4955475396676942,0.0,0.02973883879349521,0.029738854056109758,1.0457451400850453,0.0,4.507964914447688e-06,1.3523894743343063e-08,1.7387198051114084e-09,0.3824198999494422,0.1333930097136458,0.3589727499538459,0.12521434038306603,0.3082727969008072,0.6917230858217849,4.117277407646984e-06,1.9036485424765213e-16,Stage34_basis_oi_alpha,True,False,0,Optimization terminated successfully,2,-0.004101265734607631,0.004212635525389443,0.00013651052015084983,0.049732563183768216,1.0,1.781699816189728e-08,0.004101265734607631,0.04047377227057292,-0.02179813043410722,0.0,0.08952622772942709,0.13820186956589278,0.0,1.0,-7.277578310079272e-06,-7.277578310079272e-06,0.0009010361916201859,0.00415699669997005,0.0017064225284674302,0.04204582295107357,0.2643149469485975,0.011113339462723132,-0.0009010361916201859,0.3371212121212121,0.030973042025024905,1.5281799519925274,13.0,0.0,0.0,0.0
2007-06,2007-05,2007-05,2007-05,2007-05,2007-05-31,0.5871695775491049,0.0,0.009957743414841643,0.011613750130018129,1.0561584018673298,0.0,0.5520020998471672,0.0016560062995415016,4.156349836939953e-10,0.32986573743684366,0.1297630813977513,0.387812797762994,0.15255838340241104,0.8787214702280999,0.12127361867237678,4.911099523122317e-06,2.471271214039555e-16,Stage34_basis_oi_alpha,True,False,0,Optimization terminated successfully,14,-0.008954461080240079,0.011781455810399298,0.0014083333333947364,0.13292746972442315,1.0,0.001656009153415889,0.008954461080240079,0.130000000002834,-0.07660960551863188,0.0,-2.8339830482337902e-12,0.08339039448136812,-0.0,1.0,0.0,0.0,0.0015216489140958966,0.0027154411942390544,0.19909867706020684,-0.022711074770276073,0.8530853798832552,-0.019374485847957975,-0.0015216489140958966,0.2894736842105263,0.02668787666691745,1.7853691215220402,14.0,0.0,0.0,0.0
2007-07,2007-06,2007-06,2007-06,2007-06,2007-06-14,0.4727490475190912,0.18767123287671234,0.08314775633835356,0.08328999519771059,1.1439756033204995,0.0,0.047412883200060464,0.0001422386496001814,2.097568550834967e-10,0.3726100344142113,0.12204754043204279,0.38065859698200916,0.12468382817173676,0.8326560689466883,0.1673396222739141,4.3087793977195425e-06,2.8175111616619446e-18,Stage34_basis_oi_alpha,True,False,0,Optimization terminated successfully,8,-0.008428285818434992,0.009662031545089074,0.0014083333333446018,0.10749437854100127,1.0,0.0001422416892243221,0.008428285818434992,0.1300000000005201,-0.07210453827926577,0.0,-5.200839758856546e-13,0.08789546172073423,0.0,1.0,0.0,0.0,-0.006504499688140486,-0.0034811418103426472,-0.4259959275352297,-0.3013616149230229,-1.0222760737538263,0.30807476848362036,0.006504499688140486,0.6902985074626866,0.04471605968301301,2.0197668707246654,15.0,0.0,0.0,0.0
2007-08,2007-07,2007-07,2007-07,2007-07,2007-07-31,0.6341131253053367,0.16124661246612465,-0.012681481539895931,-0.012272243017577657,1.1294682978248993,-0.0126814815398959,0.13641244722822088,0.00040923734168466267,1.1806336108906343e-09,0.3282145338471756,0.10819526939321378,0.4238642036379763,0.13972599312163433,0.7079136999628877,0.29208457277256,1.7272645523673609e-06,0.0,Stage34_basis_oi_alpha,True,False,0,Optimization terminated successfully,7,-0.012016429274503394,0.013383585474473436,0.0014083333365690488,0.15215302567426695,1.0,0.00040924042837470464,0.012016429274503394,0.1300000001493407,-0.059876695778700806,0.0,-1.49340706467882e-10,0.1001233042212992,-0.0,1.0,0.0,0.0,-0.0021153689691643107,0.002069653057267362,0.035024662772817676,-0.049596030169194956,0.36434819619870296,-0.018070224130762636,0.0021153689691643107,0.45555555555555555,0.026889412512081306,2.6565977218554684,16.0,0.0,0.0,0.0
2007-09,2007-08,2007-08,2007-08,2007-08,2007-08-31,0.676341430829936,0.05952380952380952,0.025314446704097646,0.025420342931930445,1.1580601628541556,0.0,0.03529818176613669,0.00010589454529841006,1.6825343900264753e-09,0.36907606328132014,0.0977704766240169,0.4214964947934556,0.11165696530120746,0.6696250130610737,0.3303698287522056,5.158186720722981e-06,0.0,Stage34_basis_oi_alpha,True,False,0,Optimization terminated successfully,8,-0.010166368134883313,0.01119543802046544,0.0014083333333345445,0.125895256245578,1.0,0.00010589801875985486,0.010166368134883313,0.1300000000000559,-0.056115400090207546,0.0,-5.589972928987663e-14,0.10388459990979246,0.0,1.0,0.0,0.0,0.0011309847945377705,0.007763355867196231,-0.10014859877131685,0.20854447218546407,-0.04277532147538863,-0.008920556839648468,-0.0011309847945377705,0.31985294117647056,0.0284290592636617,2.20083795585979,17.0,0.0,0.0,0.0
2007-10,2007-09,2007-09,2007-09,2007-09,2007-09-13,0.5193018641774033,0.5427461139896373,0.04756785432537234,0.047737750578200934,1.213146599980819,0.0,0.05663191612835855,0.00016989574838507566,5.044435230654495e-10,0.39272223717645033,0.06551509001248977,0.4643058002067272,0.07745687260433265,0.7336280581562301,0.2663675597498419,4.382093927988181e-06,3.506854805873537e-18,Stage34_basis_oi_alpha,True,False,0,Optimization terminated successfully,11,-0.01254022727350925,0.013667342672669452,0.001408333333333365,0.15555811207203324,1.0,0.00016989857610409927,0.01254022727350925,0.13000000000000145,-0.062400850284551,0.0,-1.4432899320127035e-15,0.097599149715449,0.0,1.0,0.0,0.0,-0.0017531856666382906,0.003049622128688201,-0.5286414106823466,-0.006571447091476304,-1.333137555329253,0.008760642910506251,0.0017531856666382906,0.4197080291970803,0.03166023764258634,3.8194455146480912,18.0,0.0,0.0,0.0
2007-11,2007-10,2007-10,2007-10,2007-10,2007-10-31,0.7818130798505039,0.0,-0.053877362904434366,-0.053529023586036846,1.1477854603573718,-0.053877362904434345,0.09952551954214862,0.0002985765586264459,4.9762759771074304e-05,0.46394896786708834,0.19175007547114664,0.24361492532554746,0.10068603133621763,0.6781135552616963,0.2223565001068846,0.09952994463141922,0.0,Stage34_basis_oi_alpha,True,False,0,Optimization terminated successfully,10,-0.015208734709920511,0.01648398368106396,0.0014083333333436206,0.18935780417270578,1.0,0.0003483408184415094,0.015208734709920511,0.1300000000004748,-0.06275990018958594,0.0,-4.747868764809482e-13,0.09724009981041407,-0.0,1.0,0.0,0.0,-0.0009921392047622657,-0.0005682634388958219,-0.0035731799456723687,-0.17165062870672537,0.2572527466543664,-0.044157595699753936,0.0009921392047622657,0.38768115942028986,-0.031531281057241074,1.7090493862403655,19.0,0.0,0.0,0.0
2007-12,2007-11,2007-11,2007-11,2007-11,2007-11-30,0.6626775724585523,0.7723880597014925,0.022961638942733082,0.023637266029754817,1.1741404956818167,-0.0321528365158994,0.1930367680895978,0.0005791103042687934,9.651678275294153e-05,0.3303845902520425,0.22506108407086484,0.2644253174041543,0.18012900827293832,0.46593367521616574,0.2341673543709398,0.2998989704128945,1.4230894658911217e-18,Stage34_basis_oi_alpha,True,False,0,Optimization terminated successfully,16,-0.009799442333987081,0.0113808592487501,0.0014083333342891763,0.12812031097926613,1.0,0.0006756288157709015,0.009799442333987081,0.13000000004411583,-0.05554608740419498,0.0,-4.411582210650522e-11,0.10445391259580503,0.0,1.0,-0.0005781325728853524,-0.0005781325728853524,0.001485209785882402,0.008977307963585535,0.04348960350570076,0.2661521662559889,0.3980937179097498,0.10595350539458048,-0.001485209785882402,0.2841726618705036,-0.014069304260881696,2.028108873606626,20.0,0.0,0.0,0.0
2008-01,2007-12,2007-12,2007-12,2007-12,2007-12-13,0.5132411542673639,0.015931372549019607,0.013873095917840672,0.01460456901582238,1.1904294593994313,-0.018725799983074554,0.20899231370905894,0.0006269769411271769,0.00010449615685452946,0.23527417869557943,0.24077260879188606,0.25895072709012407,0.2650024854224105,0.363196650386023,0.10954024561974265,0.5272631039942343,6.757459446605358e-17,Stage34_basis_oi_alpha,True,False,0,Optimization terminated successfully,12,-0.013325872950863044,0.014972750400945235,0.0014083333334335747,0.17122300481074137,1.0,0.0007314745980011603,0.013325872950863042,0.13000000000462653,-0.05998081219294767,0.0,-4.626521388217952e-12,0.10001918780705232,0.0,1.0,6.303466285221209e-05,6.303466285221209e-05,-0.005750173320827057,-0.0034958357337734336,-0.45649797922778373,-0.3080441590837335,-1.1149570236743107,0.3434559987722554,0.005750173320827057,0.6678571428571428,-0.0388496563250707,3.3460930360743246,21.0,0.0,0.0,0.0
2008-02,2008-01,2008-01,2008-01,2008-01,2008-01-31,0.6374043030072718,0.8841463414634146,0.04211445751789007,0.04255502654822572,1.2405637502953535,0.0,0.13578322327990353,0.0004073496698397106,3.321936049593552e-05,0.21111358580875786,0.2406430955114571,0.25620343359159486,0.2920398850881902,0.17730352824266873,0.17996216577341922,0.642734305983912,9.844216912989479e-18,Stage34_basis_oi_alpha,True,False,0,Optimization terminated successfully,10,-0.016093620108447833,0.017404536922389458,0.0014083333340021696,0.2004044430646605,1.0,0.0004405705303670366,0.016093620108447833,0.13000000003086937,-0.05484795112902848,0.0,-3.086936262164386e-11,0.10515204887097152,-0.0,1.0,-6.144217526168083e-05,-6.144217526168083e-05,-0.005691329092735176,-0.0004237353295661883,0.25378451136628793,-0.16521134020501746,1.0392254562954655,-0.17169183040974464,0.005691329092735176,0.6631205673758865,0.04508393358261478,2.454133635334088,22.0,0.0,0.0,0.0
2008-03,2008-02,2008-02,2008-02,2008-02,2008-02-29,0.587668445200261,0.0,-0.03477146607685803,-0.03463544533603634,1.1974275299357788,-0.03477146607685799,0.03886309315354273,0.00011658927946062819,1.9431461361062656e-05,0.19252177382100585,0.2509316611680591,0.24162025470055298,0.31492631031038215,0.13276386970743798,0.17378200767040347,0.6934541226221586,0.0,Stage34_basis_oi_alpha,True,False,0,Optimization terminated successfully,12,-0.019529273590977447,0.02053855629701792,0.0014083333333333445,0.23801267556421496,1.0,0.00013602350684880482,0.019529273590977447,0.1300000000000005,-0.056541098124099985,0.0,-4.996003610813204e-16,0.10345890187590001,-0.0,1.0,-0.0002069403713840613,-0.0002069403713840613,-0.001611047180667402,-0.004084528605773352,-0.040228489740758315,-0.3339766813024387,0.14380188798813662,-0.048026477315302886,0.001611047180667402,0.41901408450704225,0.053272448460359015,1.8450665884914985,23.0,0.0,0.0,0.0
2008-04,2008-03,2008-03,2008-03,2008-03,2008-03-13,0.5274413701575932,0.5959715639810427,-0.00011984891881465019,0.0002437998137056199,1.197284019540957,-0.03488714767305778,0.10389963786293431,0.0003116989135888029,5.194981893146716e-05,0.24022743410559233,0.3203330257697091,0.18832122621024894,0.2511183139144496,0.1407558452920283,0.28393105289459863,0.575313101813373,1.5914514543659233e-18,Stage34_basis_oi_alpha,True,False,0,Optimization terminated successfully,14,-0.01485518542393764,0.016068278043236635,0.0014083333333723266,0.18436933651860565,1.0,0.00036365060770709247,0.01485518542393764,0.13000000000179968,-0.0461587918467549,0.0,-1.7996715229173788e-12,0.11384120815324511,0.0,1.0,6.427323186324387e-05,6.427323186324387e-05,0.00234810683886133,0.007323231216970871,-0.7778036589506454,0.19676890216534196,-2.0916328266939113,-0.4115682950415519,-0.00234810683886133,0.24125874125874125,0.021475290591487124,4.94617011433481,24.0,0.0,0.0,0.0
2008-05,2008-04,2008-04,2008-04,2008-04,2008-04-30,0.4680286725621713,0.6616279069767442,0.03959247776577663,0.039903263307606435,1.244687460463952,0.0,0.0917844782915226,0.0002753534348745678,3.54321069552353e-05,0.21768382175858922,0.3339607848638936,0.17692498823483618,0.271430405142681,0.1546550309862319,0.21559617810173826,0.5379643126205071,0.09178447829152259,Stage34_basis_oi_alpha,True,False,0,Optimization terminated successfully,24,-0.014947981092612757,0.016135642943953178,0.0014083333350086895,0.185177715317386,1.0,0.00031078633661090654,0.014947981092612755,0.13000000007732412,-0.06047600846144141,1.1102230246251565e-16,-7.732411932970251e-11,0.09952399153855859,0.0,1.0,0.0004304611000669528,0.0004304611000669528,0.002198917456021743,0.006877970742716011,-0.009860122353442866,0.17532256552269943,0.24704130824653917,0.04331191595186725,-0.002198917456021743,0.2604166666666667,0.025306008302655336,1.8147570315738943,25.0,0.0,0.0,0.0
2008-06,2008-05,2008-05,2008-05,2008-05,2008-05-30,0.5104176318429294,0.7745995423340961,0.046763050092731864,0.04705940805254058,1.3028928425274229,0.0,0.09224338106401236,0.0002767301431920371,1.9627816616676417e-05,0.23636881989914413,0.4236576198316693,0.12175140933825625,0.2182221509309303,0.14758023131680065,0.24490390323418204,0.45350716670602126,0.15400869874299603,Stage34_basis_oi_alpha,True,False,0,Optimization terminated successfully,13,-0.01765005592664503,0.01881834066429024,0.0014083333385286534,0.21737008794031096,1.0,0.00029635899139012086,0.01765005592664503,0.130000000239784,-0.06928034211048935,0.0,-2.397839982126726e-10,0.09071965788951065,-0.0,1.0,0.0003037640499307046,0.0003037640499307046,-0.002353831280736407,-0.002353831280736407,-0.0022937543507356305,-0.2566807652258616,0.26887182001647997,-0.0690142245095002,0.002353831280736407,0.4793103448275862,0.039517452765925803,2.1668223892920775,26.0,0.0,0.0,0.0
2008-07,2008-06,2008-06,2008-06,2008-06,2008-06-12,0.6831293231709922,0.0,-0.06052169243061823,-0.06041493661419242,1.2240395626419243,-0.060521692430618224,0.030502121404926322,9.150636421477897e-05,1.5249452211028622e-05,0.12925401802483139,0.2985373264331797,0.1728886496548744,0.3993200058871146,0.13630428455417026,0.25422059267654273,0.4690806512181918,0.14039447155109525,Stage34_basis_oi_alpha,True,False,0,Optimization terminated successfully,26,-0.0171976797230781,0.01816459400580208,0.0014083333461462687,0.20952512799274736,1.0,0.0001067560443378252,0.0171976797230781,0.13000000059136624,-0.06648745905198965,0.0,-5.913662337597714e-10,0.09351254094801036,0.0,1.0,-5.927164571140709e-05,-5.927164571140709e-05,-0.021323367773136925,-0.02384384666412609,-0.3946371671297015,-1.2631909653519673,-0.9148942756219592,1.1556861832178915,0.021323367773136925,0.928082191780822,0.026937569421806983,3.1388490958726383,27.0,0.0,0.0,0.0
2008-08,2008-07,2008-07,2008-07,2008-07,2008-07-31,0.5052696849588909,0.09581497797356828,-0.025050480865472652,-0.024664573799391337,1.193376782999381,-0.08405607579791174,0.12432406675886368,0.00037297220027659105,1.2934865804725679e-05,0.09954953119571709,0.2844692278230419,0.15968137577894503,0.45629986520229604,0.1631013396914781,0.2718467467405491,0.5650519135679728,2.867037119866356e-17,Stage34_basis_oi_alpha,True,False,0,Optimization terminated successfully,20,-0.010419124955507394,0.011704448663756317,0.001408333333592669,0.1320033839635198,1.0,0.00038590771176774246,0.010419124955507394,0.13000000001196935,-0.04723921715218534,0.0,-1.1969342184059428e-11,0.11276078284781466,-0.0,1.0,5.9634041430391736e-05,5.9634041430391736e-05,-0.0019469457288876502,0.0008437967048322559,-0.02777847870109182,-0.09699004802596971,0.19743615581665735,-0.019149342234720434,0.0019469457288876502,0.445578231292517,0.03699482110094118,2.2671614809997034,28.0,0.0,0.0,0.0
2008-09,2008-08,2008-08,2008-08,2008-08,2008-08-29,0.6021767779138312,0.9181222707423581,0.034972484439411325,0.03642713966572341,1.2351121339731816,-0.052023241161380906,0.4643533998434098,0.0013930601995302294,6.159502678186131e-05,0.06351298359069107,0.20660719757728274,0.17161562959203006,0.5582641892399961,5.551115123125783e-17,0.5557023544104138,0.2572783468232399,0.18701929876634626,Stage34_basis_oi_alpha,True,False,0,Optimization terminated successfully,14,-0.009886894333250958,0.01220945569613539,0.0014083333353869692,0.13806346834130287,1.0,0.001454655226328118,0.00988689433325096,0.13000000009478319,-0.05525323613783887,0.0,-9.478318130362595e-11,0.10474676386216114,-0.0,1.0,0.00018441808727770874,0.00018441808727770874,-0.0013203063110641677,0.0006266394178234824,0.23253221792364953,-0.10685322687886577,0.9845411383604765,-0.10520139762880877,0.0013203063110641677,0.4155405405405405,0.03904953706149832,1.9475879170423804,29.0,0.0,0.0,0.0
2008-10,2008-09,2008-09,2008-09,2008-09,2008-09-11,0.6080814217442396,0.788961038961039,-0.05706993574206072,-0.05675469539603059,1.1646243638530926,-0.10612421387326798,0.10470598982770432,0.00031411796948311297,1.122376547017516e-06,0.09834001144156536,0.29828770585927694,0.14960032946752552,0.45377195323163216,0.0,0.5368406568736054,0.39215838297454597,0.07100096015184874,Stage34_basis_oi_alpha,True,False,0,Optimization terminated successfully,9,-0.014338711083547036,0.015464989086918495,0.0014083333333371512,0.17712986904299904,1.0,0.0003152418464900964,0.014338711083547036,0.13000000000017622,-0.0388744230276726,0.0,-1.7622014958362797e-13,0.1211255769723274,0.0,1.0,0.00010809306642667572,0.00010809306642667572,0.005289577373562837,0.00593576486734948,-0.4301140652688136,0.14359025031264375,-1.0276613795531884,-0.1475621547266791,-0.005289577373562837,0.15100671140939598,0.056666920829067435,3.303825848777363,30.0,0.0,0.0,0.0
2008-11,2008-10,2008-10,2008-10,2008-10,2008-10-31,0.8504830122889445,0.0,0.09026703185442052,0.09044383061722779,1.269751548403454,-0.02543669981307095,0.05441056726436595,0.00016323170179309787,1.3567061014174276e-05,0.047132551927387,0.12748365408569,0.22278828190322117,0.6025955120837018,1.7135532443939843e-17,0.6039167923851397,0.3960832076148602,8.013609307383485e-17,Stage34_basis_oi_alpha,True,False,0,Optimization terminated successfully,7,-0.0057769417293250845,0.0067629705841046155,0.0014083333333996364,0.07270564700885757,1.0,0.00017680026288540644,0.0057769417293250845,0.13000000000306014,-0.029614132312099917,0.0,-3.0601354783499346e-12,0.1303858676879001,-0.0,1.0,-0.0016202673163451943,-0.0016202673163451943,-0.010034345747188422,-0.008139893785077512,0.03170065491180502,-0.522121703629254,0.37697754987380894,-0.1968281605700952,0.010034345747188422,0.85,0.02990246253495725,3.9614014652756677,31.0,0.0,0.0,0.0
2008-12,2008-11,2008-11,2008-11,2008-11,2008-11-28,0.587662425438711,0.9307036247334755,0.03593754682811184,0.03635877096369309,1.3153833041342706,0.0,0.12034975302321524,0.00036104925906964573,6.0174876511607615e-05,0.014947308057877045,0.037896777680945536,0.2679094742839133,0.6792464399772641,2.2532664019001033e-17,0.6759489069938351,0.32405109300616497,0.0,Stage34_basis_oi_alpha,True,False,0,Optimization terminated successfully,6,-0.008512527587445504,0.009698239307307656,0.0014083333333333344,0.10792887168769186,1.0,0.0004212271355957942,0.008512527587445504,0.13000000000000006,-0.022845697115422142,0.0,-5.551115123125783e-17,0.13715430288457786,0.0,1.0,-9.977346416865898e-05,-9.977346416865898e-05,-0.004470304406442915,0.005564041340745507,0.023801995751339608,0.1293307255971479,0.35157564844918876,0.045469533716221366,0.004470304406442915,0.6324503311258278,-0.0014296877752475975,2.9332352237165225,32.0,0.0,0.0,0.0
2009-01,2008-12,2008-12,2008-12,2008-12,2008-12-11,0.7572844152837244,0.0,0.037499611135241744,0.037557280500295644,1.3647096665330951,0.0,0.01647696144397266,4.9430884331917976e-05,8.238480721986298e-06,0.019497086277019505,0.036851567747183886,0.3265109349375589,0.6171404110382377,6.801191773899722e-19,0.6644271488242439,0.33557285117575614,1.8154037777930855e-18,Stage34_basis_oi_alpha,True,False,0,Optimization terminated successfully,4,-0.012300010283584229,0.013126036693495786,0.001408333333524111,0.14906244032080476,1.0,5.767236516011315e-05,0.012300010283584229,0.13000000000880513,-0.02392891997268723,0.0,-8.805123297150885e-12,0.13607108002731277,0.0,1.0,-0.0007523250680973277,-0.0007523250680973277,0.01127694859038142,0.027395851667626592,-0.41570740471116246,1.1666208810248815,-0.9875656666150521,-1.1521147280563764,-0.01127694859038142,0.0756578947368421,-0.025072886779852435,4.513870586631526,33.0,0.0,0.0,0.0
2009-02,2009-01,2009-01,2009-01,2009-01,2009-01-30,0.6729198918663233,0.18530020703933747,0.06225713321706035,0.06225944853512528,1.449672578045056,0.0,0.0006615194471242264,1.9845583413726792e-06,3.307597235621126e-07,0.006156296360043405,0.008620053232122128,0.4104754516670534,0.5747481987407811,3.5679505560566557e-19,0.6448975276506306,0.3551024723493694,2.2005518922972697e-18,Stage34_basis_oi_alpha,True,False,0,Optimization terminated successfully,11,-0.013282021401088653,0.014060798157921576,0.0014083333333335907,0.16027957789505737,1.0,2.3183207103581525e-06,0.013282021401088653,0.13000000000001186,-0.025764491459603106,0.0,-1.1851630787873546e-14,0.1342355085403969,-0.0,1.0,-0.00015103146943708308,-0.00015103146943708308,-0.0008562207732333293,-0.0010604830459916004,0.021867834835318175,-0.19343342204835315,0.35091890282219024,-0.06787944423434975,0.0008562207732333293,0.3758169934640523,0.03422590976759735,2.881837357416395,34.0,0.0,0.0,0.0
2009-03,2009-02,2009-02,2009-02,2009-02,2009-02-27,0.6184779580046844,0.9521384928716904,-0.0451297720635013,-0.044975161744067974,1.3842491850311742,-0.04512977206350133,0.04417437698094898,0.00013252313094284696,2.208718849047444e-05,0.018212099302583495,0.02176055205694781,0.43740189384428085,0.5226254547961878,0.0,0.6516840260234459,0.34831597397655406,7.068248573534393e-17,Stage34_basis_oi_alpha,True,False,0,Optimization terminated successfully,5,-0.014154719126367465,0.015080266533215713,0.0014083333333333337,0.17251319839858856,1.0,0.00015461331947293702,0.014154719126367465,0.13000000000000003,-0.02512670788575852,0.0,-2.7755575615628914e-17,0.13487329211424148,-0.0,1.0,-0.00014050276664305192,-0.00014050276664305192,-0.008611332223749879,-0.00775511145051655,0.1396800103312749,-0.5116351896994435,0.7093258889265392,-0.36291608573965634,0.008611332223749879,0.788961038961039,0.034979777027332015,3.498270470466973,35.0,0.0,0.0,0.0
2009-04,2009-03,2009-03,2009-03,2009-03,2009-03-12,0.6603465368737922,0.0,-0.031530160305699474,-0.031523055896593315,1.3406035863241075,-0.07523698342147889,0.002029831173189318,6.089493519567954e-06,1.014915586594647e-06,0.012179008504501246,0.015417480029487287,0.42914556398599046,0.543257947480021,3.944768676622812e-17,0.6854651843467211,0.31453481565327895,3.173119195413781e-17,Stage34_basis_oi_alpha,True,False,0,Optimization terminated successfully,3,-0.011333729187033266,0.0121386890141114,0.0014083333333344938,0.13721426816932986,1.0,7.107409968303096e-06,0.01133372918703327,0.13000000000005354,-0.027590480003395285,0.0,-5.3540505362548174e-14,0.13240951999660472,0.0,1.0,-0.0009347559634939985,-0.0009347559634939985,-0.0014226678409322568,0.006500953643772567,-0.3098767840366674,0.17109502425887024,-0.668905990430511,-0.1144464866596119,0.0014226678409322568,0.42258064516129035,-0.04652854167294699,3.823593905416403,36.0,0.0,0.0,0.0
2009-05,2009-04,2009-04,2009-04,2009-04,2009-04-30,0.5987435409586312,0.637,0.029521331967585294,0.029622641530063554,1.3801799898329168,-0.047936747417718806,0.028945589279502193,8.683676783850658e-05,1.4472794639751095e-05,0.026262368980519875,0.026091761579849854,0.475366990526017,0.47227887891361325,4.126757919348875e-17,0.6877165825308081,0.3122834174691919,2.775557561562892e-17,Stage34_basis_oi_alpha,True,False,0,Optimization terminated successfully,7,-0.008120757566342398,0.00904206060067404,0.0014083333340191343,0.10005472720397368,1.0,0.00010131256253871594,0.0081207575663424,0.13000000003165235,-0.03985046990848379,0.0,-3.165234740976075e-11,0.12014953009151622,-0.0,1.0,8.908390087277408e-05,8.908390087277408e-05,0.0014731712844919809,0.0023716438810776896,0.027280266896606845,-0.027244584297502844,0.36712532736158854,-0.010002176929051126,-0.0014731712844919809,0.28525641025641024,0.0,4.183334674013595,37.0,0.0,0.0,0.0
2009-06,2009-05,2009-05,2009-05,2009-05,2009-05-29,0.7754469721471016,0.0,-0.013736409990771307,-0.013461441566141803,1.3612212716315133,-0.061014678592336224,0.08030484532129782,0.00024091453596389347,3.405388866561145e-05,0.034436839962267075,0.009979751123175468,0.7408779494150223,0.21470545949953512,0.012197067990074958,0.5864664549781085,0.4013364770318167,0.0,Stage34_basis_oi_alpha,True,False,0,Optimization terminated successfully,10,-0.011173730970131794,0.012363691777008969,0.001408333335241801,0.1399143013126568,1.0,0.0002749699247150171,0.011173730970131796,0.13000000008808313,-0.05950784441272092,0.0,-8.808312412789121e-11,0.10049215558727909,-0.0,1.0,-0.00013569507934419926,-0.00013569507934419926,-0.00754822476935979,-0.00685285477457509,0.015791875759348,-0.4703980429334731,0.33050066599797095,-0.15546686647365499,0.00754822476935979,0.767515923566879,0.03375326239262463,3.1392528132610726,38.0,0.0,0.0,0.0
2009-07,2009-06,2009-06,2009-06,2009-06,2009-06-10,0.5356013526978503,0.8106796116504854,-0.005870468759583912,-0.0058704631960107565,1.3532302646815195,-0.06652696258736779,1.828672340746171e-06,5.486017022238513e-09,7.755613290472112e-11,0.09452357824405745,0.00848180981162015,0.8231330611636261,0.07386155078069633,0.012399772832387074,0.5944671892780192,0.3931330378895937,5.930615919962356e-22,Stage34_basis_oi_alpha,True,False,0,Optimization terminated successfully,2,-0.009106539878610804,0.009862486338741257,0.0011126278439343002,0.11167406900128929,1.0,9.574619188155393e-09,0.009106539878610804,0.11554883870992215,-0.0648668159759663,0.0,0.014451161290077855,0.0951331840240337,0.0,1.0,0.00012805326499758463,0.00012805326499758463,0.0012712801238117244,-0.0007123002387425803,-0.09893946656516259,-0.17277862377355005,-0.024151721142777954,0.0041729011408117266,-0.0012712801238117244,0.31329113924050633,0.005531636528371114,3.2915465576188243,39.0,0.0,0.0,0.0
2009-08,2009-07,2009-07,2009-07,2009-07,2009-07-31,0.5793765367439363,0.23850574712643677,0.012938400812678929,0.014015540202452853,1.3707389002378165,-0.054449314281494354,0.3590464348642748,0.0010771393045928244,8.518109931276166e-11,0.08608981091766169,0.003007459590723658,0.8801553998103077,0.03074732968130699,0.37326360114389545,0.23878278897896307,0.3879536098771415,4.612424945854013e-19,Stage34_basis_oi_alpha,True,False,0,Optimization terminated successfully,23,-0.009462439661980307,0.01162971810873735,0.0011091504241314133,0.1329017147600597,1.0,0.001077142577869397,0.00946243966198031,0.11536812856927584,-0.0917539181167252,0.0,0.01463187143072417,0.0682460818832748,0.0,1.0,-0.00020658942949063685,-0.00020658942949063685,-0.0015232666699425135,0.004191019044343269,0.037190453702437065,0.06471276120984308,0.3966848498450053,0.025670571963582287,0.0015232666699425135,0.4308176100628931,0.005917368682284403,2.371204301791303,40.0,0.0,0.0,0.0
2009-09,2009-08,2009-08,2009-08,2009-08,2009-08-31,0.47663381396306337,0.0,0.02020522529571181,0.02020523510694741,1.398434988538718,-0.03534424964803706,3.229428629625275e-06,9.688285888875826e-09,1.2294971463155933e-10,0.12346679239556808,0.003052673980158776,0.8524051104221911,0.02107542320208195,0.37413432599514707,0.2355766631450114,0.3902890108598415,4.464143549059422e-19,Stage34_basis_oi_alpha,True,False,0,Optimization terminated successfully,2,-0.009860902488374358,0.010939376182994101,0.001103304542183135,0.12465268694283041,1.0,1.335063074351115e-08,0.009860902488374358,0.11506369760353445,-0.08364771053601461,0.0,0.014936302396465553,0.0763522894639854,-0.0,1.0,-0.0006135142505147374,-0.0006135142505147374,-0.0040464376896768295,-0.0005225535863095931,0.035054596284338484,-0.16397401568399342,0.3886272235573354,-0.06372476645081733,0.0040464376896768295,0.609375,0.002908973180321787,2.6019825147646864,41.0,0.0,0.0,0.0
2009-10,2009-09,2009-09,2009-09,2009-09,2009-09-09,0.5110100909362509,0.22998137802607077,-0.003072313893383417,-0.0030723017774435956,1.394138557294437,-0.038307974912175635,3.4859664773817027e-06,1.0457899432145108e-08,1.6580403888049658e-09,0.3113832863814931,0.020019102752854828,0.6282094763467828,0.04038813451886938,0.3915024191974489,0.23220750313357622,0.37629007766897477,2.806352303510632e-17,Stage34_basis_oi_alpha,True,False,0,Optimization terminated successfully,2,-0.010434025879800793,0.011612185402938636,0.0012932029771539912,0.1315870069723397,1.0,1.5388498566998904e-08,0.010434025879800793,0.12457301363396446,-0.0901717920725607,2.220446049250313e-16,0.005426986366035544,0.06982820792743931,0.0,1.0,-6.440825441803453e-05,-6.440825441803453e-05,0.0007139457401237337,0.003964216596028414,-0.5078223474475463,0.054708003786613627,-1.299742220110299,-0.07110630229941584,-0.0007139457401237337,0.3385093167701863,0.005719091764076688,3.0817687515002246,42.0,0.0,0.0,0.0
2009-11,2009-10,2009-10,2009-10,2009-10,2009-10-30,0.6208937597410227,0.0,0.04946435281060258,0.04979172414124028,1.4630987187593136,0.0,0.09353466589648603,0.0002806039976894581,4.676733294824302e-05,0.37178246829877476,0.020595186657496628,0.5757293576236472,0.031892987420081426,0.26910240514715433,0.2334979011930409,0.49739969365980474,1.1006612749480126e-18,Stage34_basis_oi_alpha,True,False,0,Optimization terminated successfully,18,-0.01107856905375574,0.01257928739775769,0.001408333333333729,0.1425014487730899,1.0,0.0003273737805996397,0.01107856905375574,0.13000000000001827,-0.0673513116053038,0.0,-1.8263168755083825e-14,0.0926486883946962,-0.0,1.0,-0.0003260507629960219,-0.0003260507629960219,-0.00992962498794947,-0.0038028514482405518,0.049034085379590614,-0.3242984543131257,0.4378207048272932,-0.14198457784177443,0.00992962498794947,0.8487654320987654,-0.014672577065458662,2.529353323699422,43.0,0.0,0.0,0.0
2009-12,2009-11,2009-11,2009-11,2009-11,2009-11-30,0.437161376532362,0.7603978300180831,-0.014244407258919945,-0.014218480537443224,1.442257744749302,-0.014244407258919956,0.007407664074515165,2.2222992223545495e-05,3.7037292531763712e-06,0.4848317912379563,0.01626292301222042,0.4827134201767046,0.016191865573118736,0.2510569039437912,0.22534581207394014,0.5235972839822687,2.7755575615628914e-17,Stage34_basis_oi_alpha,True,False,0,Optimization terminated successfully,9,-0.012791894083072256,0.013996646389414419,0.0014083333346448055,0.1595097566651042,1.0,2.5929444726488717e-05,0.012791894083072256,0.13000000006052947,-0.06971175852629699,0.0,-6.0529470324866e-11,0.09028824147370301,-0.0,1.0,0.0003752989131751038,0.0003752989131751038,-0.0051730027817090685,-0.0013163341622988156,0.08186590055899473,-0.20157870896187902,0.5382813538788469,-0.10850606037315029,0.0051730027817090685,0.6656441717791411,-0.023681184721921645,2.881812179813968,44.0,0.0,0.0,0.0
2010-01,2009-12,2009-12,2009-12,2009-12,2009-12-09,0.3869047445271933,0.4393939393939394,-0.013679738808226637,-0.01356348484884367,1.4225280355069896,-0.027729286296366507,0.033215416966562106,9.964625089968632e-05,1.6607708483281094e-05,0.43172822953564666,0.04670945281769838,0.47064264437222925,0.05091967327442582,0.27815056319670833,0.2608842811791256,0.460965155624166,0.0,Stage34_basis_oi_alpha,True,False,0,Optimization terminated successfully,10,-0.011391383152588228,0.012625226557918477,0.0014083333403810449,0.14305271865273544,1.0,0.00011625619667454353,0.011391383152588228,0.130000000325279,-0.06560094588112217,0.0,-3.2527899818113326e-10,0.09439905411887783,0.0,1.0,0.00032863788298996,0.00032863788298996,0.0003707651666124967,0.0022705514406566873,-0.252175808735413,-0.024978077125559495,-0.5045763952185716,0.01260334811550627,-0.0003707651666124967,0.35060975609756095,-0.03265156195752762,3.6952944912866643,45.0,0.0,0.0,0.0
2010-02,2010-01,2010-01,2010-01,2010-01,2010-01-29,0.4755215673485539,0.7553003533568905,0.009581389292397217,0.00982700956312518,1.4361578303945313,-0.018413582090775038,0.07839801201428039,0.00023519403604284117,1.0426234685121464e-05,0.47126339875848716,0.13718100393709762,0.30327474584544695,0.08828085145896829,0.2095658887582064,0.3451725681654741,0.4452615430763196,2.929886964552625e-18,Stage34_basis_oi_alpha,True,False,0,Optimization terminated successfully,9,-0.009821187208429921,0.011086539466192237,0.0014083333377496263,0.1245884735678091,1.0,0.00024562177079851834,0.009821187208429921,0.1300000002038289,-0.05730468114944509,0.0,-2.038288982042502e-10,0.10269531885055491,-0.0,1.0,0.00034643498514819865,0.00034643498514819865,-0.007676997441000921,-0.00503232488732297,0.04314920482851369,-0.38425894284076456,0.41957261733502865,-0.16122453038209075,0.007676997441000921,0.7727272727272727,0.021014994070218396,4.178573043564769,46.0,0.0,0.0,0.0
2010-03,2010-02,2010-02,2010-02,2010-02,2010-02-26,0.46916697302973437,0.0,0.005807257370370673,0.005924583312376042,1.4444979685401056,-0.012713257130715805,0.03399347534433746,0.00010198042603301237,1.5345515972356366e-05,0.45921565825037264,0.19023622099908158,0.24786622560077573,0.10268189514977002,0.173824127202505,0.34872884946199956,0.47744702333549544,5.005964718272915e-19,Stage34_basis_oi_alpha,True,False,0,Optimization terminated successfully,6,-0.009943896118078704,0.01108753916704067,0.0014083333367688425,0.12460046998387497,1.0,0.00011732744228711917,0.009943896118078704,0.13000000015856197,-0.05976912469284348,0.0,-1.58561969110238e-10,0.10023087530715652,-0.0,1.0,-9.101790448746118e-05,-9.101790448746118e-05,-0.00393153377762856,0.0017529102560158716,-0.0316708065726847,-0.04817071765330575,0.18384879257626277,-0.008856128278092328,0.00393153377762856,0.5873493975903614,0.004823799752775601,2.899254685616163,47.0,0.0,0.0,0.0
2010-04,2010-03,2010-03,2010-03,2010-03,2010-03-10,0.3738195129021655,0.8401709401709402,0.028417444584274323,0.02841744707463684,1.485546909513191,0.0,7.288299833235756e-07,2.186489949970727e-09,3.038725643333961e-10,0.5574084526785155,0.1642776971637804,0.21496116089979872,0.06335268925790531,0.18171600936759622,0.3514081131051679,0.4668758775272359,5.117102076957146e-19,Stage34_basis_oi_alpha,True,False,0,Optimization terminated successfully,1,-0.009126396155882507,0.010001412199223892,0.0011355891875512605,0.11320341126537914,1.0,7.207465107749121e-09,0.009126396155882507,0.11673504294176247,-0.05870855820753855,0.0,0.013264957058237534,0.10129144179246145,0.0,1.0,0.00042813692460287595,0.00042813692460287595,0.0023411678295996996,0.005137067177223176,-0.518464860702206,0.11944211436449503,-1.3451767528191207,-0.1606707555506815,-0.0023411678295996996,0.2245508982035928,-0.00827482267102669,3.727545319945753,48.0,0.0,0.0,0.0
2010-05,2010-04,2010-04,2010-04,2010-04,2010-04-30,0.4181018819555672,0.0867003367003367,0.050467516035803225,0.05046751923303562,1.5605187719909859,0.0,9.951844429506587e-07,2.985553328851976e-09,2.116790696893299e-10,0.6145494562775751,0.15971166812222695,0.17917431069311776,0.046564564907080226,0.1816462250903248,0.343474814574774,0.4748789603349013,4.969976401607041e-19,Stage34_basis_oi_alpha,True,False,0,Optimization terminated successfully,1,-0.009329277628565173,0.01016731336795005,0.0010543728714872739,0.11568152318647695,1.0,7.515990658487292e-09,0.009329277628565173,0.11248321856102486,-0.05979343089903997,0.0,0.017516781438975143,0.10020656910096004,0.0,1.0,0.00013452673651462828,0.00013452673651462828,0.0009624639076033503,0.0046047317678805655,0.0639155892933491,0.09265933940542301,0.49028173279688425,0.04542918148350541,-0.0009624639076033503,0.31845238095238093,0.003504577777338698,2.6254554013672275,49.0,0.0,0.0,0.0
2010-06,2010-05,2010-05,2010-05,2010-05,2010-05-31,0.5500399626770266,0.0,0.008565602342285275,0.009103424782863134,1.573885555239532,0.0,0.1629286670233264,0.0004887860010699792,4.903643950787956e-05,0.5050571935021844,0.29910856411902553,0.12299391252375004,0.07284032985504006,0.09762026216017201,0.489825088546352,0.41255464929347596,1.3416679284069222e-18,Stage34_basis_oi_alpha,True,False,0,Optimization terminated successfully,10,-0.009800730082907933,0.011237620340251737,0.0014083333333333448,0.1264014440830208,1.0,0.0005378239406042226,0.009800730082907933,0.13000000000000053,-0.05320310636893988,0.0,-5.273559366969494e-16,0.10679689363106012,-0.0,1.0,-0.0001486609637320532,-0.0001486609637320532,-0.0064341663558373785,-0.002906051692110778,0.14136779420833093,-0.28151560143569565,0.7316370389150731,-0.20596724104280828,0.0064341663558373785,0.7130177514792899,0.0018817682780006308,3.2348653808410797,50.0,0.0,0.0,0.0
2010-07,2010-06,2010-06,2010-06,2010-06,2010-06-09,0.5118358171401906,0.0,-0.026710451530405212,-0.026678965194141886,1.5318463614019018,-0.026710451530405188,0.008996172985965611,2.6988518957896834e-05,4.497817305431765e-06,0.3959308389261334,0.3735176997192883,0.11863357836829831,0.11191788298628008,0.09040188941174301,0.48670027137307625,0.42289783921518076,2.866293552791264e-17,Stage34_basis_oi_alpha,True,False,0,Optimization terminated successfully,13,-0.011075597131619373,0.012011752249218249,0.001408333333335856,0.13569102699060384,1.0,3.148873246717383e-05,0.011075597131619375,0.13000000000011644,-0.0537227688565306,0.0,-1.164346397075633e-13,0.1062772311434694,0.0,1.0,-4.781304268858136e-05,-4.781304268858136e-05,0.0013006921540390515,0.004078975994447176,-0.3347557256945337,0.06806216506995515,-0.7685414150298747,-0.05230859265286024,-0.0013006921540390515,0.2911764705882353,-0.013046908844296228,5.478210736934921,51.0,0.0,0.0,0.0
2010-08,2010-07,2010-07,2010-07,2010-07,2010-07-30,0.40281600387413874,0.7390243902439024,0.039191115520376185,0.039366974608735096,1.5918811291110715,0.0,0.05024545381683026,0.00015073636145049077,2.512272690841509e-05,0.40253777107319566,0.3552360353419152,0.12867321519397049,0.1135529783909187,0.04722510814670397,0.5026179302294833,0.45015696162381275,0.0,Stage34_basis_oi_alpha,True,False,0,Optimization terminated successfully,20,-0.010154946093315131,0.011277264423324128,0.0014083333335254225,0.126877173078737,1.0,0.000175860861052432,0.010154946093315131,0.13000000000886566,-0.06969185866915777,0.0,-8.865658207568572e-12,0.09030814133084224,0.0,1.0,0.0003892799954893247,0.0003892799954893247,0.0011742704301307416,0.004247382988611714,-0.04924911753916097,0.07629344443850439,0.13373472192887792,0.010203082576979682,-0.0011742704301307416,0.30701754385964913,0.018253530090490327,3.2682143684692537,52.0,0.0,0.0,0.0
2010-09,2010-08,2010-08,2010-08,2010-08,2010-08-31,0.37890707430675297,0.7764423076923077,0.005759813678039457,0.005935151864131572,1.6010500678123383,0.0,0.05009662459774722,0.00015028987379324166,2.504831229887361e-05,0.41777046453818495,0.32367176141442067,0.1456860664159741,0.11287170763142021,0.04449931870652796,0.4391568464726428,0.5163438348208292,0.0,Stage34_basis_oi_alpha,True,False,0,Optimization terminated successfully,11,-0.011150899748462388,0.012358965118472703,0.001408333335010544,0.13985758141160917,1.0,0.00017533968781119688,0.011150899748462388,0.13000000007740972,-0.08632154529044955,0.0,-7.740971752490111e-11,0.07367845470955045,-0.0,1.0,0.00036307244368423923,0.00036307244368423923,-0.00180648572435671,-0.002447511365382349,-0.0311676222372948,-0.26010238191337637,0.19041872818462896,-0.04952836476173777,0.00180648572435671,0.45058139534883723,0.0053078821301251996,3.598896286838801,53.0,0.0,0.0,0.0
2010-10,2010-09,2010-09,2010-09,2010-09,2010-09-08,0.3857720308009343,0.3161648177496038,0.00913740001228275,0.009179853882078932,1.6156795027216322,0.0,0.012129677084623293,3.638903125386988e-05,6.064838542311671e-06,0.3837969893794594,0.2724519549129632,0.20103745906795878,0.1427135966396187,0.04714024116918698,0.431187562405453,0.5216721964253601,2.7755575615628914e-17,Stage34_basis_oi_alpha,True,False,0,Optimization terminated successfully,11,-0.011003492908695366,0.012079921283975942,0.0014083333333343928,0.13650905540770494,1.0,4.245633088095396e-05,0.011003492908695366,0.1300000000000489,-0.08663161648029438,0.0,-4.8905324234738146e-14,0.07336838351970562,0.0,1.0,0.00038626205917826706,0.00038626205917826706,-0.0015587114651888223,0.0043682474819044526,-0.49937806819889907,0.08388035413825601,-1.292400039982826,-0.10840697304205567,0.0015587114651888223,0.43641618497109824,0.03722321469900536,3.926491575073233,54.0,0.0,0.0,0.0
2010-11,2010-10,2010-10,2010-10,2010-10,2010-10-29,0.336759665343251,0.0,0.0343318978625454,0.03450052892826003,1.6711488463876794,0.0,0.04818030448989305,0.00014454091346967915,2.4090152244946554e-05,0.35413327217488905,0.32706065245164095,0.16573817613411548,0.15306789923935443,0.09524549499864057,0.42548606660939514,0.4792684383919643,9.60085789523454e-19,Stage34_basis_oi_alpha,True,False,0,Optimization terminated successfully,19,-0.009969314894052601,0.011107958564165177,0.00140833333333908,0.12484550276994766,1.0,0.00016863312871555938,0.009969314894052601,0.13000000000026524,-0.06359264135354518,0.0,-2.652322805829499e-13,0.09640735864645482,-0.0,1.0,0.0004911283215300772,0.0004911283215300772,-0.006401050428788357,-0.009016391036037685,-0.057290911821225476,-0.5922433508539737,0.11439815026035885,-0.06775154384169131,0.006401050428788357,0.7155172413793104,-0.034936251245993276,3.790018309366578,55.0,0.0,0.0,0.0
2010-12,2010-11,2010-11,2010-11,2010-11,2010-11-30,0.6068482019031295,0.0,0.00375772626923184,0.004016041855038577,1.6774285663075468,0.0,0.07380445308763922,0.00022141335926291768,3.690222654381952e-05,0.2995831503656475,0.3085106297709966,0.19307630472420476,0.1988299151391512,0.1009856959314403,0.4809637305101317,0.41805057355842795,1.1897213018897091e-16,Stage34_basis_oi_alpha,True,False,0,Optimization terminated successfully,8,-0.010403820538996862,0.011558253649683405,0.0014083333338433888,0.13024904379314053,1.0,0.00025831708594821847,0.010403820538996862,0.130000000023541,-0.051438134059623296,2.220446049250313e-16,-2.3541002480698126e-11,0.1085618659403767,0.0,1.0,-0.000469575485296152,-0.000469575485296152,0.003362555542212098,0.006580576459347953,-0.012033621800683493,0.19913154997937677,0.25747610700103124,0.05127161626977121,-0.003362555542212098,0.19714285714285715,-0.028102330028874786,4.080299937344625,56.0,0.0,0.0,0.0
2011-01,2010-12,2010-12,2010-12,2010-12,2010-12-08,0.3518005490678859,0.8249235474006116,-0.031077190183237968,-0.03084008064017641,1.625298799733611,-0.031077190183237957,0.06774558686960011,0.00020323676060880034,3.387278245275457e-05,0.32282507285192796,0.29335193793299075,0.20109105384792472,0.18273193536715657,0.11026073432690231,0.41071439185004543,0.4790248738230523,0.0,Stage34_basis_oi_alpha,True,False,0,Optimization terminated successfully,14,-0.011682539629868802,0.012882492036615636,0.0014083333333607772,0.14613990443922298,1.0,0.00023711251050302282,0.011682539629868802,0.13000000000126663,-0.06160363244901246,0.0,-1.2666256932192255e-12,0.09839636755098755,0.0,1.0,0.00043997661922102533,0.00043997661922102533,-0.0006989476954138985,-0.0017941094273340452,-0.34740338339199445,-0.2263245252890437,-0.8088761255020955,0.1830685051219027,0.0006989476954138985,0.3778409090909091,-0.011706367909758363,4.021166089578912,57.0,0.0,0.0,0.0
2011-02,2011-01,2011-01,2011-01,2011-01,2011-01-31,0.32356450028976863,0.26136363636363635,0.02478647358305638,0.024812783170269456,1.6655842254977813,-0.007061010553694014,0.007517114775412795,2.2551344326238384e-05,3.7582428868381817e-06,0.34572079087592444,0.37820462357567575,0.13184331168817812,0.1442312738602217,0.11482021331655252,0.41401963866758035,0.47116014801586714,4.35053988591801e-19,Stage34_basis_oi_alpha,True,False,0,Optimization terminated successfully,11,-0.00976901303703915,0.01076124959052427,0.0014083333335184048,0.12068499508518082,1.0,2.6311916003432274e-05,0.00976901303703915,0.13000000000854176,-0.05954532889174411,0.0,-8.541750640134183e-12,0.1004546711082559,-0.0,1.0,0.0004007344249138463,0.0004007344249138463,0.0006204832469520749,0.0004387972004404883,0.12382086746691827,-0.11206241438844702,0.6936341854506087,-0.07773032152395903,-0.0006204832469520749,0.3418079096045198,0.013875078234858207,3.8673644458502268,58.0,0.0,0.0,0.0
2011-03,2011-02,2011-02,2011-02,2011-02,2011-02-28,0.4823311448124028,0.0,0.0038152966822818744,0.0038294350721726055,1.6719389234673843,-0.0032726537215510554,0.004039543067975375,1.2118629203926125e-05,2.019760686804956e-06,0.23193128132202823,0.2925618484120628,0.2102695182186891,0.2652373520472199,0.10448511185260129,0.40223256930753515,0.49328231883986356,8.804523936002289e-19,Stage34_basis_oi_alpha,True,False,0,Optimization terminated successfully,9,-0.010004322034705951,0.011005615050554904,0.0014083333340452972,0.12361738060238707,1.0,1.4141358135344208e-05,0.010004322034705951,0.13000000003285989,-0.0650061250027259,0.0,-3.28598814824943e-11,0.0949938749972741,-0.0,1.0,-8.760824268797774e-05,-8.760824268797774e-05,-0.003624600514459342,-0.0004080172406922822,0.064262203391261,-0.1549423885942908,0.5010332722666688,-0.0776312919702113,0.003624600514459342,0.5758426966292135,0.0226853225519782,3.1579491492754386,59.0,0.0,0.0,0.0
2011-04,2011-03,2011-03,2011-03,2011-03,2011-03-09,0.3492734591739761,0.15895522388059702,0.04107115091487044,0.04139300303260535,1.7406073793135592,0.0,0.10049114607612052,0.00030147343822836155,2.0378679506553117e-05,0.2754524871131617,0.41477509985658545,0.12362238661429893,0.1861500264159539,0.1733882415762466,0.30381796227273744,0.522793796151016,2.1559635485582113e-19,Stage34_basis_oi_alpha,True,False,0,Optimization terminated successfully,11,-0.010451864926266029,0.011813755115789498,0.00140833333334823,0.1333150613893846,1.0,0.00032185361777946917,0.010451864926266029,0.13000000000068754,-0.06330967690057976,0.0,-6.875333635747438e-13,0.09669032309942024,0.002814920441669644,1.0,9.114025868422354e-05,9.114025868422354e-05,0.001440376013948974,0.005639755236151012,-0.3563389412475497,0.15487517226142108,-0.8432704429624498,-0.13060165511677427,-0.001440376013948974,0.26536312849162014,0.012126960140319044,5.6585966864631,60.0,0.0181754144358155,0.018175414435815492,0.0
2011-05,2011-04,2011-04,2011-04,2011-04,2011-04-29,0.5267275526830861,0.0,-0.004409306415364087,-0.0041962853719785895,1.7329325080293219,-0.004409306415364078,0.06679155966314752,0.00020037467898944257,1.2646364396054987e-05,0.23245044745550505,0.39784958740547655,0.13634288048199714,0.23335708465702124,0.13249634411841268,0.35916843212232996,0.5083352237592574,0.0,Stage34_basis_oi_alpha,True,False,0,Optimization terminated successfully,9,-0.010647034628871089,0.011862240681776836,0.0014083333337739537,0.1338968881786783,1.0,0.00021302254345433638,0.010647034628871089,0.13000000002033632,-0.06111984440854047,0.0,-2.0336315964541996e-11,0.09888015559145953,-0.003189895767320358,1.0,-7.28469444510673e-05,-7.28469444510673e-05,-0.0020925525710954185,-0.0005705903016021141,-0.017389541799370863,-0.16413084277440748,0.2435590473359288,-0.039975551704577804,0.0020925525710954185,0.49722222222222223,0.024742299909777433,3.466674342174122,61.0,0.019435078218082182,0.019435078218082182,0.0
2011-06,2011-05,2011-05,2011-05,2011-05,2011-05-31,0.4616519646582022,0.0,-0.02035378157818664,-0.020264774488741255,1.697660778271154,-0.02467334193386106,0.025430596984395662,7.629179095318699e-05,1.2715298492197852e-05,0.24170877750078482,0.39040971640840666,0.14067012745102644,0.22721137863978205,0.130009147699106,0.3892187480707085,0.4807721042301855,4.319404560497213e-19,Stage34_basis_oi_alpha,True,False,0,Optimization terminated successfully,9,-0.010406861809218428,0.011459616763031312,0.0014083333334105545,0.12906540115591242,1.0,8.900993953948114e-05,0.010406861809218428,0.13000000000356404,-0.05640585341540857,0.0,-3.5640379536516775e-12,0.10359414658459143,-0.001070063310799747,1.0,1.3885264613431488e-06,1.3885264613431488e-06,-0.0005300353356889609,0.0015625172354064576,0.09244840718510365,-0.05394633432894915,0.5946598503874786,-0.0320797191010058,0.0005300353356889609,0.3729281767955801,0.02473963528905909,3.1899380850665904,62.0,0.019835700128850466,0.019835700128850466,0.0
2011-07,2011-06,2011-06,2011-06,2011-06,2011-06-08,0.4698506128364458,0.342296511627907,0.03919542321110151,0.03925925941688714,1.76420131094438,0.0,0.018239156773274923,5.471747031982477e-05,9.11873546580208e-06,0.2058069204356129,0.2945036827640105,0.2055513820257406,0.29413801477463597,0.13010161767583675,0.3794431263768514,0.4904552559473118,2.041578163777425e-18,Stage34_basis_oi_alpha,True,False,0,Optimization terminated successfully,11,-0.010644680105983692,0.011686187997840113,0.0014083333333539758,0.13178425597395751,1.0,6.383811729590673e-05,0.010644680105983692,0.13000000000095274,-0.05811548762803244,0.0,-9.52737888582078e-13,0.10188451237196756,0.0017459474720322562,1.0,3.63466271464042e-05,3.63466271464042e-05,-0.0003278807971147657,0.0043295181161587815,-0.5142566923337503,0.08892137707900923,-1.3543642693505296,-0.12043193589725526,0.0003278807971147657,0.3708791208791209,0.008760809477110337,4.4590793146597365,63.0,0.01963473271990525,0.019634732719905262,0.0
2011-08,2011-07,2011-07,2011-07,2011-07,2011-07-29,0.5046472055222658,0.0,0.0546782855695424,0.05477005276366056,1.860664814026358,0.0,0.026219198319473502,7.86575949584205e-05,1.3109599159736724e-05,0.2022022283173377,0.2667490804570281,0.22897735159641955,0.30207133962921473,0.1261228166094117,0.39279023422024417,0.48108694917034417,7.5998984373238265e-19,Stage34_basis_oi_alpha,True,False,0,Optimization terminated successfully,11,-0.010767947999807796,0.011821144092766188,0.0014083333341006932,0.1334037291085901,1.0,9.176957336943083e-05,0.010767947999807796,0.13000000003541662,-0.05695744299421649,0.0,-3.5416614085903575e-11,0.10304255700578352,-0.00202333648505614,1.0,-8.320653302373821e-05,-8.320653302373821e-05,-0.0002875318980700703,0.0006032573411959286,0.07283723468488763,-0.10404921518074005,0.5357367976444957,-0.05574299333835272,0.0002875318980700703,0.36885245901639346,0.019420230406108387,3.4627477230775474,64.0,0.01944595623851153,0.019445956238511523,0.0
2011-09,2011-08,2011-08,2011-08,2011-08,2011-08-31,0.631294416030155,0.6549497847919655,-0.003950781097704589,-0.0034156420726713273,1.8533137346499384,-0.0039507810977046365,0.15652904230077924,0.00046958712690233775,6.555189813092352e-05,0.23666114366533325,0.30205171723626884,0.20264736526696098,0.25863977383143694,0.07778132253680008,0.5342604371601826,0.38795824030301734,6.837677602613402e-19,Stage34_basis_oi_alpha,True,False,0,Optimization terminated successfully,10,-0.00966777258799358,0.01105773376556373,0.0014083333361909732,0.12424280516961894,1.0,0.0005351405250751784,0.00966777258799358,0.13000000013189109,-0.04684765677239814,0.0,-1.3189108138966787e-10,0.11315234322760187,-0.004235437014788824,1.0,8.058950009990691e-06,8.058950009990691e-06,-0.0035073241180111348,-0.0015174543640316118,0.23856150885137065,-0.213747343714356,1.0654753919676632,-0.22774253482610027,0.0035073241180111348,0.5842391304347826,0.024835924620781956,2.539838409928497,65.0,0.019815156254989086,0.01981515625498909,0.0
2011-10,2011-09,2011-09,2011-09,2011-09,2011-09-07,0.6886451498507974,0.0,0.015647740432449563,0.016146727469136,1.8823139069096344,0.0,0.16102103451043426,0.00048306310353130277,1.592393315513564e-05,0.16587134112934226,0.22076751282760976,0.2631371235704062,0.3502240224726417,0.23198243590219292,0.4060593698552914,0.3619581942425157,8.621058985506906e-17,Stage34_basis_oi_alpha,True,False,0,Optimization terminated successfully,11,-0.011414851536025433,0.01281199690176893,0.0014083333333508269,0.1452939628211222,1.0,0.0004989885367283015,0.011414851536025433,0.1300000000008074,-0.04509011738855955,0.0,-8.073819390830295e-13,0.11490988261144044,0.009012908219478305,1.0,-0.0003142152670369015,-0.0003142152670369015,0.002371474548996444,0.010526549054781786,-0.20978438570784932,0.4131191491469647,-0.37840407523795716,-0.15632596959604886,-0.002371474548996444,0.20270270270270271,0.04716883099809468,3.6524643263591,66.0,0.02181672826856065,0.021816728268560643,0.0
2011-11,2011-10,2011-10,2011-10,2011-10,2011-10-31,0.7073221295186016,0.0,0.024238518163937767,0.024641062019363405,1.9279384067324963,0.0,0.12530260950488406,0.0003759078285146522,2.6636026910988476e-05,0.13231511916152436,0.16943843572217884,0.3061722392144823,0.3920742059018146,0.38227762430067147,0.32987942694343725,0.2878429487558914,0.0,Stage34_basis_oi_alpha,True,False,0,Optimization terminated successfully,9,-0.01672645516331059,0.01813298934836452,0.001408333333391537,0.20914587218002503,1.0,0.0004025453554608098,0.01672645516331059,0.13000000000268633,-0.07955400837090378,0.0,-2.6863233859586444e-12,0.08044599162909623,0.020704570599447848,1.0,-0.00011563065146374264,-0.00011563065146374264,0.001953670108847394,0.015619230310597532,-0.05836075715590404,0.6772238246534121,0.10946844604426259,0.0741346397089612,-0.001953670108847394,0.239247311827957,-0.022407818117071817,3.1808240405645294,67.0,0.03057271443461691,0.030572714434616913,0.0
2011-12,2011-11,2011-11,2011-11,2011-11,2011-11-30,0.5967912685548453,0.0,-0.0283694959256984,-0.02719408888093264,1.8732437659577013,-0.028369495925698374,0.37892548432566364,0.001136776452976991,3.863059178876807e-05,0.11409160496987143,0.1446676511659311,0.3268263613037434,0.4144143825604541,1.5971354724938266e-17,0.6257823123517468,0.3742176876482533,0.0,Stage34_basis_oi_alpha,True,False,0,Optimization terminated successfully,11,-0.00954134091578124,0.011562095612759272,0.0014083333335648106,0.13029514735172237,1.0,0.001175408544783168,0.00954134091578124,0.13000000001068357,-0.06600723120790226,0.0,-1.0683565143665419e-11,0.09399276879209774,-0.007958448118603162,1.0,-8.510559137981982e-05,-8.510559137981982e-05,-0.002195708012262876,-0.0025974757904870804,0.16236588258859852,-0.27619602984229413,0.8205356895053224,-0.2266286997852794,0.002195708012262876,0.516042780748663,-0.018360780759659398,2.1102920233886775,68.0,0.02881449137102867,0.02881449137102867,0.0
2012-01,2011-12,2011-12,2011-12,2011-12,2011-12-07,0.5353249842712401,0.44637883008356544,0.028285542367224203,0.028344818564634545,1.9262294818638364,-0.0008864001374173647,0.016936056402955594,5.0808169208866786e-05,8.468028201477795e-06,0.09820993652221215,0.12017604334459271,0.35149812890447446,0.4301158912287207,8.450508548351896e-18,0.6287495162118838,0.3712504837881163,9.232700484102501e-20,Stage34_basis_oi_alpha,True,False,0,Optimization terminated successfully,6,-0.009153245118504252,0.010063772640379477,0.001408333333370545,0.11231527168433046,1.0,5.927919751367441e-05,0.009153245118504252,0.13000000000171746,-0.06534519144011876,0.0,-1.717459507943886e-12,0.09465480855988125,-0.00610562545310323,1.0,3.8731651312755626e-05,3.8731651312755626e-05,0.0014308994793115204,-0.0012097342727890315,-0.2753202792912896,-0.20279408571682486,-0.594967677129732,0.12065592611458704,-0.0014308994793115204,0.26861702127659576,-0.015152377341872986,3.2014809455922717,69.0,0.030107512413497732,0.030107512413497746,0.0
2012-02,2012-01,2012-01,2012-01,2012-01,2012-01-31,0.5484523870725403,0.4903448275862069,0.005579778858398343,0.006678947842089139,1.936977416403164,0.0,0.3663895481373126,0.0010991686444119379,3.392788577305942e-10,0.07990735687135497,0.07657640718359117,0.4307357590706741,0.41278047687437985,0.36638954813731256,0.247794901638613,0.38581555022407454,0.0,Stage34_basis_oi_alpha,True,False,0,Optimization terminated successfully,17,-0.009918943843541608,0.012081122735545072,0.00140833333333449,0.13652347282653393,1.0,0.0010991715435532468,0.009918943843541608,0.13000000000005338,-0.07182118518391108,0.0,-5.33739719088544e-14,0.08817881481608893,0.005460224540616529,1.0,6.963961341171689e-05,6.963961341171689e-05,0.0016678302691801594,0.006256899939601546,0.2635100987809016,0.18944329104173926,1.148289332586553,0.2175357102333189,-0.0016678302691801594,0.24603174603174602,0.025153427558771344,3.002764876127582,70.0,0.028822475108994487,0.02882247510899449,0.0
2012-03,2012-02,2012-02,2012-02,2012-02,2012-02-29,0.46339796327952454,0.287568306010929,-0.006796710369259735,-0.005647193801933201,1.9238123419120745,-0.006796710369259773,0.3798286115790569,0.0011394858347371706,1.003073258936303e-05,0.18497537682135398,0.1461114785756799,0.3737160173130781,0.295197127289888,3.1566373265531213e-17,0.6063929083419035,0.39360709165809654,2.775557561562892e-17,Stage34_basis_oi_alpha,True,False,0,Optimization terminated successfully,12,-0.007575889423178465,0.009494893524503532,0.0012090698407180016,0.10668430324973437,1.0,0.00114951806738044,0.007575889423178467,0.1204526383630347,-0.06726525475109581,0.0,0.009547361636965304,0.0927347452489042,-0.006482469600363861,1.0,-2.0962642081156657e-06,-2.0962642081156657e-06,-0.00033664995885385185,-0.0014608552620017923,0.19004753367714786,-0.21696725538887426,0.9040855659583946,-0.19615696388268994,0.00033664995885385185,0.3868421052631579,0.02292428448905613,1.8256969736831288,71.0,0.029877640239976383,0.029877640239976376,0.0
2012-04,2012-03,2012-03,2012-03,2012-03,2012-03-07,0.3737798035973007,0.09256756756756757,0.004585257530583559,0.0045852581752589385,1.9326335169402564,-0.0022426175060800135,1.8419296546476665e-07,5.525788963943e-10,9.209648264894823e-11,0.13328679784630257,0.08649764791853536,0.47315647152370116,0.307059082711461,2.4978694035173755e-22,0.6102280134373919,0.3897719865626081,0.0,Stage34_basis_oi_alpha,True,False,0,Optimization terminated successfully,1,-0.00829399113988574,0.008989688573552616,0.0010725313916234108,0.10144107453289092,1.0,6.5588771184506655e-09,0.00829399113988574,0.11344768265363965,-0.06642627476635281,0.0,0.016552317346360354,0.0935737252336472,-0.006794864569814695,1.0,-8.825918387703123e-05,-8.825918387703123e-05,0.000460864889776591,-0.0016500543195883122,-0.3885461040680384,-0.22634719134953052,-0.9692117828297522,0.21937836486638554,-0.000460864889776591,0.35340314136125656,0.03344839914584666,2.9450999490846304,72.0,0.03001965489079965,0.030019654890799635,0.0
2012-05,2012-04,2012-04,2012-04,2012-04,2012-04-30,0.3812444741959332,0.5308724832214765,0.005680265963173974,0.005680268971038975,1.9436113893258216,0.0,9.494063833467703e-07,2.848219150040311e-09,1.5964585146913295e-10,0.15843671692654096,0.07471027590642249,0.5211204800219603,0.2457325271450762,9.494063833776237e-07,0.6119012706514018,0.38809777994221484,8.320780909198723e-17,Stage34_basis_oi_alpha,True,False,0,Optimization terminated successfully,1,-0.008276687417085512,0.0088765809849741,0.000888430534715978,0.10118838861139334,1.0,7.440776966073917e-09,0.008276687417085512,0.10325292449413594,-0.06605967603092142,0.0,0.026747075505864068,0.09394032396907859,-0.0018316564175520184,1.0,0.00012709162292448393,0.00012709162292448393,-0.0015065913370997386,0.0014723697502211364,-0.14037419139287838,-0.06068321101761255,-0.16251582002882273,0.009861981800509394,0.0015065913370997386,0.4557291666666667,0.024135395944404857,1.7941578515698933,73.0,0.030183907325213935,0.030183907325213935,0.0
2012-06,2012-05,2012-05,2012-05,2012-05,2012-05-31,0.4555759192251566,0.322,-0.021606902359156067,-0.021606901751118315,1.9016159678125149,-0.021606902359156077,1.7372507258089601e-07,5.211752177426881e-10,8.68625362193615e-11,0.2160469939491774,0.07443553682675076,0.5277051118042363,0.1818123574198354,8.646847545525434e-07,0.6136107657103518,0.3863883696048937,1.3589606907253537e-17,Stage34_basis_oi_alpha,True,False,0,Optimization terminated successfully,1,-0.007665557335912824,0.008305033621646644,0.00097495139950679,0.09381069506271898,1.0,6.552201980145404e-09,0.007665557335912824,0.10816384236001178,-0.06568572022981144,0.0,0.021836157639988224,0.09431427977018857,-0.010923196678478705,1.0,5.902678173700011e-06,5.902678173700011e-06,-0.0056469432850478896,-0.00426490234675414,0.17308038623953115,-0.3645768466095183,0.853209828386416,-0.3110605487293678,0.0056469432850478896,0.7072538860103627,0.022221602605490144,2.571998219342862,74.0,0.029961301108564483,0.029961301108564486,0.0
2012-07,2012-06,2012-06,2012-06,2012-06,2012-06-13,0.44660210472209994,0.5739762219286658,0.018328755049355966,0.01845082362961691,1.9364702210844946,-0.0036741749305163607,0.034877502462564665,0.00010463250738769399,1.7436072873249824e-05,0.1683578290263289,0.04680388107480439,0.6141133130146738,0.17072497688419297,0.03487839671262955,0.6283884042325366,0.3367331990548338,2.78249249120403e-17,Stage34_basis_oi_alpha,True,False,0,Optimization terminated successfully,12,-0.00688687528520617,0.007540929110489401,0.0008483222162130553,0.08540121602859448,1.0,0.000122070219123235,0.006886875285206171,0.10089532493905089,-0.0448176640359407,0.0,0.029104675060949117,0.1151823359640593,0.00015529052914608376,1.0,0.0001028526162219872,0.0001028526162219872,0.0016187778227438887,0.0026781414198718823,-0.29689618397335815,0.005276612707120698,-0.6739695710746694,-0.0035562764029452867,-0.0016187778227438887,0.24484536082474226,0.02745604165013069,2.8847264550445733,75.0,0.029429965351923954,0.029429965351923947,0.0
2012-08,2012-07,2012-07,2012-07,2012-07,2012-07-31,0.48878534642768656,0.0,0.02416666441236923,0.02416666919844707,1.98326824706199,0.0,1.4022580092608488e-06,4.206774027782547e-09,5.793038131141244e-10,0.1395093436997862,0.020773912948483672,0.730883151543366,0.10883359180836398,0.034414455623846256,0.6294891659828272,0.33609637839332657,2.905579507138877e-17,Stage34_basis_oi_alpha,True,False,0,Optimization terminated successfully,1,-0.007281291895259799,0.007777423748796688,0.0007803441729943785,0.088647019947594,1.0,8.688298404350863e-09,0.007281291895259799,0.09676843532853335,-0.044806056873957015,0.0,0.03323156467146665,0.11519394312604299,-0.001605253364341784,1.0,-0.00013156388584676922,-0.00013156388584676922,-0.0023502230720203743,0.001552883317807452,0.1677027564754847,-0.05466160984491626,0.8366313483391837,-0.04573161634694269,0.0023502230720203743,0.5307692307692308,0.023154972500578238,3.5470087856451493,76.0,0.029367107351871702,0.029367107351871723,0.0
2012-09,2012-08,2012-08,2012-08,2012-08,2012-08-31,0.5041064592870463,0.0,0.009858024072501857,0.009959811129804829,2.0028193531837557,0.0,0.033926662834222215,0.00010177998850266665,7.068800305527564e-09,0.10374140660808509,0.011617002980822709,0.7955550294105705,0.0890865610005217,0.0,0.6525974812672376,0.34740251873276234,0.0,Stage34_basis_oi_alpha,True,False,0,Optimization terminated successfully,12,-0.008206845937689899,0.008781636421609009,0.000708838264669207,0.10112660747129287,1.0,0.00010178862799230202,0.008206845937689897,0.09222829921466884,-0.05715382403471757,0.0,0.037771700785331166,0.10284617596528244,-0.010175871004949266,1.0,-0.00013872590686393513,-0.00013872590686393513,-0.0029500877053102448,-0.003914679160637591,0.022600201132173616,-0.34644313168366564,0.3616233914820774,-0.1252819402351191,0.0029500877053102448,0.5739795918367347,0.028764187894195156,1.7782771742127612,77.0,0.02937241375083971,0.029372413750839692,0.0
2012-10,2012-09,2012-09,2012-09,2012-09,2012-09-12,0.39009999583290583,0.7454896907216495,-0.012322106952626343,-0.012322101628135755,1.9781403989070354,-0.012322106952626366,1.5212830248578788e-06,4.563849074573636e-09,7.606415124566953e-10,0.11377464950740371,0.01595476898929712,0.7632403778150006,0.1070302036882985,2.775557561562892e-17,0.6476141412627017,0.3523858587372984,2.775706588643417e-17,Stage34_basis_oi_alpha,True,False,0,Optimization terminated successfully,1,-0.008816921851155951,0.009283555946008543,0.0006911347374932273,0.10725586292714316,1.0,9.37182862375377e-09,0.008816921851155953,0.0910692969662044,-0.05824474137719236,0.0,0.0389307030337956,0.10175525862280764,-0.00505991978572419,1.0,0.00013827904342009965,0.00013827904342009965,-7.783009689865672e-05,-0.0008830756968065678,-0.5305576766795276,-0.18322778323550373,-1.440386693149941,0.26391886078778143,7.783009689865672e-05,0.3730964467005076,0.03187351775136506,3.861774577663886,78.0,0.02761546145663208,0.027615461456632077,0.0
2012-11,2012-10,2012-10,2012-10,2012-10,2012-10-31,0.4593555935966981,0.3814102564102564,-0.012307088995499644,-0.01230704933400967,1.9537952489720936,-0.024477546681247908,1.1331854278706801e-05,3.3995562836120405e-08,5.665927139353248e-09,0.12101846742473263,0.01649654852323969,0.7590197348797995,0.10346524917222816,2.655155494624018e-17,0.658492449096652,0.34150755090334795,2.5586160867696063e-17,Stage34_basis_oi_alpha,True,False,0,Optimization terminated successfully,2,-0.008162814497025378,0.008559952583694646,0.0005686518461556667,0.09930751992740175,1.0,4.281562239968828e-08,0.008162814497025378,0.08260642925261931,-0.05586323291376982,0.0,0.047393570747380695,0.10413676708623018,-0.004501698259346619,1.0,7.468633642700189e-06,7.468633642700189e-06,-0.0018723607680662946,-0.00043340287651827403,0.006689879305368279,-0.1586262022618472,0.31523973208347134,-0.050005281502443245,0.0018723607680662946,0.4823232323232323,-0.004805498591179987,1.5017466275223903,79.0,0.02837928535864197,0.028379285358641964,0.0
2012-12,2012-11,2012-11,2012-11,2012-11,2012-11-30,0.38372560012935913,0.0,0.01670309737216361,0.018011146949919985,1.986429681260945,-0.008183300154732898,0.43601601833582854,0.0013080480550074856,1.522748888359026e-09,0.1292502311894703,0.011855669470831677,0.7867301111253917,0.07216398821430645,0.43601297283805174,0.2306815101345711,0.3333055170273772,5.318369779312242e-19,Stage34_basis_oi_alpha,True,False,0,Optimization terminated successfully,29,-0.008453108211793969,0.01061402633798971,0.0009161414607124748,0.12187146729160167,1.0,0.001308051397710122,0.008453108211793969,0.10485083465833592,-0.08816265320048099,0.0,0.025149165341664087,0.07183734679951902,0.0026393460842636914,1.0,-3.234548366843774e-05,-3.234548366843774e-05,0.003693371576755311,0.004249280090097174,0.011022931111754357,0.09360911715304719,0.3284691197324798,0.030747704310195984,-0.003693371576755311,0.17336683417085427,-0.012581038383082829,1.581642963358371,80.0,0.028195395539821873,0.028195395539821887,0.0
2013-01,2012-12,2012-12,2012-12,2012-12,2012-12-12,0.5400276805047992,0.0,-0.0055713572222815255,-0.0055713518296303145,1.9753625719096974,-0.013709065288595279,1.5407574889825255e-06,4.622272466947577e-09,7.703787444912618e-10,0.1027413034182501,0.005794079333884558,0.84387445278066,0.04759016446720528,0.449247935604108,0.2264304464004121,0.3243216179954799,5.398158488963901e-19,Stage34_basis_oi_alpha,True,False,0,Optimization terminated successfully,2,-0.008215783373339686,0.009054567613618152,0.0008703170638122891,0.10343290898054411,1.0,8.971963956490848e-09,0.008215783373339686,0.10219493512766407,-0.0884061837416532,0.0,0.02780506487233593,0.0715938162583468,-0.0017121434375133144,1.0,-2.0361997375106983e-05,-2.0361997375106983e-05,0.0011846077419848111,0.001426192538248272,-0.4013248806239383,-0.05882924399831451,-1.0174416032226548,0.059855320330021854,-0.0011846077419848111,0.3025,-0.0030629929025657817,2.1303727200634417,81.0,0.029103611080950966,0.029103611080950966,0.0
2013-02,2013-01,2013-01,2013-01,2013-01,2013-01-31,0.3849746221533161,0.0,-0.01698037938132917,-0.015663257518887932,1.9418201660229928,-0.030456659540360587,0.43904027512634436,0.001317120825379033,1.037062203029904e-09,0.17809613341115552,0.008301256050598046,0.7773686074064654,0.03623400313178101,3.928035470612743e-18,0.6679411789939738,0.33205882100602624,7.950767167115571e-19,Stage34_basis_oi_alpha,True,False,0,Optimization terminated successfully,24,-0.005737237410299816,0.00743030489041859,0.0005447832632760092,0.08589495910536703,1.0,0.0013171238194068248,0.005737237410299816,0.08085418455041218,-0.05102538517651418,0.0,0.04914581544958782,0.10897461482348583,-0.01228280771312046,1.0,-3.0874417446351774e-05,-3.0874417446351774e-05,-0.0023560310532617645,-0.005330008748429149,-0.07902714791563943,-0.4238468705206996,0.0389159442827203,-0.01649440119758891,0.0023560310532617645,0.5447761194029851,0.023225247353484316,1.3376274924193696,82.0,0.02897935213732006,0.028979352137320075,0.0
2013-03,2013-02,2013-02,2013-02,2013-02,2013-02-28,0.4148604124417499,0.39542079207920794,-0.0034655479123212396,-0.0019884290737337525,1.9350906952005285,-0.03381665843979553,0.48683687070638404,0.0014605106121191522,1.660822646833507e-05,0.11567106710802731,0.005054936847299265,0.8424577810134611,0.036816215031212275,0.48683687070638404,0.22993683972294598,0.28322628957067003,2.2768245622195597e-18,Stage34_basis_oi_alpha,True,False,0,Optimization terminated successfully,16,-0.00704243772115963,0.009415782042815766,0.000933813836234766,0.10738650149638058,1.0,0.0014771203386207867,0.00704243772115963,0.10585729089116722,-0.10672139107903056,0.0,0.02414270910883279,0.053278608920969445,0.0020491897001057185,1.0,9.094715817524236e-06,9.094715817524236e-06,0.002981736861721984,0.0038686377216300416,0.1450652824339132,0.07559309552622502,0.7715420275167192,0.05832325018856869,-0.002981736861721984,0.1806930693069307,0.02674002577735179,1.5168818313054238,83.0,0.027108159625435717,0.02710815962543572,0.0
2013-04,2013-03,2013-03,2013-03,2013-03,2013-03-13,0.2887152024867031,0.6881127450980392,-0.026156167765700768,-0.025072714680092294,1.884476138335017,-0.0590883120140695,0.3611509627978539,0.0010834528883935618,1.972149127904349e-10,0.16082744614410002,0.008070246392351288,0.7913906909354841,0.039711616528064736,0.11889614656251311,0.5929030961757146,0.28820075726177224,2.4072616478239725e-19,Stage34_basis_oi_alpha,True,False,0,Optimization terminated successfully,10,-0.005033865617470323,0.00638851204488389,0.0003792912070888207,0.07438639729607376,1.0,0.00108345594670636,0.005033865617470323,0.0674647647669941,-0.02887222553390039,0.0,0.0625352352330059,0.1311277744660996,-0.0057431231366120595,1.0,2.7883063624059153e-05,2.7883063624059153e-05,-0.001708752610594444,-0.001514389150924833,-0.3447471017661328,-0.21686358765266783,-0.8346806481373777,0.18101183989932582,0.001708752610594444,0.4753694581280788,0.028126068705201842,2.245488031355489,84.0,0.02648265298372882,0.026482652983728816,0.0
2013-05,2013-04,2013-04,2013-04,2013-04,2013-04-30,0.3941438454581441,0.0,-0.011825131860763227,-0.011825093144748736,1.8621919595107437,-0.0702147167938364,1.1124352731921195e-05,3.3373058195763584e-08,5.342956295492751e-09,0.1872512298024433,0.006285736432083917,0.7802705488304464,0.026192484935026336,0.11783541298558427,0.610659831303028,0.2715047557113877,2.776839813505822e-17,Stage34_basis_oi_alpha,True,False,0,Optimization terminated successfully,2,-0.0060926335340597045,0.00641049595935109,0.00047993450950966455,0.0740463444551551,1.0,4.135685455201962e-08,0.0060926335340597045,0.07588948618956366,-0.02899346398769003,0.0,0.05411051381043634,0.13100653601230997,-0.00012725722934215053,1.0,-5.9130673274008185e-06,-5.9130673274008185e-06,0.0022215293475718045,0.00237406137929852,0.10461932435313519,-0.004684558897573608,0.6407187849395851,-0.003001484884831284,-0.0022215293475718045,0.2181372549019608,0.021777771612928074,1.526038443023176,85.0,0.027165253362075162,0.027165253362075155,0.0
2013-06,2013-05,2013-05,2013-05,2013-05,2013-05-31,0.41965936331192466,0.0,-0.04174059614021291,-0.041740217842846775,1.7844629569932542,-0.10902450879725833,0.00010808496175233404,3.242548852570021e-07,5.40424808761785e-08,0.20514709260449407,0.00617990651775898,0.7656095710332463,0.023063429844500598,0.12192541095841232,0.613175744684968,0.26489884435661964,2.448343174747043e-17,Stage34_basis_oi_alpha,True,False,0,Optimization terminated successfully,3,-0.005950413725089723,0.006259008771806257,0.0004640737331714209,0.07232366286264656,1.0,3.811624478193836e-07,0.005950413725089723,0.074624960958496,-0.031443498343479925,0.0,0.05537503904150401,0.12855650165652008,-0.00012988414427860103,1.0,-4.578421914715737e-06,-4.578421914715737e-06,0.0022161088185845834,0.0023725176713257357,0.019760100401904786,-0.004757340608589439,0.3601430382201766,-0.0017133231006256247,-0.0022161088185845834,0.22195121951219512,0.027430882824663487,1.5057676052836568,86.0,0.027301838351471742,0.027301838351471736,0.0
2013-07,2013-06,2013-06,2013-06,2013-06,2013-06-12,0.46942288264498905,0.9671052631578947,0.023328565203624013,0.02332856763416572,1.826091917438923,-0.08823932895590425,6.955139965209147e-07,2.086541989562744e-09,3.4399971678146365e-10,0.19849493409641197,0.006356740544736339,0.7704741233649349,0.02467420199391679,0.11705248964402376,0.6337309847160517,0.24921652563992455,2.717773624574864e-17,Stage34_basis_oi_alpha,True,False,0,Optimization terminated successfully,1,-0.0044940349810402205,0.004829535637796823,0.000502810880373637,0.05493756237132007,1.0,7.254802184596918e-09,0.0044940349810402205,0.07767709163249899,-0.03621201007052488,0.0,0.05232290836750102,0.12378798992947512,-0.0023655840501535705,1.0,4.4823007721330365e-05,4.4823007721330365e-05,0.0013278609367455285,0.0008157878284618114,-0.46561718421586623,-0.08988628274498947,-1.2364514280408736,0.11114002266132797,-0.0013278609367455285,0.28883495145631066,0.027307599746452804,2.3729211775003454,87.0,0.02631752006994008,0.026317520069940096,0.0
2013-08,2013-07,2013-07,2013-07,2013-07,2013-07-31,0.32736818074270263,0.7633451957295374,0.012849996806724896,0.012850000649233402,1.849557192746799,-0.07652320724449035,1.124400864907717e-06,3.3732025947231513e-09,4.693059124314484e-10,0.1831514214598763,0.014671933685155937,0.7426817357302878,0.0594949091246799,0.11837019599999131,0.6219159853871978,0.25971363282377075,1.8578904013769729e-07,Stage34_basis_oi_alpha,True,False,0,Optimization terminated successfully,1,-0.004413442118895718,0.004747312024932018,0.00048819089232397664,0.054038598945240365,1.0,7.939267193068786e-09,0.004413442118895718,0.07653947156786307,-0.042891778361049106,0.0,0.05346052843213693,0.1171082216389509,-0.0031327956243924152,1.0,4.778832198687492e-05,4.778832198687492e-05,-0.0014873176026047874,0.0002783527215218795,-0.036998730100102385,-0.11913186402017835,0.17834310577649407,-0.021246346626301576,0.0014873176026047874,0.4613526570048309,0.021739831058338203,0.9567294714679048,88.0,0.026296874057655874,0.026296874057655874,0.0
2013-09,2013-08,2013-08,2013-08,2013-08,2013-08-30,0.35509957117713065,0.8071512309495897,-0.022477877433676796,-0.022123152780588733,1.8079830728616613,-0.0972810054048936,0.1182367151411749,0.0003547101454235247,1.4507664538086495e-08,0.1765941703995579,0.016870721017297145,0.7362028187919014,0.07033228979124345,3.620671866492687e-17,0.7342951883116243,0.26567570823951203,2.9103448863720992e-05,Stage34_basis_oi_alpha,True,False,0,Optimization terminated successfully,19,-0.004358909102225116,0.0050068291753526326,0.0004342829020018515,0.05747625269222048,1.0,0.0003547260560408646,0.004358909102225116,0.07218999116236417,-0.051504655438627714,0.0,0.05781000883763583,0.10849534456137229,-0.009713748765950578,1.0,4.7807864972512505e-05,4.7807864972512505e-05,-0.004087626002063693,-0.0042879063946132945,0.13010169737952204,-0.3697860483947998,0.7278145922974348,-0.2691356820497407,0.004087626002063693,0.6706730769230769,0.027079853928525896,1.3637862642918255,89.0,0.026268564777164757,0.026268564777164754,0.0
2013-10,2013-09,2013-09,2013-09,2013-09,2013-09-11,0.44349042810216743,0.0,0.0017967800718676024,0.001796789749217143,1.8112316208172532,-0.09565901790490872,2.832345245982519e-06,8.497035737947557e-09,1.1803138025735483e-09,0.16055984838509346,0.013222442308961916,0.7633539045286595,0.06286380477728518,2.8323452460188825e-06,0.7543247178658333,0.2456447323553805,2.7717433540273413e-05,Stage34_basis_oi_alpha,True,False,0,Optimization terminated successfully,2,-0.0048502725840358345,0.005137651438951723,0.00043955733231712085,0.059014473273517956,1.0,1.2616278858653362e-08,0.0048502725840358345,0.07262704721937585,-0.04938614934697247,2.220446049250313e-16,0.057372952780624153,0.11061385065302753,-0.0018525500494690542,1.0,-4.260151374877299e-05,-4.260151374877299e-05,-0.0015243902439023849,0.001048577513595439,-0.43525091394094456,-0.07489093701576292,-1.1375156113145264,0.08518961000140325,0.0015243902439023849,0.47129186602870815,0.029742235611130353,2.101041370630506,90.0,0.024736638681381873,0.024736638681381866,0.0
2013-11,2013-10,2013-10,2013-10,2013-10,2013-10-31,0.41028701059594863,0.0,-0.015464114060473768,-0.015325055973888956,1.7832225284429983,-0.10964385000158805,0.03973103597427059,0.00011919310792281178,1.986497866200025e-05,0.2573975306493802,0.010988891341508633,0.7016581799190117,0.029955398090099353,0.039733934898078076,0.754576083813171,0.20568998128875088,1.8340242424011838e-19,Stage34_basis_oi_alpha,True,False,0,Optimization terminated successfully,16,-0.00509883935881255,0.005430130912398359,0.00029541074993820184,0.0633891064491511,1.0,0.00013905870411637917,0.00509883935881255,0.0595393063384049,-0.03697021712180184,0.0,0.0704606936615951,0.12302978287819816,-0.0008942705357288636,1.0,-3.212513864798603e-05,-3.212513864798603e-05,0.004220827730464727,0.0017479344453212864,0.15403226552065616,-0.03610444925200907,0.8088712247220811,-0.0292038500843888,-0.004220827730464727,0.15,-0.006719201403610978,1.1678001115852648,91.0,0.02476898427356848,0.02476898427356847,0.0
2013-12,2013-11,2013-11,2013-11,2013-11,2013-11-29,0.37288939299821966,0.2818599311136625,0.001091128300364932,0.0010911575229135655,1.785168253009631,-0.10867235720892077,8.369033772274298e-06,2.5107101316822894e-08,4.115447316627163e-09,0.2371295655574871,0.013047377412432604,0.7107178369347507,0.039105220095329615,0.0408141020184927,0.7634157641556363,0.195770133825871,1.8141164305660914e-19,Stage34_basis_oi_alpha,True,False,0,Optimization terminated successfully,2,-0.004675594463238048,0.004845293068930538,0.0002553435575345798,0.05661145548195898,1.0,3.223993100447387e-08,0.004675594463238048,0.05535451824751939,-0.03844624695776879,0.0,0.07464548175248062,0.1215537530422312,-0.0019692007494069293,1.0,-1.6130729027188909e-06,-1.6130729027188909e-06,0.0012230375806092653,0.0009632298383386306,-0.0629078748398144,-0.0794410105395003,0.09083937748082746,-0.00721637194385606,-0.0012230375806092653,0.3104265402843602,-0.015620004762453907,1.0863907218556288,92.0,0.024788213745440556,0.024788213745440553,0.0
2014-01,2013-12,2013-12,2013-12,2013-12,2013-12-11,0.297145857403382,0.628132118451025,0.011770538836482523,0.011891583129532389,1.8061806452613365,-0.09818095057341791,0.04034791641693394,0.00012104374925080184,5.437990647643412e-10,0.21227690141493766,0.018617368122108915,0.707091525703511,0.06201420475944236,3.1390793893729243e-18,0.8078173285903771,0.19218267140962297,3.5907917637671027e-19,Stage34_basis_oi_alpha,True,False,0,Optimization terminated successfully,20,-0.0041943511627115385,0.004483891332764406,0.00025671943184237775,0.0522663794021186,1.0,0.00012104657279835776,0.0041943511627115385,0.05550345198371479,-0.04248806511251466,0.0,0.07449654801628522,0.11751193488748535,-0.00850288279210617,1.0,3.643691581743137e-05,3.643691581743137e-05,-0.004106382162182842,-0.0037970001527467545,-0.581416240183345,-0.34328925503964625,-1.621994542928999,0.5568132983204676,0.004106382162182842,0.6768867924528302,-0.0108342427737055,2.8491495503232422,93.0,0.02476885794495426,0.02476885794495426,0.0
2014-02,2014-01,2014-01,2014-01,2014-01,2014-01-29,0.43280930988984656,0.0,0.015114453177822913,0.015443005599921124,1.8334800780548288,-0.08455044877599116,0.099651426667216,0.00029895428000164805,2.9598142096564153e-05,0.1931702626961075,0.020744183662229618,0.7098555309546861,0.07623002268697673,0.0996514266672159,0.7600922987809295,0.14025627455185455,2.7755575615628914e-17,Stage34_basis_oi_alpha,True,False,0,Optimization terminated successfully,17,-0.004653462266142868,0.005086170389783953,0.00014537493140630468,0.0601617950889696,1.0,0.00032855392214117037,0.004653462266142868,0.0417672021671988,-0.03205795213256696,0.0,0.0882327978328012,0.12794204786743305,0.0012808636237566474,1.0,-1.6453498120944266e-05,-1.6453498120944266e-05,0.0032324187953327588,0.0032324187953327588,0.01401200952566449,0.04833398949219478,0.35099454462026164,0.016964966631493418,-0.0032324187953327588,0.176056338028169,0.025920512681773127,1.390227410228122,94.0,0.026500266938724096,0.0265002669387241,0.0
2014-03,2014-02,2014-02,2014-02,2014-02,2014-02-28,0.3465737997792449,0.0,-0.00642942114179116,-0.006130490031675597,1.8216918624779304,-0.09043625947487399,0.09964358067989115,0.00029893074203967345,3.680758891560297e-10,0.2252092471470503,0.025497743093426794,0.6730873936088797,0.07620561615064321,1.0940289440974058e-16,0.8527295102651371,0.1472704897348628,0.0,Stage34_basis_oi_alpha,True,False,0,Optimization terminated successfully,22,-0.004864400484099089,0.005254666258952913,0.00013806135211664813,0.062227626994735066,1.0,0.0002989336213080366,0.004864400484099089,0.04070302476966273,-0.03090189021302956,0.0,0.08929697523033728,0.12909810978697045,-0.014885936093957466,1.0,-1.2345455950637302e-05,-1.2345455950637302e-05,-0.004446162768219519,-0.007678581563552278,0.04081271827841115,-0.559684842214704,0.4384392657262768,-0.24538781125874193,0.004446162768219519,0.6985981308411215,0.024071441783597554,1.2450043871993113,95.0,0.026596997044002462,0.02659699704400246,0.0
2014-04,2014-03,2014-03,2014-03,2014-03,2014-03-12,0.314802615081866,0.3153503893214683,-0.0018087821198656975,-0.001808781601368938,1.8183968188091755,-0.09208146210561396,1.4814193127771245e-07,4.444257938331374e-10,7.407096563882782e-11,0.2784696930857707,0.023827781803931743,0.6427080084063583,0.05499451670393919,1.1056495948873248e-16,0.8596250010450243,0.14037499895497568,9.961107459710573e-22,Stage34_basis_oi_alpha,True,False,0,Optimization terminated successfully,1,-0.005174778975855693,0.005260407056948622,0.00013049249608702078,0.06234192970686134,1.0,6.538197124183834e-09,0.005174778975855693,0.03957158011811317,-0.02950560736019182,0.0,0.09042841988188684,0.1304943926398082,-0.004740184813538254,1.0,3.567781667595821e-06,3.567781667595821e-06,-0.0015131605144745874,-0.0009594506584390539,-0.6147165438405958,-0.18300955060593566,-1.7283077884043208,0.31629683166461325,0.0015131605144745874,0.46744186046511627,0.01994528730025426,2.1806248091991454,96.0,0.025901297488812643,0.025901297488812657,0.0
2014-05,2014-04,2014-04,2014-04,2014-04,2014-04-30,0.3542166328464199,0.12720264317180616,0.0020874007412578634,0.0020874013007985475,1.8221925416766587,-0.09018627227661147,1.5986876691903648e-07,4.796063007571094e-10,7.993438340403467e-11,0.30636107569859833,0.032097616182712535,0.5988042607142471,0.06273704740444208,1.3767945656444597e-16,0.8639508821187047,0.1360491178812951,2.775693727621805e-17,Stage34_basis_oi_alpha,True,False,0,Optimization terminated successfully,1,-0.00501116519084365,0.0050889663786414085,0.00011764289600446405,0.06036173916767011,1.0,6.544444353793487e-09,0.0050111651908436505,0.037572792710331884,-0.028724136348711272,0.0,0.09242720728966812,0.13127586365128874,-0.0039349179269223275,1.0,-4.66681493262331e-06,-4.66681493262331e-06,-0.00285011517588718,-0.00039838364049016306,0.058059990092302845,-0.1511897731374074,0.49993642873239497,-0.07558527524317643,0.00285011517588718,0.5902777777777778,0.023488193284072464,1.155523907482132,97.0,0.026026349833504374,0.02602634983350438,0.0
2014-06,2014-05,2014-05,2014-05,2014-05,2014-05-30,0.4189878655951936,0.0,0.014569333860008504,0.014569347255144232,1.8487406731735636,-0.07693089232699046,4.2519125431369874e-06,1.2755737629410962e-08,6.393980985928534e-10,0.2516233479897086,0.024151174031175487,0.6608008532954757,0.06342462468364034,4.251912543222715e-06,0.869364795196879,0.13063095289057775,2.9776142231587207e-21,Stage34_basis_oi_alpha,True,False,0,Optimization terminated successfully,2,-0.004844062961358271,0.004921772027315502,0.00012070486685944001,0.05833703512662938,1.0,1.6003797262492715e-08,0.004844062961358271,0.038058617976921866,-0.027572494445666174,0.0,0.09194138202307814,0.13242750555433383,0.0004683588239765332,1.0,-1.251608805453666e-05,-1.251608805453666e-05,0.00253660786348453,0.002614544111633421,0.016124107237068596,0.018069208138569205,0.3603518590314727,0.006511272743960029,-0.00253660786348453,0.18663594470046083,0.022998853214027018,1.5666914343971938,98.0,0.02592027389273407,0.025920273892734064,0.0
2014-07,2014-06,2014-06,2014-06,2014-06,2014-06-11,0.2964565904780431,0.810064935064935,0.0036341578302026088,0.0036341625151796297,1.8554592885669914,-0.07357631350152238,1.3385648631659023e-06,4.015694589497707e-09,6.692824315729373e-10,0.22024766628626075,0.024917884103579375,0.6781153620268232,0.07671908758333669,5.364003912520174e-06,0.8638269313114237,0.1361677046846638,3.119473367246154e-21,Stage34_basis_oi_alpha,True,False,0,Optimization terminated successfully,1,-0.004851143351636692,0.004930937422548361,0.0001223272940297949,0.058437285306401555,1.0,8.68980944860115e-09,0.004851143351636692,0.03831354236242766,-0.028750374773176303,0.0,0.09168645763757234,0.1312496252268237,-0.0013594970328922576,1.0,3.070853888204181e-05,3.070853888204181e-05,-0.0011041730124884408,0.0013531169477268845,-0.5418239655667517,-0.05285105546064582,-1.4822454613559573,0.07833823708441424,0.0011041730124884408,0.4380733944954128,0.024387619944726265,1.502071758169319,99.0,0.025723176595868973,0.025723176595868973,0.0
2014-08,2014-07,2014-07,2014-07,2014-07,2014-07-31,0.4479093126240596,0.0,-0.006528940864944115,-0.005737966724946369,1.843345104594626,-0.07962487896655457,0.26365624358904594,0.0007909687307671378,5.409230607558714e-09,0.20452616271355253,0.020131546934946343,0.705863972722065,0.06947831762943611,0.2636617716157344,0.6015384120833761,0.13479981630088952,0.0,Stage34_basis_oi_alpha,True,False,0,Optimization terminated successfully,21,-0.005028740497566289,0.006059984586291416,0.00027305052840938417,0.07108151186504068,1.0,0.0007909757322414176,0.005028740497566287,0.05724164865648622,-0.05200354702787493,0.0,0.07275835134351379,0.10799645297212507,0.001526013398414284,1.0,-2.193863837859156e-05,-2.193863837859156e-05,0.004251386321626471,0.0033369612663798343,0.2580487999705986,0.0589980035872253,1.1615825087533154,0.06853104901828627,-0.004251386321626471,0.14383561643835616,0.022821142474423625,1.3423817000007585,100.0,0.025865509095713005,0.025865509095713,0.0
2014-09,2014-08,2014-08,2014-08,2014-08,2014-08-29,0.30885253347712516,0.4428418803418803,0.009696607915920542,0.010482355518774493,1.861219299327612,-0.07070036228232524,0.26191583900907633,0.000785747517027229,8.582672229862087e-11,0.1511129157035571,0.014867374148500232,0.7593139538858868,0.07470575626205588,5.4413923488789525e-17,0.8698683580086752,0.13013164199132476,0.0,Stage34_basis_oi_alpha,True,False,0,Optimization terminated successfully,17,-0.003428054410166717,0.0042882747119487915,0.00011551625350710872,0.05076619902234285,1.0,0.0007857507888037892,0.003428054410166717,0.037231640335678266,-0.026583556491646444,0.0,0.09276835966432173,0.13341644350835355,-0.009606400514953827,1.0,1.5338978970239683e-05,1.5338978970239683e-05,-0.00015057973196797025,-0.004401966053594442,-0.10188666871148484,-0.3779841598938896,-0.02852956920488371,0.010783725248042553,0.00015057973196797025,0.3886363636363636,0.022588696895354404,1.4037547297952848,101.0,0.025414822985308724,0.025414822985308706,0.0
2014-10,2014-09,2014-09,2014-09,2014-09,2014-09-05,0.31163344982727165,0.08112407211028633,0.0010729207709216163,0.0010729240087941983,1.863216240173101,-0.06970329739860781,9.251064520266204e-07,2.775319356079861e-09,4.6255322602717315e-10,0.1849273389314702,0.014089194898147715,0.7442785686027764,0.05670489756760571,5.189951651397214e-17,0.8717555567218148,0.12824444327818513,9.169798047760896e-22,Stage34_basis_oi_alpha,True,False,0,Optimization terminated successfully,1,-0.004227415241642724,0.0043122924468974476,0.0001375638448035784,0.050922126293947906,1.0,7.767999460775966e-09,0.004227415241642724,0.040629621431203876,-0.026183691780848572,0.0,0.08937037856879612,0.13381630821915144,-0.00468616512330874,1.0,-1.4704757855587967e-05,-1.4704757855587967e-05,-0.0011060681185400822,-0.0008432264243376508,-0.584426498008949,-0.1757265696521037,-1.6192673260887924,0.28454829256331793,0.0011060681185400822,0.4457013574660634,0.021383845833386116,1.7457824091111585,102.0,0.0266673681309902,0.026667368130990198,0.0
2014-11,2014-10,2014-10,2014-10,2014-10,2014-10-31,0.2791156594691638,0.5420609884332281,0.00980331639514646,0.009803320423283487,1.8814819384880932,-0.06058330448164484,1.15089629326717e-06,3.4526888798015097e-09,5.754481466335725e-10,0.19232403265265322,0.012745752903433487,0.7455227209835742,0.04940749346033919,5.066679331003213e-17,0.8768465531343858,0.1231534468656143,8.048609470662587e-22,Stage34_basis_oi_alpha,True,False,0,Optimization terminated successfully,1,-0.0040089174060219,0.004086801881646987,0.00012624287752827234,0.048284165314594216,1.0,8.336280343435553e-09,0.0040089174060219,0.03892190296400303,-0.02510461706950231,0.0,0.09107809703599698,0.1348953829304977,-0.011187797386106087,1.0,2.3603971297097298e-05,2.3603971297097298e-05,-0.003385779725154414,-0.005078893085000091,0.10612489167930518,-0.4154123368623912,0.6622006985116626,-0.27508633964063756,0.003385779725154414,0.6283783783783784,-0.018478299532243607,1.5972136548964149,103.0,0.02693178895602259,0.0269317889560226,0.0
2014-12,2014-11,2014-11,2014-11,2014-11,2014-11-28,0.30188681362213987,0.4885057471264368,-0.0029814703059023733,-0.002521683933174711,1.8758723559573993,-0.06338414746420173,0.1319505155715916,0.0003958515467147748,6.393482601288778e-05,0.12738556214277888,0.008836045905231484,0.8077492080904628,0.056029183861526825,0.1319505155715916,0.8680494844284083,1.2327124781202311e-17,0.0,Stage34_basis_oi_alpha,True,False,0,Optimization terminated successfully,13,-0.004214113827901556,0.004742406786253845,0.00010004974503915272,0.05630858296481123,1.0,0.0004597878729249516,0.004214113827901556,0.0346496311736479,-0.0283428650365789,0.0,0.0953503688263521,0.1316571349634211,0.0024062148602121847,1.0,1.8750727738399254e-05,1.8750727738399254e-05,0.00043325849777464676,0.003819038222929061,-0.020094010865098638,0.09099938201288549,0.24493533135442674,0.02228896378637417,-0.00043325849777464676,0.3609865470852018,-0.022168965299815907,0.7436951668186536,104.0,0.026442101110878594,0.02644210111087859,0.0
2015-01,2014-12,2014-12,2014-12,2014-12,2014-12-10,0.33141979607639066,0.24844398340248963,0.01378106583402076,0.014168548218922722,1.9017238763910678,-0.05047658273921851,0.12916075622285902,0.0003874822686685771,1.1623338395012285e-10,0.1778412270227944,0.010929982387949911,0.7642580876869635,0.04697070290229228,0.0,0.999999767533232,2.3246676791251898e-07,0.0,Stage34_basis_oi_alpha,True,False,0,Optimization terminated successfully,8,-0.00362649359477797,0.0040450522831378625,5.567379118115077e-05,0.048206584650567444,1.0,0.00038748547330982045,0.00362649359477797,0.025847349848172236,-0.009398548111292936,0.0,0.10415265015182777,0.15060145188870708,-0.00425068003773118,1.0,-3.072996674831592e-06,-3.072996674831592e-06,-0.0016442091754893529,-0.0006906552003611566,-0.5644539703096388,-0.1658871796661417,-1.549807527553209,0.257093199771158,0.0016442091754893529,0.49776785714285715,-0.025051085630533144,1.9539694909102554,105.0,0.02562392130775831,0.025623921307758313,0.0
2015-02,2015-01,2015-01,2015-01,2015-01,2015-01-30,0.3504019351141867,0.8338477366255144,-0.0007831764818614876,-0.0003374063811964819,1.900234490976084,-0.051220227148593866,0.14858999197211295,0.00044576997591633884,1.247486668588539e-10,0.17148775365605887,0.003961083877501209,0.8059353861424962,0.018615776323943713,0.14858999197211295,0.8514100080278871,5.448011382599643e-18,7.318364664277155e-19,Stage34_basis_oi_alpha,True,False,0,Optimization terminated successfully,9,-0.004156399990846484,0.004684554892485962,0.00011826252265233061,0.05550508357391756,1.0,0.0004457731629896476,0.004156399990846484,0.03767161095344832,-0.03266814458920744,0.0,0.09232838904655169,0.12733185541079256,0.002616197671880706,1.0,3.9066501234305826e-05,3.9066501234305826e-05,0.0028744809964866835,0.004013711202361825,0.008105858113206932,0.10283976898560053,0.34314936512085775,0.0352894014365845,-0.0028744809964866835,0.18,0.01752569982784087,1.1119647123690497,106.0,0.025439552205207903,0.02543955220520791,0.0
2015-03,2015-02,2015-02,2015-02,2015-02,2015-02-27,0.41748570269409957,0.0,0.012599233390516353,0.012599234214873238,1.9241759888246006,-0.039266329354237905,2.74785628362474e-07,8.24356885087422e-10,1.2027811599744573e-24,0.12622164893476998,0.0018105232689726981,0.8596371923407531,0.012330635455504309,0.15002508082261345,0.8499749191773867,5.209183021598899e-18,7.208008530286442e-19,Stage34_basis_oi_alpha,True,False,0,Optimization terminated successfully,1,-0.004105369441170298,0.004184571096846142,0.00011137492041229176,0.04954660363967995,1.0,6.61119981261105e-09,0.004105369441170298,0.03655815975876659,-0.03306662310241162,0.0,0.09344184024123342,0.12693337689758838,0.00023608863245831068,1.0,-2.2562021463289393e-05,-2.2562021463289393e-05,0.0017881978939002785,0.002381434990993414,0.0016574308066985986,0.009294526320790765,0.32107007832681816,0.002984194293826964,-0.0017881978939002785,0.24557522123893805,0.022212812369645535,1.0128507233669444,107.0,0.025400824561678654,0.025400824561678643,0.0
2015-04,2015-03,2015-03,2015-03,2015-03,2015-03-11,0.33707082308430275,0.9782168186423505,-0.0044096954173844845,-0.004164198371833019,1.9156909587844395,-0.0435028722190115,0.08183224277063865,0.000245496728311916,3.172395490929079e-10,0.2157263976369146,0.0021076344244666725,0.7745981884503833,0.007567779488235376,0.06877025558013201,0.9312291099407698,6.344790981903643e-07,1.2197274440461925e-18,Stage34_basis_oi_alpha,True,False,0,Optimization terminated successfully,22,-0.003647575659676648,0.003929786779939983,6.020054257493603e-05,0.04679623810383017,1.0,0.0002454996452092651,0.003647575659676648,0.02687762100520119,-0.016652242185190104,0.0,0.10312237899479881,0.1433477578148099,-0.0048030219924421105,1.0,3.911523097824517e-05,3.911523097824517e-05,-0.0016655430860132991,-0.0010670990405314829,-0.6910729670534446,-0.1883135989430033,-1.9648608143164772,0.37001001136601597,0.0016655430860132991,0.5044052863436124,0.011931557666056586,2.578034073254865,108.0,0.025505444213276583,0.02550544421327658,0.0
2015-05,2015-04,2015-04,2015-04,2015-04,2015-04-30,0.34003893393908385,0.8256281407035176,0.002354364111866881,0.0023543806732756792,1.9202011928272293,-0.041250929708260275,5.419280251342838e-06,1.6257840754028512e-08,3.0356804389012167e-10,0.18584197518801976,0.0017204334665112293,0.804985432719286,0.007452158626182972,0.0720875761640784,0.9279124238359215,4.965730653278336e-19,0.0,Stage34_basis_oi_alpha,True,False,0,Optimization terminated successfully,3,-0.004181499092712997,0.00422517214505738,7.326040708554919e-05,0.05026250329817526,1.0,1.947833711990863e-08,0.004181499092712997,0.029650040219645405,-0.0171866348810544,0.0,0.1003499597803546,0.1428133651189456,0.0005998207121454175,1.0,5.46290421589404e-05,5.46290421589404e-05,0.004419972281529683,0.0026223248549008815,0.1508410947076863,0.023956846043538697,0.8159479261829085,0.019547538847108616,-0.004419972281529683,0.1337719298245614,0.015675235216462247,1.0935926596201648,109.0,0.025037549227277876,0.025037549227277883,0.0
2015-06,2015-05,2015-05,2015-05,2015-05,2015-05-29,0.48508365658163677,0.0,-0.0020360787629866593,-0.0018261766944128286,1.9162915119578523,-0.04320301832931439,0.06996505536819657,0.0002098951661045897,6.902469241020127e-09,0.19726356593015948,0.0019439296935211037,0.7929781180615245,0.007814386314794905,0.0,0.999986195061518,1.3804938482040776e-05,0.0,Stage34_basis_oi_alpha,True,False,0,Optimization terminated successfully,10,-0.0035764617658507374,0.003825638528789876,7.121334000461413e-05,0.04548038230545083,1.0,0.00020990364093834135,0.003576461765850737,0.029232859594219816,-0.009617281289794414,0.0,0.10076714040578019,0.1503827187102056,-0.005253514942840659,1.0,-1.8235787685913647e-05,-1.8235787685913647e-05,0.002456248081056156,-0.001519525708562286,-0.19504416312769066,-0.21444091108757718,-0.3217501073231245,0.06899638615689656,-0.002456248081056156,0.1943231441048035,0.013796650751494267,1.5128627635605474,110.0,0.024498659869501938,0.02449865986950193,0.0
2015-07,2015-06,2015-06,2015-06,2015-06,2015-06-10,0.32610896017731056,0.23759920634920634,0.004023966034895778,0.004023967026598618,1.9240026039149296,-0.03935289977278089,2.83343668749508e-07,8.500310062485241e-10,1.4167183437453334e-10,0.16115457513462245,0.002653044401211151,0.8226493259981281,0.013543054466038346,0.0,0.9999867273706654,1.3272629334597227e-05,6.825076184257443e-21,Stage34_basis_oi_alpha,True,False,0,Optimization terminated successfully,1,-0.003368671032914624,0.003404855568382375,6.502888479588462e-05,0.04046809351181319,1.0,6.637784287736124e-09,0.003368671032914624,0.027934684847884275,-0.009257792583885066,0.0,0.10206531515211573,0.15074220741611494,-0.0059339038289033105,1.0,-6.850110014224927e-06,-6.850110014224927e-06,0.0007139457401237337,-0.0019215532858873896,-0.6718085369373021,-0.2371361610027938,-1.8881525165262592,0.44774923915680126,-0.0007139457401237337,0.3521739130434783,0.009527294291771774,2.1482850227286145,111.0,0.025023192598759326,0.02502319259875933,0.0
2015-08,2015-07,2015-07,2015-07,2015-07,2015-07-31,0.4284987570735204,0.7583661417322834,0.006073836426496044,0.0060738372282098775,1.9356886810152614,-0.03351808642241294,2.290610951818833e-07,6.871832855456498e-10,1.1453054753962565e-10,0.09396093565517248,0.001788893929012946,0.8873560657767715,0.016894104639043093,2.72608540965991e-17,0.9999873779472824,1.2622052717545128e-05,2.727802261204598e-17,Stage34_basis_oi_alpha,True,False,0,Optimization terminated successfully,1,-0.0026754497994284326,0.00270942900150058,6.0683755227354506e-05,0.03214904548664283,1.0,6.590646887404709e-09,0.0026754497994284326,0.026985274924081357,-0.009257777494006766,0.0,0.10301472507591865,0.15074222250599323,-0.009347500742973663,1.0,4.3221153737863496e-05,4.3221153737863496e-05,-0.005515832482124616,-0.004145701341001118,0.1244660866879087,-0.36511713047537936,0.733425084135925,-0.26778606213837264,0.005515832482124616,0.7510822510822511,0.01808606430711458,1.3430640416383797,112.0,0.025601375456701523,0.02560137545670152,0.0
2015-09,2015-08,2015-08,2015-08,2015-08,2015-08-31,0.48466051325479553,0.26983349657198824,0.008511010419754678,0.008511011136582128,1.9521633475487836,-0.025292348785449614,2.0480784275473447e-07,6.144235282642034e-10,1.0240392139922607e-10,0.07649932016744959,0.0013457608415184267,0.9062129999422386,0.01594191904879334,0.0,0.999986870232953,1.3129767047049064e-05,0.0,Stage34_basis_oi_alpha,True,False,0,Optimization terminated successfully,1,-0.0037359557598785876,0.003768129410916918,5.713693128114992e-05,0.04487473134331612,1.0,6.572651899146595e-09,0.003735955759878587,0.026184789007624235,-0.009257789270248368,0.0,0.10381521099237577,0.15074221072975164,-0.007201181420825018,1.0,-2.1700463283443548e-06,-2.1700463283443548e-06,-0.007943323314727357,-0.002427490832602741,0.27563471948926244,-0.2647482472767837,1.2256522593778505,-0.32448928744111577,0.007943323314727357,0.8383620689655172,0.012998787473870746,0.9348526099963026,113.0,0.027200109896465045,0.02720010989646504,0.0
2015-10,2015-09,2015-09,2015-09,2015-09,2015-09-09,0.6454878749458767,0.0,0.0013763558728680059,0.0013763564493210708,1.9548502190369803,-0.023950804185370878,1.6470087568088085e-07,4.941026270426426e-10,8.235043782312199e-11,0.10022367153942398,0.001812870666139194,0.8820094517421649,0.015954006052271926,0.0,0.99998709994325,1.2900056750099647e-05,0.0,Stage34_basis_oi_alpha,True,False,0,Optimization terminated successfully,1,-0.003866051067298776,0.00389920235472321,5.9155396968410345e-05,0.04643549587486806,1.0,6.547153525856068e-09,0.003866051067298776,0.026643287402663435,-0.009257783942205047,0.0,0.10335671259733657,0.15074221605779495,-0.002797592425597721,1.0,-1.1736890538030267e-05,-1.1736890538030267e-05,0.0018770530267480101,0.0003239320931964773,-0.19279184116582276,-0.10452439169810518,-0.3121117398029888,0.03262328974474468,-0.0018770530267480101,0.24678111587982832,0.005973179080063286,1.7760432727969795,114.0,0.026764972081138032,0.026764972081138032,0.0
2015-11,2015-10,2015-10,2015-10,2015-10,2015-10-30,0.48591641322161827,0.0,-0.012987066245798703,-0.011504284935131075,1.929462449741733,-0.036626819750574025,0.49426032610015014,0.0014827809783004504,3.323671765388357e-10,0.10495879286627606,0.001630682084676777,0.8797424913324956,0.013668033716551587,0.49426032610015,0.505727750157583,1.1923742267054203e-05,2.7755575615628914e-17,Stage34_basis_oi_alpha,True,False,0,Optimization terminated successfully,12,-0.005691149586356256,0.007907566389885724,0.0007911228373891977,0.0901440596542935,1.0,0.0014827838827612494,0.005691149586356256,0.0974344602728951,-0.16000000000040096,0.0,0.03256553972710491,-4.009570453433753e-13,0.007380272912635407,1.0,-4.94109696937727e-06,-4.94109696937727e-06,0.005403241945167059,0.006865535657304078,0.016571925133911793,0.2760035653100875,0.3743167005436353,0.10331274390515172,-0.005403241945167059,0.10042735042735043,-0.0352828177715124,1.1175359689883955,115.0,0.02673977382989142,0.026739773829891424,0.0
2015-12,2015-11,2015-11,2015-11,2015-11,2015-11-30,0.4872140630242729,0.0,-0.0013444062746631679,-0.0013444055548672371,1.9268684683175732,-0.03792198469894359,2.38554748229286e-07,7.15664244687858e-10,4.131685989533484e-12,0.1424333462354443,0.002323892710376195,0.8415129301145351,0.013729830939644362,0.49131046122299915,0.5086779982234462,1.1540553554763676e-05,0.0,Stage34_basis_oi_alpha,True,False,0,Optimization terminated successfully,1,-0.003769072842523112,0.004474630696222585,0.0007474353525380791,0.04921095623944254,1.0,6.5814207747031464e-09,0.003769072842523112,0.09470598835584236,-0.15870345789237308,0.0,0.035294011644157644,0.001296542107626919,0.0019746267165549167,1.0,-6.896790344008031e-06,-6.896790344008031e-06,0.002046245140167713,0.003480450948701197,-0.09340794929512478,0.07818436505611903,0.012540836399170996,0.0009804973311418504,-0.002046245140167713,0.23617021276595745,-0.03868224984986604,1.5989819105727423,116.0,0.025256030603274353,0.02525603060327436,0.0
2016-01,2015-12,2015-12,2015-12,2015-12,2015-12-09,0.326563814365021,0.8219373219373219,-0.007917356853460624,-0.007917355303363275,1.911612763044222,-0.045539099666951244,5.150076766089259e-07,1.5450230298267778e-09,5.074318958109664e-12,0.10488395901559228,0.0015713363150897058,0.8803555134765119,0.013189191192806125,0.48606225116864865,0.5139259495078228,1.1799323528628541e-05,3.8433638164015776e-22,Stage34_basis_oi_alpha,True,False,0,Optimization terminated successfully,1,-0.0031834323120138973,0.003894691354739152,0.0007800829698889972,0.042055798437535846,1.0,6.867664747933973e-09,0.0031834323120138973,0.0967522384168344,-0.1563930233321528,0.0,0.0332477615831656,0.003606976667847206,0.0011613843570083963,1.0,1.47108852519164e-05,1.47108852519164e-05,0.0022555448811660828,0.002946124561874486,-0.5253200960958246,0.04682589165478166,-1.4077149369907138,-0.06591750712034496,-0.0022555448811660828,0.22245762711864406,-0.04116455893174604,1.359519906323185,117.0,0.02480218349221334,0.02480218349221334,0.0
2016-02,2016-01,2016-01,2016-01,2016-01,2016-01-29,0.381080420885429,0.27148253068932954,0.0138560435452682,0.014020700575568137,1.938100152730653,-0.03231404786968062,0.05488560802506027,0.00016465682407518082,2.062247561663241e-10,0.08682403685570807,0.003360276630004256,0.8759158621341909,0.033899824380096755,0.4225369650311442,0.5774498824316271,1.3152537228713273e-05,3.1420201245984678e-18,Stage34_basis_oi_alpha,True,False,0,Optimization terminated successfully,20,-0.00232495167403434,0.0030796359617044403,0.0007145654285670346,0.03266823896905108,1.0,0.0001646598688649526,0.00232495167403434,0.0926001357601835,-0.12865847924518867,0.0,0.037399864239816505,0.031341520754811336,-0.00027261186469058023,1.0,-3.443822743698931e-07,-3.443822743698931e-07,-0.0009891196834816984,0.001954983816269573,0.18633960865065444,-0.011254908832252443,0.936418078479122,-0.010539300102155532,0.0009891196834816984,0.4409282700421941,0.014649669994040602,1.626432326054916,118.0,0.024221596883075094,0.024221596883075104,0.0
2016-03,2016-02,2016-02,2016-02,2016-02,2016-02-29,0.4664272502583586,0.0,0.013406224301704848,0.013406226865329529,1.9640827580973284,-0.019341032941812886,7.324641946795291e-07,2.1973925840385872e-09,3.6623209736429577e-10,0.10046545628289408,0.0063400538817879526,0.8401738059423196,0.053020683892998244,0.4266512157827465,0.5733333729200822,1.54112971713006e-05,3.078154337520931e-17,Stage34_basis_oi_alpha,True,False,0,Optimization terminated successfully,1,-0.004401232075624808,0.004958852547196347,0.0006434234119306038,0.05564569009477255,1.0,7.175243398099934e-09,0.004401232075624808,0.0878696815924995,-0.13043200038304237,0.0,0.042130318407500505,0.029567999616957635,0.0026361327221786396,1.0,-3.7834411434967708e-06,-3.7834411434967708e-06,0.0020023005154858886,0.00399011435239871,0.03817272936901552,0.10807682332051524,0.446384975222029,0.048243870100003805,-0.0020023005154858886,0.2415966386554622,0.013619670169400988,1.0408867398787085,119.0,0.024391286135056547,0.024391286135056547,0.0
2016-04,2016-03,2016-03,2016-03,2016-03,2016-03-09,0.3134456802858959,0.24534450651769088,0.0011981412048620115,0.0016345476041456008,1.9664360065795639,-0.01816606502546303,0.14237859177430412,0.00042713577532291235,9.270623960677013e-06,0.11795447269340238,0.007987453310777206,0.818623809343414,0.05543426465240631,0.2910622772522872,0.6903827553730845,0.018554967374628403,0.0,Stage34_basis_oi_alpha,True,False,0,Optimization terminated successfully,11,-0.0027631852311526092,0.0034225753434676638,0.00025512886111054005,0.039540130954948724,1.0,0.000436407899348847,0.0027631852311526092,0.055331241928285695,-0.07199276353361693,0.0,0.0746687580717143,0.08800723646638307,-0.0017297704537812984,1.0,4.1300455659145067e-07,4.1300455659145067e-07,0.0023417245128376507,0.0009699824003548407,-0.4975905107448514,-0.06957556727124543,-1.316270252982843,0.09158024953354703,-0.0023417245128376507,0.20711297071129708,0.018364601955268938,1.3780613530665078,120.0,0.02486175135357017,0.024861751353570168,0.0
2016-05,2016-04,2016-04,2016-04,2016-04,2016-04-29,0.34749454335225016,0.7458333333333333,-0.001157001980354284,-0.00024295249726989383,1.9641608362257112,-0.019302048832607666,0.2897004794458869,0.0008691014383376607,4.494804474672957e-05,0.11255053690262314,0.00646889591372354,0.8330978689026256,0.04788269828102776,0.0,0.8903123213683228,0.10968767863167717,1.3010426069826053e-18,Stage34_basis_oi_alpha,True,False,0,Optimization terminated successfully,16,-0.002958878860313595,0.003941017132584548,0.00010928246733025116,0.04663651078703307,1.0,0.0009140509831018569,0.002958878860313595,0.03621311375680106,-0.020851654191635746,0.0,0.09378688624319895,0.13914834580836427,-0.0035647261713010287,1.0,4.314524798769931e-06,4.314524798769931e-06,-0.0011805894805405615,-0.00028852882041563443,-0.02178024586786436,-0.1435184642446494,0.2532657188711412,-0.0363483070182033,0.0011805894805405615,0.47291666666666665,0.011427326849091516,1.8816021448592437,121.0,0.02483810142522431,0.024838101425224298,0.0
2016-06,2016-05,2016-05,2016-05,2016-05,2016-05-31,0.3474480412469354,0.0,0.020955399702776063,0.020955400260436484,2.00532061162936,0.0,1.593315485659386e-07,4.779946456978158e-10,7.966577429684694e-11,0.1519487967799346,0.01078808095883137,0.78175964651373,0.05550347574750399,2.7739245454107292e-17,0.8931844809253427,0.10681551907465722,2.913666700430944e-17,Stage34_basis_oi_alpha,True,False,0,Optimization terminated successfully,1,-0.0038689379489059163,0.003934149504047149,0.00010481060750683192,0.0465809304035248,1.0,6.544148013830095e-09,0.0038689379489059163,0.035464451075435846,-0.020322522376782302,0.0,0.09453554892456416,0.1396774776232177,-0.0036387584208725458,1.0,-8.694412797965763e-07,-8.694412797965763e-07,-0.0015181355654029227,-0.00033754608486236126,-0.0903649598318722,-0.14610582102418995,0.02710707327241347,-0.003960501196028845,0.0015181355654029227,0.5,0.009055084219561733,3.0920249997657443,122.0,0.024904951735428102,0.02490495173542809,0.0
2016-07,2016-06,2016-06,2016-06,2016-06,2016-06-08,0.41421363941785244,0.5739726027397261,-0.0007380441345379776,-0.000738043253392746,2.003840596514079,-0.0007380441345379296,2.5175578045185175e-07,7.552673413555553e-10,1.2587789022937795e-10,0.16839021832332574,0.014389489021186494,0.7528839251237668,0.06433636753172106,2.7371383431515472e-17,0.888368690559339,0.111631309440661,2.7406384188161554e-17,Stage34_basis_oi_alpha,True,False,0,Optimization terminated successfully,1,-0.004055896272755323,0.004143368578770108,0.0001477298433478212,0.04883404388515437,1.0,6.609212783855334e-09,0.004055896272755323,0.04210413424087775,-0.021230687654146135,0.0,0.08789586575912225,0.13876931234585388,-0.0031014744594904716,1.0,2.4187318048821827e-06,2.4187318048821827e-06,-0.0007998400319936261,1.9832099153904714e-05,-0.5929361682885617,-0.12467190533534489,-1.629531223769539,0.20315676247078468,0.0007998400319936261,0.4318181818181818,0.016820947115267684,2.9372872523256714,123.0,0.024877092005196076,0.024877092005196087,0.0
2016-08,2016-07,2016-07,2016-07,2016-07,2016-07-29,0.48724499956316786,0.0,-0.007101752001310793,-0.007101746746679938,1.9896098175474772,-0.00783455472943917,1.6592293402189244e-06,4.9776880206567734e-09,2.769428337004681e-10,0.1423362737576569,0.012441366545418464,0.77728153071942,0.06794082897750461,1.6592293402515157e-06,0.8915249996382969,0.10847334113236291,2.203377834691677e-17,Stage34_basis_oi_alpha,True,False,0,Optimization terminated successfully,2,-0.0039665660926730744,0.004037652202488223,0.00011635738303918401,0.04775368213162357,1.0,8.928060977919896e-09,0.0039665660926730744,0.03736694523867596,-0.020627962762785564,0.0,0.09263305476132405,0.13937203723721445,0.0012816752536301374,1.0,-2.568433393412684e-06,-2.568433393412684e-06,0.0021440482807908445,0.002993700328047688,0.1346400475924503,0.05173968256927649,0.7728171243644183,0.03998531269871607,-0.0021440482807908445,0.2366255144032922,0.011900876135537372,2.0528402408343522,124.0,0.024771610299580922,0.024771610299580932,0.0
2016-09,2016-08,2016-08,2016-08,2016-08,2016-08-31,0.3562267423923956,0.1618575293056808,0.0038482946835914226,0.0038482952733782287,1.9972664224307664,-0.004016409721161351,1.6851051604731122e-07,5.055315481419336e-10,8.425525795316014e-11,0.2163090666270231,0.013791107120228453,0.7237557021402661,0.046144124112482345,1.6863191419647923e-06,0.8936343494228614,0.10636396425799656,1.1180834903756765e-21,Stage34_basis_oi_alpha,True,False,0,Optimization terminated successfully,1,-0.0038975733416676647,0.003961160260675078,0.00010153478366532642,0.04692471442610898,1.0,6.548928243452433e-09,0.003897573341667664,0.03490583624530312,-0.020239328577881834,1.1102230246251565e-16,0.09509416375469688,0.13976067142211818,-0.005236106321254878,1.0,2.59249387388112e-07,2.59249387388112e-07,-0.0017513134851138146,-0.0014342055098481854,0.08877799280162524,-0.2111864955201969,0.6194976483906176,-0.13082953734661767,0.0017513134851138146,0.5348360655737705,0.012490439088562127,1.2898079456423768,125.0,0.024793755435721605,0.024793755435721602,0.0
2016-10,2016-09,2016-09,2016-09,2016-09,2016-09-07,0.48321617038611436,0.0,-0.009119089079456615,-0.009119088387232088,1.9790531720092126,-0.013098872802591144,1.9777843629737586e-07,5.933353088921276e-10,9.888921819604934e-11,0.18753753383638364,0.010975148416136005,0.7571755782348393,0.04431173951264116,1.701908130866952e-06,0.8946640200541823,0.10533427803768686,2.7729012244052118e-17,Stage34_basis_oi_alpha,True,False,0,Optimization terminated successfully,1,-0.0036060602879297255,0.0036723762384766267,0.00010756156854748826,0.04342314545043459,1.0,6.567305340509372e-09,0.0036060602879297255,0.03592685378056168,-0.02004959191398664,0.0,0.09407314621943832,0.13995040808601336,-0.004370527667687555,1.0,-2.0199077411523714e-06,-2.0199077411523714e-06,-0.0014213275968039119,-0.000874751505603788,-0.6862909504530061,-0.17746368263592854,-1.9337567155705377,0.34317158806710546,0.0014213275968039119,0.48367346938775513,0.01693702290983981,2.0812896141175563,126.0,0.024627730039017668,0.024627730039017668,0.0
2016-11,2016-10,2016-10,2016-10,2016-10,2016-10-31,0.5107821693431976,0.0,-0.02105913693577381,-0.021059136291204535,1.9373760202566932,-0.03388215878231082,1.841626492355133e-07,5.524879477065399e-10,9.208132461384343e-11,0.1799579039579007,0.01934168867002778,0.7229937859327219,0.07770662143934957,1.696245399831133e-06,0.8919400708433627,0.10805823291123752,2.7976270193394385e-17,Stage34_basis_oi_alpha,True,False,0,Optimization terminated successfully,1,-0.0024925453529970544,0.0025685437968830114,0.00012486596475090838,0.030073329774090683,1.0,6.558400829512237e-09,0.0024925453529970544,0.038709063241195864,-0.020635175000860206,0.0,0.09129093675880415,0.1393648249991398,-0.0022869790574000736,1.0,-3.149479324857764e-06,-3.149479324857764e-06,0.0007803355442839166,0.0005479035306479307,-0.05784698891591455,-0.09231409169034074,0.14216142541102753,-0.013123502860223131,-0.0007803355442839166,0.3556910569105691,-0.0440254095828532,1.4779317342295923,127.0,0.024773888964553067,0.02477388896455308,0.0
2016-12,2016-11,2016-11,2016-11,2016-11,2016-11-30,0.4004020571807366,0.0,0.005350689815162887,0.005350689984481836,1.9477423183964215,-0.028712761889060134,4.8732771262908075e-08,1.4619831378872423e-10,2.3120634684592628e-11,0.1760777423366025,0.038570863687330176,0.6442292030389029,0.14112219093716452,1.7244726186171642e-06,0.8970835274523075,0.10291474807507399,3.125580921424352e-17,Stage34_basis_oi_alpha,True,False,0,Optimization terminated successfully,1,-0.0023665154798131797,0.0024595829481150818,0.00015420942699478863,0.02858973881541225,1.0,6.503921874845833e-09,0.0023665154798131797,0.04301759086626614,-0.021477809911036025,0.0,0.08698240913373387,0.138522190088964,-0.004022378867630711,1.0,-1.10581462284126e-06,-1.10581462284126e-06,-0.0007470315325941446,-0.0006285387606532744,-0.01341321264286058,-0.16237282662942842,0.2876240268823104,-0.04670232625141945,0.0007470315325941446,0.4311740890688259,-0.04682913619875592,2.0915242555724376,128.0,0.024772487805553158,0.02477248780555315,0.0
2017-01,2016-12,2016-12,2016-12,2016-12,2016-12-07,0.30103582365777976,0.41849255039439087,0.00019055690863970177,0.0001905577107313625,1.948113474151442,-0.028527676395564416,2.2942572454262673e-07,6.882771736278802e-10,1.1381448710171517e-10,0.17291831397051793,0.06628417138015588,0.5499768253379953,0.21082068931133094,1.773181144116736e-06,0.8968782294159692,0.10311999740288669,0.0,Stage34_basis_oi_alpha,True,False,0,Optimization terminated successfully,1,-0.0027077604812572684,0.0027909910132286465,0.00013470902057623234,0.03268363803528636,1.0,6.590133898544687e-09,0.0027077604812572684,0.04020582354478998,-0.022766402688792913,0.0,0.08979417645521003,0.1372335973112071,-0.0036158303975616667,1.0,1.0602769956061717e-05,1.0602769956061717e-05,-0.0005851375073143705,-0.00038509749931281423,-0.692112022605936,-0.1474713079017214,-1.9435103215956715,0.2866120090462088,0.0005851375073143705,0.4213709677419355,-0.04486875826770325,2.025739697467063,129.0,0.02451887386779908,0.02451887386779907,0.0
2017-02,2017-01,2017-01,2017-01,2017-01,2017-01-31,0.531557756718656,0.0,0.006310061783799365,0.008013461781567562,1.96040619053519,-0.022397626012369165,0.5677999737867953,0.0017033999213603857,7.64078108556947e-11,0.16277240147000727,0.10115176317432599,0.45396688683790837,0.28210894851775825,0.5678018123027064,0.3291700668386821,0.10302812085861146,9.317223956823399e-19,Stage34_basis_oi_alpha,True,False,0,Optimization terminated successfully,18,-0.0040440464191889795,0.00668001743670709,0.00106507249764279,0.07376977425462833,1.0,0.001703403215357442,0.0040440464191889795,0.11305250979838298,-0.1525695243076431,0.0,0.016947490201617024,0.007430475692356914,0.004861720492041169,1.0,-6.8061298382873415e-06,-6.8061298382873415e-06,0.002644418786546865,0.005405472588747906,0.018892777730097097,0.19997100974298093,0.398780461694439,0.07974453159080909,-0.002644418786546865,0.178714859437751,0.007442921065007804,1.154266761635478,130.0,0.02431212653419038,0.024312126534190376,0.0
2017-03,2017-02,2017-02,2017-02,2017-02,2017-02-28,0.33014655170466567,0.8617850953206239,-0.003692334431985832,-0.0019826203557351298,1.9531677152571987,-0.02600726091863481,0.5686537929256444,0.0017059613787769334,3.7526974737690256e-06,0.1888567543678986,0.19356816958989673,0.30498332387119903,0.3125917521710057,7.759318803285048e-17,0.8884662702646082,0.11153372973539175,4.960224939121183e-18,Stage34_basis_oi_alpha,True,False,0,Optimization terminated successfully,11,-0.0020776821082611734,0.003870965326458032,0.00013272912652185354,0.04565520915836527,1.0,0.001709715576386595,0.0020776821082611734,0.03990926607020283,-0.025245600916133457,0.0,0.09009073392979718,0.13475439908386655,-0.00907809789526192,1.0,3.280857860919718e-05,3.280857860919718e-05,-0.001517619188629027,-0.004162037975175892,-0.011382707471735356,-0.37512254320049726,0.29873926245644794,-0.11206383188650358,0.001517619188629027,0.51,0.008169779534260022,0.8990963634496618,131.0,0.02420035281753198,0.02420035281753199,0.0
2017-04,2017-03,2017-03,2017-03,2017-03,2017-03-08,0.4066099171215336,0.0,0.005179492157096942,0.00517949325200607,1.9632841321198682,-0.0209624731654936,3.1283117939148504e-07,9.384935381744552e-10,1.5641558966106147e-10,0.19537708927543984,0.18266980255821666,0.32142940615107785,0.30052370201526557,1.361924068835976e-16,0.889711044261829,0.11028895573817087,6.000649919114804e-17,Stage34_basis_oi_alpha,True,False,0,Optimization terminated successfully,1,-0.004020034796039433,0.004101629984846446,0.0001294583604976146,0.048442809655171656,1.0,6.667264102550163e-09,0.004020034796039434,0.039414468485206994,-0.025951217334923338,0.0,0.09058553151479301,0.13404878266507667,-0.003598623133258593,1.0,1.1200696505028028e-05,1.1200696505028028e-05,-0.00036724201248627963,-0.0005529085553752644,-0.8015218882154505,-0.157109453738462,-2.293398474565834,0.3603145815436602,0.00036724201248627963,0.4163346613545817,0.00736096556565521,2.342671064669909,132.0,0.02290519792175698,0.02290519792175697,0.0
2017-05,2017-04,2017-04,2017-04,2017-04,2017-04-28,0.43442706641744616,0.0,-8.993530365634761e-05,-8.992809347482175e-05,1.9631075635652824,-0.02105052320276035,2.060051864524539e-06,6.180155593573617e-09,1.0300259322969954e-09,0.2597481308674576,0.22751763342771156,0.27332468052363973,0.23940955518119106,1.6643656693726627e-16,0.8868313186156928,0.1131686813843071,8.59529429147204e-17,Stage34_basis_oi_alpha,True,False,0,Optimization terminated successfully,1,-0.004197248077302863,0.004270275463837944,0.00011143864176079537,0.050574673715490556,1.0,1.1014781196939421e-08,0.004197248077302864,0.03656861634146887,-0.026773372849693142,0.0,0.09343138365853113,0.13322662715030686,-0.0030781968351196367,1.0,1.1789077645233726e-05,1.1789077645233726e-05,0.0008343182924284154,-0.00019620656454177876,0.0654290895956948,-0.1352851295263221,0.554472840058718,-0.07501192998617134,-0.0008343182924284154,0.35119047619047616,0.005816991753075666,1.2687099541938252,133.0,0.022753401248883885,0.022753401248883896,0.0
2017-06,2017-05,2017-05,2017-05,2017-05,2017-05-31,0.42116790728739356,0.8897872340425532,0.0003655204477508606,0.00036553972326305954,1.9638251195208998,-0.020692697151675987,5.568866580321331e-06,1.6706599740963994e-08,2.568912457971563e-09,0.22418396968993795,0.19643900056255903,0.3087968362688091,0.27058019347869383,4.310416645563792e-07,0.888509044853521,0.11149052410481451,8.294298986962008e-17,Stage34_basis_oi_alpha,True,False,0,Optimization terminated successfully,2,-0.004303872001073836,0.0043795042853950845,0.00011754260900277259,0.05184879577072438,1.0,2.208879871628947e-08,0.004303872001073836,0.03755677446258226,-0.026791495388659412,0.0,0.09244322553741774,0.1332085046113406,0.0006682958202672297,1.0,2.5053843993243267e-05,2.5053843993243267e-05,0.0012796954980969222,0.0025305206952757064,0.013207943441323448,0.029696563308194143,0.3829616788374683,0.01137264574020919,-0.0012796954980969222,0.3102766798418972,0.011577155517500132,1.4169729053101956,134.0,0.022504146804180124,0.022504146804180118,0.0
2017-07,2017-06,2017-06,2017-06,2017-06,2017-06-07,0.4416161018510082,0.0,0.0018209678157525323,0.001820971492068505,1.9674011818593138,-0.018909410071457744,1.0503759921767456e-06,3.151127976530237e-09,5.251879960782216e-10,0.2591456511520269,0.16736784605511185,0.3484450882945405,0.22504141449832074,4.4225179132490423e-07,0.8894243147092424,0.1105752430389662,8.085295429396628e-17,Stage34_basis_oi_alpha,True,False,0,Optimization terminated successfully,1,-0.004118643027917048,0.004194706872009287,0.00011903349987982717,0.04962228146483248,1.0,8.075512649668175e-09,0.004118643027917048,0.037794205886060445,-0.026681172293409067,0.0,0.09220579411393956,0.13331882770659093,-0.0063301747140073125,1.0,9.38503615785975e-06,9.38503615785975e-06,-0.0006215447021492571,-0.0025534612966465753,-0.7447709727667827,-0.27807276408406534,-2.0907104003967683,0.5813696199376324,0.0006215447021492571,0.4311023622047244,0.006699272144709424,1.7627506895423308,135.0,0.022764454242248683,0.022764454242248662,0.0
2017-08,2017-07,2017-07,2017-07,2017-07,2017-07-31,0.41345914687663377,0.0,0.006482414042952002,0.006482416635137178,1.980154690908719,-0.012549574653896833,7.406243358180384e-07,2.2218730074541154e-09,3.703121679090759e-10,0.283922909954554,0.13514319182551549,0.3935905151316867,0.18734338308824391,4.423985487749475e-07,0.8885294942193256,0.1114700633821256,8.390975797617206e-17,Stage34_basis_oi_alpha,True,False,0,Optimization terminated successfully,1,-0.003955618025970493,0.004023462898553274,0.00010250033507440385,0.04766655277219286,1.0,7.355010824784941e-09,0.003955618025970493,0.03507141315791033,-0.026803738235644296,0.0,0.09492858684208967,0.1331962617643557,-0.004061009126553051,1.0,1.260848260221282e-05,1.260848260221282e-05,-0.0007615662879990603,-0.0009211832073926507,0.029245155975601386,-0.1785093858723096,0.4397412711729162,-0.07849794425978604,0.0007615662879990603,0.44509803921568625,0.009541648328893652,1.4406401258034034,136.0,0.022749555194021834,0.022749555194021845,0.0
2017-09,2017-08,2017-08,2017-08,2017-08,2017-08-31,0.4331514402701819,0.0,-0.0039048006754948943,-0.0039047925362961492,1.9724225815340743,-0.016405371741806007,2.325485355785273e-06,6.97645606735582e-09,1.1627426778300708e-09,0.21884011553375798,0.1560601798872169,0.36488872705897146,0.2602109775200538,9.574220590692847e-19,0.8836253803029286,0.11637461969707148,0.0,Stage34_basis_oi_alpha,True,False,0,Optimization terminated successfully,3,-0.004126610614306326,0.004199739666476221,0.00011138176654486791,0.049728585398445435,1.0,1.1408129555820995e-08,0.004126610614306326,0.03655928334279017,-0.027517632973016865,0.0,0.09344071665720984,0.13248236702698313,-0.006060924316773975,1.0,8.631662110511779e-06,8.631662110511779e-06,-0.0014265335235378318,-0.0023378813755853267,0.036569131491497014,-0.2642166931325021,0.4624891260050455,-0.12219734748279422,0.0014265335235378318,0.505859375,0.009105540825349047,1.2261267396580928,137.0,0.022939217976414832,0.022939217976414836,0.0
2017-10,2017-09,2017-09,2017-09,2017-09,2017-09-13,0.5872611859309954,0.0,-0.01241486500253123,-0.011983485731373865,1.9479352214563848,-0.028616566268846344,0.12325122033067562,0.00036975366099202686,6.162561016533776e-05,0.27089469370953795,0.25215227978981963,0.24702187484865995,0.22993115165198247,6.417890611051638e-18,0.7622935944564141,0.23770640554358588,0.0,Stage34_basis_oi_alpha,True,False,0,Optimization terminated successfully,7,-0.004405686813984573,0.005054613321080091,0.00031371632983801445,0.058773061873933,1.0,0.0004313822711715632,0.004405686813984573,0.06135630332782585,-0.05793573658740552,0.0,0.06864369667217415,0.10206426341259447,-0.0036132996170537817,1.0,-3.8817532841668125e-05,-3.8817532841668125e-05,-0.00035482726363667005,-0.0006800305156693387,-0.5373029900376378,-0.16276381159185596,-1.4043441818054254,0.22857641181749738,0.00035482726363667005,0.4143968871595331,0.012276899026374561,2.1730539577415873,138.0,0.02219964979755106,0.022199649797551044,0.0
2017-11,2017-10,2017-10,2017-10,2017-10,2017-10-31,0.472244512477073,0.0,-0.002035581291562765,-0.0020355670337406807,1.9439700409624119,-0.030593896213483518,4.124972926779823e-06,1.237491878033947e-08,1.8829033040512428e-09,0.1751962901697445,0.1620184383923007,0.3443429687375353,0.3184423027004194,3.591663186750335e-07,0.7654350111377488,0.23456462969593236,2.769000716275998e-17,Stage34_basis_oi_alpha,True,False,0,Optimization terminated successfully,2,-0.00435084108206357,0.004570779654726367,0.0003204724173661522,0.05292652135251949,1.0,1.725313698891686e-08,0.004350841082063568,0.06201345828442263,-0.056859948946178,1.1102230246251565e-16,0.06798654171557737,0.10314005105382201,-0.0008122166920320678,1.0,1.7019037634852492e-06,1.7019037634852492e-06,0.0008080687157692168,0.0013753015648537703,-0.01370699814123745,-0.037106834905520344,0.30283465981960606,-0.011237235725595537,-0.0008080687157692168,0.3507751937984496,-0.0371919939216606,1.6418023431402158,139.0,0.02188860068771953,0.021888600687719532,0.0
2017-12,2017-11,2017-11,2017-11,2017-11,2017-11-30,0.4916714850534179,0.0,0.0031148865114346376,0.003114889773369593,1.9500252870216386,-0.027574306216696542,9.319814157974007e-07,2.795944247392202e-09,4.659907079512272e-10,0.235156997807821,0.17623105993367935,0.33646143734759176,0.25215050491090796,3.48502047827813e-07,0.7714449640305563,0.22855468746739568,1.6717792249027358e-16,Stage34_basis_oi_alpha,True,False,0,Optimization terminated successfully,1,-0.003897832556572856,0.004106871827261606,0.0003054245748135321,0.04744991447825808,1.0,7.784032983087572e-09,0.0038978325565728555,0.06054002723622104,-0.05479951763753697,0.0,0.06945997276377897,0.10520048236246304,-0.0032975295999853765,1.0,-2.756310912365178e-06,-2.756310912365178e-06,0.0004609002919035987,-0.0005152289121073128,0.010051350566330115,-0.1525430122337759,0.37942887217869015,-0.05787922309060172,-0.0004609002919035987,0.37258687258687256,-0.03550981431208126,1.8716601587384862,140.0,0.021617047885037374,0.02161704788503738,0.0
2018-01,2017-12,2017-12,2017-12,2017-12,2017-12-13,0.38509646655602453,0.5717213114754098,0.0002465986149839275,0.00024659890239574076,1.9505061605566019,-0.027334507387434814,8.211766094509603e-08,2.4635298283528813e-10,4.1058830446609535e-11,0.24943802412612012,0.13656598288772248,0.39676776543495806,0.21722822755119933,3.500507990177388e-07,0.7699006911642182,0.2300989587849827,1.1349128440122305e-16,Stage34_basis_oi_alpha,True,False,0,Optimization terminated successfully,1,-0.0035033198037000514,0.003686935410883797,0.00025388120442836596,0.04271993770403537,1.0,6.511738132448264e-09,0.003503319803700051,0.05519578292895565,-0.05433386449787943,2.220446049250313e-16,0.07480421707104436,0.10566613550212058,-0.0023675943091911833,1.0,1.9245078505632167e-05,1.9245078505632167e-05,3.065697906134979e-05,0.0001810103093876636,-0.5898322710230178,-0.10962281086491402,-1.574745468805292,0.17262802468722288,-3.065697906134979e-05,0.3942307692307692,-0.03343021640441554,2.278678544296552,141.0,0.021597642776271467,0.021597642776271464,0.0
2018-02,2018-01,2018-01,2018-01,2018-01,2018-01-31,0.47424202413230376,0.0,-0.007855917556286805,-0.00760836902111873,1.9351831449662398,-0.0349756873072441,0.08251504031241529,0.00024754512093724584,3.414230829104837e-09,0.3566635605528313,0.11678393565233602,0.3966693082691679,0.1298831955256647,0.08251540021973348,0.6819616653746122,0.23552293440565425,2.8626462978969864e-17,Stage34_basis_oi_alpha,True,False,0,Optimization terminated successfully,21,-0.003616489454280892,0.004055867274208557,0.000264224456576627,0.04708506055104292,1.0,0.00024755018085524747,0.003616489454280892,0.056308911185704205,-0.058198614201117056,0.0,0.0736910888142958,0.10180138579888295,0.000997240481856174,1.0,-1.2808198820678444e-07,-1.2808198820678444e-07,0.003084571154767568,0.002718806707071808,0.03508430627109126,0.04623620533413601,0.4648442746732214,0.021492635332188585,-0.003084571154767568,0.15900383141762453,0.009439636291273552,2.296754363496652,142.0,0.02156838941797663,0.021568389417976636,0.0
2018-03,2018-02,2018-02,2018-02,2018-02,2018-02-28,0.37430330122442457,0.858130081300813,0.005907354043725622,0.005907358492419169,1.9466149569430056,-0.02927494703136513,1.4484375930739702e-06,4.345312779221911e-09,1.033807679739707e-10,0.22292679738282276,0.04651481478248612,0.6044390856792627,0.1261193021554283,0.07642740162908764,0.6883590344728895,0.2352135638980229,8.289514103994255e-17,Stage34_basis_oi_alpha,True,False,0,Optimization terminated successfully,1,-0.002779222665298328,0.0029778795203403603,0.0002796325522159666,0.03405675893078852,1.0,8.573895684247754e-09,0.0027792226652983286,0.05792746003918694,-0.05787442707012189,0.0,0.07207253996081306,0.10212557292987812,-0.003854385338689288,1.0,1.6853742810392693e-05,1.6853742810392693e-05,-6.390388855170848e-05,-0.0011565418710104414,-0.08882339679398535,-0.19198977576577564,0.060827763918303523,-0.011678308755008632,6.390388855170848e-05,0.4026717557251908,0.011289042083438866,1.8261474542390155,143.0,0.02007599271010959,0.020075992710109597,0.0
2018-04,2018-03,2018-03,2018-03,2018-03,2018-03-07,0.49853419632149987,0.9963592233009708,-0.0020769975406421826,-0.002076970519127744,1.9425718424648577,-0.031291140579020715,8.50100840842836e-06,2.550302522528508e-08,1.5184892130920204e-09,0.2671238846447026,0.07469370745893074,0.5143569133468623,0.1438254945495044,0.07820473567146857,0.6886052284720015,0.23319003585652995,8.410873402746752e-17,Stage34_basis_oi_alpha,True,False,0,Optimization terminated successfully,2,-0.0030894654456544075,0.0032951239041533204,0.0002958886711232176,0.037766154823100535,1.0,2.906636982592945e-08,0.0030894654456544075,0.059587448791491415,-0.05718145212218694,0.0,0.07041255120850859,0.10281854787781305,-0.004620295278028709,1.0,1.6033466280968447e-05,1.6033466280968447e-05,-0.000642776795757638,-0.0018335801300070065,-0.6740425917121261,-0.23329142593592808,-1.8460075625105323,0.43065773654658895,0.000642776795757638,0.4429657794676806,0.0005988407113023614,3.48438195959296,144.0,0.019804822485407776,0.01980482248540777,0.0
2018-05,2018-04,2018-04,2018-04,2018-04,2018-04-30,0.4331132598642545,0.9666398713826366,0.0020526847047614267,0.0023014276971018146,1.9465593299737858,-0.029302686719920312,0.07989832901794985,0.00023969498705384956,9.048005286538316e-06,0.177181885158172,0.0653593042740968,0.5533409822068006,0.2041178283609306,7.751331539763293e-17,0.7514797117335456,0.2485202882664544,2.7755575615628914e-17,Stage34_basis_oi_alpha,True,False,0,Optimization terminated successfully,11,-0.0034912762733207425,0.003969147723249746,0.0003295427331781185,0.04565251627992824,1.0,0.00024874449241717097,0.0034912762733207425,0.06288491709573467,-0.06070577997426928,0.0,0.06711508290426534,0.09929422002573073,-0.005941084669413353,1.0,2.373878064094239e-05,2.373878064094239e-05,-0.004379742150391719,-0.002983094105698969,0.02149633746894152,-0.3037206219826075,0.4252275036068848,-0.12915036187959456,0.004379742150391719,0.7443181818181818,0.0037259538313238172,0.9284751297940044,145.0,0.019561018381404362,0.019561018381404366,0.0
2018-06,2018-05,2018-05,2018-05,2018-05,2018-05-31,0.5101680690196747,0.0,0.0044200285114774215,0.004420030763897676,1.9551631777115523,-0.025012176919207763,6.666806126278641e-07,2.0000418378835922e-09,2.5237841673461567e-10,0.2686182397404547,0.11779539507660325,0.42653901025572666,0.18704735492721536,1.6192377925694205e-07,0.7522828102393015,0.24771702783691912,5.50899569770555e-17,Stage34_basis_oi_alpha,True,False,0,Optimization terminated successfully,1,-0.0040305472336547125,0.0042395463288186774,0.0002909826852272249,0.04912865983446078,1.0,7.0626632683174e-09,0.0040305472336547125,0.059091388735810726,-0.0604050037163308,0.0,0.07090861126418928,0.0995949962836692,-0.00022509987809789684,1.0,-6.95846402155518e-06,-6.95846402155518e-06,-0.002635638981743349,0.00174410316864837,0.10299187086505247,-0.011042029922591524,0.6890092333740543,-0.007608060571858154,0.002635638981743349,0.6433962264150943,0.004521608189114034,1.2916026752539014,146.0,0.020385733391045432,0.020385733391045432,0.0
2018-07,2018-06,2018-06,2018-06,2018-06,2018-06-12,0.434838676455717,0.7119521912350597,-0.004359603543254265,-0.004359602772830149,1.9466394413943608,-0.029262737287340523,2.2013464839868864e-07,6.604039451960659e-10,1.1002017093200674e-10,0.16087518202062076,0.10604822922593457,0.4418264741185684,0.2912501146348763,1.552891044558069e-07,0.7546166515917956,0.24538319311909998,9.101463077998207e-17,Stage34_basis_oi_alpha,True,False,0,Optimization terminated successfully,1,-0.003751098513323835,0.003960334937807776,0.0002946940202380349,0.0457558551322651,1.0,6.583759959067471e-09,0.003751098513323835,0.059467034925716776,-0.059555538200594296,0.0,0.07053296507428322,0.10044446179940571,-0.0018714104656547788,1.0,1.5423483371071787e-05,1.5423483371071787e-05,-0.0002209107836020907,0.0004060484640467932,-0.5583021563238413,-0.09384485321873724,-1.4632038439512234,0.13731414996469468,0.0002209107836020907,0.40789473684210525,-0.001899592273720181,2.205614894057021,147.0,0.019941535432879007,0.019941535432879014,0.0
2018-08,2018-07,2018-07,2018-07,2018-07,2018-07-31,0.34898878792494603,0.5229249011857707,0.0052694717471481484,0.0052694755824501446,1.9568972029326728,-0.02414746470757223,1.0958005703139141e-06,3.2874017109417422e-09,5.479002851555452e-10,0.18221769363463097,0.13817047262099297,0.3865227057509297,0.2930891279934464,8.167565570195157e-07,0.7593603277539474,0.2406388554894956,8.559980860026009e-17,Stage34_basis_oi_alpha,True,False,0,Optimization terminated successfully,1,-0.0035747859560500118,0.003785825923114567,0.0003035986992891447,0.043608318881639935,1.0,7.900762343747251e-09,0.0035747859560500118,0.06035879713405277,-0.0579138159122712,0.0,0.06964120286594724,0.10208618408772879,-0.00043221234069245945,1.0,2.6532660570705502e-05,2.6532660570705502e-05,-0.00030197288954514345,0.0015668684288374646,-0.06145165058645835,-0.021679603914239638,0.15754636227284619,-0.003415542732204612,0.00030197288954514345,0.41385767790262173,0.0040365541927335265,0.5653681643041465,148.0,0.019936357804423405,0.019936357804423398,0.0
2018-09,2018-08,2018-08,2018-08,2018-08,2018-08-31,0.31301966010178556,0.6403301886792453,-0.0035734078515598225,-0.0035734037034193334,1.9499044111030177,-0.027634583819150738,1.185315703947496e-06,3.555947111842488e-09,5.921933771552659e-10,0.15063634294889292,0.11682580090059831,0.41256987674573564,0.319967979404773,8.137226237519225e-07,0.7663122464217819,0.23368693985559433,8.974651738059735e-17,Stage34_basis_oi_alpha,True,False,0,Optimization terminated successfully,1,-0.003616685665730897,0.003829774740963972,0.000315164104526986,0.044066312264405744,1.0,8.426372574559323e-09,0.003616685665730897,0.061497717472470736,-0.055539985969047544,0.0,0.06850228252752927,0.10446001403095245,-0.0026853865916964988,1.0,2.9632856538612647e-05,2.9632856538612647e-05,-0.0023313905079100916,-0.0002573365825080387,0.06706430538937146,-0.1349796041658337,0.5750103710616367,-0.07761467227714888,0.0023313905079100916,0.6138059701492538,0.004683781177316033,0.6419110566687847,149.0,0.019894758236194538,0.019894758236194538,0.0
2018-10,2018-09,2018-09,2018-09,2018-09,2018-09-12,0.4256552940656051,0.0,0.021311859228319827,0.02131186234467965,1.9914604994211254,-0.006911668951017691,8.904964372646828e-07,2.6714893117940487e-09,4.4487051067969434e-10,0.11519428456042721,0.08779420346506356,0.45229742731419603,0.3447140846603132,8.221577723256579e-07,0.7671458322152575,0.23285334562697016,9.354571870623287e-17,Stage34_basis_oi_alpha,True,False,0,Optimization terminated successfully,1,-0.003530906013360156,0.003740058490738066,0.00030864165434073433,0.043028851962812385,1.0,7.68557812330699e-09,0.003530906013360156,0.060858030300764844,-0.05525987000898062,0.0,0.06914196969923517,0.10474012999101939,-0.0021093472250484275,1.0,2.5721180362549697e-07,2.5721180362549697e-07,0.0009919277602954413,0.00020282425050033304,-0.7762081163465152,-0.1060807158050868,-2.171080628831151,0.23030978717696646,-0.0009919277602954413,0.3215613382899628,0.0034249758813971504,1.1067295327903985,150.0,0.01988436078169147,0.01988436078169148,0.0
2018-11,2018-10,2018-10,2018-10,2018-10,2018-10-31,0.5858590272887585,0.5303975058456742,0.00145100625414772,0.001451006770321954,1.9943501210606736,-0.005470691571744513,1.4757940818765035e-07,4.427382245629511e-10,7.34360094540175e-11,0.22897617634820308,0.18529233825235095,0.32374788613331684,0.26198359926612913,7.066818010175224e-07,0.7572332112673952,0.2427660820508038,1.1193424015516453e-16,Stage34_basis_oi_alpha,True,False,0,Optimization terminated successfully,1,-0.003896968108723434,0.004125200993266169,0.0003381065196107968,0.04747377280152924,1.0,6.537703447476715e-09,0.003896968108723435,0.06369676785622298,-0.057719015011523295,2.220446049250313e-16,0.06630323214377702,0.10228098498847671,-0.0039863691973222775,1.0,-8.569948017381469e-06,-8.569948017381469e-06,-0.0016632645346639219,-0.001298010184816567,0.1391473340317712,-0.19947563588084558,0.8106997425690623,-0.16171484665740152,0.0016632645346639219,0.5574074074074075,-0.04966522845780181,0.919437668317518,151.0,0.019984241081469664,0.01998424108146966,0.0
2018-12,2018-11,2018-11,2018-11,2018-11,2018-11-30,0.5961776678406475,0.0,0.012992662992853532,0.012992663753455631,2.0202620400733715,0.0,2.1741994573093452e-07,6.522598371928036e-10,1.0834226193972017e-10,0.11613070993440404,0.09043579707111214,0.44606454435869813,0.3473689486357857,7.34686446668135e-07,0.7620951244973879,0.23790414081616534,8.889897127311202e-17,Stage34_basis_oi_alpha,True,False,0,Optimization terminated successfully,1,-0.003777883156537442,0.003991522225101921,0.00031434790315958166,0.04601217928226557,1.0,6.581458241402827e-09,0.003777883156537442,0.06141803349110895,-0.05604955021249401,0.0,0.06858196650889106,0.10395044978750599,-0.0009629781444188578,1.0,-2.4526490052392826e-05,-2.4526490052392826e-05,0.00025779840165007784,0.0011000424327031189,-0.021165776270772325,-0.04927955661920412,0.2896604100195523,-0.014274336575900408,-0.00025779840165007784,0.38191881918819187,-0.04455050255299335,0.6816605417508336,152.0,0.019541128420858957,0.019541128420858957,0.0
2019-01,2018-12,2018-12,2018-12,2018-12,2018-12-12,0.5400060184645616,0.8554356206630687,0.006896350738644307,0.006896351337032046,2.0341944756856867,0.0,1.7096792534005193e-07,5.129037760201558e-10,8.548396267234699e-11,0.10187324202429324,0.056079855392154945,0.5430855697405771,0.2989613328429746,7.04287811822747e-07,0.7563119545609387,0.24368734115124946,7.305982529280592e-17,Stage34_basis_oi_alpha,True,False,0,Optimization terminated successfully,1,-0.003896332848709904,0.004115139435375784,0.0003199128600636705,0.047462196064127396,1.0,6.550606641529704e-09,0.003896332848709904,0.06195929567679127,-0.058047804755995296,0.0,0.06804070432320873,0.1019521952440047,-0.0011102328996178917,1.0,3.0286183836914192e-05,3.0286183836914192e-05,0.0011918951132299238,0.0009690456109270329,-0.6708951013990416,-0.057387561732801885,-1.8161347709411968,0.10422354628247595,-0.0011918951132299238,0.3069852941176471,-0.04350844281326884,1.0522998543078719,153.0,0.01934622880106263,0.019346228801062636,0.0
2019-02,2019-01,2019-01,2019-01,2019-01,2019-01-31,0.5207759342443048,0.3017638036809816,0.000913030202977832,0.0009130320930583095,2.0360517566807186,0.0,6.058743012329092e-07,1.8176229036987276e-09,7.245757370485046e-11,0.11926164815773856,0.03969952247533758,0.6309948307217833,0.21004399864514056,1.2216720735503803e-06,0.7514233861502236,0.24857539217770278,8.756000143476456e-17,Stage34_basis_oi_alpha,True,False,0,Optimization terminated successfully,1,-0.004001672047223762,0.004213312307499721,0.00030159541817071115,0.04875017518097238,1.0,6.926418906689323e-09,0.004001672047223762,0.060159330265957364,-0.05979086592488702,0.0,0.06984066973404264,0.10020913407511298,0.00019246386838416054,1.0,-3.0123835415415264e-06,-3.0123835415415264e-06,0.0015706806282722585,0.0020381159663838133,0.01771353191244781,0.009752884400677992,0.41996637820280697,0.00409588353878339,-0.0015706806282722585,0.25457875457875456,0.005587309294212781,1.0826687750327806,154.0,0.01973404589628695,0.01973404589628695,0.0
2019-03,2019-02,2019-02,2019-02,2019-02,2019-02-28,0.5454815010856986,0.0,0.0072729403267149636,0.007272941072373204,2.0508598396091604,0.0,2.130452117846786e-07,6.391356353540358e-10,1.0652260590268675e-10,0.08523859073444388,0.02110453840344939,0.7163044090386445,0.17735246182346234,1.2147870484203831e-06,0.7516549379132151,0.2483438472997364,9.269005724330804e-17,Stage34_basis_oi_alpha,True,False,0,Optimization terminated successfully,1,-0.00378858494111836,0.0039889637723195094,0.0002800842450151544,0.04618705979774319,1.0,6.578317067539643e-09,0.00378858494111836,0.05797422651646034,-0.059708352919598896,0.0,0.07202577348353967,0.10029164708040111,-0.002400260690204557,1.0,-3.321698891083403e-05,-3.321698891083403e-05,-0.0005633604450546725,-6.741655756292708e-05,-0.01816702775435741,-0.12253340881383612,0.30311676177867425,-0.037141930089352466,0.0005633604450546725,0.4397810218978102,0.009174431226619425,0.917288524590164,155.0,0.01958862251070851,0.019588622510708496,0.0
2019-04,2019-03,2019-03,2019-03,2019-03,2019-03-13,0.47066697804458835,0.7943181818181818,0.005219933760291851,0.0052199351785329985,2.061565192123563,0.0,4.0521175640936756e-07,1.2156352692281027e-09,2.0260587822723918e-10,0.1575479433760788,0.04517762653444211,0.619600905906315,0.1776735241831641,1.176354377547271e-06,0.752891119524293,0.24710770412132932,1.2591077837298665e-16,Stage34_basis_oi_alpha,True,False,0,Optimization terminated successfully,1,-0.003924463529673179,0.00413281105810293,0.0002979893384295458,0.047805796666657886,1.0,6.775882037365843e-09,0.003924463529673179,0.059798595812565275,-0.05926775024447623,0.0,0.07020140418743473,0.10073224975552378,-0.004496139215806424,1.0,5.258942460569568e-05,5.258942460569568e-05,-0.001123147712039474,-0.0017566828380426447,-0.6209000249239982,-0.2286178751004819,-1.6484443846455412,0.37686385243898507,0.001123147712039474,0.5,0.011621852422121513,1.1595159780077309,156.0,0.01966661274333988,0.019666612743339886,0.0
2019-05,2019-04,2019-04,2019-04,2019-04,2019-04-30,0.40474362160745986,0.8414909638554217,0.01921991403656675,0.019219914968295674,2.101188297896956,0.0,2.6620826371152996e-07,7.986247911345899e-10,1.331041318275181e-10,0.1439851975267811,0.04926289425072246,0.6010943331552535,0.20565757506724294,1.191976424666111e-06,0.7512458691936984,0.24875293882987698,7.932471273846751e-17,Stage34_basis_oi_alpha,True,False,0,Optimization terminated successfully,1,-0.004006546890672648,0.004209789901349632,0.00028695518363979454,0.048795747714356824,1.0,6.621594629146861e-09,0.004006546890672648,0.05868102081318571,-0.05985413226899115,0.0,0.07131897918681429,0.10014586773100885,-0.001712035505227501,1.0,6.500972149286953e-05,6.500972149286953e-05,-0.0005253020486780668,0.00046486698732151055,0.03590592189993703,-0.08813003163249389,0.482035211698211,-0.04248177845493922,0.0005253020486780668,0.4329710144927536,0.005680050726181359,0.7542393362681604,157.0,0.019426244079507025,0.019426244079507025,0.0
2019-06,2019-05,2019-05,2019-05,2019-05,2019-05-31,0.48880004151773937,0.3499251497005988,0.011497062983876061,0.011497064891058496,2.1253457920988605,0.0,5.449092672200828e-07,1.6347278016602484e-09,2.724546336041127e-10,0.119543407136065,0.045109979014516015,0.606487256009475,0.22885935783994404,1.0831374882584544e-06,0.7444717366303435,0.2555271802321682,6.755795308989785e-17,Stage34_basis_oi_alpha,True,False,0,Optimization terminated successfully,1,-0.0041581670257727,0.004374699303962079,0.0003076873454357827,0.05065026757493024,1.0,6.985112767454867e-09,0.0041581670257727,0.06076387203947253,-0.062334368540309916,0.0,0.06923612796052747,0.0976656314596901,-0.005366767695115696,1.0,1.5320750923690639e-06,1.5320750923690639e-06,-0.002120730137090021,-0.0025392423262575736,0.018529538828430392,-0.2776980543329143,0.42481231173276074,-0.11796955242485511,0.002120730137090021,0.6191335740072202,0.004614704335066755,0.848459287054409,158.0,0.019325910323742593,0.01932591032374258,0.0
2019-07,2019-06,2019-06,2019-06,2019-06,2019-06-12,0.4507788192501322,0.0,0.01925670357132119,0.019256704359016608,2.166272946003863,0.0,2.2505583358504426e-07,6.751675007551328e-10,1.1252791679015058e-10,0.09570715297008163,0.03274587359518651,0.6493679575914587,0.22217901584327324,1.1396895925043493e-06,0.739444378863671,0.2605544814467366,7.148639110709173e-17,Stage34_basis_oi_alpha,True,False,0,Optimization terminated successfully,1,-0.004112952545839797,0.00435532330762081,0.0003551485297713617,0.05013298851282155,1.0,6.587310610965032e-09,0.004112952545839797,0.06528232806247293,-0.06422476137203478,0.0,0.06471767193752707,0.09577523862796522,-0.0032157015209834656,1.0,-2.190012503073356e-05,-2.190012503073356e-05,-0.002199816681943245,-0.0009729596665516427,-0.7485206617830572,-0.17807294583559508,-2.0583768824103705,0.36654123509070297,0.002199816681943245,0.6241007194244604,0.004468111603866018,1.2538682215501884,159.0,0.018058338429198253,0.018058338429198253,0.0
2019-08,2019-07,2019-07,2019-07,2019-07,2019-07-31,0.4662836304946679,0.16185185185185186,0.03616543506952982,0.0361654356842097,2.244617149575445,0.0,1.756228226945615e-07,5.268684680836845e-10,8.781141133670193e-11,0.121935627864152,0.022370297069575617,0.7230444235103902,0.13264965155588213,1.0586246425516899e-06,0.735858031933119,0.2641409094422384,6.863319714210982e-17,Stage34_basis_oi_alpha,True,False,0,Optimization terminated successfully,1,-0.003991978023880211,0.004246752104396324,0.000377146210572818,0.048698147989318985,1.0,6.553292703196863e-09,0.003991978023880211,0.06727372835567995,-0.06557165865574124,0.0,0.06272627164432006,0.09442834134425876,-0.000642488921098274,1.0,-1.2286038092274529e-05,-1.2286038092274529e-05,0.00018740629685165544,0.0012851011376859844,0.0870500083048605,-0.034643097018216426,0.6492905516087037,-0.022493435572391585,-0.00018740629685165544,0.3817204301075269,0.0022294978413904616,0.9194700408607304,160.0,0.018545943532716862,0.01854594353271687,0.0
2019-09,2019-08,2019-08,2019-08,2019-08,2019-08-30,0.550380113879002,0.0,-0.02310890187113827,-0.023108901001169628,2.192746512127632,-0.023108901871138232,2.485624695861068e-07,7.456874087583204e-10,1.2428123474792708e-10,0.08657107478584139,0.01391689274183162,0.7749357992784679,0.12457623319385913,9.954060290398995e-07,0.7147121185244331,0.28528688606953795,7.714063930508943e-18,Stage34_basis_oi_alpha,True,False,0,Optimization terminated successfully,1,-0.004225957062312889,0.00454330815272766,0.00048072729550649614,0.051635334059692936,1.0,6.606270955868402e-09,0.004225957062312889,0.07595213983870339,-0.07268825095392299,0.0,0.05404786016129662,0.08731174904607701,-0.0021251090115014725,1.0,-2.783193325278187e-05,-2.783193325278187e-05,7.718133755241219e-05,2.0442122989905442e-06,0.09309600792657197,-0.11603883945514186,0.6671124724060689,-0.07741095708405057,-7.718133755241219e-05,0.38392857142857145,-0.002297051866357168,0.5680108148992735,161.0,0.018313773401042965,0.01831377340104297,0.0
2019-10,2019-09,2019-09,2019-09,2019-09,2019-09-10,0.5631946452322352,0.0,-0.006150885589156205,-0.006150884840746626,2.1792591792055136,-0.029117647248793954,2.1383130819820532e-07,6.41493924594616e-10,1.0691565410780626e-10,0.10247103679795988,0.01546343613651306,0.766410082083159,0.11565544498236806,1.0794195165178637e-06,0.725231328862344,0.2747675917181395,8.006528551929446e-18,Stage34_basis_oi_alpha,True,False,0,Optimization terminated successfully,1,-0.0038958885271420923,0.004199584989672406,0.00045939981843959305,0.04763862096543131,1.0,6.578917602449615e-09,0.0038958885271420923,0.07424821763029141,-0.06869731710213889,0.0,0.0557517823697086,0.09130268289786111,-0.0010314912792052247,1.0,-2.019704633505364e-05,-2.019704633505364e-05,0.0001116196004018466,0.0009330230268276285,-0.7985191831427794,-0.05661934208212988,-2.20923344344424,0.12508534407365118,-0.0001116196004018466,0.38256227758007116,0.0014756895481077628,0.7904065388489273,162.0,0.0182180018571919,0.018218001857191884,0.0
2019-11,2019-10,2019-10,2019-10,2019-10,2019-10-31,0.4560889046068717,0.0,-0.0011322922875459187,-0.0011322907888485299,2.1767916208443356,-0.03021696984892852,4.6057831104973177e-07,1.3817349331491953e-09,1.1696245583170075e-10,0.10323935420701846,0.012893607164700227,0.7857361182823953,0.09813092034588598,1.3256287349871626e-06,0.7222405783538309,0.2777580960174342,7.893013795564415e-18,Stage34_basis_oi_alpha,True,False,0,Optimization terminated successfully,1,-0.0034208847571144904,0.003693984653119183,0.0003954238935610463,0.04195527247606392,1.0,6.7434916492763195e-09,0.0034208847571144904,0.06888458987852475,-0.06983316712761273,0.0,0.061115410121475255,0.09016683287238728,-0.0009368577807869928,1.0,-1.7502742809569052e-05,-1.7502742809569052e-05,0.0007962936151730826,0.0010142693472082742,-0.003087099995468479,-0.05134207246228369,0.3606754402695974,-0.018517824589687745,-0.0007962936151730826,0.33865248226950356,-0.048158714747257414,0.6147345114391544,163.0,0.018247369766290926,0.018247369766290916,0.0
2019-12,2019-11,2019-11,2019-11,2019-11,2019-11-29,0.4239375981554435,0.5989130434782609,0.004711121809420766,0.00471113608763103,2.1870467513238596,-0.025648203865177743,4.682751074989929e-06,1.4048253224969786e-08,2.299570399141324e-10,0.09818300166070919,0.009279400003466056,0.8154667971548376,0.07707080118098719,6.020923833466948e-06,0.7285144746116771,0.27147950446448954,0.0,Stage34_basis_oi_alpha,True,False,0,Optimization terminated successfully,2,-0.0028953410667226943,0.0031363257975810382,0.0003387672401492112,0.035603306130077186,1.0,1.7393324363186793e-08,0.0028953410667226943,0.063758974911698,-0.06744734867222597,0.0,0.066241025088302,0.09255265132777403,0.0008256806019333706,1.0,1.5432590906086137e-05,1.5432590906086137e-05,0.002238832918066036,0.0025256946507108413,0.043112644484544035,0.045218193481347084,0.5081179964588496,0.022976177875230694,-0.002238832918066036,0.19964664310954064,-0.04432077151762134,0.7356475300400535,164.0,0.018259920141966122,0.01825992014196612,0.0
2020-01,2019-12,2019-12,2019-12,2019-12,2019-12-11,0.5980168260466474,0.0,0.02424170782427955,0.024241710667750736,2.2400644996674925,-0.0020282523052153056,8.993568810101504e-07,2.6980706430304514e-09,1.4540054620038045e-10,0.12406755621506356,0.018492178288718537,0.7462171468738865,0.11122311862233134,7.306968632313418e-06,0.7235065088722908,0.2764861841590769,2.7755575615628914e-17,Stage34_basis_oi_alpha,True,False,0,Optimization terminated successfully,1,-0.0032138922835186455,0.0034485353946566953,0.0003216840575832827,0.039452320390380644,1.0,7.356170602357658e-09,0.003213892283518646,0.06213057774557865,-0.06935028491941644,0.0,0.06786942225442136,0.09064971508058356,-0.0012254325121263147,1.0,-2.4991410598675894e-05,-2.4991410598675894e-05,0.0016411573727210804,0.0008244540135846634,-0.6407042286597506,-0.0636388097912081,-1.6889196128328847,0.10748083399371279,-0.0016411573727210804,0.24471830985915494,-0.03803954745275986,0.9665909489688008,165.0,0.019256056424480972,0.01925605642448096,0.0
2020-02,2020-01,2020-01,2020-01,2020-01,2020-01-31,0.5788757089771175,0.0,0.013352374563325517,0.013352375128578826,2.2699746799130613,0.0,1.615009454939356e-07,4.845028364818067e-10,8.075047275285335e-11,0.13286780064163697,0.043653644393280004,0.6198328166423137,0.20364573832276936,6.809422113094129e-06,0.7111571059928028,0.28883608458508414,2.345056810034627e-17,Stage34_basis_oi_alpha,True,False,0,Optimization terminated successfully,1,-0.0034414005544363894,0.003722170816923459,0.0004013793267387839,0.0422577738426488,1.0,6.5390215835644326e-09,0.0034414005544363894,0.06940138270139441,-0.07403205162226036,0.0,0.06059861729860559,0.08596794837773965,-0.003686659134810562,1.0,-3.407928085461936e-05,-3.407928085461936e-05,0.0005965330900412624,-0.001202089097490422,-0.043204470033322465,-0.1933321978425213,0.23498759433859467,-0.04543066807920732,-0.0005965330900412624,0.35964912280701755,0.0028122623490306822,1.136395418314031,166.0,0.01906903855618261,0.019069038556182607,0.0
2020-03,2020-02,2020-02,2020-02,2020-02,2020-02-28,0.7079524053825045,0.3909155937052933,-0.007905435059498131,-0.007905433697662096,2.2520295424943035,-0.007905435059498145,3.890960099401925e-07,1.1672880298205774e-09,1.9454800499750276e-10,0.2151972350330237,0.07806028720458107,0.5186193552151384,0.18812312254725683,6.4293309611683795e-06,0.7111348817822688,0.2888586888867701,4.863084066479964e-17,Stage34_basis_oi_alpha,True,False,0,Optimization terminated successfully,1,-0.004252067653894747,0.004606019776786364,0.0005486763887129108,0.0519801789891589,1.0,6.753296606567769e-09,0.004252067653894747,0.0811425699898329,-0.0740405993690351,0.0,0.04885743001016711,0.0859594006309649,-0.004417181245287527,1.0,-3.7466653080778034e-06,-3.7466653080778034e-06,-0.0011187768040273882,-0.0017153098940686506,0.06190464722998674,-0.22591026432220712,0.5715535386553475,-0.12911981099192238,0.0011187768040273882,0.5087412587412588,-0.001497755435995949,1.82598291214969,167.0,0.019552813408192343,0.01955281340819234,0.0
2020-04,2020-03,2020-03,2020-03,2020-03,2020-03-11,0.680975271328073,0.018874643874643875,0.020978359728959152,0.020978360745807965,2.2992734283569924,0.0,2.905282317846175e-07,8.715846953538525e-10,1.452641158641153e-10,0.13337728663135937,0.029685853764346442,0.6845714313173585,0.15236542828693564,5.657159322833793e-06,0.7083580639322727,0.2916362789084045,0.0,Stage34_basis_oi_alpha,True,False,0,Optimization terminated successfully,1,-0.0036341273699298762,0.004044294586641206,0.0006582340245577483,0.04458213089234798,1.0,6.643070248539488e-09,0.0036341273699298762,0.08887524005420733,-0.07509117478342914,0.0,0.04112475994579268,0.08490882521657087,-0.0029670228015546956,1.0,-3.550507829968311e-05,-3.550507829968311e-05,-0.0004668897362073432,-0.00036751250021960225,-0.6244881778005626,-0.13887502898617785,-1.6330849850163165,0.22679472463103276,0.0004668897362073432,0.44076655052264807,-0.008596375257546736,2.3950756936493964,168.0,0.02136469618198964,0.021364696181989648,0.0
2020-05,2020-04,2020-04,2020-04,2020-04,2020-04-29,0.6424513917025403,0.6965933286018453,0.0264673916296799,0.02688716842889547,2.3601291986490334,0.0,0.13992543681320624,0.00041977631043961874,4.887759528250721e-10,0.02537292977887852,0.0026257207548109084,0.8808468092170597,0.09115454024925088,0.13993043474499434,0.5564620451480946,0.3036075201069111,4.731311124635212e-18,Stage34_basis_oi_alpha,True,False,0,Optimization terminated successfully,16,-0.0033731433971758255,0.004190947617845414,0.0006026330165869534,0.04667557331462325,1.0,0.0004197791409833838,0.0033731433971758255,0.08503879231882024,-0.08484719163539534,0.0,0.04496120768117977,0.07515280836460467,0.003181025493330603,1.0,2.60723527202437e-05,2.60723527202437e-05,-0.0014701330857319617,0.004133878206561525,-0.017200190267180563,0.15116665221317552,0.32106545221543853,0.04853438955271712,0.0014701330857319617,0.5399305555555556,-0.010893090333273132,0.907207584331417,169.0,0.021043169553326586,0.02104316955332658,0.0
2020-06,2020-05,2020-05,2020-05,2020-05,2020-05-29,0.5992547689362759,0.96004243281471,-0.0010398158659140995,-0.0005674940483298418,2.357675098862671,-0.0010398158659141732,0.14444691649636002,0.00043334074948908006,3.898106809517754e-05,0.026296368301077178,0.0008893691012170766,0.9409890840647644,0.031825178532941305,1.0182946922499795e-17,0.6127722314984083,0.3872277685015917,0.0,Stage34_basis_oi_alpha,True,False,0,Optimization terminated successfully,11,-0.003133725746792939,0.004134697935307909,0.0007715082805198133,0.04498732554057603,1.0,0.00047232331761355733,0.003133725746792939,0.09621901769524442,-0.11188714015075635,0.0,0.03378098230475558,0.048112859849243655,-0.006028651774980607,1.0,6.0872047852251786e-05,6.0872047852251786e-05,-0.005216095380029762,-0.002372641167432854,0.034756772177359285,-0.26870025800259517,0.4870127021763739,-0.1308604387253327,0.005216095380029762,0.7906574394463668,-0.009776485039484107,1.0648623425104993,170.0,0.022436345315762156,0.02243634531576215,0.0
2020-07,2020-06,2020-06,2020-06,2020-06,2020-06-10,0.625426528599919,0.0,0.04412613704107738,0.0441261378372095,2.461710193373421,0.0,2.27466318558613e-07,6.823989556758391e-10,1.1373315932094153e-10,0.0681965222585688,0.0025168897273281907,0.8962106579828519,0.03307593003125108,3.850705430783404e-17,0.6130877037501078,0.38691229624989226,2.7738469643576065e-17,Stage34_basis_oi_alpha,True,False,0,Optimization terminated successfully,1,-0.003691681664756635,0.004157979318045255,0.0006489392135595975,0.046002116535185475,1.0,6.589404733990966e-09,0.003691681664756635,0.0882455129891326,-0.1106995429732029,0.0,0.04175448701086741,0.0493004570267971,-0.0021862957810364915,1.0,-4.9518764304886364e-05,-4.9518764304886364e-05,-0.001404542495974881,0.00019664472576996772,-0.7392099623915471,-0.10224460343476968,-1.9984631984856736,0.2043320772081491,0.001404542495974881,0.5258620689655172,-0.007575052319471096,1.1863666336960106,171.0,0.021382994383965813,0.02138299438396581,0.0
2020-08,2020-07,2020-07,2020-07,2020-07,2020-07-31,0.6414681865546076,0.22187281621243884,-0.004242743183654179,-0.0042427418456583614,2.4512657892303538,-0.004242743183654141,3.822845192347406e-07,1.1468535577042218e-09,1.9114225960347454e-10,0.08243556656589648,0.006586846527159698,0.8435735552012883,0.06740403170565555,3.8942564645990976e-17,0.5912226751831096,0.40877732481689044,2.723335786148194e-17,Stage34_basis_oi_alpha,True,False,0,Optimization terminated successfully,1,-0.004343815568873606,0.004900926736878235,0.0007981570235815852,0.05402217870104931,1.0,6.7470298647238906e-09,0.004343815568873606,0.09786666584174114,-0.1195711446574668,0.0,0.032133334158258864,0.04042885534253321,-0.0043841082616787866,1.0,-1.1683395312848894e-05,-1.1683395312848894e-05,-0.0007677415047732117,-0.0013964087302552608,0.032304642163534826,-0.20514396489104572,0.4825107822162108,-0.09898417496651335,0.0007677415047732117,0.4725085910652921,-0.006034084063035009,0.9103405340237564,172.0,0.021370885875230287,0.021370885875230283,0.0
2020-09,2020-08,2020-08,2020-08,2020-08,2020-08-31,0.588735960815789,0.0,-0.020633034551688096,-0.020633033791262818,2.400688737505793,-0.024788237068639973,2.172643650544468e-07,6.517930951633405e-10,1.0863218252720432e-10,0.07159350187170747,0.005263154163832908,0.859926363351168,0.06321698061329163,4.022060662007527e-17,0.5873842406913223,0.4126157593086777,2.8577105935418483e-17,Stage34_basis_oi_alpha,True,False,0,Optimization terminated successfully,1,-0.004081335067049192,0.004751936082666855,0.0010205988017233576,0.05089964018166212,1.0,6.58165417132233e-09,0.004081335067049192,0.11066700330577443,-0.12112546202642532,0.0,0.01933299669422557,0.03887453797357468,-0.0035381833527398463,1.0,-3.616727905610233e-05,-3.616727905610233e-05,-0.0015951040072919032,-0.0008273625025186915,-0.04679406144444302,-0.16789696582004274,0.2285474951187284,-0.038372430976205525,0.0015951040072919032,0.5702054794520548,-0.00457987539799896,1.1600201742639003,173.0,0.021073539569096095,0.021073539569096102,0.0
2020-10,2020-09,2020-09,2020-09,2020-09,2020-09-09,0.6261556468027473,0.7085932085932086,-0.014772942490105299,-0.014772941145530065,2.3652235008499765,-0.039194984358099094,3.8416435241275553e-07,1.1524930572382667e-09,1.9208217619247719e-10,0.1852767229952708,0.017223144876406204,0.7296706542182274,0.06782947791009562,4.139109285159707e-17,0.6052366810049418,0.3947633189950582,2.589811640612987e-17,Stage34_basis_oi_alpha,True,False,0,Optimization terminated successfully,1,-0.003838758058101879,0.004405322098506178,0.0008379852340226425,0.04783595377793828,1.0,6.749384290567605e-09,0.003838758058101879,0.10027872560155374,-0.11387881556824461,0.0,0.029721274398446268,0.04612118443175539,-0.002524791957359501,1.0,3.8445382677826434e-05,3.8445382677826434e-05,-0.0013703868952767984,-9.39633717252919e-05,-0.7657922038197882,-0.11999003575455557,-2.07484155869345,0.24896031281266484,0.0013703868952767984,0.5238907849829352,-0.024394694662015996,1.3050773669755789,174.0,0.021041680181878318,0.021041680181878304,0.0
2020-11,2020-10,2020-10,2020-10,2020-10,2020-10-30,0.8517779157031556,0.0,-0.027390771013001622,-0.027390769780540756,2.300438205543625,-0.06551217452968972,3.5213167512429166e-07,1.056395025372875e-09,1.7606583754824726e-10,0.12144992357878019,0.011890467963765465,0.7893762872474307,0.07728332121002371,4.088336179744318e-17,0.6117725119872461,0.3882274880127538,2.3230279178739427e-17,Stage34_basis_oi_alpha,True,False,0,Optimization terminated successfully,1,-0.0032790292066867954,0.0037769087647269895,0.0007098872511769258,0.04106358166966232,1.0,6.710654898886731e-09,0.0032790292066867954,0.09229651680384861,-0.11121676931028672,0.0,0.0377034831961514,0.04878323068971328,-0.0034716691147314424,1.0,-3.181106705441296e-05,-3.181106705441296e-05,-3.313342831579025e-05,-0.0007812955517948472,0.04403937498937368,-0.16447975777248908,0.5232213980361843,-0.08605932881037469,3.313342831579025e-05,0.39625850340136054,-0.05284294422586788,1.0951080565958926,175.0,0.0211069687951116,0.021106968795111605,0.0
2020-12,2020-11,2020-11,2020-11,2020-11,2020-11-30,0.7610439382780786,0.0,0.08835713780342934,0.09001443412778208,2.503698341079117,0.0,0.5475205970442991,0.0016425617911328973,1.4734533219845012e-05,0.2525684876002302,0.017714758208442087,0.6818900536406797,0.04782670055064793,0.5475205970442991,0.10919845584893006,0.3432809471067708,0.0,Stage34_basis_oi_alpha,True,False,0,Optimization terminated successfully,16,-0.00469870688511108,0.0074823655023317955,0.001408333342197145,0.08133838597479867,1.0,0.0016572978243894934,0.00469870688511108,0.130000000409099,-0.1429213801473822,0.0,-4.0909900467234195e-10,0.0170786198526178,0.004377746954931212,1.0,-1.3950406696384276e-05,-1.3950406696384276e-05,0.0032937505417351964,0.005090255522953391,-0.05287902378682615,0.21826680426675688,0.21300727054981092,0.046492416228491706,-0.0032937505417351964,0.13728813559322034,-0.0552446509367387,1.3092357359431692,176.0,0.020056861003842377,0.020056861003842373,0.0
2021-01,2020-12,2020-12,2020-12,2020-12,2020-12-09,0.6400460418967638,0.0,0.014806943200089734,0.015020054055789921,2.5407704602056342,0.0,0.07103671922312754,0.00021311015766938262,6.980308057404853e-10,0.3587984045695214,0.03371028527727789,0.5553174197439851,0.052173890409215586,0.49869904710494994,0.17095746026387879,0.33034349263117124,4.338469243657424e-19,Stage34_basis_oi_alpha,True,False,0,Optimization terminated successfully,19,-0.002247850919184023,0.003449785793545418,0.0012720833245895313,0.03376492957500783,1.0,0.00021311299812164263,0.002247850919184023,0.12355160822536619,-0.13021300658972304,0.0,0.006448391774633813,0.029786993410276963,-0.003562628927239018,1.0,-8.00867415754291e-06,-8.00867415754291e-06,-0.0006191450414558819,-0.0004984049044157723,-0.8358346881058266,-0.14674408729811428,-2.2883596410352944,0.3358032469335647,0.0006191450414558819,0.4510135135135135,-0.05438712496434959,1.9472642778801688,177.0,0.024277836285161194,0.024277836285161176,0.0
2021-02,2021-01,2021-01,2021-01,2021-01,2021-01-29,0.8252983234486169,0.0,-0.0017034497373631184,-0.0016109448871804502,2.536442385432497,-0.0017034497373630275,0.03083474765289719,9.250424295869157e-05,6.072239766283628e-10,0.30064152932091903,0.033609410920709175,0.5988070379847911,0.06694202177358066,0.47864092432297556,0.19889646544764047,0.322462610229384,0.0,Stage34_basis_oi_alpha,True,False,0,Optimization terminated successfully,10,-0.0027623826455555984,0.0038830918365197653,0.001408333333946233,0.03814710203455979,1.0,9.250706768811095e-05,0.0027623826455555984,0.13000000002828768,-0.12415330956378495,0.0,-2.8287677755756135e-11,0.03584669043621505,-0.0018336810815679082,1.0,-1.1882946668046158e-05,-1.1882946668046158e-05,-0.0010620430744912035,0.0005798666717825585,0.0668568198891959,-0.0760242209539491,0.5985681895657109,-0.0455056802995489,0.0010620430744912035,0.49663299663299665,-0.007941572223868579,1.9087966280295048,178.0,0.024119695783251,0.024119695783250995,0.0
2021-03,2021-02,2021-02,2021-02,2021-02,2021-02-26,0.7102833465589655,0.0,-0.004850479574782819,-0.004788340028365807,2.5241394234493435,-0.006545666763988045,0.020713134245562245,6.213940273668674e-05,1.4368032465160814e-10,0.30488975512104693,0.06021852984273134,0.5301769022989414,0.10471481273728026,0.4786368699020217,0.21890765649800029,0.30245547359997804,2.8219980733887275e-17,Stage34_basis_oi_alpha,True,False,0,Optimization terminated successfully,9,-0.004172582691644196,0.0052510236573868095,0.0014083333333369588,0.054562283888619965,1.0,6.214255270651818e-05,0.004172582691644197,0.13000000000016732,-0.11766989766479272,0.0,-1.673106098110111e-13,0.04233010233520729,0.000972188425394839,1.0,-1.2531046200624817e-05,-1.2531046200624817e-05,-0.00017072337934731507,0.0023527424949039144,-0.004363343105968228,0.040160351731968975,0.3710674124602769,0.014902197800676328,0.00017072337934731507,0.4077181208053691,-0.004895032351496233,1.493872047187098,179.0,0.024207667101205803,0.024207667101205806,0.0
2021-04,2021-03,2021-03,2021-03,2021-03,2021-03-10,0.5073772249005957,0.0,0.012430312872646539,0.012430313917699758,2.5555152662170006,0.0,2.985866337377925e-07,8.957599012133775e-10,1.4929331688991643e-10,0.3315665859326997,0.12749233920038447,0.39070798009730706,0.15023309476960886,0.47846241544701634,0.21934067558125372,0.30219690897172996,0.0,Stage34_basis_oi_alpha,True,False,0,Optimization terminated successfully,1,-0.004265315335733281,0.0052293070236139935,0.0013075493321851803,0.05490638829025684,1.0,6.6381077535848255e-09,0.004265315335733281,0.12526209317356213,-0.11755504051613741,0.0,0.0047379068264378765,0.04244495948386259,0.0013462518208474672,1.0,-7.637922616717757e-06,-7.637922616717757e-06,2.4783761679358918e-05,0.0025980267560842263,-0.8809633612571982,0.05617690905975775,-2.417022868683237,-0.13578087388937302,-2.4783761679358918e-05,0.3896321070234114,-0.009454602877637379,1.85717254907055,180.0,0.023964505049848903,0.023964505049848903,0.0
2021-05,2021-04,2021-04,2021-04,2021-04,2021-04-30,0.5381549974723677,0.001004016064257028,0.02013095339553977,0.02067417099490788,2.6069602249428057,0.0,0.18107076186686535,0.0005432122856005961,5.313767511394563e-09,0.32464804181745743,0.32085410043526646,0.17829071015085565,0.17620714759642053,0.29627148756471533,0.39692176699181014,0.30680674544347447,0.0,Stage34_basis_oi_alpha,True,False,0,Optimization terminated successfully,31,-0.002528172900501869,0.003557826596640355,0.0006527938412586545,0.03877715611213233,1.0,0.000543219193264228,0.002528172900501869,0.08850720928322084,-0.09484726606748733,0.0,0.041492790716779165,0.06515273393251267,-0.002270224468881358,1.0,-1.486218717619057e-05,-1.486218717619057e-05,-0.0014430697168270612,0.00030081490399580524,0.04685930485114001,-0.0948033760334878,0.5369927291549536,-0.050908723629325935,0.0014430697168270612,0.5483333333333333,-0.0052297617935765876,0.9457566412967526,181.0,0.02394666270196367,0.02394666270196366,0.0
2021-06,2021-05,2021-05,2021-05,2021-05,2021-05-31,0.4671721247709336,0.7018654230512992,-0.006393872222196081,-0.0063938653708339455,2.590291654376174,-0.0063938722221961175,1.9575320386600037e-06,5.872596115980011e-09,9.787660193716353e-10,0.28176433445537663,0.41510848669524425,0.12256243207018512,0.180564746779194,0.2937729047354013,0.3884440136025481,0.31778308166205066,5.551125023595522e-17,Stage34_basis_oi_alpha,True,False,0,Optimization terminated successfully,2,-0.004710604022035659,0.005208406028062379,0.0006685108234193429,0.05848980739623249,1.0,1.0165886041649202e-08,0.004710604022035657,0.08956634346132544,-0.09895570224493419,0.0,0.04043365653867456,0.06104429775506581,0.0007712251042823744,1.0,1.427833433041465e-05,1.427833433041465e-05,-0.0006775859249048555,0.002228845727073381,0.02654855112296823,0.032203653960166674,0.47169803799087157,0.015190400389147582,0.0006775859249048555,0.4634551495016611,-0.004691764496817956,0.8519805757050994,182.0,0.023948372605056494,0.023948372605056483,0.0
2021-07,2021-06,2021-06,2021-06,2021-06,2021-06-09,0.39727495831189413,0.85842175066313,0.007137819571713244,0.007137825328130954,2.608780688843226,0.0,1.6478121563912443e-06,4.943436469173733e-09,8.129812409940082e-10,0.27124732806069657,0.4118584405404077,0.12583221734582145,0.19106201405307427,0.3036495736986753,0.3920947384042832,0.3042556878970416,6.259635201500745e-17,Stage34_basis_oi_alpha,True,False,0,Optimization terminated successfully,1,-0.005377942343278052,0.005848474649413974,0.0006180631504264505,0.06647331689040899,1.0,9.7093430878873e-09,0.005377942343278052,0.08612060035274606,-0.09453098648627495,0.0,0.043879399647253944,0.06546901351372506,0.002055239548737599,1.0,3.572056126187585e-05,3.572056126187585e-05,0.0003036177219328806,0.003030763309551099,-0.6598855642389533,0.08499764315290048,-1.699910906286676,-0.14448842060427852,-0.0003036177219328806,0.3658940397350993,-0.008437282788368335,1.5031831898137926,183.0,0.02417995926122883,0.024179959261228828,0.0
2021-08,2021-07,2021-07,2021-07,2021-07,2021-07-30,0.6433783273274076,0.0,-0.0009946062207129545,-0.0008382641544389309,2.606185979341627,-0.0009946062207127904,0.044669161792578196,0.0001340074853777346,2.233458089628903e-05,0.32176738016106393,0.4585265049961536,0.09059953220584846,0.129106582636934,0.24899155512513368,0.3936408399544741,0.3573676049203923,0.0,Stage34_basis_oi_alpha,True,False,0,Optimization terminated successfully,9,-0.005493849354604022,0.0061306389001545905,0.0006385465901216066,0.06973638726112545,1.0,0.0001563435695398049,0.005493849354604022,0.08753604447003119,-0.11096168610840024,0.0,0.042463955529968817,0.049038313891599766,0.0009657314343831361,1.0,-3.338898612462469e-05,-3.338898612462469e-05,0.0003771450122571629,0.0023699525803447807,0.0855815820514904,0.04123597413639572,0.6609848111009861,0.027256352575110672,-0.0003771450122571629,0.3613861386138614,-0.006621136529338241,0.9618257460405002,184.0,0.023419634302533947,0.02341963430253395,0.0
2021-09,2021-08,2021-08,2021-08,2021-08,2021-08-31,0.4018213787319458,0.8835301837270341,-0.016821947201809347,-0.016345337208948464,2.5623448563990463,-0.01779982220919074,0.136174389195987,0.000408523167587961,6.808682527292132e-05,0.27519107890864664,0.473001752022915,0.09261661388361268,0.15919055518482567,0.10864742804255717,0.39382612338252543,0.49752644857491746,0.0,Stage34_basis_oi_alpha,True,False,0,Optimization terminated successfully,14,-0.0051655106054158476,0.006393268597842335,0.0010395708077850351,0.07048179832739782,1.0,0.0004766122497333838,0.0051655106054158476,0.11169086665175636,-0.15999999999805228,0.0,0.018309133348243647,1.9477197632511434e-12,-0.001755563489452861,1.0,3.243288508083868e-05,3.243288508083868e-05,-0.000928814689561519,0.0005930771390501022,0.027874830236308937,-0.07631834536599061,0.4773357574885234,-0.03642947519554587,0.000928814689561519,0.4917763157894737,-0.0019127272708628856,1.4566235027142818,185.0,0.02300316497997853,0.023003164979978518,0.0
2021-10,2021-09,2021-09,2021-09,2021-09,2021-09-08,0.5434837308818355,0.0,-0.0018070204021979365,-0.0014850976782283419,2.5577146469660663,-0.019574677969501186,0.10527721115933991,0.00031583163347801975,6.091090491574969e-06,0.2490381369633913,0.4434305769319381,0.11059996937426896,0.19693131673040168,1.4278893616023572e-19,0.4882173583659873,0.5117826416340128,0.0,Stage34_basis_oi_alpha,True,False,0,Optimization terminated successfully,9,-0.0051110321974666435,0.006352812857747109,0.0013260287264298964,0.06827758193438592,1.0,0.0003219242240668622,0.0051110321974666435,0.12614414261930182,-0.15999995431381275,0.0,0.0038558573806981855,4.5686187249982524e-08,-0.003497551267152247,1.0,-1.1514996000467518e-05,-1.1514996000467518e-05,-0.00012061271257990391,-0.0005636993943269886,-1.0254774771483148,-0.15280381530589426,-2.8515545304269003,0.43572841180203814,0.00012061271257990391,0.40491803278688526,-0.007748834114440796,1.5994209156770856,186.0,0.02288916189789232,0.0228891618978923,0.0
2021-11,2021-10,2021-10,2021-10,2021-10,2021-10-29,0.5034546006095804,0.0,0.010219461256467593,0.010244635632481621,2.5838531127058357,-0.00955525937615076,0.007192678861150688,2.1578036583452063e-05,3.5963394305753567e-06,0.23958693282974688,0.4275632021745834,0.11953303171645199,0.21331683327921772,0.00719222933377234,0.4818737384905844,0.5109340321756433,6.242610030165311e-19,Stage34_basis_oi_alpha,True,False,0,Optimization terminated successfully,7,-0.004977188843600069,0.005874568300988589,0.0012390178253943783,0.06306071265949681,1.0,2.517684655389057e-05,0.004977188843600069,0.12193528572457006,-0.1600000000039273,0.0,0.008064714275429943,-3.927302927309029e-12,0.0008746946607016651,1.0,-7.047459019359081e-06,-7.047459019359081e-06,-0.0020568196426276053,0.0023083587060878097,0.013586201847174562,0.037969928837326646,0.435520032842591,0.016536664654263344,0.0020568196426276053,0.6388888888888888,-0.03789612061194027,1.118548137196704,187.0,0.023036510404038195,0.023036510404038195,0.0
2021-12,2021-11,2021-11,2021-11,2021-11,2021-11-30,0.7409570219258977,0.0,0.006633824883136782,0.0066563179164621025,2.600993941779274,-0.0029848224104283005,0.006827428742714426,2.048228622814328e-05,2.0107470971765235e-06,0.19001561768171168,0.4490355554984322,0.10732460428537584,0.25362422253448025,0.0,0.48821724280107287,0.5117827571989272,0.0,Stage34_basis_oi_alpha,True,False,0,Optimization terminated successfully,5,-0.0055281293013615855,0.0064626826794786495,0.0013158745664639973,0.06965694475495982,1.0,2.249453395112523e-05,0.0055281293013615855,0.12566023554636513,-0.1599999999999978,0.0,0.004339764453634876,2.192690473634684e-15,-0.0038527624418847016,1.0,-4.426480655704997e-05,-4.426480655704997e-05,-2.6783801157059806e-05,-0.0008616561668818301,0.057407732996543615,-0.17272010203925853,0.5717156769300997,-0.09874679005681058,2.6783801157059806e-05,0.3925081433224756,-0.043747839587533296,1.4606446789584624,188.0,0.02230639280776353,0.02230639280776354,0.0
2022-01,2021-12,2021-12,2021-12,2021-12,2021-12-08,0.45947440200568523,0.0,-0.0005137971142374782,-0.0004943068745148371,2.5996575585978388,-0.003497085931524757,0.0055686600536147286,1.6705980160844185e-05,2.7842595617968974e-06,0.15219498085738078,0.4232666979857632,0.11227959052214144,0.31225873063471454,0.00556866005361462,0.48330550076089424,0.5111258391854911,5.782504124102461e-19,Stage34_basis_oi_alpha,True,False,0,Optimization terminated successfully,8,-0.005698723843731685,0.006495488939897967,0.0010532896388385363,0.0716261294457444,1.0,1.9493043464588277e-05,0.005698723843731685,0.11242542268571835,-0.16000000000000122,0.0,0.01757457731428165,-1.2212453270876722e-15,0.0015578870377885858,1.0,-6.984795038211224e-06,-6.984795038211224e-06,0.002441602899718065,0.002803743669008485,-0.757825980384738,0.07149929446512632,-1.9817665584038588,-0.14169491072045745,-0.002441602899718065,0.16071428571428573,-0.032866781532946636,1.6397838549524097,189.0,0.0217888449031961,0.021788844903196117,0.0
2022-02,2022-01,2022-01,2022-01,2022-01,2022-01-28,0.6013959164657002,0.8255141388174807,0.028352101865872004,0.028389104535583982,2.6733633145155893,0.0,0.011305848646024247,3.391754593807274e-05,3.085123773904961e-06,0.17021973081403446,0.4189012602951388,0.11871876124945764,0.2921602476413691,0.0,0.48821724280106626,0.5117827571989337,5.076447184541643e-18,Stage34_basis_oi_alpha,True,False,0,Optimization terminated successfully,4,-0.005847046879111708,0.006701201654588168,0.0011314078708309558,0.07362597263007228,1.0,3.700417008642247e-05,0.005847046879111708,0.11651993155667174,-0.16000000000000095,0.0,0.01348006844332826,-9.43689570931383e-16,-0.006669282873524945,1.0,1.5972591002323732e-05,1.5972591002323732e-05,-0.005521780355847938,-0.003218915693432689,0.13324626056406316,-0.33007284692089556,0.8105055273203815,-0.26752586684776003,0.005521780355847938,0.8106796116504854,0.005058348754052768,1.6124735046814245,190.0,0.020205487775622116,0.020205487775622116,0.0
2022-03,2022-02,2022-02,2022-02,2022-02,2022-02-28,0.6071226894086899,0.41415759128763613,-0.0005524011062669383,-0.0005070949317053193,2.6718865456631975,-0.0005524011062668643,0.012944621303319722,3.883386390995917e-05,6.472310651659821e-06,0.17564373557926424,0.4380952237797689,0.11054265181041725,0.2757183888305496,0.0,0.4861884515466509,0.5138115484533492,9.41589617436462e-19,Stage34_basis_oi_alpha,True,False,0,Optimization terminated successfully,5,-0.006153766060514856,0.0070644107308045585,0.0012262908199777102,0.07741518384978843,1.0,4.530917469681027e-05,0.006153766060514856,0.1213074187332849,-0.15999999999998865,0.0,0.0086925812667151,1.1352030426792226e-14,-0.0013206205629747582,1.0,2.4150482818939453e-06,2.4150482818939453e-06,-0.0013547513063673078,0.0007478326586634054,0.029383515153063665,-0.06468456663419286,0.48452410926738537,-0.03134123203177913,0.0013547513063673078,0.5370967741935484,0.0033300035212747844,1.0146682652454968,191.0,0.02041631615843068,0.020416316158430686,0.0
2022-04,2022-03,2022-03,2022-03,2022-03,2022-03-08,0.4695138288913202,0.3217695735200509,-0.0028165468763426717,-0.002790222555370807,2.6643610519590677,-0.0033673921189992795,0.007521234563389934,2.25637036901698e-05,3.7606172816950222e-06,0.1830138575401044,0.44923216988012954,0.106452346442006,0.26130162613776003,0.0,0.4861884515664489,0.513811548433551,1.2425973336220586e-18,Stage34_basis_oi_alpha,True,False,0,Optimization terminated successfully,3,-0.005912105523407744,0.006881815806185394,0.0013850100534400374,0.0742717293535845,1.0,2.632732120453939e-05,0.005912105523407744,0.12891904685220276,-0.15999999999206374,0.0,0.0010809531477972423,7.936262758079238e-12,-0.007751768300967516,1.0,6.262772203930588e-08,6.262772203930588e-08,-0.004321570647663364,-0.003963818432351607,-0.7798013348481567,-0.3796107184362383,-2.042357055450283,0.7753006291228021,0.004321570647663364,0.7733118971061094,-0.010389673703610188,1.3789022121149472,192.0,0.020420309344530672,0.020420309344530665,0.0
2022-05,2022-04,2022-04,2022-04,2022-04,2022-04-29,0.6377155193479903,0.0,-0.012441476002043102,-0.01242714453381227,2.6312124678703404,-0.01576697279280448,0.004094705208809209,1.2284115626427628e-05,2.047352604404585e-06,0.12551307932761085,0.3515762237044147,0.13756781250949984,0.3853428844584746,2.82683200761038e-06,0.4861859856263795,0.5138111875416129,0.0,Stage34_basis_oi_alpha,True,False,0,Optimization terminated successfully,6,-0.006145094396688074,0.007091607906606966,0.0013651260425646627,0.07690853862389561,1.0,1.4333226154562943e-05,0.006145094396688074,0.1279902828763807,-0.15999999999999887,0.0,0.0020097171236193034,1.1379786002407855e-15,-0.00024079400332547944,1.0,-1.1857962816270774e-05,-1.1857962816270774e-05,-0.00047783680467705647,0.0015263912929536216,0.07992778433001624,-0.011319056404803638,0.644629885076244,-0.007296602029400092,0.00047783680467705647,0.4375,-0.0016922814445494384,0.8533128086716696,193.0,0.02127332833356057,0.02127332833356057,0.0
2022-06,2022-05,2022-05,2022-05,2022-05,2022-05-31,0.4639325979169153,0.868785399622404,-0.0026988859353761123,-0.002686662513431435,2.624111125547819,-0.01842330546706661,0.0034927308467476645,1.0478192540242993e-05,1.745229404434092e-06,0.13257758464813105,0.43844667875584903,0.09959746139599293,0.329378275200027,0.0034942940142642866,0.4924132351045202,0.5040911829708532,1.2879103625089591e-06,Stage34_basis_oi_alpha,True,False,0,Optimization terminated successfully,11,-0.005853693457008256,0.006808655943635221,0.0014083333335086986,0.07325387132257045,1.0,1.2224564775562748e-05,0.005853693457008255,0.13000000000809378,-0.15628204836322163,2.220446049250313e-16,-8.093775649697932e-12,0.003717951636778377,0.00015607258450232224,1.0,1.7816970303919078e-05,1.7816970303919078e-05,-0.0015787544754870542,0.0018048631757183742,0.06691643506426943,0.007374058540027257,0.6027212685513759,0.0044445019176173346,0.0015787544754870542,0.5862619808306709,0.0028304207024441195,0.814924412994532,194.0,0.021165086180851705,0.021165086180851684,0.0
2022-07,2022-06,2022-06,2022-06,2022-06,2022-06-08,0.5121129463995405,0.0,0.0067248973417974815,0.006724914358341561,2.6417580034805965,-0.011822302963231723,4.862591040875292e-06,1.4587773122625876e-08,2.4287709569702345e-09,0.09451506452293369,0.34414480372286416,0.12094814824120569,0.44039198351299647,0.0030870805842825337,0.48817735002778,0.508734306448417,1.2629395204986926e-06,Stage34_basis_oi_alpha,True,False,0,Optimization terminated successfully,2,-0.005612758776146004,0.006484659476863638,0.0012596799505191901,0.07025783401924851,1.0,2.0308577396264784e-08,0.005612758776146004,0.12294779138410858,-0.1581242983608173,0.0,0.0070522086158914254,0.0018757016391827142,0.0016632320476388791,1.0,-3.2707920593168693e-06,-3.2707920593168693e-06,0.0011841497227356168,0.002947614207717275,-0.9645825080472619,0.08412113564965722,-2.608502596727812,-0.21943020078182338,-0.0011841497227356168,0.28821656050955413,-0.0028937228085719234,1.2406469391021977,195.0,0.01977186868429608,0.01977186868429607,0.0
2022-08,2022-07,2022-07,2022-07,2022-07,2022-07-29,0.4802980715205215,0.6426342072409488,-0.01942691905932198,-0.019415750125642478,2.5904367845726632,-0.031019551099792153,0.00319132548287325,9.573976448619751e-06,1.5949572308804364e-06,0.08497869142227482,0.32407789562344264,0.122764428022413,0.46817898493186955,2.7755575615628914e-17,0.4923597434880037,0.5076400248984851,2.3161351122842273e-07,Stage34_basis_oi_alpha,True,False,0,Optimization terminated successfully,12,-0.004813411162576101,0.005710840166452169,0.0012914819629582163,0.060781190219676734,1.0,1.117052847739681e-05,0.004813411162576103,0.12449009420632068,-0.1575269698399929,0.0,0.005509905793679326,0.002473030160007106,-0.005018290288579503,1.0,2.191545302989911e-06,2.191545302989911e-06,-0.002651783787117279,-0.0019636202008017634,-0.057616399493851056,-0.24642660858724202,0.22016093989167618,-0.054253513760885407,0.002651783787117279,0.6904761904761905,0.01608853040836057,0.8418146879098757,196.0,0.02036423873764786,0.02036423873764787,0.0
2022-09,2022-08,2022-08,2022-08,2022-08,2022-08-31,0.49827735601106016,0.685208203853325,0.021243755118385686,0.021243756037758268,2.6454673892737834,-0.010434767728852656,2.626778810576835e-07,7.880336431730505e-10,1.3133894051495684e-10,0.07887927916540304,0.2593595408692252,0.15432659341104318,0.5074345865543286,5.561775139917271e-17,0.4884406676066228,0.511559097883016,2.3451036129655522e-07,Stage34_basis_oi_alpha,True,False,0,Optimization terminated successfully,1,-0.003617644449270535,0.0044884417793641185,0.001251506591469739,0.04635226180355099,1.0,6.618677663614627e-09,0.0036176444492705354,0.12254827252000278,-0.15909807664353565,2.220446049250313e-16,0.007451727479997228,0.000901923356464357,-0.007244449756723202,1.0,2.086413832166275e-06,2.086413832166275e-06,-0.006714732184299299,-0.0035212308045827756,0.03402022511561167,-0.35096110508222045,0.5027895911742383,-0.1764595905423485,0.006714732184299299,0.8560126582278481,0.0180773763640137,0.9867635946741707,197.0,0.020641745343906483,0.020641745343906497,0.0
2022-10,2022-09,2022-09,2022-09,2022-09,2022-09-07,0.6576988693434476,0.2744430693069307,-0.010532612170964753,-0.01042425409241086,2.617603707251628,-0.020857474538235388,0.03095945101539792,9.287835304619376e-05,1.5479725507698957e-05,0.09132192217554853,0.26332898430818996,0.16617614283993126,0.4791729506763303,0.03095890461438765,0.47216477132686785,0.49687632405874455,5.323118990376727e-19,Stage34_basis_oi_alpha,True,False,0,Optimization terminated successfully,13,-0.003709793644389197,0.004745715525572479,0.0014083333339433466,0.04849858630320967,1.0,0.00010836015749109703,0.0037097936443891985,0.13000000002815446,-0.1548024236886262,0.0,-2.8154450992801117e-11,0.005197576311373797,0.0010901211502786644,1.0,-2.4229136189268475e-08,-2.4229136189268475e-08,0.00038938282821732173,0.002365967897397958,-0.6473513225933589,0.046881825476231286,-1.6049347997951393,-0.07524227318472591,-0.00038938282821732173,0.35173501577287064,-0.0032538243132594524,1.2574142693525567,198.0,0.023252532067706014,0.023252532067706007,0.0
2022-11,2022-10,2022-10,2022-10,2022-10,2022-10-31,0.6218372257529738,0.0,0.0005187652572168003,0.0006569924350764093,2.618961629112112,-0.02034952941416235,0.04383886582415818,0.00013151659747247452,6.710580387134402e-06,0.06253677911134621,0.17558453052906844,0.20008893551193788,0.5617897548476475,0.002560654448686274,0.5190096977736901,0.47842964777762365,0.0,Stage34_basis_oi_alpha,True,False,0,Optimization terminated successfully,10,-0.004371712785793454,0.0054257759346179515,0.0014083333503723447,0.05665931111318134,1.0,0.00013822867797588293,0.004371712785793454,0.1300000007864159,-0.14587970266295927,0.0,-7.864159046189201e-10,0.014120297337040733,-0.00545650497645738,1.0,-2.17320552119061e-07,-2.17320552119061e-07,-0.00039890964696498443,-0.0016999856720019135,-0.0514909197139829,-0.2279638523919065,0.2418667958716792,-0.055136886552594855,0.00039890964696498443,0.43238993710691825,-0.029453322682051787,0.9118892085652297,199.0,0.023935834208823472,0.023935834208823472,0.0
2022-12,2022-11,2022-11,2022-11,2022-11,2022-11-30,0.4375216801643149,0.5346200980392157,0.009788798576780756,0.00981442234367343,2.6445981169798083,-0.010759928281948938,0.007716940545137159,2.3150821635411475e-05,2.472945257261854e-06,0.050399070352980246,0.12800064530350122,0.23210737965743594,0.5894929046860826,3.176267797175577e-18,0.5373068149824293,0.4626931850175708,1.9856404429886425e-18,Stage34_basis_oi_alpha,True,False,0,Optimization terminated successfully,4,-0.004391656882630796,0.005318815683626248,0.001408333333333335,0.055375788203514964,1.0,2.562526746270567e-05,0.004391656882630796,0.13000000000000006,-0.13934889009496107,0.0,-5.551115123125783e-17,0.020651109905038934,-0.007322400412337427,1.0,1.024551264282422e-07,1.024551264282422e-07,-0.005073456175298752,-0.0030738495405383537,-0.11852627592070486,-0.32057067869235845,0.03440327292564658,-0.011028680551012963,0.005073456175298752,0.7946708463949843,-0.022019444428926,0.9585890177758423,200.0,0.02284176594754788,0.022841765947547884,0.0
2023-01,2022-12,2022-12,2022-12,2022-12,2022-12-07,0.6167168777789659,0.0,0.024718856034343168,0.02471885781743091,2.709969557102127,0.0,5.094536414650037e-07,1.5283609243950112e-09,2.547268207049957e-10,0.05301434543052994,0.1069459519857243,0.2784075529207476,0.5616321496629981,2.775629531670312e-17,0.5348500936441577,0.46514990635584236,2.775557561562892e-17,Stage34_basis_oi_alpha,True,False,0,Optimization terminated successfully,1,-0.004426848770628305,0.005327811798761557,0.0014049037454515318,0.05550431911242949,1.0,6.928027737485343e-09,0.004426848770628306,0.12984161484446494,-0.13927780720381705,0.0,0.00015838515553506793,0.020722192796182953,-0.0034853703020257744,1.0,-1.0074267551670131e-07,-1.0074267551670131e-07,-0.0003243593902043651,-0.000419230049871655,-0.9319221178120422,-0.14009904496380518,-2.482059654199085,0.34773418709648435,0.0003243593902043651,0.4171875,-0.022185452099543864,1.4835623835337963,201.0,0.024877901936635083,0.024877901936635083,0.0
2023-02,2023-01,2023-01,2023-01,2023-01,2023-01-31,0.5376730846700692,0.0,-0.00012235738196017456,-0.0001223487225704308,2.709637972321928,-0.00012235738196020307,2.80160396852493e-06,8.40481190557479e-09,2.5457783817133037e-10,0.02621245636803399,0.04442995153852485,0.3448459084983804,0.5845116835950608,2.8016039685408445e-06,0.5379628873977512,0.4620343109982803,2.6410651331216974e-17,Stage34_basis_oi_alpha,True,False,0,Optimization terminated successfully,2,-0.0042909631163977726,0.005066626901463878,0.001161606305486634,0.053829884984646734,1.0,1.1957998721474886e-08,0.0042909631163977726,0.11806470965466187,-0.13800009298122765,0.0,0.011935290345338134,0.021999907018772358,0.0010837454518015715,1.0,-6.131081592276695e-08,-6.131081592276695e-08,0.0006908896774799889,0.0022932352386417776,0.007529062549155317,0.044246004491741424,0.42864378501656397,0.018965774837199936,-0.0006908896774799889,0.32554517133956384,0.02447071672010542,0.8059250223419592,202.0,0.024493634267108887,0.024493634267108887,0.0
2023-03,2023-02,2023-02,2023-02,2023-02,2023-02-28,0.5878951931545019,0.0,0.04071871667857833,0.0407187209106436,2.819970953218422,0.0,1.3351418812933058e-06,4.0054256438799175e-09,2.2663963342148496e-10,0.05028266978831083,0.053284325723286945,0.4352259571630234,0.4612070473253788,4.097722072459065e-06,0.5286241218762601,0.47137178040166755,2.7756971980499413e-17,Stage34_basis_oi_alpha,True,False,0,Optimization terminated successfully,1,-0.003970011854020139,0.004739908652727654,0.001135940393321283,0.05006326147280415,1.0,8.197987481567338e-09,0.003970011854020141,0.1167530929776826,-0.14182566731260576,0.0,0.0132469070223174,0.01817433268739424,-8.0784165681473e-05,1.0,-9.923802522512389e-08,-9.923802522512389e-08,0.002285133934238903,0.0015942442567589143,0.037448841539338334,-0.003344616292575245,0.519798317771699,-0.0017385259224724293,-0.002285133934238903,0.17857142857142858,0.0221654650111691,0.7284944745422159,203.0,0.024153492841856555,0.024153492841856555,0.0
2023-04,2023-03,2023-03,2023-03,2023-03,2023-03-08,0.37722888004527577,0.7033132530120482,0.019316460100096296,0.01931646109968211,2.8744428096196963,0.0,2.855959466753009e-07,8.567878400259027e-10,1.427979733348135e-10,0.041085948182208426,0.03528369906292071,0.49690197849148576,0.4267283742633851,4.038124411619234e-06,0.5188296474932983,0.4811663143822901,2.7408508694452943e-17,Stage34_basis_oi_alpha,True,False,0,Optimization terminated successfully,1,-0.0043149587684959845,0.005204272785369614,0.0013596042749469566,0.05429364777475364,1.0,6.638034519205926e-09,0.0043149587684959845,0.12773116808110493,-0.14582465238712009,0.0,0.00226883191889507,0.014175347612879918,-0.005891482520953055,1.0,1.2092045954308309e-07,1.2092045954308309e-07,-0.0024095621571923465,-0.00191183304626108,-0.929241448561365,-0.2420763972681583,-2.4552500408497133,0.5943580842813971,0.0024095621571923465,0.673374613003096,0.013362552095782946,1.2980450871555167,204.0,0.024337286028041822,0.02433728602804184,0.0
2023-05,2023-04,2023-04,2023-04,2023-04,2023-04-28,0.40061039986881364,0.49009603841536614,-0.018263112497425432,-0.01826311034865155,2.8219465372201964,-0.018263112497425404,6.139353945170074e-07,1.8418061835510223e-09,3.069676972611146e-10,0.05266074125770027,0.031106378208904606,0.575995724346257,0.34023715618713807,4.003528692234824e-06,0.5107027989341779,0.48929319753712985,2.6098989463076226e-17,Stage34_basis_oi_alpha,True,False,0,Optimization terminated successfully,1,-0.004589574649573108,0.005422116118323475,0.0012336373314700167,0.0576635694310616,1.0,7.1035152683176264e-09,0.004589574649573108,0.12167024277792907,-0.14913207114005017,0.0,0.008329757222070938,0.010867928859949832,-0.006843128798866918,1.0,6.801249751863129e-08,6.801249751863129e-08,-0.004118993135011517,-0.002515143896839822,-0.010149733365898552,-0.2828215854108522,0.37701760365615766,-0.10662871639383482,0.004118993135011517,0.7608024691358025,0.017077012016709105,0.9430850019320061,205.0,0.024195921216288965,0.024195921216288954,0.0
2023-06,2023-05,2023-05,2023-05,2023-05,2023-05-31,0.48256679684004794,0.0,-0.017419176010176705,-0.016451724317592054,2.772790553797049,-0.035364160136515777,0.31929849751765266,0.000957895492552958,9.55620003169273e-06,0.07644035565420625,0.03292688276325585,0.6224924944414346,0.26814026714110334,0.31930272570663754,0.2157446319848089,0.46495264230855354,0.0,Stage34_basis_oi_alpha,True,False,0,Optimization terminated successfully,11,-0.00483438639182018,0.006617700240890181,0.0011019927807567175,0.07280044620614187,1.0,0.0009674531926418203,0.00483438639182018,0.11499527542069113,-0.16000000068789677,0.0,0.015004724579308876,-6.878967673262792e-10,0.00212226187418441,1.0,-1.5617310644212287e-07,-1.5617310644212287e-07,-0.0011785503830288313,0.002940442751982686,0.008172955181371417,0.09020784156384835,0.43236515546383014,0.039002727441809854,0.0011785503830288313,0.5246153846153846,0.018630707240425856,0.7623584330486085,206.0,0.023526356881982263,0.02352635688198227,0.0
2023-07,2023-06,2023-06,2023-06,2023-06,2023-06-07,0.3775615378882312,0.8552318668252081,0.0017142878954144055,0.0017143009373034339,2.777543915079943,-0.033710496592754824,3.837314958288208e-06,1.1511944874864625e-08,1.5299441535887585e-09,0.13852784076604552,0.03848117792398295,0.6440754513782393,0.17891552993173226,0.32129053241196237,0.21908772463161993,0.45962174295641767,9.472755559348659e-22,Stage34_basis_oi_alpha,True,False,0,Optimization terminated successfully,2,-0.0036414447534723633,0.0044061631392596536,0.0010047298026165698,0.046845578855416424,1.0,1.5786477260621837e-08,0.0036414447534723633,0.10980326785391606,-0.15793498868307068,0.0,0.020196732146083946,0.0020650113169293216,-0.0031419898546713467,1.0,4.183193245351848e-07,4.183193245351848e-07,-2.9132436054291055e-05,-0.00036257691754826293,-0.7974650033389066,-0.1358392164622131,-2.0342841301153594,0.27633556229638523,2.9132436054291055e-05,0.3880368098159509,0.01461966324181973,0.9006216431492433,207.0,0.023130211852667507,0.02313021185266749,0.0
2023-08,2023-07,2023-07,2023-07,2023-07,2023-07-31,0.5029812755041099,0.0,0.007513560585988783,0.007513563325807478,2.798413159566141,-0.02645022186529944,8.142152425200002e-07,2.4426457275600007e-09,2.9717296766428335e-10,0.08987831151480094,0.017284464658415336,0.7488300042302393,0.14400721959654456,0.3290987360317042,0.21951091795370276,0.45139034601459305,2.7734792626784368e-17,Stage34_basis_oi_alpha,True,False,0,Optimization terminated successfully,1,-0.0035640812322186933,0.004289725154684568,0.0009304203576218798,0.04589417971048354,1.0,7.296741180605764e-09,0.0035640812322186933,0.10566477318133304,-0.15512112184341986,0.0,0.02433522681866697,0.004878878156580141,-0.0028285745875874,1.0,-4.08174226359143e-07,-4.08174226359143e-07,0.00011520405518283816,-0.00017410594047762018,-0.017055228411437102,-0.12271766901106305,0.35887826906456444,-0.044040704638328446,-0.00011520405518283816,0.3654434250764526,0.022460906052887683,0.7917157454055205,208.0,0.023049448464771635,0.023049448464771628,0.0
2023-09,2023-08,2023-08,2023-08,2023-08,2023-08-31,0.45236922613358976,0.0,-0.029198488080751667,-0.029198487887092207,2.7167037262815303,-0.0548764034581839,5.533127471480621e-08,1.6599382414441862e-10,2.7665637364345974e-11,0.10263989172638677,0.018249632402156785,0.7463988687972158,0.13271160707424062,0.31749460200116986,0.21823391868431152,0.4642714793145186,2.982167660824324e-17,Stage34_basis_oi_alpha,True,False,0,Optimization terminated successfully,1,-0.0037018509120345273,0.004369067124000273,0.0008129664743645227,0.047551006641816135,1.0,6.50420816072937e-09,0.0037018509120345273,0.09877042924060964,-0.1595715111094266,0.0,0.031229570759390368,0.00042848889057339745,-0.0014924054598218974,1.0,-7.054665696830517e-07,-7.054665696830517e-07,-0.0008054412027923563,0.0006714925668638294,-0.008247092196936041,-0.0645183372767825,0.38512681203201077,-0.024847741553013284,0.0008054412027923563,0.48628048780487804,0.019710059372380708,0.7398511264018461,209.0,0.023131492887355505,0.023131492887355498,0.0
2023-10,2023-09,2023-09,2023-09,2023-09,2023-09-13,0.6084658742577376,0.0,0.020205340963264633,0.020205345287115244,2.7715956513672197,-0.035779858937629694,1.3719093936853865e-06,4.11572818105616e-09,2.0812242948473844e-10,0.11033505268143298,0.03545806638587964,0.646456854833018,0.20775002609966944,0.31722676014086615,0.22321650171876234,0.45955673814037157,3.3448775007736777e-17,Stage34_basis_oi_alpha,True,False,0,Optimization terminated successfully,1,-0.003013590813812658,0.0037140232604870424,0.0008808679079995769,0.039283071677847045,1.0,8.28769873840225e-09,0.003013590813812658,0.10281252305042865,-0.1575822515118738,0.0,0.027187476949571354,0.0024177484881262035,-0.0026427900515117505,1.0,-9.812646568250198e-07,-9.812646568250198e-07,0.00023808106660339057,-6.289711247875474e-05,-0.9515300821502661,-0.11487689692156659,-2.4965262431350435,0.2867931878946103,-0.00023808106660339057,0.3601823708206687,0.017861046336492978,1.1996993615998344,210.0,0.02300540946293269,0.023005409462932683,0.0
2023-11,2023-10,2023-10,2023-10,2023-10,2023-10-31,0.5894433886377621,0.0,0.0380542727697534,0.03848739453890067,2.8770667082918107,0.0,0.13670306683931205,0.00041010920051793616,2.3012568629334637e-05,0.14554427620080035,0.053096835103267535,0.5871553912814758,0.2142034974144563,0.4330445255013616,0.1269667480756462,0.43998872642299225,0.0,Stage34_basis_oi_alpha,True,False,0,Optimization terminated successfully,11,-0.005290497796251773,0.006697551609464047,0.0012758427413896425,0.07271556286523072,1.0,0.00043312326918275523,0.005290497796251773,0.12373404097771845,-0.16000000000000048,0.0,0.006265959022281553,-4.718447854656915e-16,0.004198385585833872,1.0,-1.4547367007754696e-06,-1.4547367007754696e-06,0.00042349415252296296,0.004246193706541335,0.07289583848101432,0.18180705990177085,0.6348436486040615,0.11541905725001737,-0.00042349415252296296,0.3409090909090909,-0.013737397303733061,1.2046620735133502,211.0,0.023092533304824525,0.023092533304824532,0.0
2023-12,2023-11,2023-11,2023-11,2023-11,2023-11-30,0.4362257402263333,0.0,0.03787308624545087,0.037873090552709286,2.986030103868862,0.0,1.2306452607524498e-06,3.6919357822573496e-09,6.153226303762249e-10,0.17338132159051992,0.05687157976344525,0.5796225301350346,0.19012456851100024,0.45652531810176633,0.12573848415875719,0.4177361977394765,0.0,Stage34_basis_oi_alpha,True,False,0,Optimization terminated successfully,1,-0.004850741796778228,0.005786366140777741,0.0011852926231321606,0.06232463795053993,1.0,8.196328752822437e-09,0.004850741796778228,0.11926236404493216,-0.153518522860387,0.0,0.01073763595506784,0.006481477139613001,0.000527075792898738,1.0,-6.674257188727148e-07,-6.674257188727148e-07,0.0006491015843979042,0.0019127250246128158,-0.010312810361605518,0.02072120718081349,0.3811262444329858,0.007897395872941264,-0.0006491015843979042,0.3217522658610272,-0.001774381365362175,0.7931345980126467,212.0,0.025436538918773823,0.025436538918773823,0.0
2024-01,2023-12,2023-12,2023-12,2023-12,2023-12-13,0.5317685063260642,0.0,-0.016627843840944716,-0.016516086286295514,2.9363788615973707,-0.016627843840944623,0.031932249439737624,9.579674831921287e-05,1.596080632998653e-05,0.15691870679874861,0.047348764379341,0.6112834249148211,0.18444910390708924,0.4366463601940328,0.12431495658339697,0.4390386832225703,0.0,Stage34_basis_oi_alpha,True,False,0,Optimization terminated successfully,13,-0.00370506552627159,0.004737572891228941,0.0011703631888271317,0.0498286955617845,1.0,0.00011175912505895886,0.00370506552627159,0.11850889530295007,-0.16000000000014272,0.0,0.011491104697049934,-1.4271916981556387e-13,-0.0028602007319221447,1.0,-3.8364819622391183e-07,-3.8364819622391183e-07,0.0008315514373959942,2.553316764863922e-05,-0.7793427608434218,-0.10955591398282231,-1.9550092056825261,0.2141828203733806,-0.0008315514373959942,0.30271084337349397,-0.011919738374093197,1.0375138796357983,213.0,0.026107223498410197,0.026107223498410194,0.0
2024-02,2024-01,2024-01,2024-01,2024-01,2024-01-31,0.45121329645195213,0.5495365005793743,-0.00034887719497084783,0.0009365414832587786,2.9353544259767648,-0.0169709199603979,0.4180605097577524,0.0012541815292732572,3.123714895636925e-05,0.23238226272121013,0.09274030099527865,0.48237053716090006,0.19250689912261115,1.5826190029682998e-17,0.4813420286298404,0.5186579713701596,0.0,Stage34_basis_oi_alpha,True,False,0,Optimization terminated successfully,8,-0.0035995851800984142,0.00560944738914252,0.0009722670532397459,0.06147976635027176,1.0,0.0012854201782495362,0.0035995851800984142,0.10801483527218357,-0.15999999999983022,0.0,0.021985164727816434,1.6978085604080206e-13,-0.005537998749069305,1.0,5.444793311118569e-07,5.444793311118569e-07,-0.0020728457210541507,-0.0014510606325911501,-0.12121953330612034,-0.21144991411131114,0.049333579838311076,-0.010431581219614388,0.0020728457210541507,0.6471471471471472,0.002974408005041877,0.95349924010666,214.0,0.026190593514046075,0.026190593514046075,0.0
2024-03,2024-02,2024-02,2024-02,2024-02,2024-02-29,0.462868681550528,0.10409457900807381,0.05891133737962527,0.05891675143436754,3.108280080894258,0.0,0.0015468727835050743,4.640618350515223e-06,7.734363917525356e-07,0.16769154633076447,0.07866306591954472,0.5130001801159119,0.24064520763377903,1.9753202959003857e-07,0.4813418581894147,0.5186579442785557,0.0,Stage34_basis_oi_alpha,True,False,0,Optimization terminated successfully,8,-0.004911367887637738,0.005597143191184418,0.0008863169958945821,0.06184781631884552,1.0,5.41678855975e-06,0.004911367887637738,0.10313003418371869,-0.15999999999999923,0.0,0.026869965816281316,7.771561172376096e-16,-0.0029385491531119623,1.0,-6.129332486895226e-07,-6.129332486895226e-07,-0.0008986996938803449,-7.269225981332283e-05,0.12898774284369602,-0.11571017882921861,0.8070510384318788,-0.09338401998125927,0.0008986996938803449,0.49850299401197606,0.01013445264001219,0.678691990201671,215.0,0.02539577056093819,0.02539577056093818,0.0
2024-04,2024-03,2024-03,2024-03,2024-03,2024-03-13,0.4811051909047717,0.3420448018380241,-0.000742596616289673,0.0008419920913840047,3.1059718826237055,-0.0007425966162896147,0.5078286695964219,0.0015234860087892659,6.110269888441185e-05,0.18728665970580885,0.08798756676857003,0.49307728901730397,0.2316484845083172,0.5078288669307296,0.07311671909986395,0.41905441396940657,6.360099974910782e-17,Stage34_basis_oi_alpha,True,False,0,Optimization terminated successfully,11,-0.006606771032398713,0.009288375788114672,0.0014083333333333346,0.10301050945737605,1.0,0.0015845902076852823,0.0066067710323987165,0.13000000000000006,-0.15999999999999998,0.0,-5.551115123125783e-17,2.7755575615628914e-17,0.005394570495835238,1.0,1.2624430343725213e-07,1.2624430343725213e-07,0.0012944805552494998,0.004670031523279383,-0.6591635176917674,0.21323715532011803,-1.583237347851218,-0.33760502825236194,-0.0012944805552494998,0.25522388059701495,0.01596579986313559,1.1131055102415484,216.0,0.025298454613769093,0.0252984546137691,0.0
2024-05,2024-04,2024-04,2024-04,2024-04,2024-04-30,0.6249254365051605,0.0,0.004764337798257531,0.004992143709485717,3.1207697818644147,0.0,0.07593514599947634,0.00022780543799842903,4.732297567941798e-10,0.2571946761940266,0.12202419541450236,0.42102757340839025,0.19975355498308084,0.4114951236786077,0.14846233509242435,0.440042541228968,1.3672645898632684e-18,Stage34_basis_oi_alpha,True,False,0,Optimization terminated successfully,15,-0.005494937832819433,0.00673588807784675,0.0014083333392355462,0.07238065689874773,1.0,0.00022780827207952622,0.005494937832819433,0.13000000027240982,-0.15772675750536716,0.0,-2.724098169260003e-10,0.0022732424946328433,0.0007258168442067858,1.0,-5.769355325053126e-07,-5.769355325053126e-07,0.0020452686119443175,0.0020452686119443175,-0.09885693234837425,0.03069231983585914,0.11909125283320743,0.0036551868216099684,-0.0020452686119443175,0.1949404761904762,0.020686471263201243,0.9598861219389064,217.0,0.02364815849985973,0.02364815849985973,0.0
2024-06,2024-05,2024-05,2024-05,2024-05,2024-05-31,0.4907825302101796,0.4136259977194983,0.023857868553659692,0.02387495171791806,3.195224697106369,0.0,0.004880904073819331,1.4642712221457993e-05,2.4404520369096793e-06,0.22588158668910177,0.14367924227603712,0.3853346705144165,0.24510450052044458,0.4035566925554951,0.14869645070861687,0.4477468567358881,8.963649353734619e-19,Stage34_basis_oi_alpha,True,False,0,Optimization terminated successfully,16,-0.00567365261272361,0.0066366586345304466,0.0012803203638370795,0.07195798143134288,1.0,1.708603767664415e-05,0.00567365261272361,0.1239509756558816,-0.15999999999997014,0.0,0.0060490243441184005,2.986499936241671e-14,0.00032324995752224054,1.0,2.395610853739782e-07,2.395610853739782e-07,0.0038475478852426637,0.0018022792732983461,0.09126814196781906,0.013753014267370611,0.6945976484116484,0.009552811368687476,-0.0038475478852426637,0.1142433234421365,0.024433623457794745,1.2168825586910126,218.0,0.02350393530014432,0.02350393530014432,0.0
2024-07,2024-06,2024-06,2024-06,2024-06,2024-06-12,0.4559946376136851,0.0,0.023797166363138757,0.023797179725443006,3.271261990791019,0.0,3.817801213695319e-06,1.1453403641085958e-08,1.908900606819667e-09,0.1984347546654289,0.15097546315726912,0.36947867357358455,0.2811111086037173,0.41724128592379806,0.14737656136152444,0.4353821527146775,2.7756667973417735e-17,Stage34_basis_oi_alpha,True,False,0,Optimization terminated successfully,2,-0.006484553684821179,0.007391645718173237,0.0011978112962559287,0.08151288084054326,1.0,1.614250944914747e-08,0.006484553684821179,0.11989051486698664,-0.15645066934751134,0.0,0.010109485133013366,0.0035493306524886636,0.0018632189217949592,1.0,-6.047120873763683e-07,-6.047120873763683e-07,0.0014548981571289588,0.0027179315872053467,-1.0082031992578295,0.07748776995413847,-2.63862608890442,-0.20446125137201385,-0.0014548981571289588,0.23816568047337278,0.02527886121484296,1.4322562924490612,219.0,0.024045328997049673,0.02404532899704966,0.0
2024-08,2024-07,2024-07,2024-07,2024-07,2024-07-31,0.5754639180700857,0.0,-0.025625552323431767,-0.02561509228589142,3.18743409548235,-0.025625552323431777,0.002988697712845988,8.966093138537964e-06,1.4939444018084873e-06,0.19233239011204473,0.17515696184593119,0.3310362165898954,0.3014744314521288,0.40664559344667855,0.14641857728232996,0.44693582927099135,0.0,Stage34_basis_oi_alpha,True,False,0,Optimization terminated successfully,15,-0.0056373571865412,0.00660039083262207,0.001295089249300871,0.07143415449565961,1.0,1.0462254075953018e-05,0.005637357186541199,0.12466383193055816,-0.15999999999999856,2.220446049250313e-16,0.005336168069441843,1.4432899320127035e-15,-0.0003075582222005223,1.0,-5.500507480048183e-07,-5.500507480048183e-07,-0.0001047010784211988,0.0014242320372334083,-0.04539183520665074,-0.012838256405281998,0.2842665079045379,-0.0036494863159125795,0.0001047010784211988,0.41150442477876104,0.019900495506203757,1.1158286042537933,220.0,0.023956385703122782,0.023956385703122793,0.0
2024-09,2024-08,2024-08,2024-08,2024-08,2024-08-30,0.4966610490044766,0.9035433070866141,0.00330409809509765,0.00347725927996715,3.1979656904054825,-0.02240612356695182,0.05623294898522692,0.00016869884695568075,4.46233791381942e-06,0.15521558904063565,0.15092363707739892,0.35179421499143887,0.3420665588905266,0.33792047171508877,0.19745322247406288,0.4646263058108484,6.098637220230962e-20,Stage34_basis_oi_alpha,True,False,0,Optimization terminated successfully,8,-0.004977627546068045,0.00608273947057212,0.001331597919196309,0.06500328613168757,1.0,0.0001731626850107399,0.004977627546068045,0.12640876168349927,-0.16000000053860938,0.0,0.003591238316500739,-5.386093793191549e-10,-0.0011568905354780508,1.0,1.6359758370225078e-06,1.6359758370225078e-06,0.0022099447513812542,0.0009012155274576994,-0.04863094769271999,-0.04934388671556609,0.27407098986074857,-0.013523727875711839,-0.0022099447513812542,0.18676470588235294,0.018750704624416394,0.7366731441896619,221.0,0.023445468374770267,0.023445468374770254,0.0
2024-10,2024-09,2024-09,2024-09,2024-09,2024-09-11,0.7356238814815301,0.0,0.036281128775835975,0.03633612537974892,3.3139914954397893,0.0,0.01571331540369786,4.713994621109358e-05,7.85665770184893e-06,0.20524284690840972,0.08966206629322951,0.49071994557337,0.2143751412249907,0.31689803865653776,0.21420055119728898,0.4689014101461733,1.4498879252981032e-19,Stage34_basis_oi_alpha,True,False,0,Optimization terminated successfully,13,-0.0057564198343971204,0.006689206228319021,0.0012466272577495185,0.07279071119333115,1.0,5.49987154622711e-05,0.0057564198343971204,0.122309145581981,-0.16000000001534917,0.0,0.007690854418019005,-1.5349166382350177e-11,0.0013407722822163408,1.0,-5.073593956444829e-07,-5.073593956444829e-07,0.00050643469971412,0.0024335936763647537,-0.7615611136717382,0.057899152551136354,-1.8737882576026879,-0.10849075217546601,-0.00050643469971412,0.3387096774193548,0.01906310559272298,1.4116640877760585,222.0,0.02315702774806892,0.023157027748068937,0.0
2024-11,2024-10,2024-10,2024-10,2024-10,2024-10-31,0.7207262407315631,0.0,-0.004707503350854207,-0.004006468574182558,3.298390869370304,-0.004707503350854236,0.23019799016414727,0.0006905939704924418,1.04408061792073e-05,0.2020319804729642,0.053156288555861624,0.5896657775855885,0.1551459533855857,0.07358707982988451,0.4156715807184186,0.510741339451697,2.7755575615628914e-17,Stage34_basis_oi_alpha,True,False,0,Optimization terminated successfully,10,-0.004512527450544364,0.005932443734210913,0.0010137579315555474,0.06510677722119768,1.0,0.0007010362767263794,0.004512527450544364,0.11029549029160969,-0.1600000000000615,0.0,0.019704509708390314,-6.150635556423367e-14,-0.004262803709628871,1.0,-6.814683744695745e-07,-6.814683744695745e-07,0.000998062584394832,-0.0010469271906561328,0.059208865591110285,-0.18596178626353937,0.6017503333810464,-0.11190256688021973,-0.000998062584394832,0.2909356725146199,-0.0029416862418604386,0.8373126041088285,223.0,0.022923009050836687,0.02292300905083669,0.0
2024-12,2024-11,2024-11,2024-11,2024-11,2024-11-29,0.6886435552956557,0.0,0.019427263070168416,0.01959666846150486,3.3624695764978023,0.0,0.05646836627160229,0.00016940509881480686,2.9252163664949046e-10,0.1633079919115062,0.041292594234922916,0.6348715000799268,0.1605279137736442,0.12847270732323282,0.36896442148038466,0.5025628711963825,0.0,Stage34_basis_oi_alpha,True,False,0,Optimization terminated successfully,16,-0.005477808610554014,0.006399688491888015,0.001090166807102194,0.07025526106004301,1.0,0.00016940803840885356,0.005477808610554014,0.11437657839446994,-0.15999999998001405,0.0,0.015623421605530069,1.9985957333545912e-11,0.002195451457715896,1.0,-9.74686945419838e-07,-9.74686945419838e-07,0.001503944016451264,0.002950267697787834,0.03644472201461104,0.09467992974105359,0.5321722421659674,0.05038603049841275,-0.001503944016451264,0.23177842565597667,0.0,0.9502840909090909,224.0,0.023188139912232533,0.023188139912232526,0.0
2025-01,2024-12,2024-12,2024-12,2024-12,2024-12-11,0.6499645672061712,0.0,0.03263704412259202,0.03269821262129334,3.4722106444268346,0.0,0.017476758121774134,5.2430274365322404e-05,8.73822433600413e-06,0.1450160493285135,0.06161736290837109,0.5567874381068441,0.23657914965627128,0.13954260668287521,0.3596032481084901,0.5008541452086347,0.0,Stage34_basis_oi_alpha,True,False,0,Optimization terminated successfully,12,-0.006069267007626288,0.006809859346857074,0.0009453979868323581,0.07604592424129074,1.0,6.117110480454188e-05,0.006069267007626288,0.10651185775296709,-0.15999999999998285,0.0,0.02348814224703291,1.715294573045867e-14,0.0021440953748311795,1.0,-1.174703791247007e-06,-1.174703791247007e-06,0.000493994874803283,0.002965138795476552,-0.8941595479332645,0.09558554184448244,-2.267213189689548,-0.21671280121343278,-0.000493994874803283,0.3444767441860465,-0.0006189320297738394,1.0670014043378435,225.0,0.022431168286095204,0.022431168286095194,0.0
2025-02,2025-01,2025-01,2025-01,2025-01,2025-01-31,0.5944235932233695,0.0,0.016493062208932954,0.016915574127631144,3.5294780305878857,0.0,0.138963588381548,0.000416890765144644,5.621153553547087e-06,0.051899409364144694,0.03315857514454315,0.5582656405594597,0.3566763749318524,0.0,0.47878125304266683,0.5212187469573332,0.0,Stage34_basis_oi_alpha,True,False,0,Optimization terminated successfully,6,-0.005634405182922966,0.006826416644117572,0.0010830014915186085,0.0754189907802992,1.0,0.00042251341879840997,0.005634405182922965,0.11400007850095237,-0.15999999489328007,0.0,0.015999921499047637,5.106719935810133e-09,-0.010681944424375898,1.0,-1.012420418553609e-06,-1.012420418553609e-06,-0.0029985007496251548,-0.005058168706185029,0.04708092237556761,-0.4689376511729105,0.5663571725446565,-0.265586202218022,0.0029985007496251548,0.7260869565217392,-0.013291435305032183,0.9065917915873826,226.0,0.022779029147389072,0.022779029147389072,0.0
2025-03,2025-02,2025-02,2025-02,2025-02,2025-02-28,0.6204709289102308,0.0,0.050583597976083104,0.05059378959568255,3.708011728352561,0.0,0.0029118913141284457,8.735673942385338e-06,1.4559456570641948e-06,0.09234657563364647,0.06363730113968367,0.49967984109557106,0.3443362821310988,6.866532454361737e-19,0.4787812404778605,0.5212187595221395,2.973356546513267e-19,Stage34_basis_oi_alpha,True,False,0,Optimization terminated successfully,3,-0.006158330581610917,0.0070035489118537315,0.001216061591277293,0.07674621739458101,1.0,1.0194620200433481e-05,0.006158330581610917,0.12080041016208314,-0.15999999999999992,0.0,0.009199589837916869,8.326672684688674e-17,-0.002411202136164274,1.0,-7.836724270711891e-07,-7.836724270711891e-07,-0.00298864315600722,9.85759361793459e-06,0.021104713099203455,-0.11120464567987665,0.48755107650895146,-0.054217944714020375,0.00298864315600722,0.7239884393063584,-0.0036086273338203846,1.212616920591392,227.0,0.021682566599828666,0.021682566599828663,0.0
2025-04,2025-03,2025-03,2025-03,2025-03,2025-03-12,0.736183121728499,0.0,0.00441031285437684,0.004505375149316355,3.7243652201422943,0.0,0.027160655697004606,8.148196709101381e-05,1.3580327848502258e-05,0.12494133010761294,0.06780022564495575,0.5232911157693205,0.28396732847811074,0.02716059808525843,0.45545567502281836,0.5173837268919232,2.7755575615628914e-17,Stage34_basis_oi_alpha,True,False,0,Optimization terminated successfully,12,-0.00639030720428059,0.0072209886654344005,0.0010367300917212999,0.080431483434885,1.0,9.506521107360102e-05,0.006390307204280591,0.11153815984072715,-0.16000000000000644,0.0,0.018461840159272852,-6.439293542825908e-15,0.0005432929109230578,1.0,-7.785562230997186e-07,-7.785562230997186e-07,-0.0006453126833275702,0.0019399719951462835,-0.8735326590881337,0.02507699217304023,-2.193135244818858,-0.05499723536874117,0.0006453126833275702,0.47982708933717577,-0.008839324104121445,1.0687067943505821,228.0,0.021664995035056107,0.02166499503505612,0.0
2025-05,2025-04,2025-04,2025-04,2025-04,2025-04-30,0.5462298070298355,0.0,0.0035533705048441046,0.0036299525027788247,3.737599269664815,0.0,0.021880570838491573,6.564171251547473e-05,1.0940285419245796e-05,0.12045447655079917,0.05995027529392207,0.5472356775005601,0.2723595706547186,0.02721425733448926,0.4811576534865646,0.4916280891789462,2.9146675918267075e-17,Stage34_basis_oi_alpha,True,False,0,Optimization terminated successfully,12,-0.005748396905079944,0.006723955255282391,0.001408333333500477,0.07223746306238583,1.0,7.658440159096847e-05,0.005748396905079944,0.13000000000771433,-0.1494901158042128,0.0,-7.714329175456669e-12,0.010509884195787217,-0.0037570600120030175,1.0,-8.196056364333236e-07,-8.196056364333236e-07,-0.002942474621156377,-0.000872081246415024,-0.016384712279762143,-0.1735632246564934,0.3786327495009037,-0.06571672096393114,0.002942474621156377,0.7140804597701149,0.005323144790580332,0.6722437171041166,229.0,0.021646636373798545,0.021646636373798538,0.0
2025-06,2025-05,2025-05,2025-05,2025-05,2025-05-30,0.6935482977909705,0.0,-0.008850194457000374,-0.008850178155496272,3.7045207893259384,-0.008850194457000415,5.431686477983917e-06,1.629505943395175e-08,6.444667592887202e-12,0.11179941206497909,0.03254345407504461,0.6627412012309011,0.19291593262907522,0.028824494045032113,0.47682820216091987,0.49434730379404807,5.3759034925157825e-21,Stage34_basis_oi_alpha,True,False,0,Optimization terminated successfully,2,-0.005719229216399267,0.00660721803391868,0.0013840829668283275,0.07098211860605419,1.0,2.0050067958395217e-08,0.005719229216399267,0.12887589224498092,-0.15069853667550254,0.0,0.001124107755019088,0.009301463324497466,0.00019744368890754676,1.0,-6.390181002420798e-07,-6.390181002420798e-07,0.0004167245450759083,0.0017101194126498687,0.03616221831301303,0.00931911881077106,0.5347493196708585,0.004983392443991723,-0.0004167245450759083,0.35673352435530087,0.007789410986574488,0.7712003845371689,230.0,0.021186948349595124,0.021186948349595124,0.0
2025-07,2025-06,2025-06,2025-06,2025-06,2025-06-11,0.6650899841714722,0.0,0.028482147298334523,0.02975114589641461,3.810033496117262,0.0,0.4102479668718048,0.0012307439006154146,3.8254697464670366e-05,0.18738211711174252,0.041932328641100435,0.6297583665440692,0.1409271877030877,0.4440504001015982,0.1468071759826075,0.4091424239157944,0.0,Stage34_basis_oi_alpha,True,False,0,Optimization terminated successfully,13,-0.007543234610802313,0.009821277491592097,0.0014083333341593021,0.10940532989414935,1.0,0.0012690000980972306,0.007543234610802313,0.13000000003812165,-0.14704198379638714,0.0,-3.8121644729827153e-11,0.012958016203612865,0.0060128237865896585,1.0,-6.324331796521623e-08,-6.324331796521623e-08,0.0007182802319019022,0.00531730293957644,-0.7986341251054409,0.26479094532422687,-1.9588343413282823,-0.5186815969738752,-0.0007182802319019022,0.31857142857142856,0.006164431045836372,1.246940618649808,231.0,0.022707814948986178,0.02270781494898617,0.0
2025-08,2025-07,2025-07,2025-07,2025-07,2025-07-31,0.655603788191904,0.0,0.01646077719644419,0.017042207881613612,3.8727496086078377,0.0,0.18201064749966686,0.0005460319424990006,3.5398742670420674e-05,0.18477225581082238,0.04623489225817984,0.6150828887392095,0.15390996319178832,0.26541888082980114,0.25372310698162004,0.48085801218857877,0.0,Stage34_basis_oi_alpha,True,False,0,Optimization terminated successfully,12,-0.004283525806777034,0.005617186099348547,0.0010537620365946893,0.06108366097261443,1.0,0.0005814321851944106,0.004283525806777033,0.11245063111933286,-0.16000000000001144,0.0,0.017549368880667146,-1.1435297153639112e-14,-0.0046007507349862245,1.0,-3.322113190573757e-08,-3.322113190573757e-08,-0.004388059022804258,-0.0011722447833679706,0.01732841142775181,-0.19586044827356197,0.4811825335914728,-0.09424462673063415,0.004388059022804258,0.7962962962962963,0.010519733181406584,0.9195053751971414,232.0,0.02348994284216215,0.023489942842162135,0.0
2025-09,2025-08,2025-08,2025-08,2025-08,2025-08-29,0.5099138212216501,0.13668098818474758,0.11079678530830615,0.11165550012759326,4.3018378155455865,0.0,0.2736493991988475,0.0008209481975965426,3.776662169056434e-05,0.1310845625142365,0.03198217809250734,0.6727860614185959,0.16414719797466032,0.5317270829181943,0.05179448662032109,0.41647843046148475,2.775557561562892e-17,Stage34_basis_oi_alpha,True,False,0,Optimization terminated successfully,9,-0.00786818497958092,0.009826386520116418,0.0014083333470929888,0.10946663815883909,1.0,0.0008587163193068726,0.007868184979580924,0.130000000635061,-0.16000000000123438,0.0,-6.350610037841875e-10,-1.2343737143538647e-12,0.005063070353147854,1.0,-2.879180525869946e-08,-2.879180525869946e-08,0.00020905437736651322,0.004597113400170771,0.020294084800920622,0.2141625810597007,0.48916891379539434,0.1047616771525919,-0.00020905437736651322,0.37926136363636365,0.009304084457216732,0.5959781932051839,233.0,0.023641246421738142,0.023641246421738142,0.0
2025-10,2025-09,2025-09,2025-09,2025-09,2025-09-10,0.6056627145377596,0.0,0.12679341965559732,0.12699109060348013,4.847282542982376,0.0,0.06333383583198116,0.00019000150749594346,7.669440386851927e-06,0.2365128512344842,0.06240508823008086,0.5547171821925372,0.14636487834289763,0.47124273925699417,0.09444163556068988,0.434315625182316,0.0,Stage34_basis_oi_alpha,True,False,0,Optimization terminated successfully,5,-0.005270603097044132,0.00651259951880323,0.0014083333333359807,0.06970119422562288,1.0,0.0001976724479754578,0.005270603097044132,0.13000000000012218,-0.1600000000000031,0.0,-1.2218004385999848e-13,-3.1086244689504383e-15,-0.0022447492769106328,1.0,-9.986571464054626e-09,-9.986571464054626e-09,-0.00028883753999287,0.000404804078504295,-1.0606211347091263,-0.08429401166867986,-2.73321681510557,0.2303938101055409,0.00028883753999287,0.4348441926345609,0.003118791945741391,1.7058844464691185,234.0,0.0266299969887978,0.026629996988797817,0.0
2025-11,2025-10,2025-10,2025-10,2025-10,2025-10-31,0.7066382959345276,0.0,0.02025575959664497,0.020749389999129706,4.9454679328700415,0.0,0.16277426502204212,0.0004883227950661263,5.307607418607146e-06,0.14884065738549054,0.05871607132516757,0.5682676643253417,0.2241756069640002,0.34785445119197095,0.23553628859878753,0.4166092602092415,1.006838947643625e-17,Stage34_basis_oi_alpha,True,False,0,Optimization terminated successfully,10,-0.0056398080974831965,0.007066436457979127,0.0014083333333616752,0.07634723749557948,1.0,0.0004936319025884747,0.0056398080974831965,0.13000000000130807,-0.14027390965114564,0.0,-1.3080647676133594e-12,0.019726090348854364,-0.0025514632544009932,1.0,0.0,0.0,3.4415707328872e-05,0.00024740825258984245,-0.009834085760144471,-0.09538315721513835,0.40258755969115084,-0.03840007249887994,-3.4415707328872e-05,0.3940677966101695,-0.0017258246516374195,1.1173287097629439,235.0,0.02674962046649519,0.02674962046649519,0.0
2025-12,2025-11,2025-11,2025-11,2025-11,2025-11-28,0.6474397449276243,0.0,0.033664621689068176,0.03367688341146914,5.111955239905529,0.0,0.00408720066657845,1.226160199973535e-05,1.2040123384897607e-10,0.19261748541858342,0.08861945642642922,0.4922764838976287,0.22648657425735866,0.32456426310290887,0.23164511209156313,0.44379062480552806,0.0,Stage34_basis_oi_alpha,True,False,0,Optimization terminated successfully,11,-0.007407302045537043,0.008352545383723053,0.0014083333341293035,0.09178054459990082,1.0,1.226479833180558e-05,0.007407302045537043,0.1300000000367371,-0.14939933663105406,0.0,-3.673708559581712e-11,0.01060066336894594,0.00169790497193427,1.0,0.0,0.0,0.002506717642603462,0.00247230193527459,-0.026994727244944092,0.06342390153400794,0.351184745418827,0.02227350671368933,-0.002506717642603462,0.13943661971830987,0.001082150016273501,0.7970194972310428,236.0,0.026770743061649276,0.026770743061649276,0.0
2026-01,2025-12,2025-12,2025-12,2025-12,2025-12-10,0.7304151648648168,0.0,0.10813216576265473,0.10830656032231596,5.664722031278266,0.0,0.05121149402658401,0.00015363448207975203,2.0760077581471193e-05,0.20941149298144676,0.11509632652637274,0.4359088364302169,0.23958334406196366,0.2890607631171059,0.23460576680797784,0.4763334700749163,3.2740060934935664e-18,Stage34_basis_oi_alpha,True,False,0,Optimization terminated successfully,8,-0.006028063978997085,0.0071355284134165115,0.0014083333333334135,0.07717634096099765,1.0,0.00017439605977734177,0.006028063978997085,0.1300000000000037,-0.15999999999999867,0.0,-3.6914915568786455e-15,1.3322676295501878e-15,-0.003592740624948199,1.0,0.0,0.0,-0.0006147960926291551,-0.00022359305825447873,-0.9259533492721024,-0.12919814834430235,-2.31084337762891,0.29855668550334863,0.0006147960926291551,0.476123595505618,0.0010279754900541882,1.2096235840532852,237.0,0.02780798851214063,0.027807988512140617,0.0
2026-02,2026-01,2026-01,2026-01,2026-01,2026-01-30,0.8324257536022928,0.0,0.12033901248918662,0.12057928072530982,6.346409086548031,0.0,0.06864852812642284,0.00020594558437926855,3.432265174393384e-05,0.279940136880179,0.13428092119187762,0.39588290838731066,0.18989603354063267,0.3243681009460033,0.2781707073120212,0.39746119174197553,5.4080497556352394e-18,Stage34_basis_oi_alpha,True,False,0,Optimization terminated successfully,18,-0.00815664767931168,0.009301845208944542,0.0014083333333552248,0.10317214250720316,1.0,0.00024026996339475607,0.00815664767931168,0.13000000000101036,-0.130216025161374,0.0,-1.0103584635601237e-12,0.029783974838625993,0.0034745841913160413,1.0,0.0,0.0,0.0032248836181114626,0.0033846918482353106,-0.013735408623662786,0.12903624676077227,0.39398430458424877,0.050838255946204385,-0.0032248836181114626,0.12184873949579832,0.026943833210669423,1.3195978825158834,238.0,0.026927195098581647,0.026927195098581665,0.0
2026-03,2026-02,2026-02,2026-02,2026-02,2026-02-27,0.8913807056112097,0.0,-0.07246192315012114,-0.07217986429752714,5.886536079039358,-0.07246192315012112,0.08058909844753645,0.00024176729534260936,4.029155725138131e-05,0.29961061884472723,0.11980597444831188,0.4147402762697025,0.16584313043725832,0.3520141157600735,0.3308846324103589,0.3171012518295676,0.0,Stage34_basis_oi_alpha,True,False,0,Optimization terminated successfully,17,-0.010639798119401073,0.011807016166876657,0.0014083333348025911,0.13323419399370434,1.0,0.00028206047708803633,0.010639798119401073,0.1300000000678119,-0.10268779266994466,0.0,-6.781189498816786e-11,0.05731220733005535,0.010228795483601139,1.0,0.0,0.0,0.0038643102580844246,0.0060497948859487005,-0.05111089780322553,0.31971433270880323,0.28323052583089064,0.09055285856878666,-0.0038643102580844246,0.10754189944134078,0.01451556947437811,1.26350243953127,239.0,0.0310421030448408,0.03157070754930702,0.0014929157231074678
2026-04,2026-03,2026-03,2026-03,2026-03,2026-03-11,0.7276005863359469,0.0,0.041446435617612555,0.04181045655648352,6.130512017650016,-0.03401877596507841,0.10400598253456216,0.0003120179476036865,5.2002991267281055e-05,0.3313800155300641,0.1742588245022513,0.3239889737447424,0.17037218622294223,0.22551538870718443,0.3534611867172349,0.42102342457558056,0.0,Stage34_basis_oi_alpha,True,False,0,Optimization terminated successfully,20,-0.006336595056362534,0.0075852051657284494,0.0014083333333954821,0.0825724619883685,1.0,0.0003640227237206602,0.006336595056362533,0.1300000000028684,-0.13219328387403095,0.0,-2.86839996199717e-12,0.02780671612596905,-0.0009146357453758654,1.0,0.0,0.0,0.004064212154272218,0.0010927383032421911,-1.1076955520705274,-0.03622408355714939,-2.8341735878756,0.10266534086267162,-0.004064212154272218,0.0988857938718663,0.011955266707915031,1.5848226962560126,240.0,0.025249382608475885,0.025249382608475892,0.0
2026-05,2026-04,2026-04,2026-04,2026-04,2026-04-30,0.7276005863359469,0.0,0.07833868097470732,0.07837199087549143,6.61076824281231,0.0,0.011099975972267705,3.3299927916803115e-05,9.972867306789054e-09,0.21559827553285818,0.2772766198093666,0.22183174488471408,0.2852933597730611,0.2677876084103606,0.34832679469719463,0.3838684874293113,1.710946313356691e-05,Stage34_basis_oi_alpha,True,False,0,Optimization terminated successfully,19,-0.0073268279772162265,0.00824321893141594,0.0014083333441635918,0.09046862711200973,1.0,3.331021393160541e-05,0.0073268279772162265,0.13000000049985808,-0.11915730338102168,0.0,-4.998580716009116e-10,0.040842696618978325,0.0011079525467925437,1.0,0.0,0.0,0.003779882180268146,0.002160740325451105,-0.018258619280821717,0.0405147535858363,0.38387432247821396,0.015552573583134699,-0.003779882180268146,0.11527777777777778,0.01843583326651555,0.8126514356343375,241.0,0.026550727059398156,0.026927680500142187,0.001092051202996498
2026-06,2026-05,2026-05,2026-05,2026-05,2026-05-29,0.6571959119147275,0.22260094389092816,-0.017132115819002883,-0.01698395758013599,6.497511795623863,-0.01713211581900298,0.04938607393893379,0.00014815822181680138,1.7050095302262157e-11,0.19706829783162072,0.33782856183883336,0.17135468740151938,0.29374845292802654,0.2775820035462373,0.36847763465984007,0.35392451947270254,1.584232122004004e-05,Stage34_basis_oi_alpha,True,False,0,Optimization terminated successfully,17,-0.008441753512349394,0.009462437531258154,0.0014083333395525325,0.10509925033778265,1.0,0.00014816058261981182,0.008441753512349394,0.13000000028703995,-0.1078233024541257,0.0,-2.87039947366452e-10,0.0521766975458743,0.005935621422451556,1.0,0.0,0.0,0.00440449973215884,0.004224808800561197,-0.08653784534336334,0.1888765049473894,0.18354268789110967,0.03466690139752232,-0.00440449973215884,0.09002770083102493,0.02694631964858969,0.7682058584214809,242.0,0.030097061484331143,0.030964148527516427,0.002515981134345997
2026-07,2026-06,2026-06,2026-06,2026-06,2026-06-10,0.7615520635481527,0.0,-0.09740968394140846,-0.09732955294459376,5.864591225206569,-0.1128729657732348,0.023942176480450106,7.182652944135033e-05,8.304467373349529e-06,0.19115314512380668,0.4086962422798096,0.1275154225831515,0.2726351900132322,0.26820390686001955,0.38004763319641655,0.3477911449193798,0.003957315024184134,Stage34_basis_oi_alpha,True,False,0,Optimization terminated successfully,12,-0.005648946316116918,0.006595163311941854,0.0014083333344708366,0.07069195973647723,1.0,8.013099721270844e-05,0.005648946316116918,0.13000000005250015,-0.105658561379226,0.0,-5.2500143121747556e-11,0.05434143862077401,-0.00015441201393771688,1.0,0.0,0.0,0.0017845356540446833,0.0015209290210427273,-0.9099842226674442,-0.006078832297442838,-2.228590384257813,0.013547227205596939,-0.0017845356540446833,0.2223756906077348,0.025205462797042943,1.3788675820574443,243.0,0.030463501442332314,0.03138016871227592,0.0026826721496673823
