month,macro_signal_month,stress_signal_month,stress_signal_date,stress_score,recovery_score,return,gross_return,nav,drawdown,turnover,trade_cost,fx_cost,p_Goldilocks,p_Overheating,p_Slowdown,p_Stagflation,w_KODEX200,w_HYG,w_GLD,w_USO,expected_monthly_return,expected_monthly_variance,expected_annual_log_growth,downside_risk_aversion_lambda,variance_penalty,downside_semivariance,downside_penalty,estimated_transaction_cost,monthly_utility,policy,solver_success,used_fallback,solver_status,solver_message,solver_iterations,objective_value,expected_annual_volatility,requested_annual_volatility_cap,effective_annual_volatility_cap,minimum_feasible_annual_volatility,volatility_cap_relaxed,historical_cdar,sum_error,volatility_slack,requested_volatility_slack,cdar_slack,largest_weight,largest_asset,weights_above_half,macro_mu_KODEX200,macro_mu_HYG,macro_mu_GLD,macro_mu_USO,stress_mu_adjustment_KODEX200,stress_mu_adjustment_HYG,stress_mu_adjustment_GLD,stress_mu_adjustment_USO
2008-04,2008-03,2008-03,2008-03-31,0.5274413701575932,0.5959715639810427,0.038210244475110816,0.04016187987035098,1.038210244475111,0.0,1.0,0.0015,0.0004516353952401654,0.24022743410559233,0.3203330257697091,0.18832122621024894,0.2511183139144496,0.09672920951966929,0.0728278107286527,0.5420076816124438,0.2884352981392342,0.03362950641212467,0.0014083333333430174,0.3951040769454379,1.527441370157593,0.0007041666666715087,8.78367428893871e-05,0.00013416547490914565,0.0019516353952624779,0.030839538875281538,HYG_DynamicLambda,True,False,0,Optimization terminated successfully,13,-0.030839538875281538,0.13000000000044695,0.13,0.13,0.05681321578313461,False,-0.021670401969020592,0.0,-4.469480341384724e-13,-4.469480341384724e-13,0.1383295980309794,0.5420076816124438,GLD,1,0.011837647925084634,0.006108764443355323,0.03182830883875058,0.043036536284911345,0.0045147547225876114,-0.005181944745494144,0.0009841635980306106,0.006179496422874729
2008-05,2008-04,2008-04,2008-04-29,0.4680286725621713,0.6616279069767442,0.07674745564329258,0.07708672867523644,1.1178902391613763,0.0,0.11309062368292719,0.0003392718710487816,1.1608950940059094e-09,0.21768382175858922,0.3339607848638936,0.17692498823483618,0.271430405142681,0.10220495666267862,0.12322878389761223,0.3932330532552159,0.38133320618449335,0.038106606407425324,0.0014083333342675363,0.4488292768834986,1.4680286725621712,0.0007041666671337681,9.381440297228986e-05,0.0001377222334626233,0.0003392734443676622,0.03692544406246127,HYG_DynamicLambda,True,False,0,Optimization terminated successfully,24,-0.03692544406246126,0.13000000004311704,0.13,0.13,0.05789569695847948,False,-0.023173130207609416,2.220446049250313e-16,-4.3117037717976814e-11,-4.3117037717976814e-11,0.1368268697923906,0.3932330532552159,GLD,0,0.019313171309655444,0.010061032846370851,0.02658842499662869,0.05203649300521966,0.011198118130522848,-0.002478632941474861,-9.785627872703941e-05,0.009948311544742334
2008-06,2008-05,2008-05,2008-05-30,0.5104176318429294,0.7745995423340961,0.09200358607037266,0.09251311264850183,1.2207401499972896,0.0,0.1541483882737035,0.0004624451648211105,4.708141330806506e-05,0.23636881989914413,0.4236576198316693,0.12175140933825625,0.2182221509309303,5.844304989906018e-17,0.23572177995904886,0.32516691114714547,0.4391113088938057,0.04522229429220137,0.0014083333337432627,0.5342175315039568,1.5104176318429294,0.0007041666668716314,0.00015265065496075325,0.00023056624076509306,0.0005095265781806646,0.04377803480638398,HYG_DynamicLambda,True,False,0,Optimization terminated successfully,10,-0.043778034806383974,0.13000000001891981,0.13,0.13,0.05539851297793286,False,-0.03812248910120575,0.0,-1.8919810162998374e-11,-1.8919810162998374e-11,0.12187751089879426,0.4391113088938057,USO,0,0.016856621023508166,0.01015292871602573,0.028949035262904658,0.05992259182719604,0.004799311560528805,-0.0024399207256063093,0.00043601425369656254,0.017162930337818936
2008-07,2008-06,2008-06,2008-06-30,0.6831293231709922,0.0,-0.09697962943413457,-0.09669668116429092,1.1023532226151826,-0.09697962943413452,0.09431608994788389,0.00028294826984365164,1.3877787807814457e-20,0.12925401802483139,0.2985373264331797,0.1728886496548744,0.3993200058871146,0.0,0.19821779896028188,0.4166540084708511,0.38512819256886693,0.03301023780218055,0.0014083333342313198,0.38767285362077863,1.6831293231709923,0.0007041666671156599,0.00012218221543448961,0.00020564846956778486,0.0002829502699209849,0.03181747239557612,HYG_DynamicLambda,True,False,0,Optimization terminated successfully,10,-0.03181747239557613,0.13000000004144552,0.13,0.13,0.05466992060366883,False,-0.03457241868233085,0.0,-4.1445513687676794e-11,-4.1445513687676794e-11,0.12542758131766915,0.4166540084708511,GLD,0,0.008127734995228678,0.007524537865647653,0.03292661336887196,0.06750717450141806,-0.002492888966858676,0.0036057952715490235,-0.0013519413554525556,-0.021682707879615633
2008-08,2008-07,2008-07,2008-07-31,0.5052696849588909,0.09581497797356828,0.022388728520598946,0.022974934765594878,1.1270335096501214,-0.0767621515089647,0.1932097684904696,0.0005796293054714088,6.576939524521624e-06,0.09954953119571709,0.2844692278230419,0.15968137577894503,0.45629986520229604,0.013153879049043388,0.3081996589817034,0.5171139029620258,0.16153255900722752,0.019056905521765522,0.001408333334080799,0.2202328662567015,1.505269684958891,0.0007041666670403995,0.00036186672910806176,0.0005447070173215965,0.0005862062450925302,0.017221825592310995,HYG_DynamicLambda,True,False,0,Optimization terminated successfully,15,-0.017221825592310995,0.1300000000344984,0.13,0.13,0.07823172240163258,False,-0.04860340691938203,0.0,-3.449840413338734e-11,-3.449840413338734e-11,0.11139659308061797,0.5171139029620258,GLD,1,0.0031313947920688155,0.005107937787752443,0.025243037224409,0.049266019394045714,0.0016792390503110838,0.0006489768227707964,-0.0022179597150527664,-0.016376302038676502
2008-09,2008-08,2008-08,2008-08-29,0.6021767779138312,0.9181222707423581,0.008367778339228605,0.009054826039996626,1.1364642762397565,-0.06903670183840538,0.22704047396120236,0.0006811214218836071,5.926278884414188e-06,0.06351298359069107,0.20660719757728274,0.17161562959203006,0.5582641892399961,0.0,0.4427500550812545,0.27996953958785836,0.27728040533088716,0.03780742620835077,0.0014083333501410586,0.4452391143993629,1.6021767779138312,0.0007041666750705293,0.0004159188550189257,0.0006663755310078323,0.0006870477008691793,0.035749836301403236,HYG_DynamicLambda,True,False,0,Optimization terminated successfully,8,-0.035749836301403236,0.13000000077574117,0.13,0.13,0.07971665794576194,False,-0.056089310561847516,0.0,-7.757411657483004e-10,-7.757411657483004e-10,0.10391068943815249,0.4427500550812545,HYG,0,-0.002984153751638977,0.014265577122610488,0.02137159167468663,0.04301751677301423,0.0007207896202751118,-0.003870158651148177,0.007775431319708707,0.04730468060524664
2008-10,2008-09,2008-09,2008-09-30,0.6080814217442396,0.788961038961039,-0.12251092246080736,-0.12184719060466168,0.9972349894138701,-0.183089874273338,0.2212439520485624,0.0006637318561456872,5.551115123125783e-20,0.09834001144156536,0.29828770585927694,0.14960032946752552,0.45377195323163216,0.0,0.29483435498149657,0.542534158966579,0.1626314860519245,0.03337524813544585,0.001408333340387504,0.39205297758302515,1.6080814217442396,0.000704166670193752,0.00033397047352694,0.0005370517138897986,0.000663733856162729,0.03147029589519957,HYG_DynamicLambda,True,False,0,Optimization terminated successfully,8,-0.03147029589519957,0.13000000032557713,0.13,0.13,0.07762679322431564,False,-0.05973629035787509,0.0,-3.2557712081882073e-10,-3.2557712081882073e-10,0.10026370964212492,0.542534158966579,GLD,1,-0.002112134672964433,0.00893061877320752,0.03165636792671023,0.03861101948826839,0.00014362914430994945,-0.0060247860248748165,0.01346011255620957,0.010833754167103063
2008-11,2008-10,2008-10,2008-10-31,0.8504830122889445,0.0,0.1190582129813736,0.11974008100461259,1.1159640051759845,-0.08583001453793238,0.2272893410796592,0.0006818680232389777,4.163336342344337e-20,0.047132551927387,0.12748365408569,0.22278828190322117,0.6025955120837018,2.516869155952175e-17,0.5453723664457436,0.4546276335542564,0.0,0.013681835418882857,0.0014083333334330202,0.15573202502599617,1.8504830122889446,0.0007041666667165101,0.0005042581311073746,0.000933121105422768,0.000681870023255908,0.011362677623487671,HYG_DynamicLambda,True,False,0,Optimization terminated successfully,6,-0.011362677623487671,0.13000000000460094,0.13,0.13,0.12250375005115566,False,-0.061429941915707,0.0,-4.6009307475003425e-12,-4.6009307475003425e-12,0.098570058084293,0.5453723664457436,HYG,1,-0.014969177457950403,0.004711384827707135,0.022378682503084432,0.01595424539025866,-0.004945356345958146,0.004435387218763943,-0.0032565745163915106,-0.013867953388550108
2008-12,2008-11,2008-11,2008-11-28,0.587662425438711,0.9307036247334755,0.057570739648192294,0.05862373310020946,1.1802108783747252,-0.033200572310703835,0.32072980234867915,0.0009621894070460375,9.080404497112888e-05,0.014947308057877045,0.037896777680945536,0.2679094742839133,0.6792464399772641,0.18160808994225783,0.6423803178619217,0.17601159219582044,9.741136364824808e-17,-0.00037793360562876995,0.0014263411046036446,-0.013093249895167108,1.5876624254387108,0.0007131705523018223,0.0005430103224903841,0.0008621170856433398,0.001052994952030402,-0.003006216195604334,HYG_DynamicLambda,True,False,0,Optimization terminated successfully,17,0.003006216195604334,0.13082848793456162,0.13,0.13082848793454915,0.13082748793454915,True,-0.07633363517381925,0.0,-1.2462253451417382e-14,-0.0008284879345616114,0.08366636482618076,0.6423803178619217,HYG,1,-0.016825754818843703,0.006639559954021614,0.03695766117411689,0.004300380387493617,-4.0855074051125327e-05,-0.012273684687773713,-0.0011393951183875097,0.002667993740077744
2009-01,2008-12,2008-12,2008-12-30,0.7572844152837244,0.0,0.039660399617282266,0.039968086234021566,1.2270185134437304,0.0,0.0898013593116572,0.00026940407793497157,3.8282538804324755e-05,0.019497086277019505,0.036851567747183886,0.3265109349375589,0.6171404110382377,0.10385347444579451,0.6366703091122985,0.2064552001016479,0.053021016340259214,0.015153040909287385,0.001408333333439227,0.17338649091081326,1.7572844152837244,0.0007041666667196135,0.000541612215497073,0.0009517667054202964,0.0003076866168435562,0.013189420920303918,HYG_DynamicLambda,True,False,0,Optimization terminated successfully,10,-0.013189420920303918,0.1300000000048874,0.13,0.13,0.12984470733058512,False,-0.06262928547895967,0.0,-4.8873960434292485e-12,-4.8873960434292485e-12,0.09737071452104033,0.6366703091122985,HYG,1,-0.010308285491365254,0.011019027694624057,0.0353472349357995,-0.010983492916656333,-0.0036114799306368097,0.0019034203681624964,0.0097572265702238,-0.006759145407272197
2009-02,2009-01,2009-01,2009-01-30,0.6729198918663233,0.18530020703933747,0.06203498782364654,0.06225940929168124,1.3031365919846012,0.0,0.06495126942147089,0.0001948538082644127,2.956765977028517e-05,0.006156296360043405,0.008620053232122128,0.4104754516670534,0.5747481987407811,0.041640785727102295,0.6357038712873747,0.283317359646435,0.03933798333908806,0.019935237600784864,0.001408333333850352,0.23077285120631624,1.6729198918663233,0.000704166666925176,0.0004604211657805548,0.0007702477268705722,0.00022442165480466306,0.01823640155218445,HYG_DynamicLambda,True,False,0,Optimization terminated successfully,24,-0.01823640155218445,0.1300000000238624,0.13,0.13,0.1245384782584485,False,-0.05202076810681947,0.0,-2.3862384290751493e-11,-2.3862384290751493e-11,0.10797923189318054,0.6357038712873747,HYG,1,-0.007518943297439304,0.012596149586420982,0.03933600006375026,-0.016126189746757093,-0.0013353256825523268,0.001049962983554514,0.004360072044951212,-0.002959843232910121
2009-03,2009-02,2009-02,2009-02-27,0.6184779580046844,0.9521384928716904,-0.0930574402389327,-0.0929813702578038,1.1818700364528278,-0.09305744023893259,0.022065072431855844,6.619521729556754e-05,9.874763833339563e-06,0.018212099302583495,0.02176055205694781,0.43740189384428085,0.5226254547961878,0.055410495346884636,0.6159327640092852,0.2959344823849576,0.032722258258872636,0.019103522249330825,0.0014083333342960636,0.22079226698619353,1.6184779580046844,0.0007041666671480318,0.0004484622683332756,0.0007258262962941887,7.606998170157473e-05,0.01759745930418703,HYG_DynamicLambda,True,False,0,Optimization terminated successfully,10,-0.017597459304187026,0.1300000000444337,0.13,0.13,0.12062013160862274,False,-0.051989943913147006,2.220446049250313e-16,-4.443370671403102e-11,-4.443370671403102e-11,0.10801005608685299,0.6159327640092852,HYG,1,-0.011809983516003202,0.013110846341857704,0.04691649209058152,-0.012247783998688835,-0.00026312134652595924,-0.002926789455950775,5.5573395879233533e-05,-2.2636460334926676e-06
2009-04,2009-03,2009-03,2009-03-31,0.6603465368737922,0.0,0.02533114414665188,0.025958717808356513,1.2118081567088232,-0.07008354752489154,0.17930676048703748,0.0005379202814611124,8.965338024351876e-05,0.012179008504501246,0.015417480029487287,0.42914556398599046,0.543257947480021,0.25059289622694914,0.5305925638681104,0.21881453990494054,8.252218488625021e-18,0.014393292038553876,0.0014083333391808933,0.16426950442756116,1.6603465368737922,0.0007041666695904467,0.0006361994199150903,0.0010563115036171357,0.000627573661753034,0.01200524020359326,HYG_DynamicLambda,True,False,0,Optimization terminated successfully,9,-0.01200524020359326,0.1300000002698874,0.13,0.13,0.1252368358027691,False,-0.08204352661825676,0.0,-2.6988739021405195e-10,-2.6988739021405195e-10,0.07795647338174325,0.5305925638681104,HYG,1,-0.002126593665412403,0.007195102855729191,0.03663530995242224,-0.01430320953286103,-0.0031830786334448185,0.005418745840031406,0.0046372850137798415,-0.0018962533446923576
2009-05,2009-04,2009-04,2009-04-30,0.5987435409586312,0.637,0.039354614557161,0.03968670194006329,1.2594983996333229,-0.03348704396737101,0.11069560671285295,0.00033208682013855884,5.627637336174536e-10,0.026262368980519875,0.026091761579849854,0.475366990526017,0.47227887891361325,0.2778557374314581,0.4253818996884319,0.29676236288011015,0.0,0.011672536533404748,0.0014083333333457402,0.13162043840078252,1.5987435409586312,0.0007041666666728701,0.0006820548466488829,0.0010904307806594313,0.00033208964304810287,0.009545849443024343,HYG_DynamicLambda,True,False,0,Optimization terminated successfully,18,-0.009545849443024343,0.13000000000057263,0.13,0.13,0.12203806482878418,False,-0.08144513968340723,0.0,-5.726252805260401e-13,-5.726252805260401e-13,0.07855486031659277,0.4253818996884319,HYG,0,0.005930582881350514,0.008527635370662682,0.02762662315510631,-0.013785736831933822,0.00033117493763932626,-0.0037818298481988102,-0.0009591867878748281,0.0007550689992084745
2009-06,2009-05,2009-05,2009-05-29,0.7754469721471016,0.0,0.0035571483158490327,0.003706632027947039,1.263978622244393,-0.030049014033573407,0.04618030959904989,0.00013854092879714966,1.0942783300856316e-05,0.034436839962267075,0.009979751123175468,0.7408779494150223,0.21470545949953512,0.2456622144753941,0.39455614988235066,0.3597816356422553,4.117587298769744e-17,0.019041776384836583,0.0014083333333346193,0.22005131661803126,1.7754469721471016,0.0007041666666673097,0.0006828938646156572,0.0012124418442297014,0.00014948521219080972,0.01697568266174876,HYG_DynamicLambda,True,False,0,Optimization terminated successfully,9,-0.01697568266174876,0.13000000000005935,0.13,0.13,0.11332217893216745,False,-0.07045747762188755,0.0,-5.934142066621462e-14,-5.934142066621462e-14,0.08954252237811246,0.39455614988235066,HYG,0,0.009666731633959208,0.008446100623232703,0.03001468428881299,0.007042063300781014,-0.0026876475310871006,0.005044169631604671,0.0033516936672609394,-0.0050608717818497705
2009-07,2009-06,2009-06,2009-06-30,0.5356013526978503,0.8106796116504854,0.04613042977926737,0.046725608285676186,1.322286499320333,0.0,0.18094212568283263,0.0005428263770484979,5.235212936031341e-05,0.09452357824405745,0.00848180981162015,0.8231330611636261,0.07386155078069633,0.350141162722639,0.22722140223477433,0.4226374350425866,0.0,0.015591909300123207,0.0014083333336863616,0.1786529115993603,1.5356013526978503,0.0007041666668431808,0.0008037441220005603,0.0012342305609670064,0.0005951800064323444,0.013058332065880675,HYG_DynamicLambda,True,False,0,Optimization terminated successfully,9,-0.013058332065880678,0.1300000000162936,0.13,0.13,0.10636632982673659,False,-0.09300709490495555,0.0,-1.6293605353823182e-11,-1.6293605353823182e-11,0.06699290509504445,0.4226374350425866,GLD,0,0.010416321831848466,0.009845288776664747,0.025634868501036023,0.01464104098523783,0.0016950087396234194,-0.006966963338855039,-0.00032424548780303643,0.0011319183880007758
2009-08,2009-07,2009-07,2009-07-31,0.5793765367439363,0.23850574712643677,0.016906439268290174,0.017019978839022506,1.3446416557163723,0.0,0.03784644687674349,0.00011353934063023047,2.3010209970752983e-10,0.08608981091766169,0.003007459590723658,0.8801553998103077,0.03074732968130699,0.3812879987223605,0.18475352539670248,0.433958475880937,0.0,0.019186308248391504,0.0014083333333536306,0.2217856989805763,1.5793765367439363,0.0007041666666768153,0.0008358112289136004,0.0013200606440932556,0.00011354235198833376,0.017048538585633103,HYG_DynamicLambda,True,False,0,Optimization terminated successfully,11,-0.017048538585633103,0.1300000000009368,0.13,0.13,0.10478026635421905,False,-0.10416445613444987,0.0,-9.36806188178707e-13,-9.36806188178707e-13,0.05583554386555013,0.433958475880937,GLD,0,0.0191629345970788,0.010776260996055416,0.02256117808363935,0.01110823510981692,-0.00018187535217472858,0.001127323480362918,-9.398479146192901e-05,8.86362901471811e-05
2009-09,2009-08,2009-08,2009-08-31,0.47663381396306337,0.0,0.014860598232206307,0.014932759575742862,1.364623835128262,0.0,0.02405377604298542,7.216132812895626e-05,1.5407599335270915e-11,0.12346679239556808,0.003052673980158776,0.8524051104221911,0.02107542320208195,0.38104542161341837,0.15961999027505622,0.45933458811152533,0.0,0.019865473427761283,0.0014083333333358506,0.2299356811331203,1.4766338139630633,0.0007041666666679253,0.0008329033868816162,0.0012298933048337539,7.216478291787004e-05,0.017859248673341734,HYG_DynamicLambda,True,False,0,Optimization terminated successfully,13,-0.017859248673341738,0.1300000000001162,0.13,0.13,0.10179259429229083,False,-0.10266286131920765,0.0,-1.1618483952702263e-13,-1.1618483952702263e-13,0.05733713868079235,0.45933458811152533,GLD,0,0.01842120270080624,0.010673488656407,0.022630956579566132,0.010135156439616067,0.0012210546578860226,0.0026929982090079783,-0.0003218970120295191,0.000349557501825921
2009-10,2009-09,2009-09,2009-09-29,0.5110100909362509,0.22998137802607077,0.004651470464983334,0.004674437650346277,1.3709713425931735,0.0,0.007655611194330115,2.2966833582990347e-05,3.517799522227447e-10,0.3113832863814931,0.020019102752854828,0.6282094763467828,0.04038813451886938,0.4008062574393841,0.14638302864946254,0.45281071391115346,1.4371015674139748e-18,0.019166037422955015,0.0014083333333380916,0.22154244907543164,1.511010090936251,0.0007041666666690458,0.0008340854247369362,0.0012603114934803595,2.2969723840098876e-05,0.01717858953896551,HYG_DynamicLambda,True,False,0,Optimization terminated successfully,12,-0.01717858953896551,0.1300000000002196,0.13,0.13,0.10146871702184451,False,-0.11049582389882791,0.0,-2.1960211427085596e-13,-2.1960211427085596e-13,0.049504176101172095,0.45281071391115346,GLD,0,0.017532703067447024,0.008694952174877393,0.02204059984766683,0.009126468176274775,0.0025952603140566933,0.00022729630927820817,-0.00041443753785633654,0.000246915998007154
2009-11,2009-10,2009-10,2009-10-30,0.6208937597410227,0.0,0.043771473529307645,0.0440125792982878,1.4309807784249298,0.0,0.06888736256575773,0.00020666208769727317,3.4443681282878835e-05,0.37178246829877476,0.020595186657496628,0.5757293576236472,0.031892987420081426,0.2995044632449976,0.18594621385599674,0.5145493228990057,3.9526267223932954e-18,0.018013466698895593,0.0014083333333511608,0.20771160038664013,1.6208937597410227,0.0007041666666755804,0.0007392373587973498,0.0011982252218420597,0.0002411072690383866,0.015869967541339566,HYG_DynamicLambda,True,False,0,Optimization terminated successfully,9,-0.015869967541339566,0.13000000000082282,0.13,0.13,0.09856855009367593,False,-0.07719260150982535,0.0,-8.228140391253191e-13,-8.228140391253191e-13,0.08280739849017466,0.5145493228990057,GLD,1,0.012757379182919628,0.009316374557277006,0.02445529643483594,0.014852468939119715,-0.0017870094889419108,0.002200563380870168,5.450955476047589e-06,-0.0008086840639162519
2009-12,2009-11,2009-11,2009-11-30,0.437161376532362,0.7603978300180831,-0.002997999937338521,-0.0028993061340605378,1.4266906981408791,-0.0029979999373386246,0.02819822950799523,8.459468852398569e-05,1.4099114753997598e-05,0.4848317912379563,0.01626292301222042,0.4827134201767046,0.016191865573118736,0.3174554097044775,0.15646307908184015,0.5260815112136824,2.7755575615628914e-17,0.020480070282730876,0.0014083333333335063,0.23731084339276948,1.4371613765323619,0.0007041666666667532,0.0007464363112301903,0.0010727494365413187,9.869530342575772e-05,0.01860445887609705,HYG_DynamicLambda,True,False,0,Optimization terminated successfully,8,-0.01860445887609705,0.130000000000008,0.13,0.13,0.09638532861309104,False,-0.07883464849613167,0.0,-7.993605777301127e-15,-7.993605777301127e-15,0.08116535150386833,0.5260815112136824,GLD,1,0.011630753778013843,0.007653830263189936,0.027843996930660194,0.01543747260971724,0.00464825170164617,-0.0021191069520621946,-0.0003839327209313787,0.0024428772842423636
2010-01,2009-12,2009-12,2009-12-30,0.3869047445271933,0.4393939393939394,-0.020529769680529095,-0.02038291758298839,1.3974010667026935,-0.02346622136965193,0.04195774215448739,0.00012587322646346217,2.0978871077243724e-05,0.43172822953564666,0.04670945281769838,0.47064264437222925,0.05091967327442582,0.3896787710764169,0.12595798014537823,0.4843632487782048,0.0,0.019888734128844968,0.001408333333398311,0.23021480954574974,1.3869047445271934,0.0007041666666991555,0.0007715236732070886,0.001070029842885959,0.0001468535977006422,0.01796768402155921,HYG_DynamicLambda,True,False,0,Optimization terminated successfully,10,-0.01796768402155921,0.13000000000299897,0.13,0.13,0.09737615836541777,False,-0.09262563998946585,0.0,-2.9989621896930885e-12,-2.9989621896930885e-12,0.06737436001053415,0.4843632487782048,GLD,0,0.014262208684849636,0.00873679877105163,0.02362643110745127,0.012984772360769723,0.007085344168837103,-0.00043433760469248356,-0.0018983484027277168,0.0017875566517015057
2010-02,2010-01,2010-01,2010-01-29,0.4755215673485539,0.7553003533568905,0.0071887838034323005,0.007487818905280262,1.407446680857905,-0.01644613115832949,0.08612246393723144,0.0002583673918116943,4.066771003626749e-05,0.47126339875848716,0.13718100393709762,0.30327474584544695,0.08828085145896829,0.29548295159934657,0.21612116412899463,0.48839588427165875,0.0,0.015269082043989501,0.0014083333362773938,0.17477898451020965,1.475521567348554,0.0007041666681386969,0.0006501595926954846,0.0009593245012407389,0.000299036602025638,0.013306554272584427,HYG_DynamicLambda,True,False,0,Optimization terminated successfully,9,-0.013306554272584427,0.1300000001358797,0.13,0.13,0.10123829732014883,False,-0.0739760791859567,0.0,-1.3587969638351183e-10,-1.3587969638351183e-10,0.08602392081404331,0.48839588427165875,GLD,0,0.007782641019462408,0.00883880661678695,0.02355313561654331,0.009773523387575157,0.0018617208756224126,-0.0016843943273435016,-0.0012902174338905864,0.0021799315416691323
2010-03,2010-02,2010-02,2010-02-26,0.46916697302973437,0.0,0.0013927730995907737,0.0017487305421025178,1.4094069347341123,-0.015076263787808242,0.1017021264319269,0.0003051063792957807,5.085106321596349e-05,0.45921565825037264,0.19023622099908158,0.24786622560077573,0.10268189514977002,0.19199611348136486,0.3147285702417013,0.4932753162769339,1.285796013932028e-18,0.015579090428463307,0.0014083333347525992,0.17849908513304408,1.4691669730297343,0.0007041666673762996,0.0006073984149652453,0.000892369690737548,0.0003559589428858346,0.013626595127463625,HYG_DynamicLambda,True,False,0,Optimization terminated successfully,9,-0.013626595127463625,0.13000000006550458,0.13,0.13,0.10215024397023183,False,-0.08092616749789358,0.0,-6.550457398724063e-11,-6.550457398724063e-11,0.07907383250210642,0.4932753162769339,GLD,0,0.005782492386819632,0.008646336509565727,0.02353340823923706,0.011698240798775857,0.0003081279707786794,0.0020463968811873863,-0.0011434650683000648,0.0010665104523949567
2010-04,2010-03,2010-03,2010-03-30,0.3738195129021655,0.8401709401709402,0.03204934249478863,0.03228908223307054,1.454577500299936,0.0,0.07645624722535518,0.00022936874167606556,1.037099660584525e-05,0.5574084526785155,0.1642776971637804,0.21496116089979872,0.06335268925790531,0.22229251823848303,0.23762941984145217,0.5119760702400211,0.028101991680043775,0.014368224216524113,0.0014083333511960023,0.16396869049111334,1.3738195129021655,0.0007041666755980011,0.0006611007715775336,0.0009082331399878931,0.0002397397383937821,0.012516084662544438,HYG_DynamicLambda,True,False,0,Optimization terminated successfully,16,-0.012516084662544438,0.13000000082443086,0.13,0.13,0.09758920598490303,False,-0.0816718433874061,0.0,-8.244308569160808e-10,-8.244308569160808e-10,0.0783281566125939,0.5119760702400211,GLD,1,0.007903512593921512,0.008134971849206776,0.02183610013645685,0.014350424204743787,0.002952526097994256,-0.001775570807346054,-0.0024414182122400414,0.003947717372770416
2010-05,2010-04,2010-04,2010-04-30,0.4181018819555672,0.0867003367003367,0.06616385718577716,0.0662609265371086,1.5508179582954258,0.0,0.032356358553530654,9.706907566059196e-05,2.756708485061876e-10,0.6145494562775751,0.15971166812222695,0.17917431069311776,0.046564564907080226,0.22137441744381375,0.22747053491093366,0.5511550476452526,2.7755575615628914e-17,0.016311850880477746,0.0014083333334346851,0.18729221056512485,1.4181018819555673,0.0007041666667173426,0.0006340903816454224,0.0008992047635412975,9.707053268132035e-05,0.014611408917537786,HYG_DynamicLambda,True,False,0,Optimization terminated successfully,18,-0.014611408917537786,0.13000000000467776,0.13,0.13,0.09495102006738156,False,-0.0829928058662483,0.0,-4.677758180804403e-12,-4.677758180804403e-12,0.0770071941337517,0.5511550476452526,GLD,1,0.008578576029230867,0.008140638811858886,0.02277964572694257,0.0147298981182549,0.0014443721964258432,0.0009360441902620947,-0.0009557530317131588,0.001008096684372071
2010-06,2010-05,2010-05,2010-05-31,0.5500399626770266,0.0,0.01733543913478699,0.017848864435650424,1.577702068620591,0.0,0.1605760274708985,0.0004817280824126955,3.169721845073682e-05,0.5050571935021844,0.29910856411902553,0.12299391252375004,0.07284032985504006,0.13168412300439147,0.38163007902506,0.4866857979705485,0.0,0.017937505344482574,0.0014083333339431259,0.20680006413013213,1.5500399626770265,0.0007041666669715629,0.0005723511035888491,0.0008871670832450146,0.0005134268008915948,0.0158327447933744,HYG_DynamicLambda,True,False,0,Optimization terminated successfully,9,-0.0158327447933744,0.13000000002814427,0.13,0.13,0.10107376007384695,False,-0.09018453307289837,0.0,-2.814426469655018e-11,-2.814426469655018e-11,0.06981546692710164,0.4866857979705485,GLD,0,0.0023663754056657805,0.009330965352815449,0.027490262891164775,0.008549378276422308,-0.00043563679978828165,0.002076074067944923,-0.0001009525303212954,-0.0011636971440996296
2010-07,2010-06,2010-06,2010-06-29,0.5118358171401906,0.0,-0.027098783850730696,-0.02695595636982006,1.5349482612821908,-0.027098783850730723,0.04412446278414566,0.000132373388352437,1.0454092558198875e-05,0.3959308389261334,0.3735176997192883,0.11863357836829831,0.11191788298628008,0.11202204250857827,0.42711404473678893,0.4608639127546329,0.0,0.017692087307542095,0.0014083333372605785,0.20385504766694168,1.5118358171401907,0.0007041666686302893,0.000545232985549911,0.0008243027562406354,0.0001428289810077663,0.016020788901663405,HYG_DynamicLambda,True,False,0,Optimization terminated successfully,8,-0.016020788901663405,0.13000000018125749,0.13,0.13,0.10384399902558664,False,-0.09089929414658202,0.0,-1.8125748124653285e-10,-1.8125748124653285e-10,0.06910070585341799,0.4608639127546329,GLD,0,0.0018127163951297052,0.009861807485069618,0.026960766072733712,0.006872589571362607,-0.00013294928080979267,0.0024281498672335073,-0.00037004670652267263,-0.00046819727079231566
2010-08,2010-07,2010-07,2010-07-30,0.40281600387413874,0.7390243902439024,0.03966131672382247,0.039742525120330593,1.5958263304275844,0.0,0.027069370910027236,8.120811273008171e-05,2.8377804603404556e-10,0.40253777107319566,0.3552360353419152,0.12867321519397049,0.1135529783909187,0.12081288326438024,0.4161802919687343,0.4630068247668854,6.43788873252983e-20,0.01425400798735781,0.0014083333356100856,0.1625980958346332,1.4028160038741389,0.0007041666678050428,0.0005462969776858376,0.0007663541431657663,8.121106112082734e-05,0.012702276115266174,HYG_DynamicLambda,True,False,0,Optimization terminated successfully,13,-0.012702276115266174,0.13000000010508087,0.13,0.13,0.10132411756581292,False,-0.08938755134047952,0.0,-1.0508086067950728e-10,-1.0508086067950728e-10,0.07061244865952049,0.4630068247668854,GLD,0,0.004066913448842538,0.009871187558919565,0.02310691556678527,0.007606986946850535,0.0010723996346522315,-0.002068742877403994,-0.000675520402473185,0.0033873631954605267
2010-09,2010-08,2010-08,2010-08-31,0.37890707430675297,0.7764423076923077,-0.0033994128808003477,-0.0033598805103507347,1.5904014578444086,-0.0033994128808002566,0.011294962985603696,3.388488895681109e-05,5.647481492801834e-06,0.41777046453818495,0.32367176141442067,0.1456860664159741,0.11287170763142021,0.12623245332330987,0.39796395071385127,0.47580359596283894,4.6832451653690266e-18,0.015546606396122082,0.0014083333360449056,0.17810927673719557,1.378907074306753,0.0007041666680224528,0.0005423138764054404,0.0007478004406701799,3.953387084487884e-05,0.014055105416584572,HYG_DynamicLambda,True,False,0,Optimization terminated successfully,7,-0.014055105416584572,0.13000000012514948,0.13,0.13,0.09882433950650271,False,-0.08408363932277456,0.0,-1.2514947411723654e-10,-1.2514947411723654e-10,0.07591636067722544,0.47580359596283894,GLD,0,0.00432136136231806,0.00999713461063789,0.024904392096825524,0.004571347638394303,0.0009757553700848132,-0.0018534561252764971,-0.0004467209257527158,0.0016055198139416534
2010-10,2010-09,2010-09,2010-09-30,0.3857720308009343,0.3161648177496038,0.01113222125668877,0.01114156201844764,1.6081061587600927,0.0,0.003113294222642479,9.339882667927437e-06,8.790909426539086e-10,0.3837969893794594,0.2724519549129632,0.20103745906795878,0.1427135966396187,0.13497426667051235,0.3879988500102196,0.47702688331926807,0.0,0.015748195956699747,0.0014083333333343507,0.18052835148039087,1.3857720308009343,0.0007041666666671753,0.000526124849289348,0.0007290891008545353,9.342791221792946e-06,0.014305597397956242,HYG_DynamicLambda,True,False,0,Optimization terminated successfully,18,-0.014305597397956242,0.13000000000004694,0.13,0.13,0.09768409846357301,False,-0.08230326466328437,0.0,-4.693467836602849e-14,-4.693467836602849e-14,0.07769673533671563,0.47702688331926807,GLD,0,0.007337105457286416,0.009148570558136773,0.02388440648610094,0.004383015380830123,0.0010030933261526219,0.00036829813474146124,-0.0009717572923479145,0.0010959184715377684
2010-11,2010-10,2010-10,2010-10-29,0.336759665343251,0.0,0.04509380931045759,0.0451041284245622,1.6806217912341928,0.0,0.002948396795703426,8.845190387110278e-06,1.4739237175007413e-06,0.35413327217488905,0.32706065245164095,0.16573817613411548,0.15306789923935443,0.13744905054719533,0.38412600422508186,0.4784249452277229,4.890059521993988e-19,0.016073671595632066,0.0014083333351959967,0.1844340591364088,1.336759665343251,0.0007041666675979984,0.0005139902021789737,0.0006870813706544749,1.0321502102067468e-05,0.014672102055277525,HYG_DynamicLambda,True,False,0,Optimization terminated successfully,7,-0.014672102055277525,0.13000000008596907,0.13,0.13,0.09827250094606901,False,-0.08193692693555557,0.0,-8.59690651999756e-11,-8.59690651999756e-11,0.07806307306444443,0.4784249452277229,GLD,0,0.006223913477472936,0.008925487231763653,0.023874858003452213,0.0040776728193599,0.0010053819370746415,0.0021944228163801502,-0.001282881354958726,0.0009934740228370164
2010-12,2010-11,2010-11,2010-11-30,0.6068482019031295,0.0,0.002581260873606619,0.0026732153579540185,1.6849599145072363,0.0,0.02990590387457555,8.971771162372664e-05,2.2367727236727586e-06,0.2995831503656475,0.3085106297709966,0.19307630472420476,0.1988299151391512,0.13955534897502914,0.4043427388919514,0.4561019121330195,4.1261092443125105e-19,0.01711591930822422,0.0014083333334311446,0.19694103169810379,1.6068482019031296,0.0007041666667155723,0.0004815622191550805,0.000773797385953822,9.19559846255044e-05,0.015545999270929325,HYG_DynamicLambda,True,False,0,Optimization terminated successfully,7,-0.015545999270929325,0.13000000000451437,0.13,0.13,0.10054350194118261,False,-0.07854071188511372,0.0,-4.514361107155196e-12,-4.514361107155196e-12,0.08145928811488629,0.4561019121330195,GLD,0,0.007026004386296011,0.009655981199406662,0.025009310457905387,0.004045939484309439,-0.0009126372615916713,0.002417089682926606,-5.631777015471791e-05,-0.00047647772179065204
2011-01,2010-12,2010-12,2010-12-30,0.3518005490678859,0.8249235474006116,-0.02583563613201142,-0.025311877436556603,1.6414279032590022,-0.025835636132011452,0.15726444441078108,0.0004717933332323432,5.196536222247615e-05,0.32282507285192796,0.29335193793299075,0.20109105384792472,0.18273193536715657,0.2565075786884783,0.24084344140085745,0.502648979910664,2.5183305961407054e-16,0.0160949271366639,0.0014083333479163556,0.18468912555246866,1.351800549067886,0.0007041666739581778,0.0004994082964597085,0.0006751004093632915,0.0005237601954832721,0.01419189985785916,HYG_DynamicLambda,True,False,0,Optimization terminated successfully,10,-0.01419189985785916,0.13000000067306255,0.13,0.13,0.0973579848604446,False,-0.07054060684168698,0.0,-6.730625501383258e-10,-6.730625501383258e-10,0.08945939315831303,0.502648979910664,GLD,1,0.0096863722057244,0.009059676119743208,0.024000921833435714,0.005261100185940573,0.0010894502420944084,-0.002267439462632151,-0.000734225135935574,0.0018220532074171712
2011-02,2011-01,2011-01,2011-01-31,0.32356450028976863,0.26136363636363635,0.01996464073392247,0.02004259649770027,1.6741984216382038,-0.006386794591596967,0.022273342874323823,6.682002862297147e-05,1.1135735154827866e-05,0.34572079087592444,0.37820462357567575,0.13184331168817812,0.1442312738602217,0.24332668978760902,0.2506501219196495,0.5060231882927414,2.2333854201921788e-18,0.01519484910060568,0.0014083333455702988,0.17388818913384635,1.3235645002897687,0.0007041666727851494,0.0005031491335149578,0.0006659503314719552,7.795763928660052e-05,0.013746774457061973,HYG_DynamicLambda,True,False,0,Optimization terminated successfully,21,-0.013746774457061973,0.130000000564783,0.13,0.13,0.09646556693325392,False,-0.0714346265304175,0.0,-5.647829981469954e-10,-5.647829981469954e-10,0.0885653734695825,0.5060231882927414,GLD,1,0.008458557510472416,0.009061335343071837,0.021754203797518204,0.005868599752762618,0.0008091065182345297,0.0005452116252656295,-0.0009411320544437545,0.0011666329310449164
2011-03,2011-02,2011-02,2011-02-28,0.4823311448124028,0.0,0.005260608295434707,0.00542737510454918,1.6830057237432774,-0.0011597847207720502,0.055588776819330527,0.0001667663304579916,4.786564814773686e-10,0.23193128132202823,0.2925618484120628,0.2102695182186891,0.2652373520472199,0.22245904960159854,0.3052277077357328,0.4723132426626686,0.0,0.01587391551523932,0.0014083333333360477,0.18203698618285555,1.4823311448124028,0.0007041666666680238,0.00046026254921787226,0.0006822615114964035,0.00016676916323228027,0.01432071817384261,HYG_DynamicLambda,True,False,0,Optimization terminated successfully,16,-0.01432071817384261,0.1300000000001253,0.13,0.13,0.09953611548371451,False,-0.06871370709966984,0.0,-1.2528866832894892e-13,-1.2528866832894892e-13,0.09128629290033016,0.4723132426626686,GLD,0,0.007394704384191415,0.009561920703740581,0.023284800284725512,0.002733060876303966,-0.0002175628429790144,0.0019227889026439456,-0.0004782328016047253,0.0005804958868742974
2011-04,2011-03,2011-03,2011-03-31,0.3492734591739761,0.15895522388059702,0.0373193534551785,0.03745355297653683,1.7458144092147414,0.0,0.03870273390706132,0.00011610820172118395,1.8091319637149634e-05,0.2754524871131617,0.41477509985658545,0.12362238661429893,0.1861500264159539,0.20541425544722355,0.29507113604699714,0.4995146085057794,0.0,0.015008198716353224,0.0014083333333333346,0.17164838459623868,1.3492734591739761,0.0007041666666666673,0.0004745392203136421,0.0006402831753063095,0.0001342010217029575,0.01352954785267729,HYG_DynamicLambda,True,False,0,Optimization terminated successfully,9,-0.01352954785267729,0.13000000000000006,0.13,0.13,0.09688868855012493,False,-0.07237368807460232,0.0,-5.551115123125783e-17,-5.551115123125783e-17,0.08762631192539769,0.4995146085057794,GLD,0,0.007746516814170808,0.00864055576829572,0.02206067768679905,0.0064673073756918685,0.00017383704820823825,0.000822122608968725,-0.0008619345755957269,0.0013342906861724066
2011-05,2011-04,2011-04,2011-04-29,0.5267275526830861,0.0,-0.007943457790699937,-0.007853842523307147,1.7319466061447484,-0.007943457790699937,0.028474998335337107,8.542499500601133e-05,4.190272386779909e-06,0.23245044745550505,0.39784958740547655,0.13634288048199714,0.23335708465702124,0.2152965740423001,0.3013760074775553,0.4833274184801447,0.0,0.015941653995007254,0.001408333333337461,0.1828498479400623,1.5267275526830861,0.0007041666666687305,0.00045039160817771903,0.0006876252777021684,8.961676757577784e-05,0.014460245283060578,HYG_DynamicLambda,True,False,0,Optimization terminated successfully,8,-0.014460245283060578,0.13000000000019052,0.13,0.13,0.09821869473851812,False,-0.07016928415915016,0.0,-1.9051427102567686e-13,-1.9051427102567686e-13,0.08983071584084984,0.4833274184801447,GLD,0,0.008820361209051253,0.008241640735114552,0.02332848444050579,0.005600230157322252,-0.00014678439943293105,0.001364704420434295,-0.0001989448233937056,0.00023640738875185596
2011-06,2011-05,2011-05,2011-05-31,0.4616519646582022,0.0,-0.023637847438475013,-0.023603959124766774,1.6910071164971143,-0.03139353898578434,0.01129534538069285,3.3886036142078554e-05,2.2775661612239873e-09,0.24170877750078482,0.39040971640840666,0.14067012745102644,0.22721137863978205,0.21202913405419338,0.293601397364355,0.49436946858145153,0.0,0.015389094561381253,0.0014083333333346243,0.17621913473656728,1.4616519646582022,0.0007041666666673122,0.00045204929238388045,0.000660738736335249,3.389003079046788e-05,0.013990299127588224,HYG_DynamicLambda,True,False,0,Optimization terminated successfully,17,-0.013990299127588228,0.1300000000000596,0.13,0.13,0.0965867050245497,False,-0.07146849652413467,2.220446049250313e-16,-5.959122084675528e-14,-5.959122084675528e-14,0.08853150347586533,0.49436946858145153,GLD,0,0.00821836928324434,0.008132933199441464,0.02251259758238372,0.0031497333998912387,-2.2987127402187357e-05,0.0011906437394603475,-0.00043595196497535295,0.0005360805696765476
2011-07,2011-06,2011-06,2011-06-30,0.4698506128364458,0.342296511627907,0.03385782766174114,0.033885810479868037,1.7482609440222514,0.0,0.007995090893399184,2.3985272680197552e-05,3.997545446699584e-06,0.2058069204356129,0.2945036827640105,0.2055513820257406,0.29413801477463597,0.22089790932597347,0.29986321527439214,0.47923887539963433,1.2938581845979373e-18,0.014369006737167104,0.0014083333333341237,0.1639780808460005,1.4698506128364457,0.0007041666666670618,0.00044138042855370864,0.0006487632934036817,2.7985626277154042e-05,0.012988091150819205,HYG_DynamicLambda,True,False,0,Optimization terminated successfully,9,-0.012988091150819205,0.13000000000003648,0.13,0.13,0.09748770823800185,False,-0.06334104927754775,0.0,-3.647082635893639e-14,-3.647082635893639e-14,0.09665895072245226,0.47923887539963433,GLD,0,0.008748256007855233,0.008154625713975114,0.02135351190461287,-0.0007711221651229179,8.427889139159721e-05,8.131025902567066e-06,-0.0005492569200015927,0.0006667775558985672
2011-08,2011-07,2011-07,2011-07-29,0.5046472055222658,0.0,0.029310056308212776,0.029362003433506367,1.7995025707329928,0.0,0.014842077510290055,4.452623253087017e-05,7.420892762721344e-06,0.2022022283173377,0.2667490804570281,0.22897735159641955,0.30207133962921473,0.23009615166296182,0.28646518654280234,0.4834386617942359,2.3591443735866304e-19,0.01531817275851334,0.0014083333347481356,0.17536807309367125,1.5046472055222657,0.0007041666673740678,0.0004371309057731838,0.0006577277958190379,5.194975006793288e-05,0.013904328545252302,HYG_DynamicLambda,True,False,0,Optimization terminated successfully,9,-0.013904328545252302,0.13000000006529855,0.13,0.13,0.0965217770116556,False,-0.06324802465329714,0.0,-6.529854434944582e-11,-6.529854434944582e-11,0.09675197534670286,0.4834386617942359,GLD,0,0.009180035838711135,0.007788833156562589,0.022494893638218647,-0.00038307361180397233,-0.00020069089767864328,0.0010926842342509758,-0.000345621448766715,0.00024977736200056024
2011-09,2011-08,2011-08,2011-08-30,0.631294416030155,0.6549497847919655,-0.0016449909895023098,-0.0015126611707207546,1.7965424052185508,-0.0016449909895023263,0.037808543095644756,0.00011342562928693427,1.8904189494620916e-05,0.23666114366533325,0.30205171723626884,0.20264736526696098,0.25863977383143694,0.23074412140290346,0.27259024451861213,0.4966656340784844,5.361208448441217e-19,0.015426289387154976,0.0014083333344780892,0.17666547263899118,1.631294416030155,0.0007041666672390446,0.00043992090079923344,0.0007176405089687453,0.00013233259273223225,0.013872149618214953,HYG_DynamicLambda,True,False,0,Optimization terminated successfully,13,-0.013872149618214953,0.13000000005283488,0.13,0.13,0.09577286361549989,False,-0.06464663026335447,0.0,-5.283487536367204e-11,-5.283487536367204e-11,0.09535336973664553,0.4966656340784844,GLD,0,0.0059333313944877186,0.007080502938691386,0.024669365367442755,-0.001183003806361411,0.00010324542830378541,-0.000746969863652154,0.00010973066391741843,-1.9747290145039558e-05
2011-10,2011-09,2011-09,2011-09-30,0.6886451498507974,0.0,0.009725390895240348,0.009817770204816788,1.8140144823691766,0.0,0.030793032809814325,9.237909842944297e-05,2.1114699730270745e-10,0.16587134112934226,0.22076751282760976,0.2631371235704062,0.3502240224726417,0.21011152880320613,0.31749031304160813,0.47239815815518577,1.4656216639657189e-18,0.015653476605830545,0.0014083333335063774,0.17939171926892827,1.6886451498507973,0.0007041666667531887,0.00041107660636942594,0.0006941625175628565,9.23821360574012e-05,0.014162765285457098,HYG_DynamicLambda,True,False,0,Optimization terminated successfully,12,-0.014162765285457098,0.13000000000798664,0.13,0.13,0.09763399696634562,False,-0.06342528962464485,0.0,-7.986639127821604e-12,-7.986639127821604e-12,0.09657471037535516,0.47239815815518577,GLD,0,0.004883259476554538,0.008219161528167937,0.02471435195214626,-0.003910505226325535,-0.0005937320196407118,0.0008012176561099428,0.00045152606370171193,-0.0009714924968609466
2011-11,2011-10,2011-10,2011-10-31,0.7073221295186016,0.0,0.03338269237274071,0.033459999536113755,1.8745711697938032,0.0,0.025768820209979976,7.730646062993993e-05,7.027431014470751e-10,0.13231511916152436,0.16943843572217884,0.3061722392144823,0.3920742059018146,0.23420517436226787,0.2920404436814643,0.47375438195626784,3.010063926966165e-17,0.015805998204774113,0.001408333333339867,0.18122197845725013,1.7073221295186016,0.0007041666666699336,0.0004063524315025782,0.0006937744986880435,7.730930232346264e-05,0.014330747737092673,HYG_DynamicLambda,True,False,0,Optimization terminated successfully,17,-0.01433074773709267,0.13000000000030157,0.13,0.13,0.09799240884986717,False,-0.06220833270715544,0.0,-3.0156432906380815e-13,-3.0156432906380815e-13,0.09779166729284455,0.47375438195626784,GLD,0,0.0079895321414543,0.00841176230481945,0.023473167819883387,-0.003062982409634464,-0.00028526580841749043,0.0008168721626025268,0.00039254211568319887,-0.0007483374693402511
2011-12,2011-11,2011-11,2011-11-29,0.5967912685548453,0.0,-0.02982414721619981,-0.02980728421241595,1.818663683258629,-0.02982414721619986,0.004818057025200303,1.4454171075600911e-05,2.4088327082580517e-06,0.11409160496987143,0.1446676511659311,0.3268263613037434,0.4144143825604541,0.23498808325995799,0.285246531099839,0.4797653856402031,1.82333260174348e-19,0.016232059395167652,0.001408333333650002,0.18633471274011182,1.5967912685548453,0.000704166666825001,0.0004036923184865761,0.0006446123693420265,1.6865527651216267e-05,0.014866414831349409,HYG_DynamicLambda,True,False,0,Optimization terminated successfully,7,-0.014866414831349409,0.13000000001461548,0.13,0.13,0.09707527105712242,False,-0.06276449439443489,0.0,-1.4615475496526642e-11,-1.4615475496526642e-11,0.09723550560556511,0.4797653856402031,GLD,0,0.008492338414293503,0.008500002184371662,0.0241957324852302,-0.0005888033661751472,-0.0002232069893381041,0.0007381993703298129,9.478003009455726e-05,-8.634523100384183e-05
2012-01,2011-12,2011-12,2011-12-29,0.5353249842712401,0.44637883008356544,0.044794575042435995,0.04485434684387761,1.9001299500953104,0.0,0.019424760791478413,5.827428237443524e-05,1.4975190671804613e-06,0.09820993652221215,0.12017604334459271,0.35149812890447446,0.4301158912287207,0.22925628096318826,0.29584701673402336,0.47489670230278835,5.753471707815141e-18,0.014978776420930012,0.0014083333333676732,0.17129531705095413,1.5353249842712402,0.0007041666666838366,0.00040664275208790554,0.0006243287769533775,5.977330185976075e-05,0.01359050767543304,HYG_DynamicLambda,True,False,0,Optimization terminated successfully,8,-0.01359050767543304,0.1300000000015849,0.13,0.13,0.0960366664393397,False,-0.062450654689670516,0.0,-1.5848988788036422e-12,-1.5848988788036422e-12,0.0975493453103295,0.47489670230278835,GLD,0,0.007871430111485523,0.00967410189041144,0.022047444896274332,-0.0003030356928692369,9.997372843399995e-05,-0.0003385006559386537,-0.00017032467724824307,0.00015593150598672078
2012-02,2012-01,2012-01,2012-01-31,0.5484523870725403,0.4903448275862069,0.0029073905711379474,0.002916659029808019,1.9056543699961541,0.0,0.0026481310485919228,7.944393145775768e-06,1.3240655242959832e-06,0.07990735687135497,0.07657640718359117,0.4307357590706741,0.41278047687437985,0.23807110172682705,0.2788439292259786,0.4830849690471943,2.916004138417763e-19,0.01591052179435819,0.0014083333343694626,0.1824762615260815,1.5484523870725404,0.0007041666671847313,0.000408756863638499,0.0006329405412333187,9.270269193456442e-06,0.014564144316746684,HYG_DynamicLambda,True,False,0,Optimization terminated successfully,9,-0.014564144316746684,0.13000000004782136,0.13,0.13,0.09412279588362087,False,-0.06300052215307979,0.0,-4.7821357984645374e-11,-4.7821357984645374e-11,0.09699947784692022,0.4830849690471943,GLD,0,0.01049718657154327,0.009191017144325866,0.022742845864332846,-0.001140946566833587,0.00017013364541739685,-0.00044500731523090147,-0.00011293586402472838,0.00010280534220708358
2012-03,2012-02,2012-02,2012-02-28,0.46339796327952454,0.287568306010929,-0.008299368457814267,-0.008146880975368932,1.889838642226312,-0.008299368457814316,0.05082913025493463,0.0001524873907648039,9.168053083436905e-11,0.18497537682135398,0.1461114785756799,0.3737160173130781,0.295197127289888,0.24772914363206197,0.23196551141235333,0.5203053449555848,1.5531316935697613e-18,0.015775093818093285,0.0014083333367242196,0.1808511257967741,1.4633979632795246,0.0007041666683621098,0.0004392725307824329,0.0006428305268716546,0.00015249064909605666,0.014275605973763464,HYG_DynamicLambda,True,False,0,Optimization terminated successfully,10,-0.014275605973763464,0.13000000015650245,0.13,0.13,0.08965610331422547,False,-0.06677942974272749,0.0,-1.5650244988840711e-10,-1.5650244988840711e-10,0.09322057025727251,0.5203053449555848,GLD,1,0.010410928804322725,0.008991237388255477,0.021587519098775286,0.002701960086775204,3.188224224094493e-06,4.219261086303784e-05,-0.0002543357613609742,0.0002154440005971839
2012-04,2012-03,2012-03,2012-03-30,0.3737798035973007,0.09256756756756757,0.0016891273251502942,0.00170957627074224,1.8930308203170214,-0.0066242598227076455,0.00681612367805469,2.044837103416407e-05,5.745577818524182e-10,0.13328679784630257,0.08649764791853536,0.47315647152370116,0.307059082711461,0.24921342562252494,0.22743757968354905,0.523348994693926,0.0,0.01553197789510293,0.0014083333339691725,0.17793373473742014,1.3737798035973006,0.0007041666669845863,0.0004365625164066934,0.0005997407680471305,2.0451194196454424e-05,0.014207619265874757,HYG_DynamicLambda,True,False,0,Optimization terminated successfully,8,-0.01420761926587476,0.13000000002934642,0.13,0.13,0.08887731616901365,False,-0.06709463552717602,0.0,-2.93464141876143e-11,-2.93464141876143e-11,0.09290536447282398,0.523348994693926,GLD,1,0.0116628583287458,0.008998969549656627,0.020638662412564655,0.0015559933072596898,-0.0001961299638235394,0.0003899183795743909,-0.0005011836003299115,0.00031034377342619855
2012-05,2012-04,2012-04,2012-04-30,0.3812444741959332,0.5308724832214765,-0.021210181749608047,-0.021087730792467285,1.8528792925604878,-0.027693939817519442,0.037978448047739366,0.0001139353441432181,8.515612997547078e-06,0.15843671692654096,0.07471027590642249,0.5211204800219603,0.2457325271450762,0.264993973832327,0.1914613825987766,0.5435446435688964,0.0,0.015528717515939976,0.0014083333333353794,0.17789461019126745,1.3812444741959333,0.0007041666666676897,0.00045633832849072364,0.0006303147945916207,0.00012245245725503318,0.014071783597425632,HYG_DynamicLambda,True,False,0,Optimization terminated successfully,9,-0.014071783597425632,0.13000000000009443,0.13,0.13,0.08607487134120527,False,-0.06433984919808648,0.0,-9.442446824436956e-14,-9.442446824436956e-14,0.09566015080191352,0.5435446435688964,GLD,1,0.012146206443131963,0.008930998945321749,0.01996647255972435,0.0029233625144563045,0.0003275817125321093,-0.0004981251068048821,-0.0004489053001736495,0.00029606644028208314
2012-06,2012-05,2012-05,2012-05-31,0.4555759192251566,0.322,-0.030647932274687293,-0.030636913791792866,1.7960923734889234,-0.05749311010026015,0.0036726491871982713,1.1017947561594815e-05,5.353328339088899e-10,0.2160469939491774,0.07443553682675076,0.5277051118042363,0.1818123574198354,0.24819566704232757,0.1921848853920089,0.5596194475656635,5.470142495147649e-19,0.015096383775588133,0.0014083333333879755,0.17270660530672977,1.4555759192251565,0.0007041666666939878,0.00046615896126233524,0.0006785297585444678,1.1020772039816787e-05,0.013702666578309862,HYG_DynamicLambda,True,False,0,Optimization terminated successfully,6,-0.013702666578309862,0.13000000000252196,0.13,0.13,0.08442395265358524,False,-0.06685525272597215,0.0,-2.52195486716289e-12,-2.52195486716289e-12,0.09314474727402786,0.5596194475656635,GLD,1,0.010639905839770909,0.008654759897291241,0.019506462629793248,0.0009804079695721413,7.722792660174072e-06,-5.178375626544684e-05,-0.00020705023797779434,5.495833719670368e-05
2012-07,2012-06,2012-06,2012-06-29,0.44660210472209994,0.5739762219286658,0.015129555348050558,0.015173684265037735,1.8232664524638356,-0.04323339994360298,0.014709285069051281,4.4127855207153845e-05,1.0617800236536891e-09,0.1683578290263289,0.04680388107480439,0.6141133130146738,0.17072497688419297,0.25907519668420204,0.18299531982516765,0.5579294834906303,0.0,0.014182909567144185,0.001408333333342735,0.1617449148056738,1.4466021047220998,0.0007041666666713675,0.00047619637368643555,0.0006888666764358292,4.4130864436991564e-05,0.012745745359599995,HYG_DynamicLambda,True,False,0,Optimization terminated successfully,19,-0.012745745359599995,0.13000000000043394,0.13,0.13,0.08401526498716733,False,-0.06890413630529525,0.0,-4.3393066917474243e-13,-4.3393066917474243e-13,0.09109586369470475,0.5579294834906303,GLD,1,0.011585802692823347,0.00847431354997674,0.017606413991780537,-0.00044813651879283163,0.00025825680409132613,-0.00047668067833094095,-0.00030874748763601865,6.836487552032578e-05
2012-08,2012-07,2012-07,2012-07-31,0.48878534642768656,0.0,0.03816785293478052,0.038224302182564486,1.892856618282394,-0.006715673059740523,0.01881612928060171,5.644838784180513e-05,8.599421612152731e-10,0.1395093436997862,0.020773912948483672,0.730883151543366,0.10883359180836398,0.25644554361136607,0.1660661012363156,0.5774883551523183,1.4286882788171988e-18,0.014422803451498073,0.001408333352444604,0.16462364130330925,1.4887853464276866,0.000704166676222302,0.0004904885136454141,0.000730232111706389,5.6451287040674404e-05,0.012931953376528707,HYG_DynamicLambda,True,False,0,Optimization terminated successfully,13,-0.012931953376528707,0.13000000088205865,0.13,0.13,0.08132830137209984,False,-0.07108559807846634,0.0,-8.820586483437864e-10,-8.820586483437864e-10,0.08891440192153366,0.5774883551523183,GLD,1,0.012756003566703502,0.00879379071089125,0.01691442628622287,0.0015511485655883804,-0.00035027741006662163,0.0003573605138380152,-7.99495891357723e-05,2.684931153020273e-06
2012-09,2012-08,2012-08,2012-08-31,0.5041064592870463,0.0,0.023218120500405573,0.023233533339545122,1.936805191335665,0.0,0.004403668325585336,1.3211004976756008e-05,2.201834162792654e-06,0.10374140660808509,0.011617002980822709,0.7955550294105705,0.0890865610005217,0.25379126076964587,0.16153155969788774,0.5846771795324663,1.507630580762396e-18,0.015083221794601642,0.0014083333426460748,0.17254866147934325,1.5041064592870463,0.0007041666713230374,0.0004904363530849216,0.000737668486544213,1.5414342302867775e-05,0.013625972294431523,HYG_DynamicLambda,True,False,0,Optimization terminated successfully,4,-0.013625972294431523,0.13000000042981882,0.13,0.13,0.08001104908101443,False,-0.07191080827542466,0.0,-4.298188194251651e-10,-4.298188194251651e-10,0.08808919172457534,0.5846771795324663,GLD,1,0.01324883156751262,0.008873108749037576,0.017648769558671517,0.00385890283114757,-0.0003646491611570658,0.0003309834604759934,1.3246146744347463e-05,5.182141753482071e-06
2012-10,2012-09,2012-09,2012-09-28,0.39009999583290583,0.7454896907216495,-0.04275290991725336,-0.04248328155455665,1.8540011334632227,-0.042752909917253334,0.07703667505620374,0.0002311100251686112,3.8518337528101856e-05,0.11377464950740371,0.01595476898929712,0.7632403778150006,0.1070302036882985,0.3366222694709904,0.07813741387259943,0.5852403166564102,0.0,0.015643735254751958,0.0014083333394043474,0.1792748230205974,1.3900999958329059,0.0007041666697021737,0.0005405801636488391,0.0007514604832356028,0.000269629868585334,0.013918478233228847,HYG_DynamicLambda,True,False,0,Optimization terminated successfully,10,-0.013918478233228847,0.13000000028020064,0.13,0.13,0.07961445619457537,False,-0.07467275305775779,0.0,-2.8020064046785365e-10,-2.8020064046785365e-10,0.08532724694224221,0.5852403166564102,GLD,1,0.013715929784154526,0.008200523448230102,0.01801346522081929,0.0017423050581285365,0.0003587325921221432,-0.0004997134031514625,-0.0004067337829804726,7.094565467006502e-05
2012-11,2012-10,2012-10,2012-10-30,0.4593555935966981,0.3814102564102564,-0.0142359039119919,-0.014190312904152798,1.8276077514745162,-0.05638018751170515,0.013068882158222358,3.9206646474667076e-05,6.384361364435318e-06,0.12101846742473263,0.01649654852323969,0.7590197348797995,0.10346524917222816,0.34700260383857534,0.08104638490156979,0.5719510112598549,4.751854834096625e-18,0.014166497608355652,0.0014083333466216542,0.1615479712205379,1.459355593596698,0.0007041666733108271,0.0005530286662145902,0.0008070654774595835,4.559251047347219e-05,0.012609672947111772,HYG_DynamicLambda,True,False,0,Optimization terminated successfully,7,-0.012609672947111772,0.1300000006133071,0.13,0.13,0.0810110224252629,False,-0.07391819135250222,0.0,-6.133070995506529e-10,-6.133070995506529e-10,0.08608180864749779,0.5719510112598549,GLD,1,0.012126607250645769,0.007744543559763164,0.016580127676800845,-0.0002598562829953593,1.9416847904905815e-05,-0.00014114507062631813,-0.00025780727597118577,2.7821411544626045e-05
2012-12,2012-11,2012-11,2012-11-30,0.38372560012935913,0.0,0.013512975169366564,0.0135807274812196,1.852304169639533,-0.043629076416228596,0.022583869669674662,6.775160900902399e-05,7.028440113158305e-10,0.1292502311894703,0.011855669470831677,0.7867301111253917,0.07216398821430645,0.3600294551606526,0.0581124087575923,0.5818581360817552,4.9673353498243986e-17,0.013629287335400215,0.0014083333333335206,0.15510144802480144,1.3837256001293592,0.0007041666666667603,0.0005742197095842662,0.0007945625122505951,6.775445073692279e-05,0.012062803705745936,HYG_DynamicLambda,True,False,0,Optimization terminated successfully,15,-0.012062803705745934,0.13000000000000864,0.13,0.13,0.07986724540583766,False,-0.07680120219221623,0.0,-8.631984016460592e-15,-8.631984016460592e-15,0.08319879780778378,0.5818581360817552,GLD,1,0.012689787220454213,0.007050819500466105,0.01515637214688011,0.000293970977551257,-9.054273919033027e-05,7.345643859241633e-05,-0.0002400569220931093,1.855647848208328e-05
2013-01,2012-12,2012-12,2012-12-28,0.5400276805047992,0.0,0.0011761777590678726,0.0011762804236377074,1.8544828086068919,-0.04250421420649009,2.9747675348764296e-05,8.92430260462929e-08,1.3421543788407402e-08,0.1027413034182501,0.005794079333884558,0.84387445278066,0.04759016446720528,0.37260683354976315,0.05874341791741186,0.568649748532825,4.8424805442994564e-17,0.013841952525891127,0.0013236503686857054,0.15816152809857928,1.5400276805047992,0.0006618251843428527,0.0005633719557360645,0.0008676084062536638,1.044779985090752e-07,0.012312414457296101,HYG_DynamicLambda,True,False,0,Optimization terminated successfully,3,-0.012312414457296101,0.12603096613225048,0.13,0.13,0.07871949300729937,False,-0.07789027691930674,0.0,0.003969033867749522,0.003969033867749522,0.08210972308069327,0.568649748532825,GLD,1,0.014076984802760071,0.007417489106746864,0.014172630927252045,0.0012712385792986761,-6.349432788832883e-05,0.00031195194015854973,0.00018836448064733763,-4.578928027043146e-06
2013-02,2013-01,2013-01,2013-01-31,0.3849746221533161,0.0,-0.02215613454623771,-0.022156124205966108,1.8133946379857129,-0.06371861966398662,3.3276742784708372e-06,9.983022835412512e-09,3.572487662987559e-10,0.17809613341115552,0.008301256050598046,0.7773686074064654,0.03623400313178101,0.3616871009721265,0.06002207641256124,0.5782908226153123,5.0805832868398177e-17,0.013366358514668605,0.0012867690538081915,0.15267568785317412,1.3849746221533161,0.0006433845269040958,0.0005551277721898731,0.0007688378765354816,1.3367046882557538e-08,0.011954122744182146,HYG_DynamicLambda,True,False,0,Optimization terminated successfully,2,-0.011954122744182146,0.12426274037577917,0.13,0.13,0.07681166960749189,False,-0.07668058733910701,0.0,0.005737259624220836,0.005737259624220836,0.08331941266089299,0.5782908226153123,GLD,1,0.012595364230370207,0.007805497653301305,0.014731195185539211,0.0031986557306403884,-8.120083667945533e-05,0.00018265599629632522,-0.0002736227323735311,4.136661003297473e-06
2013-03,2013-02,2013-02,2013-02-28,0.4148604124417499,0.39542079207920794,0.003449132390552843,0.0034491723927800757,1.8196492761684442,-0.06048926122839815,1.1429207780848647e-05,3.428762334254594e-08,5.714603890420986e-09,0.11567106710802731,0.005054936847299265,0.8424577810134611,0.036816215031212275,0.3838086775338944,0.061437219710732766,0.5547541027553728,4.774414706503645e-17,0.012288327278334147,0.0012371817328995973,0.1400368369426122,1.4148604124417499,0.0006185908664497987,0.0005494515355520372,0.0007773972262079082,4.302431654937956e-08,0.010892296161359893,HYG_DynamicLambda,True,False,0,Optimization terminated successfully,3,-0.010892296161359893,0.1218449046730932,0.13,0.13,0.07661568864084362,False,-0.07650572217651128,0.0,0.008155095326906808,0.008155095326906808,0.08349427782348873,0.5547541027553728,GLD,1,0.013564540861780095,0.007644548904911332,0.012505866345350683,0.0010968236591043965,2.9045487286351166e-05,-0.0001936886306642963,-0.0005848535827475173,1.5244331041439551e-05
2013-04,2013-03,2013-03,2013-03-29,0.2887152024867031,0.6881127450980392,-0.05657900875667201,-0.05657899728461657,1.716695323838038,-0.11364584754434393,3.287952638569936e-06,9.863857915709808e-09,1.608197517849553e-09,0.16082744614410002,0.008070246392351288,0.7913906909354841,0.039711616528064736,0.37640790696371146,0.0621526440223588,0.5614394490139297,5.0294540116297507e-17,0.011872395584890512,0.001219764458276683,0.13515016026902604,1.2887152024867032,0.0006098822291383415,0.0005415077134738598,0.000697849222617577,1.4895352007046062e-08,0.010564649237782586,HYG_DynamicLambda,True,False,0,Optimization terminated successfully,2,-0.010564649237782586,0.1209841869804488,0.13,0.13,0.07560101357351592,False,-0.07600067946010998,0.0,0.009015813019551205,0.009015813019551205,0.08399932053989002,0.5614394490139297,GLD,1,0.012500870962803305,0.007837333841313302,0.013003321361007233,0.0027599243953869146,9.217035319065777e-05,-0.0005142705861089163,-0.0011104493355324375,4.2792817573137316e-05
2013-05,2013-04,2013-04,2013-04-30,0.3941438454581441,0.0,-0.012435600260368822,-0.012435594837624476,1.6953471870219439,-0.12466819347340052,1.6442937491312824e-06,4.932881247393847e-09,4.898630978911808e-10,0.1872512298024433,0.006285736432083917,0.7802705488304464,0.026192484935026336,0.38547265351663174,0.0679297480958213,0.546597598387547,5.048922578011519e-17,0.01053858971900911,0.0012317558174247392,0.11907254172356088,1.394143845458144,0.0006158779087123696,0.000569035158609852,0.000793316864225224,8.987684071633473e-09,0.009129385958387444,HYG_DynamicLambda,True,False,0,Optimization terminated successfully,2,-0.009129385958387444,0.12157742310600628,0.13,0.13,0.07457825729394382,False,-0.08269926044537862,0.0,0.008422576893993727,0.008422576893993727,0.07730073955462138,0.546597598387547,GLD,1,0.011483585618728285,0.008322793621206876,0.011012945040102456,0.0019177885881773273,-1.7667531710629358e-05,0.00014881721239180448,-0.0008714488544943058,-2.4397959137813775e-06
2013-06,2013-05,2013-05,2013-05-31,0.41965936331192466,0.0,-0.08458744120854977,-0.08458743163108473,1.551942106511645,-0.19871027119594287,2.7924970669932707e-06,8.377491200979813e-09,1.1999738394123044e-09,0.20514709260449407,0.00617990651775898,0.7656095710332463,0.023063429844500598,0.39874770245017044,0.06740920295191627,0.5338430945979132,5.2176518943370216e-17,0.010172288112639987,0.0011902049293954931,0.11492622777530688,1.4196593633119248,0.0005951024646977466,0.0005633766731925519,0.0007998029691693286,1.2760559121927474e-08,0.00877736991821379,HYG_DynamicLambda,True,False,0,Optimization terminated successfully,2,-0.00877736991821379,0.1195092429594712,0.13,0.13,0.07447462404062022,False,-0.09108154642607641,0.0,0.010490757040528806,0.010490757040528806,0.0689184535739236,0.5338430945979132,GLD,1,0.011631655967600255,0.007711524370893446,0.010172985860045948,0.0025340239651341786,-1.3946574053294402e-05,8.115200057141459e-05,-0.0007798605542975473,-4.770589308560012e-06
2013-07,2013-06,2013-06,2013-06-28,0.46942288264498905,0.9671052631578947,0.0473621624752934,0.04759961975134504,1.6254454407124985,-0.16075945687054138,0.079152408125828,0.000237457224377484,5.1674154362602126e-11,0.19849493409641197,0.006356740544736339,0.7704741233649349,0.02467420199391679,0.40072914270142157,0.1526747226038101,0.44659613469476844,0.0,0.00835067653592832,0.0010715842790599826,0.09377861275677994,1.469422882644989,0.0005357921395299913,0.0005400698839411657,0.0007935910456905725,0.00023746058002647557,0.00678383277068128,HYG_DynamicLambda,True,False,0,Optimization terminated successfully,20,-0.00678383277068128,0.11339758087684142,0.13,0.13,0.07668921532244308,False,-0.09910901169250273,0.0,0.016602419123158588,0.016602419123158588,0.06089098830749727,0.44659613469476844,GLD,0,0.009741982928480995,0.007523572295687769,0.007913343298332376,0.003767375914487121,0.000126031778843779,-0.0002336647598818669,-0.0005615312332672408,2.440780427210767e-05
2013-08,2013-07,2013-07,2013-07-30,0.32736818074270263,0.7633451957295374,0.01614852147146591,0.016148542825392093,1.6516939813125406,-0.1472069629400906,6.866834528884702e-06,2.0600503586654107e-08,7.534225938965464e-10,0.1831514214598763,0.014671933685155937,0.7426817357302878,0.0594949091246799,0.3958527953400976,0.14952781308997237,0.4546193915699301,6.972253031352744e-22,0.00855773106180701,0.0011214171660621963,0.09596426974531094,1.3273681807427027,0.0005607085830310982,0.0005357984513423258,0.0007112018156030205,2.3704562532786466e-08,0.007285796958610359,HYG_DynamicLambda,True,False,0,Optimization terminated successfully,2,-0.007285796958610359,0.11600433609458896,0.13,0.13,0.07829576461832856,False,-0.10704615957391099,0.0,0.013995663905411043,0.013995663905411043,0.05295384042608901,0.4546193915699301,GLD,0,0.00992885781336192,0.007961771549152862,0.009529300490319054,0.0051127716315739515,0.00011756404908028827,-0.00022002419717650367,-0.001999440574894135,5.890640272725334e-05
2013-09,2013-08,2013-08,2013-08-30,0.35509957117713065,0.8071512309495897,-0.031148276798949978,-0.03114827432456812,1.600246559995458,-0.17376999651064984,7.29212371722299e-07,2.187637115166897e-09,2.8674474274181826e-10,0.1765941703995579,0.016870721017297145,0.7362028187919014,0.07033228979124345,0.39412344560051504,0.14233128132247197,0.46354527307701293,0.0,0.009034311774847717,0.001135444097134718,0.1015990767153643,1.3550995711771305,0.000567722048567359,0.0005368915277224864,0.0007275414789853758,7.1800869979643276e-09,0.007739041067207985,HYG_DynamicLambda,True,False,0,Optimization terminated successfully,1,-0.007739041067207985,0.11672758528135763,0.13,0.13,0.07865944349939165,False,-0.11429902367185298,0.0,0.013272414718642378,0.013272414718642378,0.04570097632814703,0.46354527307701293,GLD,0,0.009864610947469077,0.007231275965629355,0.010150329685994665,0.004471323670094494,0.00011382027825413924,-0.00038234891675502906,-0.0012477224206157004,5.7407111933561454e-05
2013-10,2013-09,2013-09,2013-09-30,0.44349042810216743,0.0,0.012915134496503451,0.012915150150508868,1.6209139595453665,-0.16309912489053824,4.7154638713187155e-06,1.4146391613956147e-08,1.507613802353979e-09,0.16055984838509346,0.013222442308961916,0.7633539045286595,0.06286380477728518,0.42270553704835784,0.1447071205306778,0.4325873424209643,1.569532192150313e-21,0.008563622259744831,0.001105721894071783,0.09612913575250728,1.4434904281021674,0.0005528609470358915,0.0005427167392677568,0.0007834064183038266,1.80427207153028e-08,0.007227336851684398,HYG_DynamicLambda,True,False,0,Optimization terminated successfully,2,-0.007227336851684398,0.11518968152079159,0.13,0.13,0.0786509009658637,False,-0.12109456313422913,0.0,0.014810318479208412,0.014810318479208412,0.03890543686577087,0.4325873424209643,GLD,0,0.010550302156681473,0.006800965449559431,0.007952517479489777,0.0032672214177112595,-9.495891191590307e-05,0.0001244141088240879,-0.0006893853074252836,5.923189280674519e-06
2013-11,2013-10,2013-10,2013-10-31,0.41028701059594863,0.0,-0.021863047935110392,-0.02186303781616337,1.5854758399491367,-0.18139632883999224,3.018903998064324e-06,9.056711994192973e-09,1.0622350252176748e-09,0.2573975306493802,0.010988891341508633,0.7016581799190117,0.029955398090099353,0.42789505987474463,0.14470528086118745,0.427399659264068,5.54192985241796e-17,0.008720515569348688,0.0010497618791561155,0.09834761555724755,1.4102870105959486,0.0005248809395780577,0.0005371425283602993,0.0007575251305851961,1.2978908277372781e-08,0.007438096520277157,HYG_DynamicLambda,True,False,0,Optimization terminated successfully,2,-0.007438096520277157,0.11223699278701914,0.13,0.13,0.07632926018765121,False,-0.1251121495571382,0.0,0.017763007212980866,0.017763007212980866,0.0348878504428618,0.42789505987474463,KODEX200,0,0.010705175710503657,0.0068744590447563335,0.008350034680988444,0.00290267580187807,-6.996647042309544e-05,5.499859163152192e-05,-0.0009400312038026352,-7.9515902815696e-06
2013-12,2013-11,2013-11,2013-11-29,0.37288939299821966,0.2818599311136625,-0.011393401372771698,-0.011150610989112002,1.5674118773377639,-0.19072300903074257,0.07419503460390917,0.0002225851038117275,2.0205279847968966e-05,0.2371295655574871,0.013047377412432604,0.7107178369347507,0.039105220095329615,0.4827850717099458,0.18188635176140364,0.33532857652865067,0.0,0.008236346086984932,0.000991264007941016,0.09288856899617308,1.3728893929982195,0.000495632003970508,0.0005314685465288648,0.0007296475302416592,0.00024279188371675045,0.006768274669056013,HYG_DynamicLambda,True,False,0,Optimization terminated successfully,11,-0.006768274669056013,0.10906497189882823,0.13,0.13,0.07639690372124665,False,-0.12338521639291898,0.0,0.020935028101171774,0.020935028101171774,0.03661478360708102,0.4827850717099458,KODEX200,0,0.010689678740274973,0.006790840523448392,0.007078417496319951,0.002086934516520471,-4.3575897712144195e-07,-0.00011655438666965949,-0.0015263180869081654,1.2113836266201128e-05
2014-01,2013-12,2013-12,2013-12-30,0.297145857403382,0.628132118451025,-0.0034211086579499853,-0.0031765853369099505,1.56204959099363,-0.19349163355122723,0.07963539865759592,0.00023890619597278777,5.617125067247403e-06,0.21227690141493766,0.018617368122108915,0.707091525703511,0.06201420475944236,0.494400364507401,0.2519741922261716,0.25362544326642744,0.0,0.007758586968401145,0.0009252034928299598,0.08755182266383399,1.297145857403382,0.0004626017464149799,0.0004956587525822073,0.0006429416975977381,0.0002445248211494313,0.006408518703238995,HYG_DynamicLambda,True,False,0,Optimization terminated successfully,14,-0.006408518703238995,0.10536812570203342,0.13,0.13,0.07692118365939381,False,-0.11714589211754617,0.0,0.02463187429796658,0.02463187429796658,0.042854107882453835,0.494400364507401,KODEX200,0,0.01017008737735624,0.006700557232697204,0.006853256326441928,0.0021226664494631868,8.387284743598071e-05,-0.0003996147886915479,-0.00251082759041558,4.988531733225486e-05
2014-02,2014-01,2014-01,2014-01-29,0.43280930988984656,0.0,0.02684514264677908,0.026845146875772774,1.603983035085197,-0.1718408014080891,1.2874224444570103e-06,3.862267333371031e-09,3.667263596685021e-10,0.1931702626961075,0.020744183662229618,0.7098555309546861,0.07623002268697673,0.47119497716177117,0.2616071122970345,0.2671979105411944,1.969735068239048e-21,0.00808750838913652,0.0008749715085317171,0.09180027161844793,1.4328093098898464,0.00043748575426585853,0.00046096817724771214,0.0006604794959234749,8.140325038285583e-09,0.006989534998622148,HYG_DynamicLambda,True,False,0,Optimization terminated successfully,1,-0.006989534998622147,0.10246783935645663,0.13,0.13,0.07726227559690908,False,-0.11061285285041277,0.0,0.02753216064354337,0.02753216064354337,0.04938714714958724,0.47119497716177117,KODEX200,0,0.009125513545099061,0.007191727900966702,0.007624418921639477,0.0023026671622453252,-4.0461535018845e-05,0.0001402482051762803,-0.0005563231631467019,1.9346377128350217e-06
2014-03,2014-02,2014-02,2014-02-28,0.3465737997792449,0.0,-0.012894906304011744,-0.012894904252252006,1.5832998241345488,-0.18251983667873728,5.865302949714668e-07,1.7595908849144003e-09,2.921688535828516e-10,0.2252092471470503,0.025497743093426794,0.6730873936088797,0.07620561615064321,0.46592553232051986,0.25663073872334435,0.2774437289561358,0.0,0.008249819114203024,0.0008651916264824508,0.09380667961154159,1.3465737997792449,0.0004325958132412254,0.00045294027107815806,0.0006099175018987565,7.0554004533146885e-09,0.007207298743662589,HYG_DynamicLambda,True,False,0,Optimization terminated successfully,1,-0.007207298743662589,0.10189356956054396,0.13,0.13,0.07665435885865189,False,-0.11049273251910786,0.0,0.028106430439456043,0.028106430439456043,0.04950726748089214,0.46592553232051986,KODEX200,0,0.009047569880691558,0.0072085745046877,0.008937759760097372,0.003390348228407247,-3.1305755187986655e-05,9.614725920838636e-05,-0.0011008721947201707,1.810184657606867e-05
2014-04,2014-03,2014-03,2014-03-31,0.314802615081866,0.3153503893214683,-0.018121801986108108,-0.018121799909692614,1.5546075782369426,-0.19733405032601659,6.507992366677762e-07,1.9523977100033285e-09,1.2401778606840885e-10,0.2784696930857707,0.023827781803931743,0.6427080084063583,0.05499451670393919,0.4745756678266771,0.25915893986837923,0.2662653923049438,0.0,0.007865837213854107,0.0008554711900619232,0.08925721942587775,1.3148026150818661,0.0004277355950309616,0.0004561828352242129,0.0005997903847082552,6.967379782747073e-09,0.006838304266735108,HYG_DynamicLambda,True,False,0,Optimization terminated successfully,1,-0.006838304266735106,0.10131956514288383,0.13,0.13,0.07542502748881846,False,-0.11145192330116596,2.220446049250313e-16,0.028680434857116174,0.028680434857116174,0.04854807669883404,0.4745756678266771,KODEX200,0,0.008973195542302916,0.007019750822179507,0.008219369574090234,0.003448600605495522,7.359325905101221e-06,-9.194239876222735e-05,-0.0014273456931762035,2.823387840881755e-05
2014-05,2014-04,2014-04,2014-04-29,0.3542166328464199,0.12720264317180616,-0.00048012464211595916,-0.00048012297037361776,1.5538611728298108,-0.19771943002784254,4.805501936655526e-07,1.441650580996658e-09,2.3009176042254656e-10,0.30636107569859833,0.032097616182712535,0.5988042607142471,0.06273704740444208,0.4801422176348517,0.2575106810062273,0.262347101358921,9.545551067453515e-22,0.007602555051829395,0.0008716200375715708,0.08600094039652331,1.3542166328464198,0.0004358100187857854,0.00046073872411576505,0.0006239400435940069,6.866126797794575e-09,0.006542798123322805,HYG_DynamicLambda,True,False,0,Optimization terminated successfully,1,-0.006542798123322805,0.10227140583202544,0.13,0.13,0.07618132735587936,False,-0.11352510689858993,0.0,0.02772859416797456,0.02772859416797456,0.04647489310141008,0.4801422176348517,KODEX200,0,0.008495787079065257,0.006597597168273174,0.008123049802710494,0.0028492532903465926,-1.3812481069908763e-05,-1.8326452076802676e-05,-0.0011255702564744185,9.727820093906948e-06
2014-06,2014-05,2014-05,2014-05-30,0.4189878655951936,0.0,0.011846303997419799,0.011846306612579311,1.57226868465294,-0.18821537050472914,8.341552724666634e-07,2.5024658173999905e-09,1.1269369393218653e-10,0.2516233479897086,0.024151174031175487,0.6608008532954757,0.06342462468364034,0.48969383788757515,0.25775811991523495,0.2525480421971899,9.81765513584287e-22,0.007604642324174574,0.0008756793689829396,0.08600163167619726,1.4189878655951935,0.0004378396844914698,0.0004647078987958889,0.0006594148694376057,7.259610489895117e-09,0.006507380510635009,HYG_DynamicLambda,True,False,0,Optimization terminated successfully,1,-0.006507380510635009,0.1025092797155227,0.13,0.13,0.07595697092127013,False,-0.1165333269670008,0.0,0.0274907202844773,0.0274907202844773,0.0434666730329992,0.48969383788757515,KODEX200,0,0.008914128798205908,0.006480824664971875,0.006850142746309892,0.0029350082666228195,-3.1318290912783474e-05,8.002120360110003e-05,-0.0006585546195953664,-1.7101840009428617e-06
2014-07,2014-06,2014-06,2014-06-30,0.2964565904780431,0.810064935064935,0.013573086749409515,0.013573088836217712,1.593609223903114,-0.17719694730675273,6.587532999785423e-07,1.9762598999356267e-09,1.1054829622548834e-10,0.22024766628626075,0.024917884103579375,0.6781153620268232,0.07671908758333669,0.4820068964065313,0.2540305022123691,0.26396260138109956,2.7733260862930613e-17,0.007281884747388169,0.0008613839363711964,0.08221431335043086,1.2964565904780432,0.0004306919681855982,0.00045352874742054275,0.0005879803335646145,6.981886534306421e-09,0.006263205463751423,HYG_DynamicLambda,True,False,0,Optimization terminated successfully,1,-0.006263205463751423,0.1016691065980928,0.13,0.13,0.07587725746198334,False,-0.11483487164944724,0.0,0.028330893401907198,0.028330893401907198,0.045165128350552766,0.4820068964065313,KODEX200,0,0.00872420194208466,0.006375733539766891,0.007508869749750919,0.002998067411927477,6.96856083058061e-05,-0.0004000940372858551,-0.001730870934611558,6.770765348432649e-05
2014-08,2014-07,2014-07,2014-07-31,0.4479093126240596,0.0,-0.01574815626779222,-0.01574815539588335,1.5685128168152926,-0.1901545783581825,2.820646313877823e-07,8.46193894163347e-10,2.571497713375344e-11,0.20452616271355253,0.020131546934946343,0.705863972722065,0.06947831762943611,0.4918748489576945,0.24935605183238285,0.2587690992099227,5.358105402424849e-17,0.007820302025229006,0.0008677143963375252,0.08863733792472292,1.4479093126240596,0.0004338571981687626,0.00046001254591735135,0.0006660564491576358,6.60054918034078e-09,0.006720381777353427,HYG_DynamicLambda,True,False,0,Optimization terminated successfully,1,-0.006720381777353427,0.10204201466087537,0.13,0.13,0.07537760211516312,False,-0.11740723486616707,0.0,0.027957985339124636,0.027957985339124636,0.042592765133832935,0.4918748489576945,KODEX200,0,0.009237409763505533,0.0061776873860108225,0.007012080609030951,0.002189114902481088,-4.923333578403836e-05,0.00010990733071339256,-0.0003149156698878166,4.216792984649424e-06
2014-09,2014-08,2014-08,2014-08-29,0.30885253347712516,0.4428418803418803,-0.012429513517265216,-0.012429502175808889,1.5490169655566832,-0.20022056297337476,3.562070082730051e-06,1.0686210248190154e-08,6.552460797561221e-10,0.1511129157035571,0.014867374148500232,0.7593139538858868,0.07470575626205588,0.4935881218941618,0.2540666571252752,0.252345220980563,5.1823210717353356e-17,0.007048124461567538,0.000860133043574204,0.07941669527736522,1.308852533477125,0.000430066521787102,0.0004571910497667878,0.0005983956637703266,1.4042050248266623e-08,0.006019648233959861,HYG_DynamicLambda,True,False,0,Optimization terminated successfully,2,-0.006019648233959861,0.10159525836814653,0.13,0.13,0.07513505630515045,False,-0.11777365263192946,0.0,0.02840474163185347,0.02840474163185347,0.042226347368070544,0.4935881218941618,KODEX200,0,0.009109676675976902,0.0061119320029307984,0.005848668289443025,0.0011831395289883247,3.2015913501479746e-05,-0.000249890063939169,-0.0017013966194716406,3.642038065969504e-05
2014-10,2014-09,2014-09,2014-09-30,0.31163344982727165,0.08112407211028633,-0.018495227424764338,-0.018495212344325978,1.520367544493894,-0.2150126655508322,4.962261617710735e-06,1.4886784853132205e-08,1.936535053843653e-10,0.1849273389314702,0.014089194898147715,0.7442785686027764,0.05670489756760571,0.4822273895944882,0.2633205209251702,0.2544520894803416,8.113099416540589e-17,0.006798205185470945,0.0008173956059337467,0.07667408859004886,1.3116334498272717,0.00040869780296687335,0.0004387466622787566,0.0005754747982448864,1.826225168118519e-08,0.005814014322007504,HYG_DynamicLambda,True,False,0,Optimization terminated successfully,2,-0.005814014322007504,0.0990391199032229,0.13,0.13,0.07388341858031415,False,-0.11443613950767892,0.0,0.03096088009677711,0.03096088009677711,0.045563860492321084,0.4822273895944882,KODEX200,0,0.008459894600204899,0.006335201307130274,0.005754381673038656,0.001889837116586861,-3.363962661891169e-05,-4.209802470048556e-05,-0.0015188848722982797,1.8377227625252804e-05
2014-11,2014-10,2014-10,2014-10-31,0.2791156594691638,0.5420609884332281,0.01942446875952596,0.019772260989026097,1.5498998763649128,-0.1997647035962009,0.11593064310726654,0.00034779192932179965,3.001783374730937e-10,0.19232403265265322,0.012745752903433487,0.7455227209835742,0.04940749346033919,0.4806302101769611,0.3860755573599533,0.13329423246308553,8.463563088167079e-20,0.006665430379596882,0.0007572594950760075,0.07544160758470653,1.2791156594691637,0.00037862974753800373,0.0004054205100029395,0.0005185797230147346,0.0003477948615475796,0.005420426047496563,HYG_DynamicLambda,True,False,0,Optimization terminated successfully,19,-0.005420426047496563,0.09532635491254288,0.13,0.13,0.07322917913406005,False,-0.12282217543965328,0.0,0.03467364508745713,0.03467364508745713,0.037177824560346726,0.4806302101769611,KODEX200,0,0.008046076240736225,0.00632555994406953,0.005056083401873971,0.00021011228687673085,4.933497887749678e-05,-0.00021100013008107325,-0.0019513046893872563,3.0341183280646685e-05
2014-12,2014-11,2014-11,2014-11-28,0.30188681362213987,0.4885057471264368,-0.012914837345442727,-0.012914826201814833,1.5298831715599381,-0.2100996122873381,3.7079063115313953e-06,1.1123718934594186e-08,1.990895952264034e-11,0.12738556214277888,0.008836045905231484,0.8077492080904628,0.056029183861526825,0.4757477561722747,0.3872101076940354,0.1370421361336899,2.782805585116301e-17,0.006940380246308827,0.0007387124765964226,0.07885228809612739,1.30188681362214,0.0003693562382982113,0.00039469086438428865,0.0005138428317990298,1.496509933177712e-08,0.0060571662111122545,HYG_DynamicLambda,True,False,0,Optimization terminated successfully,2,-0.0060571662111122545,0.09415173773838202,0.13,0.13,0.07338659929787286,False,-0.12046342739194307,0.0,0.03584826226161798,0.03584826226161798,0.03953657260805693,0.4757477561722747,KODEX200,0,0.008215137846517563,0.006565673612199709,0.005148061980463223,-0.0023844805333629706,3.87527170533752e-05,-0.00013497343529239548,-0.001327498190948606,2.075048460661522e-05
2015-01,2014-12,2014-12,2014-12-30,0.33141979607639066,0.24844398340248963,0.029084876132325174,0.02908488169794353,1.5743796341016878,-0.18712545735383967,1.7670715453666103e-06,5.301214636099831e-09,2.644037183363429e-10,0.1778412270227944,0.010929982387949911,0.7642580876869635,0.04697070290229228,0.47059204655007,0.39152922049544264,0.13787873295448744,2.2315939580618967e-17,0.0066914685110288615,0.0007206912546346229,0.0759734746045386,1.3314197960763907,0.00036034562731731147,0.00038557975414304607,0.0005133685176323192,9.195478259262605e-09,0.005817745170600972,HYG_DynamicLambda,True,False,0,Optimization terminated successfully,1,-0.005817745170600972,0.09299620989919682,0.13,0.13,0.07281431843390476,False,-0.11848111505838013,0.0,0.03700379010080318,0.03700379010080318,0.04151888494161987,0.47059204655007,KODEX200,0,0.007643393528634689,0.006429703640746718,0.005346660086475209,-0.005016691628920796,-8.222019789152566e-06,-4.779626929587812e-05,-0.0009970820648948309,7.99243773880776e-06
2015-02,2015-01,2015-01,2015-01-30,0.3504019351141867,0.8338477366255144,0.006212755593217486,0.006212757487475019,1.5841608699793006,-0.18207526649243067,5.906252979571068e-07,1.7718758938713202e-09,1.223816390349488e-10,0.17148775365605887,0.003961083877501209,0.8059353861424962,0.018615776323943713,0.4688145279683945,0.3853509894577985,0.14583448257380704,0.0,0.007071621045559411,0.0006944772217330944,0.08069258921631436,1.3504019351141867,0.0003472386108665472,0.0003797803485253131,0.000512856117566923,6.888311977540906e-09,0.006211519428813963,HYG_DynamicLambda,True,False,0,Optimization terminated successfully,1,-0.006211519428813963,0.0912892472353515,0.13,0.13,0.07154053852033652,False,-0.11653239574995182,0.0,0.0387107527646485,0.0387107527646485,0.043467604250048184,0.4688145279683945,KODEX200,0,0.008125824743864125,0.006435584337711794,0.006022054979078227,-0.005959463205134597,8.578503793969446e-05,-0.00014292482437638644,-0.0005568419650422436,1.0776238028265578e-05
2015-03,2015-02,2015-02,2015-02-27,0.41748570269409957,0.0,0.0058751853916151646,0.005875190513863061,1.5934681087805715,-0.17726980704668616,1.6849738856822283e-06,5.054921657046685e-09,6.732623890337575e-11,0.12622164893476998,0.0018105232689726981,0.8596371923407531,0.012330635455504309,0.47026003737358857,0.39115836908166146,0.13858159354475003,2.7755575615628914e-17,0.007099965394383943,0.0006829296159687278,0.08110200703679495,1.4174857026940995,0.0003414648079843639,0.0003770840021034514,0.000534511181696314,9.224392354433436e-09,0.006223980180310911,HYG_DynamicLambda,True,False,0,Optimization terminated successfully,1,-0.006223980180310911,0.09052709755440486,0.13,0.13,0.07097438150007045,False,-0.11824632684963943,0.0,0.03947290244559515,0.03947290244559515,0.041753673150360576,0.47026003737358857,KODEX200,0,0.0082867240680981,0.006638472911348733,0.00474085586705224,-0.006497979340284807,-4.9775669753672224e-05,1.831174650402973e-05,-0.00024819066732921486,-1.5034007616549009e-06
2015-04,2015-03,2015-03,2015-03-31,0.33707082308430275,0.9782168186423505,0.006122229832097297,0.006122233764237883,1.6032236867726437,-0.1722328637156202,1.2976861184918345e-06,3.893058355475503e-09,3.908223068698005e-11,0.2157263976369146,0.0021076344244666725,0.7745981884503833,0.007567779488235376,0.4752257344378254,0.3883003700056078,0.13647389555656686,0.0,0.007086107731406081,0.0006815129712158896,0.08094421494957764,1.3370708230843027,0.0003407564856079448,0.000379290976288915,0.0005071388978550684,8.329177761855476e-09,0.006238204018765307,HYG_DynamicLambda,True,False,0,Optimization terminated successfully,1,-0.006238204018765306,0.09043315572615321,0.13,0.13,0.06995068722246908,False,-0.12037025680435591,0.0,0.039566844273846796,0.039566844273846796,0.03962974319564409,0.4752257344378254,KODEX200,0,0.008253861345772722,0.006520030173801066,0.005271523316546809,-0.006347063484548403,8.613060565846464e-05,-9.861388602148169e-05,-0.0006604538661554023,1.2700814439527377e-05
2015-05,2015-04,2015-04,2015-04-30,0.34003893393908385,0.8256281407035176,0.008538570036274255,0.008538580579222951,1.616912924505966,-0.16516491604872974,3.306735930463934e-06,9.920207791391802e-09,6.227409054815326e-10,0.18584197518801976,0.0017204334665112293,0.804985432719286,0.007452158626182972,0.49302072046525885,0.37772521899116096,0.12925406054358016,2.0694742904129835e-21,0.007115974079233506,0.0007099133736977347,0.08113220870861565,1.340038933939084,0.00035495668684886735,0.00039808758230712606,0.0005334528594092285,1.3312991937973235e-08,0.006227551219983472,HYG_DynamicLambda,True,False,0,Optimization terminated successfully,2,-0.006227551219983472,0.09229821495767303,0.13,0.13,0.06977329215557859,False,-0.1278913427195087,0.0,0.03770178504232698,0.03770178504232698,0.03210865728049131,0.49302072046525885,KODEX200,0,0.008843155030548666,0.006100853183525945,0.004231039805305983,-0.0041907594302165105,0.00010755451791575093,-0.0001346230904759423,-0.0007534450695198284,2.699303275798238e-05
2015-06,2015-05,2015-05,2015-05-29,0.48508365658163677,0.0,-0.022147122424589636,-0.02214711974438114,1.581102956017031,-0.18365411085734107,8.335754724669859e-07,2.5007264174009577e-09,1.7948207801932248e-10,0.19726356593015948,0.0019439296935211037,0.7929781180615245,0.007814386314794905,0.47556992216889965,0.3888719902975416,0.1355580875335588,3.4298760289260014e-21,0.007208864711709611,0.0006676827403102807,0.08250028009865365,1.4850836565816368,0.00033384137015514035,0.00037193454891808387,0.0005523539199163097,7.238116142767564e-09,0.006322662183522018,HYG_DynamicLambda,True,False,0,Optimization terminated successfully,1,-0.006322662183522018,0.08951085344092842,0.13,0.13,0.06998276999188292,False,-0.12064389167627647,0.0,0.040489146559071584,0.040489146559071584,0.039356108323723535,0.47556992216889965,KODEX200,0,0.008283355182856115,0.00657998844717301,0.005140022359225195,-0.0034761006012050183,-3.9249546221361825e-05,3.495389608290139e-05,0.00014074143762616442,-2.0799310950303587e-05
2015-07,2015-06,2015-06,2015-06-30,0.32610896017731056,0.23759920634920634,-0.0056206606798480056,-0.00562065122837586,1.5722161128013548,-0.18824251409760073,3.1503291306189674e-06,9.450987391856902e-09,4.847539869510395e-13,0.16115457513462245,0.002653044401211151,0.8226493259981281,0.013543054466038346,0.47061013409942315,0.39351340052496886,0.13587646537560802,3.800748398097475e-21,0.006644421384095139,0.0006580876392929997,0.07578453077338367,1.3261089601773106,0.00032904381964649987,0.000367037415734214,0.0004867316057254658,1.3414317687288508e-08,0.005828632544405485,HYG_DynamicLambda,True,False,0,Optimization terminated successfully,1,-0.005828632544405485,0.08886535698187453,0.13,0.13,0.07021604800249363,False,-0.11881777501033572,0.0,0.04113464301812547,0.04113464301812547,0.041182224989664284,0.47061013409942315,KODEX200,0,0.007725167288091935,0.006340921786761747,0.004564700807932744,-0.004274127781541667,-1.430234324613268e-05,-3.032077116489113e-05,-0.0006471413401955807,-3.041189595442532e-06
2015-08,2015-07,2015-07,2015-07-31,0.4284987570735204,0.7583661417322834,-0.018843640157091116,-0.018726343676843366,1.5425898381225454,-0.20353898005677062,0.039098771866772006,0.00011729631560031602,1.6464743389610898e-10,0.09396093565517248,0.001788893929012946,0.8873560657767715,0.016894104639043093,0.4585793934523104,0.4476817526131921,0.09373885393449755,2.0125502826762176e-18,0.006666230484296741,0.0006353451232272323,0.07618269507219749,1.4284987570735204,0.00031767256161361614,0.0003501464588014409,0.0005001837811915529,0.0001172994273412777,0.0057310747141502945,HYG_DynamicLambda,True,False,0,Optimization terminated successfully,11,-0.0057310747141502945,0.08731632996597365,0.13,0.13,0.07015811967928455,False,-0.12201868656531256,0.0,0.04268367003402636,0.04268367003402636,0.03798131343468744,0.4585793934523104,KODEX200,0,0.00724419697036176,0.006723088710790547,0.0035321491083638392,-0.007595222359990365,8.428203953041695e-05,-4.6445996646077794e-05,-0.000155428571613025,2.4603754049414053e-05
2015-09,2015-08,2015-08,2015-08-31,0.48466051325479553,0.26983349657198824,-0.004980755129896372,-0.004980745833839701,1.5349065758729905,-0.20750595736761523,2.73021154855585e-06,8.19063464566755e-09,1.1054220258113758e-09,0.07649932016744959,0.0013457608415184267,0.9062129999422386,0.01594191904879334,0.4438132810960401,0.4546539292725218,0.10153278963143814,2.9861387267278184e-17,0.006261500828663916,0.0006060100348162257,0.07150194973506964,1.4846605132547954,0.00030300501740811284,0.0003323219080916566,0.0004933852146331719,1.2404592323610042e-08,0.005465098192030307,HYG_DynamicLambda,True,False,0,Optimization terminated successfully,2,-0.005465098192030306,0.08527672846559434,0.13,0.13,0.06989286276105933,False,-0.1111333105869586,0.0,0.04472327153440567,0.04472327153440567,0.0488666894130414,0.4546539292725218,HYG,0,0.006363136807253387,0.006558585658151789,0.004303099057618635,-0.007221728992884006,-5.361660686901924e-06,1.1648528264252652e-05,0.00015509610222877728,-2.9127884247547875e-06
2015-10,2015-09,2015-09,2015-09-25,0.6454878749458767,0.0,0.021974889015887265,0.021974896051586926,1.5686359775275551,-0.19009098873501673,2.010199903527987e-06,6.030599710583961e-09,1.0050999517604911e-09,0.10022367153942398,0.001812870666139194,0.8820094517421649,0.015954006052271926,0.4557754500585893,0.4444059056133755,0.0998186443280352,2.9399145738195605e-17,0.006203802641544069,0.00062776136953335,0.07067906348132874,1.6454878749458768,0.000313880684766675,0.00034296662296250113,0.0005643474195959297,1.0391240013732506e-08,0.005325564145941451,HYG_DynamicLambda,True,False,0,Optimization terminated successfully,1,-0.005325564145941451,0.08679364282250285,0.13,0.13,0.07028976049747462,False,-0.11545081272761903,0.0,0.04320635717749716,0.04320635717749716,0.04454918727238097,0.4557754500585893,KODEX200,0,0.006583136267358565,0.0060384075475850615,0.004112770764758209,-0.007159888986580148,-2.6814667589908194e-05,5.8845418986326594e-05,0.000955791233088551,-2.4339853329715078e-05
2015-11,2015-10,2015-10,2015-10-30,0.48591641322161827,0.0,-0.015002863272510797,-0.015002860442330377,1.5451019464323679,-0.20224194289419972,8.965910322442213e-07,2.689773096732664e-09,1.4040732260882577e-10,0.10495879286627606,0.001630682084676777,0.8797424913324956,0.013668033716551587,0.47183666333818847,0.4327195794533007,0.09544375720851093,2.6817126265054197e-17,0.006383200137371653,0.0006465269050168685,0.07271924021835863,1.4859164132216183,0.00032326345250843427,0.0003588936052914111,0.0005332858987027888,7.3535649442206184e-09,0.005526643432595485,HYG_DynamicLambda,True,False,0,Optimization terminated successfully,1,-0.005526643432595485,0.08808134229337347,0.13,0.13,0.06923584794914132,False,-0.12157078272588227,0.0,0.04191865770662653,0.04191865770662653,0.03842921727411773,0.47183666333818847,KODEX200,0,0.00735626652508321,0.0058713952552532835,0.0037247626552420867,-0.007986629642104425,-1.2702168901256655e-05,2.835127427019302e-05,0.00010263693682325558,-3.2130437841064476e-05
2015-12,2015-11,2015-11,2015-11-30,0.4872140630242729,0.0,-0.01055133975718995,-0.010551335796147285,1.5287990508360645,-0.21065935919875878,1.2439295739991161e-06,3.7317887219973484e-09,2.292539423714859e-10,0.1424333462354443,0.002323892710376195,0.8415129301145351,0.013729830939644362,0.47068628771437426,0.43654349175767304,0.09277022052795279,2.432007668106928e-17,0.006098029142357834,0.0006459091544539799,0.06930089478157014,1.487214063024273,0.00032295457722698997,0.00035654580105542056,0.0005302599294418762,8.001629855691816e-09,0.005244806634059113,HYG_DynamicLambda,True,False,0,Optimization terminated successfully,1,-0.005244806634059113,0.08803925177696457,0.13,0.13,0.0692662339869375,False,-0.12163702035265525,0.0,0.04196074822303543,0.04196074822303543,0.03836297964734475,0.47068628771437426,KODEX200,0,0.006942759297520963,0.005727828498564648,0.0034152617418402747,-0.008974908612418458,-1.6569238171845412e-05,2.707048484114966e-05,9.559288948841573e-05,-5.7603743323187145e-05
2016-01,2015-12,2015-12,2015-12-30,0.326563814365021,0.8219373219373219,0.0018523386847310026,0.001852343823308702,1.531630904459108,-0.20919723299437232,1.710670378636553e-06,5.132011135909659e-09,6.566563411097832e-12,0.10488395901559228,0.0015713363150897058,0.8803555134765119,0.013189191192806125,0.46999189096456534,0.43419450995501635,0.09581359908041837,2.1681621614343008e-17,0.005767801219434748,0.0006296338909224167,0.06543581128768247,1.326563814365021,0.00031481694546120834,0.0003530296973043857,0.00046831642184023465,9.427720676749078e-09,0.004984658424412628,HYG_DynamicLambda,True,False,0,Optimization terminated successfully,1,-0.004984658424412628,0.08692299287915137,0.13,0.13,0.06882861854065246,False,-0.1208920115750999,0.0,0.04307700712084864,0.04307700712084864,0.0391079884249001,0.46999189096456534,KODEX200,0,0.00672521672814497,0.005388788456447213,0.003318441380828104,-0.010913944452841847,3.271256154767879e-05,-4.068220608280554e-05,-0.0005055746939527107,0.00014022652988988514
2016-02,2016-01,2016-01,2016-01-29,0.381080420885429,0.27148253068932954,0.04394163964406045,0.04394164244316361,1.5989332777305565,-0.17444806277708513,8.130269254363963e-07,2.4390807763091887e-09,3.600223836414043e-10,0.08682403685570807,0.003360276630004256,0.8759158621341909,0.033899824380096755,0.45713541660236545,0.4404206600841889,0.10244392331344575,1.844514871644185e-17,0.005736079626529245,0.0006110119635643242,0.065166883736965,1.381080420885429,0.0003055059817821621,0.00033442453092325425,0.00046186717192190014,7.404194383272461e-09,0.0049686990686308,HYG_DynamicLambda,True,False,0,Optimization terminated successfully,1,-0.0049686990686308,0.08562793681253736,0.13,0.13,0.06945331770854363,False,-0.11546240332854357,0.0,0.044372063187462646,0.044372063187462646,0.04453759667145643,0.45713541660236545,KODEX200,0,0.00619346535456947,0.005606665487777006,0.004477026289553293,-0.01307568408759456,-1.313311599295465e-06,3.1550895340933824e-06,-0.00023327295576618101,8.215940596325672e-08
2016-03,2016-02,2016-02,2016-02-29,0.4664272502583586,0.0,-0.023846668722658462,-0.023846657387981533,1.5608040455468815,-0.19413472633738893,3.2384791227736162e-06,9.715437368320849e-09,1.6192395613217308e-09,0.10046545628289408,0.0063400538817879526,0.8401738059423196,0.053020683892998244,0.44835389923104724,0.4405885601662642,0.11105754060268852,1.2132902803784657e-20,0.006341181325520287,0.0006223329972913324,0.07236017792249545,1.4664272502583586,0.0003111664986456662,0.00032116208117246166,0.00047096082758098473,1.4123225968394957e-08,0.005559039876067668,HYG_DynamicLambda,True,False,0,Optimization terminated successfully,2,-0.005559039876067668,0.08641756747037022,0.13,0.13,0.0721235146907895,False,-0.1110420001610512,0.0,0.04358243252962979,0.04358243252962979,0.0489579998389488,0.44835389923104724,KODEX200,0,0.006336595741874059,0.0062169921019751455,0.006635798351155439,-0.012878038256661128,-9.756263677652498e-06,7.091972940757337e-05,-2.5385843939316687e-05,-2.3408835647154284e-05
2016-04,2016-03,2016-03,2016-03-31,0.3134456802858959,0.24534450651769088,0.021003874099650138,0.021003875888090752,1.5935869772137727,-0.17720843358809935,5.109830330599091e-07,1.5329490991797273e-09,2.5549151656117984e-10,0.11795447269340238,0.007987453310777206,0.818623809343414,0.05543426465240631,0.4728712120553775,0.42448983395162954,0.10263895399299298,2.7768634735041324e-17,0.005948495713895097,0.0006694909284267952,0.0673650029961804,1.3134456802858958,0.0003347454642133976,0.000350071146127007,0.00045979943467324997,6.842519426201965e-09,0.005153943972489024,HYG_DynamicLambda,True,False,0,Optimization terminated successfully,1,-0.005153943972489024,0.08963197610853808,0.13,0.13,0.07396812149658581,False,-0.12070603588399384,0.0,0.04036802389146192,0.04036802389146192,0.039293964116006164,0.4728712120553775,KODEX200,0,0.006592684513118176,0.005403062594559568,0.005493482064811542,-0.012861678967098803,-2.9594134968691223e-07,1.15430515609912e-05,-0.0003034458527900496,2.0545130765182164e-06
2016-05,2016-04,2016-04,2016-04-29,0.34749454335225016,0.7458333333333333,0.010774708434229245,0.010774711274773722,1.610757412257836,-0.1683430943578682,8.115841363467881e-07,2.4347524090403645e-09,4.0579206820461365e-10,0.11255053690262314,0.00646889591372354,0.8330978689026256,0.04788269828102776,0.4617291653030101,0.4308677222476487,0.10740311244934121,6.02830043556893e-17,0.00609845666657266,0.0006392660780305708,0.06934588353068849,1.34749454335225,0.0003196330390152854,0.0003345107605979354,0.00045075142459832877,7.342520376499599e-09,0.0053280648604386695,HYG_DynamicLambda,True,False,0,Optimization terminated successfully,1,-0.00532806486043867,0.08758534658472757,0.13,0.13,0.07400007650844947,False,-0.11616672584006103,0.0,0.04241465341527244,0.04241465341527244,0.04383327415993897,0.4617291653030101,KODEX200,0,0.006516400835295807,0.005753371788203059,0.006120129744601035,-0.010333718640013598,1.0521558275936872e-05,-8.006304640895216e-05,-0.00015809933408770355,3.9507535880865344e-05
2016-06,2016-05,2016-05,2016-05-31,0.3474480412469354,0.0,0.005802009354427163,0.005802016816267523,1.6201030418314688,-0.1635178132116587,2.1319543884804513e-06,6.395863165441354e-09,1.0659771942436272e-09,0.1519487967799346,0.01078808095883137,0.78175964651373,0.05550347574750399,0.45352874870095844,0.4430197169034245,0.10345153439561698,6.397929426149906e-17,0.006238403210470833,0.0006290821841195046,0.07108634542093296,1.3474480412469354,0.0003145410920597523,0.0003231836163320152,0.00043547313078967496,1.0598318024666995e-08,0.0054883783893033816,HYG_DynamicLambda,True,False,0,Optimization terminated successfully,1,-0.0054883783893033816,0.0868849020799014,0.13,0.13,0.07406760625003261,False,-0.11407873947576955,0.0,0.0431150979200986,0.0431150979200986,0.045921260524230456,0.45352874870095844,KODEX200,0,0.006250075872917022,0.006223141581245216,0.006183221301122938,-0.008806383713485485,-4.086721180221609e-06,6.635873180133226e-05,-0.00019689232541430593,-3.0203292485308365e-05
2016-07,2016-06,2016-06,2016-06-30,0.41421363941785244,0.5739726027397261,0.00113693289724322,0.0011369459366470378,1.621944990276651,-0.162566789095541,3.734939550907711e-06,1.1204818652723134e-08,1.834585165054349e-09,0.16839021832332574,0.014389489021186494,0.7528839251237668,0.06433636753172106,0.4545385777169156,0.4357134084081437,0.10974801387494063,6.088349138133e-17,0.00621441562881427,0.0006346792385669283,0.07076491211436967,1.4142136394178524,0.00031733961928346417,0.00032097585765161047,0.00045392843581475053,1.640898172856817e-08,0.005443131164734326,HYG_DynamicLambda,True,False,0,Optimization terminated successfully,2,-0.005443131164734326,0.08727056126096096,0.13,0.13,0.07419199778018584,False,-0.10910426021530108,0.0,0.04272943873903905,0.04272943873903905,0.050895739784698926,0.4545385777169156,KODEX200,0,0.006194802737550376,0.006074045867564381,0.007167494715440892,-0.008943195619811535,5.397941138774086e-06,-6.122903161499241e-05,-9.383310072867431e-05,4.689431119480733e-05
2016-08,2016-07,2016-07,2016-07-29,0.48724499956316786,0.0,0.012692980294351197,0.012692987964911728,1.642532306076754,-0.15193726585169554,2.1915887227359055e-06,6.574766168207717e-09,1.09579436137479e-09,0.1423362737576569,0.012441366545418464,0.77728153071942,0.06794082897750461,0.46870809318790424,0.4248457390762467,0.10644616773584906,4.8826907446058097e-17,0.006223262602609619,0.0006561585915376536,0.0707421996820895,1.4872449995631678,0.0003280792957688268,0.0003329028483113397,0.0004951080964913757,1.1231320141677683e-08,0.005400063979029274,HYG_DynamicLambda,True,False,0,Optimization terminated successfully,2,-0.005400063979029274,0.08873501619119616,0.13,0.13,0.07437194017468106,False,-0.11429908552939917,0.0,0.04126498380880385,0.04126498380880385,0.04570091447060083,0.46870809318790424,KODEX200,0,0.006507015921771991,0.005738483375280392,0.006618796845738159,-0.011315340647291665,-6.750364542803897e-06,8.309957575458469e-05,-1.2069411597371728e-05,-1.990442198705026e-05
2016-09,2016-08,2016-08,2016-08-30,0.3562267423923956,0.1618575293056808,0.005234276643045323,0.005234283309647069,1.651129774561899,-0.14749827089050593,1.9047433558876945e-06,5.714230067663083e-09,9.52371677978514e-10,0.2163090666270231,0.013791107120228453,0.7237557021402661,0.046144124112482345,0.4675149357057398,0.43014782386896416,0.10233724042529606,7.892262219314466e-17,0.006276600454925831,0.0006350169172691714,0.07150910395549495,1.3562267423923955,0.0003175084586345857,0.00032894778410939374,0.00044612778165988004,1.006046017217088e-08,0.005512954154171193,HYG_DynamicLambda,True,False,0,Optimization terminated successfully,1,-0.005512954154171193,0.08729377416076164,0.13,0.13,0.07284578739713571,False,-0.11460660902632162,0.0,0.04270622583923836,0.04270622583923836,0.04539339097367838,0.4675149357057398,KODEX200,0,0.006541480377827142,0.0059352056882596765,0.006528964421157464,-0.009557453951003249,-1.228609669616924e-06,2.7919792873326196e-05,-0.00013921208709170117,-3.9321620790278085e-06
2016-10,2016-09,2016-09,2016-09-30,0.48321617038611436,0.0,0.00839268585550466,0.008392690197601558,1.664987188066467,-0.14034349168681548,1.2405991138831202e-06,3.7217973416493608e-09,6.202995568859865e-10,0.18753753383638364,0.010975148416136005,0.7571755782348393,0.04431173951264116,0.47165668761098334,0.42713584881320926,0.10120746357580747,2.852823836191307e-17,0.006280012871594577,0.0006363340885657756,0.07154214992774027,1.4832161703861144,0.0003181670442828878,0.00033046313070379324,0.0004901482591762862,8.266461744448468e-09,0.005471689301673658,HYG_DynamicLambda,True,False,0,Optimization terminated successfully,1,-0.0054716893016736575,0.0873842609557883,0.13,0.13,0.07268336180707356,False,-0.11614741383196188,2.220446049250313e-16,0.0426157390442117,0.0426157390442117,0.043852586168038124,0.47165668761098334,KODEX200,0,0.006679913451098334,0.005824482132818804,0.006131639606168856,-0.009047221298310431,-5.68618742492481e-06,5.6512718374074125e-05,-4.767155179977785e-06,-1.4789416092168115e-05
2016-11,2016-10,2016-10,2016-10-31,0.5107821693431976,0.0,0.004716724114447575,0.004716733035792114,1.6728404732866666,-0.13628872910391276,2.5489555824587082e-06,7.646866747376125e-09,1.274477791156085e-09,0.1799579039579007,0.01934168867002778,0.7229937859327219,0.07770662143934957,0.46238363780805436,0.43559281561518526,0.10202354657676037,7.896604653927464e-21,0.0063355589609255854,0.0006420761919481734,0.07217425037941799,1.5107821693431975,0.0003210380959740867,0.00031802266537493137,0.0004804629722954446,1.2070350601043261e-08,0.005534045822305453,HYG_DynamicLambda,True,False,0,Optimization terminated successfully,2,-0.005534045822305453,0.08777764124979709,0.13,0.13,0.07393456446792908,False,-0.1129859865907974,0.0,0.042222358750202915,0.042222358750202915,0.04701401340920261,0.46238363780805436,KODEX200,0,0.006300456528671587,0.006180541901634154,0.006755018434866833,-0.009015132407257816,-7.615475697041744e-06,9.934282562448886e-05,1.184642900583346e-05,-1.49340455943147e-05
2016-12,2016-11,2016-11,2016-11-29,0.4004020571807366,0.0,0.03615473488132191,0.0361547751049331,1.733321577097091,-0.10506147709065528,1.14924603379918e-05,3.44773810139754e-08,5.746230168995908e-09,0.1760777423366025,0.038570863687330176,0.6442292030389029,0.14112219093716452,0.4586686213649323,0.4466479696275473,0.09468340900752042,4.1498495037063546e-20,0.006363288626637435,0.000680971887257957,0.07227363219610147,1.4004020571807367,0.0003404859436289785,0.00031215891012385404,0.0004371479799047419,4.217125173236047e-08,0.005585612531851982,HYG_DynamicLambda,True,False,0,Optimization terminated successfully,2,-0.005585612531851982,0.0903972491124342,0.13,0.13,0.07608930498685583,False,-0.11302420408136371,0.0,0.039602750887565805,0.039602750887565805,0.04697579591863629,0.4586686213649323,KODEX200,0,0.00582174123841298,0.0066313688067647664,0.007126454532388872,-0.008012474009247861,-5.158725528459575e-06,0.00017592724300741122,-0.0002092998589557269,3.990320286806521e-06
2017-01,2016-12,2016-12,2016-12-29,0.30103582365777976,0.41849255039439087,-0.002931939932591829,-0.0026571391515834023,1.728239582349177,-0.10768538308318787,0.07851450885955047,0.0002355435265786514,3.925725442977524e-05,0.17291831397051793,0.06628417138015588,0.5499768253379953,0.21082068931133094,0.3795520880339693,0.44988244879153383,0.17056546317449692,1.3162593383055455e-18,0.006676746084330687,0.0006055537476632492,0.07648763052598875,1.3010358236577797,0.0003027768738316246,0.00024644603117750046,0.00032063511516021014,0.00027480289707350125,0.005778531198265351,HYG_DynamicLambda,True,False,0,Optimization terminated successfully,18,-0.005778531198265351,0.08524461843400433,0.13,0.13,0.079057332341817,False,-0.07647644445078543,0.0,0.04475538156599568,0.04475538156599568,0.08352355554921458,0.44988244879153383,HYG,0,0.005600077493990518,0.007189636360086389,0.00844215204016555,-0.007199360881898516,1.4704197803188185e-05,-9.630288168702858e-05,-0.000501050079726387,6.553981922674805e-05
2017-02,2017-01,2017-01,2017-01-31,0.531557756718656,0.0,0.009351794861234851,0.009742141853769419,1.7444017243943728,-0.09934063983410035,0.11152771215273376,0.0003345831364582013,5.57638560763669e-05,0.16277240147000727,0.10115176317432599,0.45396688683790837,0.28210894851775825,0.2831330410031977,0.434439492294221,0.28242746670258134,3.6643488566876324e-20,0.007469526911086808,0.0006713041313261051,0.08560649814508506,1.531557756718656,0.00033565206566305256,0.00023555978588610978,0.0003607734172448572,0.0003903493620395999,0.006382752066139298,HYG_DynamicLambda,True,False,0,Optimization terminated successfully,15,-0.006382752066139298,0.08975327055831037,0.13,0.13,0.0828084098229297,False,-0.08906044279076687,0.0,0.04024672944168964,0.04024672944168964,0.07093955720923313,0.434439492294221,HYG,0,0.0053323571335443885,0.00702176419385942,0.009719708530501374,-0.007918839813278141,-1.1509934178541956e-05,0.00039426150997992436,-1.3836600959696094e-05,-1.8300515244848565e-05
2017-03,2017-02,2017-02,2017-02-28,0.33014655170466567,0.8617850953206239,-0.009805099572217632,-0.009356173233978454,1.7272976917927378,-0.10817169454117681,0.12826466806833703,0.0003847940042050111,6.413233403416849e-05,0.1888567543678986,0.19356816958989673,0.30498332387119903,0.3125917521710057,0.15480775955534307,0.4322469842364981,0.41294525620815886,1.439506954858234e-18,0.007978171485911737,0.0009796959131219607,0.08985988235220908,1.3301465517046656,0.0004898479565609803,0.0003103140763096735,0.00041276319854873064,0.000448928748513461,0.0066266315822885655,HYG_DynamicLambda,True,False,0,Optimization terminated successfully,18,-0.0066266315822885655,0.10842670776825943,0.13,0.13,0.08420397790824008,False,-0.13254109011802576,0.0,0.02157329223174058,0.02157329223174058,0.027458909881974247,0.4322469842364981,HYG,0,0.004414153058420483,0.007139927496100839,0.011572838105967553,-0.006717641422829013,4.7399684765715524e-05,-0.0008019462664407996,-0.0005594769871259947,0.00010861638113868567
2017-04,2017-03,2017-03,2017-03-31,0.4066099171215336,0.0,0.028185002972939785,0.028185009964252626,1.7759815823710683,-0.08303551110046803,1.9975179543635377e-06,5.992553863090613e-09,9.987589771887082e-10,0.19537708927543984,0.18266980255821666,0.32142940615107785,0.30052370201526557,0.16227927898867867,0.4263441107094676,0.41137661030185374,1.317125180318189e-18,0.00828329225349153,0.0009609946712358389,0.09363353901448332,1.4066099171215336,0.00048049733561791945,0.0003060326295794881,0.0004304685317292888,1.0666836190281195e-08,0.00737231571930813,HYG_DynamicLambda,True,False,0,Optimization terminated successfully,2,-0.00737231571930813,0.10738685233691352,0.13,0.13,0.08366380403280421,False,-0.1323223503100822,0.0,0.02261314766308649,0.02261314766308649,0.027677649689917816,0.4263441107094676,HYG,0,0.004901437030979807,0.006792005670177398,0.011045556817538361,-0.007621117050883765,1.126805219339254e-05,0.0004730762744808958,-0.00037738316866905,-3.099663162710239e-06
2017-05,2017-04,2017-04,2017-04-28,0.43442706641744616,0.0,0.001819435274591538,0.001819454433545178,1.7792128659090591,-0.08136715356381641,5.480898960893988e-06,1.6442696882681966e-08,2.7162567573096885e-09,0.2597481308674576,0.22751763342771156,0.27332468052363973,0.23940955518119106,0.16184574870450347,0.4254831654797573,0.4126710858157393,2.900919574412218e-17,0.008526265248502404,0.000918320909333691,0.0968052575260267,1.434427066417446,0.0004591604546668455,0.0003045514679855604,0.0004368568687956542,2.24063923451285e-08,0.007630225518647559,HYG_DynamicLambda,True,False,0,Optimization terminated successfully,2,-0.007630225518647559,0.10497547766980768,0.13,0.13,0.08237426325419832,False,-0.13202441494197303,0.0,0.025024522330192325,0.025024522330192325,0.02797558505802697,0.4254831654797573,HYG,0,0.0048477035478062805,0.006863060311218324,0.011439925778810794,-0.006408907375140571,1.3075869749442368e-05,0.0004483415061038253,-0.00022351025044318586,-1.3768590795221256e-05
2017-06,2017-05,2017-05,2017-05-30,0.42116790728739356,0.8897872340425532,0.011371319699961526,0.011371326581519538,1.799444864221596,-0.0709210857801047,2.171447830337478e-06,6.5143434910124344e-09,3.672145200833337e-10,0.22418396968993795,0.19643900056255903,0.3087968362688091,0.27058019347869383,0.17103769493897197,0.4232020226706442,0.40576028239038375,5.571197162187595e-17,0.007834912340589424,0.0009053640191861732,0.08858676397195604,1.4211679072873935,0.0004526820095930866,0.00029568683022207026,0.00042022063371914244,1.0193489160037792e-08,0.006961999503788035,HYG_DynamicLambda,True,False,0,Optimization terminated successfully,2,-0.006961999503788033,0.10423228017382177,0.13,0.13,0.08239981108035997,False,-0.12967216402715592,0.0,0.02576771982617823,0.02576771982617823,0.03032783597284408,0.4232020226706442,HYG,0,0.0055950126066153915,0.006814807978102661,0.010936626462880602,-0.0074636477863988405,3.7831661074255644e-05,-0.0008248347338107255,-0.0002492451775087213,4.65545586057973e-05
2017-07,2017-06,2017-06,2017-06-30,0.4416161018510082,0.0,-0.0006604869846104067,-0.0006604852689460014,1.7982563543092538,-0.07153473031062285,4.901898300879251e-07,1.4705694902637755e-09,2.450949150855722e-10,0.2591456511520269,0.16736784605511185,0.3484450882945405,0.22504141449832074,0.17373490250331236,0.4282184695027115,0.3980466279939761,1.0918164832480199e-16,0.008054881474101064,0.0008433584639499845,0.09159842690551286,1.4416161018510083,0.0004216792319749923,0.00028741185636026065,0.0004143375599918409,6.882917769744229e-09,0.007218857799216461,HYG_DynamicLambda,True,False,0,Optimization terminated successfully,1,-0.007218857799216461,0.10059970957910273,0.13,0.13,0.08021072689899099,False,-0.1265712069133615,0.0,0.02940029042089727,0.02940029042089727,0.033428793086638514,0.4282184695027115,HYG,0,0.006109826335938648,0.0068545407480395965,0.010049992332848215,-0.007329526683276386,1.0485459032130717e-05,0.00031239064710337285,-0.00019547521805368827,-9.50393903637792e-06
2017-08,2017-07,2017-07,2017-07-31,0.41345914687663377,0.0,0.019133060906199394,0.0191330611764402,1.8326625026612129,-0.05377034775636513,8.73345222529862e-08,2.620035667589586e-10,8.237237669710647e-12,0.283922909954554,0.13514319182551549,0.3935905151316867,0.18734338308824391,0.17439153555516307,0.4233468780457056,0.4022615863991313,5.81278116330496e-17,0.007675507937464108,0.0008155603485597297,0.08721273315821092,1.4134591468766338,0.00040778017427986485,0.0002880364982262108,0.000407127823052153,6.509742156673999e-09,0.006860593430389934,HYG_DynamicLambda,True,False,0,Optimization terminated successfully,1,-0.006860593430389934,0.0989278736389131,0.13,0.13,0.07808387294934627,False,-0.12839938988321395,0.0,0.031072126361086902,0.031072126361086902,0.031600610116786054,0.4233468780457056,HYG,0,0.006394788051286276,0.006588777289441929,0.00934691051990648,-0.006792935694689771,1.4396272417757022e-05,0.00022915956209892068,-0.0002198939592403618,-3.952426615438941e-06
2017-09,2017-08,2017-08,2017-08-31,0.4331514402701819,0.0,0.008608348640191943,0.008608350543512987,1.8484387004239273,-0.04562487301616436,5.549061677379184e-07,1.6647185032137552e-09,2.3860253992034527e-10,0.21884011553375798,0.1560601798872169,0.36488872705897146,0.2602109775200538,0.16850083992793718,0.41675928469455353,0.41473987537750934,5.4036100708948105e-17,0.00815679618849431,0.0008996432356170292,0.09248369484822953,1.433151440270182,0.0004498216178085146,0.00029545465124644166,0.00042343125896836215,6.936041564623404e-09,0.007283536375675867,HYG_DynamicLambda,True,False,0,Optimization terminated successfully,1,-0.007283536375675867,0.10390244861120623,0.13,0.13,0.08058003945834008,False,-0.133309119913621,0.0,0.02609755138879377,0.02609755138879377,0.026690880086379015,0.41675928469455353,HYG,0,0.005932660614073194,0.006729026827425664,0.010418817262005109,-0.007945315594739799,8.972149900408816e-06,0.0002948213552466671,-0.0002235783090133134,-6.318174069539872e-06
2017-10,2017-09,2017-09,2017-09-29,0.5872611859309954,0.0,-0.010547550873507864,-0.010547540933057212,1.828942199194645,-0.05569119322043692,2.894829961588902e-06,8.684489884766707e-09,1.2559607675821145e-09,0.27089469370953795,0.25215227978981963,0.24702187484865995,0.22993115165198247,0.17392316536706895,0.4232351508703805,0.40284168376255053,5.772185728790573e-17,0.008591413068908909,0.000856777933928011,0.09795628922333885,1.5872611859309953,0.0004283889669640055,0.0002839214885701775,0.0004506575586591935,1.310754192018677e-08,0.00771235343574379,HYG_DynamicLambda,True,False,0,Optimization terminated successfully,2,-0.00771235343574379,0.10139691912053408,0.13,0.13,0.08147654692624452,False,-0.12861595961702657,0.0,0.02860308087946592,0.02860308087946592,0.03138404038297343,0.4232351508703805,HYG,0,0.00558190139543493,0.006855906961753994,0.0112443960566781,-0.005653647971323656,-4.9945489058661045e-05,0.0003366223292512065,0.00013761020582509197,-1.7536853931635333e-05
2017-11,2017-10,2017-10,2017-10-31,0.472244512477073,0.0,-0.02984456702627141,-0.029844565364485875,1.7743582111436043,-0.08387368069786805,5.017868311835404e-07,1.5053604935506213e-09,1.5642504377908165e-10,0.1751962901697445,0.1620184383923007,0.3443429687375353,0.3184423027004194,0.18402727734793317,0.41903818349191785,0.396934539160149,6.173096450529566e-17,0.008184994757742654,0.0008758497104078887,0.09296483883046452,1.472244512477073,0.00043792485520394435,0.0002774924037231734,0.00040853666863551456,6.800380179734638e-09,0.007338526433523016,HYG_DynamicLambda,True,False,0,Optimization terminated successfully,1,-0.007338526433523016,0.10251924953341526,0.13,0.13,0.08207916457315946,False,-0.1267431700667026,0.0,0.02748075046658474,0.02748075046658474,0.0332568299332974,0.41903818349191785,HYG,0,0.006489468453636649,0.0067660773158533735,0.010295138029191513,-0.007176664852197985,1.313543928464312e-06,0.0003180923214896413,-0.000162544753230136,5.460030476317537e-07
2017-12,2017-11,2017-11,2017-11-30,0.4916714850534179,0.0,-0.0018157282344622543,-0.0018157264868913223,1.7711364588415808,-0.08553711712215895,5.429863055850539e-07,1.6289589167551618e-09,1.186120151541445e-10,0.235156997807821,0.17623105993367935,0.33646143734759176,0.25215050491090796,0.18385637700322785,0.4182938974093189,0.3978497255874533,6.531448041206565e-17,0.007671405812763678,0.0008416309826139771,0.08700708385748027,1.4916714850534178,0.00042081549130698853,0.0002829232529757997,0.00042202854892255494,6.830918207417473e-09,0.006828554941615926,HYG_DynamicLambda,True,False,0,Optimization terminated successfully,1,-0.006828554941615926,0.10049662577105624,0.13,0.13,0.08088538186249808,False,-0.12712070671504352,0.0,0.029503374228943766,0.029503374228943766,0.03287929328495648,0.4182938974093189,HYG,0,0.006165011097839678,0.006277655805904026,0.00969579308739104,-0.005896253566106454,-4.84031234608351e-06,0.00021768219742424163,-8.950549632783893e-05,-1.8605944966143165e-06
2018-01,2017-12,2017-12,2017-12-28,0.38509646655602453,0.5717213114754098,0.015996815494955623,0.015996817465148742,1.7994690019900588,-0.07090862310777679,5.806745654035923e-07,1.742023696210777e-09,2.2816942374384983e-10,0.24943802412612012,0.13656598288772248,0.39676776543495806,0.21722822755119933,0.1857718769846186,0.41171178177530343,0.4025163412400779,6.635642877397618e-17,0.0071109463544946384,0.0008110171764503509,0.08046525319523355,1.3850964665560246,0.00040550858822517544,0.0002838110446134734,0.0003931056750636963,6.944503562696326e-09,0.006312325146702204,HYG_DynamicLambda,True,False,0,Optimization terminated successfully,1,-0.006312325146702204,0.0986519443163905,0.13,0.13,0.0785593524398832,False,-0.1292183465515252,0.0,0.0313480556836095,0.0313480556836095,0.030781653448474805,0.41171178177530343,HYG,0,0.006520906052521612,0.0060166380014433024,0.008941697793816544,-0.005876460095978267,2.7917132333526367e-05,-0.00016704518921427565,-0.00028114779159518397,1.4999124270011006e-05
2018-02,2018-01,2018-01,2018-01-30,0.47424202413230376,0.0,-0.01549512606352073,-0.015495124281397576,1.771586002956825,-0.08530501111725186,5.091780441446078e-07,1.5275341324338234e-09,2.5458902204458376e-10,0.3566635605528313,0.11678393565233602,0.3966693082691679,0.1298831955256647,0.18804226997547988,0.40632846078413853,0.40562926924038145,9.873765837931173e-17,0.007161347700771398,0.0007525730247649348,0.08142073426066716,1.4742420241323038,0.0003762865123824674,0.00028362162998217056,0.00041812692587261843,6.87198544137949e-09,0.00636692739053087,HYG_DynamicLambda,True,False,0,Optimization terminated successfully,1,-0.00636692739053087,0.09503092284714075,0.13,0.13,0.07526672511837303,False,-0.1306777124650585,0.0,0.034969077152859254,0.034969077152859254,0.02932228753494151,0.40632846078413853,HYG,0,0.006969316634835794,0.005841299896142897,0.008529642691945675,-0.004018426438299558,-2.1685010490849485e-06,0.00010544631179626659,-6.15725166218188e-05,-3.0384213401004254e-06
2018-03,2018-02,2018-02,2018-02-27,0.37430330122442457,0.858130081300813,-0.007393271319064603,-0.007393263024430301,1.7584881869719078,-0.0920675993442509,2.371600745537478e-06,7.1148022366124335e-09,1.1798320646296432e-09,0.22292679738282276,0.04651481478248612,0.6044390856792627,0.1261193021554283,0.17556941371336415,0.41609167972430455,0.40833890656233124,1.505855746963773e-16,0.006229108975406362,0.0007684160363638671,0.07013881148669314,1.3743033012244246,0.00038420801818193353,0.0002859398278863883,0.00039296804941580727,1.1986447269255041e-08,0.005451920921361352,HYG_DynamicLambda,True,False,0,Optimization terminated successfully,2,-0.005451920921361352,0.0960259987522463,0.13,0.13,0.07408221398145752,False,-0.13024089520727136,2.220446049250313e-16,0.03397400124775371,0.03397400124775371,0.02975910479272864,0.41609167972430455,HYG,0,0.006801576874252554,0.005860002512327949,0.006706037253613052,-0.006436412542419639,3.068210324055632e-05,-0.00017569729698624077,-0.0001811112070028783,1.8612245426274753e-05
2018-04,2018-03,2018-03,2018-03-30,0.49853419632149987,0.9963592233009708,0.0036235053631206316,0.0036235086876797913,1.7648600783483848,-0.08877770142112384,9.498740456415697e-07,2.849622136924709e-09,4.749370228208158e-10,0.2671238846447026,0.07469370745893074,0.5143569133468623,0.1438254945495044,0.18208033970981088,0.407674964516866,0.410244695773323,1.5688779613297426e-16,0.006465392089984261,0.0007776198929918769,0.07291898572185987,1.4985341963214998,0.0003888099464959384,0.0002849998988196109,0.00042708209432935435,7.580066499794282e-09,0.005649492469092468,HYG_DynamicLambda,True,False,0,Optimization terminated successfully,1,-0.005649492469092468,0.09659937223348049,0.13,0.13,0.07523798728624256,False,-0.13141348594873278,0.0,0.03340062776651952,0.03340062776651952,0.02858651405126722,0.410244695773323,GLD,0,0.00672020761399142,0.005630444153995519,0.007431638706087605,-0.005438470598296323,3.284052554245741e-05,-0.00026428372339338033,-1.5718242286029267e-06,1.972787739688072e-05
2018-05,2018-04,2018-04,2018-04-30,0.4331132598642545,0.9666398713826366,-0.0012125245117599616,-0.001212519307918882,1.7627201422435606,-0.08988258079381306,1.4868117370476285e-06,4.460435211142885e-09,7.43405868544662e-10,0.177181885158172,0.0653593042740968,0.5533409822068006,0.2041178283609306,0.18496834453801198,0.4119561630194093,0.4030754924425787,1.3830709147847838e-16,0.006408615172489963,0.0007951636484494507,0.07213240017918285,1.4331132598642544,0.00039758182422472535,0.00027780598702366967,0.000398127443673298,8.862301357325915e-09,0.005612897042290583,HYG_DynamicLambda,True,False,0,Optimization terminated successfully,1,-0.005612897042290582,0.09768297590365176,0.13,0.13,0.07668957008204003,False,-0.1285733260408339,0.0,0.03231702409634825,0.03231702409634825,0.031426673959166096,0.4119561630194093,HYG,0,0.006832742928850439,0.0058015421013439365,0.007294469820646734,-0.006045731565366192,4.219280535508318e-05,-0.0003150495308835804,-0.0001574066225481269,2.9624180043202812e-05
2018-06,2018-05,2018-05,2018-05-31,0.5101680690196747,0.0,0.004208068521561983,0.0042080692013942225,1.770137789386459,-0.0860527443311262,1.9423778283014295e-07,5.827133484904289e-10,9.711889142896071e-11,0.2686182397404547,0.11779539507660325,0.42653901025572666,0.18704735492721536,0.17906502772534613,0.417749651746397,0.40318532052825684,8.141760369038322e-17,0.006879362150681384,0.0007824513675425242,0.07785763760292147,1.5101680690196746,0.0003912256837712621,0.00027620485641001663,0.00041711575465857133,6.553245206755325e-09,0.006071014159006344,HYG_DynamicLambda,True,False,0,Optimization terminated successfully,1,-0.006071014159006344,0.0968990010810756,0.13,0.13,0.07683130845534562,False,-0.12827915932821615,0.0,0.0331009989189244,0.0331009989189244,0.03172084067178385,0.417749651746397,HYG,0,0.0061448305479368396,0.00582584138432954,0.008178555000126366,-0.004628079678755521,-1.194570060947841e-05,0.00013487762344179563,-1.583553035068615e-05,-1.0624192494645468e-05
2018-07,2018-06,2018-06,2018-06-29,0.434838676455717,0.7119521912350597,-0.0031747776968756043,-0.00317477696736613,1.7645179954123182,-0.08895432369454437,2.1301409773582209e-07,6.390422932074663e-10,9.046718091325862e-11,0.16087518202062076,0.10604822922593457,0.4418264741185684,0.2912501146348763,0.17186874615625353,0.42865980273800214,0.3994714511057444,9.349813061192638e-17,0.0068319386898033655,0.0008375413267636885,0.07695801631705826,1.434838676455717,0.00041877066338184425,0.00027234987713121745,0.0003907781372358332,6.566898972942843e-09,0.006022383322286716,HYG_DynamicLambda,True,False,0,Optimization terminated successfully,1,-0.006022383322286716,0.1002521616782614,0.13,0.13,0.07940585609088843,False,-0.12630430936520162,0.0,0.029747838321738607,0.029747838321738607,0.03369569063479838,0.42865980273800214,HYG,0,0.005776645189998889,0.006197991502530408,0.008466459097144823,-0.004875702457902271,2.530811998685066e-05,-0.00026957113492894575,-0.00022184303079375182,2.1609412466553916e-05
2018-08,2018-07,2018-07,2018-07-31,0.34898878792494603,0.5229249011857707,-0.005776563496796821,-0.00577656297222943,1.7543251451705784,-0.09421703689220506,1.5252314428120206e-07,4.575694328436062e-10,6.699795873639269e-11,0.18221769363463097,0.13817047262099297,0.3865227057509297,0.2930891279934464,0.1720427333747429,0.43667305467610773,0.3912842119491494,8.783508672935988e-17,0.006833582050826489,0.0008063450768253066,0.07716491414896604,1.348988787924946,0.0004031725384126533,0.00026516180761939197,0.0003577003054644713,6.5354796222726976e-09,0.006072702671469743,HYG_DynamicLambda,True,False,0,Optimization terminated successfully,1,-0.006072702671469743,0.09836737732553247,0.13,0.13,0.07926757226285715,False,-0.12286492332771459,0.0,0.031632622674467537,0.031632622674467537,0.03713507667228541,0.43667305467610773,HYG,0,0.005478001808673719,0.0062742295825941674,0.008692037881428132,-0.004803147465573351,3.7288671195178585e-05,-0.0001602598220709422,-0.0004757325677679863,2.7792395257854927e-05
2018-09,2018-08,2018-08,2018-08-31,0.31301966010178556,0.6403301886792453,0.00019433229246224322,0.00019433297856830188,1.7546660671977634,-0.09404101401251108,2.1004742788160112e-07,6.301422836448033e-10,5.5963775003100546e-11,0.15063634294889292,0.11682580090059831,0.41256987674573564,0.319967979404773,0.1735059545785973,0.4422904049726312,0.3842036404487714,9.312630064676572e-17,0.0065966132093376985,0.0007972811165821031,0.07437567181255976,1.3130196601017856,0.00039864055829105154,0.00025892426975025116,0.00033997265665957786,6.552424916980865e-09,0.0058579934419621515,HYG_DynamicLambda,True,False,0,Optimization terminated successfully,1,-0.0058579934419621515,0.09781295108003459,0.13,0.13,0.07929439020208276,False,-0.12000188081507726,0.0,0.03218704891996542,0.03218704891996542,0.03999811918492274,0.4422904049726312,HYG,0,0.005568474854919183,0.0063284296085186955,0.008293891551580803,-0.004904938133711567,4.233206229806433e-05,-0.00024879770497257536,-0.0006569468857818533,4.9212413451864524e-05
2018-10,2018-09,2018-09,2018-09-28,0.4256552940656051,0.0,0.007537698908184052,0.007537700278417817,1.7678922116967077,-0.0872121679529736,4.407013912133696e-07,1.3221041736401088e-09,4.812959186754963e-11,0.11519428456042721,0.08779420346506356,0.45229742731419603,0.3447140846603132,0.17480472859187077,0.4438032570316041,0.3813920143765251,9.670714213686691e-17,0.006806360758377779,0.0008093006268394807,0.07682052533949646,1.425655294065605,0.00040465031341974035,0.00025522072344036654,0.0003638567755280122,6.734935490754932e-09,0.006037846934494536,HYG_DynamicLambda,True,False,0,Optimization terminated successfully,1,-0.006037846934494536,0.09854748866446962,0.13,0.13,0.07970977235801842,False,-0.11890694147530698,0.0,0.031452511335530384,0.031452511335530384,0.04109305852469303,0.4438032570316041,HYG,0,0.005756779292967803,0.006348549983817611,0.00790168822580662,-0.005222778370496929,-2.6347674318695656e-06,0.00019998936338432233,-0.0003130500631629578,2.5065073100711243e-05
2018-11,2018-10,2018-10,2018-10-30,0.5858590272887585,0.5303975058456742,-0.010668820224422889,-0.010668816441788156,1.7490308875139582,-0.09695053723612412,1.0807527807549635e-06,3.242258342264891e-09,5.403763903843603e-10,0.22897617634820308,0.18529233825235095,0.32374788613331684,0.26198359926612913,0.15245807100330985,0.44447647926643535,0.40306544973025477,8.822084084474022e-17,0.007117807493937527,0.0008323046986291871,0.0804198617354752,1.5858590272887585,0.00041615234931459356,0.00026969166218185673,0.00042769295705560775,8.106520217513806e-09,0.006273954081047108,HYG_DynamicLambda,True,False,0,Optimization terminated successfully,1,-0.006273954081047108,0.09993826286037918,0.13,0.13,0.07926272298285048,False,-0.12670709569644217,0.0,0.03006173713962082,0.03006173713962082,0.03329290430355783,0.44447647926643535,HYG,0,0.004210717594932236,0.00621531118205295,0.009152786939150913,-0.003521307552741857,-6.8485861941214625e-06,-0.00010886369213523331,0.0001824747546729355,-5.538401406951129e-06
2018-12,2018-11,2018-11,2018-11-30,0.5961776678406475,0.0,-0.004105934980586992,-0.004105933898980131,1.7418494804107876,-0.10065839961448653,3.0903053177546684e-07,9.270915953264005e-10,1.5451526588770058e-10,0.11613070993440404,0.09043579707111214,0.44606454435869813,0.3473689486357857,0.1606017328405549,0.4395657617165846,0.3998325054428605,7.095115710609465e-17,0.006984955880111568,0.0008695384019811904,0.07860224014945166,1.5961776678406476,0.0004347692009905952,0.00026522570498194273,0.000423347347229469,6.630761388893089e-09,0.0061268327011301145,HYG_DynamicLambda,True,False,0,Optimization terminated successfully,1,-0.0061268327011301145,0.10214920863019099,0.13,0.13,0.08018467546007951,False,-0.12581093928172052,0.0,0.027850791369809016,0.027850791369809016,0.034189060718279485,0.4395657617165846,HYG,0,0.004928789122212809,0.006157266579287359,0.008222620093649526,-0.007354376376340474,-3.6478095058666436e-05,0.00024278756381841527,0.00024591993503974804,-2.4947806464816857e-05
2019-01,2018-12,2018-12,2018-12-28,0.5400060184645616,0.8554356206630687,0.04698452365174752,0.046984524445925296,1.8236894485209323,-0.05840326292017295,2.2690793655136394e-07,6.807238096540918e-10,1.134539682756965e-10,0.10187324202429324,0.056079855392154945,0.5430855697405771,0.2989613328429746,0.15675690033690953,0.4266599204528561,0.4165831792102344,5.931218317749538e-17,0.006297263344110149,0.0008722863321993184,0.07033344213612588,1.5400060184645616,0.0004361431660996592,0.0002748017022722465,0.00042319627538356624,6.576535929670994e-09,0.005437917326090994,HYG_DynamicLambda,True,False,0,Optimization terminated successfully,1,-0.005437917326090994,0.10231048815440097,0.13,0.13,0.078291107320341,False,-0.13185506778224604,0.0,0.027689511845599035,0.027689511845599035,0.028144932217753965,0.4266599204528561,HYG,0,0.005009457932038007,0.0057534612153127525,0.00750953537042413,-0.008914124635242451,4.892933907761084e-05,-0.0002494501181211785,6.634732332784756e-05,-2.951963715959838e-06
2019-02,2019-01,2019-01,2019-01-31,0.5207759342443048,0.3017638036809816,0.010721153268390156,0.010721156824813659,1.843241502612471,-0.04830825998492405,1.0493976201481386e-06,3.1481928604444156e-09,4.0823064134668344e-10,0.11926164815773856,0.03969952247533758,0.6309948307217833,0.21004399864514056,0.16283357921468608,0.42849898744928605,0.4086674333360278,1.2845134550139018e-17,0.006265916451515445,0.0008027387234596847,0.07037456507742723,1.5207759342443048,0.00040136936172984237,0.0002668577822445272,0.00040583089310328407,7.796447004385076e-09,0.005458708400235313,HYG_DynamicLambda,True,False,0,Optimization terminated successfully,1,-0.005458708400235313,0.09814715829567465,0.13,0.13,0.07678104712247553,False,-0.12891891637320474,0.0,0.031852841704325355,0.031852841704325355,0.031081083626795264,0.42849898744928605,HYG,0,0.0060026581209056025,0.005983687329639555,0.006635810419830957,-0.006792682144879374,-4.399155162539953e-06,6.630727899725977e-06,2.5726641463826664e-05,-1.8421257947887872e-08
2019-03,2019-02,2019-02,2019-02-28,0.5454815010856986,0.0,0.007274666309724318,0.007274677134765435,1.8566504694722117,-0.04138502014659351,3.262915250004696e-06,9.788745750014089e-09,1.0362953669352047e-09,0.08523859073444388,0.02110453840344939,0.7163044090386445,0.17735246182346234,0.16044460557497,0.4352342892355774,0.4043211051894527,1.3403326808360095e-17,0.006060268071815084,0.0007776594070999974,0.06805726041918102,1.5454815010856986,0.0003888297035499987,0.0002625832283788941,0.00040581752195494204,1.3553463038102584e-08,0.0052656072928471045,HYG_DynamicLambda,True,False,0,Optimization terminated successfully,2,-0.0052656072928471045,0.09660182651068233,0.13,0.13,0.07548477467255614,False,-0.12699329887501004,0.0,0.03339817348931767,0.03339817348931767,0.03300670112498996,0.4352342892355774,HYG,0,0.006143466064448387,0.00610191421283846,0.005856578015827276,-0.0065840024457280875,-5.152904343128201e-05,6.587226181827353e-05,7.538409560536603e-05,-9.966313471739257e-06
2019-04,2019-03,2019-03,2019-03-29,0.47066697804458835,0.7943181818181818,0.022031551844553507,0.022031555503156258,1.8975553605476034,-0.02026524451898748,1.1022011696670763e-06,3.306603509001229e-09,3.519992416017926e-10,0.1575479433760788,0.04517762653444211,0.619600905906315,0.1776735241831641,0.15549728389169692,0.442196593534948,0.4023061225733551,4.195072707735115e-17,0.006188365191636808,0.0007580859821761103,0.06971186640658504,1.4706669780445885,0.00037904299108805516,0.0002602577754651377,0.0003827525161559211,7.792810497906604e-09,0.005426561891582335,HYG_DynamicLambda,True,False,0,Optimization terminated successfully,1,-0.005426561891582335,0.09537836120480014,0.13,0.13,0.07511618522498772,False,-0.1258916706423938,0.0,0.03462163879519986,0.03462163879519986,0.034108329357606215,0.442196593534948,HYG,0,0.005715436788806648,0.006219019931155773,0.006487517175422998,-0.0052021941313011005,8.137815139475762e-05,-0.00010294560184115829,-6.835317547085241e-05,1.7752170987133024e-05
2019-05,2019-04,2019-04,2019-04-30,0.40474362160745986,0.8414909638554217,0.008670809550166232,0.008670812525335376,1.9140087016898086,-0.01177015104453294,9.071237461189169e-07,2.7213712383567505e-09,2.537979054417955e-10,0.1439851975267811,0.04926289425072246,0.6010943331552535,0.20565757506724294,0.15507230759039511,0.44660604391593534,0.3983216484936696,4.416563375094335e-17,0.0063510657859281155,0.0007581881704275275,0.07166366040857222,1.4047436216074598,0.00037909408521376374,0.00025611391828049855,0.00035977439310942456,7.383397115505577e-09,0.005612189924207811,HYG_DynamicLambda,True,False,0,Optimization terminated successfully,1,-0.005612189924207811,0.09538478938033218,0.13,0.13,0.07575213925420642,False,-0.12421796183227211,0.0,0.034615210619667824,0.034615210619667824,0.03578203816772789,0.44660604391593534,HYG,0,0.005725695982906815,0.006453869367450564,0.0067924368600364125,-0.004784026777554324,9.834252615372344e-05,-0.00012139851387332493,-0.00021534282407087305,3.96960703183503e-05
2019-06,2019-05,2019-05,2019-05-31,0.48880004151773937,0.3499251497005988,0.024810872984132516,0.024810875128602656,1.9614969284779589,0.0,7.02113508707617e-07,2.106340526122851e-09,3.812961572870689e-11,0.119543407136065,0.045109979014516015,0.606487256009475,0.22885935783994404,0.14252973364830304,0.444023522344029,0.413446744007668,6.57638988443959e-17,0.006543303449299081,0.00081554857308823,0.07362634995305958,1.4888000415177394,0.000407774286544115,0.00026589626393445264,0.00039586636878502485,7.108161193848933e-09,0.005739655685808746,HYG_DynamicLambda,True,False,0,Optimization terminated successfully,1,-0.005739655685808747,0.09892715945107673,0.13,0.13,0.07652664705514765,False,-0.12979815347240445,0.0,0.031072840548923272,0.031072840548923272,0.030201846527595555,0.444023522344029,HYG,0,0.005122637888694762,0.006472019736399461,0.007159260870420088,-0.006023212805198375,2.4569224167527007e-06,-6.35330400701339e-06,-4.3671958485040905e-05,6.228329011218114e-06
2019-07,2019-06,2019-06,2019-06-28,0.4507788192501322,0.0,0.016592076628957488,0.01659208083171694,1.99404223582273,0.0,1.3122199062909794e-06,3.936659718872939e-09,2.6609973277640415e-10,0.09570715297008163,0.03274587359518651,0.6493679575914587,0.22217901584327324,0.14811548066112268,0.43578216061972225,0.4161023587191551,6.863676985347066e-17,0.006558815104489796,0.0008080286599499635,0.07385760929417777,1.4507788192501323,0.00040401432997498176,0.0002647021269749713,0.00038402423922574746,8.142696743476191e-09,0.005770768392592323,HYG_DynamicLambda,True,False,0,Optimization terminated successfully,1,-0.005770768392592323,0.09847001533156965,0.13,0.13,0.07600172860708801,False,-0.1311924763985602,0.0,0.03152998466843035,0.03152998466843035,0.028807523601439816,0.43578216061972225,HYG,0,0.005669140103400281,0.006471413275150649,0.007026324586693353,-0.005690875470497778,-3.424436726902631e-05,6.743975055767978e-05,-0.00011772564630699154,1.0234127361677916e-05
2019-08,2019-07,2019-07,2019-07-30,0.4662836304946679,0.16185185185185186,0.059508148083279554,0.05950815521974323,2.112703996476383,0.0,2.22737207497553e-06,6.68211622492659e-09,4.5434744877509327e-10,0.121935627864152,0.022370297069575617,0.7230444235103902,0.13264965155588213,0.13807978225485198,0.43898721311080485,0.4229330046343432,6.602587131198734e-17,0.006266447043434524,0.0007768387556019742,0.07053633198760245,1.4662836304946678,0.0003884193778009871,0.0002692048896689784,0.00039473072297074613,1.034716766950918e-08,0.0054832865954951215,HYG_DynamicLambda,True,False,0,Optimization terminated successfully,1,-0.0054832865954951215,0.09655084187734299,0.13,0.13,0.07306239134084173,False,-0.13346821472934653,0.0,0.033449158122657016,0.033449158122657016,0.026531785270653474,0.43898721311080485,HYG,0,0.005486706755333369,0.006471713831690939,0.006339281401174325,-0.005327954409047529,-1.964378912433763e-05,2.103957124369187e-05,-4.674705517842598e-05,4.3075561422668895e-06
2019-09,2019-08,2019-08,2019-08-30,0.550380113879002,0.0,-0.021702012159246303,-0.021702008227980824,2.066854068655964,-0.021702012159246276,1.2548475773477303e-06,3.764542732043191e-09,1.6672274802398573e-10,0.08657107478584139,0.01391689274183162,0.7749357992784679,0.12457623319385913,0.12705496007275816,0.4262193621427775,0.44672567778446437,4.006705692828105e-18,0.006651017961587823,0.0008623725407797137,0.07463798029437559,1.5503801138790019,0.00043118627038985684,0.0002856822773233823,0.00044291612164983806,8.054768963646966e-09,0.005776907514779163,HYG_DynamicLambda,True,False,0,Optimization terminated successfully,1,-0.005776907514779163,0.1017274323344326,0.13,0.13,0.07302657979063922,False,-0.14271243413563525,0.0,0.028272567665567405,0.028272567665567405,0.01728756586436475,0.44672567778446437,GLD,0,0.005306235696154351,0.006659992020668497,0.006921636850295189,-0.005955784328389931,-4.38263504944503e-05,4.587119527350807e-05,7.199294342433595e-05,-5.9068044735894125e-06
2019-10,2019-09,2019-09,2019-09-30,0.5631946452322352,0.0,-0.006458362358541816,-0.006458356609189508,2.0535055761383574,-0.02802021505935426,1.7935554164766372e-06,5.380666249429912e-09,3.686860585994141e-10,0.10247103679795988,0.01546343613651306,0.766410082083159,0.11565544498236806,0.13766461205353137,0.4327025635430815,0.4296328244033872,4.1471187368788594e-18,0.006401347693139306,0.0008065992418426363,0.07197657686661586,1.5631946452322352,0.00040329962092131813,0.00027268646232413645,0.00042626201773241174,9.246896652162536e-09,0.005571776807588924,HYG_DynamicLambda,True,False,0,Optimization terminated successfully,2,-0.005571776807588924,0.09838287911070522,0.13,0.13,0.07246900565392708,False,-0.13619830043204456,0.0,0.03161712088929479,0.03161712088929479,0.023801699567955442,0.4327025635430815,HYG,0,0.005774412998522119,0.006526572147766637,0.006374529809582037,-0.005610850280921255,-3.223608931072266e-05,4.1857061726192445e-05,6.975661810400792e-05,-6.747004555329133e-06
2019-11,2019-10,2019-10,2019-10-31,0.4560889046068717,0.0,-0.0025381993156393876,-0.0025381918637843127,2.0482933696903416,-0.0304872934843059,2.282112051124609e-06,6.8463361533738275e-09,6.05518921337202e-10,0.10323935420701846,0.012893607164700227,0.7857361182823953,0.09813092034588598,0.14020326473641048,0.4253561329094641,0.4344406023541254,4.08951939607227e-18,0.006155359571176942,0.0007929138121106031,0.06910683198145967,1.4560889046068717,0.00039645690605530153,0.0002737625257937191,0.0003986225763053869,1.0576479164735038e-08,0.0053602695123370885,HYG_DynamicLambda,True,False,0,Optimization terminated successfully,2,-0.0053602695123370885,0.09754468588973587,0.13,0.13,0.07157865091100904,False,-0.1375446246508647,0.0,0.03245531411026413,0.03245531411026413,0.022455375349135304,0.4344406023541254,GLD,0,0.005881410886347394,0.0062544455657228895,0.006170487931644639,-0.0056712049409148885,-2.8506033975276586e-05,2.8384276855151412e-05,-4.2324535568962995e-05,2.0729136144045206e-06
2019-12,2019-11,2019-11,2019-11-29,0.4239375981554435,0.5989130434782609,0.018329932420624025,0.018329945044992746,2.085838448734378,-0.012716191092936868,3.850185069322798e-06,1.1550555207968395e-08,1.073813514553735e-09,0.09818300166070919,0.009279400003466056,0.8154667971548376,0.07707080118098719,0.14173159688389758,0.4330527635486229,0.4252156395674796,0.0,0.005947681344230824,0.0007548433847544961,0.06684311582224292,1.4239375981554434,0.00037742169237724805,0.0002656544959045658,0.00037827542483754255,1.5166724448449065e-08,0.005191969060291585,HYG_DynamicLambda,True,False,0,Optimization terminated successfully,2,-0.005191969060291586,0.0951741593976745,0.13,0.13,0.0705606828142679,False,-0.13379813836453772,0.0,0.034825840602325506,0.034825840602325506,0.026201861635462287,0.4330527635486229,HYG,0,0.005975941555647485,0.006303359833187502,0.005651348713183393,-0.00526644164320114,2.5108546274311435e-05,-2.2751093831447528e-05,-6.051964260276243e-05,8.0165861583242e-06
2020-01,2019-12,2019-12,2019-12-30,0.5980168260466474,0.0,0.03684341858550485,0.03684342579100307,2.162687867802839,0.0,2.1506683503536034e-06,6.452005051060811e-09,7.534931694419527e-10,0.12406755621506356,0.018492178288718537,0.7462171468738865,0.11122311862233134,0.148818469978451,0.4239172482043295,0.42726428181721954,3.30558976420514e-21,0.0063783163880341415,0.0007716148585484369,0.07191010750511907,1.5980168260466474,0.00038580742927421844,0.0002638131545787253,0.00042157785994924817,1.045874821431719e-08,0.00557092064006246,HYG_DynamicLambda,True,False,0,Optimization terminated successfully,2,-0.00557092064006246,0.0962256634301954,0.13,0.13,0.0718773517107617,False,-0.13502141948475166,0.0,0.03377433656980461,0.03377433656980461,0.024978580515248344,0.42726428181721954,GLD,0,0.006345501402044393,0.0062669732163284225,0.00637158238736749,-0.004589038066747025,-3.9084165901390675e-05,3.957951118850655e-05,0.00010297835577589783,-1.0993041672270023e-05
2020-02,2020-01,2020-01,2020-01-31,0.5788757089771175,0.0,-0.004444036986492075,-0.004444036161611291,2.1530768029280853,-0.004444036986492095,2.674192051133062e-07,8.022576153399186e-10,2.2623167728053063e-11,0.13286780064163697,0.043653644393280004,0.6198328166423137,0.20364573832276936,0.13766968535099153,0.42140668270488796,0.44092363194412054,2.7704544232707293e-21,0.007162345138220982,0.0008643109190206153,0.08076227614452809,1.5788757089771175,0.00043215545951030766,0.0002733116751028189,0.0004315251647996868,6.591329573903186e-09,0.006298657922581413,HYG_DynamicLambda,True,False,0,Optimization terminated successfully,1,-0.006298657922581413,0.10184169592189332,0.13,0.13,0.0747278418450338,False,-0.1400941785621589,0.0,0.028158304078106683,0.028158304078106683,0.019905821437841115,0.44092363194412054,GLD,0,0.005570651515002645,0.006572812714896414,0.008035047944263565,-0.005663985501572267,-5.082826087131825e-05,7.38228008964595e-05,0.0001330245355288027,-1.7859920054963964e-05
2020-03,2020-02,2020-02,2020-02-28,0.7079524053825045,0.3909155937052933,-0.0602108820000463,-0.06021088126901365,2.0234381496099454,-0.06438733959994092,2.0886647045248452e-07,6.265994113574536e-10,1.0443323522624227e-10,0.2151972350330237,0.07806028720458107,0.5186193552151384,0.18812312254725683,0.13239699749279105,0.4187627953430684,0.4488402071641406,2.5127347479385973e-21,0.007354175350178879,0.0008742875944079264,0.08300437863569898,1.7079524053825046,0.0004371437972039632,0.0002781916468802888,0.0004751380924465096,6.565933576932301e-09,0.006441886894594829,HYG_DynamicLambda,True,False,0,Optimization terminated successfully,1,-0.006441886894594829,0.10242778496528722,0.13,0.13,0.07508341186402914,False,-0.14308701026499449,0.0,0.027572215034712785,0.027572215034712785,0.016912989735005518,0.4488402071641406,GLD,0,0.0050417405314245505,0.006383751408344215,0.008598621166971871,-0.00531559802957395,-3.053480602446409e-06,3.005341044358056e-07,0.00034368126548665467,-3.313738321590191e-05
2020-04,2020-03,2020-03,2020-03-31,0.680975271328073,0.018874643874643875,0.0624416733927402,0.06244167390954688,2.1497850136783003,-0.005966119437127659,1.7141607046300628e-07,5.142482113890189e-10,2.5584692142665666e-12,0.13337728663135937,0.029685853764346442,0.6845714313173585,0.15236542828693564,0.12306654714858645,0.3985568373528627,0.4783766154985509,5.538883707329264e-21,0.006503297432264832,0.0009667030594108889,0.07223935083071266,1.680975271328073,0.00048335152970544447,0.0003203630045903766,0.000538522288564785,6.5425043313983e-09,0.005481417071490271,HYG_DynamicLambda,True,False,0,Optimization terminated successfully,1,-0.005481417071490271,0.1077053235124925,0.13,0.13,0.07973351169013011,False,-0.15471660755069605,0.0,0.022294676487507506,0.022294676487507506,0.005283392449303953,0.4783766154985509,GLD,0,0.004602116588749066,0.005663510574383647,0.0074213261254866825,-0.009751348614658128,-5.535484262462628e-05,4.509028233856609e-05,0.0002474042042216789,-7.691922361630328e-05
2020-05,2020-04,2020-04,2020-04-29,0.6424513917025403,0.6965933286018453,0.050054487102310134,0.05005449085149572,2.2573913999182005,0.0,1.114082416035779e-06,3.342247248107337e-09,4.0693833983085495e-10,0.02537292977887852,0.0026257207548109084,0.8808468092170597,0.09115454024925088,0.12491912717510796,0.39650593809319434,0.47857493473169777,0.0,0.006299876037771561,0.0009588141444458573,0.0698456275865836,1.6424513917025403,0.00047940707222292865,0.000317997804601275,0.0005222959367257166,7.890398314816885e-09,0.005298165138424601,HYG_DynamicLambda,True,False,0,Optimization terminated successfully,1,-0.005298165138424601,0.10726495109470888,0.13,0.13,0.07992095441440929,False,-0.15489212807167857,0.0,0.022735048905291128,0.022735048905291128,0.0051078719283214336,0.47857493473169777,GLD,0,0.0055427384136779384,0.006024355171160896,0.006541868503528364,-0.013902420685275372,4.040378974850985e-05,-3.0351437853916147e-05,0.0001985110682193429,-5.306327077493138e-05
2020-06,2020-05,2020-05,2020-05-29,0.5992547689362759,0.96004243281471,-0.004634115651065219,-0.004634105812192789,2.2469303871012594,-0.004634115651065307,2.908079691429922e-06,8.724239074289767e-09,1.1146333561140579e-09,0.026296368301077178,0.0008893691012170766,0.9409890840647644,0.031825178532941305,0.1261082795526693,0.3971564029188919,0.4767353175284388,1.8652022865125408e-21,0.006437224443608848,0.0009250526697894563,0.07169637730456943,1.599254768936276,0.00046252633489472816,0.0003145000286882954,0.000502965670710352,1.281232831851985e-08,0.005471719625675449,HYG_DynamicLambda,True,False,0,Optimization terminated successfully,2,-0.005471719625675449,0.10535953700293807,0.13,0.13,0.07972376845746823,False,-0.15420249556762397,0.0,0.024640462997061935,0.024640462997061935,0.005797504432376033,0.4767353175284388,GLD,0,0.0062523557221537945,0.006396237635880991,0.00636136374243045,-0.010042016838470346,9.316475599852073e-05,-1.6144449723306914e-05,0.0001477133052460108,0.00017088169720603488
2020-07,2020-06,2020-06,2020-06-30,0.625426528599919,0.0,0.07406850272629685,0.07406850961311287,2.4133571566040684,0.0,1.994190000478848e-06,5.982570001436545e-09,9.042460226149608e-10,0.0681965222585688,0.0025168897273281907,0.8962106579828519,0.03307593003125108,0.13399020936302952,0.38771900542075627,0.47829078521621426,6.149318861677959e-21,0.00640359274287749,0.0009067277124298087,0.07140274663995103,1.625426528599919,0.00045336385621490435,0.00031187968548696064,0.000506937514521905,1.0505059956393475e-08,0.005443280867080724,HYG_DynamicLambda,True,False,0,Optimization terminated successfully,2,-0.005443280867080724,0.10431074992136574,0.13,0.13,0.07931811370837816,False,-0.15524102966992057,0.0,0.025689250078634263,0.025689250078634263,0.004758970330079437,0.47829078521621426,GLD,0,0.00668974296466701,0.006019626761882969,0.0064835294726498325,-0.008988871564127478,-7.386290944797402e-05,1.1157387841799587e-05,0.00016280379359199962,-0.00013328577878703133
2020-08,2020-07,2020-07,2020-07-31,0.6414681865546076,0.22187281621243884,0.004451488489482936,0.004455736676084299,2.4241001882077025,0.0,0.0012138707446488761,3.6416122339466286e-06,6.065743674170121e-07,0.08243556656589648,0.006586846527159698,0.8435735552012883,0.06740403170565555,0.13301561007343127,0.37696602688660186,0.49001836303996676,0.0,0.00728418078139228,0.0009930555419485664,0.08145183612501597,1.6414681865546075,0.0004965277709742832,0.00031787621497934545,0.0005217836941509887,4.250455142550705e-06,0.006261618861124458,HYG_DynamicLambda,True,False,0,Optimization terminated successfully,16,-0.006261618861124457,0.10916348521086525,0.13,0.13,0.08177532340724568,False,-0.16000000000000061,0.0,0.020836514789134758,0.020836514789134758,-6.106226635438361e-16,0.49001836303996676,GLD,0,0.006954078412841938,0.006393515536214245,0.007756715704686674,-0.008790470959537508,-1.812497778707727e-05,9.837968451421624e-06,0.00029960273589663854,-5.75293274653716e-05
2020-09,2020-08,2020-08,2020-08-31,0.588735960815789,0.0,-0.03938087516630701,-0.03938086982414654,2.3286370013052733,-0.03938087516630717,1.526331563792005e-06,4.578994691376015e-09,7.631657818751859e-10,0.07159350187170747,0.005263154163832908,0.859926363351168,0.06321698061329163,0.13627577434416635,0.3733893372279632,0.4903348884278705,0.0,0.007182241951019132,0.0009760544551414213,0.08033057668138105,1.588735960815789,0.00048802722757071063,0.00031544188911056964,0.0005011538727776284,9.040814217911663e-09,0.006193051809856575,HYG_DynamicLambda,True,False,0,Optimization terminated successfully,1,-0.006193051809856575,0.10822501310555271,0.13,0.13,0.08103908806041216,False,-0.15936451171736335,0.0,0.02177498689444729,0.02177498689444729,0.0006354882826366537,0.4903348884278705,GLD,0,0.007190092523171605,0.00630182734674923,0.007657910474163613,-0.008358733237827275,-5.42291046142384e-05,2.1564849047246584e-05,0.00019123407551337914,-0.00011375430388586068
2020-10,2020-09,2020-09,2020-09-29,0.6261556468027473,0.7085932085932086,-0.026315675650901944,-0.026315672012690517,2.2673573452702347,-0.06466021647948395,1.039488978865634e-06,3.118466936596902e-09,5.19744489418937e-10,0.1852767229952708,0.017223144876406204,0.7296706542182274,0.06782947791009562,0.14308383396887966,0.378641917816865,0.47827424821425546,3.0380487526218542e-21,0.006967967092275158,0.0009391304512779878,0.07798082239963397,1.6261556468027472,0.0004695652256389939,0.00031358199021607066,0.0005099331241255071,7.779478654734511e-09,0.005988460963032002,HYG_DynamicLambda,True,False,0,Optimization terminated successfully,1,-0.005988460963032002,0.10615820936383513,0.13,0.13,0.08111830062147242,False,-0.15483535207733,0.0,0.023841790636164872,0.023841790636164872,0.00516464792266999,0.47827424821425546,GLD,0,0.006840626527906847,0.005958962551081834,0.007624072027965673,-0.008606431206292613,5.68923813720054e-05,-2.6523175418890165e-05,0.00018478122573554527,0.00011359960616680786
2020-11,2020-10,2020-10,2020-10-30,0.8517779157031556,0.0,-0.005882043075059161,-0.005882038149876086,2.2540206516988035,-0.0701619253759681,1.4071951642546946e-06,4.221585492764084e-09,7.035975821689813e-10,0.12144992357878019,0.011890467963765465,0.7893762872474307,0.07728332121002371,0.14311302484347277,0.3809567107134811,0.4759302644430461,0.0,0.006790787778847516,0.0009707271094857239,0.07566509068925585,1.8517779157031558,0.00048536355474286194,0.0003143699824553981,0.0005821433908708948,8.699203495238624e-09,0.005723272134030264,HYG_DynamicLambda,True,False,0,Optimization terminated successfully,1,-0.005723272134030265,0.10792926069342218,0.13,0.13,0.08297428843903436,False,-0.15388461518958854,0.0,0.022070739306577825,0.022070739306577825,0.006115384810411462,0.4759302644430461,GLD,0,0.0067343768762760416,0.0058154676079554424,0.007140881825488871,-0.00981964722298054,-4.954516297549053e-05,2.8863343277582193e-05,0.0004393551668079303,-0.00017572341723841352
2020-12,2020-11,2020-11,2020-11-30,0.7610439382780786,0.0,0.042542932865424335,0.0425429468011485,2.3499133009613056,-0.030603886591522467,3.9816354743260635e-06,1.1944906422978191e-08,1.9908177371630292e-09,0.2525684876002302,0.017714758208442087,0.6818900536406797,0.04782670055064793,0.16631307885827537,0.38662050321716257,0.44706641792456203,3.5272579531752604e-21,0.006627443782402662,0.0008373818073859822,0.07450503454451604,1.7610439382780787,0.0004186909036929911,0.0002911969344834698,0.0005128105963172733,1.665267023574646e-08,0.005695925629722162,HYG_DynamicLambda,True,False,0,Optimization terminated successfully,2,-0.005695925629722162,0.10024261413506626,0.13,0.13,0.0812287133881895,False,-0.1433385850428387,0.0,0.029757385864933747,0.029757385864933747,0.016661414957161308,0.44706641792456203,GLD,0,0.007591633975183207,0.005731213588028168,0.006916562251131014,-0.007412432793601954,-2.1400090943096812e-05,2.091079605598904e-05,0.00011712564717524581,-7.643153084785905e-05
2021-01,2020-12,2020-12,2020-12-30,0.6400460418967638,0.0,0.012499253094730182,0.012499261104850227,2.3792854620606936,-0.01848715922098232,2.2886057268745063e-06,6.865817180623519e-09,1.14430286343725e-09,0.3587984045695214,0.03371028527727789,0.5553174197439851,0.052173890409215586,0.18094359457835466,0.36925184129138106,0.4498045641302643,7.884152601319703e-21,0.007091979387280986,0.0008186525900921336,0.08019183710681904,1.6400460418967637,0.0004093262950460668,0.000289670866652849,0.00047507355830681024,1.1129486601731947e-08,0.006207568404441508,HYG_DynamicLambda,True,False,0,Optimization terminated successfully,2,-0.006207568404441508,0.09911524141677507,0.13,0.13,0.08044956598230915,False,-0.14525462552162516,0.0,0.03088475858322494,0.03088475858322494,0.014745374478374845,0.4498045641302643,GLD,0,0.008038175052563917,0.005602576015666687,0.007837734448196602,-0.006518044259222595,-1.1951474757661198e-05,2.3957345394141186e-05,8.143339184448133e-05,-5.1524781844172334e-05
2021-02,2021-01,2021-01,2021-01-29,0.8252983234486169,0.0,-0.017544565305101695,-0.01754455280305095,2.3375419328920906,-0.03570737535382562,3.5720144994644265e-06,1.071604349839328e-08,1.7860072497322134e-09,0.30064152932091903,0.033609410920709175,0.5988070379847911,0.06694202177358066,0.18531748818104282,0.3745190457105087,0.44016346610844853,8.677934955901394e-21,0.007158513970673665,0.0008198378161885409,0.08098314075095273,1.8252983234486169,0.00040991890809427046,0.0002821530340244431,0.0005150134599607565,1.5059465315828866e-08,0.006233566543153321,HYG_DynamicLambda,True,False,0,Optimization terminated successfully,2,-0.006233566543153321,0.0991869638322622,0.13,0.13,0.08181414939028678,False,-0.14153757644089288,0.0,0.030813036167737798,0.030813036167737798,0.018462423559107127,0.44016346610844853,GLD,0,0.00832213768252327,0.0058034213001459806,0.007605092090987434,-0.00600673718838203,-1.645718015328245e-05,3.085273613327597e-05,0.00019718965725094745,-7.849071112620972e-05
2021-03,2021-02,2021-02,2021-02-26,0.7102833465589655,0.0,0.0005731041640762236,0.0005731091167604646,2.3388815879075335,-0.03515473523525303,1.415052640271754e-06,4.245157920815262e-09,7.075263201428134e-10,0.30488975512104693,0.06021852984273134,0.5301769022989414,0.10471481273728026,0.1964723586378029,0.38397856441738526,0.41954907694481186,1.3495018593726865e-20,0.007121878238619158,0.0007893351659607618,0.08072652786766533,1.7102833465589655,0.0003946675829803809,0.00027049000619578685,0.00046261455300728566,8.643852375026463e-09,0.0062645874587791165,HYG_DynamicLambda,True,False,0,Optimization terminated successfully,2,-0.0062645874587791165,0.09732431346549093,0.13,0.13,0.08192915536516382,False,-0.1336503551076159,0.0,0.03267568653450907,0.03267568653450907,0.026349644892384116,0.41954907694481186,GLD,0,0.008070565152546354,0.005839482917432769,0.0077096814877971945,-0.005037881825134359,-1.696517807625974e-05,4.5052149650875325e-05,0.00010831480639699113,-5.544758266206383e-05
2021-04,2021-03,2021-03,2021-03-30,0.5073772249005957,0.0,0.012429731462778046,0.012429733361567816,2.3679532579684603,-0.023161967691094132,5.741940996978334e-07,1.7225822990935002e-09,1.7620747072566446e-10,0.3315665859326997,0.12749233920038447,0.39070798009730706,0.15023309476960886,0.19534860496708764,0.38770653129445387,0.4169448637384585,1.3578967445823818e-20,0.0072908026884304835,0.0007857507893806093,0.08277512752488214,1.5073772249005957,0.00039287539469030463,0.00026756538694774424,0.00040332197045674475,6.886697712450735e-09,0.006494598436585722,HYG_DynamicLambda,True,False,0,Optimization terminated successfully,1,-0.006494598436585722,0.09710308683336133,0.13,0.13,0.08203078443049229,False,-0.13250987937792671,0.0,0.032896913166638675,0.032896913166638675,0.02749012062207329,0.4169448637384585,GLD,0,0.007022225870790036,0.005859425376126738,0.008708438026399897,-0.00491807887113465,-1.0701069864080526e-05,6.54281788302391e-05,-1.6625283670566387e-05,-7.483637306233769e-06
2021-05,2021-04,2021-04,2021-04-30,0.5381549974723677,0.001004016064257028,0.02374189197498977,0.023741938288979938,2.4241729484209724,0.0,1.3976102136353814e-05,4.192830640906144e-08,4.385683758406638e-09,0.32464804181745743,0.32085410043526646,0.17829071015085565,0.17620714759642053,0.19488259936290941,0.38181273184261577,0.42330466879447487,0.0,0.007689614215969557,0.0008179531095584763,0.08736765193428384,1.5381549974723678,0.00040897655477923814,0.00026930373225759563,0.0004142308816099812,4.812401763179134e-08,0.006866358655562706,HYG_DynamicLambda,True,False,0,Optimization terminated successfully,2,-0.006866358655562706,0.0990728888985363,0.13,0.13,0.08384050687169396,False,-0.13511554810559945,0.0,0.030927111101463706,0.030927111101463706,0.024884451894400555,0.42330466879447487,GLD,0,0.005093576197409668,0.005659275119042113,0.010634225428290187,-0.004074607072851487,-1.8988465828109073e-05,9.836218446089906e-05,1.910840077712271e-06,-1.7796526932248727e-05
2021-06,2021-05,2021-05,2021-05-31,0.4671721247709336,0.7018654230512992,-0.00819864749292962,-0.008012284696301337,2.404298008954973,-0.008198647492929645,0.053875585016624705,0.00016162675504987413,2.4736041578408473e-05,0.28176433445537663,0.41510848669524425,0.12256243207018512,0.180564746779194,0.14318880092297354,0.36580333051381203,0.49100786856321443,2.4064206031494673e-18,0.008341650145589175,0.000985826005913521,0.09418484571158897,1.4671721247709337,0.0004929130029567605,0.00031436739563095494,0.0004612310798065729,0.00018636429683273594,0.007201141765993105,HYG_DynamicLambda,True,False,0,Optimization terminated successfully,10,-0.007201141765993105,0.10876539923598061,0.13,0.13,0.083948313832451,False,-0.16000000000106865,0.0,0.021234600764019396,0.021234600764019396,-1.0686451723529444e-12,0.49100786856321443,GLD,0,0.004393747685954372,0.0054524960386485855,0.011781886025243037,-0.00325585862329853,2.0328443418039427e-05,-0.00013172255255698923,-4.429975766626077e-05,3.0546914886130635e-05
2021-07,2021-06,2021-06,2021-06-29,0.39727495831189413,0.85842175066313,0.02029043014526884,0.02029047186452071,2.453082249754083,0.0,1.331723349018445e-05,3.9951700470553354e-08,1.767551396913852e-09,0.27124732806069657,0.4118584405404077,0.12583221734582145,0.19106201405307427,0.14824073960519393,0.3808748445112748,0.47088441588353125,2.465262344948813e-18,0.0080063730756529,0.0009253454356088751,0.09052440429418154,1.3972749583118942,0.00046267271780443754,0.0002986178243220308,0.00041725120803075413,4.362939581745958e-08,0.00712640552042189,HYG_DynamicLambda,True,False,0,Optimization terminated successfully,2,-0.00712640552042189,0.10537620807044872,0.13,0.13,0.08341914832114379,False,-0.1510584816719076,0.0,0.02462379192955129,0.02462379192955129,0.008941518328092396,0.47088441588353125,GLD,0,0.004705443141511128,0.005824676824365793,0.0110292783989265,-0.0018657163635984828,4.82322249330355e-05,-0.00013274277951006415,-0.00012687845529541078,9.91848549144123e-05
2021-08,2021-07,2021-07,2021-07-30,0.6433783273274076,0.0,0.007308989277914676,0.007373568012978198,2.471011801615378,0.0,0.01845117959578245,5.535353878734735e-05,9.225196276174711e-06,0.32176738016106393,0.4585265049961536,0.09059953220584846,0.129106582636934,0.12295368254070815,0.3808828562014218,0.4961634612578701,5.551115123125783e-17,0.008411990750681934,0.0009721713010046644,0.09511086120215523,1.6433783273274076,0.0004860856505023322,0.0003194148312593678,0.000524919411118586,6.458096344996443e-05,0.0073364047256110525,HYG_DynamicLambda,True,False,0,Optimization terminated successfully,13,-0.007336404725611051,0.10800951630322198,0.13,0.13,0.0827491048449156,False,-0.16000000000000492,0.0,0.02199048369677803,0.02199048369677803,-4.912736883966318e-15,0.4961634612578701,GLD,0,0.004137085418095554,0.005893663804901655,0.011304288233374957,-0.0007467167148895354,-4.223775915835358e-05,4.929328874067288e-05,7.289715055556333e-05,-7.96557046745206e-05
2021-09,2021-08,2021-08,2021-08-31,0.4018213787319458,0.8835301837270341,-0.004217336382061793,-0.004214241215100427,2.4605907136439216,-0.004217336382061676,0.0010317203391294934,3.09516101738848e-06,5.9439783772707644e-12,0.27519107890864664,0.473001752022915,0.09261661388361268,0.15919055518482567,0.1199091503550494,0.3835158217600373,0.49657502788491326,2.7755575615628914e-17,0.00837364723597092,0.0009634199084423142,0.09470324738099714,1.4018213787319458,0.0004817099542211571,0.00031869698324335104,0.0004467562444479062,3.098644780662368e-06,0.007442082392521194,HYG_DynamicLambda,True,False,0,Optimization terminated successfully,14,-0.007442082392521194,0.10752227165247101,0.13,0.13,0.0819079247596687,False,-0.16000000000085532,0.0,0.022477728347528994,0.022477728347528994,-8.553158181712206e-13,0.49657502788491326,GLD,0,0.00368292675076942,0.006027212249757899,0.011478143494588585,-0.0019293344729022566,4.2978797700936584e-05,-0.00010181031036978313,-9.136132515136094e-05,0.0001254154564509375
2021-10,2021-09,2021-09,2021-09-30,0.5434837308818355,0.0,-0.0012344960028627902,-0.0012155004925454562,2.457553124243247,-0.005446626100018004,0.005427288662095403,1.628186598628621e-05,2.7136443310477165e-06,0.2490381369633913,0.4434305769319381,0.11059996937426896,0.19693131673040168,0.10934683660989865,0.39265564876380177,0.49799751462629965,0.0,0.008395620795287367,0.0010072483154480792,0.09470395965075992,1.5434837308818357,0.0005036241577240396,0.0003210941142429576,0.0004956035414159186,1.899832005564369e-05,0.007377394776091764,HYG_DynamicLambda,True,False,0,Optimization terminated successfully,9,-0.007377394776091764,0.10994080127676417,0.13,0.13,0.0829716077664063,False,-0.16000000000005488,0.0,0.020059198723235833,0.020059198723235833,-5.487277299209836e-14,0.49799751462629965,GLD,0,0.003182815829044631,0.0062722537658166655,0.01115842056402227,-0.0007373894573154492,-1.4570886186646385e-05,5.0255048205393804e-05,1.957585062464199e-05,-0.00014162374505762222
2021-11,2021-10,2021-10,2021-10-29,0.5034546006095804,0.0,-0.002695474358142125,-0.002678109742257394,2.4509288528130773,-0.008127419217169196,0.0057875967546354296,1.736279026390629e-05,1.8256208245138273e-09,0.23958693282974688,0.4275632021745834,0.11953303171645199,0.21331683327921772,0.10746060997847018,0.39428872067529164,0.49825066934623824,1.2867608728266213e-19,0.008279782350567136,0.0010062513318466093,0.09331988021572597,1.5034546006095804,0.0005031256659233047,0.00032004446463485665,0.00048117232275490536,1.7366385071543367e-05,0.007278117976817382,HYG_DynamicLambda,True,False,0,Optimization terminated successfully,12,-0.007278117976817382,0.10988637760049838,0.13,0.13,0.0827990499561343,False,-0.16000000001089196,0.0,0.020113622399501624,0.020113622399501624,-1.089195400538756e-11,0.49825066934623824,GLD,0,0.003050028953655703,0.00607418975622843,0.011140064063135101,4.9439892236876476e-05,-9.052582281269153e-06,4.507367434279335e-05,-2.0679853328563877e-05,-4.963843446729346e-05
2021-12,2021-11,2021-11,2021-11-30,0.7409570219258977,0.0,0.02266016932106637,0.022719240412633943,2.5064673156117085,0.0,0.016961357572292675,5.088407271687803e-05,8.187018850696753e-06,0.19001561768171168,0.4490355554984322,0.10732460428537584,0.25362422253448025,0.08695779975033258,0.412056893411438,0.5009853068382295,0.0,0.008537860359220197,0.0010830575068299403,0.0959559792696627,1.7409570219258979,0.0005415287534149702,0.00032750640676876974,0.0005701745785898091,5.907259294985158e-05,0.007367084434265565,HYG_DynamicLambda,True,False,0,Optimization terminated successfully,8,-0.007367084434265565,0.1140030266350823,0.13,0.13,0.08482636659610343,False,-0.1599999999999524,0.0,0.015996973364917705,0.015996973364917705,4.7600812180803587e-14,0.5009853068382295,GLD,1,0.0022306725613038584,0.006056249254809557,0.011370934619771438,-0.0021489983320594572,-5.424353671334254e-05,5.3157648393300185e-05,0.00026848787668871216,-0.00036713718240566356
2022-01,2021-12,2021-12,2021-12-30,0.45947440200568523,0.0,-0.0038579221753301117,-0.003847293794680254,2.49679755977307,-0.0038579221753300974,0.003036680185673643,9.11004055702093e-06,1.5183400928368284e-06,0.15219498085738078,0.4232666979857632,0.11227959052214144,0.31225873063471454,0.08770764458664013,0.4114065104003116,0.5008858450130483,0.0,0.008680069598073787,0.0010807099690084388,0.0976765753628348,1.4594744020056853,0.0005403549845042194,0.0003252921490802564,0.0004747555647560515,1.0631260974887892e-05,0.007654327787838628,HYG_DynamicLambda,True,False,0,Optimization terminated successfully,7,-0.007654327787838628,0.1138794082707724,0.13,0.13,0.08472738634618057,False,-0.16000000000034464,0.0,0.0161205917292276,0.0161205917292276,-3.446409824192642e-13,0.5008858450130483,GLD,1,0.0031208146859129787,0.006337526747817644,0.011624766265774494,-0.0017213691931814556,-9.601759793494595e-06,6.060353744583266e-05,-9.527298049488861e-05,-2.7592278775312486e-05
2022-02,2022-01,2022-01,2022-01-28,0.6013959164657002,0.8255141388174807,0.022836294012064235,0.02285889601444052,2.553815162936653,0.0,0.007533623026909249,2.2600869080727747e-05,1.1332955562604052e-09,0.17021973081403446,0.4189012602951388,0.11871876124945764,0.2921602476413691,0.08115686241485719,0.4170897907484082,0.5017533468367346,0.0,0.00852228039207543,0.001082587873993126,0.09577183746094639,1.6013959164657003,0.000541293936996563,0.0003267613201083689,0.0005232742436804836,2.2603924162725276e-05,0.007435108287235657,HYG_DynamicLambda,True,False,0,Optimization terminated successfully,11,-0.007435108287235659,0.11397830709357598,0.13,0.13,0.0849393537019871,False,-0.1599999999999994,0.0,0.016021692906424023,0.016021692906424023,6.106226635438361e-16,0.5017533468367346,GLD,1,0.002290986790367136,0.006133706673038305,0.011483541430783544,0.00040230567404408134,2.1552897042710637e-05,-8.299594283496495e-05,9.767131274911286e-05,-4.556596087035297e-06
2022-03,2022-02,2022-02,2022-02-28,0.6071226894086899,0.41415759128763613,0.005986324433840391,0.0060378240946469385,2.569103129046052,0.0,0.017165739084509732,5.14972172535292e-05,2.443553018094872e-09,0.17564373557926424,0.4380952237797689,0.11054265181041725,0.2757183888305496,0.07880034973868048,0.4191350185989635,0.502064631662356,9.405082977848799e-19,0.008711242591479275,0.0010618172523826246,0.09816400758345555,1.6071226894086899,0.0005309086261913123,0.0003261251181462311,0.0005241230769588976,5.1501363415887214e-05,0.0076047095249131775,HYG_DynamicLambda,True,False,0,Optimization terminated successfully,21,-0.0076047095249131775,0.11287961298919967,0.13,0.13,0.08408924504344986,False,-0.16000000000000827,0.0,0.017120387010800334,0.017120387010800334,-8.271161533457416e-15,0.502064631662356,GLD,1,0.0020818759210162875,0.005871127983734085,0.01202790142928772,0.0022521694394884513,3.295888048620295e-06,-1.6116326196898292e-05,0.00010776700747693332,-1.1111786846282137e-05
2022-04,2022-03,2022-03,2022-03-31,0.4695138288913202,0.3217695735200509,-0.000977863049612441,-0.0009656716663389148,2.5665908980255145,-0.0009778630496123375,0.004062777734125425,1.2188333202376275e-05,3.0500711499525305e-09,0.1830138575401044,0.44923216988012954,0.106452346442006,0.26130162613776003,0.07896290007674184,0.4189939271583753,0.5020431727648829,3.0804470709270768e-18,0.008567153345771392,0.0010217205756737446,0.09667551669521424,1.46951382889132,0.0005108602878368723,0.0003242310605978463,0.00047646202730463477,1.2193046486828997e-05,0.0075676379841430556,HYG_DynamicLambda,True,False,0,Optimization terminated successfully,4,-0.0075676379841430556,0.11072780548753297,0.13,0.13,0.08257996079855003,False,-0.15999999999936929,0.0,0.019272194512467034,0.019272194512467034,6.307177002895514e-13,0.5020431727648829,GLD,1,0.0021249303676242857,0.005732198521920145,0.012021007094724484,0.00309373792651317,1.3446982971397199e-07,-2.1263371627191295e-06,-7.285812831748037e-05,2.160724661930557e-05
2022-05,2022-04,2022-04,2022-04-29,0.6377155193479903,0.0,-0.012261718349700631,-0.012260926045243134,2.5351200833150207,-0.01322759111801397,0.0002636632853340746,7.909898560022238e-07,1.3146014951600375e-09,0.12551307932761085,0.3515762237044147,0.13756781250949984,0.3853428844584746,0.0768225754043738,0.4183189137695593,0.5048585108260669,3.8052729983904475e-19,0.008874832923494506,0.0011428116904303293,0.0996411249393521,1.6377155193479904,0.0005714058452151647,0.00032526768010638534,0.0005326959276525449,7.94177676566355e-07,0.007769936972950231,HYG_DynamicLambda,True,False,0,Optimization terminated successfully,7,-0.007769936972950231,0.11710567998677071,0.13,0.13,0.08577510215106851,False,-0.16000000003858342,0.0,0.012894320013229293,0.012894320013229293,-3.858341424134437e-11,0.5048585108260669,GLD,1,0.002328980918514687,0.005859057432757799,0.012099161889302382,0.0014509151387721818,-1.5928572535647883e-05,8.354937444356125e-05,0.00020375729991791984,-0.00011335331026933301
2022-06,2022-05,2022-05,2022-05-31,0.4639325979169153,0.868785399622404,-0.01938732026077776,-0.019362782677681118,2.485970898360263,-0.032358463833508044,0.007010738027612103,2.103221408283631e-05,3.5053690138060476e-06,0.13257758464813105,0.43844667875584903,0.09959746139599293,0.329378275200027,0.07045770950590902,0.4238795298172871,0.5056627606768038,0.0,0.008425797614800598,0.0010729014744759223,0.09467216253075164,1.4639325979169153,0.0005364507372379612,0.00032759711586983874,0.00047958009690542174,2.4539341153704055e-05,0.007385227439503512,HYG_DynamicLambda,True,False,0,Optimization terminated successfully,14,-0.007385227439503512,0.11346725383876649,0.13,0.13,0.08338435219580033,False,-0.16000000031231587,0.0,0.016532746161233514,0.016532746161233514,-3.1231586761215624e-10,0.5056627606768038,GLD,1,0.0016069854962610624,0.005671975646135564,0.01186266145472732,0.0044514086688303735,2.391206295321738e-05,-0.00011861309814852252,-8.221791441034274e-05,9.47310626940122e-05
2022-07,2022-06,2022-06,2022-06-30,0.5121129463995405,0.0,0.033652868361184245,0.033811679940392365,2.5696309497525163,0.0,0.046746283972062055,0.00014023885191618616,1.8572727291939886e-05,0.09451506452293369,0.34414480372286416,0.12094814824120569,0.44039198351299647,0.026160687480622693,0.46444654514040173,0.5093927673789755,2.7755575615628914e-17,0.008673174949680255,0.0012406037024119936,0.0966344771816911,1.5121129463995406,0.0006203018512059968,0.00035272800315376817,0.0005333645801264709,0.00015881307932920951,0.007360695439018578,HYG_DynamicLambda,True,False,0,Optimization terminated successfully,9,-0.007360695439018578,0.12201329611539852,0.13,0.13,0.08724506749430423,False,-0.16000000033426473,0.0,0.007986703884601487,0.007986703884601487,-3.3426472700881504e-10,0.5093927673789755,GLD,1,0.0007873070217749676,0.005439988019204636,0.01195011153723153,0.0020767915428638096,-4.836864685561716e-06,0.00011867141738131147,-3.1990177281764366e-05,-1.7775013430286294e-05
2022-08,2022-07,2022-07,2022-07-29,0.4802980715205215,0.6426342072409488,-0.012703966002988162,-0.012638278999280234,2.536986445526634,-0.012703966002988176,0.018767715345122008,5.630314603536602e-05,9.383857672561019e-06,0.08497869142227482,0.32407789562344264,0.122764428022413,0.46817898493186955,0.007560164689373206,0.48180480151128346,0.5106350337993434,0.0,0.008932160634492278,0.001287799528471638,0.09945913044307751,1.4802980715205214,0.000643899764235819,0.00036309368286798925,0.0005374868785307683,6.568930571998123e-05,0.00768508468600571,HYG_DynamicLambda,True,False,0,Optimization terminated successfully,18,-0.00768508468600571,0.12431248666831364,0.13,0.13,0.08870505130261734,False,-0.1599999999999894,0.0,0.005687513331686364,0.005687513331686364,1.0602629885170245e-14,0.5106350337993434,GLD,1,0.0013386207596106704,0.006235531312886034,0.011850308137577072,0.0007214360196758488,3.4119945924909932e-06,-0.00017826769082272557,-9.319091815537845e-05,5.023445339562639e-05
2022-09,2022-08,2022-08,2022-08-30,0.49827735601106016,0.685208203853325,0.04755878803945941,0.04756001841539517,2.657642446148417,0.0,0.00040996702371847896,1.229901071155437e-06,4.748646058322654e-10,0.07887927916540304,0.2593595408692252,0.15432659341104318,0.5074345865543286,0.0075410298112775585,0.48182266932241613,0.5106363008663064,1.1669127686279165e-18,0.00866757994735074,0.0013220649480899106,0.0960785696796694,1.49827735601106,0.0006610324740449553,0.00036200757394412787,0.0005423877507449862,1.232738390273342e-06,0.0074629269841705245,HYG_DynamicLambda,True,False,0,Optimization terminated successfully,10,-0.0074629269841705245,0.12595546584836612,0.13,0.13,0.0891720424277504,False,-0.16000000002985748,0.0,0.004044534151633888,0.004044534151633888,-2.9857477601424876e-11,0.5106363008663064,GLD,1,0.0017579644758356982,0.006121085218436547,0.011446949544720985,-0.0005115540635691439,3.3675342494943123e-06,-0.00022224288691236326,-6.487247302099611e-05,3.998713503269546e-05
2022-10,2022-09,2022-09,2022-09-30,0.6576988693434476,0.2744430693069307,0.0023082151848638557,0.002338468455136373,2.6637768567985556,0.0,0.00900285213771145,2.700855641313435e-05,3.244713859382548e-06,0.09132192217554853,0.26332898430818996,0.16617614283993126,0.4791729506763303,0.0,0.4888661341369956,0.5111338658630044,2.134523027080837e-18,0.00929253314578227,0.001345558837559053,0.10343704472403292,1.6576988693434476,0.0006727794187795265,0.0003653228449630898,0.0006055952670406456,3.0254770808318288e-05,0.00798390368915378,HYG_DynamicLambda,True,False,0,Optimization terminated successfully,6,-0.00798390368915378,0.12706968974034932,0.13,0.13,0.08895209116901752,False,-0.16000000048830382,0.0,0.0029303102596506814,0.0029303102596506814,-4.883038140501839e-10,0.5111338658630044,GLD,1,0.0008510247094637899,0.006461900650067173,0.011706727469794514,-6.777212105349775e-05,-5.893920747242033e-08,2.815336568784716e-05,0.0002661937891542442,-5.345049944056927e-05
2022-11,2022-10,2022-10,2022-10-31,0.6218372257529738,0.0,-0.049980909252190904,-0.0499809059970515,2.5306388674508207,-0.0499809092521909,1.0850464667033162e-06,3.2551394001099486e-09,1.1099120599080837e-19,0.06253677911134621,0.17558453052906844,0.20008893551193788,0.5617897548476475,5.545250800271454e-17,0.5004771831216468,0.4995228168783532,5.771674817947286e-17,0.009278077257309643,0.0013676389545552795,0.10313109336038404,1.6218372257529738,0.0006838194772776397,0.00035550092060102366,0.0005765646268201924,7.92672932457646e-09,0.008017685226482486,HYG_DynamicLambda,True,False,0,Optimization terminated successfully,1,-0.008017685226482486,0.12810803040661953,0.13,0.13,0.08980070819784607,False,-0.15548284015551203,0.0,0.001891969593380477,0.001891969593380477,0.004517159844487972,0.5004771831216468,HYG,1,0.002016003982637487,0.006845169511721826,0.011366467539801448,-0.0011524085776574242,-5.186051103242225e-07,0.00016172246158603808,0.00018713422785575321,-4.750963177893833e-05
2022-12,2022-11,2022-11,2022-11-29,0.4375216801643149,0.5346200980392157,-0.00313310019037653,-0.0031190247048472237,2.5227101223334363,-0.052957414246274204,0.004021567294087479,1.2064701882262438e-05,2.0107836470437666e-06,0.050399070352980246,0.12800064530350122,0.23210737965743594,0.5894929046860826,0.004021567294087488,0.48571737550062144,0.5102610572052911,0.0,0.008352157802840347,0.0014083333372246782,0.0917758936107361,1.437521680164315,0.0007041666686123391,0.0003708516002708296,0.0005331072155129479,1.4077573800507003e-05,0.007100806344914553,HYG_DynamicLambda,True,False,0,Optimization terminated successfully,7,-0.007100806344914552,0.13000000017960053,0.13,0.13,0.08981267850933729,False,-0.15976396594158718,0.0,-1.7960052889343103e-10,-1.7960052889343103e-10,0.0002360340584128262,0.5102610572052911,GLD,1,0.0033644649039399396,0.005996117837188723,0.010851776680129932,-0.003394621872395198,2.3863614268841857e-07,-5.0143876670061975e-05,-0.0001698649855869013,5.983547795177488e-05
2023-01,2022-12,2022-12,2022-12-29,0.6167168777789659,0.0,0.009611101897117025,0.00964069437986633,2.5469561463760715,-0.04385529145368594,0.009054596905721926,2.716379071716578e-05,2.428692032138163e-06,0.05301434543052994,0.1069459519857243,0.2784075529207476,0.5616321496629981,0.008535670932549902,0.480893916961404,0.5105704121060461,4.573369937422995e-19,0.008258365430369084,0.0014083333333333333,0.09065038516442901,1.6167168777789658,0.0007041666666666666,0.00036592321577691184,0.0005915942389176877,2.9593983216696935e-05,0.006933010541568033,HYG_DynamicLambda,True,False,0,Optimization terminated successfully,3,-0.006933010541568033,0.13,0.13,0.13,0.0906062871956157,False,-0.15999999999999978,0.0,0.0,0.0,2.220446049250313e-16,0.5105704121060461,GLD,1,0.002880313971794173,0.005703259416649616,0.010527255326045794,-0.0040928947018303834,-2.6096426607001605e-07,8.170963321132794e-05,0.00015065645746752696,-5.2307523451262234e-05
2023-02,2023-01,2023-01,2023-01-31,0.5376730846700692,0.0,0.0348529401224786,0.03486869284538226,2.6357250564402954,-0.010530837178296504,0.004501009982391616,1.350302994717485e-05,2.2496929564804067e-06,0.02621245636803399,0.04442995153852485,0.3448459084983804,0.5845116835950608,0.013749577900881717,0.4760263947656145,0.5102240273335038,2.7755575615628914e-17,0.0080485416301106,0.0013962907452552693,0.08820475508979558,1.5376730846700692,0.0006981453726276346,0.0003601672308660126,0.0005538194568828186,1.5754648062979347e-05,0.006780822152537168,HYG_DynamicLambda,True,False,0,Optimization terminated successfully,19,-0.006780822152537167,0.12944299495555267,0.13,0.13,0.09025193118217481,False,-0.16000000000000422,0.0,0.000557005044447334,0.000557005044447334,-4.218847493575595e-15,0.5102240273335038,GLD,1,0.004566711473226506,0.005705688740372026,0.010246771144576249,-0.00550727089608524,-1.88501811104342e-07,7.222980804979522e-05,1.4039500278635984e-05,-1.67976790885634e-05
2023-03,2023-02,2023-02,2023-02-28,0.5878951931545019,0.0,0.0348479050622411,0.034847906789866774,2.7275745529772966,0.0,5.312241040979316e-07,1.5936723122937949e-09,1.339533605426813e-10,0.05028266978831083,0.053284325723286945,0.4352259571630234,0.4612070473253788,0.013099900890386573,0.48396434000785316,0.5029357591017602,2.78869764207607e-17,0.007861346042301046,0.0013055474488004074,0.08650286781481012,1.5878951931545018,0.0006527737244002037,0.00035409970067478493,0.0005622732125989388,6.820174391571004e-09,0.006646292285127513,HYG_DynamicLambda,True,False,0,Optimization terminated successfully,1,-0.006646292285127513,0.12516616709640385,0.13,0.13,0.08819727279732176,False,-0.1560040318894849,0.0,0.0048338329035961525,0.0048338329035961525,0.0039959681105151135,0.5029357591017602,GLD,1,0.005079076992000266,0.006085212125662065,0.00948513904558793,-0.004375434863369378,-2.8527703989204383e-07,7.766228969681958e-05,8.308679265086154e-05,-3.4974755974437476e-05
2023-04,2023-03,2023-03,2023-03-31,0.37722888004527577,0.7033132530120482,0.031083471927616516,0.03109550368637016,2.8123570400252476,0.0,0.0034376453581833094,1.0312936074549929e-05,1.7188226790916385e-06,0.041085948182208426,0.03528369906292071,0.49690197849148576,0.4267283742633851,0.016435382590735972,0.47070337508883614,0.512861242320428,7.570620429730575e-19,0.007650337373536159,0.0012742206366730114,0.08415872466239584,1.3772288800452759,0.0006371103183365057,0.00035630809185756046,0.0004907177943000573,1.2034154232508674e-05,0.006510475106667087,HYG_DynamicLambda,True,False,0,Optimization terminated successfully,9,-0.006510475106667087,0.12365535831526321,0.13,0.13,0.08635051245851665,False,-0.1600000000003053,0.0,0.006344641684736793,0.006344641684736793,-3.052835761963024e-13,0.512861242320428,GLD,1,0.005774102831123198,0.006082945088259,0.009447283515003367,-0.004381902911886674,3.6693242432434826e-07,-8.846201567906125e-05,-0.00021709033815236036,6.326835685437705e-05
2023-05,2023-04,2023-04,2023-04-28,0.40061039986881364,0.49009603841536614,-0.024253212812081554,-0.024243059422335546,2.7441483462299594,-0.024253212812081593,0.0029009684988598127,8.702905496579438e-06,1.4504842494298943e-06,0.05266074125770027,0.031106378208904606,0.575995724346257,0.34023715618713807,0.019027249568243955,0.46830842556614427,0.5126643248656118,3.0812796546983633e-18,0.007500962784657408,0.0012249573383046634,0.08266180938606091,1.4006103998688135,0.0006124786691523317,0.0003526317491801647,0.0004938996952256696,1.0156033448748681e-05,0.006384428386830658,HYG_DynamicLambda,True,False,0,Optimization terminated successfully,7,-0.006384428386830658,0.12124144530504394,0.13,0.13,0.08478628391819865,False,-0.1600000000000911,0.0,0.008758554694956067,0.008758554694956067,-9.10937991704941e-14,0.5126643248656118,GLD,1,0.006439397526067572,0.006157550846447106,0.00892010765844944,-0.004329174198914873,2.0251891556750765e-07,-2.7168223604394306e-05,-0.00012775590968691966,3.468411166225862e-05
2023-06,2023-05,2023-05,2023-05-30,0.48256679684004794,0.0,-0.008526546660562162,-0.008526535574033498,2.720750237312325,-0.032572963321933046,3.167579618159127e-06,9.502738854477381e-09,1.583789809050942e-09,0.07644035565420625,0.03292688276325585,0.6224924944414346,0.26814026714110334,0.0202212946118048,0.4694855064078969,0.5102931989802983,2.8495757921230235e-18,0.0070843230671384545,0.001186526824788895,0.07789271585692809,1.482566796840048,0.0005932634123944475,0.0003515449485648714,0.0005211888683391209,1.3762809408679491e-08,0.005969857023595477,HYG_DynamicLambda,True,False,0,Optimization terminated successfully,2,-0.005969857023595477,0.11932443964866016,0.13,0.13,0.08366097886131571,False,-0.15910493978524406,0.0,0.010675560351339847,0.010675560351339847,0.0008950602147559383,0.5102931989802983,GLD,1,0.007016702336445486,0.00591003213320835,0.008168368198126755,-0.004516375479669538,-4.338054395882703e-07,4.003083986869077e-05,-3.779402172335175e-05,-9.89237127226685e-06
2023-07,2023-06,2023-06,2023-06-30,0.3775615378882312,0.8552318668252081,-0.0172404340739733,-0.0172404077044785,2.6738433222141946,-0.04925182536916062,7.534141370531623e-06,2.260242411159487e-08,3.767070685278826e-09,0.13852784076604552,0.03848117792398295,0.6440754513782393,0.17891552993173226,0.020192314682743306,0.4794067091601083,0.5004009761571484,2.9904146518084236e-18,0.006632658138709926,0.001090264225191978,0.07305031231336724,1.3775615378882313,0.000545132112595989,0.0003439736778888815,0.0004738449087056787,2.856260534963881e-08,0.005613652554802909,HYG_DynamicLambda,True,False,0,Optimization terminated successfully,2,-0.005613652554802909,0.11438168866695288,0.13,0.13,0.0810806265439733,False,-0.15521321063945018,0.0,0.015618311333047127,0.015618311333047127,0.004786789360549826,0.5004009761571484,GLD,1,0.007203039663119986,0.0058565629453595286,0.007492046224487866,-0.0033696135709072443,1.0650329888527697e-06,-5.022276135559768e-05,-9.079737353008804e-05,3.784056832995946e-05
2023-08,2023-07,2023-07,2023-07-31,0.5029812755041099,0.0,0.03221072769223569,0.03255589303178154,2.759969761357739,-0.018627534812236446,0.09861866844167222,0.0002958560053250167,4.9309334220836084e-05,0.08987831151480094,0.017284464658415336,0.7488300042302393,0.14400721959654456,0.11970068008614876,0.47799449198557203,0.4023048279282793,1.6775033618011385e-18,0.0064107377356818354,0.0007840024862321054,0.07222483791078939,1.5029812755041099,0.0003920012431160527,0.0002492263070898496,0.00037458247291908116,0.000345166956160938,0.005298987063485763,HYG_DynamicLambda,True,False,0,Optimization terminated successfully,19,-0.005298987063485763,0.09699499901946113,0.13,0.13,0.08110316080210055,False,-0.11936941531483239,0.0,0.03300500098053888,0.03300500098053888,0.040630584685167614,0.47799449198557203,HYG,0,0.00801262056721762,0.005713908857099276,0.006742063009319623,-0.0033675143575198786,-9.417753948309204e-07,2.5150295909652096e-05,-9.616656888379958e-06,-2.051461250184346e-05
2023-09,2023-08,2023-08,2023-08-31,0.45236922613358976,0.0,-0.02038495618416777,-0.020384944379683287,2.7037078987028336,-0.038632769515437704,3.3727098519296027e-06,1.011812955578881e-08,1.6863549260068744e-09,0.10263989172638677,0.018249632402156785,0.7463988687972158,0.13271160707424062,0.11268264724385585,0.4835699093063889,0.40374744344975527,2.544544451317995e-21,0.006538635619388515,0.0007833085141393571,0.07376377634782603,1.4523692261335897,0.00039165425706967855,0.0002504863369355821,0.00036379864733216896,1.4528190500641248e-08,0.005783168186796167,HYG_DynamicLambda,True,False,0,Optimization terminated successfully,2,-0.005783168186796167,0.09695206119352123,0.13,0.13,0.08053669004831242,False,-0.1197303702535331,0.0,0.03304793880647877,0.03304793880647877,0.0402696297464669,0.4835699093063889,HYG,0,0.007792005255845835,0.00594923704732976,0.006898868905644664,-0.0026601229685810036,-1.4659447148342682e-06,2.5731853406673682e-05,-3.452362772779018e-05,-1.1954754388157873e-05
2023-10,2023-09,2023-09,2023-09-27,0.6084658742577376,0.0,0.0224735369298035,0.02247354015197356,2.764469778011733,-0.017027447558040087,9.206200161510095e-07,2.7618600484530286e-09,4.603100081101999e-10,0.11033505268143298,0.03545806638587964,0.646456854833018,0.20775002609966944,0.11157604568593671,0.4923730020343324,0.39605095227973086,6.291997248100997e-23,0.006644180169809975,0.0008015258628017185,0.07492100686090938,1.6084658742577376,0.00040076293140085925,0.0002487071097128181,0.00040003689865834304,7.523275807092514e-09,0.005843372816474965,HYG_DynamicLambda,True,False,0,Optimization terminated successfully,1,-0.005843372816474965,0.09807298483079131,0.13,0.13,0.08252522510651897,False,-0.11660425323083042,0.0,0.03192701516920869,0.03192701516920869,0.04339574676916959,0.4923730020343324,HYG,0,0.006817713269078759,0.005924342999649104,0.007376694892126185,-0.002019098414081746,-1.8845072564290076e-06,3.8496150132300626e-05,6.61755736558246e-05,-2.318934505739669e-05
2023-11,2023-10,2023-10,2023-10-31,0.5894433886377621,0.0,0.006351680228997218,0.006351681927097942,2.7820288060443903,-0.010783920231047572,4.930730427774037e-07,1.4792191283322112e-09,2.1888159620897474e-10,0.14554427620080035,0.053096835103267535,0.5871553912814758,0.2142034974144563,0.10399941799858821,0.47807769482940043,0.4179228871720113,9.755157385026014e-22,0.006841025681811896,0.0008324031553404763,0.0770978892496999,1.5894433886377621,0.00041620157767023814,0.0002583841359769306,0.00041068695665741285,6.857964880934086e-09,0.0060141302895193646,HYG_DynamicLambda,True,False,0,Optimization terminated successfully,1,-0.0060141302895193646,0.0999441737375707,0.13,0.13,0.08218114338630583,False,-0.12513711823034043,0.0,0.030055826262429308,0.030055826262429308,0.03486288176965957,0.47807769482940043,HYG,0,0.006131881085980392,0.005823124446460195,0.008080787372981051,-0.0018388911257676533,-2.6025605709695704e-06,3.820904159304602e-05,5.806212348893887e-05,-2.3966063419519264e-05
2023-12,2023-11,2023-11,2023-11-30,0.4362257402263333,0.0,0.024989248950876262,0.0249892523036736,2.8515496164671426,0.0,9.579420970975984e-07,2.8738262912927952e-09,4.78971048545328e-10,0.17338132159051992,0.05687157976344525,0.5796225301350346,0.19012456851100024,0.11314073298537748,0.47740372377742013,0.4094555432372024,3.2028991724544228e-21,0.006733840895053666,0.0007809155947508344,0.076120597172139,1.4362257402263334,0.0003904577973754172,0.00025091046132509425,0.0003603640630471643,7.732307111086897e-09,0.005983011302323974,HYG_DynamicLambda,True,False,0,Optimization terminated successfully,1,-0.005983011302323974,0.09680385910184579,0.13,0.13,0.0808380571334241,False,-0.1220322442554554,0.0,0.03319614089815422,0.03319614089815422,0.0379677557445446,0.47740372377742013,HYG,0,0.006610043289398123,0.0057876333032692365,0.007897274585538709,-0.00207670223136339,-1.3237655593631523e-06,3.316122144838447e-05,-6.429590064553166e-05,-7.726682921899715e-06
2024-01,2023-12,2023-12,2023-12-28,0.5317685063260642,0.0,0.02065151776441934,0.020651521648529868,2.910438444027737,0.0,1.10974586408491e-06,3.3292375922547304e-09,5.548729320459245e-10,0.15691870679874861,0.047348764379341,0.6112834249148211,0.18444910390708924,0.11758870802859772,0.47834880911350847,0.40406248285789376,2.966480461824447e-21,0.0068166181376995635,0.0007749002403012802,0.07715001621058708,1.5317685063260642,0.0003874501201506401,0.000246345938915618,0.0003773449508922681,7.962831118468687e-09,0.006051815103825537,HYG_DynamicLambda,True,False,0,Optimization terminated successfully,1,-0.006051815103825537,0.09643030065086058,0.13,0.13,0.08124146471691908,False,-0.11892553381648195,0.0,0.03356969934913942,0.03356969934913942,0.04107446618351805,0.47834880911350847,HYG,0,0.007129278238431519,0.005910786359246906,0.007750412532963935,-0.002568924031624009,-8.41067965201451e-07,3.398616734275948e-05,7.594446167033567e-06,-2.1151828127773165e-05
2024-02,2024-01,2024-01,2024-01-30,0.45121329645195213,0.5495365005793743,0.010067780556155039,0.010067783274515074,2.9397400996044056,0.0,8.656913203785966e-07,2.59707396113579e-09,1.2128607544683135e-10,0.23238226272121013,0.09274030099527865,0.48237053716090006,0.19250689912261115,0.10848399367033058,0.4869625448974319,0.4045534614322375,2.7723442012135725e-17,0.0069478507486770286,0.0007590332298105865,0.07882000960526082,1.4512132964519522,0.00037951661490529323,0.00024786437069692426,0.0003597040704720721,7.309363521586108e-09,0.006208622753936141,HYG_DynamicLambda,True,False,0,Optimization terminated successfully,1,-0.006208622753936141,0.09543793144094773,0.13,0.13,0.08058028825214962,False,-0.11880711549385332,0.0,0.03456206855905228,0.03456206855905228,0.04119288450614668,0.4869625448974319,HYG,0,0.005903159436764177,0.006004155956077108,0.008454520987379583,-0.0008847335228384654,1.0486878065869992e-06,-3.2472852268316864e-05,-5.179305551032185e-05,2.5349260738022682e-05
2024-03,2024-02,2024-02,2024-02-29,0.462868681550528,0.10409457900807381,0.057713601682864046,0.05771360455801185,3.1094030887641178,0.0,8.784885704924036e-07,2.635465711477211e-09,2.3968208964777e-10,0.16769154633076447,0.07866306591954472,0.5130001801159119,0.24064520763377903,0.11509520380908476,0.48281255768897563,0.4020922385019396,2.864753177894941e-17,0.007059453619339998,0.0007733708117055453,0.08007321856184671,1.462868681550528,0.00038668540585277267,0.00024383970849715787,0.00035670547287890245,7.3295821537841545e-09,0.006316055411026169,HYG_DynamicLambda,True,False,0,Optimization terminated successfully,1,-0.006316055411026169,0.09633509090911029,0.13,0.13,0.08163121183093755,False,-0.11803899977423596,0.0,0.03366490909088972,0.03366490909088972,0.041961000225764045,0.48281255768897563,HYG,0,0.00632158793123123,0.006057225689157114,0.008491932874682485,-0.0014864508939448696,-1.1225141514283465e-06,3.100687883924412e-05,-5.475627392867823e-05,-2.485644572101366e-06
2024-04,2024-03,2024-03,2024-03-29,0.4811051909047717,0.3420448018380241,0.024564840713009656,0.024564843749653207,3.1857850803521486,0.0,9.54420528609949e-07,2.863261585829847e-09,1.7338196614591746e-10,0.18728665970580885,0.08798756676857003,0.49307728901730397,0.2316484845083172,0.11511113412436609,0.46479649523094324,0.4200923706446906,2.7756004792102566e-17,0.007353292116724313,0.0008044580367626011,0.08341275718011615,1.4811051909047717,0.00040222901838130054,0.00024970692922915644,0.0003698422290861941,7.445594539528974e-09,0.0065812134236622796,HYG_DynamicLambda,True,False,0,Optimization terminated successfully,1,-0.0065812134236622796,0.09825220832709672,0.13,0.13,0.0817263215647604,False,-0.12532214206424788,0.0,0.031747791672903286,0.031747791672903286,0.03467785793575212,0.46479649523094324,HYG,0,0.006453775668463343,0.006092787863395354,0.009033221613274505,-0.0008406851268680205,2.335074974737543e-07,-5.662218130588323e-06,-3.2607940909234276e-05,9.892309512699612e-06
2024-05,2024-04,2024-04,2024-04-30,0.6249254365051605,0.0,0.011288132330389507,0.011288135927178334,3.221746643915344,0.0,1.1597951171601598e-06,3.4793853514804797e-09,1.1740347539976147e-10,0.2571946761940266,0.12202419541450236,0.42102757340839025,0.19975355498308084,0.10792885465263749,0.46115244373964187,0.43091870160772067,5.499224468432356e-17,0.007530376102888605,0.0008084155131844531,0.08551402015555654,1.6249254365051606,0.00040420775659222655,0.0002550713138558693,0.0004144718660071932,7.894772471032321e-09,0.006711688585516714,HYG_DynamicLambda,True,False,0,Optimization terminated successfully,1,-0.006711688585516714,0.09849358435052223,0.13,0.13,0.08123642720610522,False,-0.1294329546798496,0.0,0.03150641564947777,0.03150641564947777,0.030567045320150393,0.46115244373964187,HYG,0,0.00576580844631806,0.006051774730226096,0.009437678451879405,0.00028403512230317624,-1.0987647066614788e-06,4.505985514496294e-05,6.905078995419608e-05,-3.563691171469474e-05
2024-06,2024-05,2024-05,2024-05-31,0.4907825302101796,0.4136259977194983,0.006170456707175411,0.006170461852004857,3.2416262921031116,0.0,1.618134470818323e-06,4.85440341245497e-09,2.9042603430501253e-10,0.22588158668910177,0.14367924227603712,0.3853346705144165,0.24510450052044458,0.10645936663214346,0.46255543332650056,0.43098520004135593,5.1721576528719e-17,0.00760652223499177,0.0008139612887058301,0.08639449908766626,1.4907825302101796,0.00040698064435291503,0.0002542982992240257,0.00037910346194533836,8.827434692531877e-09,0.006820429301258824,HYG_DynamicLambda,True,False,0,Optimization terminated successfully,2,-0.006820429301258824,0.09883084267813343,0.13,0.13,0.08154702183711038,False,-0.1294092128768022,0.0,0.031169157321866578,0.031169157321866578,0.030590787123197793,0.46255543332650056,HYG,0,0.005280787873246517,0.006111938422866494,0.009830637082104857,-2.1160328713582715e-05,4.4723076083970184e-07,-1.882634055533577e-05,-2.5466995434064224e-05,1.5214585944468007e-05
2024-07,2024-06,2024-06,2024-06-28,0.4559946376136851,0.0,0.025466722867324654,0.025466729198749708,3.324179890523535,0.0,1.9819116873279904e-06,5.945735061983972e-09,3.856899925824125e-10,0.1984347546654289,0.15097546315726912,0.36947867357358455,0.2811111086037173,0.1120055851110712,0.461538641381446,0.4264557735074827,5.555676499162454e-17,0.00768655040424026,0.0008094245362548488,0.08738205763335402,1.455994637613685,0.0004047122681274244,0.0002495546910365515,0.00036335029194055894,9.710976320536713e-09,0.006918478133195956,HYG_DynamicLambda,True,False,0,Optimization terminated successfully,2,-0.006918478133195956,0.09855503252020256,0.13,0.13,0.08201131937953399,False,-0.12777843951422133,0.0,0.03144496747979744,0.03144496747979744,0.03222156048577868,0.461538641381446,HYG,0,0.00533528270688787,0.006127742732321361,0.009989967233501415,0.00019819345052362269,-1.1200132807420248e-06,5.883967762928149e-05,-6.221431422270012e-05,-9.773624233880376e-06
2024-08,2024-07,2024-07,2024-07-30,0.5754639180700857,0.0,-0.012947110986000992,-0.01294709698811485,3.281141364543494,-0.012947110986000987,4.385282732637843e-06,1.3155848197913528e-08,8.420379446476691e-10,0.19233239011204473,0.17515696184593119,0.3310362165898954,0.3014744314521288,0.10978282478004357,0.4560748150914431,0.4341423601285133,1.0627746547635947e-16,0.007935788980692802,0.0008349659247841416,0.09021967221960878,1.5754639180700858,0.0004174829623920708,0.00025223939066179916,0.0003973940587036491,1.6484533770759144e-08,0.007120895475063311,HYG_DynamicLambda,True,False,0,Optimization terminated successfully,2,-0.007120895475063311,0.10009790755759933,0.13,0.13,0.08275806467168123,False,-0.13079149526229625,0.0,0.029902092442400677,0.029902092442400677,0.029208504737703755,0.4560748150914431,HYG,0,0.004939512409974235,0.006153651833190256,0.010449793164580664,0.00022325568036052107,-1.0154091077390385e-06,6.494811821900272e-05,4.786941193958464e-05,-4.00270235904443e-05
2024-09,2024-08,2024-08,2024-08-30,0.4966610490044766,0.9035433070866141,0.015149711224630113,0.015149726541389926,3.330849708703517,0.0,4.846155031685303e-06,1.453846509505591e-08,7.782947190887265e-10,0.15521558904063565,0.15092363707739892,0.35179421499143887,0.3420665588905266,0.10504304763829145,0.4579759991014542,0.4369809532602542,9.649918584633364e-17,0.007790085593547572,0.0008587613893885217,0.08832845878623974,1.4966610490044765,0.00042938069469426087,0.00025442115258786217,0.00038078222912107777,1.7779940475083593e-08,0.006979904889791759,HYG_DynamicLambda,True,False,0,Optimization terminated successfully,2,-0.006979904889791759,0.10151421906640597,0.13,0.13,0.0832617448596469,False,-0.1317680233044484,0.0,0.028485780933594038,0.028485780933594038,0.02823197669555161,0.4579759991014542,HYG,0,0.004788065269100937,0.006141280392748969,0.01039964353855399,-0.0009981530912211282,2.9062634034203866e-06,-0.00012742792964080823,-2.704670437388473e-05,6.766730338355893e-05
2024-10,2024-09,2024-09,2024-09-30,0.7356238814815301,0.0,0.05307551683671184,0.05307551933545254,3.5076362784983672,0.0,8.317264179671348e-07,2.4951792539014046e-09,3.561451675179326e-12,0.20524284690840972,0.08966206629322951,0.49071994557337,0.2143751412249907,0.09737519975572233,0.45208459314686406,0.4505402070974135,1.1747733752316026e-16,0.007633838077018135,0.0008634184924293423,0.08642554596964158,1.7356238814815301,0.00043170924621467117,0.0002616479031126869,0.00045412234918194497,7.3952763533821254e-09,0.0067479990863451664,HYG_DynamicLambda,True,False,0,Optimization terminated successfully,1,-0.0067479990863451664,0.10178910506116118,0.13,0.13,0.08142063911100421,False,-0.13693369546775144,0.0,0.028210894938838826,0.028210894938838826,0.02306630453224856,0.45208459314686406,HYG,0,0.005866547707096235,0.006095600552116611,0.009373140150625426,-0.0012925455034892793,-9.993652806925468e-07,4.370359357635952e-05,0.0001425351456297299,-5.6937161392702277e-05
2024-11,2024-10,2024-10,2024-10-31,0.7207262407315631,0.0,0.0043940481540262625,0.004394050751257104,3.523049001212899,0.0,7.698543450506576e-07,2.3095630351519725e-09,2.8766780729723193e-10,0.2020319804729642,0.053156288555861624,0.5896657775855885,0.1551459533855857,0.09186267267515641,0.4449410561377767,0.46319627118706685,1.7902313083476366e-16,0.007648403294006331,0.0008856354703518421,0.08646702670596493,1.720726240731563,0.00044281773517592103,0.00026822560107050665,0.00046154283019801684,7.228522581378808e-09,0.006744035500109812,HYG_DynamicLambda,True,False,0,Optimization terminated successfully,1,-0.006744035500109812,0.10309037609894585,0.13,0.13,0.08036818684150171,False,-0.14074384725192968,0.0,0.026909623901054155,0.026909623901054155,0.019256152748070327,0.46319627118706685,GLD,0,0.006652776266502551,0.0062522785239764725,0.009020622917754156,-0.0010572414856169303,-1.3166298442089426e-06,3.60402685181741e-05,0.0001319793233295741,-3.191366034652179e-05
2024-12,2024-11,2024-11,2024-11-29,0.6886435552956557,0.0,0.04079982862604828,0.040799830556717216,3.6667887967035555,0.0,5.516196966982141e-07,1.6548590900946426e-09,2.758098483491408e-10,0.1633079919115062,0.041292594234922916,0.6348715000799268,0.1605279137736442,0.08913561429424739,0.45889678229835373,0.4519676034073987,1.7725727772214537e-16,0.007555698111130409,0.000872063299806746,0.08543599753472443,1.6886435552956556,0.000436031649903373,0.0002625962280654177,0.0004434314281676158,6.9762040401374275e-09,0.00667622805685538,HYG_DynamicLambda,True,False,0,Optimization terminated successfully,1,-0.00667622805685538,0.1022974075804512,0.13,0.13,0.08028623157559588,False,-0.13609188622667798,0.0,0.02770259241954881,0.02770259241954881,0.023908113773322026,0.45889678229835373,HYG,0,0.0067279447921852085,0.006436587955805613,0.008714776874388281,-0.0015175947004510651,-1.801879096805544e-06,3.9461281005348094e-05,0.00010072459944565603,-2.844496567100714e-05
2025-01,2024-12,2024-12,2024-12-30,0.6499645672061712,0.0,0.0243936448164764,0.024393646710873074,3.7562351402273766,0.0,6.091797043473437e-07,1.8275391130420312e-09,6.685756021021705e-11,0.1450160493285135,0.06161736290837109,0.5567874381068441,0.23657914965627128,0.082965026293167,0.46038280609208937,0.4566521676147435,1.9150474098438424e-16,0.008005576175104558,0.0009129517639345638,0.09058920351764732,1.6499645672061711,0.0004564758819672819,0.0002657571629835886,0.00043848990240415663,6.935128508359132e-09,0.007110603455604611,HYG_DynamicLambda,True,False,0,Optimization terminated successfully,1,-0.007110603455604611,0.10466814781591756,0.13,0.13,0.08155145679742276,False,-0.13774493881002503,0.0,0.025331852184082446,0.025331852184082446,0.022255061189974973,0.46038280609208937,HYG,0,0.005864415006180759,0.0066446194747207445,0.009597012744055331,-0.0010126416777000344,-2.0760243522522866e-06,5.828951565826775e-05,0.00011125830286388315,-2.3565508940908516e-05
2025-02,2025-01,2025-01,2025-01-31,0.5944235932233695,0.0,0.018827459078358557,0.01882746203078865,3.8269555036187,0.0,9.319569793455327e-07,2.795870938036598e-09,1.565591532664277e-10,0.051899409364144694,0.03315857514454315,0.5582656405594597,0.3566763749318524,0.08329024896459873,0.4479700093790351,0.468739741656366,2.1620973046313983e-16,0.008401599618639566,0.0009920993445848665,0.09486659935616559,1.5944235932233695,0.0004960496722924332,0.0002701881901757086,0.00043079442502647243,7.410161977979322e-09,0.007474748111158682,HYG_DynamicLambda,True,False,0,Optimization terminated successfully,1,-0.007474748111158682,0.1091109166629004,0.13,0.13,0.08341040013913976,False,-0.14264147400811522,0.0,0.0208890833370996,0.0208890833370996,0.017358525991884782,0.468739741656366,GLD,0,0.00586964647504757,0.006736380572061289,0.010282207315360078,-0.002369902555592009,-1.8194077255724251e-06,7.124914165851162e-05,9.295924814054667e-05,-1.748716394937124e-05
2025-03,2025-02,2025-02,2025-02-28,0.6204709289102308,0.0,0.04737257995671689,0.047372586816921414,4.008248259204675,0.0,2.116599962132141e-06,6.349799886396422e-09,5.104046351121572e-10,0.09234657563364647,0.06363730113968367,0.49967984109557106,0.3443362821310988,0.08394806941062602,0.44557588509381385,0.47047604549555994,2.0395745784405636e-16,0.008511300813574907,0.0009736551552568016,0.09629367883135807,1.6204709289102308,0.0004868275776284008,0.00026954239246133665,0.0004367856110925082,1.0094658305199117e-08,0.007587677530195692,HYG_DynamicLambda,True,False,0,Optimization terminated successfully,1,-0.007587677530195692,0.10809191395789797,0.13,0.13,0.08300303391853635,False,-0.1433671468704808,0.0,0.021908086042102037,0.021908086042102037,0.016632853129519204,0.47047604549555994,GLD,0,0.005570003872321003,0.0067045971683941784,0.010557353827608498,-0.0018726605826533877,-1.4336897093280512e-06,7.233600137872593e-05,0.00012160028732806785,-2.3997668812873204e-05
2025-04,2025-03,2025-03,2025-03-31,0.736183121728499,0.0,-0.01426212788928517,-0.014262120544178757,3.951082109919893,-0.014262127889285159,2.320847316286855e-06,6.962541948860565e-09,3.8256446308042694e-10,0.12494133010761294,0.06780022564495575,0.5232911157693205,0.28396732847811074,0.08136655951204744,0.42558858602786226,0.4930448544600901,2.019183284570408e-16,0.00870496526311412,0.0010098819368657647,0.09840029153617483,1.7361831217284989,0.0005049409684328823,0.0002808417821081347,0.0004875927619722962,1.0583041719760312e-08,0.00771242094966722,HYG_DynamicLambda,True,False,0,Optimization terminated successfully,1,-0.00771242094966722,0.11008443687637766,0.13,0.13,0.08214452992554858,False,-0.15234340523264248,0.0,0.019915563123622346,0.019915563123622346,0.007656594767357527,0.4930448544600901,GLD,0,0.0058328581352788435,0.006620338322734665,0.010658861218078505,-0.00116016317164841,-1.4323086271133594e-06,6.358859927351115e-05,0.0002648491704957127,-3.219030804960632e-05
2025-05,2025-04,2025-04,2025-04-29,0.5462298070298355,0.0,0.0032547115294432496,0.0032547168376922796,3.9639417424168264,-0.011053835471917517,1.7203441434672435e-06,5.161032430401731e-09,1.472165995357251e-10,0.12045447655079917,0.05995027529392207,0.5472356775005601,0.2723595706547186,0.08307760182815792,0.4182518083177966,0.4986705898540452,1.8982385500327593e-16,0.008430940112759468,0.0009987768062291054,0.095178620515739,1.5462298070298355,0.0004993884031145527,0.0002828648273610583,0.00043737402742601695,9.182117029750034e-09,0.0074941685001018695,HYG_DynamicLambda,True,False,0,Optimization terminated successfully,1,-0.0074941685001018695,0.10947749391883825,0.13,0.13,0.08128726869323337,False,-0.1547633681747211,0.0,0.020522506081161754,0.020522506081161754,0.005236631825278892,0.4986705898540452,GLD,0,0.006016118379127893,0.00643945856093062,0.010438371832447075,-0.00226976908593281,-1.5034581227325721e-06,4.756030515088155e-05,2.555578638345043e-05,-1.8229262712145493e-05
2025-06,2025-05,2025-05,2025-05-30,0.6935482977909705,0.0,-0.0015127303252057056,-0.0015127268468143416,3.9579453675357237,-0.012549844324995063,1.0297175923879944e-06,3.0891527771639834e-09,3.8923858697313197e-10,0.11179941206497909,0.03254345407504461,0.6627412012309011,0.19291593262907522,0.08801031112439747,0.4103731241824979,0.5016165646931044,2.019580446874017e-16,0.008144587603833709,0.0009842450811306024,0.09182958075922089,1.6935482977909704,0.0004921225405653012,0.0002813840285797285,0.00047653744262676496,7.734270460074381e-09,0.007175919886371182,HYG_DynamicLambda,True,False,0,Optimization terminated successfully,1,-0.007175919886371182,0.10867815315677401,0.13,0.13,0.08028015173903466,False,-0.15626909942132097,0.0,0.021321846843225994,0.021321846843225994,0.0037309005786790306,0.5016165646931044,GLD,1,0.007133453611182606,0.0063417645252138435,0.009617719066483513,-0.0020180275283711753,-1.24788146980676e-06,3.3661751520754375e-05,0.000151847379907555,-3.495286618991733e-05
2025-07,2025-06,2025-06,2025-06-30,0.6650899841714722,0.0,0.03384343445933797,0.03384344125801339,4.091895832175559,0.0,1.942478692389269e-06,5.827436077167807e-09,9.71239346198181e-10,0.18738211711174252,0.041932328641100435,0.6297583665440692,0.1409271877030877,0.10245303654465746,0.4083750882250699,0.4891718752302725,2.0726347290973327e-16,0.007948642993559546,0.0008996037793938375,0.08998609324635153,1.6650899841714724,0.00044980188969691873,0.00026879063164508295,0.0004475605885913512,1.0626669621818113e-08,0.007051269888601654,HYG_DynamicLambda,True,False,0,Optimization terminated successfully,1,-0.007051269888601654,0.10390017012847501,0.13,0.13,0.07891357209346951,False,-0.1520104766459884,0.0,0.026099829871524996,0.026099829871524996,0.007989523354011596,0.4891718752302725,GLD,0,0.007843677582127388,0.006217482360752092,0.009305876989751414,-0.001042609818647775,-1.98406370943927e-07,2.6009564297843948e-05,8.830203380857918e-05,-2.5329312176753985e-05
2025-08,2025-07,2025-07,2025-07-31,0.655603788191904,0.0,0.02225163900934823,0.022251644061543376,4.182947221096986,0.0,1.460655176380261e-06,4.381965529140783e-09,6.702296132810991e-10,0.18477225581082238,0.04623489225817984,0.6150828887392095,0.15390996319178832,0.10282539341231933,0.40884557421160284,0.4883290323760776,1.6831443022733242e-16,0.008123667866444804,0.0008998032642389338,0.09208519481190405,1.655603788191904,0.0004499016321194669,0.0002670247222137166,0.00044208714163792006,9.010802102072543e-09,0.007231670081885315,HYG_DynamicLambda,True,False,0,Optimization terminated successfully,1,-0.007231670081885315,0.10391168928887262,0.13,0.13,0.07923191507091965,False,-0.15168513538800565,0.0,0.026088310711127383,0.026088310711127383,0.00831486461199435,0.4883290323760776,GLD,0,0.00786242929935522,0.00635940956814805,0.00954034241042307,-0.000472163510213664,-1.2542136311994785e-07,3.0147322272063326e-05,9.02161053354406e-05,-2.1018982553963678e-05
2025-09,2025-08,2025-08,2025-08-29,0.5099138212216501,0.13668098818474758,0.07813908147306318,0.07813908892237864,4.509798874803806,0.0,2.1283758439848075e-06,6.385127531954423e-09,1.0641879219926223e-09,0.1310845625142365,0.03198217809250734,0.6727860614185959,0.16414719797466032,0.09947397434520121,0.4034163651905956,0.49710966046420285,1.8477797754043051e-16,0.008134887480683932,0.0009242683042142184,0.09207303994292187,1.50991382122165,0.0004621341521071092,0.0002713942980688978,0.00040978200165497696,1.1153253665324778e-08,0.00726296017366818,HYG_DynamicLambda,True,False,0,Optimization terminated successfully,1,-0.007262960173668184,0.10531485959051848,0.13,0.13,0.07889751161094036,False,-0.1541825110501816,2.220446049250313e-16,0.024685140409481526,0.024685140409481526,0.0058174889498184,0.49710966046420285,GLD,0,0.00809334941568159,0.006414409157180033,0.009533865396218876,-0.0012541787367219429,-9.411791667821938e-08,1.5183944881027135e-05,-6.759993530877975e-06,-2.8435126245554897e-06
2025-10,2025-09,2025-09,2025-09-30,0.6056627145377596,0.0,0.05784647265101005,0.057867229004806064,4.7706748320767005,0.0,0.00593040190809825,1.779120572429475e-05,2.9651480717192692e-06,0.2365128512344842,0.06240508823008086,0.5547171821925372,0.14636487834289763,0.10904629238338871,0.3812459664713493,0.5097077411452621,0.0,0.008637389673541263,0.0009354580386056168,0.09803592785086146,1.6056627145377596,0.0004677290193028084,0.0002741905554905943,0.0004402575516296438,2.075920381040774e-05,0.007708643898798404,HYG_DynamicLambda,True,False,0,Optimization terminated successfully,10,-0.007708643898798405,0.1059504434311976,0.13,0.13,0.0791854033685188,False,-0.16000000003271522,0.0,0.024049556568802408,0.024049556568802408,-3.2715219422385644e-11,0.5097077411452621,GLD,1,0.007923859052675798,0.006384705904997703,0.010395020919433031,-0.00029177485629369693,-5.5608183673653707e-08,3.0180952803233683e-05,5.7397430084755e-05,-1.9035348868334967e-05
2025-11,2025-10,2025-10,2025-10-31,0.7066382959345276,0.0,0.05144718816730256,0.05144945366997839,5.016112637847566,0.0,0.0006472864788106143,1.941859436431843e-06,3.2364323940528457e-07,0.14884065738549054,0.05871607132516757,0.5682676643253417,0.2241756069640002,0.1265284608514782,0.3665148489841574,0.5069566901643644,2.3192539464366413e-18,0.009136489150193801,0.000974465941392411,0.10379107415397114,1.7066382959345276,0.0004872329706962055,0.000267208916260692,0.00045602896950565927,2.2681206346386133e-06,0.008190959089357297,HYG_DynamicLambda,True,False,0,Optimization terminated successfully,13,-0.008190959089357297,0.10813690996467826,0.13,0.13,0.08228177737797962,False,-0.1600000000031366,0.0,0.021863090035321747,0.021863090035321747,-3.1366020891709923e-12,0.5069566901643644,GLD,1,0.008812637187718094,0.006496133638957919,0.010926436152649474,-0.0011499581889097411,0.0,4.102028620808911e-05,0.0001701246705187539,-3.381184039212317e-05
2025-12,2025-11,2025-11,2025-11-28,0.6474397449276243,0.0,0.015362725807854418,0.01542780308656848,5.093173800924131,0.0,0.018593638396359906,5.5780915189079717e-05,9.296363524984031e-06,0.19261748541858342,0.08861945642642922,0.4922764838976287,0.22648657425735866,0.13464579936491375,0.35968264230074576,0.5056715583343405,1.8830112016456682e-18,0.009362399975972855,0.000953796448308712,0.10662602102182198,1.6474397449276243,0.000476898224154356,0.0002637091888242172,0.00043444499877163915,6.507944125713643e-05,0.008385977311789724,HYG_DynamicLambda,True,False,0,Optimization terminated successfully,12,-0.008385977311789724,0.10698391177978371,0.13,0.13,0.08187230212564059,False,-0.1600000002542824,0.0,0.023016088220216294,0.023016088220216294,-2.542824006912525e-10,0.5056715583343405,GLD,1,0.008010308766262622,0.006550783725714346,0.011553809850368343,-0.000499536183095709,-2.33245317489758e-12,4.5565470572010146e-05,0.00013609665793208505,-2.8120140038571724e-05
2026-01,2025-12,2025-12,2025-12-30,0.7304151648648168,0.0,0.08042516000855855,0.0804255411972419,5.502793118814853,0.0,0.0001204147323300162,3.612441969900486e-07,1.9944486371798795e-08,0.20941149298144676,0.11509632652637274,0.4359088364302169,0.23958334406196366,0.1437391071682568,0.3520348299104308,0.5042260629213124,0.0,0.009486915571500847,0.000942870021617561,0.1081857667283048,1.7304151648648167,0.0004714350108087805,0.0002602293056588973,0.00045030473685439754,3.8272929080643795e-07,0.008564793094546863,HYG_DynamicLambda,True,False,0,Optimization terminated successfully,4,-0.008564793094546863,0.106369357708932,0.13,0.13,0.0821312285950094,False,-0.15999999903424814,0.0,0.02363064229106801,0.02363064229106801,9.65751867365583e-10,0.5042260629213124,GLD,1,0.007838987194602826,0.006449134973485347,0.011821166068680672,-0.00031860281592212573,0.0,4.735345668680241e-05,0.00022334491182820083,-4.465735647448172e-05
2026-02,2026-01,2026-01,2026-01-30,0.8324257536022928,0.0,0.09447808527462664,0.09450055081720576,6.02268647634287,0.0,0.00641882931228667,1.925648793686001e-05,3.209054642254239e-06,0.279940136880179,0.13428092119187762,0.39588290838731066,0.18989603354063267,0.17187822177731926,0.3284078947344487,0.49971388348823204,0.0,0.009794696739679781,0.0009276658994479152,0.11197036547946987,1.8324257536022928,0.0004638329497239576,0.00025365543659936466,0.0004648047545659094,2.246781118506259e-05,0.008843591224204852,HYG_DynamicLambda,True,False,0,Optimization terminated successfully,9,-0.008843591224204852,0.1055082498830067,0.13,0.13,0.08249214637382069,False,-0.15999999999998318,0.0,0.02449175011699331,0.02449175011699331,1.6819878823071122e-14,0.49971388348823204,GLD,0,0.008694092124890057,0.0063839822531042735,0.012050001661996532,0.0010575723027390067,0.0,4.338898017814965e-05,0.0003362305288731562,-3.833889337081204e-05
2026-03,2026-02,2026-02,2026-02-03,0.8913807056112097,0.0,-0.05122473203487396,-0.05115918933935887,5.7141759754621475,-0.05122473203487399,0.018726548565856038,5.617964569756812e-05,9.363049817520453e-06,0.29961061884472723,0.11980597444831188,0.4147402762697025,0.16584313043725832,0.2097012141175028,0.297117463318239,0.4931813225642583,1.3779449464721458e-20,0.010340403801019065,0.0009692071481328306,0.11826960272343179,1.8913807056112097,0.0004846035740664153,0.00024885190080558336,0.000470673683738355,6.554516643324926e-05,0.009319581376781044,HYG_DynamicLambda,True,False,0,Optimization terminated successfully,10,-0.009319581376781044,0.10784472994817117,0.13,0.13,0.0827181671604697,False,-0.16000000014938034,0.0,0.022155270051828838,0.022155270051828838,-1.4938034142986112e-10,0.4931813225642583,GLD,0,0.009940048318524235,0.006314481509906293,0.012368069114439675,0.0018098921646694348,0.0,3.623240132306495e-05,0.0005461579685288335,-2.169292217772244e-05
2026-04,2026-03,2026-03,2026-03-31,0.7276005863359469,0.0,0.028698395369719812,0.02874100118802479,5.878163656818114,-0.02399640427779892,0.01420186279895165,4.260558839685495e-05,2.2990811951449946e-10,0.3313800155300641,0.1742588245022513,0.3239889737447424,0.17037218622294223,0.19195105527293238,0.3117191872837157,0.49632975744335195,0.0,0.009832960934401733,0.000964971383214542,0.11220570291353354,1.727600586335947,0.000482485691607271,0.0002593064605385167,0.00044797799326704057,4.260860007861881e-05,0.008859888649448804,HYG_DynamicLambda,True,False,0,Optimization terminated successfully,12,-0.008859888649448804,0.10760881282950066,0.13,0.13,0.08199487970569853,False,-0.16000000000001408,0.0,0.022391187170499344,0.022391187170499344,-1.4072076837123859e-14,0.49632975744335195,GLD,0,0.008416900773206244,0.006388478934941915,0.012339916715751029,0.005054762287553131,0.0,4.459019753114214e-05,0.0001759898443181126,-5.715274069567048e-06
2026-05,2026-04,2026-04,2026-03-31,0.7276005863359469,0.0,0.07977744645859254,0.07986560893232983,6.347108543224766,0.0,0.02938739902833129,8.816219708499387e-05,2.766522977648567e-10,0.21559827553285818,0.2772766198093666,0.22183174488471408,0.2852933597730611,0.24039485320180992,0.2719429546574764,0.48766219214071355,0.0,0.010147530113112965,0.0010265706523989973,0.11561093744296161,1.727600586335947,0.0005132853261994987,0.00026015539496800137,0.00044944461288517904,8.81651529140144e-05,0.009096635021114274,HYG_DynamicLambda,True,False,0,Optimization terminated successfully,13,-0.009096635021114276,0.11099030511169869,0.13,0.13,0.08475931956824127,False,-0.1600000005808,0.0,0.019009694888301315,0.019009694888301315,-5.807999914342332e-10,0.48766219214071355,GLD,0,0.008212107782535397,0.006253152971412958,0.013048986888825805,0.00558009362837902,0.0,5.944178589147122e-05,0.00019115372993513914,-6.38488424358433e-06
2026-06,2026-05,2026-05,2026-05-29,0.6571959119147275,0.22260094389092816,-0.0161979835810257,-0.016113057812168347,6.244298183254623,-0.016197983581025754,0.028308538214668333,8.4925614644005e-05,1.5421334542734235e-10,0.19706829783162072,0.33782856183883336,0.17135468740151938,0.29374845292802654,0.2931148609631398,0.2295761744988511,0.47730896453800914,9.48847006546337e-19,0.010577797292594993,0.0011300356223620407,0.12015335377696768,1.6571959119147275,0.0005650178111810204,0.00026884237319425554,0.0004455244818069738,8.492874502329528e-05,0.009482326254583704,HYG_DynamicLambda,True,False,0,Optimization terminated successfully,14,-0.009482326254583704,0.11644924846620731,0.13,0.13,0.08600105024125095,False,-0.16000000000002707,0.0,0.01355075153379269,0.01355075153379269,-2.706168622523819e-14,0.47730896453800914,GLD,0,0.009463596949592767,0.0062913217280388505,0.013208092141305819,0.005903249605867061,0.0,1.6373087959909837e-05,0.00010776910360604089,-2.205613190562289e-06
2026-07,2026-06,2026-06,2026-06-30,0.7615520635481527,0.0,-0.13435682410152588,-0.13428298239025732,5.405334110609604,-0.1483784980517564,0.024613732705467017,7.384119811640105e-05,5.131521603472236e-10,0.19115314512380668,0.4086962422798096,0.1275154225831515,0.2726351900132322,0.3082198199992183,0.21560853545846612,0.4761716445423156,5.588483917907523e-17,0.010312464999108695,0.0011771807484356103,0.11668649549869067,1.7615520635481527,0.0005885903742178051,0.00027430327014166624,0.00048319949155605857,7.384402458935855e-05,0.009166831108745473,HYG_DynamicLambda,True,False,0,Optimization terminated successfully,12,-0.009166831108745471,0.11885356107928496,0.13,0.13,0.08580954592720365,False,-0.16000000003023282,0.0,0.01114643892071504,0.01114643892071504,-3.0232816250475025e-11,0.4761716445423156,GLD,0,0.009074624762622805,0.006372750469109992,0.012714641368978572,0.0051839631888015,0.0,7.191364530405452e-05,0.00015038591098519223,-1.3097223686087548e-05
