month,macro_signal_month,stress_signal_month,stress_signal_date,stress_score,recovery_score,return,gross_return,nav,drawdown,turnover,trade_cost,fx_cost,p_Goldilocks,p_Overheating,p_Slowdown,p_Stagflation,w_KODEX200,w_HYG,w_GLD,w_USO,expected_monthly_return,expected_monthly_variance,expected_annual_log_growth,downside_risk_aversion_lambda,variance_penalty,downside_semivariance,downside_penalty,estimated_transaction_cost,monthly_utility,policy,solver_success,used_fallback,solver_status,solver_message,solver_iterations,objective_value,expected_annual_volatility,requested_annual_volatility_cap,effective_annual_volatility_cap,minimum_feasible_annual_volatility,volatility_cap_relaxed,historical_cdar,sum_error,volatility_slack,requested_volatility_slack,cdar_slack,largest_weight,largest_asset,weights_above_half,macro_mu_KODEX200,macro_mu_HYG,macro_mu_GLD,macro_mu_USO,stress_mu_adjustment_KODEX200,stress_mu_adjustment_HYG,stress_mu_adjustment_GLD,stress_mu_adjustment_USO
2008-04,2008-03,2008-03,2008-03-31,0.5274413701575932,0.5959715639810427,0.038353834157016584,0.04030736745537103,1.0383538341570167,0.0,1.0,0.0015,0.0004535332983544458,0.24022743410559233,0.3203330257697091,0.18832122621024894,0.2511183139144496,0.09293340329110858,0.07582170984405112,0.5405719100457479,0.2906729768190925,0.033633229117115956,0.0014083333430781227,0.3951487493469228,1.0,0.0007041666715390613,8.928678047569285e-05,8.928678047569285e-05,0.001953533298376651,0.030886242366724555,HYG_StaticLambda,True,False,0,Optimization terminated successfully,13,-0.030886242366724555,0.1300000004497595,0.13,0.13,0.05681321578313461,False,-0.021788109180792603,0.0,-4.497595074148819e-10,-4.497595074148819e-10,0.1382118908192074,0.5405719100457479,GLD,1,0.011837647925084634,0.006108764443355323,0.03182830883875058,0.043036536284911345,0.0045147547225876114,-0.005181944745494144,0.0009841635980306106,0.006179496422874729
2008-05,2008-04,2008-04,2008-04-29,0.4680286725621713,0.6616279069767442,0.0770659068618175,0.07740739465223444,1.1183755140297724,0.0,0.11382878500797791,0.00034148635502393376,1.435393011249564e-09,0.21768382175858922,0.3339607848638936,0.17692498823483618,0.271430405142681,0.09818118140173078,0.12680878906955512,0.39108302476116374,0.38392700476755043,0.03811480148731721,0.001408333335585234,0.44892761783429513,1.0,0.000704166667792617,9.60041841370266e-05,9.60041841370266e-05,0.0003414881288165023,0.03697314250657106,HYG_StaticLambda,True,False,0,Optimization terminated successfully,25,-0.036973142506571056,0.13000000010393387,0.13,0.13,0.05789569428394543,False,-0.023794168546825756,0.0,-1.0393386151719142e-10,-1.0393386151719142e-10,0.13620583145317425,0.39108302476116374,GLD,0,0.019313171309655444,0.010061032846370851,0.02658842499662869,0.05203649300521966,0.011198118130522848,-0.002478632941474861,-9.785627872703941e-05,0.009948311544742334
2008-06,2008-05,2008-05,2008-05-30,0.5104176318429294,0.7745995423340961,0.09197981427624118,0.0924726389849868,1.2212434861013266,0.0,0.14920344537144023,0.0004476103361143207,4.5214372631308864e-05,0.23636881989914413,0.4236576198316693,0.12175140933825625,0.2182221509309303,0.0,0.23636908622878014,0.3241579201489896,0.4394729936222303,0.04522551837633916,0.001408333334190732,0.5342562205109256,1.0,0.000704166667095366,0.00015280764516762633,0.00015280764516762633,0.0004928247087995474,0.04387571935527662,HYG_StaticLambda,True,False,0,Optimization terminated successfully,10,-0.043875719355276635,0.13000000003957224,0.13,0.13,0.05539411478772543,False,-0.03814257676013555,0.0,-3.957223437822677e-11,-3.957223437822677e-11,0.12185742323986445,0.4394729936222303,USO,0,0.016856621023508166,0.01015292871602573,0.028949035262904658,0.05992259182719604,0.004799311560528805,-0.0024399207256063093,0.00043601425369656254,0.017162930337818936
2008-07,2008-06,2008-06,2008-06-30,0.6831293231709922,0.0,-0.09706981358900374,-0.09679291439107236,1.1026976085586857,-0.0970698135890038,0.092299732643793,0.000276899197931379,4.163336342344337e-20,0.12925401802483139,0.2985373264331797,0.1728886496548744,0.3993200058871146,0.0,0.19969055603921748,0.4136493433579745,0.38666010060280814,0.03300195763221904,0.0014083333345672401,0.387573491579225,1.0,0.0007041666672836201,0.00012273043315731385,0.00012273043315731385,0.00027690119801362863,0.03189815933376447,HYG_StaticLambda,True,False,0,Optimization terminated successfully,10,-0.03189815933376447,0.13000000005694956,0.13,0.13,0.05466993019900233,False,-0.03466934298091451,0.0,-5.694955618196218e-11,-5.694955618196218e-11,0.1253306570190855,0.4136493433579745,GLD,0,0.008127734995228678,0.007524537865647653,0.03292661336887196,0.06750717450141806,-0.002492888966858676,0.0036057952715490235,-0.0013519413554525556,-0.021682707879615633
2008-08,2008-07,2008-07,2008-07-31,0.5052696849588909,0.09581497797356828,0.023258910965885535,0.023838595119128714,1.1283451540584473,-0.07606864077485986,0.19146109587402566,0.000574383287622077,5.300865621100604e-06,0.09954953119571709,0.2844692278230419,0.15968137577894503,0.45629986520229604,0.010601731242200915,0.3131996989261165,0.511468347971189,0.1647302218604935,0.019048593762358693,0.0014083333374979908,0.22013312512331634,1.0,0.0007041666687489954,0.00036391161747658263,0.00036391161747658263,0.0005796841533581063,0.017400831322775007,HYG_StaticLambda,True,False,0,Optimization terminated successfully,15,-0.017400831322775014,0.13000000019221497,0.13,0.13,0.07823172240163258,False,-0.04888595365690329,1.1102230246251565e-16,-1.922149661659489e-10,-1.922149661659489e-10,0.11111404634309671,0.511468347971189,GLD,1,0.0031313947920688155,0.005107937787752443,0.025243037224409,0.049266019394045714,0.0016792390503110838,0.0006489768227707964,-0.0022179597150527664,-0.016376302038676502
2008-09,2008-08,2008-08,2008-08-29,0.6021767779138312,0.9181222707423581,0.008334381722716562,0.008996730636844998,1.137749213287348,-0.06836824414148901,0.21919216518539053,0.0006575764955561716,4.7724185722642085e-06,0.06351298359069107,0.20660719757728274,0.17161562959203006,0.5582641892399961,0.0,0.4429524547210799,0.2796911501355963,0.2773563951433239,0.0378082795803764,0.00140833334109432,0.4452493549179509,1.0,0.00070416667054716,0.0004159329774092466,0.0004159329774092466,0.0006623489142505922,0.036025831018169405,HYG_StaticLambda,True,False,0,Optimization terminated successfully,8,-0.036025831018169405,0.1300000003581994,0.13,0.13,0.07971665794576195,False,-0.05609159042192524,0.0,-3.5819938681846963e-10,-3.5819938681846963e-10,0.10390840957807476,0.4429524547210799,HYG,0,-0.002984153751638977,0.014265577122610488,0.02137159167468663,0.04301751677301423,0.0007207896202751118,-0.003870158651148177,0.007775431319708707,0.04730468060524664
2008-10,2008-09,2008-09,2008-09-30,0.6080814217442396,0.788961038961039,-0.12281796142344961,-0.12216040634959663,0.9980131743002623,-0.1827893571933803,0.21918502461766104,0.0006575550738529832,2.7755575615628914e-20,0.09834001144156536,0.29828770585927694,0.14960032946752552,0.45377195323163216,2.775557561562892e-17,0.2951655359107111,0.5401742352794182,0.1646602288098708,0.03337004976733425,0.0014083333396776641,0.39199059716994505,1.0,0.0007041666698388321,0.0003354130593951829,0.0003354130593951829,0.000657557073870207,0.031672912964230034,HYG_StaticLambda,True,False,0,Optimization terminated successfully,8,-0.03167291296423003,0.13000000029281528,0.13,0.13,0.07762679322429566,False,-0.0599118789272205,2.220446049250313e-16,-2.9281527202940083e-10,-2.9281527202940083e-10,0.1000881210727795,0.5401742352794182,GLD,1,-0.002112134672964433,0.00893061877320752,0.03165636792671023,0.03861101948826839,0.00014362914430994945,-0.0060247860248748165,0.01346011255620957,0.010833754167103063
2008-11,2008-10,2008-10,2008-10-31,0.8504830122889445,0.0,0.1190596257360912,0.11974008101096105,1.1168362493121398,-0.08549256391327364,0.22681842495661578,0.0006804552748698473,8.326672684688674e-20,0.047132551927387,0.12748365408569,0.22278828190322117,0.6025955120837018,3.124660198245481e-17,0.5453723664123644,0.45462763358763564,0.0,0.013681835419215827,0.00140833333350168,0.15573202502957983,1.0,0.00070416666675084,0.0005042581311287839,0.0005042581311287839,0.0006804572748869063,0.011792953346449298,HYG_StaticLambda,True,False,0,Optimization terminated successfully,6,-0.011792953346449298,0.13000000000776984,0.13,0.13,0.12250375005115563,False,-0.06142994191740375,0.0,-7.769840326687927e-12,-7.769840326687927e-12,0.09857005808259625,0.5453723664123644,HYG,1,-0.014969177457950403,0.004711384827707135,0.022378682503084432,0.01595424539025866,-0.004945356345958146,0.004435387218763943,-0.0032565745163915106,-0.013867953388550108
2008-12,2008-11,2008-11,2008-11-28,0.587662425438711,0.9307036247334755,0.05756986202341976,0.0586228444752533,1.1811323580877933,-0.032844496998369554,0.32072191197818467,0.000962165735934554,9.081671589898799e-05,0.014947308057877045,0.037896777680945536,0.2679094742839133,0.6792464399772641,0.18163343179797584,0.6423470856020542,0.17601948259996972,2.1794265563197694e-16,-0.00037789118153074204,0.0014263411046014196,-0.01309274080597742,1.0,0.0007131705523007098,0.0005430516512222216,0.0005430516512222216,0.0010529839518467782,-0.0026870973369004514,HYG_StaticLambda,True,False,0,Optimization terminated successfully,17,0.0026870973369004514,0.13082848793445956,0.13,0.13082848793444846,0.13082748793444846,True,-0.07633545478268977,0.0,-1.1102230246251565e-14,-0.0008284879344595542,0.08366454521731023,0.6423470856020542,HYG,1,-0.016825754818843703,0.006639559954021614,0.03695766117411689,0.004300380387493617,-4.0855074051125327e-05,-0.012273684687773713,-0.0011393951183875097,0.002667993740077744
2009-01,2008-12,2008-12,2008-12-30,0.7572844152837244,0.0,0.039651856280628985,0.03996054835839702,1.2279664485990909,0.0,0.09014112977396847,0.00027042338932190544,3.826868844612995e-05,0.019497086277019505,0.036851567747183886,0.3265109349375589,0.6171404110382377,0.10390650249541628,0.6362697618308345,0.20667489431001634,0.053148841363732956,0.015154767955638661,0.001408333333353168,0.17340721546754492,1.0,0.000704166666676584,0.0005421293169016655,0.0005421293169016655,0.00030869207787061854,0.013599779894189793,HYG_StaticLambda,True,False,0,Optimization terminated successfully,10,-0.013599779894189793,0.13000000000091544,0.13,0.13,0.12984470733058515,False,-0.06263614099377146,0.0,-9.154343949546728e-13,-9.154343949546728e-13,0.09736385900622854,0.6362697618308345,HYG,1,-0.010308285491365254,0.011019027694624057,0.0353472349357995,-0.010983492916656333,-0.0036114799306368097,0.0019034203681624964,0.0097572265702238,-0.006759145407272197
2009-02,2009-01,2009-01,2009-01-30,0.6729198918663233,0.18530020703933747,0.06216896305262559,0.06239417587568412,1.3043078493719118,0.0,0.0650776624201339,0.00019523298726040168,2.9979835798127023e-05,0.006156296360043405,0.008620053232122128,0.4104754516670534,0.5747481987407811,0.04086862122413292,0.6353050671788786,0.283681182356577,0.04014512924041152,0.019937124837318135,0.0014083333369592367,0.2307954980260622,1.0,0.0007041666684796183,0.00046153483916191817,0.00046153483916191817,0.00022521376310846958,0.01854620956656813,HYG_StaticLambda,True,False,0,Optimization terminated successfully,20,-0.01854620956656813,0.1300000001673494,0.13,0.13,0.12453850253617176,False,-0.05205327708666411,0.0,-1.6734938435014612e-10,-1.6734938435014612e-10,0.1079467229133359,0.6353050671788786,HYG,1,-0.007518943297439304,0.012596149586420982,0.03933600006375026,-0.016126189746757093,-0.0013353256825523268,0.001049962983554514,0.004360072044951212,-0.002959843232910121
2009-03,2009-02,2009-02,2009-02-27,0.6184779580046844,0.9521384928716904,-0.09284404250663177,-0.09276987793693285,1.1832106359630925,-0.09284404250663181,0.021191418998348584,6.357425699504575e-05,1.0590312703872541e-05,0.018212099302583495,0.02176055205694781,0.43740189384428085,0.5226254547961878,0.056175875366189204,0.6131652750231925,0.2969621757871727,0.0336966738234456,0.019102433715529662,0.0014083333333335954,0.22077920458635436,1.0,0.0007041666666667977,0.0004519290659078448,0.0004519290659078448,7.416463929016123e-05,0.01787217334366486,HYG_StaticLambda,True,False,0,Optimization terminated successfully,15,-0.01787217334366486,0.1300000000000121,0.13,0.13,0.1206202048217906,False,-0.05204615511005665,0.0,-1.2101430968414206e-14,-1.2101430968414206e-14,0.10795384488994336,0.6131652750231925,HYG,1,-0.011809983516003202,0.013110846341857704,0.04691649209058152,-0.012247783998688835,-0.00026312134652595924,-0.002926789455950775,5.5573395879233533e-05,-2.2636460334926676e-06
2009-04,2009-03,2009-03,2009-03-31,0.6603465368737922,0.0,0.025296497831510657,0.025924548924069632,1.2131417212499533,-0.06989617379505875,0.17944316930256438,0.0005383295079076932,8.972158465128218e-05,0.012179008504501246,0.015417480029487287,0.42914556398599046,0.543257947480021,0.25169712612904155,0.5286006821731647,0.2197021916977937,0.0,0.014398939338228719,0.0014083333339575802,0.16433727205499915,1.0,0.0007041666669787901,0.0006375396201836119,0.0006375396201836119,0.0006280510926068514,0.012429181958459464,HYG_StaticLambda,True,False,0,Optimization terminated successfully,9,-0.012429181958459464,0.1300000000288114,0.13,0.13,0.1252368358027691,False,-0.08228105526493301,0.0,-2.8811397712047437e-11,-2.8811397712047437e-11,0.07771894473506699,0.5286006821731647,HYG,1,-0.002126593665412403,0.007195102855729191,0.03663530995242224,-0.01430320953286103,-0.0031830786334448185,0.005418745840031406,0.0046372850137798415,-0.0018962533446923576
2009-05,2009-04,2009-04,2009-04-30,0.5987435409586312,0.637,0.03934272031760129,0.0396731096094923,1.2608700166947038,-0.033303359094346785,0.11012909371020603,0.0003303872811306181,2.0107603918712026e-09,0.026262368980519875,0.026091761579849854,0.475366990526017,0.47227887891361325,0.27909228609202663,0.4239537274163619,0.2969539864916115,0.0,0.011678611784258976,0.0014083333493323594,0.13169334131511357,1.0,0.0007041666746661797,0.0006832157055561676,0.0006832157055561676,0.0003303910368373425,0.009960838367199285,HYG_StaticLambda,True,False,0,Optimization terminated successfully,24,-0.009960838367199285,0.13000000073841658,0.13,0.13,0.12203806482874667,False,-0.0818120953835307,0.0,-7.384165778834273e-10,-7.384165778834273e-10,0.07818790461646931,0.4239537274163619,HYG,0,0.005930582881350514,0.008527635370662682,0.02762662315510631,-0.013785736831933822,0.00033117493763932626,-0.0037818298481988102,-0.0009591867878748281,0.0007550689992084745
2009-06,2009-05,2009-05,2009-05-29,0.7754469721471016,0.0,0.003157480383862089,0.0033115782128710297,1.2648511890390173,-0.03025103341354174,0.04851470252269955,0.00014554410756809866,8.553721440842134e-06,0.034436839962267075,0.009979751123175468,0.7408779494150223,0.21470545949953512,0.25163452648267853,0.3860428456218758,0.3623226278954456,1.2561630956679283e-17,0.019053394585291955,0.0014083333333407859,0.22019073502345876,1.0,0.0007041666666703929,0.0006879426971023274,0.0006879426971023274,0.00015409932910673393,0.017507185892412503,HYG_StaticLambda,True,False,0,Optimization terminated successfully,9,-0.017507185892412503,0.13000000000034395,0.13,0.13,0.11332217881477598,False,-0.07049487167429032,0.0,-3.439470930288735e-13,-3.439470930288735e-13,0.08950512832570968,0.3860428456218758,HYG,0,0.009666731633959208,0.008446100623232703,0.03001468428881299,0.007042063300781014,-0.0026876475310871006,0.005044169631604671,0.0033516936672609394,-0.0050608717818497705
2009-07,2009-06,2009-06,2009-06-30,0.5356013526978503,0.8106796116504854,0.046923596970937086,0.04750792573666615,1.3242025564616948,0.0,0.1772828940703674,0.0005318486822111022,5.2480083517962666e-05,0.09452357824405745,0.00848180981162015,0.8231330611636261,0.07386155078069633,0.3564628956981194,0.2222309709772876,0.4213061333245927,2.7946242106066226e-16,0.015620413736838751,0.0014083333338353896,0.17899496483905267,1.0,0.0007041666669176948,0.0008119454665095701,0.0008119454665095701,0.0005843302657531925,0.013519971337658292,HYG_StaticLambda,True,False,0,Optimization terminated successfully,11,-0.013519971337658292,0.13000000002317183,0.13,0.13,0.10636632929167002,False,-0.09548678004922902,0.0,-2.3171825569434645e-11,-2.3171825569434645e-11,0.06451321995077099,0.4213061333245927,GLD,0,0.010416321831848466,0.009845288776664747,0.025634868501036023,0.01464104098523783,0.0016950087396234194,-0.006966963338855039,-0.00032424548780303643,0.0011319183880007758
2009-08,2009-07,2009-07,2009-07-31,0.5793765367439363,0.23850574712643677,0.016917161560369622,0.017025609315753067,1.3466043050480117,0.0,0.03614922131701791,0.00010844766395105372,9.143238828643945e-11,0.08608981091766169,0.003007459590723658,0.8801553998103077,0.03074732968130699,0.3878818954879583,0.18139922489252908,0.43071887961951255,0.0,0.01919875455874934,0.001408333333333483,0.2219350547049912,1.0,0.0007041666666667416,0.0008445362416069715,0.0008445362416069715,0.00010845092285993782,0.01754160072761569,HYG_StaticLambda,True,False,0,Optimization terminated successfully,10,-0.01754160072761569,0.13000000000000692,0.13,0.13,0.10478013699129482,False,-0.10683525002404315,0.0,-6.9111383282915995e-15,-6.9111383282915995e-15,0.053164749975956854,0.43071887961951255,GLD,0,0.0191629345970788,0.010776260996055416,0.02256117808363935,0.01110823510981692,-0.00018187535217472858,0.001127323480362918,-9.398479146192901e-05,8.86362901471811e-05
2009-09,2009-08,2009-08,2009-08-31,0.47663381396306337,0.0,0.015427809087465097,0.015500525640507593,1.367379459182651,0.0,0.024238800352308233,7.27164010569247e-05,1.5198557125073237e-10,0.12346679239556808,0.003052673980158776,0.8524051104221911,0.02107542320208195,0.3876332499029541,0.15609927067690677,0.4562674794201391,5.3334073386986716e-18,0.0198793892836975,0.001408333335027095,0.23010267139420743,1.0,0.0007041666675135475,0.0008414686336521906,0.0008414686336521906,7.271953551943866e-05,0.018261034447012322,HYG_StaticLambda,True,False,0,Optimization terminated successfully,11,-0.018261034447012322,0.1300000000781736,0.13,0.13,0.10179259034910923,False,-0.10532884374649039,0.0,-7.817360647699445e-11,-7.817360647699445e-11,0.054671156253509615,0.4562674794201391,GLD,0,0.01842120270080624,0.010673488656407,0.022630956579566132,0.010135156439616067,0.0012210546578860226,0.0026929982090079783,-0.0003218970120295191,0.000349557501825921
2009-10,2009-09,2009-09,2009-09-29,0.5110100909362509,0.22998137802607077,0.003758789583557438,0.0037769769351720973,1.372519150850597,0.0,0.006062321649598026,1.8186964948794078e-05,3.8666586557845247e-10,0.3113832863814931,0.020019102752854828,0.6282094763467828,0.04038813451886938,0.4075078204716853,0.1444944824376323,0.4479976970906823,0.0,0.0191799890767329,0.0014083333334103448,0.22170986892033273,1.0,0.0007041666667051724,0.0008420865228564126,0.0008420865228564126,1.8189833472335936e-05,0.01761554605369898,HYG_StaticLambda,True,False,0,Optimization terminated successfully,10,-0.01761554605369898,0.13000000000355438,0.13,0.13,0.10146799410196557,False,-0.11327996239940948,0.0,-3.5543790133374387e-12,-3.5543790133374387e-12,0.04672003760059053,0.4479976970906823,GLD,0,0.017532703067447024,0.008694952174877393,0.02204059984766683,0.009126468176274775,0.0025952603140566933,0.00022729630927820817,-0.00041443753785633654,0.000246915998007154
2009-11,2009-10,2009-10,2009-10-30,0.6208937597410227,0.0,0.04386620835631855,0.04410713365215869,1.4327263618948467,0.0,0.06883579881146851,0.00020650739643440552,3.441789940573428e-05,0.37178246829877476,0.020595186657496628,0.5757293576236472,0.031892987420081426,0.30605049441371723,0.18043902831389272,0.5135104772723901,0.0,0.0179964422262923,0.0014083333387580868,0.20750730668295905,1.0,0.0007041666693790434,0.0007437520109954644,0.0007437520109954644,0.00024092679589833726,0.016307596750019453,HYG_StaticLambda,True,False,0,Optimization terminated successfully,9,-0.016307596750019453,0.13000000025037323,0.13,0.13,0.09856855663071627,False,-0.07715803810052713,0.0,-2.503732221548205e-10,-2.503732221548205e-10,0.08284196189947288,0.5135104772723901,GLD,1,0.012757379182919628,0.009316374557277006,0.02445529643483594,0.014852468939119715,-0.0017870094889419108,0.002200563380870168,5.450955476047589e-06,-0.0008086840639162519
2009-12,2009-11,2009-11,2009-11-30,0.437161376532362,0.7603978300180831,-0.002722769126708007,-0.002636143179671993,1.4288253787896588,-0.002722769126707991,0.02475027058171818,7.425081174515454e-05,1.2375135290859083e-05,0.4848317912379563,0.01626292301222042,0.4827134201767046,0.016191865573118736,0.32030274756058774,0.1544505518179502,0.5252467006214621,0.0,0.020492359377265876,0.0014083333336166461,0.23745831252549066,1.0,0.0007041666668083231,0.0007483461876821582,0.0007483461876821582,8.66274472002813e-05,0.018953219075575112,HYG_StaticLambda,True,False,0,Optimization terminated successfully,7,-0.018953219075575112,0.130000000013076,0.13,0.13,0.09638534397644143,False,-0.07882254843002312,0.0,-1.3075984739430169e-11,-1.3075984739430169e-11,0.08117745156997688,0.5252467006214621,GLD,1,0.011630753778013843,0.007653830263189936,0.027843996930660194,0.01543747260971724,0.00464825170164617,-0.0021191069520621946,-0.0003839327209313787,0.0024428772842423636
2010-01,2009-12,2009-12,2009-12-30,0.3869047445271933,0.4393939393939394,-0.020769461099930452,-0.020618306330019757,1.3991494456662934,-0.023435679779177265,0.043187077117341606,0.00012956123135202482,2.1593538558670806e-05,0.43172822953564666,0.04670945281769838,0.47064264437222925,0.05091967327442582,0.39393433180992443,0.12434647363676597,0.4817191945533095,0.0,0.019908750237444206,0.0014083333333357534,0.23045500284931597,1.0,0.0007041666666678767,0.0007758178008742026,0.0007758178008742026,0.00015115627004611107,0.018277609499856018,HYG_StaticLambda,True,False,0,Optimization terminated successfully,9,-0.01827760949985602,0.1300000000001117,0.13,0.13,0.0973761589757803,False,-0.09408992033003369,0.0,-1.1168843627729075e-13,-1.1168843627729075e-13,0.06591007966996631,0.4817191945533095,GLD,0,0.014262208684849636,0.00873679877105163,0.02362643110745127,0.012984772360769723,0.007085344168837103,-0.00043433760469248356,-0.0018983484027277168,0.0017875566517015057
2010-02,2010-01,2010-01,2010-01-29,0.4755215673485539,0.7553003533568905,0.007176809596051385,0.00747619704235918,1.4091908748342612,-0.016427063594655067,0.08596431052124821,0.00025789293156374467,4.1494514744050816e-05,0.47126339875848716,0.13718100393709762,0.30327474584544695,0.08828085145896829,0.29803601366179816,0.21433065192576153,0.4876333344124404,2.777421034046851e-18,0.015263918050823215,0.001408333338441748,0.17471701657922808,1.0,0.000704166669220874,0.0006513618869813425,0.0006513618869813425,0.00029938894658064686,0.013609000548040352,HYG_StaticLambda,True,False,0,Optimization terminated successfully,9,-0.013609000548040352,0.130000000235773,0.13,0.13,0.10123830147112116,False,-0.07391899093828863,0.0,-2.3577298446930683e-10,-2.3577298446930683e-10,0.08608100906171137,0.4876333344124404,GLD,0,0.007782641019462408,0.00883880661678695,0.02355313561654331,0.009773523387575157,0.0018617208756224126,-0.0016843943273435016,-0.0012902174338905864,0.0021799315416691323
2010-03,2010-02,2010-02,2010-02-26,0.46916697302973437,0.0,0.0013700551006572057,0.0017358034176139254,1.4111215439801275,-0.015079514476264544,0.10449951913049134,0.000313498557391474,5.224975956524562e-05,0.45921565825037264,0.19023622099908158,0.24786622560077573,0.10268189514977002,0.1917397796612112,0.3150083166579132,0.4932519036808755,0.0,0.015579996243630278,0.0014083333369955314,0.17850995490159016,1.0,0.0007041666684977657,0.0006074054381788462,0.0006074054381788462,0.000365749817237727,0.01390267431971594,HYG_StaticLambda,True,False,0,Optimization terminated successfully,9,-0.01390267431971594,0.13000000016902452,0.13,0.13,0.10215024397023183,False,-0.0809511902795162,0.0,-1.6902451660527618e-10,-1.6902451660527618e-10,0.07904880972048381,0.4932519036808755,GLD,0,0.005782492386819632,0.008646336509565727,0.02353340823923706,0.011698240798775857,0.0003081279707786794,0.0020463968811873863,-0.0011434650683000648,0.0010665104523949567
2010-04,2010-03,2010-03,2010-03-30,0.3738195129021655,0.8401709401709402,0.031648984039809626,0.031883771702279406,1.455782107203786,0.0,0.0754157112830451,0.00022624713384913528,8.540528620648622e-06,0.5574084526785155,0.1642776971637804,0.21496116089979872,0.06335268925790531,0.2183650898440365,0.23895318754729233,0.5053704746586607,0.037311247950010534,0.01437440512147294,0.001408333343252345,0.1640428613981612,1.0,0.0007041666716261725,0.000671294532844693,0.000671294532844693,0.0002347876625940489,0.012764156254408025,HYG_StaticLambda,True,False,0,Optimization terminated successfully,13,-0.012764156254408025,0.13000000045780052,0.13,0.13,0.09758920598490303,False,-0.08226679606460652,0.0,-4.5780051971533453e-10,-4.5780051971533453e-10,0.07773320393539349,0.5053704746586607,GLD,1,0.007903512593921512,0.008134971849206776,0.02183610013645685,0.014350424204743787,0.002952526097994256,-0.001775570807346054,-0.0024414182122400414,0.003947717372770416
2010-05,2010-04,2010-04,2010-04-30,0.4181018819555672,0.0867003367003367,0.06653439106102405,0.06665161773076532,1.5526416832241243,0.0,0.039075375763790866,0.0001172261272913726,5.424499113435011e-10,0.6145494562775751,0.15971166812222695,0.17917431069311776,0.046564564907080226,0.21754808354164445,0.23107032547018286,0.5513815909881727,0.0,0.016311117949269267,0.00140833333337735,0.1872834153909671,1.0,0.000704166666688675,0.0006342425491885036,0.0006342425491885036,0.00011722745117429945,0.014855481282217788,HYG_StaticLambda,True,False,0,Optimization terminated successfully,20,-0.01485548128221779,0.13000000000203155,0.13,0.13,0.09495102006738765,False,-0.08330367092065116,0.0,-2.0315416016103427e-12,-2.0315416016103427e-12,0.07669632907934884,0.5513815909881727,GLD,1,0.008578576029230867,0.008140638811858886,0.02277964572694257,0.0147298981182549,0.0014443721964258432,0.0009360441902620947,-0.0009557530317131588,0.001008096684372071
2010-06,2010-05,2010-05,2010-05-31,0.5500399626770266,0.0,0.017334938234187813,0.0178435198042028,1.57955663090264,0.0,0.1592649471845072,0.0004777948415535216,3.0786728461467606e-05,0.5050571935021844,0.29910856411902553,0.12299391252375004,0.07284032985504006,0.1300630603887057,0.38373499788935156,0.4862019417219428,9.307409782667066e-18,0.017945133899807307,0.0014083333348593454,0.2068916067885316,1.0,0.0007041666674296727,0.0005727465382793,0.0005727465382793,0.0005085830700436163,0.01615963762405472,HYG_StaticLambda,True,False,0,Optimization terminated successfully,9,-0.01615963762405472,0.13000000007043133,0.13,0.13,0.10107376007384695,False,-0.09043133420176427,0.0,-7.043132743689284e-11,-7.043132743689284e-11,0.06956866579823573,0.4862019417219428,GLD,0,0.0023663754056657805,0.009330965352815449,0.027490262891164775,0.008549378276422308,-0.00043563679978828165,0.002076074067944923,-0.0001009525303212954,-0.0011636971440996296
2010-07,2010-06,2010-06,2010-06-29,0.5118358171401906,0.0,-0.027107917838264828,-0.026964128436579155,1.536738139531245,-0.027107917838264828,0.044427888719924105,0.00013328366615977233,1.050573552590068e-05,0.3959308389261334,0.3735176997192883,0.11863357836829831,0.11191788298628008,0.1102830435311873,0.42953191015726055,0.4601850463115522,2.7755575615628914e-17,0.017700830110074145,0.001408333337438843,0.20395996129625665,1.0,0.0007041666687194215,0.000545726312536076,0.000545726312536076,0.00014379090178217612,0.01630714622703647,HYG_StaticLambda,True,False,0,Optimization terminated successfully,8,-0.016307146227036468,0.13000000018948507,0.13,0.13,0.10384399902558661,False,-0.09116986033507724,0.0,-1.8948506652627373e-10,-1.8948506652627373e-10,0.06883013966492277,0.4601850463115522,GLD,0,0.0018127163951297052,0.009861807485069618,0.026960766072733712,0.006872589571362607,-0.00013294928080979267,0.0024281498672335073,-0.00037004670652267263,-0.00046819727079231566
2010-08,2010-07,2010-07,2010-07-30,0.40281600387413874,0.7390243902439024,0.03966096536875157,0.03974188654303801,1.5976866576640334,0.0,0.02697366241577054,8.092098724731162e-05,1.8703912570193718e-10,0.40253777107319566,0.3552360353419152,0.12867321519397049,0.1135529783909187,0.11893823195132336,0.41878895230802266,0.46227281574065404,5.679960894973202e-19,0.01424826264880622,0.0014083333353067345,0.16252915177383423,1.0,0.0007041666676533673,0.0005467235743252845,0.0005467235743252845,8.092406153988364e-05,0.012916448345287684,HYG_StaticLambda,True,False,0,Optimization terminated successfully,13,-0.012916448345287684,0.13000000009108004,0.13,0.13,0.10132411661863648,False,-0.08967918615394885,0.0,-9.108003240498874e-11,-9.108003240498874e-11,0.07032081384605116,0.46227281574065404,GLD,0,0.004066913448842538,0.009871187558919565,0.02310691556678527,0.007606986946850535,0.0010723996346522315,-0.002068742877403994,-0.000675520402473185,0.0033873631954605267
2010-09,2010-08,2010-08,2010-08-31,0.37890707430675297,0.7764423076923077,-0.0035053719054155,-0.0034635813800949094,1.5920861717406005,-0.0035053719054156662,0.011940150091597353,3.582045027479206e-05,5.9700750457987155e-06,0.41777046453818495,0.32367176141442067,0.1456860664159741,0.11287170763142021,0.1250942269771563,0.39952827322149465,0.475377499801349,4.72136164799547e-18,0.015542895098043297,0.001408333337345344,0.1780647411524475,1.0,0.000704166668672672,0.000542543224057449,0.000542543224057449,4.179202572166128e-05,0.014254393179591514,HYG_StaticLambda,True,False,0,Optimization terminated successfully,7,-0.014254393179591514,0.13000000018516972,0.13,0.13,0.09882434501822923,False,-0.0842804501407693,0.0,-1.851697128962826e-10,-1.851697128962826e-10,0.0757195498592307,0.475377499801349,GLD,0,0.00432136136231806,0.00999713461063789,0.024904392096825524,0.004571347638394303,0.0009757553700848132,-0.0018534561252764971,-0.0004467209257527158,0.0016055198139416534
2010-10,2010-09,2010-09,2010-09-30,0.3857720308009343,0.3161648177496038,0.011115128727427316,0.011124107139111074,1.6097824144846544,0.0,0.0029925187120206248,8.977556136061875e-06,8.555476969120271e-10,0.3837969893794594,0.2724519549129632,0.20103745906795878,0.1427135966396187,0.13377110373727577,0.3896978744662842,0.47653102179644,1.4184181881279583e-19,0.015742969230200805,0.001408333333335516,0.18046563076239658,1.0,0.000704166666667758,0.0005262668809960275,0.0005262668809960275,8.980453753916646e-06,0.014503555228783103,HYG_StaticLambda,True,False,0,Optimization terminated successfully,12,-0.014503555228783103,0.13000000000010073,0.13,0.13,0.09768409845986764,False,-0.08250546019795398,0.0,-1.0072498390911733e-13,-1.0072498390911733e-13,0.07749453980204603,0.47653102179644,GLD,0,0.007337105457286416,0.009148570558136773,0.02388440648610094,0.004383015380830123,0.0010030933261526219,0.00036829813474146124,-0.0009717572923479145,0.0010959184715377684
2010-11,2010-10,2010-10,2010-10-29,0.336759665343251,0.0,0.04508435210183412,0.045094568381550265,1.682358411666621,0.0,0.002919023776737766,8.757071330213298e-06,1.4592083859387964e-06,0.35413327217488905,0.32706065245164095,0.16573817613411548,0.15306789923935443,0.13622297502380648,0.38581478508827066,0.47796223988792286,3.866028297622002e-18,0.01607313359653073,0.001408333333347995,0.1844276031582808,1.0,0.0007041666666739975,0.0005141519802416229,0.0005141519802416229,1.0218624523105044e-05,0.014844596325092005,HYG_StaticLambda,True,False,0,Optimization terminated successfully,8,-0.014844596325092005,0.13000000000067669,0.13,0.13,0.0982725001166114,False,-0.08214856064432581,0.0,-6.766809335090329e-13,-6.766809335090329e-13,0.07785143935567419,0.47796223988792286,GLD,0,0.006223913477472936,0.008925487231763653,0.023874858003452213,0.0040776728193599,0.0010053819370746415,0.0021944228163801502,-0.001282881354958726,0.0009934740228370164
2010-12,2010-11,2010-11,2010-11-30,0.6068482019031295,0.0,0.0024837375474228217,0.00257551909244284,1.6865369484219002,0.0,0.029796698704597478,8.939009611379243e-05,2.3914489062261144e-06,0.2995831503656475,0.3085106297709966,0.19307630472420476,0.1988299151391512,0.13866096682032913,0.40559351346130945,0.4557455197183615,0.0,0.017116659254479506,0.0014083333334252756,0.19694991105320242,1.0,0.0007041666667126378,0.0004816529452560943,0.0004816529452560943,9.178304528425082e-05,0.015839056597226522,HYG_StaticLambda,True,False,0,Optimization terminated successfully,7,-0.015839056597226522,0.1300000000042435,0.13,0.13,0.10054350132554764,False,-0.07869305902689201,0.0,-4.243494444722273e-12,-4.243494444722273e-12,0.08130694097310799,0.4557455197183615,GLD,0,0.007026004386296011,0.009655981199406662,0.025009310457905387,0.004045939484309439,-0.0009126372615916713,0.002417089682926606,-5.631777015471791e-05,-0.00047647772179065204
2011-01,2010-12,2010-12,2010-12-30,0.3518005490678859,0.8249235474006116,-0.025851035904306523,-0.02531778407776497,1.6429382212143062,-0.025851035904306485,0.1600172001147271,0.00048005160034418127,5.320022619736904e-05,0.32282507285192796,0.29335193793299075,0.20109105384792472,0.18273193536715657,0.2580142448870264,0.23936108741112488,0.5026246677018487,2.7755575615628914e-17,0.016100528540211153,0.0014083333428293154,0.18475634242555794,1.0,0.0007041666714146577,0.0004997501152193741,0.0004997501152193741,0.0005332533265696239,0.014363358427007497,HYG_StaticLambda,True,False,0,Optimization terminated successfully,10,-0.014363358427007497,0.1300000004382761,0.13,0.13,0.09735798483544657,False,-0.07047651684883698,0.0,-4.382760820931253e-10,-4.382760820931253e-10,0.08952348315116303,0.5026246677018487,GLD,1,0.0096863722057244,0.009059676119743208,0.024000921833435714,0.005261100185940573,0.0010894502420944084,-0.002267439462632151,-0.000734225135935574,0.0018220532074171712
2011-02,2011-01,2011-01,2011-01-31,0.32356450028976863,0.26136363636363635,0.01983107376317939,0.019908963100938967,1.6755194502675541,-0.006532615940999742,0.022254294272183103,6.676288281654931e-05,1.1126454943027317e-05,0.34572079087592444,0.37820462357567575,0.13184331168817812,0.1442312738602217,0.24490693137989683,0.24910939560634934,0.5059836730137538,0.0,0.015193870754736605,0.0014083333511647786,0.17387644894985058,1.0,0.0007041666755823893,0.0005033578619595563,0.0005033578619595563,7.789132293447952e-05,0.013908454894260179,HYG_StaticLambda,True,False,0,Optimization terminated successfully,22,-0.013908454894260179,0.13000000082298976,0.13,0.13,0.09646556693325395,False,-0.07136623408855525,0.0,-8.229897596745417e-10,-8.229897596745417e-10,0.08863376591144476,0.5059836730137538,GLD,1,0.008458557510472416,0.009061335343071837,0.021754203797518204,0.005868599752762618,0.0008091065182345297,0.0005452116252656295,-0.0009411320544437545,0.0011666329310449164
2011-03,2011-02,2011-02,2011-02-28,0.4823311448124028,0.0,0.0054258427537896515,0.005592112057202812,1.6846105553356219,-0.001142218134077,0.05542298252807239,0.00016626894758421716,3.558289425192873e-10,0.23193128132202823,0.2925618484120628,0.2102695182186891,0.2652373520472199,0.2239333589948009,0.30355991068071136,0.4725067303244878,2.775557561562892e-17,0.015869755466986997,0.0014083333333333723,0.18198706560384373,1.0,0.0007041666666666861,0.00046051947873081736,0.00046051947873081736,0.00016627183488060959,0.014538797486708884,HYG_StaticLambda,True,False,0,Optimization terminated successfully,16,-0.01453879748670888,0.1300000000000018,0.13,0.13,0.09953611548361972,False,-0.06867433971332951,0.0,-1.8041124150158794e-15,-1.8041124150158794e-15,0.0913256602866705,0.4725067303244878,GLD,0,0.007394704384191415,0.009561920703740581,0.023284800284725512,0.002733060876303966,-0.0002175628429790144,0.0019227889026439456,-0.0004782328016047253,0.0005804958868742974
2011-04,2011-03,2011-03,2011-03-31,0.3492734591739761,0.15895522388059702,0.03736337227308881,0.03749793404399738,1.7475532866498016,0.0,0.038676130935150155,0.00011602839280545046,1.8533378103120875e-05,0.2754524871131617,0.41477509985658545,0.12362238661429893,0.1861500264159539,0.20609143980287095,0.2943073001650358,0.49960126003209326,2.3680857448413097e-18,0.015008171226242525,0.00140833333333337,0.1716480547149101,1.0,0.000704166666666685,0.0004745828378173534,0.0004745828378173534,0.0001345632714209609,0.013694858450337527,HYG_StaticLambda,True,False,0,Optimization terminated successfully,9,-0.013694858450337527,0.1300000000000017,0.13,0.13,0.09688868855012503,False,-0.0722836995581835,0.0,-1.6930901125533637e-15,-1.6930901125533637e-15,0.0877163004418165,0.49960126003209326,GLD,0,0.007746516814170808,0.00864055576829572,0.02206067768679905,0.0064673073756918685,0.00017383704820823825,0.000822122608968725,-0.0008619345755957269,0.0013342906861724066
2011-05,2011-04,2011-04,2011-04-29,0.5267275526830861,0.0,-0.007965563451361275,-0.00787591025443587,1.7336330400603577,-0.007965563451361235,0.028467293064470954,8.540187919341286e-05,4.251317731991298e-06,0.23245044745550505,0.39784958740547655,0.13634288048199714,0.23335708465702124,0.21609191952053575,0.3005060707970499,0.4834020096824144,1.5352207471188177e-17,0.01594192083325449,0.0014083333333406226,0.18285304999901014,1.0,0.0007041666666703113,0.00045046530412429345,0.00045046530412429345,8.965469710692715e-05,0.014697634165352958,HYG_StaticLambda,True,False,0,Optimization terminated successfully,8,-0.014697634165352958,0.13000000000033643,0.13,0.13,0.09821869473787713,False,-0.07014502320931781,0.0,-3.3642533203703806e-13,-3.3642533203703806e-13,0.08985497679068219,0.4834020096824144,GLD,0,0.008820361209051253,0.008241640735114552,0.02332848444050579,0.005600230157322252,-0.00014678439943293105,0.001364704420434295,-0.0001989448233937056,0.00023640738875185596
2011-06,2011-05,2011-05,2011-05-31,0.4616519646582022,0.0,-0.023653956804175157,-0.02362008237242413,1.692625759016479,-0.03143110316173703,0.011291208039566729,3.387362411870019e-05,8.076323263706009e-10,0.24170877750078482,0.39040971640840666,0.14067012745102644,0.22721137863978205,0.2128200993681086,0.2927292706453888,0.4944506299865027,6.727268545387243e-19,0.015389237255413175,0.0014083333333345647,0.1762208470649507,1.0,0.0007041666666672824,0.0004521166010086364,0.0004521166010086364,3.387650087028242e-05,0.014199077486866973,HYG_StaticLambda,True,False,0,Optimization terminated successfully,17,-0.014199077486866973,0.13000000000005685,0.13,0.13,0.0965867050245497,False,-0.07144519588323377,0.0,-5.684341886080802e-14,-5.684341886080802e-14,0.08855480411676624,0.4944506299865027,GLD,0,0.00821836928324434,0.008132933199441464,0.02251259758238372,0.0031497333998912387,-2.2987127402187357e-05,0.0011906437394603475,-0.00043595196497535295,0.0005360805696765476
2011-07,2011-06,2011-06,2011-06-30,0.4698506128364458,0.342296511627907,0.033882364617871495,0.03391029730770106,1.7499759221450768,0.0,0.007980768522731246,2.394230556819374e-05,3.9903842613656086e-06,0.2058069204356129,0.2945036827640105,0.2055513820257406,0.29413801477463597,0.22168134035206535,0.2989767849013662,0.4793418747465685,2.0353288990220917e-18,0.01437083352822123,0.0014083333333578347,0.16400000233850776,1.0,0.0007041666666789174,0.00044151908043349366,0.00044151908043349366,2.793492393284039e-05,0.01319721285717598,HYG_StaticLambda,True,False,0,Optimization terminated successfully,10,-0.01319721285717598,0.13000000000113082,0.13,0.13,0.09748770823800183,False,-0.0632862580175388,0.0,-1.1308176617319532e-12,-1.1308176617319532e-12,0.0967137419824612,0.4793418747465685,GLD,0,0.008748256007855233,0.008154625713975114,0.02135351190461287,-0.0007711221651229179,8.427889139159721e-05,8.131025902567066e-06,-0.0005492569200015927,0.0006667775558985672
2011-08,2011-07,2011-07,2011-07-29,0.5046472055222658,0.0,0.02923386996747146,0.029285855305213528,1.801134490699272,0.0,0.014852997984772895,4.455899395431869e-05,7.426343787751033e-06,0.2022022283173377,0.2667490804570281,0.22897735159641955,0.30207133962921473,0.2308653533876288,0.28561161708655664,0.4835230295258146,2.460756345300993e-18,0.01531936737800919,0.0014083333359187406,0.17538240852059783,1.0,0.0007041666679593703,0.0004372833446946324,0.0004372833446946324,5.198794284979037e-05,0.014125929422505396,HYG_StaticLambda,True,False,0,Optimization terminated successfully,9,-0.014125929422505396,0.1300000001193265,0.13,0.13,0.09652177701165561,False,-0.06323555443547853,0.0,-1.1932649313095567e-10,-1.1932649313095567e-10,0.09676444556452148,0.4835230295258146,GLD,0,0.009180035838711135,0.007788833156562589,0.022494893638218647,-0.00038307361180397233,-0.00020069089767864328,0.0010926842342509758,-0.000345621448766715,0.00024977736200056024
2011-09,2011-08,2011-08,2011-08-30,0.631294416030155,0.6549497847919655,-0.0017498695332850255,-0.001617313206689998,1.7979827403286484,-0.0017498695332850422,0.03787329392333749,0.00011361988177001247,1.8936444825015248e-05,0.23666114366533325,0.30205171723626884,0.20264736526696098,0.25863977383143694,0.23146792950353434,0.27179836489473747,0.4967337056017283,2.539977495045009e-18,0.015427330065381595,0.0014083333333333337,0.17667796078457915,1.0,0.0007041666666666669,0.0004400501531119057,0.0004400501531119057,0.00013255883817226213,0.01415055440743076,HYG_StaticLambda,True,False,0,Optimization terminated successfully,12,-0.01415055440743076,0.13000000000000003,0.13,0.13,0.095772864209633,False,-0.06459272516094011,0.0,-2.7755575615628914e-17,-2.7755575615628914e-17,0.09540727483905989,0.4967337056017283,GLD,0,0.0059333313944877186,0.007080502938691386,0.024669365367442755,-0.001183003806361411,0.00010324542830378541,-0.000746969863652154,0.00010973066391741843,-1.9747290145039558e-05
2011-10,2011-09,2011-09,2011-09-30,0.6886451498507974,0.0,0.009796068113480398,0.009888388701729343,1.8155959017197698,0.0,0.030773514847518724,9.232054454255617e-05,4.370638700833409e-11,0.16587134112934226,0.22076751282760976,0.2631371235704062,0.3502240224726417,0.21079219792851156,0.31666832012707635,0.47253948194441203,0.0,0.015652538204197156,0.0014083333334038118,0.179380458449943,1.0,0.0007041666667019059,0.0004111981726494969,0.0004111981726494969,9.23239210985905e-05,0.014444849443747163,HYG_StaticLambda,True,False,0,Optimization terminated successfully,13,-0.014444849443747163,0.13000000000325285,0.13,0.13,0.09763399698636348,False,-0.06338411793010444,0.0,-3.252842439849246e-12,-3.252842439849246e-12,0.09661588206989556,0.47253948194441203,GLD,0,0.004883259476554538,0.008219161528167937,0.02471435195214626,-0.003910505226325535,-0.0005937320196407118,0.0008012176561099428,0.00045152606370171193,-0.0009714924968609466
2011-11,2011-10,2011-10,2011-10-31,0.7073221295186016,0.0,0.03339284549230513,0.03347019919494556,1.8762238151423605,0.0,0.025783558373915133,7.73506751217454e-05,3.0275186772149575e-09,0.13231511916152436,0.16943843572217884,0.3061722392144823,0.3920742059018146,0.23494282089901625,0.29118537419567503,0.4738718049053088,2.7755575615628914e-17,0.01580659248846586,0.0014083333333542718,0.18122910986146468,1.0,0.0007041666666771359,0.0004065393448734494,0.0004065393448734494,7.735536673932166e-05,0.01461853111017595,HYG_StaticLambda,True,False,0,Optimization terminated successfully,15,-0.01461853111017595,0.1300000000009664,0.13,0.13,0.09799240887752039,False,-0.06219981263733415,0.0,-9.663936317849675e-13,-9.663936317849675e-13,0.09780018736266585,0.4738718049053088,GLD,0,0.0079895321414543,0.00841176230481945,0.023473167819883387,-0.003062982409634464,-0.00028526580841749043,0.0008168721626025268,0.00039254211568319887,-0.0007483374693402511
2011-12,2011-11,2011-11,2011-11-29,0.5967912685548453,0.0,-0.029915177586836292,-0.029898329596177206,1.8200962465197252,-0.02991517758683626,0.00481375301229109,1.444125903687327e-05,2.4067316222125967e-06,0.11409160496987143,0.1446676511659311,0.3268263613037434,0.4144143825604541,0.23570654107767663,0.2844084459700702,0.4798850129522533,1.5957596510122734e-18,0.016233163826657383,0.0014083333333335289,0.18634796591988742,1.0,0.0007041666666667644,0.0004038777637622188,0.0004038777637622188,1.685061807573851e-05,0.015108268778152661,HYG_StaticLambda,True,False,0,Optimization terminated successfully,10,-0.015108268778152661,0.13000000000000903,0.13,0.13,0.09707526724811943,False,-0.06275671651960303,0.0,-9.020562075079397e-15,-9.020562075079397e-15,0.09724328348039697,0.4798850129522533,GLD,0,0.008492338414293503,0.008500002184371662,0.0241957324852302,-0.0005888033661751472,-0.0002232069893381041,0.0007381993703298129,9.478003009455726e-05,-8.634523100384183e-05
2012-01,2011-12,2011-12,2011-12-29,0.5353249842712401,0.44637883008356544,0.045165798158816634,0.04522513522157196,1.902302346219655,0.0,0.01977810019586755,5.933430058760266e-05,2.7621677248504283e-09,0.09820993652221215,0.12017604334459271,0.35149812890447446,0.4301158912287207,0.23297774888644862,0.29161588222340584,0.47540636889014565,0.0,0.014980091597266322,0.0014083333334092773,0.1713110991667402,1.0,0.0007041666667046386,0.0004078865224341257,0.0004078865224341257,5.933874238937665e-05,0.013808699665738182,HYG_StaticLambda,True,False,0,Optimization terminated successfully,30,-0.013808699665738182,0.13000000000350512,0.13,0.13,0.09603666672316774,False,-0.06239988149767998,0.0,-3.5051128666196973e-12,-3.5051128666196973e-12,0.09760011850232003,0.47540636889014565,GLD,0,0.007871430111485523,0.00967410189041144,0.022047444896274332,-0.0003030356928692369,9.997372843399995e-05,-0.0003385006559386537,-0.00017032467724824307,0.00015593150598672078
2012-02,2012-01,2012-01,2012-01-31,0.5484523870725403,0.4903448275862069,0.002989638755112926,0.0029988031649045848,1.9079895430378557,0.0,0.0026184027976168273,7.855208392850482e-06,1.3092013988084388e-06,0.07990735687135497,0.07657640718359117,0.4307357590706741,0.41278047687437985,0.24177807314574146,0.27475992121948634,0.4834620056347722,3.626719811917956e-18,0.0159228787753957,0.0014083333333333424,0.18262454530474836,1.0,0.0007041666666666712,0.00041005807593125644,0.00041005807593125644,9.166616414398372e-06,0.014799487416383376,HYG_StaticLambda,True,False,0,Optimization terminated successfully,10,-0.014799487416383376,0.13000000000000042,0.13,0.13,0.09412279621076029,False,-0.0629372204837284,0.0,-4.163336342344337e-16,-4.163336342344337e-16,0.0970627795162716,0.4834620056347722,GLD,0,0.01049718657154327,0.009191017144325866,0.022742845864332846,-0.001140946566833587,0.00017013364541739685,-0.00044500731523090147,-0.00011293586402472838,0.00010280534220708358
2012-03,2012-02,2012-02,2012-02-28,0.46339796327952454,0.287568306010929,-0.008315050681008622,-0.008163260085958253,1.8921245132886615,-0.008315050681008573,0.050596838697821625,0.00015179051609346487,7.895690269460452e-11,0.18497537682135398,0.1461114785756799,0.3737160173130781,0.295197127289888,0.25156592277486506,0.22803308797972774,0.5204009892454073,0.0,0.01578156761046357,0.001408333333333334,0.18092881132556282,1.0,0.000704166666666667,0.00044062143373986904,0.00044062143373986904,0.00015179380403562102,0.01448498570602141,HYG_StaticLambda,True,False,0,Optimization terminated successfully,12,-0.01448498570602141,0.13000000000000003,0.13,0.13,0.08965610344709092,False,-0.06672630199118172,0.0,-2.7755575615628914e-17,-2.7755575615628914e-17,0.09327369800881828,0.5204009892454073,GLD,1,0.010410928804322725,0.008991237388255477,0.021587519098775286,0.002701960086775204,3.188224224094493e-06,4.219261086303784e-05,-0.0002543357613609742,0.0002154440005971839
2012-04,2012-03,2012-03,2012-03-30,0.3737798035973007,0.09256756756756757,0.0016333109183077343,0.0016540444854497367,1.8952149409150136,-0.006695320825764406,0.006911120049974588,2.0733360149923762e-05,2.0699207868457056e-10,0.13328679784630257,0.08649764791853536,0.47315647152370116,0.307059082711461,0.2530766193082243,0.22337517189393208,0.5235482087978437,2.23093230728147e-18,0.015542146266055119,0.001408333333406669,0.17805575519222142,1.0,0.0007041666667033345,0.0004380600673012906,0.0004380600673012906,2.073640399959885e-05,0.014379183128050897,HYG_StaticLambda,True,False,0,Optimization terminated successfully,7,-0.014379183128050897,0.1300000000033847,0.13,0.13,0.08887731583746845,False,-0.06705264100051876,0.0,-3.384709179599099e-12,-3.384709179599099e-12,0.09294735899948124,0.5235482087978437,GLD,1,0.0116628583287458,0.008998969549656627,0.020638662412564655,0.0015559933072596898,-0.0001961299638235394,0.0003899183795743909,-0.0005011836003299115,0.00031034377342619855
2012-05,2012-04,2012-04,2012-04-30,0.3812444741959332,0.5308724832214765,-0.021726043705969166,-0.02159667716405208,1.854039418276488,-0.02827590169884764,0.039923186902140015,0.00011976956070642005,9.596981210665117e-06,0.15843671692654096,0.07471027590642249,0.5211204800219603,0.2457325271450762,0.27101447668025724,0.18543096543295745,0.5435545578867854,0.0,0.015553155749268882,0.0014083333333364165,0.1781878689912081,1.0,0.0007041666666682083,0.0004591503568505112,0.0004591503568505112,0.00012936804202415175,0.014260470683726012,HYG_StaticLambda,True,False,0,Optimization terminated successfully,9,-0.014260470683726012,0.1300000000001423,0.13,0.13,0.08607487034516353,False,-0.06429130939193296,0.0,-1.4230283618132944e-13,-1.4230283618132944e-13,0.09570869060806704,0.5435545578867854,GLD,1,0.012146206443131963,0.008930998945321749,0.01996647255972435,0.0029233625144563045,0.0003275817125321093,-0.0004981251068048821,-0.0004489053001736495,0.00029606644028208314
2012-06,2012-05,2012-05,2012-05-31,0.4555759192251566,0.322,-0.030571459571000607,-0.030560890939438964,1.797358727157607,-0.05798292568422825,0.0035228516679632624,1.0568555003889788e-05,7.655775407971515e-11,0.2160469939491774,0.07443553682675076,0.5277051118042363,0.1818123574198354,0.25396561985273614,0.18626447345727642,0.5597699066899875,1.8974804911332123e-18,0.015109790700408906,0.0014083333333340233,0.17286748840490274,1.0,0.0007041666666670116,0.000468728899766201,0.000468728899766201,1.0571849064965142e-05,0.013926323284910728,HYG_StaticLambda,True,False,0,Optimization terminated successfully,8,-0.013926323284910728,0.13000000000003184,0.13,0.13,0.08442395265358524,False,-0.06653606231501506,0.0,-3.1835645231126364e-14,-3.1835645231126364e-14,0.09346393768498494,0.5597699066899875,GLD,1,0.010639905839770909,0.008654759897291241,0.019506462629793248,0.0009804079695721413,7.722792660174072e-06,-5.178375626544684e-05,-0.00020705023797779434,5.495833719670368e-05
2012-07,2012-06,2012-06,2012-06-29,0.44660210472209994,0.5739762219286658,0.015004086190977622,0.015048166920201026,1.8243264524159857,-0.04384882030782189,0.014693107358781932,4.4079322076345794e-05,1.407147058568578e-09,0.1683578290263289,0.04680388107480439,0.6141133130146738,0.17072497688419297,0.2650779251135811,0.17690601987474386,0.5580160550116752,1.8627055801394154e-18,0.014206803739656541,0.0014083333333429276,0.16203164487582095,1.0,0.0007041666666714638,0.00047910747181735173,0.00047910747181735173,4.408257409524468e-05,0.012979447027072481,HYG_StaticLambda,True,False,0,Optimization terminated successfully,20,-0.012979447027072481,0.13000000000044282,0.13,0.13,0.08401526498716733,False,-0.06890014602851682,0.0,-4.428124533717437e-13,-4.428124533717437e-13,0.09109985397148318,0.5580160550116752,GLD,1,0.011585802692823347,0.00847431354997674,0.017606413991780537,-0.00044813651879283163,0.00025825680409132613,-0.00047668067833094095,-0.00030874748763601865,6.836487552032578e-05
2012-08,2012-07,2012-07,2012-07-31,0.48878534642768656,0.0,0.038168803038710564,0.03822560437162693,1.8939588094565611,-0.007353674254920284,0.018933423494574442,5.680027048372333e-05,1.0624326404749849e-09,0.1395093436997862,0.020773912948483672,0.730883151543366,0.10883359180836398,0.26242015424951926,0.1598188199222321,0.5777610258282487,2.2230484626587528e-18,0.01444434328705886,0.0014083333335909748,0.16488211944316045,1.0,0.0007041666667954874,0.0004935798446885399,0.0004935798446885399,5.680328009479712e-05,0.013189793495480034,HYG_StaticLambda,True,False,0,Optimization terminated successfully,17,-0.013189793495480034,0.13000000001189116,0.13,0.13,0.08132830137209986,False,-0.071082444958768,0.0,-1.1891154727550202e-11,-1.1891154727550202e-11,0.088917555041232,0.5777610258282487,GLD,1,0.012756003566703502,0.00879379071089125,0.01691442628622287,0.0015511485655883804,-0.00035027741006662163,0.0003573605138380152,-7.99495891357723e-05,2.684931153020273e-06
2012-09,2012-08,2012-08,2012-08-31,0.5041064592870463,0.0,0.02394172544637686,0.023975572395697385,1.939303451279317,0.0,0.009670556948721515,2.9011670846164545e-05,4.835278474360744e-06,0.10374140660808509,0.011617002980822709,0.7955550294105705,0.0890865610005217,0.2648680053904616,0.14978761051783512,0.5853443840917033,1.2756316185649763e-18,0.015129628379011772,0.0014083333526963594,0.1731055404319631,1.0,0.0007041666763481797,0.0004963594500218599,0.0004963594500218599,3.384844975088263e-05,0.01389525380289085,HYG_StaticLambda,True,False,0,Optimization terminated successfully,7,-0.01389525380289085,0.13000000089367814,0.13,0.13,0.08001104908101447,False,-0.07192347909996226,0.0,-8.936781314972109e-10,-8.936781314972109e-10,0.08807652090003774,0.5853443840917033,GLD,1,0.01324883156751262,0.008873108749037576,0.017648769558671517,0.00385890283114757,-0.0003646491611570658,0.0003309834604759934,1.3246146744347463e-05,5.182141753482071e-06
2012-10,2012-09,2012-09,2012-09-28,0.39009999583290583,0.7454896907216495,-0.043001419600194074,-0.042742567116075755,1.8559106498387505,-0.0430014196001941,0.07395785260523383,0.0002218735578157015,3.697892630261693e-05,0.11377464950740371,0.01595476898929712,0.7632403778150006,0.1070302036882985,0.3446767631704818,0.07172008976672936,0.5836031470627889,0.0,0.015678855734894054,0.0014083333348860203,0.17969626880941253,1.0,0.0007041666674430101,0.0005463873302174961,0.0005463873302174961,0.00025885398451570656,0.014169447752717841,HYG_StaticLambda,True,False,0,Optimization terminated successfully,10,-0.014169447752717841,0.13000000007166249,0.13,0.13,0.07961445619457536,False,-0.07506670819315589,0.0,-7.16624815044753e-11,-7.16624815044753e-11,0.08493329180684411,0.5836031470627889,GLD,1,0.013715929784154526,0.008200523448230102,0.01801346522081929,0.0017423050581285365,0.0003587325921221432,-0.0004997134031514625,-0.0004067337829804726,7.094565467006502e-05
2012-11,2012-10,2012-10,2012-10-30,0.4593555935966981,0.3814102564102564,-0.013875714486090979,-0.013828328676789434,1.8301585635498925,-0.0562804586654162,0.013703509228180484,4.111052768454145e-05,6.275281617004101e-06,0.12101846742473263,0.01649654852323969,0.7590197348797995,0.10346524917222816,0.35487448788954395,0.07528766396923328,0.5698378481412228,0.0,0.014183832126221896,0.0014083333487361286,0.16175598542224598,1.0,0.0007041666743680643,0.0005587761345313042,0.0005587761345313042,4.7387310086461125e-05,0.012873502007236066,HYG_StaticLambda,True,False,0,Optimization terminated successfully,7,-0.012873502007236066,0.13000000071089823,0.13,0.13,0.08101102242526287,False,-0.0747429106056398,0.0,-7.108982291725852e-10,-7.108982291725852e-10,0.0852570893943602,0.5698378481412228,GLD,1,0.012126607250645769,0.007744543559763164,0.016580127676800845,-0.0002598562829953593,1.9416847904905815e-05,-0.00014114507062631813,-0.00025780727597118577,2.7821411544626045e-05
2012-12,2012-11,2012-11,2012-11-30,0.38372560012935913,0.0,0.013786692038930804,0.013854121864789687,1.855390396047967,-0.043269687977915194,0.02247633510312401,6.742900530937204e-05,8.205495096585968e-10,0.1292502311894703,0.011855669470831677,0.7867301111253917,0.07216398821430645,0.36806191190485393,0.05245858336280139,0.5794795047323448,0.0,0.01365473039447047,0.00140833333334165,0.15540676473359574,1.0,0.000704166666670825,0.0005801998413647733,0.0005801998413647733,6.743188727073479e-05,0.012302931999164138,HYG_StaticLambda,True,False,0,Optimization terminated successfully,20,-0.012302931999164138,0.13000000000038384,0.13,0.13,0.0798672593324782,False,-0.07781731530214309,0.0,-3.8383185518853224e-13,-3.8383185518853224e-13,0.08218268469785692,0.5794795047323448,GLD,1,0.012689787220454213,0.007050819500466105,0.01515637214688011,0.000293970977551257,-9.054273919033027e-05,7.345643859241633e-05,-0.0002400569220931093,1.855647848208328e-05
2013-01,2012-12,2012-12,2012-12-28,0.5400276805047992,0.0,-0.0020308598789291043,-0.0018516423302320539,1.8516223581328828,-0.04521267318355615,0.051205576077525156,0.00015361672823257548,2.5600820464474703e-05,0.1027413034182501,0.005794079333884558,0.84387445278066,0.04759016446720528,0.43199138664669984,0.0018351715552519193,0.5661734417980483,2.252251214679368e-18,0.014198706230083801,0.001408333333527372,0.16193447475984138,1.0,0.000704166666763686,0.0006397887902221455,0.0006397887902221455,0.0001792192363398168,0.012675531536758152,HYG_StaticLambda,True,False,0,Optimization terminated successfully,35,-0.012675531536758152,0.13000000000895565,0.13,0.13,0.07871948705870736,False,-0.08847827701954293,0.0,-8.955641783714441e-12,-8.955641783714441e-12,0.07152172298045707,0.5661734417980483,GLD,1,0.014076984802760071,0.007417489106746864,0.014172630927252045,0.0012712385792986761,-6.349432788832883e-05,0.00031195194015854973,0.00018836448064733763,-4.578928027043146e-06
2013-02,2013-01,2013-01,2013-01-31,0.3849746221533161,0.0,-0.019955970541925012,-0.01995591419749137,1.8146714368992132,-0.06426638095130843,1.8775823718598728e-05,5.6327471155796186e-08,1.6962487476922553e-11,0.17809613341115552,0.008301256050598046,0.7773686074064654,0.03623400313178101,0.42060257301262816,0.0018621341313285894,0.5775352928560433,2.3465369896481564e-18,0.013628122676770493,0.0013725730828443217,0.15530203362418,1.0,0.0006862865414221608,0.0006284803222894699,0.0006284803222894699,5.985763981358544e-08,0.01231329595541905,HYG_StaticLambda,True,False,0,Optimization terminated successfully,3,-0.01231329595541905,0.1283389145743872,0.13,0.13,0.0768116947408936,False,-0.08721872640671224,0.0,0.0016610854256128016,0.0016610854256128016,0.07278127359328776,0.5775352928560433,GLD,1,0.012595364230370207,0.007805497653301305,0.014731195185539211,0.0031986557306403884,-8.120083667945533e-05,0.00018265599629632522,-0.0002736227323735311,4.136661003297473e-06
2013-03,2013-02,2013-02,2013-02-28,0.4148604124417499,0.39542079207920794,0.0015356965948251286,0.0015357234579893525,1.817458221645586,-0.0628293780188719,7.697434001232504e-06,2.3092302003697513e-08,3.770862220205883e-09,0.11567106710802731,0.005054936847299265,0.8424577810134611,0.036816215031212275,0.44531981936212633,0.0018944121912541473,0.5527857684466196,2.2137109513808727e-18,0.012657374618626153,0.0013341202686950773,0.14388377381134337,1.0,0.0006670601343475387,0.0006297745127057746,0.0006297745127057746,2.987672039006411e-08,0.01136051009485245,HYG_StaticLambda,True,False,0,Optimization terminated successfully,2,-0.01136051009485245,0.1265284285223717,0.13,0.13,0.07661568893248678,False,-0.08638222165908016,0.0,0.0034715714776283046,0.0034715714776283046,0.07361777834091984,0.5527857684466196,GLD,1,0.013564540861780095,0.007644548904911332,0.012505866345350683,0.0010968236591043965,2.9045487286351166e-05,-0.0001936886306642963,-0.0005848535827475173,1.5244331041439551e-05
2013-04,2013-03,2013-03,2013-03-29,0.2887152024867031,0.6881127450980392,-0.060448150309578216,-0.06044814004460113,1.7075962338821749,-0.11947960864210805,2.9805575785379828e-06,8.941672735613948e-09,1.3233043486127121e-09,0.16082744614410002,0.008070246392351288,0.7913906909354841,0.039711616528064736,0.43756625589297715,0.001917254716456377,0.5605164893905665,0.0,0.012190480993000404,0.0013154415993237858,0.13839312232006212,1.0,0.0006577207996618929,0.0006190944037072577,0.0006190944037072577,1.3455647814613233e-08,0.01091365233398344,HYG_StaticLambda,True,False,0,Optimization terminated successfully,2,-0.01091365233398344,0.12563956061641346,0.13,0.13,0.0756010125907709,False,-0.08540481701766862,0.0,0.004360439383586545,0.004360439383586545,0.07459518298233138,0.5605164893905665,GLD,1,0.012500870962803305,0.007837333841313302,0.013003321361007233,0.0027599243953869146,9.217035319065777e-05,-0.0005142705861089163,-0.0011104493355324375,4.2792817573137316e-05
2013-05,2013-04,2013-04,2013-04-30,0.3941438454581441,0.0,-0.009775708354380266,-0.009775703573709394,1.6909032711127046,-0.12808731918810756,1.4447784013691546e-06,4.334335204107464e-09,4.4633566869366134e-10,0.1872512298024433,0.006285736432083917,0.7802705488304464,0.026192484935026336,0.44994890582542096,0.002104624825465509,0.5479464693491136,1.334401369077201e-21,0.01073390388883106,0.0013587182981032037,0.1206545368773535,1.0,0.0006793591490516018,0.0006626413311431938,0.0006626413311431938,8.530017196718773e-09,0.00939189487861907,HYG_StaticLambda,True,False,0,Optimization terminated successfully,1,-0.00939189487861907,0.12768954372711355,0.13,0.13,0.07457825681560148,False,-0.09368082144207257,0.0,0.002310456272886452,0.002310456272886452,0.06631917855792743,0.5479464693491136,GLD,1,0.011483585618728285,0.008322793621206876,0.011012945040102456,0.0019177885881773273,-1.7667531710629358e-05,0.00014881721239180448,-0.0008714488544943058,-2.4397959137813775e-06
2013-06,2013-05,2013-05,2013-05-31,0.41965936331192466,0.0,-0.08971117586532093,-0.08971117170120871,1.5392103503866663,-0.20630763103562666,1.2067892047461666e-06,3.6203676142385e-09,5.437446020807164e-10,0.20514709260449407,0.00617990651775898,0.7656095710332463,0.023063429844500598,0.4641924516409819,0.0020829942549068087,0.5337245541041113,0.0,0.010422426721409748,0.0013199908090131573,0.11714917580283803,1.0,0.0006599954045065786,0.000658714981433635,0.000658714981433635,8.316291225095575e-09,0.009103708019178309,HYG_StaticLambda,True,False,0,Optimization terminated successfully,1,-0.009103708019178309,0.12585662361654984,0.13,0.13,0.07447462185456698,False,-0.10341709332093346,0.0,0.004143376383450165,0.004143376383450165,0.05658290667906654,0.5337245541041113,GLD,1,0.011631655967600255,0.007711524370893446,0.010172985860045948,0.0025340239651341786,-1.3946574053294402e-05,8.115200057141459e-05,-0.0007798605542975473,-4.770589308560012e-06
2013-07,2013-06,2013-06,2013-06-28,0.46942288264498905,0.9671052631578947,0.05031939476669616,0.05040259398242235,1.6166624836367578,-0.16636951139839407,0.027732931597306346,8.319879479191904e-05,4.209342648741476e-10,0.19849493409641197,0.006356740544736339,0.7704741233649349,0.02467420199391679,0.46912584213980035,0.03001677145632305,0.5008573864038766,2.900579624577626e-17,0.008530369574502693,0.0013939835182795275,0.09400053378435515,1.0,0.0006969917591397637,0.0007172214056758561,0.0007172214056758561,8.32016464208604e-05,0.0070329547632662125,HYG_StaticLambda,True,False,0,Optimization terminated successfully,16,-0.0070329547632662125,0.12933600511595497,0.13,0.13,0.07669061575551825,False,-0.1189943146702509,0.0,0.0006639948840450327,0.0006639948840450327,0.0410056853297491,0.5008573864038766,GLD,1,0.009741982928480995,0.007523572295687769,0.007913343298332376,0.003767375914487121,0.000126031778843779,-0.0002336647598818669,-0.0005615312332672408,2.440780427210767e-05
2013-08,2013-07,2013-07,2013-07-30,0.32736818074270263,0.7633451957295374,0.019839054200972796,0.01996301029587185,1.6487355382743067,-0.14983107095144332,0.0413185903379276,0.0001239557710137828,3.238852720126012e-10,0.1831514214598763,0.014671933685155937,0.7426817357302878,0.0594949091246799,0.46217946749984995,0.07063651358801092,0.46718401891213923,1.3302790440129999e-18,0.00870793016581885,0.0013088447995799775,0.09664209319234635,1.0,0.0006544223997899888,0.0006504435008370481,0.0006504435008370481,0.00012395868233923613,0.007279105582852578,HYG_StaticLambda,True,False,0,Optimization terminated successfully,12,-0.007279105582852578,0.1253241301384523,0.13,0.13,0.0782986232319567,False,-0.12328086769379049,0.0,0.0046758698615476935,0.0046758698615476935,0.03671913230620952,0.46718401891213923,GLD,0,0.00992885781336192,0.007961771549152862,0.009529300490319054,0.0051127716315739515,0.00011756404908028827,-0.00022002419717650367,-0.001999440574894135,5.890640272725334e-05
2013-09,2013-08,2013-08,2013-08-30,0.35509957117713065,0.8071512309495897,-0.028561063416434673,-0.028561061840543224,1.6016458980087247,-0.17411279964868154,4.732761556206795e-07,1.4198284668620385e-09,1.560629809902754e-10,0.1765941703995579,0.016870721017297145,0.7362028187919014,0.07033228979124345,0.45843909141791045,0.06698552713634283,0.47457538144574674,0.0,0.009258240172412759,0.001311104010553267,0.1032322580056335,1.0,0.0006555520052766335,0.0006451565334287056,0.0006451565334287056,6.7740224586375354e-09,0.007957524859684961,HYG_StaticLambda,True,False,0,Optimization terminated successfully,1,-0.007957524859684961,0.12543224516303295,0.13,0.13,0.07866066994563055,False,-0.12837566311982126,0.0,0.004567754836967058,0.004567754836967058,0.03162433688017874,0.47457538144574674,GLD,0,0.009864610947469077,0.007231275965629355,0.010150329685994665,0.004471323670094494,0.00011382027825413924,-0.00038234891675502906,-0.0012477224206157004,5.7407111933561454e-05
2013-10,2013-09,2013-09,2013-09-30,0.44349042810216743,0.0,0.013647087712629544,0.013647097153540443,1.6235037000634231,-0.16284184458474904,2.8926409299592104e-06,8.67792278987763e-09,7.629881087976143e-10,0.16055984838509346,0.013222442308961916,0.7633539045286595,0.06286380477728518,0.4903739286721781,0.06792286051629678,0.44170321081152514,2.7619946203016085e-17,0.008805568133267681,0.0012954955923935882,0.09789384404485063,1.0,0.0006477477961967941,0.0006590125870208511,0.0006590125870208511,1.2279991214694689e-08,0.007498795470058821,HYG_StaticLambda,True,False,0,Optimization terminated successfully,2,-0.007498795470058821,0.12468338746089255,0.13,0.13,0.07864985651014911,False,-0.13539541325645688,0.0,0.0053166125391074515,0.0053166125391074515,0.024604586743543128,0.4903739286721781,KODEX200,0,0.010550302156681473,0.006800965449559431,0.007952517479489777,0.0032672214177112595,-9.495891191590307e-05,0.0001244141088240879,-0.0006893853074252836,5.923189280674519e-06
2013-11,2013-10,2013-10,2013-10-31,0.41028701059594863,0.0,-0.021727325451607143,-0.02172731886612923,1.5882293068002566,-0.1810310522819233,1.991906293491362e-06,5.975718880474086e-09,6.097590303234216e-10,0.2573975306493802,0.010988891341508633,0.7016581799190117,0.029955398090099353,0.4960345252307059,0.06787330390275262,0.4360921708665415,5.293185532146434e-17,0.008977200652662961,0.0012388551091510503,0.10029327717704924,1.0,0.0006194275545755251,0.0006538528981175674,0.0006538528981175674,9.892774604084314e-09,0.007703910307195265,HYG_StaticLambda,True,False,0,Optimization terminated successfully,2,-0.007703910307195265,0.12192727877637803,0.13,0.13,0.07632848787807142,False,-0.13849829957729703,0.0,0.008072721223621973,0.008072721223621973,0.02150170042270297,0.4960345252307059,KODEX200,0,0.010705175710503657,0.0068744590447563335,0.008350034680988444,0.00290267580187807,-6.996647042309544e-05,5.499859163152192e-05,-0.0009400312038026352,-7.9515902815696e-06
2013-12,2013-11,2013-11,2013-11-29,0.37288939299821966,0.2818599311136625,-0.012236651928015188,-0.012063070445793456,1.5687946975910692,-0.19105249023500226,0.05350989660042447,0.00016052968980127341,1.3051792420458638e-05,0.2371295655574871,0.013047377412432604,0.7107178369347507,0.039105220095329615,0.5388521742902715,0.09686313508392377,0.36428469062580465,0.0,0.008428958917326215,0.001208645382831274,0.09389563471092693,1.0,0.000604322691415637,0.0006534263799447089,0.0006534263799447089,0.00017358298230142296,0.006997626863664446,HYG_StaticLambda,True,False,0,Optimization terminated successfully,11,-0.006997626863664446,0.12043149336438243,0.13,0.13,0.07639684734563788,False,-0.1398857857940952,0.0,0.009568506635617577,0.009568506635617577,0.020114214205904812,0.5388521742902715,KODEX200,1,0.010689678740274973,0.006790840523448392,0.007078417496319951,0.002086934516520471,-4.3575897712144195e-07,-0.00011655438666965949,-0.0015263180869081654,1.2113836266201128e-05
2014-01,2013-12,2013-12,2013-12-30,0.297145857403382,0.628132118451025,-0.0071217416083206265,-0.006836466845755991,1.5576221471183223,-0.19681360537424286,0.09505885236633335,0.00028517655709900006,9.820546563508309e-08,0.21227690141493766,0.018617368122108915,0.707091525703511,0.06201420475944236,0.539971956538843,0.19271411271726377,0.2673139307438932,0.0,0.007911923191634066,0.0010766004603640924,0.08848347553742424,1.0,0.0005383002301820462,0.0005798338745422443,0.0005798338745422443,0.0002852762676717645,0.006508512819238011,HYG_StaticLambda,True,False,0,Optimization terminated successfully,15,-0.006508512819238011,0.11366268307746878,0.13,0.13,0.07692060311011374,False,-0.1318366990117213,0.0,0.016337316922531223,0.016337316922531223,0.02816330098827871,0.539971956538843,KODEX200,1,0.01017008737735624,0.006700557232697204,0.006853256326441928,0.0021226664494631868,8.387284743598071e-05,-0.0003996147886915479,-0.00251082759041558,4.988531733225486e-05
2014-02,2014-01,2014-01,2014-01-29,0.43280930988984656,0.0,0.02812087520776029,0.02812087846909402,1.60142384513828,-0.17422730100240114,9.99384661942715e-07,2.998153985828145e-09,2.631797433594318e-10,0.1931702626961075,0.020744183662229618,0.7098555309546861,0.07623002268697673,0.5165243200733927,0.20081885892988188,0.28265682099672546,0.0,0.008162894865270892,0.0010187063113202457,0.09184250051532923,1.0,0.0005093531556601229,0.0005405957878715144,0.0005405957878715144,7.540154758360652e-09,0.007112938381584497,HYG_StaticLambda,True,False,0,Optimization terminated successfully,1,-0.007112938381584497,0.1105643511075923,0.13,0.13,0.07726226941004341,False,-0.12491539660984441,0.0,0.019435648892407703,0.019435648892407703,0.035084603390155594,0.5165243200733927,KODEX200,1,0.009125513545099061,0.007191727900966702,0.007624418921639477,0.0023026671622453252,-4.0461535018845e-05,0.0001402482051762803,-0.0005563231631467019,1.9346377128350217e-06
2014-03,2014-02,2014-02,2014-02-28,0.3465737997792449,0.0,-0.013291075974844944,-0.013291074057872672,1.580139199144619,-0.18520270868273092,5.477063636377677e-07,1.6431190909133032e-09,2.7385318183970054e-10,0.2252092471470503,0.025497743093426794,0.6730873936088797,0.07620561615064321,0.510114286836696,0.19675446974640004,0.293131243416904,2.7755575615628914e-17,0.008333798398170396,0.0010036209387143183,0.09398385514575884,1.0,0.0005018104693571591,0.0005294463204364914,0.0005294463204364914,6.988117368902018e-09,0.007302534620259377,HYG_StaticLambda,True,False,0,Optimization terminated successfully,1,-0.007302534620259377,0.10974265927419391,0.13,0.13,0.07665384818712433,False,-0.12320583939177279,0.0,0.020257340725806094,0.020257340725806094,0.03679416060822721,0.510114286836696,KODEX200,1,0.009047569880691558,0.0072085745046877,0.008937759760097372,0.003390348228407247,-3.1305755187986655e-05,9.614725920838636e-05,-0.0011008721947201707,1.810184657606867e-05
2014-04,2014-03,2014-03,2014-03-31,0.314802615081866,0.3153503893214683,-0.01744294738688564,-0.017442945328394386,1.5525769142299837,-0.19941517496615502,6.441057425615848e-07,1.9323172276847546e-09,1.261740264352107e-10,0.2784696930857707,0.023827781803931743,0.6427080084063583,0.05499451670393919,0.5197934440649546,0.19877272037929572,0.28143383555574963,2.7276695472767342e-17,0.007956598203141277,0.000996027006642531,0.08950301639784014,1.0,0.0004980135033212655,0.0005343937795477379,0.0005343937795477379,6.957921494926948e-09,0.0069241839623507785,HYG_StaticLambda,True,False,0,Optimization terminated successfully,1,-0.0069241839623507785,0.10932668512175045,0.13,0.13,0.07542723127409895,False,-0.12592689488879838,0.0,0.020673314878249555,0.020673314878249555,0.034073105111201624,0.5197934440649546,KODEX200,1,0.008973195542302916,0.007019750822179507,0.008219369574090234,0.003448600605495522,7.359325905101221e-06,-9.194239876222735e-05,-0.0014273456931762035,2.823387840881755e-05
2014-05,2014-04,2014-04,2014-04-29,0.3542166328464199,0.12720264317180616,-0.00018601675663736903,-0.00018601522199830381,1.5522881089079685,-0.19956409715872092,4.410329739745845e-07,1.3230989219237535e-09,2.1154014329115776e-10,0.30636107569859833,0.032097616182712535,0.5988042607142471,0.06273704740444208,0.5255271169377873,0.19737213262318165,0.27710075043903104,2.664566082590926e-17,0.007695079182228756,0.0010133606590412884,0.08626078623249735,1.0,0.0005066803295206442,0.000538776017909584,0.000538776017909584,6.811278880155477e-09,0.006649616023519648,HYG_StaticLambda,True,False,0,Optimization terminated successfully,1,-0.006649616023519648,0.11027387681810892,0.13,0.13,0.07617959418614248,False,-0.12843123353819977,0.0,0.019726123181891084,0.019726123181891084,0.031568766461800235,0.5255271169377873,KODEX200,1,0.008495787079065257,0.006597597168273174,0.008123049802710494,0.0028492532903465926,-1.3812481069908763e-05,-1.8326452076802676e-05,-0.0011255702564744185,9.727820093906948e-06
2014-06,2014-05,2014-05,2014-05-30,0.4189878655951936,0.0,0.012641361327137625,0.012641363630026449,1.5719111437764934,-0.1894454976916906,7.44802932050982e-07,2.234408796152946e-09,6.848002723230826e-11,0.2516233479897086,0.024151174031175487,0.6608008532954757,0.06342462468364034,0.5358240372680071,0.19750377550667234,0.26667218722532066,0.0,0.00770653956601428,0.001019661254789156,0.08636050726343641,1.0,0.000509830627394578,0.0005442195091133505,0.0005442195091133505,7.144371188273582e-09,0.006652482285135162,HYG_StaticLambda,True,False,0,Optimization terminated successfully,1,-0.006652482285135162,0.11061616092357333,0.13,0.13,0.07595713052135775,False,-0.1316396195051613,0.0,0.01938383907642667,0.01938383907642667,0.028360380494838716,0.5358240372680071,KODEX200,1,0.008914128798205908,0.006480824664971875,0.006850142746309892,0.0029350082666228195,-3.1318290912783474e-05,8.002120360110003e-05,-0.0006585546195953664,-1.7101840009428617e-06
2014-07,2014-06,2014-06,2014-06-30,0.2964565904780431,0.810064935064935,0.015327137576965513,0.01532713962110609,1.596004042135921,-0.1770220173211824,6.471641714189687e-07,1.9414925142569062e-09,1.026480638266484e-10,0.22024766628626075,0.024917884103579375,0.6781153620268232,0.07671908758333669,0.5269988444018847,0.19449482017414618,0.2785063354239692,1.5001630575811215e-21,0.007405808783404969,0.0009987336656777702,0.08287730340679302,1.0,0.0004993668328388851,0.0005295572536571197,0.0005295572536571197,6.968336462258711e-09,0.006376877728572502,HYG_StaticLambda,True,False,0,Optimization terminated successfully,1,-0.006376877728572502,0.109475129541523,0.13,0.13,0.07587815412978002,False,-0.12920429896097496,0.0,0.020524870458477007,0.020524870458477007,0.030795701039025042,0.5269988444018847,KODEX200,1,0.00872420194208466,0.006375733539766891,0.007508869749750919,0.002998067411927477,6.96856083058061e-05,-0.0004000940372858551,-0.001730870934611558,6.770765348432649e-05
2014-08,2014-07,2014-07,2014-07-31,0.4479093126240596,0.0,-0.0170229333063884,-0.01702293258599727,1.5688353717699148,-0.19103151663295004,2.353826012851945e-07,7.061478038555836e-10,1.4243328808061229e-11,0.20452616271355253,0.020131546934946343,0.705863972722065,0.06947831762943611,0.5368589180785337,0.19058606445589413,0.2725550174655722,1.3956683794406418e-21,0.007956428295013362,0.001006101683526567,0.08944052943900094,1.0,0.0005030508417632835,0.0005365808640646144,0.0005365808640646144,6.573572939997989e-09,0.006916790015612524,HYG_StaticLambda,True,False,0,Optimization terminated successfully,1,-0.006916790015612524,0.10987820622088261,0.13,0.13,0.07537700913256858,False,-0.1321516945044203,0.0,0.020121793779117395,0.020121793779117395,0.027848305495579706,0.5368589180785337,KODEX200,1,0.009237409763505533,0.0061776873860108225,0.007012080609030951,0.002189114902481088,-4.923333578403836e-05,0.00010990733071339256,-0.0003149156698878166,4.216792984649424e-06
2014-09,2014-08,2014-08,2014-08-29,0.30885253347712516,0.4428418803418803,-0.015501311235565586,-0.015501300119470283,1.544516366394745,-0.20357158887338622,3.4883797338236544e-06,1.0465139201470963e-08,6.509561019940602e-10,0.1511129157035571,0.014867374148500232,0.7593139538858868,0.07470575626205588,0.5394273993009657,0.19443873585532528,0.26613386484370904,1.3518800342043446e-21,0.007174816920985975,0.000999209986043229,0.08010254313557233,1.0,0.0004996049930216145,0.0005347035402336447,0.0005347035402336447,1.3833045128785477e-08,0.006140494554685587,HYG_StaticLambda,True,False,0,Optimization terminated successfully,2,-0.006140494554685587,0.10950123210502588,0.13,0.13,0.07513592618370403,False,-0.13276257256564902,0.0,0.020498767894974124,0.020498767894974124,0.02723742743435098,0.5394273993009657,KODEX200,1,0.009109676675976902,0.0061119320029307984,0.005848668289443025,0.0011831395289883247,3.2015913501479746e-05,-0.000249890063939169,-0.0017013966194716406,3.642038065969504e-05
2014-10,2014-09,2014-09,2014-09-30,0.31163344982727165,0.08112407211028633,-0.020499584557888965,-0.02049956955682709,1.5128544225407925,-0.21989804043158134,4.936439730332531e-06,1.4809319190997595e-08,1.9174268266197725e-10,0.1849273389314702,0.014089194898147715,0.7442785686027764,0.05670489756760571,0.5286559233864562,0.2021505920621357,0.26919348455140824,1.400561575745025e-21,0.006866912300799813,0.0009534603034909547,0.07668218578865203,1.0,0.0004767301517454774,0.0005153868601350113,0.0005153868601350113,1.8189301770633062e-08,0.005874777099617554,HYG_StaticLambda,True,False,0,Optimization terminated successfully,2,-0.005874777099617554,0.10696505804182718,0.13,0.13,0.07388404087767429,False,-0.1298438388976872,0.0,0.023034941958172822,0.023034941958172822,0.030156161102312812,0.5286559233864562,KODEX200,1,0.008459894600204899,0.006335201307130274,0.005754381673038656,0.001889837116586861,-3.363962661891169e-05,-4.209802470048556e-05,-0.0015188848722982797,1.8377227625252804e-05
2014-11,2014-10,2014-10,2014-10-31,0.2791156594691638,0.5420609884332281,0.018839841495773692,0.019222924842645317,1.5413563600676414,-0.20520104316276977,0.1276943634340194,0.00038308309030205825,2.5656956885444845e-10,0.19232403265265322,0.012745752903433487,0.7455227209835742,0.04940749346033919,0.5279830308118187,0.3355083587597657,0.1365086104284155,0.0,0.006749554706858626,0.000880948730350539,0.07570896410020028,1.0,0.0004404743651752695,0.00047439105263784325,0.00047439105263784325,0.0003830860685479578,0.005451603220497556,HYG_StaticLambda,True,False,0,Optimization terminated successfully,22,-0.005451603220497556,0.10281723962549505,0.13,0.13,0.07322917913710648,False,-0.13908430150706136,0.0,0.027182760374504955,0.027182760374504955,0.020915698492938645,0.5279830308118187,KODEX200,1,0.008046076240736225,0.00632555994406953,0.005056083401873971,0.00021011228687673085,4.933497887749678e-05,-0.00021100013008107325,-0.0019513046893872563,3.0341183280646685e-05
2014-12,2014-11,2014-11,2014-11-28,0.30188681362213987,0.4885057471264368,-0.013954961330593856,-0.013954950128542556,1.5198467916662326,-0.21629243187102964,3.7284526086533995e-06,1.1185357825960199e-08,1.669347454713519e-11,0.12738556214277888,0.008836045905231484,0.8077492080904628,0.056029183861526825,0.5229012146694069,0.33667617643623693,0.1404226088943562,1.3744362987900053e-21,0.007017526483579535,0.0008575936664802737,0.07906475580407278,1.0,0.00042879683324013683,0.0004616334764433062,0.0004616334764433062,1.503344166072225e-08,0.0061270811404544314,HYG_StaticLambda,True,False,0,Optimization terminated successfully,2,-0.0061270811404544314,0.1014451773016504,0.13,0.13,0.07338662153350646,False,-0.13666779029597803,0.0,0.028554822698349608,0.028554822698349608,0.023332209704021972,0.5229012146694069,KODEX200,1,0.008215137846517563,0.006565673612199709,0.005148061980463223,-0.0023844805333629706,3.87527170533752e-05,-0.00013497343529239548,-0.001327498190948606,2.075048460661522e-05
2015-01,2014-12,2014-12,2014-12-30,0.33141979607639066,0.24844398340248963,0.029936298200027453,0.029936303644401363,1.565345378439908,-0.19283112840990246,1.730035066538349e-06,5.190105199615048e-09,2.5426870964295745e-10,0.1778412270227944,0.010929982387949911,0.7642580876869635,0.04697070290229228,0.517780175047149,0.34079090569639986,0.14142891925645112,1.103375143370066e-21,0.006743392552366035,0.000836772927393555,0.07590007306403108,1.0,0.0004183864636967775,0.00045115000601694285,0.00045115000601694285,9.109075225749353e-09,0.005873846973577088,HYG_StaticLambda,True,False,0,Optimization terminated successfully,1,-0.005873846973577088,0.10020616312743773,0.13,0.13,0.07281434057794546,False,-0.1346971733113635,0.0,0.029793836872562277,0.029793836872562277,0.02530282668863651,0.517780175047149,KODEX200,1,0.007643393528634689,0.006429703640746718,0.005346660086475209,-0.005016691628920796,-8.222019789152566e-06,-4.779626929587812e-05,-0.0009970820648948309,7.99243773880776e-06
2015-02,2015-01,2015-01,2015-01-30,0.3504019351141867,0.8338477366255144,0.005414370506932771,0.005414372266109009,1.5738207382900966,-0.18846081707745077,5.509469708508968e-07,1.6528409125526905e-09,1.0633532468440294e-10,0.17148775365605887,0.003961083877501209,0.8059353861424962,0.018615776323943713,0.5153980552237849,0.33513607199599654,0.14946587278021858,0.0,0.007158007736578462,0.0008049548672250888,0.08106636363559101,1.0,0.0004024774336125444,0.00044345037287034226,0.00044345037287034226,6.840819588603562e-09,0.006312073089275987,HYG_StaticLambda,True,False,0,Optimization terminated successfully,1,-0.006312073089275987,0.09828254375371583,0.13,0.13,0.07154053985822001,False,-0.13256604495435692,0.0,0.03171745624628418,0.03171745624628418,0.027433955045643083,0.5153980552237849,KODEX200,1,0.008125824743864125,0.006435584337711794,0.006022054979078227,-0.005959463205134597,8.578503793969446e-05,-0.00014292482437638644,-0.0005568419650422436,1.0776238028265578e-05
2015-03,2015-02,2015-02,2015-02-27,0.41748570269409957,0.0,0.006694155284262956,0.006694160642655421,1.584356138701804,-0.18302824776770332,1.783435789326471e-06,5.350307367979413e-09,8.085096675469975e-12,0.12622164893476998,0.0018105232689726981,0.8596371923407531,0.012330635455504309,0.517397861110297,0.3404571488140551,0.14214499007564793,2.7711614896174214e-17,0.007166739258488828,0.0007929488722792264,0.08124317786819057,1.0,0.0003964744361396132,0.0004411391452022458,0.0004411391452022458,9.613114510359526e-09,0.006329116064032458,HYG_StaticLambda,True,False,0,Optimization terminated successfully,1,-0.006329116064032458,0.09754684242634776,0.13,0.13,0.07097524184780006,False,-0.1344472161015565,0.0,0.03245315757365225,0.03245315757365225,0.02555278389844351,0.517397861110297,KODEX200,1,0.0082867240680981,0.006638472911348733,0.00474085586705224,-0.006497979340284807,-4.9775669753672224e-05,1.831174650402973e-05,-0.00024819066732921486,-1.5034007616549009e-06
2015-04,2015-03,2015-03,2015-03-31,0.33707082308430275,0.9782168186423505,0.009107013675627877,0.009107017488783073,1.5987848917240264,-0.17558807484752215,1.2538620866309024e-06,3.7615862598927076e-09,5.156893745363333e-11,0.2157263976369146,0.0021076344244666725,0.7745981884503833,0.007567779488235376,0.5224359654866237,0.3376947419311374,0.13986929258223896,5.3723695858248353e-17,0.007170537285504572,0.0007923614138219627,0.08129227894312308,1.0,0.00039618070691098135,0.00044371712217177974,0.00044371712217177974,8.203089717780869e-09,0.006330631253332093,HYG_StaticLambda,True,False,0,Optimization terminated successfully,1,-0.006330631253332091,0.0975107018017179,0.13,0.13,0.06995067194596861,False,-0.13659193335726708,0.0,0.0324892981982821,0.0324892981982821,0.023408066642732928,0.5224359654866237,KODEX200,1,0.008253861345772722,0.006520030173801066,0.005271523316546809,-0.006347063484548403,8.613060565846464e-05,-9.861388602148169e-05,-0.0006604538661554023,1.2700814439527377e-05
2015-05,2015-04,2015-04,2015-04-30,0.34003893393908385,0.8256281407035176,0.0054924201018890974,0.005492431241869926,1.607566090001928,-0.17106005821757753,3.4929967359377912e-06,1.0478990207813374e-08,6.609906203216098e-10,0.18584197518801976,0.0017204334665112293,0.804985432719286,0.007452158626182972,0.5403955620181342,0.3275265454720923,0.1320778925097735,6.138063838337718e-17,0.007250335832477535,0.0008262569535268419,0.08204648826856936,1.0,0.00041312847676342097,0.0004655709716300068,0.0004655709716300068,1.38505595928074e-08,0.006371622533524515,HYG_StaticLambda,True,False,0,Optimization terminated successfully,2,-0.006371622533524515,0.0995745120114686,0.13,0.13,0.06977331464848133,False,-0.14414935626595907,0.0,0.03042548798853141,0.03042548798853141,0.015850643734040937,0.5403955620181342,KODEX200,1,0.008843155030548666,0.006100853183525945,0.004231039805305983,-0.0041907594302165105,0.00010755451791575093,-0.0001346230904759423,-0.0007534450695198284,2.699303275798238e-05
2015-06,2015-05,2015-05,2015-05-29,0.48508365658163677,0.0,-0.023212268463613933,-0.023212266115134435,1.570250834347801,-0.19030163468644368,7.453866720935656e-07,2.236160016280697e-09,1.1231948184031368e-10,0.19726356593015948,0.0019439296935211037,0.7929781180615245,0.007814386314794905,0.5228472558099424,0.33821348736542545,0.13893925682463212,7.778200345996193e-18,0.00728137612475651,0.0007764969578801197,0.0827175317497974,1.0,0.00038824847894005987,0.0004352042499173337,0.0004352042499173337,7.111895877924083e-09,0.006457916284003238,HYG_StaticLambda,True,False,0,Optimization terminated successfully,1,-0.006457916284003238,0.09652959905936333,0.13,0.13,0.06998276963543737,False,-0.13688573798585257,0.0,0.03347040094063668,0.03347040094063668,0.02311426201414743,0.5228472558099424,KODEX200,1,0.008283355182856115,0.00657998844717301,0.005140022359225195,-0.0034761006012050183,-3.9249546221361825e-05,3.495389608290139e-05,0.00014074143762616442,-2.0799310950303587e-05
2015-07,2015-06,2015-06,2015-06-30,0.32610896017731056,0.23759920634920634,-0.008840870671744005,-0.008840861494996907,1.556368449799134,-0.1974600732173034,3.055206811930491e-06,9.165620435791474e-09,1.1126662119451876e-11,0.16115457513462245,0.002653044401211151,0.8226493259981281,0.013543054466038346,0.5179586237855943,0.3426237598459385,0.1394176163684671,3.542196976707405e-17,0.006702247644853943,0.0007634932303819093,0.07584601235595587,1.0,0.00038174661519095463,0.0004293458900634982,0.0004293458900634982,1.3112879044727617e-08,0.005891142026720446,HYG_StaticLambda,True,False,0,Optimization terminated successfully,1,-0.005891142026720446,0.09571791245416351,0.13,0.13,0.07021604836099828,False,-0.1350825296947356,0.0,0.03428208754583649,0.03428208754583649,0.024917470305264394,0.5179586237855943,KODEX200,1,0.007725167288091935,0.006340921786761747,0.004564700807932744,-0.004274127781541667,-1.430234324613268e-05,-3.032077116489113e-05,-0.0006471413401955807,-3.041189595442532e-06
2015-08,2015-07,2015-07,2015-07-31,0.4284987570735204,0.7583661417322834,-0.02138846320259022,-0.021246736626685393,1.5230801204809328,-0.21462516890990457,0.04724218018487657,0.0001417265405546297,3.535019389707712e-11,0.09396093565517248,0.001788893929012946,0.8873560657767715,0.016894104639043093,0.506357546428189,0.40414249380922534,0.08949995976258568,1.3212962520256234e-18,0.006711362039435721,0.0007383587218890264,0.0761061921418945,1.0,0.0003691793609445132,0.0004110581686183968,0.0004110581686183968,0.00014172993952811335,0.005789394570344698,HYG_StaticLambda,True,False,0,Optimization terminated successfully,18,-0.005789394570344698,0.09412919134183782,0.13,0.13,0.07015811986761993,False,-0.13906900780025716,0.0,0.03587080865816218,0.03587080865816218,0.020930992199742843,0.506357546428189,KODEX200,1,0.00724419697036176,0.006723088710790547,0.0035321491083638392,-0.007595222359990365,8.428203953041695e-05,-4.6445996646077794e-05,-0.000155428571613025,2.4603754049414053e-05
2015-09,2015-08,2015-08,2015-08-31,0.48466051325479553,0.26983349657198824,-0.0026654590384330534,-0.002665452078818133,1.519020412807539,-0.21671855335199153,2.0714852523515143e-06,6.214455757054543e-09,7.451591634913251e-10,0.07649932016744959,0.0013457608415184267,0.9062129999422386,0.01594191904879334,0.4913158878903129,0.41149310989011917,0.09719100221956795,1.3822299826779092e-18,0.006260578494892987,0.0007027304736337588,0.0709105590969133,1.0,0.0003513652368168794,0.0003903225300116542,0.0003903225300116542,1.0274719201432026e-08,0.005518880453345251,HYG_StaticLambda,True,False,0,Optimization terminated successfully,2,-0.005518880453345251,0.0918300913840616,0.13,0.13,0.06988980555119607,False,-0.1277698167108869,0.0,0.0381699086159384,0.0381699086159384,0.03223018328911309,0.4913158878903129,KODEX200,0,0.006363136807253387,0.006558585658151789,0.004303099057618635,-0.007221728992884006,-5.361660686901924e-06,1.1648528264252652e-05,0.00015509610222877728,-2.9127884247547875e-06
2015-10,2015-09,2015-09,2015-09-25,0.6454878749458767,0.0,0.025049721671700952,0.02504972517168621,1.557071451362,-0.19709757112285164,9.999957877107619e-07,2.9999873631322856e-09,4.999978938449717e-10,0.10022367153942398,0.001812870666139194,0.8820094517421649,0.015954006052271926,0.5033882992356902,0.40128364706571024,0.09532805369859962,1.3584747464087875e-18,0.006230279637163169,0.0007288176643529753,0.07039044965984018,1.0,0.00036440883217648764,0.00040266376475082483,0.00040266376475082483,7.792325487513961e-09,0.0054631992479103695,HYG_StaticLambda,True,False,0,Optimization terminated successfully,1,-0.0054631992479103695,0.09351904604002173,0.13,0.13,0.07028976424812117,False,-0.13208527690353347,0.0,0.036480953959978274,0.036480953959978274,0.02791472309646653,0.5033882992356902,KODEX200,1,0.006583136267358565,0.0060384075475850615,0.004112770764758209,-0.007159888986580148,-2.6814667589908194e-05,5.8845418986326594e-05,0.000955791233088551,-2.4339853329715078e-05
2015-11,2015-10,2015-10,2015-10-30,0.48591641322161827,0.0,-0.015367013381440475,-0.015367010600523735,1.5331439135330611,-0.20943578349139802,8.976693865458968e-07,2.6930081596376904e-09,8.790858008200728e-11,0.10495879286627606,0.001630682084676777,0.8797424913324956,0.013668033716551587,0.5195642706085348,0.3895593046331562,0.09087642475830904,1.2353779650822212e-18,0.0064615752049878615,0.0007532985983534011,0.07301911086973394,1.0,0.00037664929917670056,0.0004213332884400144,0.0004213332884400144,7.396358434913687e-09,0.005663585221012712,HYG_StaticLambda,True,False,0,Optimization terminated successfully,1,-0.005663585221012712,0.09507672259938714,0.13,0.13,0.06923723274565707,False,-0.13816210997318068,0.0,0.034923277400612865,0.034923277400612865,0.021837890026819323,0.5195642706085348,KODEX200,1,0.00735626652508321,0.0058713952552532835,0.0037247626552420867,-0.007986629642104425,-1.2702168901256655e-05,2.835127427019302e-05,0.00010263693682325558,-3.2130437841064476e-05
2015-12,2015-11,2015-11,2015-11-30,0.4872140630242729,0.0,-0.010533032761457862,-0.01053302890698766,1.5169952584637876,-0.2177628222839194,1.2297332983232662e-06,3.689199894969799e-09,1.6527030608642848e-10,0.1424333462354443,0.002323892710376195,0.8415129301145351,0.013729830939644362,0.5184893895180435,0.3931472672978052,0.08836334318415129,1.1207101839544944e-18,0.006163909717116535,0.0007519932400722214,0.06945495716496508,1.0,0.0003759966200361107,0.00041841377131946334,0.00041841377131946334,8.001168194094949e-09,0.005369491324592766,HYG_StaticLambda,True,False,0,Optimization terminated successfully,1,-0.005369491324592766,0.09499430972888143,0.13,0.13,0.06926622982103116,False,-0.13822123484519783,0.0,0.03500569027111858,0.03500569027111858,0.021778765154802177,0.5184893895180435,KODEX200,1,0.006942759297520963,0.005727828498564648,0.0034152617418402747,-0.008974908612418458,-1.6569238171845412e-05,2.707048484114966e-05,9.559288948841573e-05,-5.7603743323187145e-05
2016-01,2015-12,2015-12,2015-12-30,0.326563814365021,0.8219373219373219,-0.0003912236714714666,-0.00039121862802202044,1.5164017740091666,-0.21806885198454695,1.6791776641725273e-06,5.037532992517582e-09,5.9164536395103e-12,0.10488395901559228,0.0015713363150897058,0.8803555134765119,0.013189191192806125,0.5177148880834831,0.39102469854694794,0.09126041336956899,9.991295034475226e-19,0.005846625616832851,0.0007317939251992357,0.06576874385079878,1.0,0.00036589696259961785,0.00041401885793502656,0.00041401885793502656,9.348072178741382e-09,0.005066700448226028,HYG_StaticLambda,True,False,0,Optimization terminated successfully,1,-0.005066700448226028,0.09370980259498378,0.13,0.13,0.06882861807043693,False,-0.13748970966117408,0.0,0.036290197405016225,0.036290197405016225,0.022510290338825928,0.5177148880834831,KODEX200,1,0.00672521672814497,0.005388788456447213,0.003318441380828104,-0.010913944452841847,3.271256154767879e-05,-4.068220608280554e-05,-0.0005055746939527107,0.00014022652988988514
2016-02,2016-01,2016-01,2016-01-29,0.381080420885429,0.27148253068932954,0.04256350052425249,0.04256350312748476,1.5809451417121831,-0.18478712515606188,7.570830433817344e-07,2.2712491301452033e-09,3.3198313807714097e-10,0.08682403685570807,0.003360276630004256,0.8759158621341909,0.033899824380096755,0.5046832924072323,0.39752205314117695,0.09779465445159079,8.525955891208619e-19,0.005770119464634185,0.0007085070367849506,0.06499039135490052,1.0,0.0003542535183924753,0.000392095954979099,0.000392095954979099,7.288592194017461e-09,0.005023762702670417,HYG_StaticLambda,True,False,0,Optimization terminated successfully,1,-0.005023762702670417,0.09220674835075471,0.13,0.13,0.06945331396743665,False,-0.13210601844056163,0.0,0.037793251649245296,0.037793251649245296,0.02789398155943837,0.5046832924072323,KODEX200,1,0.00619346535456947,0.005606665487777006,0.004477026289553293,-0.01307568408759456,-1.313311599295465e-06,3.1550895340933824e-06,-0.00023327295576618101,8.215940596325672e-08
2016-03,2016-02,2016-02,2016-02-29,0.4664272502583586,0.0,-0.019447749184497484,-0.019447740192015547,1.5501993171217148,-0.20064118067799996,2.569280553886952e-06,7.707841661660856e-09,1.284640276925533e-09,0.10046545628289408,0.0063400538817879526,0.8401738059423196,0.053020683892998244,0.49564370982194095,0.39819917755351203,0.10615711262454706,1.0400419851236267e-20,0.0063414418152300325,0.0007155239230037976,0.0718041582447376,1.0,0.0003577619615018988,0.00037624294727653287,0.00037624294727653287,1.2029683970539388e-08,0.0056074248767676305,HYG_StaticLambda,True,False,0,Optimization terminated successfully,2,-0.0056074248767676305,0.09266222032762636,0.13,0.13,0.07212351724441604,False,-0.1277184581767057,0.0,0.037337779672373644,0.037337779672373644,0.03228154182329429,0.49564370982194095,KODEX200,0,0.006336595741874059,0.0062169921019751455,0.006635798351155439,-0.012878038256661128,-9.756263677652498e-06,7.091972940757337e-05,-2.5385843939316687e-05,-2.3408835647154284e-05
2016-04,2016-03,2016-03,2016-03-31,0.3134456802858959,0.24534450651769088,0.018972141736959665,0.018972143696547938,1.579609918286686,-0.18547563185913418,5.598823637070772e-07,1.6796470911212315e-09,2.79941181860478e-10,0.11795447269340238,0.007987453310777206,0.818623809343414,0.05543426465240631,0.5204018432757972,0.3819282492083215,0.09766990751588141,1.251452983507138e-20,0.0060055923757471544,0.0007688363327539224,0.06745409051244232,1.0,0.0003844181663769612,0.0004079697437355614,0.0004079697437355614,6.907466500881594e-09,0.005213197558168132,HYG_StaticLambda,True,False,0,Optimization terminated successfully,1,-0.005213197558168132,0.09605225657446612,0.13,0.13,0.07396812492048398,False,-0.13732297722293751,0.0,0.03394774342553389,0.03394774342553389,0.02267702277706249,0.5204018432757972,KODEX200,1,0.006592684513118176,0.005403062594559568,0.005493482064811542,-0.012861678967098803,-2.9594134968691223e-07,1.15430515609912e-05,-0.0003034458527900496,2.0545130765182164e-06
2016-05,2016-04,2016-04,2016-04-29,0.34749454335225016,0.7458333333333333,0.008900028400325806,0.008900031431820592,1.5936684914208739,-0.17822634184992303,8.661413675378766e-07,2.59842410261363e-09,4.33070683779347e-10,0.11255053690262314,0.00646889591372354,0.8330978689026256,0.04788269828102776,0.5091530648012379,0.3884396563841695,0.10240727881459273,1.594019918373784e-20,0.0061374959491812126,0.0007312612114721974,0.06926238412134136,1.0,0.0003656306057360987,0.0003895435944305693,0.0003895435944305693,7.452076581543343e-09,0.005382314296937963,HYG_StaticLambda,True,False,0,Optimization terminated successfully,1,-0.005382314296937963,0.09367568808216126,0.13,0.13,0.07400005005080236,False,-0.13282510604327447,0.0,0.03632431191783875,0.03632431191783875,0.027174893956725538,0.5091530648012379,KODEX200,1,0.006516400835295807,0.005753371788203059,0.006120129744601035,-0.010333718640013598,1.0521558275936872e-05,-8.006304640895216e-05,-0.00015809933408770355,3.9507535880865344e-05
2016-06,2016-05,2016-05,2016-05-31,0.3474480412469354,0.0,0.0063369317200542095,0.006336939830103936,1.6037674598354097,-0.17301881828888688,2.317157064467279e-06,6.951471193401837e-09,1.158578532244048e-09,0.1519487967799346,0.01078808095883137,0.78175964651373,0.05550347574750399,0.5010397032069448,0.4001373496198881,0.09882294717316714,1.6946673287364914e-20,0.00623773920864356,0.0007191802344109065,0.07053778909725728,1.0,0.00035959011720545326,0.0003763820675709435,0.0003763820675709435,1.1141015852163356e-08,0.005501755882851311,HYG_StaticLambda,True,False,0,Optimization terminated successfully,1,-0.005501755882851311,0.09289866959720618,0.13,0.13,0.07406760866708845,False,-0.13072786565026,0.0,0.03710133040279383,0.03710133040279383,0.029272134349739992,0.5010397032069448,KODEX200,1,0.006250075872917022,0.006223141581245216,0.006183221301122938,-0.008806383713485485,-4.086721180221609e-06,6.635873180133226e-05,-0.00019689232541430593,-3.0203292485308365e-05
2016-07,2016-06,2016-06,2016-06-30,0.41421363941785244,0.5739726027397261,0.0038229493099119034,0.0038229623648075597,1.6098985815392468,-0.16985731115095415,3.743774224178328e-06,1.1231322672534985e-08,1.8235729835544476e-09,0.16839021832332574,0.014389489021186494,0.7528839251237668,0.06433636753172106,0.5018888015972354,0.3933290354477918,0.10478216295497275,0.0,0.006218020298698991,0.0007257576663087904,0.07026169758653515,1.0,0.0003628788331543952,0.00037356983405010657,0.00037356983405010657,1.6383039907902486e-08,0.0054815552484545815,HYG_StaticLambda,True,False,0,Optimization terminated successfully,2,-0.005481555248454582,0.09332251601679782,0.13,0.13,0.0741920014165171,False,-0.12535501289196613,0.0,0.03667748398320218,0.03667748398320218,0.034644987108033876,0.5018888015972354,KODEX200,1,0.006194802737550376,0.006074045867564381,0.007167494715440892,-0.008943195619811535,5.397941138774086e-06,-6.122903161499241e-05,-9.383310072867431e-05,4.689431119480733e-05
2016-08,2016-07,2016-07,2016-07-29,0.48724499956316786,0.0,0.012234630459338876,0.012234636759358195,1.6295950957613932,-0.1597008221243642,1.8000055195254945e-06,5.400016558576484e-09,9.00002759818242e-10,0.1423362737576569,0.012441366545418464,0.77728153071942,0.06794082897750461,0.5161501864393053,0.3824922656071629,0.10135754795353184,2.7690166037999823e-17,0.00625146542435208,0.0007521592614374616,0.07050462952360018,1.0,0.0003760796307187308,0.00038777760814183275,0.00038777760814183275,1.0086574743259744e-08,0.005487598098916773,HYG_StaticLambda,True,False,0,Optimization terminated successfully,2,-0.005487598098916773,0.09500479533818038,0.13,0.13,0.07437194009404872,False,-0.13052385571686928,0.0,0.03499520466181963,0.03499520466181963,0.029476144283130723,0.5161501864393053,KODEX200,1,0.006507015921771991,0.005738483375280392,0.006618796845738159,-0.011315340647291665,-6.750364542803897e-06,8.309957575458469e-05,-1.2069411597371728e-05,-1.990442198705026e-05
2016-09,2016-08,2016-08,2016-08-30,0.3562267423923956,0.1618575293056808,0.0060123818168207515,0.006012388861713578,1.6393928436839291,-0.15464862262661538,2.0128265219021773e-06,6.038479565706532e-09,1.0064132609510566e-09,0.2163090666270231,0.013791107120228453,0.7237557021402661,0.046144124112482345,0.515069468230764,0.3874411993157192,0.09748933245351678,2.9050569506511865e-17,0.0063019771779918785,0.0007288831827768417,0.07125042703924149,1.0,0.00036444159138842084,0.00038333938073422833,0.00038333938073422833,1.0379502947011283e-08,0.0055541858263662815,HYG_StaticLambda,True,False,0,Optimization terminated successfully,1,-0.0055541858263662815,0.09352324948012714,0.13,0.13,0.07284587343645431,False,-0.13081701452714853,0.0,0.03647675051987287,0.03647675051987287,0.029182985472851475,0.515069468230764,KODEX200,1,0.006541480377827142,0.0059352056882596765,0.006528964421157464,-0.009557453951003249,-1.228609669616924e-06,2.7919792873326196e-05,-0.00013921208709170117,-3.9321620790278085e-06
2016-10,2016-09,2016-09,2016-09-30,0.48321617038611436,0.0,0.006557689053131125,0.0065576925182241515,1.6501434721887367,-0.14910507115316463,9.90026579078552e-07,2.9700797372356557e-09,4.95013289553136e-10,0.18753753383638364,0.010975148416136005,0.7571755782348393,0.04431173951264116,0.5192309727320513,0.3844306330866668,0.09633839418128197,3.0917123038357236e-17,0.006316553141457231,0.0007307733721649012,0.07141399746449736,1.0,0.0003653866860824506,0.00038517575714417355,0.00038517575714417355,7.707337332994194e-09,0.005565982990893274,HYG_StaticLambda,True,False,0,Optimization terminated successfully,1,-0.005565982990893274,0.09364443638561137,0.13,0.13,0.07268336701409175,False,-0.13234485685877748,0.0,0.03635556361438863,0.03635556361438863,0.027655143141222527,0.5192309727320513,KODEX200,1,0.006679913451098334,0.005824482132818804,0.006131639606168856,-0.009047221298310431,-5.68618742492481e-06,5.6512718374074125e-05,-4.767155179977785e-06,-1.4789416092168115e-05
2016-11,2016-10,2016-10,2016-10-31,0.5107821693431976,0.0,0.003584253398137748,0.003584265787203667,1.6560580045363442,-0.1460552481129871,3.5397331197146173e-06,1.0619199359143852e-08,1.769866559850285e-09,0.1799579039579007,0.01934168867002778,0.7229937859327219,0.07770662143934957,0.5099498256706175,0.3927569283336534,0.09729324599572908,3.062475955274359e-17,0.006333871681525421,0.0007359652493148684,0.07159066868241584,1.0,0.0003679826246574342,0.0003705683974846184,0.0003705683974846184,1.52606084128277e-08,0.005595305398774955,HYG_StaticLambda,True,False,0,Optimization terminated successfully,2,-0.005595305398774955,0.09397650233850173,0.13,0.13,0.07393714259927614,False,-0.1292021966678483,0.0,0.036023497661498274,0.036023497661498274,0.030797803332151708,0.5099498256706175,KODEX200,1,0.006300456528671587,0.006180541901634154,0.006755018434866833,-0.009015132407257816,-7.615475697041744e-06,9.934282562448886e-05,1.184642900583346e-05,-1.49340455943147e-05
2016-12,2016-11,2016-11,2016-11-29,0.4004020571807366,0.0,0.0358871936463364,0.035887233520077166,1.7154892788347054,-0.1154095674387452,1.1392497361914264e-05,3.4177492085742796e-08,5.696248680950077e-09,0.1760777423366025,0.038570863687330176,0.6442292030389029,0.14112219093716452,0.5064247513006214,0.4031794798484313,0.09039576885094729,6.070834114867484e-17,0.006315504947994426,0.0007801217706906451,0.07110532875178924,1.0,0.00039006088534532257,0.0003639492757990852,0.0003639492757990852,4.183681173284038e-08,0.005561452950038285,HYG_StaticLambda,True,False,0,Optimization terminated successfully,2,-0.005561452950038286,0.09675464458250954,0.13,0.13,0.07608930498685586,False,-0.12921552219857566,0.0,0.03324535541749046,0.03324535541749046,0.030784477801424348,0.5064247513006214,KODEX200,1,0.00582174123841298,0.0066313688067647664,0.007126454532388872,-0.008012474009247861,-5.158725528459575e-06,0.00017592724300741122,-0.0002092998589557269,3.990320286806521e-06
2017-01,2016-12,2016-12,2016-12-29,0.30103582365777976,0.41849255039439087,-0.0002737390430601829,6.281687969310078e-05,1.7150196824411372,-0.11565171437725463,0.09615883507236678,0.0002884765052171003,4.807941753618341e-05,0.17291831397051793,0.06628417138015588,0.5499768253379953,0.21082068931133094,0.4097318336615812,0.4062051361354789,0.18406303020293996,8.037813273851276e-19,0.006643566579424612,0.0006504118334063018,0.07582032795265753,1.0,0.0003252059167031509,0.000271536399460298,0.000271536399460298,0.0003365577782716075,0.005710266484989555,HYG_StaticLambda,True,False,0,Optimization terminated successfully,19,-0.005710266484989555,0.0883455828034182,0.13,0.13,0.07905733234181699,False,-0.08509866329937676,0.0,0.041654417196581806,0.041654417196581806,0.07490133670062324,0.4097318336615812,KODEX200,0,0.005600077493990518,0.007189636360086389,0.00844215204016555,-0.007199360881898516,1.4704197803188185e-05,-9.630288168702858e-05,-0.000501050079726387,6.553981922674805e-05
2017-02,2017-01,2017-01,2017-01-31,0.531557756718656,0.0,0.009756549598926868,0.010209908065939261,1.73175235703601,-0.10702352646585034,0.1295309905749695,0.0003885929717249085,6.476549528748471e-05,0.16277240147000727,0.10115176317432599,0.45396688683790837,0.28210894851775825,0.2953521179220466,0.39119466397118535,0.31345321810676813,3.0476062101730305e-18,0.007514969963534384,0.0007235424068359564,0.08583838512139687,1.0,0.0003617712034179782,0.0002551968703411897,0.0002551968703411897,0.00045336083762632603,0.00644464105214889,HYG_StaticLambda,True,False,0,Optimization terminated successfully,14,-0.00644464105214889,0.09317998112272548,0.13,0.13,0.08280840766336887,False,-0.10216036954853648,0.0,0.03682001887727453,0.03682001887727453,0.05783963045146352,0.39119466397118535,HYG,0,0.0053323571335443885,0.00702176419385942,0.009719708530501374,-0.007918839813278141,-1.1509934178541956e-05,0.00039426150997992436,-1.3836600959696094e-05,-1.8300515244848565e-05
2017-03,2017-02,2017-02,2017-02-28,0.33014655170466567,0.8617850953206239,-0.009279387793133741,-0.008797469096587268,1.7156827553533995,-0.11530980145391878,0.1376912177163956,0.0004130736531491868,6.8845043397285e-05,0.1888567543678986,0.19356816958989673,0.30498332387119903,0.3125917521710057,0.1574620717142734,0.3890385783127706,0.45349934997295605,3.3340964587583446e-18,0.00816279665337664,0.0010966732202081209,0.09137352051927095,1.0,0.0005483366101040604,0.00034345903010503083,0.00034345903010503083,0.00048192076462215774,0.00678908024854539,HYG_StaticLambda,True,False,0,Optimization terminated successfully,15,-0.00678908024854539,0.11471738596436658,0.13,0.13,0.08420397790812126,False,-0.14984806744805645,0.0,0.015282614035633427,0.015282614035633427,0.010151932551943549,0.45349934997295605,GLD,0,0.004414153058420483,0.007139927496100839,0.011572838105967553,-0.006717641422829013,4.7399684765715524e-05,-0.0008019462664407996,-0.0005594769871259947,0.00010861638113868567
2017-04,2017-03,2017-03,2017-03-31,0.4066099171215336,0.0,0.02839597588698183,0.02839598411434962,1.7644012415041253,-0.09018815990855511,2.3506765112202292e-06,7.052029533660688e-09,1.1753382556101152e-09,0.19537708927543984,0.18266980255821666,0.32142940615107785,0.30052370201526557,0.16496833755646675,0.38350951800017385,0.4515221444433595,3.0457042307427067e-18,0.008413585508535566,0.0010748373934268704,0.09451400174186557,1.0,0.0005374186967134352,0.00033839163849511925,0.00033839163849511925,1.1751440021807206e-08,0.00753776342188699,HYG_StaticLambda,True,False,0,Optimization terminated successfully,2,-0.00753776342188699,0.11356957656486373,0.13,0.13,0.08366380349610074,False,-0.14949468059553198,0.0,0.016430423435136274,0.016430423435136274,0.010505319404468028,0.4515221444433595,GLD,0,0.004901437030979807,0.006792005670177398,0.011045556817538361,-0.007621117050883765,1.126805219339254e-05,0.0004730762744808958,-0.00037738316866905,-3.099663162710239e-06
2017-05,2017-04,2017-04,2017-04-28,0.43442706641744616,0.0,0.0015256040728401721,0.0015256285630254815,1.7670930192242882,-0.08880014725979335,7.009857974445196e-06,2.1029573923335588e-08,3.460611386089888e-09,0.2597481308674576,0.22751763342771156,0.27332468052363973,0.23940955518119106,0.16449247097399683,0.38265650879238017,0.452851020233623,1.407972994965323e-20,0.008676682326433566,0.0010273016226667233,0.09795637818120244,1.0,0.0005136508113333616,0.0003368057315446547,0.0003368057315446547,2.7613303309743836e-08,0.007826198170252237,HYG_StaticLambda,True,False,0,Optimization terminated successfully,2,-0.007826198170252237,0.11102981343765592,0.13,0.13,0.08237428992084711,False,-0.1490305556023875,0.0,0.018970186562344088,0.018970186562344088,0.010969444397612493,0.452851020233623,GLD,0,0.0048477035478062805,0.006863060311218324,0.011439925778810794,-0.006408907375140571,1.3075869749442368e-05,0.0004483415061038253,-0.00022351025044318586,-1.3768590795221256e-05
2017-06,2017-05,2017-05,2017-05-30,0.42116790728739356,0.8897872340425532,0.010145278113636488,0.010145285604252752,1.7850206693569841,-0.07955577133663938,2.3552322309661204e-06,7.065696692898361e-09,4.249195720285044e-10,0.22418396968993795,0.19643900056255903,0.3087968362688091,0.27058019347869383,0.17388563259738504,0.38071642112584025,0.44539794627677476,1.485753683920447e-20,0.008020089540597606,0.0010111985584805416,0.09017388313628802,1.0,0.0005055992792402708,0.0003266167598014144,0.0003266167598014144,1.0673671514125014e-08,0.007187862827884407,HYG_StaticLambda,True,False,0,Optimization terminated successfully,2,-0.007187862827884407,0.1101561741427438,0.13,0.13,0.08239981594001734,False,-0.14650046527204175,0.0,0.019843825857256206,0.019843825857256206,0.013499534727958257,0.44539794627677476,GLD,0,0.0055950126066153915,0.006814807978102661,0.010936626462880602,-0.0074636477863988405,3.7831661074255644e-05,-0.0008248347338107255,-0.0002492451775087213,4.65545586057973e-05
2017-07,2017-06,2017-06,2017-06-30,0.4416161018510082,0.0,0.0002517459273540913,0.0002517482300677364,1.7854700410407376,-0.07932405325071679,6.579181843074933e-07,1.97375455292248e-09,3.2895909214680774e-10,0.2591456511520269,0.16736784605511185,0.3484450882945405,0.22504141449832074,0.17684197016534337,0.3856968473287589,0.43746118250589777,2.7769915691211656e-17,0.00815755955003959,0.0009407990397469678,0.09224592036199328,1.0,0.0004703995198734839,0.00031716098104941925,0.00031716098104941925,7.15651360720166e-09,0.007369991892603079,HYG_StaticLambda,True,False,0,Optimization terminated successfully,1,-0.0073699918926030785,0.10625247515688101,0.13,0.13,0.08021072781400244,False,-0.14336785523985138,0.0,0.023747524843118997,0.023747524843118997,0.016632144760148626,0.43746118250589777,GLD,0,0.006109826335938648,0.0068545407480395965,0.010049992332848215,-0.007329526683276386,1.0485459032130717e-05,0.00031239064710337285,-0.00019547521805368827,-9.50393903637792e-06
2017-08,2017-07,2017-07,2017-07-31,0.41345914687663377,0.0,0.020949881816287402,0.020949882222831583,1.8228754273870629,-0.06003600097522077,1.2437902240148973e-07,3.731370672044692e-10,3.340711311693319e-11,0.283922909954554,0.13514319182551549,0.3935905151316867,0.18734338308824391,0.17734840622568981,0.38096125044014556,0.4416903433341647,1.2807138162485025e-21,0.007765343451697762,0.0009102201413598575,0.08772280057221399,1.0,0.00045511007067992876,0.0003179837832973464,0.0003179837832973464,6.518500469826085e-09,0.006992243079220017,HYG_StaticLambda,True,False,0,Optimization terminated successfully,1,-0.006992243079220017,0.1045114428965474,0.13,0.13,0.07808387549480579,False,-0.14516619873842423,0.0,0.025488557103452603,0.025488557103452603,0.014833801261575769,0.4416903433341647,GLD,0,0.006394788051286276,0.006588777289441929,0.00934691051990648,-0.006792935694689771,1.4396272417757022e-05,0.00022915956209892068,-0.0002198939592403618,-3.952426615438941e-06
2017-09,2017-08,2017-08,2017-08-31,0.4331514402701819,0.0,0.00687366251827684,0.006873664811762718,1.835405257887781,-0.05357500566659468,6.662150302816367e-07,1.99864509084491e-09,2.948407870351216e-10,0.21884011553375798,0.1560601798872169,0.36488872705897146,0.2602109775200538,0.17105278840670532,0.37436581579158823,0.4545813958017065,0.0,0.008280387460651656,0.0010060608444581736,0.09332828446107083,1.0,0.0005030304222290868,0.0003266935319380652,0.0003266935319380652,7.128617176571595e-09,0.007450656377867328,HYG_StaticLambda,True,False,0,Optimization terminated successfully,1,-0.007450656377867328,0.10987597614355052,0.13,0.13,0.08058002958828829,False,-0.15015050702054225,0.0,0.020124023856449486,0.020124023856449486,0.009849492979457752,0.4545813958017065,GLD,0,0.005932660614073194,0.006729026827425664,0.010418817262005109,-0.007945315594739799,8.972149900408816e-06,0.0002948213552466671,-0.0002235783090133134,-6.318174069539872e-06
2017-10,2017-09,2017-09,2017-09-29,0.5872611859309954,0.0,-0.010535341800674232,-0.010535326445972602,1.8160686361531786,-0.06354591647059826,4.454284867450038e-06,1.3362854602350115e-08,1.9918470280933037e-09,0.27089469370953795,0.25215227978981963,0.24702187484865995,0.22993115165198247,0.1768599862150635,0.38083781542881906,0.4423021983561175,1.4296932637767105e-20,0.008751855179546518,0.0009567765499424465,0.09928160285490353,1.0,0.00047838827497122326,0.0003134705727610404,0.0003134705727610404,1.8220103912337722e-08,0.007959978111710344,HYG_StaticLambda,True,False,0,Optimization terminated successfully,2,-0.007959978111710344,0.10715091506519839,0.13,0.13,0.08147654195501892,False,-0.14539158165931504,0.0,0.022849084934801617,0.022849084934801617,0.014608418340684964,0.4423021983561175,GLD,0,0.00558190139543493,0.006855906961753994,0.0112443960566781,-0.005653647971323656,-4.9945489058661045e-05,0.0003366223292512065,0.00013761020582509197,-1.7536853931635333e-05
2017-11,2017-10,2017-10,2017-10-31,0.472244512477073,0.0,-0.02968814091971186,-0.02968813884413008,1.762152934563194,-0.09134749726725877,6.232860322447079e-07,1.8698580967341237e-09,2.0572368189530937e-10,0.1751962901697445,0.1620184383923007,0.3443429687375353,0.3184423027004194,0.18713231016396634,0.3770565803410871,0.43581110949494656,1.603509312632416e-20,0.008301664525645522,0.0009758493090459765,0.0937648784534704,1.0,0.00048792465452298826,0.0003059062978491771,0.0003059062978491771,6.963470855549301e-09,0.007507826609802501,HYG_StaticLambda,True,False,0,Optimization terminated successfully,1,-0.007507826609802501,0.10821363919835483,0.13,0.13,0.08207915626892599,False,-0.14331352692501265,0.0,0.02178636080164517,0.02178636080164517,0.016686473074987357,0.43581110949494656,GLD,0,0.006489468453636649,0.0067660773158533735,0.010295138029191513,-0.007176664852197985,1.313543928464312e-06,0.0003180923214896413,-0.000162544753230136,5.460030476317537e-07
2017-12,2017-11,2017-11,2017-11-30,0.4916714850534179,0.0,-0.0006692653190028107,-0.0006692630739056809,1.760973586717312,-0.09195562687436287,6.919886205020154e-07,2.075965861506046e-09,1.6913126837936333e-10,0.235156997807821,0.17623105993367935,0.33646143734759176,0.25215050491090796,0.18692828912371898,0.37632610407202993,0.4367456068042512,1.696057421139411e-20,0.007791379334160804,0.0009365576488123877,0.08787720611705532,1.0,0.00046827882440619384,0.0003111406882604638,0.0003111406882604638,7.0265185181467745e-09,0.007011952794975629,HYG_StaticLambda,True,False,0,Optimization terminated successfully,1,-0.007011952794975629,0.10601269634222428,0.13,0.13,0.08088535097721793,False,-0.14369164485157082,0.0,0.023987303657775724,0.023987303657775724,0.016308355148429182,0.4367456068042512,GLD,0,0.006165011097839678,0.006277655805904026,0.00969579308739104,-0.005896253566106454,-4.84031234608351e-06,0.00021768219742424163,-8.950549632783893e-05,-1.8605944966143165e-06
2018-01,2017-12,2017-12,2017-12-28,0.38509646655602453,0.5717213114754098,0.016892245309418526,0.01689224708280026,1.7907203845275472,-0.0766167185716875,5.254777678820407e-07,1.5764333036461223e-09,1.9694843031437843e-10,0.24943802412612012,0.13656598288772248,0.39676776543495806,0.21722822755119933,0.18865903995305042,0.36997943474276707,0.44136152530418254,0.0,0.007222157295974458,0.0009027518995516258,0.08124937615438374,1.0,0.0004513759497758129,0.00031221041514139435,0.00031221041514139435,6.856978721924978e-09,0.006458564074078529,HYG_StaticLambda,True,False,0,Optimization terminated successfully,1,-0.006458564074078529,0.10408180818288809,0.13,0.13,0.07855935251968964,False,-0.14572679877560682,0.0,0.025918191817111913,0.025918191817111913,0.014273201224393184,0.44136152530418254,GLD,0,0.006520906052521612,0.0060166380014433024,0.008941697793816544,-0.005876460095978267,2.7917132333526367e-05,-0.00016704518921427565,-0.00028114779159518397,1.4999124270011006e-05
2018-02,2018-01,2018-01,2018-01-30,0.47424202413230376,0.0,-0.01640182668465358,-0.016401825074014456,1.76134929913985,-0.09176189111718147,4.6018260672908706e-07,1.3805478201872612e-09,2.3009130332984906e-10,0.3566635605528313,0.11678393565233602,0.3966693082691679,0.1298831955256647,0.19079650672327522,0.36482021534292963,0.4443832779337952,2.7755575615628914e-17,0.007261869540204028,0.0008385559998806292,0.08211109848316456,1.0,0.0004192779999403146,0.00031205120802227734,0.00031205120802227734,6.823110707339942e-09,0.006530533509130729,HYG_StaticLambda,True,False,0,Optimization terminated successfully,1,-0.006530533509130729,0.10031287055292332,0.13,0.13,0.07526671552733055,False,-0.1471192687246914,0.0,0.029687129447076688,0.029687129447076688,0.012880731275308616,0.4443832779337952,GLD,0,0.006969316634835794,0.005841299896142897,0.008529642691945675,-0.004018426438299558,-2.1685010490849485e-06,0.00010544631179626659,-6.15725166218188e-05,-3.0384213401004254e-06
2018-03,2018-02,2018-02,2018-02-27,0.37430330122442457,0.858130081300813,-0.006263410661727863,-0.006263403356664385,1.7503172451605906,-0.09745055937174574,2.0890604651297257e-06,6.267181395389178e-09,1.0378820823886787e-09,0.22292679738282276,0.04651481478248612,0.6044390856792627,0.1261193021554283,0.17830485504575477,0.3739304601928407,0.4477646847614046,2.677899276940186e-17,0.006265391266018137,0.0008562414282017606,0.07004724662300707,1.0,0.0004281207141008803,0.0003149937689218537,0.0003149937689218537,1.1082400749040681e-08,0.005522265700594654,HYG_StaticLambda,True,False,0,Optimization terminated successfully,2,-0.005522265700594654,0.10136516728354532,0.13,0.13,0.07408222206110207,False,-0.14680832402906024,0.0,0.028634832716454686,0.028634832716454686,0.013191675970939759,0.4477646847614046,GLD,0,0.006801576874252554,0.005860002512327949,0.006706037253613052,-0.006436412542419639,3.068210324055632e-05,-0.00017569729698624077,-0.0001811112070028783,1.8612245426274753e-05
2018-04,2018-03,2018-03,2018-03-30,0.49853419632149987,0.9963592233009708,0.002539833699126523,0.002539836527424029,1.7547627598840116,-0.09515823388731037,8.0808500163566e-07,2.42425500490698e-09,4.040425008178349e-10,0.2671238846447026,0.07469370745893074,0.5143569133468623,0.1438254945495044,0.18470682099132046,0.3659500202457663,0.4493431587629133,2.7870185000146717e-17,0.00654973029458977,0.0008664861421225994,0.07339784668234164,1.0,0.0004332430710612997,0.00031373332692352505,0.00031373332692352505,7.3072843359382466e-09,0.00580274658932061,HYG_StaticLambda,True,False,0,Optimization terminated successfully,1,-0.00580274658932061,0.10196976858594509,0.13,0.13,0.07523799266888494,False,-0.14783305193956034,0.0,0.028030231414054918,0.028030231414054918,0.012166948060439664,0.4493431587629133,GLD,0,0.00672020761399142,0.005630444153995519,0.007431638706087605,-0.005438470598296323,3.284052554245741e-05,-0.00026428372339338033,-1.5718242286029267e-06,1.972787739688072e-05
2018-05,2018-04,2018-04,2018-04-30,0.4331132598642545,0.9666398713826366,-0.001880080111453698,-0.001880075650091138,1.7514636653188342,-0.09685940889579137,1.2746750171349772e-06,3.824025051404931e-09,6.373375085744346e-10,0.177181885158172,0.0653593042740968,0.5533409822068006,0.2041178283609306,0.18783907093896135,0.370192771820061,0.44196815724097765,2.952554581022733e-17,0.006476796103083162,0.0008847512471447617,0.07241304575412937,1.0,0.00044237562357238086,0.00030553585365071886,0.00030553585365071886,8.327744116406015e-09,0.005728876298115945,HYG_StaticLambda,True,False,0,Optimization terminated successfully,1,-0.005728876298115945,0.10303890025488985,0.13,0.13,0.07668957384056672,False,-0.14495287910089819,0.0,0.026961099745110156,0.026961099745110156,0.015047120899101818,0.44196815724097765,GLD,0,0.006832742928850439,0.0058015421013439365,0.007294469820646734,-0.006045731565366192,4.219280535508318e-05,-0.0003150495308835804,-0.0001574066225481269,2.9624180043202812e-05
2018-06,2018-05,2018-05,2018-05-31,0.5101680690196747,0.0,0.00262426154003655,0.0026242620879988734,1.7560599640545018,-0.09448933177731078,1.5656066393311128e-07,4.696819917993339e-10,7.82803319665598e-11,0.2686182397404547,0.11779539507660325,0.42653901025572666,0.18704735492721536,0.18196571312056145,0.37564997978540793,0.44238430709403065,2.924401758689521e-17,0.006966177736145676,0.0008713422303823245,0.07836607945145416,1.0,0.00043567111519116227,0.0003038982035550328,0.0003038982035550328,6.538715635386292e-09,0.006226601878683845,HYG_StaticLambda,True,False,0,Optimization terminated successfully,1,-0.006226601878683845,0.10225510630079994,0.13,0.13,0.07683132456351595,False,-0.14479065267348984,0.0,0.027744893699200066,0.027744893699200066,0.015209347326510164,0.44238430709403065,GLD,0,0.0061448305479368396,0.00582584138432954,0.008178555000126366,-0.004628079678755521,-1.194570060947841e-05,0.00013487762344179563,-1.583553035068615e-05,-1.0624192494645468e-05
2018-07,2018-06,2018-06,2018-06-29,0.434838676455717,0.7119521912350597,-0.004772956745423006,-0.004772956094651743,1.7476783658037007,-0.09881129502925667,1.9528255020291714e-07,5.858476506087514e-10,6.492361236416895e-11,0.16087518202062076,0.10604822922593457,0.4418264741185684,0.2912501146348763,0.17492869666097063,0.38606952943633654,0.4390017739026928,0.0,0.00692311167049906,0.0009320643041516525,0.07748495422107882,1.0,0.00046603215207582623,0.00029963367779410057,0.00029963367779410057,6.548331586724219e-09,0.006157439292297546,HYG_StaticLambda,True,False,0,Optimization terminated successfully,1,-0.006157439292297546,0.10575808077787639,0.13,0.13,0.07940586039296452,False,-0.14298945456870088,0.0,0.024241919222123612,0.024241919222123612,0.017010545431299123,0.4390017739026928,GLD,0,0.005776645189998889,0.006197991502530408,0.008466459097144823,-0.004875702457902271,2.530811998685066e-05,-0.00026957113492894575,-0.00022184303079375182,2.1609412466553916e-05
2018-08,2018-07,2018-07,2018-07-31,0.34898878792494603,0.5229249011857707,-0.007004121495751615,-0.007004120928831098,1.7354374141941151,-0.10512333020947073,1.6197729080236394e-07,4.859318724070918e-10,8.098864540118296e-11,0.18221769363463097,0.13817047262099297,0.3865227057509297,0.2930891279934464,0.17538694869524551,0.39391820200655875,0.43069484929819574,3.882799030213713e-21,0.006914434322474742,0.0008961231363694757,0.07759647305148006,1.0,0.00044806156818473784,0.00029149131724366206,0.00029149131724366206,6.54172573232118e-09,0.00617487489532061,HYG_StaticLambda,True,False,0,Optimization terminated successfully,1,-0.00617487489532061,0.10369897606260975,0.13,0.13,0.07926759065947123,False,-0.1395658889131289,0.0,0.026301023937390255,0.026301023937390255,0.0204341110868711,0.43069484929819574,GLD,0,0.005478001808673719,0.0062742295825941674,0.008692037881428132,-0.004803147465573351,3.7288671195178585e-05,-0.0001602598220709422,-0.0004757325677679863,2.7792395257854927e-05
2018-09,2018-08,2018-08,2018-08-31,0.31301966010178556,0.6403301886792453,-0.00021224091268514175,-0.0002122401446418094,1.7350690833734186,-0.10531325965060778,2.400234611621426e-07,7.200703834864278e-10,4.797294887726133e-11,0.15063634294889292,0.11682580090059831,0.41256987674573564,0.319967979404773,0.17709725437939622,0.399478843049736,0.4234239025708678,2.776060596912448e-17,0.00665600773299933,0.0008847432465063018,0.07456363331695415,1.0,0.0004423716232531509,0.00028441877727892117,0.00028441877727892117,6.567276746098392e-09,0.0059292107651905115,HYG_StaticLambda,True,False,0,Optimization terminated successfully,1,-0.005929210765190512,0.10303843437317757,0.13,0.13,0.07929436921844904,False,-0.13663559740552175,0.0,0.026961565626822434,0.026961565626822434,0.02336440259447825,0.4234239025708678,GLD,0,0.005568474854919183,0.0063284296085186955,0.008293891551580803,-0.004904938133711567,4.233206229806433e-05,-0.00024879770497257536,-0.0006569468857818533,4.9212413451864524e-05
2018-10,2018-09,2018-09,2018-09-28,0.4256552940656051,0.0,0.00923577734473158,0.009235778719459981,1.751093795105183,-0.09705013212345703,4.4804807984633003e-07,1.34414423953899e-09,3.0584160607416027e-11,0.11519428456042721,0.08779420346506356,0.45229742731419603,0.3447140846603132,0.17849543120429287,0.40100834153772724,0.4204962272579799,0.0,0.006844101128830944,0.0008977391868677435,0.07674277842476487,1.0,0.0004488695934338718,0.0002802223913126397,0.0002802223913126397,6.755761298119507e-09,0.0061150023883231345,HYG_StaticLambda,True,False,0,Optimization terminated successfully,1,-0.0061150023883231345,0.10379243827183618,0.13,0.13,0.07970979703453712,False,-0.13549418631425955,0.0,0.026207561728163825,0.026207561728163825,0.024505813685740452,0.4204962272579799,GLD,0,0.005756779292967803,0.006348549983817611,0.00790168822580662,-0.005222778370496929,-2.6347674318695656e-06,0.00019998936338432233,-0.0003130500631629578,2.5065073100711243e-05
2018-11,2018-10,2018-10,2018-10-30,0.5858590272887585,0.5303975058456742,-0.010358720770803754,-0.010358715013550047,1.7329547034382013,-0.10640353767482436,1.6449296302983862e-06,4.934788890895159e-09,8.224648151422542e-10,0.22897617634820308,0.18529233825235095,0.32374788613331684,0.26198359926612913,0.15541448643621922,0.4009409405830158,0.44364457298076504,0.0,0.007243205131086752,0.0009283484750395319,0.08134837072280383,1.0,0.00046417423751976593,0.0002971991740448632,0.0002971991740448632,9.652411542498452e-09,0.00648182206711058,HYG_StaticLambda,True,False,0,Optimization terminated successfully,1,-0.00648182206711058,0.1055470591749215,0.13,0.13,0.07926272299008423,False,-0.14381265390292566,0.0,0.024452940825078498,0.024452940825078498,0.01618734609707434,0.44364457298076504,GLD,0,0.004210717594932236,0.00621531118205295,0.009152786939150913,-0.003521307552741857,-6.8485861941214625e-06,-0.00010886369213523331,0.0001824747546729355,-5.538401406951129e-06
2018-12,2018-11,2018-11,2018-11-30,0.5961776678406475,0.0,-0.0012426896689892403,-0.0012426881185828402,1.7308011785314124,-0.10751400076680118,4.4297325717257466e-07,1.328919771517724e-09,2.2148662859322648e-10,0.11613070993440404,0.09043579707111214,0.44606454435869813,0.3473689486357857,0.16366463937685932,0.39638702693515143,0.4399483336879893,9.344396105862606e-22,0.007063316828380194,0.0009684289466587053,0.0789492282606101,1.0,0.00048421447332935266,0.00029197456091037356,0.00029197456091037356,6.760181856223717e-09,0.0062871210339586125,HYG_StaticLambda,True,False,0,Optimization terminated successfully,1,-0.0062871210339586125,0.10780142559309902,0.13,0.13,0.0801846903825054,False,-0.14274467522741907,0.0,0.022198574406900984,0.022198574406900984,0.017255324772580932,0.4399483336879893,GLD,0,0.004928789122212809,0.006157266579287359,0.008222620093649526,-0.007354376376340474,-3.6478095058666436e-05,0.00024278756381841527,0.00024591993503974804,-2.4947806464816857e-05
2019-01,2018-12,2018-12,2018-12-28,0.5400060184645616,0.8554356206630687,0.046087892047060444,0.04608789229311782,1.810570156402493,-0.06638120238062872,7.030210731617815e-08,2.1090632194853446e-10,3.515105365115e-11,0.10187324202429324,0.056079855392154945,0.5430855697405771,0.2989613328429746,0.15928835756457593,0.3836459505732539,0.4570656918621703,1.018696434894083e-21,0.006380009834575754,0.0009730196757313656,0.07072199996052085,1.0,0.0004865098378656828,0.0003031036299856193,0.0003031036299856193,6.507029486906226e-09,0.005590389859694965,HYG_StaticLambda,True,False,0,Optimization terminated successfully,1,-0.005590389859694965,0.10805663380272582,0.13,0.13,0.07829110413641675,False,-0.14879094552348868,0.0,0.02194336619727419,0.02194336619727419,0.011209054476511326,0.4570656918621703,GLD,0,0.005009457932038007,0.0057534612153127525,0.00750953537042413,-0.008914124635242451,4.892933907761084e-05,-0.0002494501181211785,6.634732332784756e-05,-2.951963715959838e-06
2019-02,2019-01,2019-01,2019-01-31,0.5207759342443048,0.3017638036809816,0.009568384279460997,0.009568387018693707,1.8278943874238758,-0.057447978954478285,8.107818104258202e-07,2.432345431277461e-09,3.0688727983840814e-10,0.11926164815773856,0.03969952247533758,0.6309948307217833,0.21004399864514056,0.16560477502242774,0.38562984975527326,0.4487653752222991,1.1751964223671912e-21,0.00629285295793252,0.0008919466586630878,0.07016255554321171,1.0,0.0004459733293315439,0.000293995246854195,0.000293995246854195,7.3065869523825105e-09,0.005552877075159828,HYG_StaticLambda,True,False,0,Optimization terminated successfully,1,-0.005552877075159828,0.10345704376192591,0.13,0.13,0.07678105391723883,False,-0.1456761319423309,0.0,0.026542956238074095,0.026542956238074095,0.014323868057669109,0.4487653752222991,GLD,0,0.0060026581209056025,0.005983687329639555,0.006635810419830957,-0.006792682144879374,-4.399155162539953e-06,6.630727899725977e-06,2.5726641463826664e-05,-1.8421257947887872e-08
2019-03,2019-02,2019-02,2019-02-28,0.5454815010856986,0.0,0.006288133119604867,0.006288140741098612,1.839388430660576,-0.05152108637399133,2.3194063269310663e-06,6.958218980793199e-09,6.632747637930157e-10,0.08523859073444388,0.02110453840344939,0.7163044090386445,0.17735246182346234,0.1633606813223431,0.3921384898134944,0.44450082886416253,2.776592637971554e-17,0.006050571531312766,0.0008631728863324028,0.06742782105775877,1.0,0.0004315864431662014,0.00028913672651171874,0.00028913672651171874,1.0724940712492094e-08,0.005329837636694134,HYG_StaticLambda,True,False,0,Optimization terminated successfully,2,-0.005329837636694133,0.10177462668066552,0.13,0.13,0.07548476680161452,False,-0.14376896387442575,0.0,0.028225373319334487,0.028225373319334487,0.01623103612557425,0.44450082886416253,GLD,0,0.006143466064448387,0.00610191421283846,0.005856578015827276,-0.0065840024457280875,-5.152904343128201e-05,6.587226181827353e-05,7.538409560536603e-05,-9.966313471739257e-06
2019-04,2019-03,2019-03,2019-03-29,0.47066697804458835,0.7943181818181818,0.02117202159526128,0.021172024660838215,1.8783320022365955,-0.03143987033205142,9.28631723337582e-07,2.785895170012746e-09,2.7968176280480774e-10,0.1575479433760788,0.04517762653444211,0.619600905906315,0.1776735241831641,0.15847849990636095,0.39880200573589464,0.44271949435774444,2.9438208960000264e-17,0.0061996622859766355,0.0008416039670595483,0.06934632362936233,1.0,0.00042080198352977417,0.00028652233673251486,0.00028652233673251486,7.437651173273137e-09,0.005492330528063173,HYG_StaticLambda,True,False,0,Optimization terminated successfully,1,-0.005492330528063173,0.10049501283503863,0.13,0.13,0.07511618403958839,False,-0.14275351911349118,0.0,0.029504987164961374,0.029504987164961374,0.01724648088650882,0.44271949435774444,GLD,0,0.005715436788806648,0.006219019931155773,0.006487517175422998,-0.0052021941313011005,8.137815139475762e-05,-0.00010294560184115829,-6.835317547085241e-05,1.7752170987133024e-05
2019-05,2019-04,2019-04,2019-04-30,0.40474362160745986,0.8414909638554217,0.010217830474168481,0.010217835365252774,1.8975244802096545,-0.021543287123065635,1.5003920220274732e-06,4.50117606608242e-09,3.899082268999028e-10,0.1439851975267811,0.04926289425072246,0.6010943331552535,0.20565757506724294,0.15817866634716768,0.40311812134003505,0.4387032123127973,3.1003018281750856e-17,0.00635936467931375,0.0008406445408222274,0.07126850890683165,1.0,0.0004203222704111137,0.0002817881191415468,0.0002817881191415468,8.589736420043936e-09,0.005657245700024669,HYG_StaticLambda,True,False,0,Optimization terminated successfully,1,-0.005657245700024669,0.1004377144795058,0.13,0.13,0.07575211746724929,False,-0.14105352153894052,0.0,0.02956228552049421,0.02956228552049421,0.018946478461059485,0.4387032123127973,GLD,0,0.005725695982906815,0.006453869367450564,0.0067924368600364125,-0.004784026777554324,9.834252615372344e-05,-0.00012139851387332493,-0.00021534282407087305,3.96960703183503e-05
2019-06,2019-05,2019-05,2019-05-31,0.48880004151773937,0.3499251497005988,0.026022193427550442,0.02602219534545542,1.9469022292671823,0.0,6.364720720458788e-07,1.9094162161376364e-09,8.488763401082847e-12,0.119543407136065,0.045109979014516015,0.606487256009475,0.22885935783994404,0.14516211015205793,0.4001733877597279,0.45466450208821424,0.0,0.006566562907594516,0.0009069127428786398,0.07335727843386235,1.0,0.0004534563714393199,0.0002932531892720668,0.0002932531892720668,7.042848368884849e-09,0.00581984630403476,HYG_StaticLambda,True,False,0,Optimization terminated successfully,1,-0.005819846304034759,0.10432139241087457,0.13,0.13,0.07652664721619362,False,-0.14701622947662413,0.0,0.025678607589125435,0.025678607589125435,0.012983770523375876,0.45466450208821424,GLD,0,0.005122637888694762,0.006472019736399461,0.007159260870420088,-0.006023212805198375,2.4569224167527007e-06,-6.35330400701339e-06,-4.3671958485040905e-05,6.228329011218114e-06
2019-07,2019-06,2019-06,2019-06-28,0.4507788192501322,0.0,0.01677428894813172,0.016774292608827665,1.9795601298146717,0.0,1.1533578162803426e-06,3.460073448841028e-09,2.0062249353469675e-10,0.09570715297008163,0.03274587359518651,0.6493679575914587,0.22217901584327324,0.15067278549997873,0.39228228743087123,0.4570449270691501,0.0,0.006571641757522878,0.0008985722057967496,0.07346826785549404,1.0,0.0004492861028983748,0.00029201060334542786,0.00029201060334542786,7.821660898257066e-09,0.0058303372296181774,HYG_StaticLambda,True,False,0,Optimization terminated successfully,1,-0.0058303372296181774,0.1038405819974108,0.13,0.13,0.07600176401473886,False,-0.14831001831362045,0.0,0.02615941800258921,0.02615941800258921,0.011689981686379552,0.4570449270691501,GLD,0,0.005669140103400281,0.006471413275150649,0.007026324586693353,-0.005690875470497778,-3.424436726902631e-05,6.743975055767978e-05,-0.00011772564630699154,1.0234127361677916e-05
2019-08,2019-07,2019-07,2019-07-30,0.4662836304946679,0.16185185185185186,0.06313683654543742,0.06313684245452235,2.1045432941626454,0.0,1.8590504007598442e-06,5.577151202279533e-09,3.319337324447766e-10,0.121935627864152,0.022370297069575617,0.7230444235103902,0.13264965155588213,0.14043838231943925,0.3950966029478231,0.4644650147327376,2.7316690534682804e-21,0.006255712350009546,0.0008645444295910967,0.06988128162256796,1.0,0.00043227221479554836,0.0002972859499394647,0.0002972859499394647,9.404538808957922e-09,0.005526144780735724,HYG_StaticLambda,True,False,0,Optimization terminated successfully,1,-0.005526144780735724,0.10185545226001974,0.13,0.13,0.07306238719773321,False,-0.15084146718546837,0.0,0.028144547739980263,0.028144547739980263,0.009158532814531634,0.4644650147327376,GLD,0,0.005486706755333369,0.006471713831690939,0.006339281401174325,-0.005327954409047529,-1.964378912433763e-05,2.103957124369187e-05,-4.674705517842598e-05,4.3075561422668895e-06
2019-09,2019-08,2019-08,2019-08-30,0.550380113879002,0.0,-0.023752893397447305,-0.02375041950143178,2.054554301646087,-0.02375289339744746,0.000824492814129302,2.473478442387906e-06,4.175731363185609e-10,0.08657107478584139,0.01391689274183162,0.7749357992784679,0.12457623319385913,0.12878466737666516,0.38311881489740685,0.48809651772592805,3.576751143706966e-19,0.00666042635391528,0.0009603896179594866,0.07416277853922644,1.0,0.0004801948089797433,0.00031569196646222925,0.00031569196646222925,2.4763332824791608e-06,0.0058620632451908275,HYG_StaticLambda,True,False,0,Optimization terminated successfully,12,-0.0058620632451908275,0.10735304101660949,0.13,0.13,0.07302657386449522,False,-0.16000000044871152,0.0,0.022646958983390517,0.022646958983390517,-4.48711512390787e-10,0.48809651772592805,GLD,0,0.005306235696154351,0.006659992020668497,0.006921636850295189,-0.005955784328389931,-4.38263504944503e-05,4.587119527350807e-05,7.199294342433595e-05,-5.9068044735894125e-06
2019-10,2019-09,2019-09,2019-09-30,0.5631946452322352,0.0,-0.0052407129196911095,-0.005240706052575563,2.0437869723732436,-0.028869124221830522,2.12521561847312e-06,6.37564685541936e-09,4.914686912438352e-10,0.10247103679795988,0.01546343613651306,0.766410082083159,0.11565544498236806,0.13983177810585173,0.38976271199738854,0.4704055098967597,3.7112359032309394e-19,0.006394495432604603,0.0008972052603310756,0.07135071362926879,1.0,0.0004486026301655378,0.00030104265957553553,0.00030104265957553553,1.0104733520854849e-08,0.005644840038130009,HYG_StaticLambda,True,False,0,Optimization terminated successfully,1,-0.005644840038130009,0.10376156862717963,0.13,0.13,0.07246897584565451,False,-0.15327617610276834,0.0,0.02623843137282038,0.02623843137282038,0.006723823897231668,0.4704055098967597,GLD,0,0.005774412998522119,0.006526572147766637,0.006374529809582037,-0.005610850280921255,-3.223608931072266e-05,4.1857061726192445e-05,6.975661810400792e-05,-6.747004555329133e-06
2019-11,2019-10,2019-10,2019-10-31,0.4560889046068717,0.0,-0.004146835407014577,-0.004146829748724514,2.035311724191811,-0.03289624412235248,1.7424294561779762e-06,5.227288368533928e-09,4.3100169466736355e-10,0.10323935420701846,0.012893607164700227,0.7857361182823953,0.09813092034588598,0.14223570892796897,0.3826762366610823,0.4750880544109487,3.699104740248952e-19,0.006148198975658787,0.0008816820175228297,0.06848829560276846,1.0,0.00044084100876141486,0.0003022468209901784,0.0003022468209901784,9.152505934508298e-09,0.005405101993401259,HYG_StaticLambda,True,False,0,Optimization terminated successfully,2,-0.005405101993401259,0.102860022410429,0.13,0.13,0.07157864912588853,False,-0.1543681568663945,0.0,0.027139977589571,0.027139977589571,0.005631843133605513,0.4750880544109487,GLD,0,0.005881410886347394,0.0062544455657228895,0.006170487931644639,-0.0056712049409148885,-2.8506033975276586e-05,2.8384276855151412e-05,-4.2324535568962995e-05,2.0729136144045206e-06
2019-12,2019-11,2019-11,2019-11-29,0.4239375981554435,0.5989130434782609,0.01956540776947832,0.019565417744692927,2.0751334280136238,-0.013974464783212404,3.070948592365231e-06,9.212845777095693e-09,7.623688266511507e-10,0.09818300166070919,0.009279400003466056,0.8154667971548376,0.07707080118098719,0.1440178019434962,0.39022994153619417,0.4657522565203096,3.8439478406760845e-19,0.0059190808816444685,0.0008386034656788215,0.06599734978566069,1.0,0.00041930173283941075,0.00029305098919385974,0.00029305098919385974,1.2753421314462964e-08,0.005206715406189883,HYG_StaticLambda,True,False,0,Optimization terminated successfully,2,-0.005206715406189883,0.10031570957804097,0.13,0.13,0.07056068030553862,False,-0.15063599906576308,0.0,0.02968429042195904,0.02968429042195904,0.009364000934236921,0.4657522565203096,GLD,0,0.005975941555647485,0.006303359833187502,0.005651348713183393,-0.00526644164320114,2.5108546274311435e-05,-2.2751093831447528e-05,-6.051964260276243e-05,8.0165861583242e-06
2020-01,2019-12,2019-12,2019-12-30,0.5980168260466474,0.0,0.03826282399911784,0.03826283187606055,2.154533893144395,0.0,2.341949456918791e-06,7.025848370756373e-09,8.510943375616978e-10,0.12406755621506356,0.018492178288718537,0.7462171468738865,0.11122311862233134,0.15103592103793814,0.38153496929317043,0.46742910966889145,3.9944051845361004e-19,0.006385064100613989,0.0008579301080435698,0.07147318855910645,1.0,0.0004289650540217849,0.00029104364731889754,0.00029104364731889754,1.104886459085668e-08,0.005665044350408715,HYG_StaticLambda,True,False,0,Optimization terminated successfully,1,-0.005665044350408715,0.10146507426953788,0.13,0.13,0.07187735172607436,False,-0.15169542975927303,0.0,0.028534925730462124,0.028534925730462124,0.008304570240726977,0.46742910966889145,GLD,0,0.006345501402044393,0.0062669732163284225,0.00637158238736749,-0.004589038066747025,-3.9084165901390675e-05,3.957951118850655e-05,0.00010297835577589783,-1.0993041672270023e-05
2020-02,2020-01,2020-01,2020-01-31,0.5788757089771175,0.0,-0.0035194787501067124,-0.0035194780868936498,2.146951056891089,-0.0035194787501067193,2.1258171030436046e-07,6.377451309130814e-10,2.5467931791256393e-11,0.13286780064163697,0.043653644393280004,0.6198328166423137,0.20364573832276936,0.13952990634940116,0.37875691099907033,0.4817131826515285,3.3432882227662886e-19,0.007222307748581756,0.0009628713946473446,0.08089046461509701,1.0,0.0004814356973236723,0.00030202875367785106,0.00030202875367785106,6.555582183226953e-09,0.00643883674199805,HYG_StaticLambda,True,False,0,Optimization terminated successfully,1,-0.00643883674199805,0.10749165891253207,0.13,0.13,0.0747278426679426,False,-0.15694677710181906,0.0,0.022508341087467937,0.022508341087467937,0.0030532228981809406,0.4817131826515285,GLD,0,0.005570651515002645,0.006572812714896414,0.008035047944263565,-0.005663985501572267,-5.082826087131825e-05,7.38228008964595e-05,0.0001330245355288027,-1.7859920054963964e-05
2020-03,2020-02,2020-02,2020-02-28,0.7079524053825045,0.3909155937052933,-0.05584713227660785,-0.05584703867485265,2.027049997225489,-0.05917005823141264,2.9608270393902278e-05,8.882481118170684e-08,4.776944018819603e-09,0.2151972350330237,0.07806028720458107,0.5186193552151384,0.18812312254725683,0.13407123732986295,0.3760514117252135,0.48987735094492363,0.0,0.007456906179867714,0.0009751946500466752,0.08363170625813252,1.0,0.0004875973250233376,0.0003075965236554445,0.0003075965236554445,9.526883813899707e-08,0.006661617062350793,HYG_StaticLambda,True,False,0,Optimization terminated successfully,4,-0.006661617062350793,0.10817733496698882,0.13,0.13,0.07508341360542896,False,-0.15999999994126618,0.0,0.021822665033011182,0.021822665033011182,5.873382336041288e-11,0.48987735094492363,GLD,0,0.0050417405314245505,0.006383751408344215,0.008598621166971871,-0.00531559802957395,-3.053480602446409e-06,3.005341044358056e-07,0.00034368126548665467,-3.313738321590191e-05
2020-04,2020-03,2020-03,2020-03-31,0.680975271328073,0.018874643874643875,0.06245312255290274,0.06253858709009433,2.153645599123074,-0.00041229057669867064,0.02848811874934672,8.546435624804016e-05,1.809435518344153e-10,0.13337728663135937,0.029685853764346442,0.6845714313173585,0.15236542828693564,0.12404716256601334,0.3847397174042859,0.4912131200297007,3.7451032367256856e-18,0.006527319325782037,0.0009965915810146704,0.07234828242329643,1.0,0.0004982957905073352,0.0003288392509688605,0.0003288392509688605,8.546744040424153e-05,0.0056147168439016,HYG_StaticLambda,True,False,0,Optimization terminated successfully,11,-0.0056147168439016,0.10935766535627965,0.13,0.13,0.07973351946722797,False,-0.16000000000023573,0.0,0.020642334643720353,0.020642334643720353,-2.3572810370353636e-13,0.4912131200297007,GLD,0,0.004602116588749066,0.005663510574383647,0.0074213261254866825,-0.009751348614658128,-5.535484262462628e-05,4.509028233856609e-05,0.0002474042042216789,-7.691922361630328e-05
2020-05,2020-04,2020-04,2020-04-29,0.6424513917025403,0.6965933286018453,0.04999060445087104,0.04999187726122345,2.2613076443961946,0.0,0.00041446505526066875,1.2433951657820062e-06,2.941518662725135e-08,0.02537292977887852,0.0026257207548109084,0.8808468092170597,0.09115454024925088,0.12596102980745533,0.38308035219592806,0.49095861799661666,4.73848279901031e-17,0.006308690842041886,0.0009860166457380903,0.0697881902300741,1.0,0.0004930083228690452,0.0003261056668731713,0.0003261056668731713,1.2743312676642632e-06,0.005488302521032005,HYG_StaticLambda,True,False,0,Optimization terminated successfully,4,-0.005488302521032005,0.1087759152977215,0.13,0.13,0.07992097527645384,False,-0.15999998758881953,0.0,0.021224084702278503,0.021224084702278503,1.2411180472238215e-08,0.49095861799661666,GLD,0,0.0055427384136779384,0.006024355171160896,0.006541868503528364,-0.013902420685275372,4.040378974850985e-05,-3.0351437853916147e-05,0.0001985110682193429,-5.306327077493138e-05
2020-06,2020-05,2020-05,2020-05-29,0.5992547689362759,0.96004243281471,-0.00421051111607619,-0.004210503839600137,2.2517863834225964,-0.0042105111160761766,2.15154838488501e-06,6.45464515465503e-09,8.218308988339691e-10,0.026296368301077178,0.0008893691012170766,0.9409890840647644,0.031825178532941305,0.1271670789860731,0.3837315259702459,0.48910139504368094,6.148390254533931e-17,0.006438782862474956,0.0009502816099427728,0.07156370469004283,1.0,0.0004751408049713864,0.00032248820995652304,0.00032248820995652304,1.0589173567294374e-08,0.005641143258373479,HYG_StaticLambda,True,False,0,Optimization terminated successfully,1,-0.005641143258373479,0.10678660646032945,0.13,0.13,0.07972376845765342,False,-0.15930386291196727,0.0,0.023213393539670557,0.023213393539670557,0.0006961370880327333,0.48910139504368094,GLD,0,0.0062523557221537945,0.006396237635880991,0.00636136374243045,-0.010042016838470346,9.316475599852073e-05,-1.6144449723306914e-05,0.0001477133052460108,0.00017088169720603488
2020-07,2020-06,2020-06,2020-06-30,0.625426528599919,0.0,0.07475368504622944,0.07475597419848758,2.420115713520357,0.0,0.0007529622044748966,2.2588866134246897e-06,3.0265644714372096e-08,0.0681965222585688,0.0025168897273281907,0.8962106579828519,0.03307593003125108,0.13511641644679698,0.375146029775221,0.48973755377798206,0.0,0.006411297730306113,0.0009296457107450661,0.07135769849920295,1.0,0.00046482285537253305,0.0003192420496740387,0.0003192420496740387,2.2906708565989913e-06,0.005624942154402942,HYG_StaticLambda,True,False,0,Optimization terminated successfully,4,-0.005624942154402942,0.10562077697565377,0.13,0.13,0.07931811370863932,False,-0.15999995839478964,0.0,0.02437922302434624,0.02437922302434624,4.160521036022935e-08,0.48973755377798206,GLD,0,0.00668974296466701,0.006019626761882969,0.0064835294726498325,-0.008988871564127478,-7.386290944797402e-05,1.1157387841799587e-05,0.00016280379359199962,-0.00013328577878703133
2020-08,2020-07,2020-07,2020-07-31,0.6414681865546076,0.22187281621243884,0.004876070859726671,0.004927087984936327,2.43191636922822,0.0,0.014576848944832854,4.3730546834498564e-05,7.2865783751580596e-06,0.08243556656589648,0.006586846527159698,0.8435735552012883,0.06740403170565555,0.14739842115363522,0.3645114375152557,0.4880901413311091,0.0,0.007288653782698982,0.0009758685953821498,0.0816086338200949,1.0,0.0004879342976910749,0.00031387155519918276,0.00031387155519918276,5.101882486644276e-05,0.006435829104942282,HYG_StaticLambda,True,False,0,Optimization terminated successfully,22,-0.006435829104942282,0.10821470854087165,0.13,0.13,0.08177532371518198,False,-0.16000000000001785,0.0,0.02178529145912836,0.02178529145912836,-1.784683512084939e-14,0.4880901413311091,GLD,0,0.006954078412841938,0.006393515536214245,0.007756715704686674,-0.008790470959537508,-1.812497778707727e-05,9.837968451421624e-06,0.00029960273589663854,-5.75293274653716e-05
2020-09,2020-08,2020-08,2020-08-31,0.588735960815789,0.0,-0.03879528008286827,-0.03879527680584291,2.3375694925458994,-0.038795280082868255,9.362929592193758e-07,2.8088788776581275e-09,4.681464796096879e-10,0.07159350187170747,0.005263154163832908,0.859926363351168,0.06321698061329163,0.15093951831833713,0.36088357745017235,0.48817690423149057,0.0,0.007190863271548816,0.0009586940787927403,0.08053819478582935,1.0,0.00047934703939637015,0.0003114260881652344,0.0003114260881652344,7.567346412944393e-09,0.006400082576640798,HYG_StaticLambda,True,False,0,Optimization terminated successfully,1,-0.006400082576640798,0.10725823486107201,0.13,0.13,0.08103910861716002,False,-0.15926437436468768,0.0,0.02274176513892799,0.02274176513892799,0.0007356256353123203,0.48817690423149057,GLD,0,0.007190092523171605,0.00630182734674923,0.007657910474163613,-0.008358733237827275,-5.42291046142384e-05,2.1564849047246584e-05,0.00019123407551337914,-0.00011375430388586068
2020-10,2020-09,2020-09,2020-09-29,0.6261556468027473,0.7085932085932086,-0.02637818823594817,-0.02637818566164379,2.275908644456914,-0.06415011911812418,7.355155373783839e-07,2.2065466121351517e-09,3.6775776873776423e-10,0.1852767229952708,0.017223144876406204,0.7296706542182274,0.06782947791009562,0.15838318297212386,0.36573724457741946,0.4758795724504566,3.214622371772814e-23,0.00697823877803924,0.0009220616644254936,0.07820649534991791,1.0,0.0004610308322127468,0.000309442023637214,0.000309442023637214,7.183910241300586e-09,0.0062077587382790385,HYG_StaticLambda,True,False,0,Optimization terminated successfully,1,-0.00620775873827904,0.10518906774520784,0.13,0.13,0.0811183006276739,False,-0.1546752147003581,0.0,0.024810932254792167,0.024810932254792167,0.005324785299641893,0.4758795724504566,GLD,0,0.006840626527906847,0.005958962551081834,0.007624072027965673,-0.008606431206292613,5.68923813720054e-05,-2.6523175418890165e-05,0.00018478122573554527,0.00011359960616680786
2020-11,2020-10,2020-10,2020-10-30,0.8517779157031556,0.0,-0.0034646666697407767,-0.0034646643045331527,2.2680233796330893,-0.06739252700829634,6.757736068924059e-07,2.0273208206772176e-09,3.3788680338376787e-10,0.12144992357878019,0.011890467963765465,0.7893762872474307,0.07728332121002371,0.15842478455108097,0.3679968133776473,0.4735784020712718,2.7735609709571888e-17,0.0067995747124514425,0.0009530362716416577,0.07587667891956737,1.0,0.00047651813582082886,0.0003103119053550115,0.0003103119053550115,7.080493796474339e-09,0.006012737590781806,HYG_StaticLambda,True,False,0,Optimization terminated successfully,1,-0.006012737590781806,0.10694127014254082,0.13,0.13,0.08297428846660598,False,-0.15374236243682274,0.0,0.023058729857459187,0.023058729857459187,0.006257637563177265,0.4735784020712718,GLD,0,0.0067343768762760416,0.0058154676079554424,0.007140881825488871,-0.00981964722298054,-4.954516297549053e-05,2.8863343277582193e-05,0.0004393551668079303,-0.00017572341723841352
2020-12,2020-11,2020-11,2020-11-30,0.7610439382780786,0.0,0.04477075812605139,0.044770762774461584,2.369564505786872,-0.025638983408436844,1.3281171978019368e-06,3.98435159340581e-09,6.640585988871073e-10,0.2525684876002302,0.017714758208442087,0.6818900536406797,0.04782670055064793,0.18365735643109665,0.3725621805546038,0.4437804630142997,3.332089424290422e-17,0.00665476641830878,0.0008213910845775204,0.07492885051224024,1.0,0.0004106955422887602,0.0002877552981548989,0.0002877552981548989,8.441315273894665e-09,0.005956307136549848,HYG_StaticLambda,True,False,0,Optimization terminated successfully,2,-0.005956307136549848,0.09928087940248236,0.13,0.13,0.08122871146862697,False,-0.1429324046685645,0.0,0.03071912059751765,0.03071912059751765,0.01706759533143551,0.4437804630142997,GLD,0,0.007591633975183207,0.005731213588028168,0.006916562251131014,-0.007412432793601954,-2.1400090943096812e-05,2.091079605598904e-05,0.00011712564717524581,-7.643153084785905e-05
2021-01,2020-12,2020-12,2020-12-30,0.6400460418967638,0.0,0.012837711257689441,0.012837716232671608,2.3999842907186335,-0.013130418016685574,1.4214234764386998e-06,4.264270429316099e-09,7.10711738227677e-10,0.3587984045695214,0.03371028527727789,0.5553174197439851,0.052173890409215586,0.19938647056671488,0.3550666234836373,0.4455469059496479,0.0,0.007126475322414311,0.0008052527367847075,0.08068618744826349,1.0,0.00040262636839235374,0.00028642597846993337,0.00028642597846993337,8.863568074253587e-09,0.00643741411198395,HYG_StaticLambda,True,False,0,Optimization terminated successfully,2,-0.00643741411198395,0.09830072655589323,0.13,0.13,0.0804495655724875,False,-0.14451889500356618,2.220446049250313e-16,0.03169927344410678,0.03169927344410678,0.01548110499643382,0.4455469059496479,GLD,0,0.008038175052563917,0.005602576015666687,0.007837734448196602,-0.006518044259222595,-1.1951474757661198e-05,2.3957345394141186e-05,8.143339184448133e-05,-5.1524781844172334e-05
2021-02,2021-01,2021-01,2021-01-29,0.8252983234486169,0.0,-0.016593526796216562,-0.016593520905545285,2.360160087080095,-0.029506064869696647,1.6830489361213674e-06,5.049146808364102e-09,8.415244680815004e-10,0.30064152932091903,0.033609410920709175,0.5988070379847911,0.06694202177358066,0.2041356877799645,0.3600116546381151,0.43585265758192043,0.0,0.007196537686417639,0.0008066469217844528,0.08151857070630496,1.0,0.0004033234608922264,0.00027921591446887706,0.00027921591446887706,9.43296333476053e-09,0.0065139888780932015,HYG_StaticLambda,True,False,0,Optimization terminated successfully,2,-0.0065139888780932015,0.09838578688719948,0.13,0.13,0.08181414483571081,False,-0.14080045585616896,0.0,0.03161421311280052,0.03161421311280052,0.019199544143831043,0.43585265758192043,GLD,0,0.00832213768252327,0.0058034213001459806,0.007605092090987434,-0.00600673718838203,-1.645718015328245e-05,3.085273613327597e-05,0.00019718965725094745,-7.849071112620972e-05
2021-03,2021-02,2021-02,2021-02-26,0.7102833465589655,0.0,0.0003401225408485378,0.00034012754677024883,2.360962830725722,-0.029175978006601988,1.4302633459944984e-06,4.290790037983495e-09,7.151316729903097e-10,0.30488975512104693,0.06021852984273134,0.5301769022989414,0.10471481273728026,0.21621386227653944,0.36874752173538,0.4150386159880806,9.037429003706145e-22,0.007155978040004748,0.0007776668523690964,0.0812057353658424,1.0,0.0003888334261845482,0.00026808776081755487,0.00026808776081755487,8.75196859474557e-09,0.0064990481010340495,HYG_StaticLambda,True,False,0,Optimization terminated successfully,1,-0.0064990481010340495,0.09660228893990637,0.13,0.13,0.08192915964554785,False,-0.1328828692129289,0.0,0.033397711060093635,0.033397711060093635,0.027117130787071092,0.4150386159880806,GLD,0,0.008070565152546354,0.005839482917432769,0.0077096814877971945,-0.005037881825134359,-1.696517807625974e-05,4.5052149650875325e-05,0.00010831480639699113,-5.544758266206383e-05
2021-04,2021-03,2021-03,2021-03-30,0.5073772249005957,0.0,0.012550665139236196,0.012550667504789337,2.390594484620344,-0.016991490797436337,7.464426183823036e-07,2.239327855146911e-09,1.2622528458572368e-10,0.3315665859326997,0.12749233920038447,0.39070798009730706,0.15023309476960886,0.21502712728897305,0.3724141347134032,0.41255873799762377,9.094224146788262e-22,0.0073000505418835075,0.0007749201131921131,0.0829510858234494,1.0,0.00038746005659605657,0.0002651971484336077,0.0002651971484336077,7.107590362558578e-09,0.0066473862292634805,HYG_StaticLambda,True,False,0,Optimization terminated successfully,1,-0.0066473862292634805,0.09643153715618848,0.13,0.13,0.08203082023847573,False,-0.13178889731769947,0.0,0.03356846284381153,0.03356846284381153,0.028211102682300537,0.41255873799762377,GLD,0,0.007022225870790036,0.005859425376126738,0.008708438026399897,-0.00491807887113465,-1.0701069864080526e-05,6.54281788302391e-05,-1.6625283670566387e-05,-7.483637306233769e-06
2021-05,2021-04,2021-04,2021-04-30,0.5381549974723677,0.001004016064257028,0.027076889686158994,0.027283035280332626,2.4553243477647495,0.0,0.06328047594256525,0.00018984142782769574,1.630416634593501e-05,0.32464804181745743,0.32085410043526646,0.17829071015085565,0.17620714759642053,0.18188987899423883,0.33604185814714094,0.4820682628586203,0.0,0.007985167020869146,0.0009486128394260764,0.09013032721387329,1.0,0.0004743064197130382,0.0003049238846487432,0.0003049238846487432,0.00020614709424060193,0.006999789622266763,HYG_StaticLambda,True,False,0,Optimization terminated successfully,11,-0.006999789622266764,0.10669280234914123,0.13,0.13,0.08384050572534132,False,-0.1585406004436139,0.0,0.02330719765085877,0.02330719765085877,0.001459399556386104,0.4820682628586203,GLD,0,0.005093576197409668,0.005659275119042113,0.010634225428290187,-0.004074607072851487,-1.8988465828109073e-05,9.836218446089906e-05,1.910840077712271e-06,-1.7796526932248727e-05
2021-06,2021-05,2021-05,2021-05-31,0.4671721247709336,0.7018654230512992,-0.00784377330974678,-0.007813405392600108,2.436065340178981,-0.007843773309746727,0.010122558983048993,3.036767694914698e-05,2.4019752445370024e-10,0.28176433445537663,0.41510848669524425,0.12256243207018512,0.180564746779194,0.17919596800647572,0.33482666432411884,0.4859773676694055,0.0,0.008276722759938954,0.0009604700566248392,0.0935578527795184,1.0,0.0004802350283124196,0.0003059329274876929,0.0003059329274876929,3.0370675314715002e-05,0.007460184128824127,HYG_StaticLambda,True,False,0,Optimization terminated successfully,9,-0.007460184128824127,0.10735753666835911,0.13,0.13,0.08394831203979085,False,-0.1600000000000062,0.0,0.022642463331640897,0.022642463331640897,-6.189493362285248e-15,0.4859773676694055,GLD,0,0.004393747685954372,0.0054524960386485855,0.011781886025243037,-0.00325585862329853,2.0328443418039427e-05,-0.00013172255255698923,-4.429975766626077e-05,3.0546914886130635e-05
2021-07,2021-06,2021-06,2021-06-29,0.39727495831189413,0.85842175066313,0.019921407207055396,0.02000881956005294,2.484595189803681,0.0,0.024975248685124504,7.492574605537352e-05,1.2486606942169118e-05,0.27124732806069657,0.4118584405404077,0.12583221734582145,0.19106201405307427,0.1605123223277662,0.34855894187381364,0.4909287357984202,2.7755575615628914e-17,0.008099299402046276,0.0009694708603446417,0.09137476766248746,1.0,0.00048473543017232086,0.00030989849173140946,0.00030989849173140946,8.74142017386827e-05,0.0072172512784038625,HYG_StaticLambda,True,False,0,Optimization terminated successfully,19,-0.007217251278403862,0.1078594007221239,0.13,0.13,0.08341914902542157,False,-0.15999999999999615,0.0,0.022140599277876108,0.022140599277876108,3.858025010572419e-15,0.4909287357984202,GLD,0,0.004705443141511128,0.005824676824365793,0.0110292783989265,-0.0018657163635984828,4.82322249330355e-05,-0.00013274277951006415,-0.00012687845529541078,9.91848549144123e-05
2021-08,2021-07,2021-07,2021-07-30,0.6433783273274076,0.0,0.006479283062971994,0.006497856083982102,2.5006935853353176,0.0,0.006190916228904261,1.8572748686712786e-05,2.723233958198662e-10,0.32176738016106393,0.4585265049961536,0.09059953220584846,0.129106582636934,0.15315144197136532,0.3548541591652808,0.491994398863354,0.0,0.008333526349762924,0.0009472533300291612,0.09431879621698011,1.0,0.0004736266650145806,0.0003099453714204583,0.0003099453714204583,1.8575709360967153e-05,0.007531378603966917,HYG_StaticLambda,True,False,0,Optimization terminated successfully,8,-0.007531378603966917,0.10661632126625799,0.13,0.13,0.08274910376689673,False,-0.15999999999999925,0.0,0.023383678733742017,0.023383678733742017,7.494005416219807e-16,0.491994398863354,GLD,0,0.004137085418095554,0.005893663804901655,0.011304288233374957,-0.0007467167148895354,-4.223775915835358e-05,4.929328874067288e-05,7.289715055556333e-05,-7.96557046745206e-05
2021-09,2021-08,2021-08,2021-08-31,0.4018213787319458,0.8835301837270341,-0.00605285024910337,-0.0060488523258207805,2.4855572615443893,-0.006052850249103514,0.001332488464256182,3.997465392768546e-06,4.5788982075428344e-10,0.27519107890864664,0.473001752022915,0.09261661388361268,0.15919055518482567,0.1494881849833799,0.3579885201735785,0.4925232948430416,3.259998868470853e-19,0.008286460201326762,0.0009373036957110214,0.09381370024165502,1.0,0.0004686518478555107,0.00030913816561665297,0.00030913816561665297,4.000304787718345e-06,0.00750466988306688,HYG_StaticLambda,True,False,0,Optimization terminated successfully,14,-0.00750466988306688,0.10605491194910426,0.13,0.13,0.08190792670651999,False,-0.160000000000979,0.0,0.02394508805089575,0.02394508805089575,-9.78994663114463e-13,0.4925232948430416,GLD,0,0.00368292675076942,0.006027212249757899,0.011478143494588585,-0.0019293344729022566,4.2978797700936584e-05,-0.00010181031036978313,-9.136132515136094e-05,0.0001254154564509375
2021-10,2021-09,2021-09,2021-09-30,0.5434837308818355,0.0,-0.0015170024129959546,-0.0015010452889749077,2.481786665180987,-0.007560670473666042,0.004559178291727695,1.3677534875183085e-05,2.2795891458638475e-06,0.2490381369633913,0.4434305769319381,0.11059996937426896,0.19693131673040168,0.13879138578298206,0.3671972610547209,0.494011353162297,0.0,0.008283390160065442,0.0009772712740162485,0.0935370542766878,1.0,0.0004886356370081243,0.0003106169040002734,0.0003106169040002734,1.595929941367143e-05,0.007468178319643372,HYG_StaticLambda,True,False,0,Optimization terminated successfully,17,-0.007468178319643372,0.10829245259109696,0.13,0.13,0.08297160884512281,False,-0.16000000000000078,0.0,0.021707547408903044,0.021707547408903044,-7.771561172376096e-16,0.494011353162297,GLD,0,0.003182815829044631,0.0062722537658166655,0.01115842056402227,-0.0007373894573154492,-1.4570886186646385e-05,5.0255048205393804e-05,1.957585062464199e-05,-0.00014162374505762222
2021-11,2021-10,2021-10,2021-10-29,0.5034546006095804,0.0,-0.0038830938842062245,-0.003865649854960635,2.4721496545595176,-0.011414405564595609,0.005814111795997419,1.7442335387992257e-05,1.693857597103321e-09,0.23958693282974688,0.4275632021745834,0.11953303171645199,0.21331683327921772,0.1364374964933551,0.3692301103725786,0.4943323931340664,3.641819761388195e-18,0.008170991321485289,0.0009756545756507407,0.09219796840391903,1.0,0.00048782728782537034,0.0003095710229740701,0.0003095710229740701,1.7445818523491777e-05,0.007356147192162357,HYG_StaticLambda,True,False,0,Optimization terminated successfully,10,-0.007356147192162357,0.10820284149600179,0.13,0.13,0.0827990469623615,False,-0.15999999999999906,0.0,0.021797158503998215,0.021797158503998215,9.43689570931383e-16,0.4943323931340664,GLD,0,0.003050028953655703,0.00607418975622843,0.011140064063135101,4.9439892236876476e-05,-9.052582281269153e-06,4.507367434279335e-05,-2.0679853328563877e-05,-4.963843446729346e-05
2021-12,2021-11,2021-11,2021-11-30,0.7409570219258977,0.0,0.02276456078448679,0.022905970107959348,2.528427055639086,0.0,0.04040266384930167,0.00012120799154790501,2.020133192465082e-05,0.19001561768171168,0.4490355554984322,0.10732460428537584,0.25362422253448025,0.0909491358933462,0.4085954623952244,0.5004554017114294,6.962610826430349e-19,0.008519232138849466,0.0010774475845427211,0.09576610015893727,1.0,0.0005387237922713606,0.0003255827266360576,0.0003255827266360576,0.00014141082385268764,0.007513514796089361,HYG_StaticLambda,True,False,0,Optimization terminated successfully,9,-0.007513514796089361,0.11370739208385994,0.13,0.13,0.08482636656647065,False,-0.16000000009869472,0.0,0.016292607916140067,0.016292607916140067,-9.86947190639853e-11,0.5004554017114294,GLD,1,0.0022306725613038584,0.006056249254809557,0.011370934619771438,-0.0021489983320594572,-5.424353671334254e-05,5.3157648393300185e-05,0.00026848787668871216,-0.00036713718240566356
2022-01,2021-12,2021-12,2021-12-30,0.45947440200568523,0.0,-0.004154161144091942,-0.004143262470890156,2.517923562208879,-0.00415416114409195,0.003113906629081766,9.341719887245299e-06,1.5569533145408927e-06,0.15219498085738078,0.4232666979857632,0.11227959052214144,0.31225873063471454,0.09177822905880022,0.40787659159256123,0.5003451793486386,0.0,0.008663915571524652,0.0010748927247125446,0.09751763051002055,1.0,0.0005374463623562723,0.00032335347608207943,0.00032335347608207943,1.0901021340261002e-05,0.007792214711746039,HYG_StaticLambda,True,False,0,Optimization terminated successfully,9,-0.007792214711746039,0.11357249973717465,0.13,0.13,0.08472739007604628,False,-0.16000000013567553,0.0,0.016427500262825356,0.016427500262825356,-1.3567552636928326e-10,0.5003451793486386,GLD,1,0.0031208146859129787,0.006337526747817644,0.011624766265774494,-0.0017213691931814556,-9.601759793494595e-06,6.060353744583266e-05,-9.527298049488861e-05,-2.7592278775312486e-05
2022-02,2022-01,2022-01,2022-01-28,0.6013959164657002,0.8255141388174807,0.022816323348834492,0.022870268529251146,2.5753733203718863,0.0,0.01631913472462595,4.8957404173877843e-05,4.9877762427746615e-06,0.17021973081403446,0.4189012602951388,0.11871876124945764,0.2921602476413691,0.07497547890726669,0.42248193554922214,0.5025425855435112,9.876408300888205e-19,0.00854975234716473,0.0010917283355446645,0.09604665815270877,1.0,0.0005458641677723322,0.00032992509600275437,0.00032992509600275437,5.394668068108563e-05,0.007620016402708558,HYG_StaticLambda,True,False,0,Optimization terminated successfully,9,-0.007620016402708558,0.11445846419787387,0.13,0.13,0.08493934710727119,False,-0.16000000012049193,0.0,0.015541535802126138,0.015541535802126138,-1.204919219954803e-10,0.5025425855435112,GLD,1,0.002290986790367136,0.006133706673038305,0.011483541430783544,0.00040230567404408134,2.1552897042710637e-05,-8.299594283496495e-05,9.767131274911286e-05,-4.556596087035297e-06
2022-03,2022-02,2022-02,2022-02-28,0.6071226894086899,0.41415759128763613,0.005730000741467525,0.005828321447251728,2.590130211407173,0.0,0.03030059327140411,9.090177981421234e-05,7.4189259699903025e-06,0.17564373557926424,0.4380952237797689,0.11054265181041725,0.2757183888305496,0.05796430557768779,0.4374620123601437,0.5045736820621686,0.0,0.00880554962544492,0.0010929585016049574,0.09910884449570928,1.0,0.0005464792508024787,0.00033739660667121175,0.00033739660667121175,9.832220592485353e-05,0.007823351562046376,HYG_StaticLambda,True,False,0,Optimization terminated successfully,8,-0.007823351562046376,0.11452293228545753,0.13,0.13,0.08408923648211548,False,-0.16000000000000203,0.0,0.015477067714542478,0.015477067714542478,-2.0261570199409107e-15,0.5045736820621686,GLD,1,0.0020818759210162875,0.005871127983734085,0.01202790142928772,0.0022521694394884513,3.295888048620295e-06,-1.6116326196898292e-05,0.00010776700747693332,-1.1111786846282137e-05
2022-04,2022-03,2022-03,2022-03-31,0.4695138288913202,0.3217695735200509,-0.0004395564090883552,-0.00042701342505489445,2.5889917030723755,-0.0004395564090883264,0.004180438531441781,1.2541315594325344e-05,1.6684391354326867e-09,0.1830138575401044,0.44923216988012954,0.106452346442006,0.26130162613776003,0.05809712450462428,0.43734496885416235,0.5045579066412134,0.0,0.008658011428344497,0.0010517148664983182,0.09758584794114405,1.0,0.0005258574332491591,0.00033544568308468986,0.00033544568308468986,1.2544777631382216e-05,0.007784163534379265,HYG_StaticLambda,True,False,0,Optimization terminated successfully,13,-0.007784163534379268,0.11234134767742382,0.13,0.13,0.08257996446831788,False,-0.1600000009640373,0.0,0.017658652322576185,0.017658652322576185,-9.64037294437503e-10,0.5045579066412134,GLD,1,0.0021249303676242857,0.005732198521920145,0.012021007094724484,0.00309373792651317,1.3446982971397199e-07,-2.1263371627191295e-06,-7.285812831748037e-05,2.160724661930557e-05
2022-05,2022-04,2022-04,2022-04-29,0.6377155193479903,0.0,-0.012225339421020944,-0.012225169936000771,2.5573404007441085,-0.012659522103813603,5.624606250896312e-05,1.6873818752688936e-07,7.468326462261111e-10,0.12551307932761085,0.3515762237044147,0.13756781250949984,0.3853428844584746,0.05649235648193533,0.43618627408965205,0.5073213694284127,9.038370942795419e-19,0.008964287110345729,0.0011774738158001447,0.10050660242934788,1.0,0.0005887369079000724,0.00033630447567056007,0.00033630447567056007,1.7161973624362345e-07,0.008039074107038854,HYG_StaticLambda,True,False,0,Optimization terminated successfully,7,-0.008039074107038854,0.11886835487042688,0.13,0.13,0.08577510217315334,False,-0.16000000000001927,0.0,0.011131645129573126,0.011131645129573126,-1.9262369477246466e-14,0.5073213694284127,GLD,1,0.002328980918514687,0.005859057432757799,0.012099161889302382,0.0014509151387721818,-1.5928572535647883e-05,8.354937444356125e-05,0.00020375729991791984,-0.00011335331026933301
2022-06,2022-05,2022-05,2022-05-31,0.4639325979169153,0.868785399622404,-0.017582610496587846,-0.017559220318818687,2.512375680570637,-0.03001954515417704,0.006682907934045287,2.0048723802135864e-05,3.3414539670226646e-06,0.13257758464813105,0.43844667875584903,0.09959746139599293,0.329378275200027,0.050282335840784266,0.44196759824871207,0.5077500659105038,2.892804413566284e-17,0.008517932630383421,0.001103952703122272,0.09559147534586743,1.0,0.000551976351561136,0.0003387110129661578,0.0003387110129661578,2.3392010591862984e-05,0.007603853255264265,HYG_StaticLambda,True,False,0,Optimization terminated successfully,10,-0.0076038532552642635,0.11509749101291158,0.13,0.13,0.08338436442765744,False,-0.16000000017107366,0.0,0.01490250898708842,0.01490250898708842,-1.7107365524182683e-10,0.5077500659105038,GLD,1,0.0016069854962610624,0.005671975646135564,0.01186266145472732,0.0044514086688303735,2.391206295321738e-05,-0.00011861309814852252,-8.221791441034274e-05,9.47310626940122e-05
2022-07,2022-06,2022-06,2022-06-30,0.5121129463995405,0.0,0.034335420308664204,0.03452039121956841,2.598639155536296,0.0,0.0541410267112997,0.0001624230801338991,2.2547830770306694e-05,0.09451506452293369,0.34414480372286416,0.12094814824120569,0.44039198351299647,4.74325700448089e-18,0.48886613539471685,0.5111338646052831,2.3755254072706117e-17,0.008809195786285041,0.001293542420323352,0.09794909491348039,1.0,0.000646771210161676,0.0003704406730962556,0.0003704406730962556,0.00018497241102314896,0.007607011492003961,HYG_StaticLambda,True,False,0,Optimization terminated successfully,8,-0.007607011492003961,0.12458936168020215,0.13,0.13,0.08724506734967225,False,-0.15999999999999767,0.0,0.00541063831979785,0.00541063831979785,2.3314683517128287e-15,0.5111338646052831,GLD,1,0.0007873070217749676,0.005439988019204636,0.01195011153723153,0.0020767915428638096,-4.836864685561716e-06,0.00011867141738131147,-3.1990177281764366e-05,-1.7775013430286294e-05
2022-08,2022-07,2022-07,2022-07-29,0.4802980715205215,0.6426342072409488,-0.012679370303526127,-0.012625601925916417,2.565690047398009,-0.012679370303526172,0.017922792536569875,5.3768377609709625e-05,4.493378982157366e-20,0.08497869142227482,0.32407789562344264,0.122764428022413,0.46817898493186955,1.4616687267923993e-18,0.48886613539554746,0.5111338646044525,0.0,0.00897065181896069,0.0013039748720513169,0.09982397259522038,1.0,0.0006519874360256584,0.0003684274085679751,0.0003684274085679751,5.3771877693401916e-05,0.007896465096673655,HYG_StaticLambda,True,False,0,Optimization terminated successfully,7,-0.007896465096673655,0.12509076090829332,0.13,0.13,0.08870505130261734,False,-0.15999999999967465,0.0,0.00490923909170668,0.00490923909170668,3.253508573664021e-13,0.5111338646044525,GLD,1,0.0013386207596106704,0.006235531312886034,0.011850308137577072,0.0007214360196758488,3.4119945924909932e-06,-0.00017826769082272557,-9.319091815537845e-05,5.023445339562639e-05
2022-09,2022-08,2022-08,2022-08-30,0.49827735601106016,0.685208203853325,0.04863349048403926,0.048634702836071735,2.6904685099031345,0.0,0.0004041173441578797,1.212352032473639e-06,2.7047879588197946e-20,0.07887927916540304,0.2593595408692252,0.15432659341104318,0.5074345865543286,0.0,0.48886613538866525,0.5111338646113348,1.4153920548619359e-18,0.008701509294841371,0.0013387953509701365,0.09638533943227565,1.0,0.0006693976754850682,0.00036729756216966747,0.00036729756216966747,1.215855744261128e-06,0.0076635982014423756,HYG_StaticLambda,True,False,0,Optimization terminated successfully,9,-0.0076635982014423756,0.12674992785655398,0.13,0.13,0.08917204242775038,False,-0.16000000000234701,0.0,0.0032500721434460256,0.0032500721434460256,-2.347011474057581e-12,0.5111338646113348,GLD,1,0.0017579644758356982,0.006121085218436547,0.011446949544720985,-0.0005115540635691439,3.3675342494943123e-06,-0.00022224288691236326,-6.487247302099611e-05,3.998713503269546e-05
2022-10,2022-09,2022-09,2022-09-30,0.6576988693434476,0.2744430693069307,0.0023310075038020708,0.0023384685137300496,2.696740012188462,0.0,0.002487003309326275,7.461009927978825e-06,1.1144380623706254e-19,0.09132192217554853,0.26332898430818996,0.16617614283993126,0.4791729506763303,0.0,0.48886613539490376,0.5111338646050962,5.3418662214184485e-19,0.009292533138885326,0.001345558833920512,0.10343704466310083,1.0,0.000672779416960256,0.0003653228440891522,0.0003653228440891522,7.464510531114306e-06,0.008246966367304803,HYG_StaticLambda,True,False,0,Optimization terminated successfully,3,-0.008246966367304803,0.12706968956854403,0.13,0.13,0.0889520911690175,False,-0.1599999999999252,0.0,0.0029303104314559736,0.0029303104314559736,7.480127628411992e-14,0.5111338646050962,GLD,1,0.0008510247094637899,0.006461900650067173,0.011706727469794514,-6.777212105349775e-05,-5.893920747242033e-08,2.815336568784716e-05,0.0002661937891542442,-5.345049944056927e-05
2022-11,2022-10,2022-10,2022-10-31,0.6218372257529738,0.0,-0.04998081403947212,-0.049980805399507576,2.561954751126467,-0.04998081403947208,2.8799881817975833e-06,8.63996454539275e-09,2.775624848280752e-20,0.06253677911134621,0.17558453052906844,0.20008893551193788,0.5617897548476475,1.0990330535832224e-20,0.5004753894384627,0.4995246105615373,5.66192308801296e-19,0.009278085412666545,0.0013676441679253718,0.1031311599444463,1.0,0.0006838220839626859,0.00035550211215111776,0.00035550211215111776,1.264598203287342e-08,0.00823874857057071,HYG_StaticLambda,True,False,0,Optimization terminated successfully,1,-0.00823874857057071,0.12810827457703294,0.13,0.13,0.08980070819784604,False,-0.15548353939310255,0.0,0.001891725422967061,0.001891725422967061,0.004516460606897449,0.5004753894384627,HYG,1,0.002016003982637487,0.006845169511721826,0.011366467539801448,-0.0011524085776574242,-5.186051103242225e-07,0.00016172246158603808,0.00018713422785575321,-4.750963177893833e-05
2022-12,2022-11,2022-11,2022-11-29,0.4375216801643149,0.5346200980392157,-0.003133113025153557,-0.003119036074649263,2.5539278573258586,-0.0529573315251507,0.004022001537192427,1.206600461157728e-05,2.0109458927166366e-06,0.050399070352980246,0.12800064530350122,0.23210737965743594,0.5894929046860826,0.00402189178543344,0.48571677295186216,0.5102613352627045,9.796517156048094e-19,0.00835215828210303,0.0014083333333527151,0.09177589938512007,1.0,0.0007041666666763576,0.00037085154652485527,0.00037085154652485527,1.4079795318813017e-05,0.007263060273583005,HYG_StaticLambda,True,False,0,Optimization terminated successfully,11,-0.007263060273583005,0.13000000000089454,0.13,0.13,0.08981267850933727,False,-0.15976408223363853,0.0,-8.945344465161043e-13,-8.945344465161043e-13,0.00023591776636147643,0.5102613352627045,GLD,1,0.0033644649039399396,0.005996117837188723,0.010851776680129932,-0.003394621872395198,2.3863614268841857e-07,-5.0143876670061975e-05,-0.0001698649855869013,5.983547795177488e-05
2023-01,2022-12,2022-12,2022-12-29,0.6167168777789659,0.0,0.009611101178274439,0.009640694379866309,2.578473916364631,-0.04385520861829595,0.009054885992371049,2.7164657977113145e-05,2.4285436147553354e-06,0.05301434543052994,0.1069459519857243,0.2784075529207476,0.5616321496629981,0.008535670932549711,0.4808939169614043,0.510570412106046,1.2505903798811585e-18,0.008258365430369084,0.0014083333333333335,0.090650385164429,1.0,0.0007041666666666667,0.000365923215776912,0.000365923215776912,2.9594702059246467e-05,0.007158680845866259,HYG_StaticLambda,True,False,0,Optimization terminated successfully,3,-0.007158680845866259,0.13,0.13,0.13,0.09060628719561568,False,-0.15999999999999945,0.0,0.0,0.0,5.551115123125783e-16,0.510570412106046,GLD,1,0.002880313971794173,0.005703259416649616,0.010527255326045794,-0.0040928947018303834,-2.6096426607001605e-07,8.170963321132794e-05,0.00015065645746752696,-5.2307523451262234e-05
2023-02,2023-01,2023-01,2023-01-31,0.5376730846700692,0.0,0.03514386854501794,0.035156478743682884,2.669091464728107,-0.010252581759973789,0.004202393359100866,1.2607180077302597e-05,3.0185876360722055e-09,0.02621245636803399,0.04442995153852485,0.3448459084983804,0.5845116835950608,0.009256229163192905,0.48022112688001267,0.5105226439567945,5.67357567487462e-17,0.008055323518997798,0.0014078863685378427,0.08821656401674652,1.0,0.0007039431842689214,0.0003634621079013429,0.0003634621079013429,1.261186354167995e-05,0.006975306363285853,HYG_StaticLambda,True,False,0,Optimization terminated successfully,23,-0.006975306363285852,0.12997936921855757,0.13,0.13,0.09025193118217477,False,-0.1600000009011374,0.0,2.0630781442432244e-05,2.0630781442432244e-05,-9.011373869327599e-10,0.5105226439567945,GLD,1,0.004566711473226506,0.005705688740372026,0.010246771144576249,-0.00550727089608524,-1.88501811104342e-07,7.222980804979522e-05,1.4039500278635984e-05,-1.67976790885634e-05
2023-03,2023-02,2023-02,2023-02-28,0.5878951931545019,0.0,0.03476968186386417,0.03476968490943132,2.7618949258222583,0.0,1.0133440122911437e-06,3.0400320368734313e-09,5.53510451365962e-12,0.05028266978831083,0.053284325723286945,0.4352259571630234,0.4612070473253788,0.008816244985263006,0.48809280998493915,0.5030909450297979,5.695215852622331e-17,0.007866518342183104,0.0013155665411310287,0.08650482085941108,1.0,0.0006577832705655143,0.00035714224305843353,0.00035714224305843353,7.759376699803073e-09,0.006851585069182456,HYG_StaticLambda,True,False,0,Optimization terminated successfully,1,-0.006851585069182456,0.12564552715306798,0.13,0.13,0.08819727279730057,False,-0.15594721139705237,0.0,0.004354472846932023,0.004354472846932023,0.004052788602947638,0.5030909450297979,GLD,1,0.005079076992000266,0.006085212125662065,0.00948513904558793,-0.004375434863369378,-2.8527703989204383e-07,7.766228969681958e-05,8.308679265086154e-05,-3.4974755974437476e-05
2023-04,2023-03,2023-03,2023-03-31,0.37722888004527577,0.7033132530120482,0.03114951381298524,0.03116107516953424,2.8479266099641722,0.0,0.0033033248190160367,9.90997445704811e-06,1.6513820919550749e-06,0.041085948182208426,0.03528369906292071,0.49690197849148576,0.4267283742633851,0.012050914189758979,0.4747557127031874,0.5131933731070536,2.99222665519065e-17,0.00765237669387963,0.0012842922197208299,0.08412276700823058,1.0,0.0006421461098604149,0.0003594759518202994,0.0003594759518202994,1.156373577769194e-05,0.006639190896421223,HYG_StaticLambda,True,False,0,Optimization terminated successfully,10,-0.006639190896421223,0.12414308936324228,0.13,0.13,0.08635051245822119,False,-0.1600000000000013,0.0,0.005856910636757723,0.005856910636757723,-1.304512053934559e-15,0.5131933731070536,GLD,1,0.005774102831123198,0.006082945088259,0.009447283515003367,-0.004381902911886674,3.6693242432434826e-07,-8.846201567906125e-05,-0.00021709033815236036,6.326835685437705e-05
2023-05,2023-04,2023-04,2023-04-28,0.40061039986881364,0.49009603841536614,-0.024509311779661164,-0.024499257102397927,2.7781258887549667,-0.024509311779661203,0.002872902330000505,8.618706990001515e-06,1.4359702732340688e-06,0.05266074125770027,0.031106378208904606,0.575995724346257,0.34023715618713807,0.014695460348947302,0.47231134791886925,0.5129931917321835,1.034689338245746e-18,0.007500498753407114,0.001234328483765141,0.08260001413829453,1.0,0.0006171642418825705,0.00035570429113600293,0.00035570429113600293,1.0056816377632005e-05,0.006517573404010909,HYG_StaticLambda,True,False,0,Optimization terminated successfully,8,-0.006517573404010909,0.12170432122641206,0.13,0.13,0.0847862839040742,False,-0.16000000000013245,0.0,0.008295678773587944,0.008295678773587944,-1.3244960683778118e-13,0.5129931917321835,GLD,1,0.006439397526067572,0.006157550846447106,0.00892010765844944,-0.004329174198914873,2.0251891556750765e-07,-2.7168223604394306e-05,-0.00012775590968691966,3.468411166225862e-05
2023-06,2023-05,2023-05,2023-05-30,0.48256679684004794,0.0,-0.008440487846962488,-0.008440479486776387,2.7546771509535986,-0.03274292907841003,2.388624600459764e-06,7.165873801379293e-09,1.1943123002788878e-09,0.07644035565420625,0.03292688276325585,0.6224924944414346,0.26814026714110334,0.015621709477034664,0.47362288384267864,0.5107554066802866,9.590281966049654e-19,0.007080426812971682,0.0011963900657881612,0.07778678136093121,1.0,0.0005981950328940806,0.00035490928849055093,0.00035490928849055093,1.1416950765834095e-08,0.006127311074636284,HYG_StaticLambda,True,False,0,Optimization terminated successfully,2,-0.006127311074636286,0.11981936733874843,0.13,0.13,0.08366097203236698,False,-0.15914916850111024,0.0,0.010180632661251576,0.010180632661251576,0.0008508314988897592,0.5107554066802866,GLD,1,0.007016702336445486,0.00591003213320835,0.008168368198126755,-0.004516375479669538,-4.338054395882703e-07,4.003083986869077e-05,-3.779402172335175e-05,-9.89237127226685e-06
2023-07,2023-06,2023-06,2023-06-30,0.3775615378882312,0.8552318668252081,-0.017451099211804776,-0.0174510870484624,2.7066050066958156,-0.04962262818638241,3.4752406781372356e-06,1.0425722034411707e-08,1.7376203389902504e-09,0.13852784076604552,0.03848117792398295,0.6440754513782393,0.17891552993173226,0.0155956228885493,0.48358971346290447,0.5008146636485463,2.8596541404695265e-17,0.006626892839812359,0.0010991666601217484,0.07292771411701782,1.0,0.0005495833300608742,0.0003472654420111013,0.0003472654420111013,1.4766157786381871e-08,0.005730029301582598,HYG_StaticLambda,True,False,0,Optimization terminated successfully,2,-0.005730029301582598,0.11484772492940808,0.13,0.13,0.08108062649236782,False,-0.15524757077720736,0.0,0.015152275070591928,0.015152275070591928,0.004752429222792648,0.5008146636485463,GLD,1,0.007203039663119986,0.0058565629453595286,0.007492046224487866,-0.0033696135709072443,1.0650329888527697e-06,-5.022276135559768e-05,-9.079737353008804e-05,3.784056832995946e-05
2023-08,2023-07,2023-07,2023-07-31,0.5029812755041099,0.0,0.03401205843031535,0.03428196126445078,2.7986622143313378,-0.0172983374854081,0.07711509546726568,0.00023134528640179704,3.855754773363289e-05,0.08987831151480094,0.017284464658415336,0.7488300042302393,0.14400721959654456,0.0934013710845225,0.48226946922327313,0.42432915969220436,3.502641101866036e-18,0.006372848098807619,0.0008470346645312865,0.07139196919850371,1.0,0.00042351733226564327,0.0002665761212363375,0.0002665761212363375,0.00026990446840238205,0.005412850176903256,HYG_StaticLambda,True,False,0,Optimization terminated successfully,19,-0.005412850176903256,0.10081872829179823,0.13,0.13,0.08110316067627021,False,-0.12737081375172388,0.0,0.02918127170820177,0.02918127170820177,0.032629186248276126,0.48226946922327313,HYG,0,0.00801262056721762,0.005713908857099276,0.006742063009319623,-0.0033675143575198786,-9.417753948309204e-07,2.5150295909652096e-05,-9.616656888379958e-06,-2.051461250184346e-05
2023-09,2023-08,2023-08,2023-08-31,0.45236922613358976,0.0,-0.020482038421642732,-0.02048202600470349,2.7413399073282037,-0.03742607069404413,3.5476969253434106e-06,1.0643090776030232e-08,1.7738484626717098e-09,0.10263989172638677,0.018249632402156785,0.7463988687972158,0.13271160707424062,0.08777944850959477,0.4870804516630689,0.42514009982733636,3.653400432309165e-18,0.006512448231869775,0.0008447061338730261,0.07308114197919914,1.0,0.00042235306693651307,0.0002677009241078197,0.0002677009241078197,1.508175055840671e-08,0.005822379159074883,HYG_StaticLambda,True,False,0,Optimization terminated successfully,2,-0.005822379159074883,0.10068005565391942,0.13,0.13,0.08053669004732117,False,-0.12752447544150752,0.0,0.02931994434608058,0.02931994434608058,0.03247552455849248,0.4870804516630689,HYG,0,0.007792005255845835,0.00594923704732976,0.006898868905644664,-0.0026601229685810036,-1.4659447148342682e-06,2.5731853406673682e-05,-3.452362772779018e-05,-1.1954754388157873e-05
2023-10,2023-09,2023-09,2023-09-27,0.6084658742577376,0.0,0.025264817698454865,0.025264820802306666,2.81059936033635,-0.013106815848843767,8.868148002605396e-07,2.660444400781619e-09,4.434074001302706e-10,0.11033505268143298,0.03545806638587964,0.646456854833018,0.20775002609966944,0.08692619328274764,0.49599658718396616,0.4170772195332862,4.063027736236649e-18,0.006654273635765573,0.0008633462285985232,0.07467120625759574,1.0,0.0004316731142992616,0.0002653366205896114,0.0002653366205896114,7.462869735992156e-09,0.005957256438006963,HYG_StaticLambda,True,False,0,Optimization terminated successfully,1,-0.005957256438006963,0.10178484535127162,0.13,0.13,0.08252519527833804,False,-0.12428083908031717,0.0,0.028215154648728383,0.028215154648728383,0.03571916091968283,0.49599658718396616,HYG,0,0.006817713269078759,0.005924342999649104,0.007376694892126185,-0.002019098414081746,-1.8845072564290076e-06,3.8496150132300626e-05,6.61755736558246e-05,-2.318934505739669e-05
2023-11,2023-10,2023-10,2023-10-31,0.5894433886377621,0.0,0.003868947284232917,0.0038689490823146187,2.82147342109859,-0.00928857814419426,5.302374629229003e-07,1.5907123887687008e-09,2.073693132626062e-10,0.14554427620080035,0.053096835103267535,0.5871553912814758,0.2142034974144563,0.08080291482362555,0.48028489577706646,0.43891218939930793,3.1471124430697016e-17,0.0068826137657303135,0.0008964854579086485,0.07721245244131186,1.0,0.00044824272895432427,0.0002760663422189287,0.0002760663422189287,6.872977948793028e-09,0.006158297821579111,HYG_StaticLambda,True,False,0,Optimization terminated successfully,1,-0.006158297821579111,0.10371993778875778,0.13,0.13,0.08218117388815993,False,-0.13279208105751505,0.0,0.026280062211242225,0.026280062211242225,0.02720791894248495,0.48028489577706646,HYG,0,0.006131881085980392,0.005823124446460195,0.008080787372981051,-0.0018388911257676533,-2.6025605709695704e-06,3.820904159304602e-05,5.806212348893887e-05,-2.3966063419519264e-05
2023-12,2023-11,2023-11,2023-11-30,0.4362257402263333,0.0,0.023696309636610843,0.023696313640774454,2.8883319289164096,0.0,1.144046746712169e-06,3.4321402401365067e-09,5.720233733214392e-10,0.17338132159051992,0.05687157976344525,0.5796225301350346,0.19012456851100024,0.088123111541843,0.48079378980426773,0.43108309865388916,5.554707658416649e-17,0.006757647510132532,0.0008428679071582955,0.07603456267864062,1.0,0.00042143395357914775,0.00026826276813422307,0.00026826276813422307,8.184003649854318e-09,0.006067942604415511,HYG_StaticLambda,True,False,0,Optimization terminated successfully,1,-0.006067942604415511,0.10057044737843988,0.13,0.13,0.08083807772164567,False,-0.12990090662972967,0.0,0.02942955262156012,0.02942955262156012,0.030099093370270336,0.48079378980426773,HYG,0,0.006610043289398123,0.0057876333032692365,0.007897274585538709,-0.00207670223136339,-1.3237655593631523e-06,3.316122144838447e-05,-6.429590064553166e-05,-7.726682921899715e-06
2024-01,2023-12,2023-12,2023-12-28,0.5317685063260642,0.0,0.022797927799649658,0.02279793205499183,2.9541799116932688,0.0,1.2158120498012183e-06,3.647436149403655e-09,6.079060248659727e-10,0.15691870679874861,0.047348764379341,0.6112834249148211,0.18444910390708924,0.09170357895557088,0.48235393212676564,0.42594248891766345,7.923703796152187e-17,0.006825652406423025,0.0008367731252435557,0.07688719012561497,1.0,0.00041838656262177786,0.0002633595308316276,0.0002633595308316276,8.226266230579207e-09,0.006143898086703389,HYG_StaticLambda,True,False,0,Optimization terminated successfully,1,-0.006143898086703389,0.1002061749740138,0.13,0.13,0.08124146267273387,False,-0.12687578523433293,0.0,0.02979382502598621,0.02979382502598621,0.03312421476566707,0.48235393212676564,HYG,0,0.007129278238431519,0.005910786359246906,0.007750412532963935,-0.002568924031624009,-8.41067965201451e-07,3.398616734275948e-05,7.594446167033567e-06,-2.1151828127773165e-05
2024-02,2024-01,2024-01,2024-01-30,0.45121329645195213,0.5495365005793743,0.008431601214322215,0.008431602886196217,2.979088378624028,0.0,5.313727207690068e-07,1.5941181623070203e-09,7.77558401832458e-11,0.23238226272121013,0.09274030099527865,0.48237053716090006,0.19250689912261115,0.08442553207448589,0.49000964870852065,0.42556481921699346,8.458939984634254e-17,0.0070005536455468665,0.000817045770614413,0.07910436912287591,1.0,0.0004085228853072065,0.0002646093088322274,0.0002646093088322274,6.825112085490436e-09,0.006327414626295347,HYG_StaticLambda,True,False,0,Optimization terminated successfully,1,-0.006327414626295347,0.09901792386923165,0.13,0.13,0.08058029599610068,False,-0.1264765496426829,0.0,0.030982076130768352,0.030982076130768352,0.0335234503573171,0.49000964870852065,HYG,0,0.005903159436764177,0.006004155956077108,0.008454520987379583,-0.0008847335228384654,1.0486878065869992e-06,-3.2472852268316864e-05,-5.179305551032185e-05,2.5349260738022682e-05
2024-03,2024-02,2024-02,2024-02-29,0.462868681550528,0.10409457900807381,0.058580895106405524,0.058580896919414614,3.153606042444914,0.0,5.527912914638261e-07,1.6583738743914783e-09,1.5463521235717762e-10,0.16769154633076447,0.07866306591954472,0.5130001801159119,0.24064520763377903,0.0897158400726002,0.486622291353746,0.42366186857365384,8.759439245948672e-17,0.007104225551237287,0.000834529549335089,0.08024352931883691,1.0,0.0004172647746675445,0.0002605133769240816,0.0002605133769240816,6.851229093069799e-09,0.0064264405484165685,HYG_StaticLambda,True,False,0,Optimization terminated successfully,1,-0.0064264405484165685,0.10007174722178616,0.13,0.13,0.08163120807714101,False,-0.1258890340014139,0.0,0.029928252778213843,0.029928252778213843,0.034110965998586096,0.486622291353746,HYG,0,0.00632158793123123,0.006057225689157114,0.008491932874682485,-0.0014864508939448696,-1.1225141514283465e-06,3.100687883924412e-05,-5.475627392867823e-05,-2.485644572101366e-06
2024-04,2024-03,2024-03,2024-03-29,0.4811051909047717,0.3420448018380241,0.026751151392068167,0.026751154985941127,3.237968635117299,0.0,1.1283441316845517e-06,3.385032395053655e-09,2.0884056395336815e-10,0.18728665970580885,0.08798756676857003,0.49307728901730397,0.2316484845083172,0.0896548911255399,0.4680800908999346,0.4422650179745256,8.811138780675192e-17,0.007408552382939244,0.0008689309982501452,0.08368904260577006,1.0,0.0004344654991250726,0.00026744820821406913,0.00026744820821406913,7.769200662877184e-09,0.00670663090639944,HYG_StaticLambda,True,False,0,Optimization terminated successfully,1,-0.00670663090639944,0.1021135249563041,0.13,0.13,0.08172632068878674,False,-0.13336323576185333,0.0,0.027886475043695902,0.027886475043695902,0.026636764238146676,0.4680800908999346,HYG,0,0.006453775668463343,0.006092787863395354,0.009033221613274505,-0.0008406851268680205,2.335074974737543e-07,-5.662218130588323e-06,-3.2607940909234276e-05,9.892309512699612e-06
2024-05,2024-04,2024-04,2024-04-30,0.6249254365051605,0.0,0.011629406447095656,0.011629411291604788,3.2756242884380256,0.0,1.5566587815777005e-06,4.669976344733102e-09,1.7453278801369423e-10,0.2571946761940266,0.12202419541450236,0.42102757340839025,0.19975355498308084,0.08388177468141804,0.4634211261738349,0.4526970991447471,5.866898620581329e-17,0.0076126247783975705,0.0008715983803328318,0.08612190705877384,1.0,0.0004357991901664159,0.0002731976238698011,0.0002731976238698011,8.74545979099014e-09,0.0069036192189015615,HYG_StaticLambda,True,False,0,Optimization terminated successfully,1,-0.006903619218901563,0.10227013524971003,0.13,0.13,0.08123639022731054,False,-0.13734091898375475,0.0,0.027729864750289976,0.027729864750289976,0.022659081016245253,0.4634211261738349,HYG,0,0.00576580844631806,0.006051774730226096,0.009437678451879405,0.00028403512230317624,-1.0987647066614788e-06,4.505985514496294e-05,6.905078995419608e-05,-3.563691171469474e-05
2024-06,2024-05,2024-05,2024-05-31,0.4907825302101796,0.4136259977194983,0.0046919660935767216,0.0046919720009744904,3.290993406534673,0.0,1.863267247145706e-06,5.5898017414371185e-09,3.175960279904303e-10,0.22588158668910177,0.14367924227603712,0.3853346705144165,0.24510450052044458,0.08271159949986927,0.464674020110584,0.4526143803895467,8.283800879635262e-17,0.007706091272451823,0.0008773095099344603,0.08720923820981512,1.0,0.00043865475496723014,0.00027228495147531225,0.00027228495147531225,9.416923891972846e-09,0.006995142149085389,HYG_StaticLambda,True,False,0,Optimization terminated successfully,2,-0.006995142149085389,0.102604649598415,0.13,0.13,0.0815470229756382,False,-0.1372687575289495,0.0,0.027395350401585,0.027395350401585,0.022731242471050517,0.464674020110584,HYG,0,0.005280787873246517,0.006111938422866494,0.009830637082104857,-2.1160328713582715e-05,4.4723076083970184e-07,-1.882634055533577e-05,-2.5466995434064224e-05,1.5214585944468007e-05
2024-07,2024-06,2024-06,2024-06-28,0.4559946376136851,0.0,0.02634579400618526,0.026345800820965947,3.3776972408989496,0.0,2.1425849882698675e-06,6.427754964809603e-09,3.870257232750822e-10,0.1984347546654289,0.15097546315726912,0.36947867357358455,0.2811111086037173,0.08714851388271308,0.4643347246765809,0.448516761440706,8.909664331739162e-17,0.007790272979308285,0.0008738883060005397,0.08823994591569619,1.0,0.0004369441530002698,0.0002673604050023595,0.0002673604050023595,1.0118281941267034e-08,0.0070859583030237145,HYG_StaticLambda,True,False,0,Optimization terminated successfully,2,-0.0070859583030237145,0.10240439283549546,0.13,0.13,0.08201129661233465,False,-0.13578052842072305,0.0,0.027595607164504543,0.027595607164504543,0.024219471579276952,0.4643347246765809,HYG,0,0.00533528270688787,0.006127742732321361,0.009989967233501415,0.00019819345052362269,-1.1200132807420248e-06,5.883967762928149e-05,-6.221431422270012e-05,-9.773624233880376e-06
2024-08,2024-07,2024-07,2024-07-30,0.5754639180700857,0.0,-0.011754087391576585,-0.011754069727238053,3.337995492347136,-0.011754087391576573,5.519004951146628e-06,1.6557014853439883e-08,1.1073236794440218e-09,0.19233239011204473,0.17515696184593119,0.3310362165898954,0.3014744314521288,0.08534497685380882,0.4584442109853921,0.45621081216079906,8.23804006906375e-17,0.0080615042302135,0.0009013977884475504,0.0913296640318767,1.0,0.0004506988942237752,0.00027037601597581595,0.00027037601597581595,1.9951744222491987e-08,0.007340409368269686,HYG_StaticLambda,True,False,0,Optimization terminated successfully,2,-0.007340409368269686,0.10400371849780471,0.13,0.13,0.08275806541305047,False,-0.13879165272359892,0.0,0.025996281502195295,0.025996281502195295,0.021208347276401085,0.4584442109853921,HYG,0,0.004939512409974235,0.006153651833190256,0.010449793164580664,0.00022325568036052107,-1.0154091077390385e-06,6.494811821900272e-05,4.786941193958464e-05,-4.00270235904443e-05
2024-09,2024-08,2024-08,2024-08-30,0.4966610490044766,0.9035433070866141,0.01754819172987525,0.01754820961433697,3.396571277240303,0.0,5.665521333457958e-06,1.6996564000373876e-08,8.878977176547163e-10,0.15521558904063565,0.15092363707739892,0.35179421499143887,0.3420665588905266,0.08156113351042323,0.45979893624958057,0.4586399302399962,7.466461726573922e-17,0.007913207122542246,0.0009259333616879534,0.08940288530037922,1.0,0.0004629666808439767,0.0002723328225025132,0.0002723328225025132,2.0229968692412247e-08,0.007177887389227063,HYG_StaticLambda,True,False,0,Optimization terminated successfully,2,-0.007177887389227063,0.10540967858909087,0.13,0.13,0.08326173581400671,False,-0.13963345646164016,0.0,0.02459032141090914,0.02459032141090914,0.020366543538359844,0.45979893624958057,HYG,0,0.004788065269100937,0.006141280392748969,0.01039964353855399,-0.0009981530912211282,2.9062634034203866e-06,-0.00012742792964080823,-2.704670437388473e-05,6.766730338355893e-05
2024-10,2024-09,2024-09,2024-09-30,0.7356238814815301,0.0,0.05499947812852674,0.054999481947322244,3.5833809249148634,0.0,1.2475016878261013e-06,3.742505063478304e-09,7.62904391604214e-11,0.20524284690840972,0.08966206629322951,0.49071994557337,0.2143751412249907,0.07542903673903856,0.4528139518642731,0.47175701139668846,6.926120217503476e-17,0.007711481772459991,0.0009290664466235341,0.08696338258977869,1.0,0.0004645332233117671,0.0002799284948907054,0.0002799284948907054,8.145672200750802e-09,0.006967011908585318,HYG_StaticLambda,True,False,0,Optimization terminated successfully,1,-0.006967011908585318,0.10558786558825028,0.13,0.13,0.08142064858605762,False,-0.14464464681963182,0.0,0.02441213441174972,0.02441213441174972,0.01535535318036818,0.47175701139668846,GLD,0,0.005866547707096235,0.006095600552116611,0.009373140150625426,-0.0012925455034892793,-9.993652806925468e-07,4.370359357635952e-05,0.0001425351456297299,-5.6937161392702277e-05
2024-11,2024-10,2024-10,2024-10-31,0.7207262407315631,0.0,0.004502797273025614,0.004502800079220163,3.599516162771782,0.0,8.556687717959146e-07,2.567006315387744e-09,2.391882340802345e-10,0.2020319804729642,0.053156288555861624,0.5896657775855885,0.1551459533855857,0.07102917203529518,0.44484607279550237,0.48412475516920256,7.269796146114483e-17,0.007700782909271182,0.0009514661720841843,0.08670059787874908,1.0,0.0004757330860420922,0.0002868270422211031,0.0002868270422211031,7.294454424461003e-09,0.006938215486553562,HYG_StaticLambda,True,False,0,Optimization terminated successfully,1,-0.006938215486553562,0.1068531425134994,0.13,0.13,0.08036818807058876,False,-0.14834889467824414,0.0,0.02314685748650061,0.02314685748650061,0.011651105321755867,0.48412475516920256,GLD,0,0.006652776266502551,0.0062522785239764725,0.009020622917754156,-0.0010572414856169303,-1.3166298442089426e-06,3.60402685181741e-05,0.0001319793233295741,-3.191366034652179e-05
2024-12,2024-11,2024-11,2024-11-29,0.6886435552956557,0.0,0.04247607674622959,0.04247607852129316,3.75240948755097,0.0,5.199824550036812e-07,1.5599473650110436e-09,2.1511621300929747e-10,0.1633079919115062,0.041292594234922916,0.6348715000799268,0.1605279137736442,0.06891312447969283,0.4587491502493025,0.4723377252710046,1.650583169129423e-17,0.007598295521471448,0.0009353164175359176,0.08556764775244187,1.0,0.0004676582087679588,0.0002802729340525801,0.0002802729340525801,6.873943290695273e-09,0.006850357504707619,HYG_StaticLambda,True,False,0,Optimization terminated successfully,1,-0.006850357504707619,0.10594242309118199,0.13,0.13,0.08028623161705449,False,-0.14352802889548474,0.0,0.024057576908818018,0.024057576908818018,0.01647197110451526,0.4723377252710046,GLD,0,0.0067279447921852085,0.006436587955805613,0.008714776874388281,-0.0015175947004510651,-1.801879096805544e-06,3.9461281005348094e-05,0.00010072459944565603,-2.844496567100714e-05
2025-01,2024-12,2024-12,2024-12-30,0.6499645672061712,0.0,0.024879338089485007,0.024879341013287166,3.8457669518419415,0.0,9.249171720668398e-07,2.7747515162005195e-09,1.4905064332769898e-10,0.1450160493285135,0.06161736290837109,0.5567874381068441,0.23657914965627128,0.06403914536447305,0.4594945099635419,0.47646634467198506,1.780020295201463e-17,0.00808103347890802,0.0009773189780725993,0.09110848787846065,1.0,0.0004886594890362996,0.00028315431165233033,0.00028315431165233033,7.400525429485745e-09,0.0073092122776939605,HYG_StaticLambda,True,False,0,Optimization terminated successfully,1,-0.0073092122776939605,0.10829509562704671,0.13,0.13,0.08155142456642887,False,-0.14500073507914205,0.0,0.02170490437295329,0.02170490437295329,0.014999264920857958,0.47646634467198506,GLD,0,0.005864415006180759,0.0066446194747207445,0.009597012744055331,-0.0010126416777000344,-2.0760243522522866e-06,5.828951565826775e-05,0.00011125830286388315,-2.3565508940908516e-05
2025-02,2025-01,2025-01,2025-01-31,0.5944235932233695,0.0,0.018755735802496575,0.018755739971888872,3.9178971407486616,0.0,1.3064540537594065e-06,3.9193621612782196e-09,2.500301338470485e-10,0.051899409364144694,0.03315857514454315,0.5582656405594597,0.3566763749318524,0.06425945278534999,0.446893589251633,0.48884695796301697,1.7507383439118138e-17,0.008491218046372375,0.0010636586830775775,0.09551266445800302,1.0,0.0005318293415387887,0.0002881962420743418,0.0002881962420743418,8.130928395121407e-09,0.0076711843318308486,HYG_StaticLambda,True,False,0,Optimization terminated successfully,1,-0.0076711843318308486,0.11297744994878814,0.13,0.13,0.08341039437995168,False,-0.14997975951435066,0.0,0.017022550051211865,0.017022550051211865,0.01002024048564934,0.48884695796301697,GLD,0,0.00586964647504757,0.006736380572061289,0.010282207315360078,-0.002369902555592009,-1.8194077255724251e-06,7.124914165851162e-05,9.295924814054667e-05,-1.748716394937124e-05
2025-03,2025-02,2025-02,2025-02-28,0.6204709289102308,0.0,0.04905446283027721,0.04905446891276499,4.110087480412366,0.0,1.898809124732579e-06,5.696427374197738e-09,3.860604129711989e-10,0.09234657563364647,0.06363730113968367,0.49967984109557106,0.3443362821310988,0.06477154456182775,0.444536478205856,0.4906919772323162,7.187178134957119e-17,0.008613356005487394,0.001044036251214031,0.09709605455856454,1.0,0.0005220181256070155,0.0002876183377493544,0.0002876183377493544,9.505541219090775e-09,0.007803710036589806,HYG_StaticLambda,True,False,0,Optimization terminated successfully,2,-0.007803710036589806,0.11193049188924514,0.13,0.13,0.08300302073577355,False,-0.15073834389661284,0.0,0.01806950811075486,0.01806950811075486,0.009261656103387167,0.4906919772323162,GLD,0,0.005570003872321003,0.0067045971683941784,0.010557353827608498,-0.0018726605826533877,-1.4336897093280512e-06,7.233600137872593e-05,0.00012160028732806785,-2.3997668812873204e-05
2025-04,2025-03,2025-03,2025-03-31,0.736183121728499,0.0,-0.014392179155197067,-0.014392169965940498,4.050934365050739,-0.014392179155197082,2.9356932745789666e-06,8.8070798237369e-09,3.821767450421856e-10,0.12494133010761294,0.06780022564495575,0.5232911157693205,0.28396732847811074,0.06267891149194557,0.42391445495122204,0.5134066335568324,9.854413148661674e-17,0.00880722603788513,0.0010822317873624351,0.09919332173044695,1.0,0.0005411158936812176,0.00029986950315480165,0.00029986950315480165,1.225515634106522e-08,0.00796622838589277,HYG_StaticLambda,True,False,0,Optimization terminated successfully,2,-0.00796622838589277,0.11395956058334562,0.13,0.13,0.082144530413471,False,-0.1597142453212008,0.0,0.01604043941665438,0.01604043941665438,0.00028575467879921046,0.5134066335568324,GLD,1,0.0058328581352788435,0.006620338322734665,0.010658861218078505,-0.00116016317164841,-1.4323086271133594e-06,6.358859927351115e-05,0.0002648491704957127,-3.219030804960632e-05
2025-05,2025-04,2025-04,2025-04-29,0.5462298070298355,0.0,0.002123040215147142,0.002139039023771515,4.059534661616663,-0.012299694115179949,0.005332675162332495,1.5998025486997487e-05,7.831373753771524e-10,0.12045447655079917,0.05995027529392207,0.5472356775005601,0.2723595706547186,0.0640072121336879,0.42199403776957106,0.513998750096741,0.0,0.008500907734717997,0.001058641517349343,0.0956590437125199,1.0,0.0005293207586746715,0.0002991947979091459,0.0002991947979091459,1.6000892922674493e-05,0.007656391285211505,HYG_StaticLambda,True,False,0,Optimization terminated successfully,16,-0.007656391285211505,0.11271068364707987,0.13,0.13,0.0812872402601831,False,-0.1599999999999974,0.0,0.017289316352920137,0.017289316352920137,2.609024107869118e-15,0.513998750096741,GLD,1,0.006016118379127893,0.00643945856093062,0.010438371832447075,-0.00226976908593281,-1.5034581227325721e-06,4.756030515088155e-05,2.555578638345043e-05,-1.8229262712145493e-05
2025-06,2025-05,2025-05,2025-05-30,0.6935482977909705,0.0,-0.004362802815614215,-0.004346468357958063,4.041823712364878,-0.0166088357906774,0.004667082185893838,1.4001246557681513e-05,2.3332110984695677e-06,0.11179941206497909,0.03254345407504461,0.6627412012309011,0.19291593262907522,0.07254893412781273,0.4145075153299332,0.512943550542254,2.1679493000333412e-19,0.008171332129079674,0.0010286877658395811,0.0918838589539186,1.0,0.0005143438829197906,0.0002936010743785791,0.0002936010743785791,1.6336765286485754e-05,0.007347050406494819,HYG_StaticLambda,True,False,0,Optimization terminated successfully,9,-0.007347050406494819,0.11110469472562792,0.13,0.13,0.08028015690984174,False,-0.16000000000000963,0.0,0.018895305274372082,0.018895305274372082,-9.631184738623233e-15,0.512943550542254,GLD,1,0.007133453611182606,0.0063417645252138435,0.009617719066483513,-0.0020180275283711753,-1.24788146980676e-06,3.3661751520754375e-05,0.000151847379907555,-3.495286618991733e-05
2025-07,2025-06,2025-06,2025-06-30,0.6650899841714722,0.0,0.03376105193052373,0.033761057866917354,4.178279932612051,0.0,1.7468680543891374e-06,5.2406041631674125e-09,6.957894587295359e-10,0.18738211711174252,0.041932328641100435,0.6297583665440692,0.1409271877030877,0.08469455908170159,0.41366354605189326,0.5016418948664051,2.790925887610081e-17,0.007959518786012589,0.0009443931679850817,0.08984786642424057,1.0,0.0004721965839925408,0.00028131743222659686,0.00028131743222659686,9.538367697429902e-09,0.007205995231425753,HYG_StaticLambda,True,False,0,Optimization terminated successfully,2,-0.007205995231425753,0.10645523949445128,0.13,0.13,0.07891355457315224,False,-0.1560818967774873,0.0,0.023544760505548726,0.023544760505548726,0.003918103222512709,0.5016418948664051,GLD,1,0.007843677582127388,0.006217482360752092,0.009305876989751414,-0.001042609818647775,-1.98406370943927e-07,2.6009564297843948e-05,8.830203380857918e-05,-2.5329312176753985e-05
2025-08,2025-07,2025-07,2025-07-31,0.655603788191904,0.0,0.02300289594048486,0.023002900777437822,4.274392471112143,0.0,1.4450281239988168e-06,4.3350843719964506e-09,5.018685916708492e-10,0.18477225581082238,0.04623489225817984,0.6150828887392095,0.15390996319178832,0.0850090438888107,0.41417316351023553,0.5008177926009537,5.779350824241186e-17,0.008137904983541814,0.000944523641714986,0.09198771795221185,1.0,0.000472261820857493,0.00027947814831162264,0.00027947814831162264,8.609229364114964e-09,0.0073861564051433334,HYG_StaticLambda,True,False,0,Optimization terminated successfully,2,-0.0073861564051433334,0.10646259296381914,0.13,0.13,0.07923191395652265,False,-0.15576179496535658,0.0,0.02353740703618086,0.02353740703618086,0.004238205034643422,0.5008177926009537,GLD,1,0.00786242929935522,0.00635940956814805,0.00954034241042307,-0.000472163510213664,-1.2542136311994785e-07,3.0147322272063326e-05,9.02161053354406e-05,-2.1018982553963678e-05
2025-09,2025-08,2025-08,2025-08-29,0.5099138212216501,0.13668098818474758,0.07765850440265905,0.07765851159232164,4.606335397648698,0.0,2.0925101064098825e-06,6.277530319229648e-09,9.121322785957775e-10,0.1310845625142365,0.03198217809250734,0.6727860614185959,0.16414719797466032,0.08217799155904325,0.4083730947836595,0.5094489136572972,0.0,0.00814433379653122,0.0009695918883075119,0.09191445422852956,1.0,0.00048479594415375593,0.000283975761759315,0.000283975761759315,1.0692541131769838e-08,0.007375551398077017,HYG_StaticLambda,True,False,0,Optimization terminated successfully,2,-0.007375551398077018,0.107866133052456,0.13,0.13,0.07889751022641162,False,-0.15816965492238477,0.0,0.022133866947544004,0.022133866947544004,0.0018303450776152308,0.5094489136572972,GLD,1,0.00809334941568159,0.006414409157180033,0.009533865396218876,-0.0012541787367219429,-9.411791667821938e-08,1.5183944881027135e-05,-6.759993530877975e-06,-2.8435126245554897e-06
2025-10,2025-09,2025-09,2025-09-30,0.6056627145377596,0.0,0.05666122970614727,0.056724454148090894,4.867336025718428,0.0,0.018064172258566956,5.419251677570087e-05,9.031925167921535e-06,0.2365128512344842,0.06240508823008086,0.5547171821925372,0.14636487834289763,0.10328859790893898,0.3861026097925756,0.5106087922984854,1.4971199315029207e-19,0.008632339815254454,0.0009424662104006175,0.09793328052064974,1.0,0.00047123310520030874,0.0002763251233219351,0.0002763251233219351,6.32270349663777e-05,0.007821554551765832,HYG_StaticLambda,True,False,0,Optimization terminated successfully,11,-0.007821554551765832,0.10634657740053231,0.13,0.13,0.07918541522951296,False,-0.1600000000008524,0.0,0.02365342259946769,0.02365342259946769,-8.524014827315796e-13,0.5106087922984854,GLD,1,0.007923859052675798,0.006384705904997703,0.010395020919433031,-0.00029177485629369693,-5.5608183673653707e-08,3.0180952803233683e-05,5.7397430084755e-05,-1.9035348868334967e-05
2025-11,2025-10,2025-10,2025-10-31,0.7066382959345276,0.0,0.05190423262550749,0.05190823852103384,5.1199713670638305,0.0,0.0011445415789585953,3.433624736875786e-06,5.722707894793151e-07,0.14884065738549054,0.05871607132516757,0.5682676643253417,0.2241756069640002,0.12050807596563679,0.3715852690199074,0.5079066550144558,2.7755575615628914e-17,0.009127121141442313,0.0009809365541159952,0.10363983437261179,1.0,0.0004904682770579976,0.00026907261447320146,0.00026907261447320146,4.008534551823807e-06,0.00836357171535929,HYG_StaticLambda,True,False,0,Optimization terminated successfully,14,-0.00836357171535929,0.10849533929801751,0.13,0.13,0.08228177778340998,False,-0.1600000000004831,0.0,0.021504660701982495,0.021504660701982495,-4.830857935900212e-13,0.5079066550144558,GLD,1,0.008812637187718094,0.006496133638957919,0.010926436152649474,-0.0011499581889097411,0.0,4.102028620808911e-05,0.0001701246705187539,-3.381184039212317e-05
2025-12,2025-11,2025-11,2025-11-28,0.6474397449276243,0.0,0.014864989704304424,0.014929530437329808,5.196079688721568,0.0,0.01844032275573932,5.532096826721796e-05,9.219764758165675e-06,0.19261748541858342,0.08861945642642922,0.4922764838976287,0.22648657425735866,0.12892244160787958,0.36449937016194717,0.5065781882301732,0.0,0.009358925350848457,0.0009594706549050882,0.10655028028075095,1.0,0.0004797353274525441,0.00026531232191005273,0.00026531232191005273,6.454295787985903e-05,0.008549334743606,HYG_StaticLambda,True,False,0,Optimization terminated successfully,17,-0.008549334743606,0.1073016675493026,0.13,0.13,0.08187232350255794,False,-0.1600000000000164,0.0,0.022698332450697398,0.022698332450697398,-1.6403545188836688e-14,0.5065781882301732,GLD,1,0.008010308766262622,0.006550783725714346,0.011553809850368343,-0.000499536183095709,-2.33245317489758e-12,4.5565470572010146e-05,0.00013609665793208505,-2.8120140038571724e-05
2026-01,2025-12,2025-12,2025-12-30,0.7304151648648168,0.0,0.07908905227460827,0.07909007405676173,5.6070327068458985,0.0,0.00032261245274962014,9.678373582488605e-07,5.39447952208847e-08,0.20941149298144676,0.11509632652637274,0.4359088364302169,0.23958334406196366,0.13776646782114335,0.35705736348886646,0.5051761686899902,6.482687675665647e-17,0.009484168518786786,0.0009482139820709878,0.1081207383330155,1.0,0.0004741069910354939,0.0002617138319971212,0.0002617138319971212,1.0232972396260726e-06,0.008747324398514545,HYG_StaticLambda,True,False,0,Optimization terminated successfully,4,-0.008747324398514545,0.10667036976054717,0.13,0.13,0.0821312291397334,False,-0.15999999311362592,0.0,0.023329630239452837,0.023329630239452837,6.886374082082369e-09,0.5051761686899902,GLD,1,0.007838987194602826,0.006449134973485347,0.011821166068680672,-0.00031860281592212573,0.0,4.735345668680241e-05,0.00022334491182820083,-4.465735647448172e-05
2026-02,2026-01,2026-01,2026-01-30,0.8324257536022928,0.0,0.09323144025858035,0.0932560116553727,6.129784441682108,0.0,0.007020541366301069,2.106162409890321e-05,3.509772693454433e-06,0.279940136880179,0.13428092119187762,0.39588290838731066,0.18989603354063267,0.16580073106878218,0.3335058358377485,0.5006934330934693,0.0,0.009786757764420857,0.0009299108032432932,0.11186162835359051,1.0,0.0004649554016216466,0.00025461491894792845,0.00025461491894792845,2.457352013269806e-05,0.009042613923718584,HYG_StaticLambda,True,False,0,Optimization terminated successfully,10,-0.009042613923718586,0.10563583501312195,0.13,0.13,0.08249215404150195,False,-0.16000000042684043,0.0,0.02436416498687806,0.02436416498687806,-4.268404241170032e-10,0.5006934330934693,GLD,1,0.008694092124890057,0.0063839822531042735,0.012050001661996532,0.0010575723027390067,0.0,4.338898017814965e-05,0.0003362305288731562,-3.833889337081204e-05
2026-03,2026-02,2026-02,2026-02-03,0.8913807056112097,0.0,-0.05030946489900053,-0.05024211762901492,5.821398266474862,-0.05030946489900057,0.01924209632414786,5.7726288972443585e-05,9.620981013169964e-06,0.29961061884472723,0.11980597444831188,0.4147402762697025,0.16584313043725832,0.20367404815476192,0.30207283729032464,0.4942531145549135,2.3856532763556522e-18,0.010325805007698554,0.0009678427070682305,0.11810260384997326,1.0,0.00048392135353411524,0.0002491796240090341,0.0002491796240090341,6.735008209632569e-05,0.00952535394805908,HYG_StaticLambda,True,False,0,Optimization terminated successfully,10,-0.00952535394805908,0.10776879179437229,0.13,0.13,0.08271816742481448,False,-0.1599999999998851,0.0,0.02223120820562771,0.02223120820562771,1.149080830487037e-13,0.4942531145549135,GLD,0,0.009940048318524235,0.006314481509906293,0.012368069114439675,0.0018098921646694348,0.0,3.623240132306495e-05,0.0005461579685288335,-2.169292217772244e-05
2026-04,2026-03,2026-03,2026-03-31,0.7276005863359469,0.0,0.026977992103670377,0.027021869670963327,5.978447902940141,-0.02468872114211529,0.014625844778471996,4.387753433541599e-05,3.29575321496963e-11,0.3313800155300641,0.1742588245022513,0.3239889737447424,0.17037218622294223,0.18625455296441934,0.31641055012353203,0.4973348969120486,0.0,0.009827774132860737,0.0009636537481119242,0.11215136710565729,1.0,0.0004818268740559621,0.0002595296997371735,0.0002595296997371735,4.38809399054646e-05,0.009042536619162137,HYG_StaticLambda,True,False,0,Optimization terminated successfully,7,-0.009042536619162137,0.10753531967378481,0.13,0.13,0.08199489490395874,False,-0.15999994615535051,0.0,0.022464680326215195,0.022464680326215195,5.384464948909873e-08,0.4973348969120486,GLD,0,0.008416900773206244,0.006388478934941915,0.012339916715751029,0.005054762287553131,0.0,4.459019753114214e-05,0.0001759898443181126,-5.715274069567048e-06
2026-05,2026-04,2026-04,2026-03-31,0.7276005863359469,0.0,0.07776851331780933,0.0778552834242991,6.443382908299772,0.0,0.02892323269673909,8.676969809021727e-05,4.083995443771027e-10,0.21559827553285818,0.2772766198093666,0.22183174488471408,0.2852933597730611,0.23365086762806472,0.2774543743926876,0.48889475797924764,0.0,0.010143258481047378,0.0010211746544097212,0.11559205384611021,1.0,0.0005105873272048606,0.00025947217080822885,0.00025947217080822885,8.67725553150319e-05,0.009286426427719256,HYG_StaticLambda,True,False,0,Optimization terminated successfully,11,-0.009286426427719256,0.11069821973688941,0.13,0.13,0.08475931849238026,False,-0.1600000000000309,0.0,0.019301780263110593,0.019301780263110593,-3.089195566019498e-14,0.48889475797924764,GLD,0,0.008212107782535397,0.006253152971412958,0.013048986888825805,0.00558009362837902,0.0,5.944178589147122e-05,0.00019115372993513914,-6.38488424358433e-06
2026-06,2026-05,2026-05,2026-05-29,0.6571959119147275,0.22260094389092816,-0.016386136019408297,-0.01630256229704318,6.337800759539241,-0.016386136019408304,0.02785788383843031,8.357365151529093e-05,7.084982427130182e-11,0.19706829783162072,0.33782856183883336,0.17135468740151938,0.29374845292802654,0.2854233947513834,0.23574389217485356,0.47883271307376307,0.0,0.010564202461301221,0.0011161994892827534,0.12007323259991812,1.0,0.0005580997446413767,0.00026684806201753155,0.00026684806201753155,8.357695899866339e-05,0.009655677695643648,HYG_StaticLambda,True,False,0,Optimization terminated successfully,10,-0.009655677695643648,0.11573415170723395,0.13,0.13,0.08600104491466784,False,-0.16000000021443322,0.0,0.014265848292766059,0.014265848292766059,-2.14433221179533e-10,0.47883271307376307,GLD,0,0.009463596949592767,0.0062913217280388505,0.013208092141305819,0.005903249605867061,0.0,1.6373087959909837e-05,0.00010776910360604089,-2.205613190562289e-06
2026-07,2026-06,2026-06,2026-06-30,0.7615520635481527,0.0,-0.13278669651823927,-0.13271257526327135,5.496225133489237,-0.14699697166693182,0.0247070099371509,7.412102981145271e-05,2.2515647558926115e-10,0.19115314512380668,0.4086962422798096,0.1275154225831515,0.2726351900132322,0.3001903610556882,0.2220159074932231,0.4777937314510888,5.998258198036082e-19,0.010301762225101211,0.0011602676969191198,0.11665954051969982,1.0,0.0005801338484595599,0.00027186970210050436,0.00027186970210050436,7.412404783088046e-05,0.009375634626710268,HYG_StaticLambda,True,False,0,Optimization terminated successfully,15,-0.009375634626710268,0.11799666250801095,0.13,0.13,0.0858095361716546,False,-0.16000000000036782,0.0,0.01200333749198905,0.01200333749198905,-3.6781688805831436e-13,0.4777937314510888,GLD,0,0.009074624762622805,0.006372750469109992,0.012714641368978572,0.0051839631888015,0.0,7.191364530405452e-05,0.00015038591098519223,-1.3097223686087548e-05
