month,signal_cutoff_month,history_end_month,return,gross_return,nav,drawdown,turnover,trade_cost,fx_cost,w_KODEX200,w_BOND,w_GLD,w_USO,eps_mu_adjustment_KODEX200,valuation_mu_adjustment_KODEX200,credit_stress_confirmation_multiplier,credit_equity_variance_multiplier,gvz_gold_variance_multiplier,ovx_oil_variance_multiplier,expected_monthly_return,expected_monthly_variance,expected_annual_volatility,expected_monthly_log_growth_net,expected_annual_log_growth_net,estimated_transaction_cost,downside_semivariance_diagnostic,downside_semivariance_coefficient_in_objective,historical_cdar,policy,family,displayed_value,objective,volatility_cap,cdar_limit,cdar_confidence,solver_success,used_fallback,solver_status,solver_message,solver_iterations,objective_value,sum_error,volatility_slack,cdar_slack
2007-04,2007-03,2007-03,-0.0033939839158941038,-0.0018939826184957253,0.9966060160841059,-0.003393983915894072,1.0,0.0015,1.2973983785554894e-09,0.0,0.999997405203243,2.594796757110979e-06,0.0,-0.0,-0.011756893913204012,1.631578947368421,1.8157894736842106,1.0,1.0,0.003720720235192216,9.639875813795702e-06,0.010755394449556392,0.002215895627835986,0.026590747534031834,0.001500004669449332,8.071430754508569e-10,0.0,-4.9208019939350756e-05,Stage44_VolCap_11pct,volatility_cap_sensitivity,0.11,parameter_free_expected_log_growth,0.11,0.16,0.9,True,False,0,Optimization terminated successfully,12,-0.0022158956278360217,0.0,0.09924460555044361,0.15995079198006065
2007-05,2007-04,2007-04,0.0022772173125550623,0.0022772487953324283,0.9988755045577292,-0.0011244954422707787,8.99507924746487e-06,2.6985237742394612e-08,4.497539623738079e-09,8.502109875633156e-21,0.9999884534304614,1.1546569538663929e-05,0.0,-0.0,-0.014582200735994021,0.5974025974025974,1.2987012987012987,1.0,1.0,0.003217732235309525,1.018290663064385e-05,0.011054179280603612,0.003212606105263458,0.0385512732631615,3.46767307449092e-08,2.7672470152048116e-07,0.0,-0.0009962748027698698,Stage44_VolCap_11pct,volatility_cap_sensitivity,0.11,parameter_free_expected_log_growth,0.11,0.16,0.9,True,False,0,Optimization terminated successfully,2,-0.003212606105263458,0.0,0.0989458207193964,0.15900372519723013
2007-06,2007-05,2007-05,-0.016352901819216892,-0.014395725268712198,0.982540991502076,-0.017459008497924033,0.5591933001441983,0.001677579900432595,0.0002795966500720992,1.0655672781346635e-18,0.44079494481627857,0.5592050551837215,0.0,0.0,-0.01734297517003403,1.0384615384615385,1.5192307692307692,1.0,1.0,0.005853920298703082,0.0006634800801136816,0.08922870032318178,0.003565000708138417,0.042780008497661004,0.0019571795505078237,0.00012244697725636718,0.0,-0.035843556922849185,Stage44_VolCap_11pct,volatility_cap_sensitivity,0.11,parameter_free_expected_log_growth,0.11,0.16,0.9,True,False,0,Optimization terminated successfully,8,-0.003565000708138417,0.0,0.02077129967681822,0.12415644307715082
2007-07,2007-06,2007-06,0.018898123645035864,0.018898123960930994,1.0011091726457984,0.0,9.02557512899508e-08,2.707672538698524e-10,4.512787560306819e-11,0.0,0.447402443075594,0.5525975569244059,0.0,0.0,-0.017421088026983382,1.379746835443038,1.689873417721519,1.0,1.0,0.00373218883584978,0.0005775367117678518,0.08324926751157767,0.003443413965739092,0.041320967588869106,6.514226761724928e-09,0.00012446751479374188,0.0,-0.035093051438745304,Stage44_VolCap_11pct,volatility_cap_sensitivity,0.11,parameter_free_expected_log_growth,0.11,0.16,0.9,True,False,0,Optimization terminated successfully,1,-0.003443413965739093,0.0,0.02675073248842233,0.1249069485612547
2007-08,2007-07,2007-07,0.013196582325512622,0.013196582878027583,1.0143203922594446,0.0,1.5786141738249966e-07,4.73584252147499e-10,7.89307086912494e-11,1.73133534418779e-21,0.4425111691236839,0.5574888308763162,0.0,0.0,-0.017183473194100695,1.3,1.65,1.0,1.0,0.005975294493711148,0.0005576029388807762,0.08179997106704448,0.0056964864809287245,0.0683578377711447,6.5433420356988745e-09,0.00011920413085045347,0.0,-0.03564864344822005,Stage44_VolCap_11pct,volatility_cap_sensitivity,0.11,parameter_free_expected_log_growth,0.11,0.16,0.9,True,False,0,Optimization terminated successfully,1,-0.0056964864809287245,0.0,0.02820002893295552,0.12435135655177995
2007-09,2007-08,2007-08,0.04155933498261351,0.041559337316411295,1.056474873221051,0.0,6.667993686093616e-07,2.0003981058280847e-09,3.333996843046805e-10,2.8042992033758596e-21,0.43580371574749877,0.5641962842525012,0.0,0.0,-0.014405896795849716,1.123456790123457,1.5617283950617284,1.0,1.0,0.006096890491721454,0.0005161053769052561,0.07869729679514458,0.005838830596534686,0.07006596715841623,7.206734140069772e-09,0.00011548138745770302,0.0,-0.036410328550040394,Stage44_VolCap_11pct,volatility_cap_sensitivity,0.11,parameter_free_expected_log_growth,0.11,0.16,0.9,True,False,0,Optimization terminated successfully,1,-0.005838830596534686,0.0,0.031302703204855425,0.12358967144995961
2007-10,2007-09,2007-09,0.03572797876383231,0.03572797939319345,1.094220585056015,0.0,1.7981746919245664e-07,5.3945240757737e-10,8.990873465173928e-11,5.548177539141237e-17,0.4194775645794389,0.5805224354205611,5.54782162609553e-17,0.0,-0.014641885407259497,1.7317073170731707,1.8658536585365852,1.0,1.0,0.007759168035763172,0.0006781153830880735,0.09020745311257204,0.007420103788084232,0.08904124545701078,6.556134902831786e-09,0.00011681985243417133,0.0,-0.0382633080945442,Stage44_VolCap_11pct,volatility_cap_sensitivity,0.11,parameter_free_expected_log_growth,0.11,0.16,0.9,True,False,0,Optimization terminated successfully,1,-0.007420103788084232,0.0,0.01979254688742796,0.1217366919054558
2007-11,2007-10,2007-10,0.009507072906323343,0.009772874377554074,1.1046234199337424,0.0,0.07594327749449456,0.00022782983248348368,3.797163874724721e-05,0.0,0.3310409474780653,0.6689590525219347,0.0,-0.0,-0.015473182093144617,1.6506024096385543,1.8253012048192772,1.0,1.0,0.014584880519486816,0.001008333333333469,0.1100000000000074,0.013814909381566308,0.1657789125787957,0.00026580447125377425,0.00015496172292262628,0.0,-0.04827631451852077,Stage44_VolCap_11pct,volatility_cap_sensitivity,0.11,parameter_free_expected_log_growth,0.11,0.16,0.9,True,False,0,Optimization terminated successfully,7,-0.013814909381566312,0.0,-7.396860901565105e-15,0.11172368548147923
2007-12,2007-11,2007-11,0.05548766151839882,0.0556267471163968,1.165916390364322,0.0,0.039738742285137685,0.00011921622685541305,1.9869371142568815e-05,5.2547527803688633e-20,0.36650401642939184,0.6334959835706082,0.0,0.0,-0.013161772647467112,1.7976190476190477,1.8988095238095237,1.0,1.0,0.010488198698991369,0.0010083333333782483,0.11000000000244992,0.009844943434260225,0.1181393212111227,0.0001390885980420195,0.00012947481150350407,0.0,-0.04426604268810902,Stage44_VolCap_11pct,volatility_cap_sensitivity,0.11,parameter_free_expected_log_growth,0.11,0.16,0.9,True,False,0,Optimization terminated successfully,3,-0.009844943434260225,0.0,-2.449915270652525e-12,0.11573395731189098
2008-01,2007-12,2007-12,0.07670866799715494,0.07682340746293631,1.25535228366522,0.0,0.03278270450896548,9.834811352689643e-05,1.6391352254482794e-05,1.61917119280895e-18,0.3808520898236089,0.619147910176391,0.0,-0.0,-0.012396679856036034,1.988235294117647,1.9941176470588236,1.0,1.0,0.013728541323087864,0.0010083333333333621,0.11000000000000157,0.013109632190586423,0.15731558628703707,0.00011474246583476103,0.00011678805294633385,0.0,-0.03978400665120837,Stage44_VolCap_11pct,volatility_cap_sensitivity,0.11,parameter_free_expected_log_growth,0.11,0.16,0.9,True,False,0,Optimization terminated successfully,4,-0.013109632190586423,0.0,-1.5681900222830336e-15,0.12021599334879163
2008-02,2008-01,2008-01,0.03559292004359951,0.035969519855336037,1.3000339371242664,0.0,0.10759994621043621,0.00032279983863130863,5.379997310521804e-05,0.019657924724636244,0.450318032256328,0.5300240430190358,3.675399704356047e-17,-0.0,-0.00652620117924728,1.8953488372093024,1.947674418604651,1.0,1.0,0.015572229605637679,0.0010083333333334036,0.11000000000000383,0.014691461627178477,0.17629753952614172,0.0003766013117925012,7.913804484265948e-05,0.0,-0.03270543157960245,Stage44_VolCap_11pct,volatility_cap_sensitivity,0.11,parameter_free_expected_log_growth,0.11,0.16,0.9,True,False,0,Optimization terminated successfully,9,-0.014691461627178477,0.0,-3.83026943495679e-15,0.12729456842039755
2008-03,2008-02,2008-02,-0.03044707969470484,-0.030381947517022084,1.260451700234823,-0.030447079694704837,0.019149516614457258,5.744854984337178e-05,7.683627839384845e-06,0.0,0.4413995987468452,0.5586004012531548,0.0,-0.0,-0.008167260488437784,0.3103448275862069,1.1551724137931034,1.0,1.0,0.01870335685656861,0.0010083333333334287,0.1100000000000052,0.018134056511916605,0.21760867814299928,6.513367798528955e-05,8.332501983879961e-05,0.0,-0.03389238666618318,Stage44_VolCap_11pct,volatility_cap_sensitivity,0.11,parameter_free_expected_log_growth,0.11,0.16,0.9,True,False,0,Optimization terminated successfully,7,-0.018134056511916605,0.0,-5.204170427930421e-15,0.12610761333381681
2008-04,2008-03,2008-03,-0.008355250802252365,-0.008056021507974277,1.2499203101552356,-0.0385479375099117,0.08549408407945372,0.00025648225223836115,4.274704203972684e-05,3.4132617858491968e-18,0.5407657217929368,0.4592342782070633,9.796898873228995e-18,-0.0,-0.008270806760279376,0.06818181818181818,1.0340909090909092,1.0,1.0,0.015055814209598319,0.0010083333333333357,0.11000000000000013,0.014252415248633092,0.17102898298359712,0.0002992322942985573,7.526093517511647e-05,0.0,-0.025716768697199632,Stage44_VolCap_11pct,volatility_cap_sensitivity,0.11,parameter_free_expected_log_growth,0.11,0.16,0.9,True,False,0,Optimization terminated successfully,7,-0.014252415248633092,0.0,-1.249000902703301e-16,0.13428323130280037
2008-05,2008-04,2008-04,0.03639667942747909,0.03682871457932372,1.295413258993851,-0.0035542750065714612,0.13136546627002998,0.00039409639881008996,3.793875303453692e-05,0.0,0.47426922538259875,0.3943653083473713,0.13136546627002998,0.0,-0.009184361226252737,1.404494382022472,1.702247191011236,1.0,1.0,0.015517541105360739,0.0010083333333431362,0.1100000000005347,0.01458133778681214,0.17497605344174566,0.00043203665187703175,0.00011197149932873067,0.0,-0.0502628328091456,Stage44_VolCap_11pct,volatility_cap_sensitivity,0.11,parameter_free_expected_log_growth,0.11,0.16,0.9,True,False,0,Optimization terminated successfully,11,-0.01458133778681214,0.0,-5.346972864472832e-13,0.10973716719085441
2008-06,2008-05,2008-05,0.04482115343612613,0.04508030931230837,1.3534751754384065,0.0,0.07404453605206843,0.00022213360815620528,3.70222680260342e-05,1.976974898891537e-18,0.5277709501819907,0.36978934878627673,0.10243970103173258,0.0,-0.010628488931089038,1.1777777777777778,1.588888888888889,1.0,1.9850187265917603,0.01727991298372055,0.001008333347949769,0.11000000079726012,0.016516588933508474,0.19819906720210168,0.0002591573762371933,8.012242963279392e-05,0.0,-0.039388307895196206,Stage44_VolCap_11pct,volatility_cap_sensitivity,0.11,parameter_free_expected_log_growth,0.11,0.16,0.9,True,False,0,Optimization terminated successfully,10,-0.016516588933508474,0.0,-7.972601190342488e-10,0.1206116921048038
2008-07,2008-06,2008-06,-0.03598240396585982,-0.035837686984081886,1.3047738849180186,-0.035982403965859944,0.045020725051215106,0.00013506217515364533,9.654806624286451e-06,1.3046424970084361e-18,0.5222119197143418,0.40892076668224764,0.06886731360341061,0.0,-0.00831345294272501,1.2417582417582418,1.620879120879121,1.0,1.953125,0.016121241070204014,0.0010083333337758448,0.11000000002413698,0.015472355921440544,0.18566827105728653,0.0001447184818755487,7.424437269967744e-05,0.0,-0.033661388809824576,Stage44_VolCap_11pct,volatility_cap_sensitivity,0.11,parameter_free_expected_log_growth,0.11,0.16,0.9,True,False,0,Optimization terminated successfully,10,-0.015472355921440544,0.0,-2.4136984078104717e-11,0.12633861119017542
2008-08,2008-07,2008-07,-0.010222969177502877,-0.010049163992144979,1.291435221708891,-0.045837526136687456,0.057679471884322944,0.00017303841565296884,7.66769704928963e-07,5.926943641822515e-17,0.5426490389755204,0.4540670897783817,0.003283871246097707,-0.0,-0.007608717230213463,1.7934782608695652,1.8967391304347827,1.0,1.9241935483870969,0.010342648988939888,0.0010083333346745155,0.11000000007315539,0.009664675635566286,0.11597610762679544,0.00017380668603634485,9.299617955236914e-05,0.0,-0.029378055766290934,Stage44_VolCap_11pct,volatility_cap_sensitivity,0.11,parameter_free_expected_log_growth,0.11,0.16,0.9,True,False,0,Optimization terminated successfully,9,-0.009664675635566285,0.0,-7.315538452790094e-11,0.13062194423370907
2008-09,2008-08,2008-08,0.05296320411268857,0.05334056032682741,1.359833768954574,0.0,0.11657447925961162,0.00034972343777883486,2.763277636000607e-05,0.0,0.6027288071810003,0.3327173289852694,0.06455386383373035,-0.0,-0.006496732900909817,1.989247311827957,1.9946236559139785,1.0,1.9682779456193353,0.00987080899619653,0.0010083333333476682,0.1100000000007819,0.008989284615347093,0.10787141538416511,0.0003773577141756021,7.828046374327775e-05,0.0,-0.032016841108663506,Stage44_VolCap_11pct,volatility_cap_sensitivity,0.11,parameter_free_expected_log_growth,0.11,0.16,0.9,True,False,0,Optimization terminated successfully,9,-0.008989284615347093,0.0,-7.819023206678821e-13,0.1279831588913365
2008-10,2008-09,2008-09,-0.035116037301565386,-0.03491740837163158,1.312081795600037,-0.03511603730156543,0.05675112283822989,0.00017025336851468967,2.8375561419114982e-05,0.0,0.632068191964322,0.35663550818054107,0.011296299855136978,-0.0,-0.007006556265532079,1.9680851063829787,1.9840425531914894,1.0,1.9957386363636362,0.014324813097993255,0.0010083333333364463,0.1100000000001698,0.01362201600127575,0.16346419201530898,0.0001986304300492826,5.411515943994989e-05,0.0,-0.024750099710649343,Stage44_VolCap_11pct,volatility_cap_sensitivity,0.11,parameter_free_expected_log_growth,0.11,0.16,0.9,True,False,0,Optimization terminated successfully,8,-0.013622016001275751,0.0,-1.6979473382860988e-13,0.13524990028935066
2008-11,2008-10,2008-10,0.07651345613968831,0.07654049306034166,1.412473708519364,0.0,0.008460877635833338,2.5382632907500014e-05,1.6542877458622115e-06,0.0,0.6670377536304456,0.3329622463695545,0.0,-0.0,0.003692672006870234,1.9894736842105263,1.9947368421052631,1.0,1.9853333333333332,0.006290760593710667,0.0010083333333661675,0.11000000000179096,0.005759555505837766,0.06911466607005319,2.7038421189816376e-05,6.692826870822587e-05,0.0,-0.023683502597637934,Stage44_VolCap_11pct,volatility_cap_sensitivity,0.11,parameter_free_expected_log_growth,0.11,0.16,0.9,True,False,0,Optimization terminated successfully,4,-0.005759555505837766,0.0,-1.7909562721740713e-12,0.13631649740236207
2008-12,2008-11,2008-11,0.037193322991932586,0.037563395716575035,1.4650082993779374,0.0,0.10573506418355683,0.0003172051925506705,5.2867532091778414e-05,0.0,0.727330497233742,0.27266950276625807,0.0,-0.0,-0.001365285154806893,1.9270833333333333,1.9635416666666665,1.0,1.9555837563451777,0.008769864616431774,0.0010083333342502487,0.11000000005001356,0.00789562222464765,0.09474746669577179,0.0003700757246589997,3.762052133285423e-05,0.0,-0.01811040730481614,Stage44_VolCap_11pct,volatility_cap_sensitivity,0.11,parameter_free_expected_log_growth,0.11,0.16,0.9,True,False,0,Optimization terminated successfully,6,-0.00789562222464765,0.0,-5.0013562735706785e-11,0.14188959269518386
2009-01,2008-12,2008-12,0.03212078117129464,0.03215540599798379,1.5120655103763867,0.0,0.009892807625471872,2.9678422876415616e-05,4.94640381273595e-06,0.0,0.7219189271325007,0.27808107286749933,0.0,-0.0,-0.0009422608130144097,0.24742268041237114,1.1237113402061856,1.0,1.9555288461538463,0.011697090949049046,0.001008333339128739,0.11000000031611303,0.011158296452618628,0.13389955743142354,3.4627826866047765e-05,3.853811791706543e-05,0.0,-0.018598621433136203,Stage44_VolCap_11pct,volatility_cap_sensitivity,0.11,parameter_free_expected_log_growth,0.11,0.16,0.9,True,False,0,Optimization terminated successfully,3,-0.011158296452618628,0.0,-3.161130246454036e-10,0.1414013785668638
2009-02,2009-01,2009-01,0.051885173155779514,0.05188885319286294,1.5905192912051476,0.0,0.0010514391666933132,3.1543175000799396e-06,5.257195833466427e-07,2.775557561562892e-17,0.7046955291707342,0.29530447082926586,2.775557561562892e-17,-0.0,-0.008238077858228448,0.01020408163265306,1.0051020408163265,1.0,1.856651376146789,0.012579742210659578,0.0010083333333509158,0.11000000000095905,0.012071892505236308,0.1448627100628357,3.6830387478115247e-06,4.415538965988427e-05,0.0,-0.020152129594993407,Stage44_VolCap_11pct,volatility_cap_sensitivity,0.11,parameter_free_expected_log_growth,0.11,0.16,0.9,True,False,0,Optimization terminated successfully,10,-0.012071892505236305,0.0,-9.590522820346337e-13,0.1398478704050066
2009-03,2009-02,2009-02,-0.03646974719307958,-0.036334480771137274,1.5325134547491797,-0.036469747193079605,0.038647549126372464,0.00011594264737911739,1.9323774563186276e-05,0.0,0.7090332374086242,0.2909667625913757,7.509105896086983e-18,-0.0,-0.008509366663750736,0.010101010101010102,1.005050505050505,1.0,1.798901098901099,0.01357522879684988,0.001008333333344168,0.11000000000059099,0.012935792708190211,0.15522951249828254,0.00013526942198758461,4.118711147761083e-05,0.0,-0.019760926342321128,Stage44_VolCap_11pct,volatility_cap_sensitivity,0.11,parameter_free_expected_log_growth,0.11,0.16,0.9,True,False,0,Optimization terminated successfully,5,-0.012935792708190211,0.0,-5.909855937957786e-13,0.14023907365767888
2009-04,2009-03,2009-03,-0.02431373168954046,-0.02429878152177279,1.4952523337997974,-0.05989676323458215,0.004271476505048836,1.2814429515146507e-05,2.1357382525243845e-06,0.0,0.7370172904796198,0.2629827095203801,0.0,0.0,-0.014598246470828226,0.05,1.025,1.0,1.8647798742138364,0.010948016618176036,0.0010083333334267957,0.11000000000509794,0.010428896783285272,0.12514676139942327,1.4953168177365274e-05,5.8858896639576095e-05,0.0,-0.02170203932081541,Stage44_VolCap_11pct,volatility_cap_sensitivity,0.11,parameter_free_expected_log_growth,0.11,0.16,0.9,True,False,0,Optimization terminated successfully,3,-0.010428896783285275,0.0,-5.097935962261602e-12,0.1382979606791846
2009-05,2009-04,2009-04,0.024493876557336407,0.02458839402928797,1.5318768598859587,-0.036869990602097724,0.027004991986160964,8.10149759584829e-05,1.350249599308051e-05,0.0,0.7378501583350541,0.262149841664946,0.0,0.0,-0.01424491651810407,0.06930693069306931,1.0346534653465347,1.0,1.6937751004016064,0.008480923862323929,0.0010083333333333327,0.10999999999999997,0.007882236723640896,0.09458684068369075,9.452047201636624e-05,7.25927319946769e-05,0.0,-0.03173923566495074,Stage44_VolCap_11pct,volatility_cap_sensitivity,0.11,parameter_free_expected_log_growth,0.11,0.16,0.9,True,False,0,Optimization terminated successfully,5,-0.007882236723640896,0.0,2.7755575615628914e-17,0.12826076433504927
2009-06,2009-05,2009-05,-0.011472195676569163,-0.011281798850865794,1.5143028687969387,-0.047919206531886305,0.05439909305810528,0.00016319727917431584,2.7199546529052627e-05,2.5172256086284884e-18,0.6644938638970976,0.3355061361029024,0.0,0.0,-0.015975378244835546,0.049019607843137254,1.0245098039215685,1.0,1.5048262548262548,0.011575583200558726,0.0010083333333368808,0.1100000000001935,0.010881016708154749,0.13057220049785698,0.00019039982573553814,0.00013572559996945398,0.0,-0.04863308110441639,Stage44_VolCap_11pct,volatility_cap_sensitivity,0.11,parameter_free_expected_log_growth,0.11,0.16,0.9,True,False,0,Optimization terminated successfully,6,-0.010881016708154749,0.0,-1.9349799540435697e-13,0.11136691889558362
2009-07,2009-06,2009-06,-0.00638686504877354,-0.006386858548184229,1.504631220730962,-0.05400001807529642,1.8573112316733215e-06,5.571933695019965e-09,9.286556158227822e-10,2.5493725473005232e-18,0.6720742338589237,0.32792576614107627,0.0,0.0,-0.013640761524003139,1.8349514563106797,1.9174757281553398,1.0018382352941178,1.5212962962962964,0.00952405217360025,0.0007994334508628999,0.09794488965920987,0.009124325065238394,0.10949190078286072,1.0382930406569121e-08,0.00012782972585832238,0.0,-0.05409163466352815,Stage44_VolCap_11pct,volatility_cap_sensitivity,0.11,parameter_free_expected_log_growth,0.11,0.16,0.9,True,False,0,Optimization terminated successfully,1,-0.009124325065238394,0.0,0.012055110340790126,0.10590836533647185
2009-08,2009-07,2009-07,0.0067940697005545135,0.006794072132068705,1.5148537901182384,-0.047572828261376765,6.947183404937282e-07,2.084155021481185e-09,3.473591702329859e-10,2.9227477018841306e-18,0.6762255532195267,0.32377444678047324,0.0,0.0,-0.0139393894389575,1.7211538461538463,1.8605769230769231,1.0561224489795917,1.5791814946619218,0.009095998591874318,0.0007147418012492878,0.09261156307390267,0.008738620429529217,0.1048634451543506,7.2617204582782525e-09,0.00012162396089556273,0.0,-0.05803157100163214,Stage44_VolCap_11pct,volatility_cap_sensitivity,0.11,parameter_free_expected_log_growth,0.11,0.16,0.9,True,False,0,Optimization terminated successfully,1,-0.008738620429529217,0.0,0.01738843692609733,0.10196842899836786
2009-09,2009-08,2009-08,-0.0015962355129698048,-0.0015962303082132669,1.5124357267014947,-0.049093126336423376,1.4870732965021824e-06,4.461219889506547e-09,7.435366482927257e-10,3.066929172277075e-17,0.671938888538123,0.32806111146187705,2.7722894279903496e-17,0.0,-0.013151977115942114,0.2,1.1,1.1,1.650943396226415,0.008502189200811501,0.0007371152615028799,0.09404989706551814,0.008133622297939958,0.09760346757527949,9.27212010542676e-09,0.00012271834641104055,0.0,-0.05826486003516651,Stage44_VolCap_11pct,volatility_cap_sensitivity,0.11,parameter_free_expected_log_growth,0.11,0.16,0.9,True,False,0,Optimization terminated successfully,1,-0.008133622297939958,0.0,0.01595010293448186,0.1017351399648335
2009-10,2009-09,2009-09,0.024290889989808943,0.024290932747982944,1.5491741365554574,-0.025994752077708294,1.221662114306455e-05,3.6649863429193646e-08,6.108310571449184e-09,1.4351803524812133e-21,0.6767897543293108,0.3232102456706892,4.305541057443641e-21,0.0,-0.012416902861128653,0.3867924528301887,1.1933962264150944,1.1324404761904763,1.5529801324503312,0.00940013926797342,0.0008527330974624604,0.1011572892556415,0.008973726818059876,0.10768472181671851,4.590118231309864e-08,0.00011536852686659699,0.0,-0.05940774084938507,Stage44_VolCap_11pct,volatility_cap_sensitivity,0.11,parameter_free_expected_log_growth,0.11,0.16,0.9,True,False,0,Optimization terminated successfully,2,-0.008973726818059876,0.0,0.008842710744358495,0.10059225915061493
2009-11,2009-10,2009-10,0.04253363431696619,0.04270811657277754,1.615066142773009,0.0,0.049852073088958004,0.00014955621926687402,2.4926036544479003e-05,0.0,0.6125195550948137,0.38748044490518624,1.1079190950086248e-18,0.0,-0.00823911241582813,0.9532710280373832,1.4766355140186915,1.1522346368715084,1.4353035143769968,0.011170554849661741,0.0010083333409220585,0.11000000041393046,0.010491902923354255,0.12590283508025107,0.00017448525584645686,0.00017779163716797502,0.0,-0.07503907113644756,Stage44_VolCap_11pct,volatility_cap_sensitivity,0.11,parameter_free_expected_log_growth,0.11,0.16,0.9,True,False,0,Optimization terminated successfully,6,-0.010491902923354255,0.0,-4.139304593531179e-10,0.08496092886355244
2009-12,2009-11,2009-11,-0.028327998613083633,-0.028200419512324427,1.569314551320497,-0.02832799861308366,0.036451171645487015,0.00010935351493646105,1.8225585822743474e-05,5.3013592746028885e-06,0.6315959045514683,0.36839879408925713,0.0,0.0,-0.0046455693537102065,0.6666666666666666,1.3333333333333333,1.414021164021164,1.4481424148606812,0.012344681340294438,0.0010083333333343635,0.11000000000005619,0.011712933932583446,0.14055520719100134,0.0001275807410438105,0.00015331063441507026,0.0,-0.0704015885854639,Stage44_VolCap_11pct,volatility_cap_sensitivity,0.11,parameter_free_expected_log_growth,0.11,0.16,0.9,True,False,0,Optimization terminated successfully,8,-0.011712933932583446,0.0,-5.6191162833840735e-14,0.0895984114145361
2010-01,2009-12,2009-12,0.0048782386067626905,0.0049410760025534566,1.5769700421509032,-0.023587950742807506,0.01795413333749072,5.386240001247216e-05,8.97499577829386e-06,1.8161816951281034e-06,0.665244124252109,0.33475405956619597,0.0,0.0,-0.008019845016516768,1.1192660550458715,1.5596330275229358,1.26375,1.2881736526946108,0.011065409639153962,0.0010083333336026689,0.11000000001469103,0.01049840389794763,0.12598084677537155,6.283907440499727e-05,0.00013279917744622505,0.0,-0.06221844068281261,Stage44_VolCap_11pct,volatility_cap_sensitivity,0.11,parameter_free_expected_log_growth,0.11,0.16,0.9,True,False,0,Optimization terminated successfully,7,-0.01049840389794763,0.0,-1.4691026173352384e-11,0.09778155931718739
2010-02,2010-01,2010-01,0.011413581291661177,0.01143376487677699,1.5949689179215067,-0.012443592444453144,0.005766983174036233,1.73009495221087e-05,2.8826355937054124e-06,1.838151481857249e-18,0.6735049692199913,0.3264950307800087,4.355205186765197e-19,-0.0,-0.006035248891202014,1.0545454545454545,1.5272727272727273,1.2828162291169452,1.249636098981077,0.010091276344846507,0.0010083333333334513,0.11000000000000643,0.009566924186766468,0.11480309024119761,2.0185491413313427e-05,0.0001221879548115288,0.0,-0.06020788526408834,Stage44_VolCap_11pct,volatility_cap_sensitivity,0.11,parameter_free_expected_log_growth,0.11,0.16,0.9,True,False,0,Optimization terminated successfully,5,-0.009566924186766468,0.0,-6.4254157550180935e-15,0.09979211473591167
2010-03,2010-02,2010-02,0.002338031542570797,0.0024949541234420393,1.5986980055610271,-0.01013465441352046,0.04483502310606924,0.0001345050693182077,2.2417511553034676e-05,0.0,0.6280945265069207,0.37190547349307945,9.656175598699024e-19,0.0,-0.002119381593439771,1.3153153153153154,1.6576576576576576,1.1324200913242009,1.2202549575070822,0.010484751615981183,0.001008333340454924,0.1100000003884504,0.009823659364843446,0.11788391237812135,0.0001569255809102744,0.00016414851924020856,0.0,-0.07125580984676812,Stage44_VolCap_11pct,volatility_cap_sensitivity,0.11,parameter_free_expected_log_growth,0.11,0.16,0.9,True,False,0,Optimization terminated successfully,6,-0.009823659364843446,0.0,-3.884503968487607e-10,0.08874419015323189
2010-04,2010-03,2010-03,0.020104191192915847,0.020104196249485933,1.6308385359245592,0.0,1.44473431015757e-06,4.33420293047271e-09,7.223671550649063e-10,1.085930059999458e-22,0.6350837560891793,0.3649162439108207,9.892657777853984e-19,0.0,-0.003506798743390653,0.22321428571428573,1.1116071428571428,1.0119305856832972,1.117283950617284,0.00957604302382157,0.0007417119743947092,0.09434269284229972,0.009205177886916821,0.11046213464300186,9.149707393848417e-09,0.00015354711148741777,0.0,-0.069557076637622,Stage44_VolCap_11pct,volatility_cap_sensitivity,0.11,parameter_free_expected_log_growth,0.11,0.16,0.9,True,False,0,Optimization terminated successfully,1,-0.009205177886916821,0.0,0.01565730715770028,0.090442923362378
2010-05,2010-04,2010-04,0.04832854234325224,0.0483285436639004,1.7096545851629967,0.0,3.773280458085895e-07,1.1319841374257685e-09,1.886640229042944e-10,1.0936663639337056e-22,0.6258035685225927,0.37419643147740744,9.687494447675453e-19,0.0,-0.0019695521992413208,0.168141592920354,1.084070796460177,1.1524896265560165,1.1666666666666667,0.00992285038823476,0.0007738681756839234,0.09636606305233747,0.009535909559522372,0.11443091471426846,6.7408704285745024e-09,0.00015979072032328546,0.0,-0.0718124926567211,Stage44_VolCap_11pct,volatility_cap_sensitivity,0.11,parameter_free_expected_log_growth,0.11,0.16,0.9,True,False,0,Optimization terminated successfully,1,-0.009535909559522372,0.0,0.013633936947662531,0.0881875073432789
2010-06,2010-05,2010-05,0.006036322446193787,0.006368010337695863,1.719974611510654,0.0,0.09476796900059323,0.0002843039070017797,4.738398450029656e-05,0.028242003635916134,0.6633393049055408,0.30841869145854306,1.7201650971958738e-17,0.0,0.001213608940475804,1.6491228070175439,1.8245614035087718,1.2579681274900398,1.4850649350649352,0.01038604305485075,0.0010083333334428904,0.11000000000597583,0.009550186996578846,0.11460224395894615,0.00033168939155045826,9.323611151402077e-05,0.0,-0.0450158438938534,Stage44_VolCap_11pct,volatility_cap_sensitivity,0.11,parameter_free_expected_log_growth,0.11,0.16,0.9,True,False,0,Optimization terminated successfully,8,-0.009550186996578846,0.0,-5.975830941196136e-12,0.1149841561061466
2010-07,2010-06,2010-06,-0.019469841945120903,-0.019453118186464925,1.6864869776749207,-0.019469841945121025,0.004778216758850425,1.4334650276551277e-05,2.3891083794251815e-06,0.028835073632196857,0.6656759899272466,0.3054889364405565,2.7755575615628914e-17,0.0,-0.00010004125876056624,1.1217391304347826,1.5608695652173914,1.3463740458015268,1.4482323232323233,0.01065378793898675,0.0010083333333367208,0.11000000000018477,0.010132895150180142,0.1215947418021617,1.6726122138248946e-05,8.918275811418678e-05,0.0,-0.042379068209532876,Stage44_VolCap_11pct,volatility_cap_sensitivity,0.11,parameter_free_expected_log_growth,0.11,0.16,0.9,True,False,0,Optimization terminated successfully,9,-0.010132895150180142,0.0,-1.8476886687324168e-13,0.11762093179046712
2010-08,2010-07,2010-07,0.03411867435185741,0.03440755454102317,1.7440276776648593,0.0,0.08253719690450224,0.0002476115907135067,4.1268598452251105e-05,0.03085915024448711,0.5998482111911368,0.36929263856437605,0.0,0.0,0.00041812297385189766,1.353448275862069,1.6767241379310345,1.0587155963302752,1.1961869618696186,0.010515352346844135,0.0010083333333333734,0.1100000000000022,0.009722303167750277,0.11666763801300332,0.0002888825124271706,0.000151895872766263,0.0,-0.056496584039863164,Stage44_VolCap_11pct,volatility_cap_sensitivity,0.11,parameter_free_expected_log_growth,0.11,0.16,0.9,True,False,0,Optimization terminated successfully,16,-0.009722303167750277,0.0,-2.192690473634684e-15,0.10350341596013685
2010-09,2010-08,2010-08,0.00892484261926528,0.009131956487706554,1.7595928502116607,0.0,0.0638679975314274,0.0001916039925942822,1.550987584699184e-05,0.06235806492603824,0.5222958385694386,0.41534609650452287,3.2740152751983657e-16,0.0,0.0033150806071311494,1.547008547008547,1.7735042735042734,1.1216931216931216,1.3191616766467065,0.011474994260373173,0.0010083333367308823,0.11000000018532086,0.010763712223499646,0.12916454668199576,0.00020711536850808634,0.0001956843483033921,0.0,-0.05737987634610383,Stage44_VolCap_11pct,volatility_cap_sensitivity,0.11,parameter_free_expected_log_growth,0.11,0.16,0.9,True,False,0,Optimization terminated successfully,9,-0.010763712223499646,0.0,-1.853208558832975e-10,0.10262012365389617
2010-10,2010-09,2010-09,0.006940262876246252,0.006992472110671439,1.7718048871472931,0.0,0.01491692412148206,4.475077236444618e-05,7.458462060740883e-06,0.06585018762594147,0.5106561917457969,0.4234936206282617,0.0,-0.0,0.000655171555938772,0.923728813559322,1.461864406779661,1.1037414965986394,1.1360981308411215,0.011249931064079698,0.0010083333333347944,0.11000000000007969,0.0106935522330197,0.1283226267962364,5.221216439260223e-05,0.00020117171097201148,0.0,-0.05824274271364669,Stage44_VolCap_11pct,volatility_cap_sensitivity,0.11,parameter_free_expected_log_growth,0.11,0.16,0.9,True,False,0,Optimization terminated successfully,11,-0.0106935522330197,0.0,-7.968625759247061e-14,0.10175725728635332
2010-11,2010-10,2010-10,0.02682099526584716,0.027081402397417055,1.8193264576374755,0.0,0.07440203759139824,0.00022320611277419473,3.720101879569915e-05,0.07531044394206714,0.5699784750833632,0.35471108097456966,0.0,-0.0,-0.00037412675644098235,0.226890756302521,1.1134453781512605,1.2914614121510672,1.2354618015963512,0.01003953559409797,0.0010083333353689196,0.11000000011103199,0.00927496029473902,0.11129952353686824,0.0002604086316744882,0.00013004416710328545,0.0,-0.04296968133965353,Stage44_VolCap_11pct,volatility_cap_sensitivity,0.11,parameter_free_expected_log_growth,0.11,0.16,0.9,True,False,0,Optimization terminated successfully,9,-0.00927496029473902,0.0,-1.1103198915840551e-10,0.11703031866034647
2010-12,2010-11,2010-11,0.0025975722511036342,0.0028371665436039153,1.8240522895595332,0.0,0.0684555121429374,0.0002053665364288122,3.422775607146868e-05,0.0753135490720086,0.6264858826059669,0.29820056832202446,2.790888544491663e-17,0.0,-0.0003555790547450474,1.6416666666666666,1.8208333333333333,1.392063492063492,1.2310690423162582,0.010284949189555088,0.001008333334456794,0.11000000006127968,0.00954118625049506,0.11449423500594072,0.0002395962718316297,8.412895178176553e-05,0.0,-0.03240091212497024,Stage44_VolCap_11pct,volatility_cap_sensitivity,0.11,parameter_free_expected_log_growth,0.11,0.16,0.9,True,False,0,Optimization terminated successfully,16,-0.009541186250495062,0.0,-6.127967577818083e-11,0.12759908787502977
2011-01,2010-12,2010-12,-0.02599389448635331,-0.025748023821786703,1.7766380668071315,-0.025993894486353364,0.07024876130474471,0.00021074628391423413,3.512438065237232e-05,0.01208126497725411,0.6239545621367285,0.36396417288601735,1.7499223834189245e-19,0.0,-0.0034006147390720277,1.3388429752066116,1.6694214876033058,1.164877300613497,1.1217391304347826,0.011477149373721154,0.001008333333653808,0.11000000001748045,0.010727110268684831,0.12872532322421798,0.00024587243820941863,0.00013723986798251143,0.0,-0.06207053156433066,Stage44_VolCap_11pct,volatility_cap_sensitivity,0.11,parameter_free_expected_log_growth,0.11,0.16,0.9,True,False,0,Optimization terminated successfully,27,-0.010727110268684831,0.0,-1.7480447644935282e-11,0.09792946843566935
2011-02,2011-01,2011-01,0.027036203221712782,0.027093286951272055,1.8246716146327602,0.0,0.01630963701693479,4.892891105080437e-05,8.154818508467452e-06,0.0,0.6332540940514055,0.3667459059485946,1.5881629533001716e-17,0.0,-0.0037036061329168164,0.6475409836065574,1.3237704918032787,1.0989583333333333,1.4175531914893618,0.009499491273890714,0.0010083333333335222,0.1100000000000103,0.008938239377345792,0.1072588725281495,5.7085229878161774e-05,0.00015240391704026833,0.0,-0.06710468605355242,Stage44_VolCap_11pct,volatility_cap_sensitivity,0.11,parameter_free_expected_log_growth,0.11,0.16,0.9,True,False,0,Optimization terminated successfully,8,-0.008938239377345792,0.0,-1.0297318553398327e-14,0.09289531394644758
2011-03,2011-02,2011-02,-0.0021701406404128513,-0.002112768982419865,1.8207118206064379,-0.0021701406404128765,0.016392714052767432,4.91781421583023e-05,8.19351583468369e-06,5.682383400031259e-06,0.603631598851736,0.39636271876486395,1.845015473028898e-18,0.0,-8.648185105336895e-05,1.032520325203252,1.5162601626016259,1.0151953690303908,1.5260688216892597,0.009967028615879232,0.001008333350161059,0.11000000091787593,0.009405488651718448,0.11286586382062139,5.7373289080253314e-05,0.00017958002251535068,0.0,-0.07406607722406111,Stage44_VolCap_11pct,volatility_cap_sensitivity,0.11,parameter_free_expected_log_growth,0.11,0.16,0.9,True,False,0,Optimization terminated successfully,13,-0.009405488651718448,0.0,-9.178759280414894e-10,0.08593392277593889
2011-04,2011-03,2011-03,0.027387779746049213,0.02748077508888582,1.870577074930235,0.0,0.026570097953316933,7.97102938599508e-05,1.3285048976658469e-05,0.0,0.583797040184471,0.416202959815529,9.825623547180512e-20,-0.0,-0.0031374428260317233,1.032258064516129,1.5161290322580645,1.0469187675070029,1.4012219959266803,0.01032604090888637,0.0010083333334671312,0.11000000000729807,0.00972887727940012,0.11674652735280144,9.29969627526846e-05,0.00019784697151050757,0.0,-0.07872859634970146,Stage44_VolCap_11pct,volatility_cap_sensitivity,0.11,parameter_free_expected_log_growth,0.11,0.16,0.9,True,False,0,Optimization terminated successfully,6,-0.00972887727940012,0.0,-7.298064930161274e-12,0.08127140365029854
2011-05,2011-04,2011-04,0.0022355148729943995,0.0024787294666158474,1.874758777802324,0.0,0.0694898838918422,0.0002084696516755266,3.474494194592107e-05,1.6400300112145696e-06,0.6389078402040302,0.3610905197659586,2.323493196051155e-18,0.0,-0.004012503171058304,0.848,1.424,1.3099455040871935,1.1786427145708582,0.010958159126653065,0.001008333335257366,0.11000000010494723,0.010210775944134602,0.12252931132961523,0.0002432165148897788,0.00013973906536185698,0.0,-0.06307727568301391,Stage44_VolCap_11pct,volatility_cap_sensitivity,0.11,parameter_free_expected_log_growth,0.11,0.16,0.9,True,False,0,Optimization terminated successfully,10,-0.010210775944134602,0.0,-1.0494723146070584e-10,0.09692272431698609
2011-06,2011-05,2011-05,-0.013807369862900874,-0.013723603046738168,1.8488732899534874,-0.013807369862900876,0.0239333760464874,7.18001281394622e-05,1.1966688023243693e-05,8.138848611909925e-07,0.6188843435090647,0.3811148426060737,4.566841610893817e-16,0.0,-0.0009842462085014583,0.5555555555555556,1.2777777777777777,1.0549668874172184,1.3582600195503423,0.010733394805388262,0.001008333333333335,0.1100000000000001,0.010145459092817935,0.12174550911381521,8.37690459036585e-05,0.00015602566350339433,0.0,-0.06754559654570144,Stage44_VolCap_11pct,volatility_cap_sensitivity,0.11,parameter_free_expected_log_growth,0.11,0.16,0.9,True,False,0,Optimization terminated successfully,8,-0.010145459092817935,0.0,-9.71445146547012e-17,0.09245440345429856
2011-07,2011-06,2011-06,0.031968495716939244,0.03205029298789057,1.907978987804529,0.0,0.023371027377509904,7.011308213252971e-05,1.1684188818801371e-05,3.4587914884585293e-06,0.6047771026408871,0.3952194385676244,2.7755575615628914e-17,-0.0,-0.00013793382644680156,0.7480314960629921,1.374015748031496,1.0096525096525097,1.222488038277512,0.010435479877316148,0.0010083333335993625,0.11000000001451067,0.009849514165862414,0.11819416999034897,8.179904465405242e-05,0.0001703554362662694,0.0,-0.0706901062020731,Stage44_VolCap_11pct,volatility_cap_sensitivity,0.11,parameter_free_expected_log_growth,0.11,0.16,0.9,True,False,0,Optimization terminated successfully,6,-0.009849514165862414,0.0,-1.4510670443002027e-11,0.0893098937979269
2011-08,2011-07,2011-07,0.04853441806591157,0.04874458385826267,2.0005816376596086,0.0,0.06004747016263627,0.00018014241048790883,3.002338186319173e-05,0.06005084658259454,0.5883421727443793,0.3516069806730262,2.7755575615628914e-17,-0.0,0.00014423463985204554,0.5234375,1.26171875,1.3061480552070264,1.3807511737089202,0.010669136994103549,0.0010083333333337182,0.11000000000002098,0.009954802258174028,0.11945762709808833,0.00021016806926266122,0.0001207097197000636,0.0,-0.04294459517968593,Stage44_VolCap_11pct,volatility_cap_sensitivity,0.11,parameter_free_expected_log_growth,0.11,0.16,0.9,True,False,0,Optimization terminated successfully,21,-0.009954802258174026,0.0,-2.098321516541546e-14,0.11705540482031407
2011-09,2011-08,2011-08,-0.01353532595510942,-0.013007305064324128,1.9735031130940792,-0.013535325955109423,0.15086311165294053,0.00045258933495882157,7.543155582647023e-05,0.1620266394685619,0.6072954496083521,0.23067791092308604,1.3745227565159465e-17,-0.0,0.006787715311878481,1.5271317829457365,1.7635658914728682,1.802439024390244,1.7017463235294117,0.010510596776886942,0.001008333335410206,0.11000000011328397,0.009478407718363654,0.11374089262036385,0.0005280223908181843,7.333891544309193e-05,0.0,-0.02701097808598198,Stage44_VolCap_11pct,volatility_cap_sensitivity,0.11,parameter_free_expected_log_growth,0.11,0.16,0.9,True,False,0,Optimization terminated successfully,8,-0.009478407718363654,0.0,-1.1328396554155518e-10,0.132989021914018
2011-10,2011-09,2011-09,0.014223903760905448,0.014291416335660162,2.001574031446577,0.0,0.019289307072775895,5.786792121832769e-05,9.644653536387931e-06,0.15834992140982657,0.6245088574936941,0.21714122109647943,0.0,-0.0,0.007948722951305606,1.523076923076923,1.7615384615384615,1.8543400713436387,1.8706041478809738,0.010009749266845903,0.0010083333359483797,0.1100000001426389,0.009438068523909118,0.11325682228690942,6.751407496259419e-05,6.772357136848398e-05,0.0,-0.025674993981834402,Stage44_VolCap_11pct,volatility_cap_sensitivity,0.11,parameter_free_expected_log_growth,0.11,0.16,0.9,True,False,0,Optimization terminated successfully,7,-0.009438068523909118,0.0,-1.4263890069088347e-10,0.1343250060181656
2011-11,2011-10,2011-10,0.020063922145253724,0.0201715167251176,2.0417334569814827,0.0,0.030741308532535663,9.2223925597607e-05,1.537065426626781e-05,0.1749444791759229,0.5893026496051009,0.23575287121897617,0.0,-0.0,0.0027442567445509504,1.3358778625954197,1.66793893129771,1.70707656612529,1.6597345132743362,0.009927512679768444,0.0010083333334257557,0.11000000000504122,0.009315749932180038,0.11178899918616045,0.00010759608087552834,8.27142940806342e-05,0.0,-0.028836012895808266,Stage44_VolCap_11pct,volatility_cap_sensitivity,0.11,parameter_free_expected_log_growth,0.11,0.16,0.9,True,False,0,Optimization terminated successfully,9,-0.009315749932180038,0.0,-5.041217443491064e-12,0.13116398710419175
2011-12,2011-11,2011-11,-0.025879302462681275,-0.02579540796365487,1.9888948193000828,-0.02587930246268133,0.02643801782650332,7.931405347950996e-05,4.580445546894019e-06,0.19144728238714967,0.5551090769409734,0.25344364067187697,0.0,-0.0,0.005712833355647859,1.0681818181818181,1.5340909090909092,1.5973952434881087,1.576020851433536,0.011294704107137213,0.0010083333333441513,0.11000000000059007,0.010706641441257795,0.12847969729509354,8.389599920734189e-05,9.859885093620452e-05,0.0,-0.03217255313384023,Stage44_VolCap_11pct,volatility_cap_sensitivity,0.11,parameter_free_expected_log_growth,0.11,0.16,0.9,True,False,0,Optimization terminated successfully,9,-0.010706641441257795,0.0,-5.900696598004629e-13,0.12782744686615977
2012-01,2011-12,2011-12,0.03502922843087763,0.03513168430407962,2.058564270250334,0.0,0.034151811003085245,0.00010245543300925574,4.401927358038682e-10,0.2225893243458804,0.5377904081793997,0.23962026747471987,0.0,0.0,0.006535252092134374,1.2330827067669172,1.6165413533834587,1.5038716814159292,1.5034129692832765,0.010438427591724607,0.0010083333333377237,0.11000000000023948,0.009831802647939277,0.11798163177527132,0.00010245827711646873,0.00012159780265048546,0.0,-0.04017151524167317,Stage44_VolCap_11pct,volatility_cap_sensitivity,0.11,parameter_free_expected_log_growth,0.11,0.16,0.9,True,False,0,Optimization terminated successfully,23,-0.009831802647939277,0.0,-2.3947510641164627e-13,0.11982848475832683
2012-02,2012-01,2012-01,0.004799140688709469,0.004799179777312607,2.068443609800016,0.0,1.13597849460273e-05,3.40793548380819e-08,5.009248299645e-09,0.23072497110448617,0.5218761306104706,0.24739889828504327,5.4284023340534344e-21,-0.0,0.002304680560719965,0.9626865671641791,1.4813432835820897,1.3685064935064934,1.2663590604026846,0.00961414207696045,0.0008216065025748497,0.09929389724901624,0.009203297573983226,0.11043957088779871,4.125168979869913e-08,0.00012966249807498518,0.0,-0.04194772083704928,Stage44_VolCap_11pct,volatility_cap_sensitivity,0.11,parameter_free_expected_log_growth,0.11,0.16,0.9,True,False,0,Optimization terminated successfully,2,-0.009203297573983226,0.0,0.010706102750983756,0.11805227916295072
2012-03,2012-02,2012-02,-0.003875658433654782,-0.0038756535331065513,2.0604270288791553,-0.003875658433654783,1.400156637382244e-06,4.2004699121467325e-09,7.000783186911221e-10,0.2396348530845055,0.5203846556664273,0.23998049124906715,2.776182316277128e-17,-0.0,-4.736224566829339e-05,0.43703703703703706,1.2185185185185186,1.507415254237288,1.2809405940594059,0.009087731653113077,0.0007341208512995681,0.09385867149920041,0.008720662595520054,0.10464795114624065,8.631943240538563e-09,0.00013089544777697775,0.0,-0.04123404106819989,Stage44_VolCap_11pct,volatility_cap_sensitivity,0.11,parameter_free_expected_log_growth,0.11,0.16,0.9,True,False,0,Optimization terminated successfully,2,-0.008720662595520054,0.0,0.016141328500799593,0.11876595893180011
2012-04,2012-03,2012-03,0.0031053509167628785,0.0031053620123084264,2.0668253778422083,-0.0007823427963618013,3.1948776886281843e-06,9.584633065884554e-09,1.5109124818085235e-09,0.24003603027921694,0.5227414460261912,0.23722252369459185,2.6542394995089562e-17,0.0,0.0006181948604560173,0.8455882352941176,1.4227941176470589,1.0745341614906831,1.0948136142625609,0.008965477271711802,0.0005647276793499551,0.0823209095685869,0.00868309902217864,0.10419718826614369,1.4409858182834653e-08,0.00012826711949370415,0.0,-0.04130229934093682,Stage44_VolCap_11pct,volatility_cap_sensitivity,0.11,parameter_free_expected_log_growth,0.11,0.16,0.9,True,False,0,Optimization terminated successfully,2,-0.00868309902217864,0.0,0.027679090431413103,0.11869770065906318
2012-05,2012-04,2012-04,-0.03488866864181898,-0.03426065056680869,1.9947165920941692,-0.035643716539594306,0.2093392046295354,0.0006280176138886062,4.611216804649438e-10,0.4478373661615717,0.3156094721432154,0.23655316169521298,0.0,-0.0,0.002995287288542281,0.2846715328467153,1.1423357664233578,1.06947261663286,1.0043859649122806,0.010691075262012198,0.0010083333333590356,0.11000000000140193,0.009558888144116142,0.1147066577293937,0.0006280204512165384,0.00036166847854630555,0.0,-0.10384728042976663,Stage44_VolCap_11pct,volatility_cap_sensitivity,0.11,parameter_free_expected_log_growth,0.11,0.16,0.9,True,False,0,Optimization terminated successfully,19,-0.009558888144116142,0.0,-1.4019341243454164e-12,0.05615271957023338
2012-06,2012-05,2012-05,-0.008300133191846663,-0.00807699178886704,1.978160178699801,-0.04364800213670983,0.07104057591274668,0.00021312172773824004,1.0019675241384446e-05,0.3741667014766424,0.40062127385185986,0.22521202467149778,0.0,0.0,0.007540228863782164,0.391304347826087,1.1956521739130435,1.5441468253968254,1.436128526645768,0.011090985892502776,0.0010083333342339805,0.1100000000491262,0.010363676322330996,0.12436411586797194,0.0002231429030547892,0.00025893904883378204,0.0,-0.07738103545736563,Stage44_VolCap_11pct,volatility_cap_sensitivity,0.11,parameter_free_expected_log_growth,0.11,0.16,0.9,True,False,0,Optimization terminated successfully,7,-0.010363676322330997,0.0,-4.912620310548732e-11,0.08261896454263437
2012-07,2012-06,2012-06,0.01391079442491765,0.013992004521595065,2.0056779582852524,-0.030344386096574305,0.02706978541909255,8.120935625727765e-05,7.404201369243246e-10,0.3546137401994363,0.4317465953000191,0.21363966450054464,0.0,0.0,0.007705455461826361,0.6834532374100719,1.341726618705036,1.2886297376093294,1.4414032382420972,0.010597687862626317,0.001008333333333806,0.11000000000002579,0.010012308987176357,0.12014770784611628,8.121220878305774e-05,0.00022690444229996078,0.0,-0.07200240489767469,Stage44_VolCap_11pct,volatility_cap_sensitivity,0.11,parameter_free_expected_log_growth,0.11,0.16,0.9,True,False,0,Optimization terminated successfully,16,-0.010012308987176357,0.0,-2.578492974691926e-14,0.08799759510232531
2012-08,2012-07,2012-07,0.018641895392879526,0.018719537147610342,2.04306759697541,-0.012268167575068323,0.025880558281482363,7.764167484444709e-05,7.988636899224258e-11,0.3255405040201627,0.46028530352778313,0.21417419245205416,1.9792719258568961e-19,-0.0,0.007891200641996055,1.3071428571428572,1.6535714285714285,1.2957142857142858,1.417298937784522,0.010784861092367731,0.0010083333359025587,0.11000000014013957,0.01020304946380669,0.12243659356568028,7.764496060976228e-05,0.00019133078958149453,0.0,-0.06313118803258118,Stage44_VolCap_11pct,volatility_cap_sensitivity,0.11,parameter_free_expected_log_growth,0.11,0.16,0.9,True,False,0,Optimization terminated successfully,11,-0.01020304946380669,0.0,-1.4013956661784732e-10,0.09686881196741882
2012-09,2012-08,2012-08,0.026203606698424378,0.026545142181465236,2.096603336744849,0.0,0.11384513591251291,0.00034153540773753874,7.530332019588847e-11,0.43648726146615374,0.3409590017405081,0.22255373679333823,3.86096751365923e-17,-0.0,0.0073339371135829196,0.40425531914893614,1.202127659574468,1.1607642124883504,1.2296793437733036,0.012434659650369162,0.0010083333333333502,0.11000000000000092,0.011588954279306557,0.1390674513516787,0.00034153870439593005,0.00033545171975312587,0.0,-0.10169883371227677,Stage44_VolCap_11pct,volatility_cap_sensitivity,0.11,parameter_free_expected_log_growth,0.11,0.16,0.9,True,False,0,Optimization terminated successfully,14,-0.011588954279306557,0.0,-9.159339953157541e-16,0.058301166287723236
2012-10,2012-09,2012-09,-0.029862540041612706,-0.029677322888016618,2.033993435649927,-0.029862540041612706,0.052919209022833716,0.00015875762706850114,2.6459526527586856e-05,0.39209329140078497,0.3328896978081971,0.275017010791018,2.9620809187029228e-18,-0.0,0.005044414273340874,1.028169014084507,1.5140845070422535,1.0737179487179487,1.3003676470588235,0.01205642982701508,0.001008333333395936,0.11000000000341469,0.011367043222504635,0.13640451867005562,0.00018521993781247682,0.00029331889943630336,0.0,-0.0784019498157481,Stage44_VolCap_11pct,volatility_cap_sensitivity,0.11,parameter_free_expected_log_growth,0.11,0.16,0.9,True,False,0,Optimization terminated successfully,11,-0.011367043222504635,0.0,-3.4146852012639783e-12,0.0815980501842519
2012-11,2012-10,2012-10,-0.00128445245660493,-0.0012613252624628334,2.031380867784788,-0.03110863548530085,0.006607769754884752,1.9823309264654257e-05,3.3038848774423747e-06,0.38367670981258556,0.3384302966965972,0.27789299349081725,8.70068272952677e-19,-0.0,0.007730240270275979,1.1608391608391608,1.5804195804195804,1.0085354896675651,1.280955829109341,0.01211572477947809,0.0010083333333415004,0.11000000000044548,0.011588429416881004,0.13906115300257205,2.3128695926334114e-05,0.00029139160562069135,0.0,-0.07564029300613719,Stage44_VolCap_11pct,volatility_cap_sensitivity,0.11,parameter_free_expected_log_growth,0.11,0.16,0.9,True,False,0,Optimization terminated successfully,8,-0.011588429416881004,0.0,-4.4547698863084406e-13,0.08435970699386282
2012-12,2012-11,2012-11,0.016679278721355377,0.016694878010824775,2.0652628354677995,-0.014948226365845696,0.005199043391447333,1.5597130174342e-05,2.1592950569245327e-09,0.39812026138616763,0.33365866309071607,0.26822107552311636,5.562301744314533e-17,-0.0,0.0066232376150419684,1.2013888888888888,1.6006944444444444,1.0030864197530864,1.0552781740370898,0.011665852777529072,0.0010083333346893022,0.11000000007396193,0.011146085091892754,0.13375302110271303,1.5601018291667845e-05,0.00030123815801775253,0.0,-0.08096325011463051,Stage44_VolCap_11pct,volatility_cap_sensitivity,0.11,parameter_free_expected_log_growth,0.11,0.16,0.9,True,False,0,Optimization terminated successfully,9,-0.011146085091892752,0.0,-7.39619337997155e-11,0.07903674988536949
2013-01,2012-12,2012-12,-0.00751328690947274,-0.0073141055345841395,2.049745923241459,-0.02234920296184395,0.06639370130535782,0.00019918110391607346,2.7097252769655547e-10,0.477129834339265,0.26154151232378775,0.2613286533369473,6.412650773814361e-18,0.0,0.005145437357051928,0.43448275862068964,1.217241379310345,1.0229636048526862,1.0847398030942335,0.012161967243052258,0.001008333333529677,0.11000000001070964,0.011458616510443756,0.13750339812532508,0.00019918406584366324,0.0004115233257528027,0.0,-0.1063314990633674,Stage44_VolCap_11pct,volatility_cap_sensitivity,0.11,parameter_free_expected_log_growth,0.11,0.16,0.9,True,False,0,Optimization terminated successfully,11,-0.011458616510443756,0.0,-1.0709641506956302e-11,0.0536685009366326
2013-02,2013-01,2013-01,0.0033284527136124087,0.003374097679588399,2.056568405621888,-0.019095138513476995,0.015214987008212947,4.564496102463884e-05,4.951351332345701e-12,0.48232225144603047,0.24964664051294266,0.26803110804102687,0.0,-0.0,0.005387889042797641,0.2876712328767123,1.143835616438356,1.0229787234042553,1.003118503118503,0.011251363490627614,0.001008333333584799,0.11000000001371632,0.01070154837746798,0.12841858052961577,4.564844636723299e-05,0.00041907366458830263,0.0,-0.10725184430772246,Stage44_VolCap_11pct,volatility_cap_sensitivity,0.11,parameter_free_expected_log_growth,0.11,0.16,0.9,True,False,0,Optimization terminated successfully,11,-0.01070154837746798,0.0,-1.3716319746670536e-11,0.052748155692277546
2013-03,2013-02,2013-02,-0.0012762329157747839,-0.0010707274755965075,2.0539437453290907,-0.02034700158494962,0.06850159318026444,0.00020550477954079334,6.606374829964956e-10,0.4302840212001211,0.31913745819346784,0.2505785206064111,0.0,-0.0,0.004174176310055557,0.9387755102040817,1.469387755102041,1.092964824120603,1.0140218878248974,0.009959052965944909,0.0010083333342587048,0.1100000000504748,0.009249378687093779,0.11099254424512534,0.00020550761172177746,0.0003256365042804348,0.0,-0.09082333010782526,Stage44_VolCap_11pct,volatility_cap_sensitivity,0.11,parameter_free_expected_log_growth,0.11,0.16,0.9,True,False,0,Optimization terminated successfully,18,-0.009249378687093779,0.0,-5.0474804891287306e-11,0.06917666989217475
2013-04,2013-03,2013-03,-0.03279881891476356,-0.03271995009472417,1.9865768163649307,-0.05247846287927005,0.022534151131558655,6.760245339467596e-05,1.1266366644712365e-05,0.4464270050488516,0.32136004899176507,0.2322129459593834,1.8294519844309816e-18,0.0,0.006418152812561413,0.8445945945945946,1.4222972972972974,1.0037067545304779,1.0016869095816465,0.010911824162042826,0.0010083333387133863,0.11000000029345743,0.010328786696810099,0.12394544036172118,7.887079587603305e-05,0.0003369862411184495,0.0,-0.09941492656379322,Stage44_VolCap_11pct,volatility_cap_sensitivity,0.11,parameter_free_expected_log_growth,0.11,0.16,0.9,True,False,0,Optimization terminated successfully,27,-0.010328786696810099,0.0,-2.93457425026844e-10,0.06058507343620678
2013-05,2013-04,2013-04,-0.0003281112428564989,-4.4943911722521596e-05,1.9859249981766833,-0.052789355348447975,0.08493139966478341,0.00025479419899435027,2.8373132139627054e-05,0.41771489251725863,0.4185327704394841,0.1637523370432573,3.373308712440251e-18,-0.0,0.007229069293112601,0.9463087248322147,1.4731543624161074,1.5683656957928802,1.0418882978723405,0.010169644049149825,0.0010083333419967095,0.1100000004725478,0.009382308546964431,0.11258770256357317,0.00028316883118704,0.0002775618448894028,0.0,-0.0991585681501806,Stage44_VolCap_11pct,volatility_cap_sensitivity,0.11,parameter_free_expected_log_growth,0.11,0.16,0.9,True,False,0,Optimization terminated successfully,8,-0.009382308546964431,0.0,-4.72547792562672e-10,0.0608414318498194
2013-06,2013-05,2013-05,-0.05365652082485493,-0.053645534861516124,1.8793671721554162,-0.10361338302871825,0.0031390241062196358,9.417072318658908e-06,1.568891020150344e-06,0.42988252240768604,0.41530489369406737,0.1548125838982467,5.335139360649094e-19,-0.0,0.004778376283326997,1.12,1.56,1.5894276629570747,1.050786369593709,0.009163501114851848,0.0010083333334089477,0.11000000000412442,0.008648346455459891,0.10378015746551869,1.0987992687483692e-05,0.00028938039908944584,0.0,-0.10487581190420979,Stage44_VolCap_11pct,volatility_cap_sensitivity,0.11,parameter_free_expected_log_growth,0.11,0.16,0.9,True,False,0,Optimization terminated successfully,11,-0.008648346455459891,0.0,-4.124423025331225e-12,0.055124188095790214
2013-07,2013-06,2013-06,0.022205963965254715,0.022530699340443577,1.9211003318577822,-0.08370825411331728,0.10595236935390713,0.0003178571080617214,6.8782671271404725e-06,0.32569771619922505,0.5405786385632084,0.13372364523756647,0.0,-0.0,0.006567804166017109,1.6490066225165563,1.8245033112582782,1.862676056338028,1.02490297542044,0.007608797804232138,0.0010083333335296398,0.11000000001070763,0.00677989426219055,0.08135873114628661,0.0003247368752767681,0.0001762025467165119,0.0,-0.07224322408555373,Stage44_VolCap_11pct,volatility_cap_sensitivity,0.11,parameter_free_expected_log_growth,0.11,0.16,0.9,True,False,0,Optimization terminated successfully,10,-0.00677989426219055,0.0,-1.0707629227724169e-11,0.08775677591444628
2013-08,2013-07,2013-07,0.010531194463949352,0.010752021797529147,1.9413318130373343,-0.07405860755167293,0.07097601527550713,0.0002129280458265214,7.899287753274378e-06,0.40059697941933337,0.4757361117279766,0.12366690885269008,3.8554822176647616e-18,-0.0,0.003776892993455738,0.9342105263157895,1.4671052631578947,1.6942307692307692,1.0401785714285714,0.007399578322082155,0.001008333334230352,0.1100000000489283,0.006674582821299727,0.08009499385559672,0.0002208288336672521,0.00026371056139514614,0.0,-0.10053866287020306,Stage44_VolCap_11pct,volatility_cap_sensitivity,0.11,parameter_free_expected_log_growth,0.11,0.16,0.9,True,False,0,Optimization terminated successfully,12,-0.006674582821299727,0.0,-4.8928305851347886e-11,0.05946133712979694
2013-09,2013-08,2013-08,0.007139068771606554,0.007277777613484778,1.9551911143591156,-0.06744824827250706,0.04623618672330822,0.00013870856016992466,2.8170829870359796e-10,0.4472119965606158,0.42602017852046464,0.12676782491891964,9.911941549540972e-19,0.0,0.0034183715044008196,0.43137254901960786,1.215686274509804,1.670196671709531,1.171383647798742,0.007707031795891421,0.0010083333333643495,0.1100000000016918,0.007064153618537506,0.08476984342245007,0.00013871151067174008,0.000330494429322482,0.0,-0.11663611944582167,Stage44_VolCap_11pct,volatility_cap_sensitivity,0.11,parameter_free_expected_log_growth,0.11,0.16,0.9,True,False,0,Optimization terminated successfully,13,-0.007064153618537506,0.0,-1.691799478287237e-12,0.043363880554178336
2013-10,2013-09,2013-09,0.01078210903835376,0.011000117846655796,1.976272198144956,-0.05739337360147345,0.07266948565082461,0.00021800845695247383,3.5134956281833187e-10,0.3886736651697986,0.4975357917531127,0.11379054307708865,2.7755575615628914e-17,0.0,0.0024091496621903067,1.577922077922078,1.7889610389610389,1.6385991058122205,1.0524844720496895,0.007150279283871033,0.001008333333405205,0.11000000000392028,0.0064281012698331865,0.07713721523799824,0.00021801134733524436,0.0002395304178723442,0.0,-0.09803274209283958,Stage44_VolCap_11pct,volatility_cap_sensitivity,0.11,parameter_free_expected_log_growth,0.11,0.16,0.9,True,False,0,Optimization terminated successfully,14,-0.0064281012698331865,0.0,-3.920280766678275e-12,0.06196725790716043
2013-11,2013-10,2013-10,-0.004510601711485009,-0.0045105953051383235,1.9673580213856432,-0.06164509666376372,1.9783719769141908e-06,5.935115930742572e-09,4.712307552293723e-10,0.3941906652464767,0.49317058313960765,0.11263875161391561,8.091751211185917e-17,-0.0,0.0009913879979067165,1.1419354838709677,1.5709677419354837,1.4322344322344323,1.01316595223515,0.006895788524849098,0.000852868980098021,0.10116534861886382,0.0064693443016781505,0.07763213162013781,9.733121936726526e-09,0.00024392699901592204,0.0,-0.0960741400613773,Stage44_VolCap_11pct,volatility_cap_sensitivity,0.11,parameter_free_expected_log_growth,0.11,0.16,0.9,True,False,0,Optimization terminated successfully,1,-0.0064693443016781505,0.0,0.008834651381136177,0.06392585993862271
2013-12,2013-11,2013-11,-0.0028196392567348206,-0.0028196316054194654,1.9618107814764922,-0.06429091898596007,2.2899913428645706e-06,6.869974028593712e-09,7.81341326812411e-10,0.40042821557524255,0.4935270199903104,0.10604476443444705,7.864087173087517e-17,0.0,0.00027010396959389074,1.0192307692307692,1.5096153846153846,1.339350180505415,1.0178463399879008,0.006371073641147761,0.0008925828926850948,0.10349393563016694,0.005924771381296612,0.07109725657555935,1.0813508601255843e-08,0.0002484622643514716,0.0,-0.09960155788204836,Stage44_VolCap_11pct,volatility_cap_sensitivity,0.11,parameter_free_expected_log_growth,0.11,0.16,0.9,True,False,0,Optimization terminated successfully,1,-0.005924771381296612,0.0,0.006506064369833059,0.060398442117951645
2014-01,2013-12,2013-12,-0.01590665495789676,-0.015816065835085498,1.9306049342828637,-0.07917492047862118,0.02588260651750409,7.764781955251228e-05,1.2941303258752027e-05,0.42327875786431846,0.498093479172751,0.07862776296293064,2.448746196003038e-19,0.0,0.0015923139688700952,1.267515923566879,1.6337579617834395,1.5167140825035563,1.0062724014336917,0.006688013716588065,0.001008333334794024,0.11000000007967403,0.0060932550326600315,0.07311906039192037,9.059201653102177e-05,0.0002737736486588483,0.0,-0.11405947823961333,Stage44_VolCap_11pct,volatility_cap_sensitivity,0.11,parameter_free_expected_log_growth,0.11,0.16,0.9,True,False,0,Optimization terminated successfully,17,-0.0060932550326600315,0.0,-7.967403126141193e-11,0.04594052176038667
2014-02,2014-01,2014-01,0.014920647718419193,0.014920650521791971,1.9594108103907402,-0.0654356138567973,8.960916825577376e-07,2.6882750476732127e-09,1.1509773088099258e-10,0.4085939501425335,0.5075068485423447,0.08389920131512185,0.0,-0.0,0.0018151769790666218,1.0696202531645569,1.5348101265822784,1.2859145059565522,1.0415929203539822,0.006350002660937973,0.0009496330352645869,0.10675015889063137,0.0058751787747383325,0.07050214529686,7.368567347515893e-09,0.0002532539949899123,0.0,-0.10679049045882487,Stage44_VolCap_11pct,volatility_cap_sensitivity,0.11,parameter_free_expected_log_growth,0.11,0.16,0.9,True,False,0,Optimization terminated successfully,1,-0.0058751787747383325,0.0,0.0032498411093686286,0.053209509541175135
2014-03,2014-02,2014-02,-0.0014625551422000256,-0.0014625545249330354,1.9565450640343207,-0.06680246580546811,1.8283872470215012e-07,5.485161741064503e-10,6.875081599855282e-11,0.4087721019657284,0.503087861040988,0.0881400369932837,0.0,-0.0,0.000561933030601248,1.150943396226415,1.5754716981132075,1.113762102351314,1.0224620770128354,0.006262715223380123,0.0009037038179036741,0.1041366689252354,0.005810856769202933,0.06973028123043519,6.545225352608886e-09,0.00025125452847452083,0.0,-0.10604114301325045,Stage44_VolCap_11pct,volatility_cap_sensitivity,0.11,parameter_free_expected_log_growth,0.11,0.16,0.9,True,False,0,Optimization terminated successfully,1,-0.005810856769202933,0.0,0.005863331074764597,0.05395885698674956
2014-04,2014-03,2014-03,-0.003819039394483245,-0.0038190380253466504,1.949072941357692,-0.07036638395139172,3.9118188415593336e-07,1.1735456524678e-09,1.9559094207449724e-10,0.41159412180671984,0.5047849921095078,0.08362088608377245,0.0,-0.0,-2.9787677045915806e-05,1.01875,1.509375,1.200068166325835,1.0331412103746398,0.005929238160527079,0.0008384588591105929,0.10030706011705814,0.005510002013638695,0.06612002416366435,6.717333087731951e-09,0.00025202720724635267,0.0,-0.10791576001950283,Stage44_VolCap_11pct,volatility_cap_sensitivity,0.11,parameter_free_expected_log_growth,0.11,0.16,0.9,True,False,0,Optimization terminated successfully,1,-0.005510002013638695,0.0,0.009692939882941856,0.052084239980497174
2014-05,2014-04,2014-04,0.009148725479477104,0.009148730229610644,1.9669044746376505,-0.061861421201669264,1.3571810115811656e-06,4.0715430347434964e-09,6.785905057940522e-10,0.41044229015282113,0.5083489301811754,0.08120877966600355,0.0,-0.0,-0.0002564302990974007,1.0,1.5,1.0863575268817205,1.0447038724373576,0.005461740242210659,0.0008274203471744796,0.09964458924645007,0.005048021322591996,0.060576255871103955,8.746031423826604e-09,0.0002478196462900655,0.0,-0.1079663192197601,Stage44_VolCap_11pct,volatility_cap_sensitivity,0.11,parameter_free_expected_log_growth,0.11,0.16,0.9,True,False,0,Optimization terminated successfully,1,-0.0050480213225919945,0.0,0.010355410753549926,0.0520336807802399
2014-06,2014-05,2014-05,0.006902241699619621,0.0069022434864501854,1.9804805247216628,-0.055386161983065674,5.10523018568132e-07,1.531569055704396e-09,2.552615092771271e-10,0.41461298963395754,0.50795672001906,0.07743029034698246,0.0,-0.0,-0.0003444282222032674,0.9938271604938271,1.4969135802469136,1.0904572564612327,1.0030951041080474,0.005538448293852975,0.0008411732164980206,0.10046929181583918,0.0051178548220359495,0.061414257864431394,6.863568014228281e-09,0.0002506020838765445,0.0,-0.11043750369345054,Stage44_VolCap_11pct,volatility_cap_sensitivity,0.11,parameter_free_expected_log_growth,0.11,0.16,0.9,True,False,0,Optimization terminated successfully,1,-0.0051178548220359495,0.0,0.009530708184160824,0.049562496306549464
2014-07,2014-06,2014-06,0.016208489078070383,0.01620848980541723,2.0125811216759453,-0.040075398906573856,2.235881789922068e-07,6.707645369766205e-10,5.658230899790997e-11,0.4101081908800498,0.5085643876101409,0.0813274215098093,1.829591166069289e-22,-0.0,-0.00040603812729810457,0.9877300613496932,1.4938650306748467,1.0506535947712419,1.014182424916574,0.005621799825463083,0.0008265887090631044,0.09959450039413448,0.005208498912012204,0.06250198694414645,6.558919325685051e-09,0.00024238343322810453,0.0,-0.1078243171402518,Stage44_VolCap_11pct,volatility_cap_sensitivity,0.11,parameter_free_expected_log_growth,0.11,0.16,0.9,True,False,0,Optimization terminated successfully,1,-0.005208498912012204,0.0,0.010405499605865523,0.052175682859748204
2014-08,2014-07,2014-07,-0.005891146364332044,-0.005891142893313459,2.0007247117180604,-0.045730455230338474,1.0214730566462942e-06,3.0644191699388824e-09,4.0659941489412693e-10,0.41741787475060543,0.5030607104722733,0.07952141477712121,2.775648900402626e-17,-0.0,-0.0022134725333757036,0.774390243902439,1.3871951219512195,1.117590206185567,1.0612637362637363,0.005158162747724271,0.0007800879519264363,0.09675254737275518,0.004768111017533279,0.057217332210399346,7.754227774837392e-09,0.00024944651236767233,0.0,-0.11103124780773058,Stage44_VolCap_11pct,volatility_cap_sensitivity,0.11,parameter_free_expected_log_growth,0.11,0.16,0.9,True,False,0,Optimization terminated successfully,1,-0.004768111017533279,0.0,0.013247452627244818,0.04896875219226943
2014-09,2014-08,2014-08,-0.008457016967885816,-0.008457015558834028,1.9838045488829923,-0.053800728962392186,4.3406261351907117e-07,1.3021878405572136e-09,1.0686394746884874e-10,0.41471718935726687,0.5085035396968438,0.07677927094588938,5.446225218299357e-17,-0.0,-0.0019111641353073564,0.5636363636363636,1.2818181818181817,1.016211061665607,1.0228136882129277,0.004679349868674015,0.0007109261254913233,0.0923640271203886,0.004323880089566237,0.05188656107479484,6.716362116483452e-09,0.00024358012332689586,0.0,-0.1063838934758386,Stage44_VolCap_11pct,volatility_cap_sensitivity,0.11,parameter_free_expected_log_growth,0.11,0.16,0.9,True,False,0,Optimization terminated successfully,1,-0.004323880089566237,0.0,0.017635972879611397,0.053616106524161405
2014-10,2014-09,2014-09,-0.008164366358305667,-0.008164364883094362,1.9676080417626383,-0.06152584645910497,4.792592441724354e-07,1.4377777325173064e-09,3.7433573456279354e-11,0.40354780361236386,0.5193406290600268,0.07711156732760943,5.606695651668964e-17,-0.0,-0.0007952790675735648,1.3072289156626506,1.6536144578313254,1.3707653701380176,1.1439312567132116,0.004690277682462671,0.0008358196311615757,0.10014906676519211,0.00427236107990641,0.05126833295887692,6.786975472564749e-09,0.0002275659925553043,0.0,-0.10224496132692971,Stage44_VolCap_11pct,volatility_cap_sensitivity,0.11,parameter_free_expected_log_growth,0.11,0.16,0.9,True,False,0,Optimization terminated successfully,1,-0.00427236107990641,0.0,0.009850933234807888,0.05775503867307029
2014-11,2014-10,2014-10,0.009674548216408941,0.009674552299655277,1.9866437606336649,-0.05244653301081992,1.1666418105530054e-06,3.4999254316590162e-09,5.83320905279984e-10,0.398022148711942,0.5272382404214434,0.0747396108666146,4.9671500235413174e-17,-0.0,0.0008156630818858488,0.47305389221556887,1.2365269461077844,1.5742115027829313,1.3785145888594164,0.0049801541257591,0.0006632378290159314,0.08921240916033585,0.004648527113260883,0.055782325359130594,8.097990251088977e-09,0.00021893727480304723,0.0,-0.10080658068131373,Stage44_VolCap_11pct,volatility_cap_sensitivity,0.11,parameter_free_expected_log_growth,0.11,0.16,0.9,True,False,0,Optimization terminated successfully,1,-0.004648527113260883,0.0,0.020787590839664152,0.05919341931868627
2014-12,2014-11,2014-11,-0.00957043112230008,-0.009570426568082225,1.9676307233579733,-0.061515028201336475,1.3012051016184328e-06,3.903615304855298e-09,6.506025508126984e-10,0.39791974603891916,0.5244698673627239,0.07761038659835688,4.22088179071732e-17,0.0,0.00039588980720263234,0.5714285714285714,1.2857142857142856,1.755195599022005,1.644170168067227,0.004805120233467839,0.0006382520338525507,0.08751585231391287,0.004485985846434448,0.05383183015721338,8.370107116047505e-09,0.0002169361839123247,0.0,-0.10024867386777939,Stage44_VolCap_11pct,volatility_cap_sensitivity,0.11,parameter_free_expected_log_growth,0.11,0.16,0.9,True,False,0,Optimization terminated successfully,1,-0.004485985846434448,0.0,0.022484147686087128,0.05975132613222062
2015-01,2014-12,2014-12,0.024277235345872835,0.024277237397067136,2.0153993575027047,-0.03873120767241556,5.86055513861217e-07,1.7581665415836512e-09,2.930277569410226e-10,0.3922791760934129,0.5299002068775748,0.07782061702901229,3.3759970194052127e-17,0.0,0.0018441433111564085,1.319526627218935,1.6597633136094676,1.4689384800965017,1.8964174454828662,0.004818444486522756,0.0008124984532191462,0.09874199430146098,0.004412188307280255,0.052946259687363065,6.95263292803727e-09,0.00020897257007602082,0.0,-0.09829709706700945,Stage44_VolCap_11pct,volatility_cap_sensitivity,0.11,parameter_free_expected_log_growth,0.11,0.16,0.9,True,False,0,Optimization terminated successfully,1,-0.004412188307280255,0.0,0.01125800569853902,0.06170290293299055
2015-02,2015-01,2015-01,-0.0010270227734972563,-0.0010270159245584832,2.0133294964648574,-0.039718452613588306,2.1234034498912137e-06,6.370210349673641e-09,4.787284233892974e-10,0.39263407283620183,0.5246693966085627,0.08269653055523542,5.818308260952019e-17,-0.0,0.0024694390398455677,0.6647058823529411,1.3323529411764705,1.436829558998808,1.9306269270298047,0.005559451873463047,0.0006434530311792826,0.08787170405853861,0.005237715264253067,0.0628525831710368,1.0093620339024678e-08,0.00020790127716920035,0.0,-0.0975263018881261,Stage44_VolCap_11pct,volatility_cap_sensitivity,0.11,parameter_free_expected_log_growth,0.11,0.16,0.9,True,False,0,Optimization terminated successfully,1,-0.005237715264253067,0.0,0.022128295941461387,0.06247369811187391
2015-03,2015-02,2015-02,0.012042316928767595,0.012042319849970447,2.0375746483433232,-0.02815443787911387,9.090984142146311e-07,2.7272952426438936e-09,1.9390760996887338e-10,0.3966999932508926,0.5241462700440196,0.07915373670508778,5.73347539973762e-17,0.0,0.0015119651506826108,0.4619883040935672,1.2309941520467835,1.1520329994107248,1.9122137404580153,0.00506595175482485,0.0005622074865076347,0.08213701868275727,0.004784840647668431,0.057418087772021176,7.363902601427006e-09,0.0002104022761023666,0.0,-0.09955375124706684,Stage44_VolCap_11pct,volatility_cap_sensitivity,0.11,parameter_free_expected_log_growth,0.11,0.16,0.9,True,False,0,Optimization terminated successfully,1,-0.004784840647668431,0.0,0.027862981317242727,0.06044624875293317
2015-04,2015-03,2015-03,0.009763893279565884,0.009763908184733943,2.0574693097588965,-0.01866544152634575,4.6814533537002376e-06,1.4044360061100712e-08,8.608080003861817e-10,0.39845063556305527,0.524075474678408,0.07747388975853682,0.0,0.0,0.0021684219229922918,1.1686046511627908,1.5843023255813953,1.1809191390343223,1.8945646703573225,0.005780101158419894,0.0007102794568447857,0.0923220097384011,0.005424944081154957,0.06509932897385948,1.7348842544254086e-08,0.00021037058475468527,0.0,-0.10045344209674384,Stage44_VolCap_11pct,volatility_cap_sensitivity,0.11,parameter_free_expected_log_growth,0.11,0.16,0.9,True,False,0,Optimization terminated successfully,2,-0.005424944081154957,0.0,0.0176779902615989,0.059546557903256164
2015-05,2015-04,2015-04,-0.00457193954294003,-0.004571935359187641,2.048062684463224,-0.023152043799085087,1.2201265772726622e-06,3.6603797318179866e-09,5.233726574072062e-10,0.4118801264410697,0.5150083618683529,0.0731115116905774,0.0,0.0,0.000439652211861006,0.6473988439306358,1.323699421965318,1.2221264367816091,1.607320717131474,0.005152022293686936,0.0006633769315954533,0.08922176404412456,0.004820325543874224,0.057843906526490685,8.284014985450692e-09,0.0002242153626667452,0.0,-0.10623254527185798,Stage44_VolCap_11pct,volatility_cap_sensitivity,0.11,parameter_free_expected_log_growth,0.11,0.16,0.9,True,False,0,Optimization terminated successfully,1,-0.004820325543874224,0.0,0.02077823595587544,0.053767454728142025
2015-06,2015-05,2015-05,-0.01550955749866562,-0.015509555559703207,2.01629813849767,-0.03830252334323725,6.164576300399124e-07,1.8493728901197371e-09,8.958952131544774e-11,0.40253502358107524,0.5197776535569556,0.0776873228619692,2.773267390992483e-17,0.0,0.001215805486213591,1.339080459770115,1.6695402298850575,1.056534090909091,1.5266272189349113,0.005160954418282972,0.0008424988324939312,0.10054842609373443,0.004739698070930442,0.0568763768511653,6.931105564357451e-09,0.00021148239074058743,0.0,-0.10179764293661639,Stage44_VolCap_11pct,volatility_cap_sensitivity,0.11,parameter_free_expected_log_growth,0.11,0.16,0.9,True,False,0,Optimization terminated successfully,1,-0.004739698070930442,0.0,0.009451573906265567,0.058202357063383614
2015-07,2015-06,2015-06,-0.01231536459964462,-0.01231536073357577,1.9914666917804864,-0.05014617840282365,1.1400184242796454e-06,3.420055272838936e-09,4.4601357588465425e-10,0.39565242631907405,0.5270018979634037,0.07734567571752225,2.7157158942429266e-17,-0.0,0.0008020580430350473,0.4057142857142857,1.2028571428571428,1.1346801346801347,1.4539024390243902,0.0044446557962810026,0.000585435011789891,0.0838165863148738,0.00415193029017997,0.04982316348215964,8.000206087355778e-09,0.00020370840031542096,0.0,-0.09575711220432626,Stage44_VolCap_11pct,volatility_cap_sensitivity,0.11,parameter_free_expected_log_growth,0.11,0.16,0.9,True,False,0,Optimization terminated successfully,1,-0.00415193029017997,0.0,0.026183413685126194,0.06424288779567375
2015-08,2015-07,2015-07,-0.011491651986791987,-0.011491651145160006,1.968581449615257,-0.06106156795894291,2.693356137215075e-07,8.080068411645225e-10,3.3625139332645904e-11,0.38815123863944195,0.5357206179410928,0.07612814341946521,2.240617683201386e-17,-0.0,9.736452999387573e-05,1.5738636363636365,1.7869318181818183,1.2433481152993349,1.6706081081081081,0.0032162363216886062,0.000849498358222153,0.10096524302286325,0.0027914805542838344,0.03349776665140601,6.588293695514436e-09,0.00019461776372946735,0.0,-0.09350218975233753,Stage44_VolCap_11pct,volatility_cap_sensitivity,0.11,parameter_free_expected_log_growth,0.11,0.16,0.9,True,False,0,Optimization terminated successfully,1,-0.0027914805542838344,0.0,0.009034756977136751,0.06649781024766248
2015-09,2015-08,2015-08,0.011002877769573496,0.011002878732337646,1.9902415106848232,-0.05073054315804015,2.9395548593187505e-07,8.818664577956252e-10,8.089769066439555e-11,0.37290528870916984,0.5452401134901642,0.08185459780066595,2.3245070594190515e-17,-0.0,0.002229851523750871,1.3389830508474576,1.6694915254237288,1.446027397260274,1.9051600573339704,0.004447105845488714,0.0009075789257844654,0.10435970060044052,0.0039933097800800565,0.04791971736096068,6.602516424475397e-09,0.00017789961342502705,0.0,-0.08739550345106399,Stage44_VolCap_11pct,volatility_cap_sensitivity,0.11,parameter_free_expected_log_growth,0.11,0.16,0.9,True,False,0,Optimization terminated successfully,1,-0.0039933097800800565,0.0,0.005640299399559484,0.07260449654893601
2015-10,2015-09,2015-09,0.02075154731837283,0.02075387944978665,2.0315421015687893,-0.031031733106498094,0.0007701322131522621,2.3103966394567864e-06,2.1734774363411747e-08,0.37613338038160665,0.5446231110500029,0.07924350856839052,2.775557561562892e-17,-0.0,0.0027017319711625746,1.6685393258426966,1.8342696629213484,1.2965872156013,1.7987228003784295,0.004888678608307978,0.0010083333333334042,0.11000000000000386,0.004382178285219915,0.05258613942263898,2.333656421360698e-06,0.0001795134272020066,0.0,-0.08894918856197002,Stage44_VolCap_11pct,volatility_cap_sensitivity,0.11,parameter_free_expected_log_growth,0.11,0.16,0.9,True,False,0,Optimization terminated successfully,4,-0.004382178285219915,0.0,-3.858025010572419e-15,0.07105081143802998
2015-11,2015-10,2015-10,-0.013081258954632982,-0.013081257959059787,2.0049669732609288,-0.04370705792455387,2.844494841255106e-07,8.533484523765319e-10,1.4222474211420075e-10,0.38985426251904165,0.5342845007988721,0.07586123668208619,0.0,-0.0,0.0015335032984418627,1.335195530726257,1.6675977653631286,1.136777301927195,1.7230805243445693,0.004742440577288528,0.000783279048172738,0.09695023763804221,0.004350794440875807,0.05220953329050969,6.612326351913009e-09,0.00019255479502586207,0.0,-0.09411378576839054,Stage44_VolCap_11pct,volatility_cap_sensitivity,0.11,parameter_free_expected_log_growth,0.11,0.16,0.9,True,False,0,Optimization terminated successfully,1,-0.004350794440875808,0.0,0.01304976236195779,0.06588621423160947
2015-12,2015-11,2015-11,0.0017730513710445333,0.0017730526971967062,2.008521882701768,-0.042011501412486774,3.789006208093639e-07,1.1367018624280917e-09,1.8945031039774278e-10,0.38814693924760646,0.5382601477853357,0.07359291296705789,3.733604541578938e-22,-0.0,0.001186839939329123,1.5722222222222222,1.786111111111111,1.258739406779661,1.853896103896104,0.0038516225125305656,0.0007972130676870378,0.09780877676489187,0.003453009245217885,0.04143611094261462,6.733469161629984e-09,0.00019031331827959558,0.0,-0.09396459408432552,Stage44_VolCap_11pct,volatility_cap_sensitivity,0.11,parameter_free_expected_log_growth,0.11,0.16,0.9,True,False,0,Optimization terminated successfully,1,-0.003453009245217885,0.0,0.012191223235108128,0.06603540591567449
2016-01,2015-12,2015-12,0.00031083111022755833,0.00031083608595017156,2.0091461937884847,-0.04171372878388557,1.4216350323267846e-06,4.264905096980354e-09,7.108175162293119e-10,0.382807118081298,0.542120877829574,0.07507200408912792,1.783681504540625e-22,-0.0,0.001956912468551137,1.6740331491712708,1.8370165745856353,1.1099476439790577,1.816574839302112,0.003877019712601581,0.000851895315690528,0.10110758521637403,0.0034510633388324377,0.04141276006598925,8.715923879545818e-09,0.00018303710354785317,0.0,-0.09192802222043443,Stage44_VolCap_11pct,volatility_cap_sensitivity,0.11,parameter_free_expected_log_growth,0.11,0.16,0.9,True,False,0,Optimization terminated successfully,1,-0.0034510633388324377,0.0,0.008892414783625971,0.06807197777956557
2016-02,2016-01,2016-01,0.02321111319875451,0.02321111543132552,2.055780713525356,-0.019470837665875984,6.378774319026892e-07,1.9136322957080676e-09,3.189387159652224e-10,0.37291026837223074,0.5466995978472439,0.08039013378052538,1.5199215933885272e-22,-0.0,0.0021799597437761682,1.2802197802197801,1.64010989010989,1.1586314152410575,1.9378698224852071,0.0038879481930256935,0.0008636868098436261,0.10180491991118855,0.0034560977659803204,0.04147317319176384,7.022123560003859e-09,0.00017166734190097912,0.0,-0.08766718453007198,Stage44_VolCap_11pct,volatility_cap_sensitivity,0.11,parameter_free_expected_log_growth,0.11,0.16,0.9,True,False,0,Optimization terminated successfully,1,-0.0034560977659803204,0.0,0.008195080088811452,0.07233281546992802
2016-03,2016-02,2016-02,0.0030783719028430754,0.003078372827986956,2.0621091711122794,-0.016452404242628282,2.881607854623991e-07,8.644823563871973e-10,6.06615244772013e-11,0.3731596930291572,0.5379269710652866,0.08891333590555626,1.4612538109636552e-22,-0.0,0.0024071484541498896,1.2185792349726776,1.609289617486339,1.6859928168291431,1.9258006314839875,0.00479717500695294,0.0007578335159628554,0.09536247790171072,0.0044182516525374665,0.0530190198304496,6.596434045509591e-09,0.00017145700993123422,0.0,-0.08617858342108457,Stage44_VolCap_11pct,volatility_cap_sensitivity,0.11,parameter_free_expected_log_growth,0.11,0.16,0.9,True,False,0,Optimization terminated successfully,1,-0.0044182516525374665,0.0,0.01463752209828928,0.07382141657891543
2016-04,2016-03,2016-03,0.0052754421974104855,0.005275443029383632,2.072987708849232,-0.011263755752808247,2.6819822757095935e-07,8.045946827128781e-10,2.737846385714171e-11,0.38300161376485603,0.537030996712033,0.07996738952311101,1.4071571635894474e-22,0.0,0.0017032387669366669,1.1358695652173914,1.5679347826086958,1.4015728056823948,1.786511835640911,0.004619140305901493,0.0006315302635682812,0.08705379464916721,0.004303368584322917,0.051640423011875006,6.589794434837258e-09,0.00017909853311117262,0.0,-0.09109439480686003,Stage44_VolCap_11pct,volatility_cap_sensitivity,0.11,parameter_free_expected_log_growth,0.11,0.16,0.9,True,False,0,Optimization terminated successfully,1,-0.004303368584322917,0.0,0.02294620535083279,0.06890560519313997
2016-05,2016-04,2016-04,-0.003373707032133312,-0.003373702892138105,2.0659940556383614,-0.014599462172950162,1.362708836445681e-06,4.088126509337043e-09,5.186869828782717e-11,0.37983025596057995,0.5351816396763664,0.08498810436305364,6.738112548399597e-22,0.0,0.003000254732132,0.654054054054054,1.327027027027027,1.5454317269076305,1.702433628318584,0.005106225039253839,0.0005256196129334108,0.07941936385542842,0.004843406774971517,0.05812088129965821,8.45781561658185e-09,0.00017488272406536432,0.0,-0.0854476424771645,Stage44_VolCap_11pct,volatility_cap_sensitivity,0.11,parameter_free_expected_log_growth,0.11,0.16,0.9,True,False,0,Optimization terminated successfully,1,-0.004843406774971517,0.0,0.030580636144571585,0.0745523575228355
2016-06,2016-05,2016-05,0.016928704895855313,0.01692872257035383,2.1009686593228545,0.0,5.863370133418755e-06,1.7590110400256267e-08,8.438811766042811e-11,0.37838844588827514,0.5385891598681134,0.08302239424361157,0.0,0.0,0.003961409413950124,0.7795698924731183,1.389784946236559,1.163686040735221,1.5927224901359054,0.005579442128357018,0.0005417495680351385,0.08062874683648297,0.0053085462214082155,0.06370255465689859,2.1122931233471117e-08,0.00017187105849110582,0.0,-0.08531128212792685,Stage44_VolCap_11pct,volatility_cap_sensitivity,0.11,parameter_free_expected_log_growth,0.11,0.16,0.9,True,False,0,Optimization terminated successfully,2,-0.0053085462214082155,0.0,0.029371253163517033,0.07468871787207315
2016-07,2016-06,2016-06,0.013126825513006401,0.013353576527207799,2.1285477083220807,0.0,0.07558365909943265,0.00022675097729829796,3.690310010351361e-11,0.4506682320340204,0.4622228613253236,0.08710890664065601,0.0,0.0,0.005842917522591597,0.9625668449197861,1.481283422459893,1.4113022113022113,1.5903169778549717,0.007025492158509902,0.0010083333333358588,0.11000000000013775,0.0062945711197931725,0.07553485343751806,0.00022675437204880015,0.00025174091841903405,0.0,-0.10966892226729337,Stage44_VolCap_11pct,volatility_cap_sensitivity,0.11,parameter_free_expected_log_growth,0.11,0.16,0.9,True,False,0,Optimization terminated successfully,12,-0.0062945711197931725,0.0,-1.377509217803663e-13,0.05033107773270663
2016-08,2016-07,2016-07,0.0009191501994554879,0.0010838043899956474,2.1305041633727355,0.0,0.05488469943796184,0.00016465409831388554,9.222627395067943e-11,0.5140014776656445,0.40253068372888007,0.0834678386054752,1.6739980671333642e-16,0.0,0.006168401475358339,0.7606382978723404,1.3803191489361701,1.1569343065693432,1.6597072750753337,0.0075847841727823,0.0010083333333339418,0.11000000000003318,0.00691596015071476,0.08299152180857712,0.0001646573554005696,0.00033410175349347243,0.0,-0.1360600554408397,Stage44_VolCap_11pct,volatility_cap_sensitivity,0.11,parameter_free_expected_log_growth,0.11,0.16,0.9,True,False,0,Optimization terminated successfully,12,-0.00691596015071476,0.0,-3.3181790648484366e-14,0.023939944559160292
2016-09,2016-08,2016-08,0.009019077515117584,0.009096257277318193,2.149719345568475,0.0,0.025726558060765216,7.717967418229564e-05,8.80183129493488e-11,0.5443671946903288,0.3744576090669046,0.0811751962427666,0.0,0.0,0.005830994337474627,0.6402116402116402,1.32010582010582,1.1826275264677575,1.6212702472293266,0.007621442667706868,0.0010083333334378794,0.11000000000570252,0.007040093060049801,0.0844811167205976,7.718294093812758e-05,0.0003763977824058511,0.0,-0.14954159655059918,Stage44_VolCap_11pct,volatility_cap_sensitivity,0.11,parameter_free_expected_log_growth,0.11,0.16,0.9,True,False,0,Optimization terminated successfully,11,-0.007040093060049801,0.0,-5.7025217881090384e-12,0.010458403449400827
2016-10,2016-09,2016-09,-0.007962534188819344,-0.007633258230894786,2.1326021317830195,-0.007962534188819426,0.09873281235497611,0.0002961984370649283,3.307752085962861e-05,0.4483565757032469,0.40551725312180914,0.14612617117494392,0.0,0.0,0.006461020008740934,1.5947368421052632,1.7973684210526315,1.0512148642210577,1.6123785382340516,0.007134549845114533,0.001008333333335794,0.11000000000013421,0.006301105720476345,0.07561326864571613,0.00032927745797029103,0.0002530100384264814,0.0,-0.09803186837027943,Stage44_VolCap_11pct,volatility_cap_sensitivity,0.11,parameter_free_expected_log_growth,0.11,0.16,0.9,True,False,0,Optimization terminated successfully,8,-0.006301105720476345,0.0,-1.342120858893736e-13,0.06196813162972058
2016-11,2016-10,2016-10,-0.01742602160061049,-0.01729042903988774,2.0954393609690607,-0.025249800496659813,0.045197349892337854,0.00013559204967701356,5.110457386575647e-10,0.49183968609691586,0.35848102928568776,0.14967928461739638,5.350203446804482e-21,-0.0,0.005852032148185765,0.9895287958115183,1.4947643979057592,1.403066037735849,1.6589195979899496,0.006440881882586025,0.0010083333336364257,0.1100000000165323,0.005801120339354979,0.06961344407225975,0.00013559487641283302,0.00030609798208331145,0.0,-0.11107581850928397,Stage44_VolCap_11pct,volatility_cap_sensitivity,0.11,parameter_free_expected_log_growth,0.11,0.16,0.9,True,False,0,Optimization terminated successfully,18,-0.005801120339354979,0.0,-1.653230330411759e-11,0.048924181490716034
2016-12,2016-11,2016-11,0.01802765458492117,0.018230826568567223,2.1332152179722588,-0.007677340593430726,0.06772399328789319,0.00020317197986367957,3.782374080604572e-12,0.43110245508423545,0.42688950178710805,0.1420080431286565,0.0,0.0,0.004633934409872438,1.4635416666666667,1.7317708333333335,1.4852872489490891,1.7453300124533002,0.005311563556598138,0.001008333333333534,0.11000000000001095,0.00460422142133544,0.055250657056025276,0.00020317546859593069,0.00023141082882956822,0.0,-0.09312964239151496,Stage44_VolCap_11pct,volatility_cap_sensitivity,0.11,parameter_free_expected_log_growth,0.11,0.16,0.9,True,False,0,Optimization terminated successfully,12,-0.00460422142133544,0.0,-1.0949574580365606e-14,0.06687035760848505
2017-01,2016-12,2016-12,0.01584836757353443,0.015879022376997374,2.1670231968601406,0.0,0.010218180298051702,3.06545408941551e-05,2.625687891139039e-10,0.42789718144774835,0.4316106415021713,0.14049217705008027,0.0,0.0,0.005000457532253325,1.61139896373057,1.805699481865285,1.2173913043478262,1.317283950617284,0.005753646368362772,0.0010083333335989778,0.1100000000144897,0.005218822189229379,0.06262586627075255,3.0657512333903514e-05,0.00022574545418146353,0.0,-0.09230455928972105,Stage44_VolCap_11pct,volatility_cap_sensitivity,0.11,parameter_free_expected_log_growth,0.11,0.16,0.9,True,False,0,Optimization terminated successfully,10,-0.005218822189229379,0.0,-1.448970110562442e-11,0.06769544071027896
2017-02,2017-01,2017-01,0.007736623801638709,0.00782307583474043,2.183788640103672,0.0,0.02881727858435862,8.645183575307585e-05,1.9734864545317698e-10,0.4656291894665788,0.39617171860239575,0.13819909193102553,0.0,0.0,0.005454620785336523,0.7577319587628866,1.3788659793814433,1.135884509624198,1.3393877551020408,0.006354150829107189,0.0010083333333333834,0.11000000000000272,0.005763529268531588,0.06916235122237906,8.645489390890903e-05,0.00026627967384372573,0.0,-0.10429487716903285,Stage44_VolCap_11pct,volatility_cap_sensitivity,0.11,parameter_free_expected_log_growth,0.11,0.16,0.9,True,False,0,Optimization terminated successfully,11,-0.005763529268531588,0.0,-2.7200464103316335e-15,0.05570512283096715
2017-03,2017-02,2017-02,0.014099297767890534,0.014222945163560307,2.2145785264026303,0.0,0.039891192003174814,0.00011967357600952444,3.973819660248072e-06,0.4265247622570762,0.42596048661604846,0.14751475112687537,6.931958821651584e-18,0.0,0.005318980423052868,1.1282051282051282,1.564102564102564,1.069059518400727,1.17395706763872,0.006306409352496456,0.0010083333333566126,0.11000000000126979,0.005678593789980274,0.06814312547976328,0.0001236488958378761,0.00022265223469249877,0.0,-0.08801318875669832,Stage44_VolCap_11pct,volatility_cap_sensitivity,0.11,parameter_free_expected_log_growth,0.11,0.16,0.9,True,False,0,Optimization terminated successfully,8,-0.005678593789980274,0.0,-1.2697898288394072e-12,0.07198681124330168
2017-04,2017-03,2017-03,0.016322954816962186,0.016475357800304017,2.250726991627715,0.0,0.04466592026624232,0.00013399776079872695,1.8405222543104042e-05,0.3920550492365741,0.4275972326926864,0.18034771807073965,0.0,0.0,0.005351396155715361,1.6785714285714286,1.8392857142857144,1.0092176258992807,1.2136837881219904,0.00645325506028409,0.0010083333334478552,0.11000000000624664,0.0057966839100789,0.0695602069209468,0.00015240448348126333,0.00019733143824835647,0.0,-0.07812789010196584,Stage44_VolCap_11pct,volatility_cap_sensitivity,0.11,parameter_free_expected_log_growth,0.11,0.16,0.9,True,False,0,Optimization terminated successfully,8,-0.005796683910078899,0.0,-6.246642092477828e-12,0.08187210989803416
2017-05,2017-04,2017-04,0.02299584976702942,0.02309303271558675,2.302484371393784,0.0,0.03239330654695591,9.717991964086773e-05,3.0289164605623586e-09,0.4279125487622329,0.3890844894350078,0.18300296180275927,0.0,0.0,0.006472571559963432,1.131979695431472,1.565989847715736,1.0033437360677664,1.2411389884508164,0.0075125738129954356,0.0010083333333591484,0.11000000000140808,0.006911222533746198,0.08293467040495438,9.71846125696637e-05,0.00023190657631222707,0.0,-0.08752134267548925,Stage44_VolCap_11pct,volatility_cap_sensitivity,0.11,parameter_free_expected_log_growth,0.11,0.16,0.9,True,False,0,Optimization terminated successfully,15,-0.006911222533746198,0.0,-1.4080819843442782e-12,0.07247865732451075
2017-06,2017-05,2017-05,0.009505855441646185,0.009663423612105176,2.324371454984903,0.0,0.04501947727399715,0.00013505843182199143,2.2509738636998612e-05,0.39779546744093386,0.38098922691821635,0.2212153056408499,6.4499735153260076e-18,0.0,0.004711669408592953,1.1464646464646464,1.573232323232323,1.008167770419426,1.3981444926964075,0.007097754972392171,0.0010083333333333441,0.11000000000000058,0.006436017724002116,0.07723221268802538,0.00015757058172338295,0.0002170166951694478,0.0,-0.08404038509261559,Stage44_VolCap_11pct,volatility_cap_sensitivity,0.11,parameter_free_expected_log_growth,0.11,0.16,0.9,True,False,0,Optimization terminated successfully,14,-0.006436017724002116,0.0,-5.828670879282072e-16,0.07595961490738441
2017-07,2017-06,2017-06,0.003708985915026546,0.0037809084790536283,2.3329925159727316,0.0,0.02397407110790584,7.192221332371752e-05,3.5070336479003037e-10,0.42872658627519794,0.3538959623113757,0.21737745141342643,0.0,0.0,0.004514727297871892,1.1608040201005025,1.5804020100502512,1.0019676432006996,1.2412915851272015,0.006988518782008139,0.0010083333333454586,0.11000000000066137,0.006412427011133594,0.07694912413360314,7.1925104201815e-05,0.00024333365225442187,0.0,-0.09051500534098213,Stage44_VolCap_11pct,volatility_cap_sensitivity,0.11,parameter_free_expected_log_growth,0.11,0.16,0.9,True,False,0,Optimization terminated successfully,15,-0.006412427011133594,0.0,-6.613737335570136e-13,0.06948499465901788
2017-08,2017-07,2017-07,0.0042317246441139125,0.004332279382113329,2.3428650978971066,0.0,0.033518243746219506,0.00010055473123865852,6.7607586751172735e-12,0.46196109308265926,0.3193316634657877,0.21870724345155312,0.0,0.0,0.004934623915887129,0.955,1.4775,1.0162548764629389,1.3332038834951456,0.007131813213111452,0.0010083333333333346,0.11000000000000007,0.006527088335260827,0.07832506002312993,0.0001005582111839573,0.00027696107295027683,0.0,-0.09897962796411518,Stage44_VolCap_11pct,volatility_cap_sensitivity,0.11,parameter_free_expected_log_growth,0.11,0.16,0.9,True,False,0,Optimization terminated successfully,234,-0.006527088335260827,0.0,-6.938893903907228e-17,0.061020372035884826
2017-09,2017-08,2017-08,0.01004253572484373,0.010239733085390865,2.3663934043412276,0.0,0.06070698401731804,0.00018212095205195412,1.5076408495180869e-05,0.392228940347913,0.34880387771111354,0.2589671819409735,0.0,0.0,0.005926187556097923,1.318407960199005,1.6592039800995027,1.0697424892703862,1.2530792917628946,0.0073916173728911,0.0010083333509609187,0.11000000096150465,0.00669025183679344,0.08028302204152127,0.0001971988606172004,0.00022647631507209169,0.0,-0.0929322566889976,Stage44_VolCap_11pct,volatility_cap_sensitivity,0.11,parameter_free_expected_log_growth,0.11,0.16,0.9,True,False,0,Optimization terminated successfully,8,-0.00669025183679344,0.0,-9.615046536737282e-10,0.0670677433110024
2017-10,2017-09,2017-09,0.010540410859271794,0.010703510529785826,2.391336163077655,0.0,0.04978116922669876,0.00014934350768009628,1.3756162833935687e-05,0.42647170330742507,0.2948861230755895,0.27864217361698546,0.0,0.0,0.005705637623001203,0.7376237623762376,1.368811881188119,1.0219148936170213,1.1852559205500381,0.008089836646149385,0.001008333333856691,0.11000000002854678,0.007422568808621915,0.08907082570346297,0.00016310117059912459,0.0002675620161917314,0.0,-0.10448291964189697,Stage44_VolCap_11pct,volatility_cap_sensitivity,0.11,parameter_free_expected_log_growth,0.11,0.16,0.9,True,False,0,Optimization terminated successfully,11,-0.007422568808621915,0.0,-2.854677605412803e-11,0.05551708035810303
2017-11,2017-10,2017-10,-0.018731257954792274,-0.018564934364874573,2.346543428550424,-0.018731257954792246,0.050091799480145416,0.00015027539844043625,1.6048191477265273e-05,0.3916687068013404,0.3074518177985381,0.30087947540012155,0.0,0.0,0.004228885024732833,1.2758620689655173,1.6379310344827587,1.0282462057335582,1.1638257575757576,0.0074142993707443814,0.001008333333355513,0.1100000000012098,0.006743807614061117,0.0809256913687334,0.0001663250900055075,0.00024760387079383834,0.0,-0.10669225967072068,Stage44_VolCap_11pct,volatility_cap_sensitivity,0.11,parameter_free_expected_log_growth,0.11,0.16,0.9,True,False,0,Optimization terminated successfully,8,-0.006743807614061117,0.0,-1.2097961521462253e-12,0.05330774032927932
2017-12,2017-11,2017-11,0.006659438597436398,0.006687846556247035,2.3621700904290734,-0.012196559019558628,0.009469309509804708,2.8407928529414125e-05,3.0281222834771525e-11,0.39627751777439457,0.30561573583610363,0.29810674638950185,0.0,0.0,0.005836060104855032,0.9362745098039216,1.468137254901961,1.035311324697033,1.1741826381059752,0.007215285392197275,0.001008333333339757,0.11000000000035039,0.006682707384018791,0.08019248860822549,2.8411341508605374e-05,0.00025051581633740846,0.0,-0.10635436530830947,Stage44_VolCap_11pct,volatility_cap_sensitivity,0.11,parameter_free_expected_log_growth,0.11,0.16,0.9,True,False,0,Optimization terminated successfully,11,-0.006682707384018791,0.0,-3.503863865716994e-13,0.053645634691690536
2018-01,2017-12,2017-12,0.01715754867494897,0.017260141970277837,2.4026991387341186,0.0,0.03288167653133933,9.864502959401799e-05,3.94826573484583e-06,0.4299045571755816,0.2789363175295841,0.29115912529483434,0.0,0.0,0.006889096044030442,0.7463414634146341,1.373170731707317,1.0109821798590966,1.1005221932114884,0.007524511855226648,0.0010083333333347792,0.11000000000007887,0.006917750393050931,0.08301300471661116,0.00010259479550832862,0.0002752447274193801,0.0,-0.10805934536387601,Stage44_VolCap_11pct,volatility_cap_sensitivity,0.11,parameter_free_expected_log_growth,0.11,0.16,0.9,True,False,0,Optimization terminated successfully,5,-0.006917750393050931,0.0,-7.886746811180956e-14,0.05194065463612399
2018-02,2018-01,2018-01,-0.035543830552190445,-0.035478683897782894,2.3172980076790592,-0.03554383055219035,0.021715483083856457,6.514644925156938e-05,2.0515598517234501e-10,0.41290192562319034,0.2940519418156791,0.2930461325611306,0.0,-0.0,0.003666002429436542,0.9951456310679612,1.4975728155339807,1.0918241577649959,1.1126943005181347,0.006259391558512607,0.0010083333333345233,0.11000000000006491,0.005690075396182384,0.0682809047541886,6.514949566296163e-05,0.0002585720553496755,0.0,-0.10611253206024776,Stage44_VolCap_11pct,volatility_cap_sensitivity,0.11,parameter_free_expected_log_growth,0.11,0.16,0.9,True,False,0,Optimization terminated successfully,12,-0.005690075396182384,0.0,-6.490641357714821e-14,0.05388746793975224
2018-03,2018-02,2018-02,0.011768857850344075,0.011870427318586781,2.3445699585283197,-0.024193282991071707,0.033855083056186175,0.00010156524916855853,4.2190741466607844e-09,0.35964950388177624,0.33924140784752543,0.3011090882706983,0.0,-0.0,0.004753219026587339,1.3236714975845412,1.6618357487922706,1.0432123929881778,1.209114296214627,0.005518747230829612,0.0010083333333365334,0.11000000000017456,0.0049130094777781195,0.05895611373333744,0.00010157108638322586,0.0002243975994773572,0.0,-0.10160874069264389,Stage44_VolCap_11pct,volatility_cap_sensitivity,0.11,parameter_free_expected_log_growth,0.11,0.16,0.9,True,False,0,Optimization terminated successfully,31,-0.0049130094777781195,0.0,-1.7455481504669024e-13,0.058391259307356114
2018-04,2018-03,2018-03,0.00248513715018823,0.002531564246605625,2.3503965364334736,-0.02176826946722965,0.01547557452425935,4.642672357277805e-05,3.728446167911451e-10,0.35040941774518697,0.3528357326340066,0.29675484962080656,1.0230361554232684e-18,-0.0,0.004911887991577831,1.4855769230769231,1.7427884615384617,1.0183912691996766,1.1715900802334063,0.005934448747994305,0.0010083333333340944,0.11000000000004151,0.005383852481354786,0.06460622977625743,4.6429599972471294e-05,0.0002129147296484639,0.0,-0.0988175248139252,Stage44_VolCap_11pct,volatility_cap_sensitivity,0.11,parameter_free_expected_log_growth,0.11,0.16,0.9,True,False,0,Optimization terminated successfully,13,-0.005383852481354786,0.0,-4.150846333317304e-14,0.06118247518607481
2018-05,2018-04,2018-04,-0.010879780817289797,-0.010879761866361451,2.32482473728336,-0.03241121628394439,6.297036751090614e-06,1.8891110253271843e-08,5.981809372834933e-11,0.35635846407551386,0.35175444872584166,0.2918870871986445,1.0815503145671851e-18,-0.0,0.0036266781407439126,1.4784688995215312,1.7392344497607657,1.0222444889779558,1.2656532754252625,0.005802120187563289,0.0009174336534944333,0.10492475323741866,0.005343380895910942,0.0641205707509313,2.2464905130802397e-08,0.00021296949602067614,0.0,-0.0978445615905672,Stage44_VolCap_11pct,volatility_cap_sensitivity,0.11,parameter_free_expected_log_growth,0.11,0.16,0.9,True,False,0,Optimization terminated successfully,2,-0.005343380895910942,0.0,0.005075246762581337,0.0621554384094328
2018-06,2018-05,2018-05,-0.013088073629048978,-0.012979001593364223,2.294397259947161,-0.04507508952786199,0.036357267015465156,0.00010907180104639548,2.346383606860315e-10,0.38471381163202273,0.32046643443547335,0.2948197539325039,0.0,0.0,0.005327641984394018,1.4190476190476191,1.7095238095238097,1.0137067938021453,1.2463195691202873,0.0066538823847390235,0.0010083333333384822,0.11000000000028085,0.006040640911625258,0.0724876909395031,0.00010907480644452449,0.00023718524218808756,0.0,-0.10270287418362421,Stage44_VolCap_11pct,volatility_cap_sensitivity,0.11,parameter_free_expected_log_growth,0.11,0.16,0.9,True,False,0,Optimization terminated successfully,11,-0.006040640911625258,0.0,-2.8084479186674116e-13,0.05729712581637579
2018-07,2018-06,2018-06,-0.007185880691731057,-0.007124938172863564,2.277909994977746,-0.05193706600407677,0.020314138188089415,6.094241456426824e-05,1.0430322541897989e-10,0.3553681928575438,0.3474411176753521,0.29719068946710425,2.424119137359378e-18,-0.0,0.007380526163022201,1.4644549763033174,1.7322274881516586,1.0141843971631206,1.2293300071275837,0.006691587052026903,0.001008333334732367,0.11000000007631093,0.006126474739879032,0.07351769687854838,6.09456447816882e-05,0.00021431026934140958,0.0,-0.0996300764273564,Stage44_VolCap_11pct,volatility_cap_sensitivity,0.11,parameter_free_expected_log_growth,0.11,0.16,0.9,True,False,0,Optimization terminated successfully,13,-0.006126474739879032,0.0,-7.63109297974296e-11,0.060369923572643605
2018-08,2018-07,2018-07,3.558943893779956e-05,0.00018072999130148548,2.2779910645164185,-0.051903324976178,0.04146876429523769,0.00012440629288571305,2.0734259477972862e-05,0.3986122502126891,0.3505985272840411,0.2507892225032698,0.0,-0.0,0.007432672033780882,1.278301886792453,1.6391509433962264,1.039077764751856,1.2044570215776442,0.006852236061517268,0.0010083333333333398,0.11000000000000035,0.006202926165969729,0.07443511399163676,0.0001451432288808683,0.00022294829878108193,0.0,-0.09071426996365509,Stage44_VolCap_11pct,volatility_cap_sensitivity,0.11,parameter_free_expected_log_growth,0.11,0.16,0.9,True,False,0,Optimization terminated successfully,14,-0.006202926165969729,0.0,-3.469446951953614e-16,0.06928573003634492
2018-09,2018-08,2018-08,0.0019258763967979868,0.002388933483199646,2.2823781937396874,-0.05007740796786697,0.1328401010435961,0.0003985203031307883,6.453678327087101e-05,0.5324478718838782,0.35184127546119504,0.11571085265492682,0.0,-0.0,0.007665960290194051,0.13615023474178403,1.068075117370892,1.023431448489543,1.1678947368421053,0.008173017424890036,0.0010083333338469671,0.1100000000280164,0.0072057921713523775,0.08646950605622852,0.00046305858661417463,0.00032339011364358256,0.0,-0.12525121895690422,Stage44_VolCap_11pct,volatility_cap_sensitivity,0.11,parameter_free_expected_log_growth,0.11,0.16,0.9,True,False,0,Optimization terminated successfully,12,-0.0072057921713523775,0.0,-2.801639475968898e-11,0.03474878104309578
2018-10,2018-09,2018-09,-0.05068513760682354,-0.050591321498276845,2.1666955409191777,-0.09822436526084632,0.03127192080180702,9.381576240542106e-05,3.4614127852954395e-10,0.5039868285840156,0.38139975322445013,0.11461341819153444,1.4216157006101828e-18,-0.0,0.007300800037106556,0.3411214953271028,1.1705607476635513,1.0151864667435602,1.221505751132799,0.0076972400742765165,0.0010083333341000724,0.11000000004182213,0.007099254750704265,0.08519105700845118,9.381865652221528e-05,0.00028524223392271714,0.0,-0.11453550451023323,Stage44_VolCap_11pct,volatility_cap_sensitivity,0.11,parameter_free_expected_log_growth,0.11,0.16,0.9,True,False,0,Optimization terminated successfully,21,-0.007099254750704265,0.0,-4.182212909320526e-11,0.045464495489766776
2018-11,2018-10,2018-10,0.01577555544239081,0.01612864557777569,2.200876366551729,-0.08399835373842168,0.11520845512722819,0.00034562536538168456,7.464770003191872e-06,0.3512657331400989,0.505262318127942,0.1434719487319592,0.0,-0.0,0.012962679402236032,1.1488372093023256,1.5744186046511628,1.1038490853658536,1.372060857538036,0.008420996728436977,0.0010083333349651393,0.11000000008900761,0.0075637384254885615,0.09076486110586274,0.0003530916354658468,0.00014402834702934857,0.0,-0.06427682831583936,Stage44_VolCap_11pct,volatility_cap_sensitivity,0.11,parameter_free_expected_log_growth,0.11,0.16,0.9,True,False,0,Optimization terminated successfully,9,-0.007563738425488561,0.0,-8.900760684049658e-11,0.09572317168416064
2018-12,2018-11,2018-11,-0.0019076416511494185,-0.0018912761764742722,2.1966778831258646,-0.08574575663135164,0.004676332526254976,1.4028997578764929e-05,2.3364770963813384e-06,0.35559477187784927,0.5011644498376955,0.14324077828445522,2.5331421820484555e-18,-0.0,0.010066070042966066,1.4675925925925926,1.7337962962962963,1.0523629489603024,1.9267078613113628,0.007293418691480071,0.001008333335181142,0.11000000010078957,0.0067728848314978635,0.08127461797797436,1.636719239163752e-05,0.00014655900081851379,0.0,-0.06582668597073454,Stage44_VolCap_11pct,volatility_cap_sensitivity,0.11,parameter_free_expected_log_growth,0.11,0.16,0.9,True,False,0,Optimization terminated successfully,10,-0.0067728848314978635,0.0,-1.007895711335749e-10,0.09417331402926546
2019-01,2018-12,2018-12,0.03960154652903833,0.03978138157652811,2.283669724523783,-0.04953987467321741,0.059945013357605686,0.00017983504007281707,7.416965124348864e-12,0.4062561466004134,0.4448331800210011,0.14891067337858543,0.0,-0.0,0.009760882343758834,1.023041474654378,1.511520737327189,1.1859984984984986,1.8978512960436562,0.007651243247539922,0.001008333333333591,0.11000000000001404,0.006967238062806148,0.08360685675367377,0.000179838518066978,0.00019224626681613906,0.0,-0.0803748763940533,Stage44_VolCap_11pct,volatility_cap_sensitivity,0.11,parameter_free_expected_log_growth,0.11,0.16,0.9,True,False,0,Optimization terminated successfully,11,-0.006967238062806148,0.0,-1.404432126150823e-14,0.0796251236059467
2019-02,2019-01,2019-01,-0.0012308975699404279,-0.0012308916096256826,2.28085876100932,-0.050709793731807506,1.7682554207809442e-06,5.304766262342833e-09,6.555484829140301e-10,0.4249264470879346,0.42797874629023985,0.1470948066218256,2.7720036286363942e-17,-0.0,0.002794540560506402,0.5825688073394495,1.2912844036697249,1.0160148975791434,1.5692516085336945,0.005448773773654809,0.0008418663362335029,0.10051067622298655,0.0050278311112089535,0.06033397333450744,9.49432910423971e-09,0.00020913747861292005,0.0,-0.0858787089872942,Stage44_VolCap_11pct,volatility_cap_sensitivity,0.11,parameter_free_expected_log_growth,0.11,0.16,0.9,True,False,0,Optimization terminated successfully,1,-0.0050278311112089535,0.0,0.009489323777013448,0.0741212910127058
2019-03,2019-02,2019-02,-0.005915655841776254,-0.005915652318593404,2.2673659855554886,-0.056325467886058855,1.006623671528941e-06,3.0198710145868228e-09,5.033118357644509e-10,0.42369695194116436,0.42902892355285643,0.14727412450597924,2.9398660140356303e-17,-0.0,0.00199972402561275,1.082191780821918,1.541095890410959,1.0005547337278107,1.370121130551817,0.004919764387273383,0.0009076662249214745,0.1043647196089641,0.004465923488386251,0.053591081860635006,7.786426394514738e-09,0.00020659027407454264,0.0,-0.08550234887440461,Stage44_VolCap_11pct,volatility_cap_sensitivity,0.11,parameter_free_expected_log_growth,0.11,0.16,0.9,True,False,0,Optimization terminated successfully,1,-0.004465923488386251,0.0,0.0056352803910359045,0.0744976511255954
2019-04,2019-03,2019-03,0.011088571774867943,0.011088577841446567,2.2925078360262146,-0.04586146510459865,1.733308178958316e-06,5.1999245368749476e-09,8.666540894930251e-10,0.4160786836918666,0.43543459435679255,0.14848672195134077,5.929143859082236e-17,-0.0,0.0023624206669494254,1.4863636363636363,1.7431818181818182,1.0067889908256882,1.2136652188439694,0.0052009884698983565,0.000993266222878559,0.10917506434411985,0.004704345638007104,0.05645214765608525,9.72045197295858e-09,0.00019816613775917706,0.0,-0.08323280569079805,Stage44_VolCap_11pct,volatility_cap_sensitivity,0.11,parameter_free_expected_log_growth,0.11,0.16,0.9,True,False,0,Optimization terminated successfully,1,-0.004704345638007103,0.0,0.0008249356558801546,0.07676719430920195
2019-05,2019-04,2019-04,-0.019268376253370245,-0.019268366065107168,2.248334932477862,-0.0642461653928027,2.9109323075175637e-06,8.732796922552692e-09,1.455466153779525e-09,0.4194282808249943,0.4319612227210943,0.1486104964539113,9.061149764702599e-17,-0.0,-5.9384999687696826e-05,0.9909502262443439,1.495475113122172,1.0012745812090313,1.3281353682813537,0.004371262418416774,0.0008879511907928481,0.10322506618798642,0.00392727322376661,0.047127278685199316,1.3599253740446973e-08,0.0002002220383368158,0.0,-0.08419346188923366,Stage44_VolCap_11pct,volatility_cap_sensitivity,0.11,parameter_free_expected_log_growth,0.11,0.16,0.9,True,False,0,Optimization terminated successfully,2,-0.00392727322376661,0.0,0.006774933812013578,0.07580653811076635
2019-06,2019-05,2019-05,0.03236978299642111,0.03241196870134639,2.3211130463454435,-0.03395601682849869,0.012053058550079083,3.615917565023725e-05,6.026529275039537e-06,0.38443349101277907,0.4448652471156625,0.17070126187155854,1.0842033869641197e-19,-0.0,0.0021719565265881373,1.4774774774774775,1.7387387387387387,1.03125,1.8448616600790513,0.004976357193116754,0.0010083333333934432,0.11000000000327873,0.0044300023465035894,0.05316002815804308,4.218817991644331e-05,0.00017362375868353876,0.0,-0.07411064512121354,Stage44_VolCap_11pct,volatility_cap_sensitivity,0.11,parameter_free_expected_log_growth,0.11,0.16,0.9,True,False,0,Optimization terminated successfully,9,-0.0044300023465035894,0.0,-3.27872451411082e-12,0.08588935487878646
2019-07,2019-06,2019-06,-0.008864779095654458,-0.008864773265713848,2.30053689193355,-0.04251978333600004,1.6656973174378761e-06,4.997091952313629e-09,8.328486587327315e-10,0.3965556905917157,0.4329092646866481,0.17053504472163636,0.0,-0.0,0.0009317092736551041,1.1434977578475336,1.5717488789237668,1.3726685796269726,1.6765379581151834,0.004731547090548513,0.0008372507586462471,0.10023476993416489,0.00431291239119244,0.05175494869430928,9.320032949668908e-09,0.00018336368754695277,0.0,-0.07731734440221638,Stage44_VolCap_11pct,volatility_cap_sensitivity,0.11,parameter_free_expected_log_growth,0.11,0.16,0.9,True,False,0,Optimization terminated successfully,1,-0.004312912391192439,0.0,0.009765230065835115,0.08268265559778362
2019-08,2019-07,2019-07,0.01449487234493382,0.01449487495779193,2.3338828805069376,-0.02864122982265571,7.465308885651335e-07,2.2395926656954007e-09,3.7326544423399453e-10,0.3791792850097435,0.4430325037032867,0.17778821128696984,1.7456795776962843e-22,-0.0,0.0025435544149568514,1.2901785714285714,1.6450892857142856,1.2019572953736655,1.3957115009746588,0.004945823190789677,0.0007972370368672575,0.09781024712374001,0.004547197415331106,0.05456636898397327,7.257024942643272e-09,0.00016927940081408276,0.0,-0.07279577360224326,Stage44_VolCap_11pct,volatility_cap_sensitivity,0.11,parameter_free_expected_log_growth,0.11,0.16,0.9,True,False,0,Optimization terminated successfully,1,-0.004547197415331106,0.0,0.012189752876259993,0.08720422639775674
2019-09,2019-08,2019-08,0.006423555673849319,0.006423559609513742,2.3488747071261176,-0.022401652683139872,1.1728242801933852e-06,3.518472840580156e-09,4.171915821693517e-10,0.3643844572632119,0.4394919622068718,0.19612358052991624,1.6418744629598877e-22,-0.0,0.0034728257202632216,1.2577777777777779,1.628888888888889,1.3335098870056497,1.4551612903225806,0.005486012069129275,0.0008256123878240986,0.09953566523557866,0.00507319787497091,0.06087837449965092,8.000246315748754e-09,0.0001617280769207563,0.0,-0.06955037378354069,Stage44_VolCap_11pct,volatility_cap_sensitivity,0.11,parameter_free_expected_log_growth,0.11,0.16,0.9,True,False,0,Optimization terminated successfully,1,-0.00507319787497091,0.0,0.010464334764421337,0.09044962621645931
2019-10,2019-09,2019-09,0.0009684720571671591,0.0009684752440829117,2.351149526645756,-0.021454876000630674,9.298930600393226e-07,2.789679180117968e-09,3.9723657242751804e-10,0.3837768107506501,0.4328734006396488,0.18334978860970114,1.6146191952301539e-21,0.0,0.0019143946889731067,0.911504424778761,1.4557522123893805,1.3306451612903225,1.666346153846154,0.004974975011147464,0.0007233610878432583,0.0931683049868307,0.004613286850864439,0.05535944221037327,7.616361395484533e-09,0.0001727554551788723,0.0,-0.07287789575135713,Stage44_VolCap_11pct,volatility_cap_sensitivity,0.11,parameter_free_expected_log_growth,0.11,0.16,0.9,True,False,0,Optimization terminated successfully,1,-0.004613286850864439,0.0,0.016831695013169307,0.08712210424864288
2019-11,2019-10,2019-10,0.002096142986464598,0.0020961469247759703,2.3560778722361637,-0.01940370550202042,1.1252318206089742e-06,3.3756954618269226e-09,5.626159103044871e-10,0.38795028292684,0.428021686664926,0.18402803040823407,1.881790303671096e-21,-0.0,0.0006423137066512005,0.9383259911894273,1.4691629955947136,1.2093913043478262,1.5964047088768694,0.0042107713768406475,0.0006965067811876913,0.09142254303098496,0.003862509988234219,0.04635011985881063,7.998012582951462e-09,0.00017549492630623706,0.0,-0.07397551009909231,Stage44_VolCap_11pct,volatility_cap_sensitivity,0.11,parameter_free_expected_log_growth,0.11,0.16,0.9,True,False,0,Optimization terminated successfully,1,-0.003862509988234219,0.0,0.01857745696901504,0.08602448990090769
2019-12,2019-11,2019-11,0.030250085924846522,0.030250088785118395,2.427349430316937,0.0,8.347562181765245e-07,2.5042686545295733e-09,3.5600321868223266e-10,0.39035978135913707,0.4303505183404768,0.17928970030038627,2.0205739583168995e-21,0.0,0.001256435487331099,1.5219298245614035,1.7609649122807016,1.0419689119170985,1.6233006639266518,0.004134829909055029,0.000816785034835136,0.09900212330057184,0.003726429971289194,0.04471715965547032,7.420348266874122e-09,0.000175144901908623,0.0,-0.0743984711715866,Stage44_VolCap_11pct,volatility_cap_sensitivity,0.11,parameter_free_expected_log_growth,0.11,0.16,0.9,True,False,0,Optimization terminated successfully,1,-0.003726429971289194,0.0,0.010997876699428158,0.0856015288284134
2020-01,2019-12,2019-12,-0.001261842414315013,-0.0012618398599137243,2.4242864978513996,-0.0012618424143151508,7.298289396717729e-07,2.1894868190153188e-09,3.6491446983588643e-10,0.4051318971857668,0.4167973805186816,0.17807072229555165,2.2133624663990388e-21,0.0,0.00018018294515943084,1.6637554585152838,1.8318777292576418,1.1853566529492456,1.2774811557788945,0.004250696993754936,0.0009016498281932309,0.10401825771622389,0.00379986488531358,0.04559837862376296,7.194344740469358e-09,0.00018688459695449222,0.0,-0.07812148531601627,Stage44_VolCap_11pct,volatility_cap_sensitivity,0.11,parameter_free_expected_log_growth,0.11,0.16,0.9,True,False,0,Optimization terminated successfully,1,-0.00379986488531358,0.0,0.005981742283776112,0.08187851468398373
2020-02,2020-01,2020-01,-0.008404861446708626,-0.008404859562779633,2.403910705729832,-0.009656098250363843,5.391754153705195e-07,1.6175262461115583e-09,2.6640274791711685e-10,0.3890803709261033,0.42014425283432294,0.19077537623957372,3.5234647263458114e-21,-0.0,0.0018971017400942966,1.1391304347826088,1.5695652173913044,1.2315287708546134,1.7101404056162246,0.004731212828272042,0.001001364498930005,0.1096192227082461,0.004230523608465175,0.0507662833015821,6.970341865676286e-09,0.00017530830285532873,0.0,-0.0745404375700794,Stage44_VolCap_11pct,volatility_cap_sensitivity,0.11,parameter_free_expected_log_growth,0.11,0.16,0.9,True,False,0,Optimization terminated successfully,1,-0.004230523608465175,0.0,0.00038077729175389763,0.0854595624299206
2020-03,2020-02,2020-02,-0.04859653291219742,-0.04849866139387672,2.2870889800008487,-0.057783378266134,0.03262377004704785,9.787131014114355e-05,2.081795595493247e-10,0.34305020604526326,0.461973079566371,0.19497671438836572,0.0,-0.0,0.004148266926967852,1.1255411255411256,1.5627705627705628,1.739512855209743,1.9024503722084367,0.005787587817654691,0.001008333333504753,0.11000000000935016,0.005185546798823704,0.06222656158588445,9.787435207860995e-05,0.00013984830951174884,0.0,-0.0657576574755225,Stage44_VolCap_11pct,volatility_cap_sensitivity,0.11,parameter_free_expected_log_growth,0.11,0.16,0.9,True,False,0,Optimization terminated successfully,13,-0.005185546798823704,0.0,-9.35015953551499e-12,0.09424234252447751
2020-04,2020-03,2020-03,0.03491476024938154,0.035091119011191815,2.366942143406581,-0.024886110815313778,0.05826480881428322,0.00017479442644284965,1.5643353674246562e-06,0.25981312088124364,0.538066055890499,0.2021208232282573,7.7495048480199e-18,-0.0,0.0058640991873165045,1.9698275862068966,1.9849137931034484,1.920584284754869,1.998305606900801,0.005170906047597771,0.0010083333371940745,0.11000000021058588,0.00449037911684436,0.05388454940213232,0.00017636026215637378,0.00010074820643782764,0.0,-0.05681769387192339,Stage44_VolCap_11pct,volatility_cap_sensitivity,0.11,parameter_free_expected_log_growth,0.11,0.16,0.9,True,False,0,Optimization terminated successfully,7,-0.00449037911684436,0.0,-2.105858820655726e-10,0.1031823061280766
2020-05,2020-04,2020-04,0.030034364425703338,0.030034371174924336,2.43803174631621,0.0,1.928348857135889e-06,5.785046571407667e-09,9.641744285610015e-10,0.2706894191940314,0.5217606339946603,0.20754994681130828,4.2019817361920196e-18,-0.0,0.0009386878307400862,1.9184549356223175,1.9592274678111588,1.8297765921973992,1.9891337618610345,0.0037293967574486366,0.0009407940777779655,0.10625219495773057,0.0032589895366726355,0.039107874440071626,1.0181887018504907e-08,0.0001080025433499069,0.0,-0.05959976453678709,Stage44_VolCap_11pct,volatility_cap_sensitivity,0.11,parameter_free_expected_log_growth,0.11,0.16,0.9,True,False,0,Optimization terminated successfully,1,-0.0032589895366726355,0.0,0.003747805042269431,0.10040023546321292
2020-06,2020-05,2020-05,0.015717278663892536,0.015717283501696416,2.476350970664478,0.0,1.3822296796889366e-06,4.14668903906681e-09,6.911148397709042e-10,0.2785716013067195,0.5106550860702918,0.2107733126229887,0.0,-0.0,0.00018114617783419318,1.8418803418803418,1.9209401709401708,1.55498509440212,1.9498022512929722,0.003969402735204073,0.0007868941733236482,0.09717371084755269,0.0035759470149971857,0.04291136417996623,8.633545063188779e-09,0.00011299431643151543,0.0,-0.061413276342925975,Stage44_VolCap_11pct,volatility_cap_sensitivity,0.11,parameter_free_expected_log_growth,0.11,0.16,0.9,True,False,0,Optimization terminated successfully,2,-0.0035759470149971857,0.0,0.01282628915244731,0.09858672365707402
2020-07,2020-06,2020-06,0.0412317830130243,0.041231809267980424,2.578455336551008,0.0,7.5187386953112795e-06,2.2556216085933838e-08,3.6987400344745697e-09,0.290040803046286,0.5027268547649099,0.20723234218880415,3.6200016322375705e-21,0.0,-0.0005189446424728512,1.748936170212766,1.874468085106383,1.646169023347583,1.919159867029314,0.00378740538577026,0.0008225532717208662,0.09935109088807427,0.00337609943197147,0.04051319318365764,2.9317938356988516e-08,0.00011788018162908835,0.0,-0.06067321119167546,Stage44_VolCap_11pct,volatility_cap_sensitivity,0.11,parameter_free_expected_log_growth,0.11,0.16,0.9,True,False,0,Optimization terminated successfully,2,-0.00337609943197147,0.0,0.01064890911192573,0.09932678880832455
2020-08,2020-07,2020-07,0.0044692077402387525,0.004469222181874994,2.5899789890989817,0.0,4.126181783428718e-06,1.2378545350286154e-08,2.063090891721298e-09,0.29429873770109444,0.4861453699942016,0.21955589230470404,4.648684110808207e-21,0.0,-0.0014739093240895666,0.5889830508474576,1.2944915254237288,1.836598106431603,1.777994596217352,0.0042572847198977005,0.0007135850271038943,0.09253658911612601,0.00390047467090598,0.04680569605087176,1.7535439772835136e-08,0.00012418831019015404,0.0,-0.06474890749056866,Stage44_VolCap_11pct,volatility_cap_sensitivity,0.11,parameter_free_expected_log_growth,0.11,0.16,0.9,True,False,0,Optimization terminated successfully,2,-0.00390047467090598,0.0,0.017463410883873987,0.09525109250943134
2020-09,2020-08,2020-08,-0.006875884236938217,-0.006875873981055547,2.572170593393835,-0.00687588423693819,2.93025219147425e-06,8.790756574422751e-09,1.465126095695488e-09,0.30150181416444694,0.47879997436472005,0.219698211470833,0.0,0.0,-0.0020323085642396685,0.31645569620253167,1.1582278481012658,1.8289559014267187,1.454057279236277,0.0040851029668840435,0.0007952503001171477,0.09768829818051787,0.003687464314319984,0.04424957177183981,1.3502505485668594e-08,0.00012800505383985718,0.0,-0.06558689707927075,Stage44_VolCap_11pct,volatility_cap_sensitivity,0.11,parameter_free_expected_log_growth,0.11,0.16,0.9,True,False,0,Optimization terminated successfully,2,-0.003687464314319984,0.0,0.01231170181948213,0.09441310292072926
2020-10,2020-09,2020-09,-0.016454290430211602,-0.016454279788001878,2.529847351414083,-0.02321703687095078,3.040631350204004e-06,9.121894050612012e-09,1.5203156751297353e-09,0.3061982606111728,0.4865179359914582,0.20728380339736907,2.766651844439462e-17,0.0,-0.0011886890287931729,1.5924369747899159,1.7962184873949578,1.7560386473429952,1.771568336792173,0.004041816453381781,0.0009035300170572125,0.10412665463120646,0.0035900377384644137,0.043080452861572964,1.370638876081582e-08,0.00012612356730776835,0.0,-0.06261834307667674,Stage44_VolCap_11pct,volatility_cap_sensitivity,0.11,parameter_free_expected_log_growth,0.11,0.16,0.9,True,False,0,Optimization terminated successfully,2,-0.0035900377384644137,0.0,0.005873345368793539,0.09738165692332326
2020-11,2020-10,2020-10,0.032185999393440294,0.03218600386788996,2.611273016732193,0.0,1.2784141892874375e-06,3.835242567862312e-09,6.392070946436994e-10,0.3031867277376852,0.4926117561903111,0.2042015160720037,2.4851914207774526e-17,0.0,-9.84016634699443e-05,0.5271966527196653,1.2635983263598327,1.7993284298049248,1.949779086892489,0.003716900939088572,0.0006720932443474452,0.08980600721649605,0.0033808459277071233,0.04057015113248548,8.389207726218882e-09,0.00012395888995505187,0.0,-0.06145689117709395,Stage44_VolCap_11pct,volatility_cap_sensitivity,0.11,parameter_free_expected_log_growth,0.11,0.16,0.9,True,False,0,Optimization terminated successfully,1,-0.0033808459277071233,0.0,0.02019399278350395,0.09854310882290605
2020-12,2020-11,2020-11,0.05336338176094878,0.0533633833472304,2.7506193756061372,0.0,4.5322332070661326e-07,1.35966996211984e-09,2.2661166038105358e-10,0.3393333539002512,0.475922011438788,0.1847446346609608,5.66039769304863e-17,0.0,-0.0022899355493346658,0.3375,1.16875,1.63473149030823,1.8339677891654467,0.00334655367286769,0.0006745506949764738,0.08997004134553727,0.003009271535423372,0.036111258425080464,6.789956081412445e-09,0.0001419661896463582,0.0,-0.06236566581598689,Stage44_VolCap_11pct,volatility_cap_sensitivity,0.11,parameter_free_expected_log_growth,0.11,0.16,0.9,True,False,0,Optimization terminated successfully,1,-0.003009271535423372,0.0,0.020029958654462734,0.09763433418401311
2021-01,2020-12,2020-12,0.01083433683127212,0.010834343624439288,2.780420512416078,0.0,2.0884741368660537e-06,6.2654224105981614e-09,5.277447583245382e-10,0.3653853423144665,0.45064653409344835,0.18396812359208514,5.595339761017919e-17,0.0,-0.003995812830828991,0.5684647302904564,1.284232365145228,1.6970653202903123,1.6172534186790806,0.0031241997214022034,0.0008519664574567629,0.10111180687477182,0.002698206454814429,0.03237847745777315,1.0037859393075904e-08,0.00016112017968439177,0.0,-0.06775640155569276,Stage44_VolCap_11pct,volatility_cap_sensitivity,0.11,parameter_free_expected_log_growth,0.11,0.16,0.9,True,False,0,Optimization terminated successfully,2,-0.002698206454814429,0.0,0.008888193125228178,0.09224359844430724
2021-02,2021-01,2021-01,-0.005372219955803325,-0.0049368800582026,2.7654834818537513,-0.005372219955803392,0.14511312786460193,0.0004353393835938058,5.140069188166062e-10,0.2297137001405086,0.5899630765241082,0.1803232233353833,2.208175340980589e-21,0.0,-0.004913695162491919,0.16942148760330578,1.084710743801653,1.6894604767879549,1.67578125,0.002771000306181458,0.0004760511318611026,0.07558183367935202,0.0020976325303492327,0.025171590364190793,0.00043534220990167397,7.541845517096434e-05,0.0,-0.046757122254492356,Stage44_VolCap_11pct,volatility_cap_sensitivity,0.11,parameter_free_expected_log_growth,0.11,0.16,0.9,True,False,0,Optimization terminated successfully,10,-0.0020976325303492327,0.0,0.03441816632064798,0.11324287774550765
2021-03,2021-02,2021-02,-0.0038588341848506892,-0.0038588204256294577,2.754811939656334,-0.009210323634640027,4.380981532478568e-06,1.3142944597435705e-08,6.162766341688543e-10,0.24044909402032222,0.5898490886117256,0.16970181736795226,7.283114557498123e-22,0.0,-0.004542811635932661,0.24279835390946503,1.1213991769547325,1.710165263486124,1.7359712230215827,0.002929850679196464,0.0005245902626701191,0.07934156005550577,0.002667539177844669,0.03201047013413603,1.6370016735196744e-08,7.682480658345552e-05,0.0,-0.04530125218159817,Stage44_VolCap_11pct,volatility_cap_sensitivity,0.11,parameter_free_expected_log_growth,0.11,0.16,0.9,True,False,0,Optimization terminated successfully,2,-0.002667539177844669,0.0,0.03065843994449423,0.11469874781840184
2021-04,2021-03,2021-03,0.004989108127333157,0.004989150327477179,2.7685559942937483,-0.0042671668078076985,1.3862796014216287e-05,4.158838804264886e-08,6.117559804009006e-10,0.24012317544085052,0.5904769086775002,0.16939991588164938,7.541229501026826e-20,0.0,-0.004438437746977155,0.21721311475409835,1.1086065573770492,1.4438080495356038,1.8018867924528301,0.002890328159491729,0.000464609669933003,0.07466803894033937,0.002657978797759423,0.031895745573113074,4.452676580464134e-08,7.624846057121168e-05,0.0,-0.045190233063171416,Stage44_VolCap_11pct,volatility_cap_sensitivity,0.11,parameter_free_expected_log_growth,0.11,0.16,0.9,True,False,0,Optimization terminated successfully,4,-0.002657978797759423,0.0,0.03533196105966063,0.1148097669368286
2021-05,2021-04,2021-04,0.012162010848885359,0.012162021646145544,2.8022272023320953,0.0,3.1816143128971354e-06,9.544842938691406e-09,1.252417245786691e-09,0.24133158561441206,0.5854144909317441,0.1732539234538438,0.0,0.0,-0.0021280944952931425,0.12653061224489795,1.063265306122449,1.265990159901599,1.6248579545454547,0.0034558210961955277,0.00039135838601554317,0.0685295602801194,0.0032601281952100653,0.03912153834252079,1.3707977691104014e-08,7.745435750157033e-05,0.0,-0.0454420800817696,Stage44_VolCap_11pct,volatility_cap_sensitivity,0.11,parameter_free_expected_log_growth,0.11,0.16,0.9,True,False,0,Optimization terminated successfully,2,-0.0032601281952100657,0.0,0.0414704397198806,0.1145579199182304
2021-06,2021-05,2021-05,-0.013720776408448144,-0.013140555635731658,2.7637784694432255,-0.013720776408448154,0.16577736363328122,0.0004973320908998437,8.28886818166406e-05,0.07553470455947416,0.5777276105541171,0.3467376848864087,0.0,0.0,-0.0019642331477567705,0.3699186991869919,1.184959349593496,1.3768337408312958,1.4738700564971752,0.004839965679344801,0.0006893791089371884,0.09095355577021857,0.003915053525263967,0.046980642303167605,0.0005802225996122404,0.00011020235933407683,0.0,-0.09708305954853698,Stage44_VolCap_11pct,volatility_cap_sensitivity,0.11,parameter_free_expected_log_growth,0.11,0.16,0.9,True,False,0,Optimization terminated successfully,13,-0.003915053525263967,0.0,0.019046444229781426,0.06291694045146302
2021-07,2021-06,2021-06,0.016496480866464117,0.016496490171748618,2.809371088083541,0.0,2.658652714288001e-06,7.975958142864004e-09,1.329326357130123e-09,0.07860557541791374,0.5871462263878562,0.3342481981942301,2.9757414873242307e-22,0.0,-0.0016856542238753395,0.07692307692307693,1.0384615384615385,1.3664238008500305,1.4365524985962943,0.005062413699977169,0.0006947199119755588,0.09130519669606274,0.004715041150348339,0.05658049380418007,1.2593641049835733e-08,0.0001027813568230746,0.0,-0.09228612783824237,Stage44_VolCap_11pct,volatility_cap_sensitivity,0.11,parameter_free_expected_log_growth,0.11,0.16,0.9,True,False,0,Optimization terminated successfully,2,-0.004715041150348339,0.0,0.01869480330393726,0.06771387216175763
2021-08,2021-07,2021-07,0.001968595892684407,0.0019686205414120176,2.814901604468569,0.0,7.0424936030044635e-06,2.1127480809013392e-08,3.521246801502232e-09,0.07525984913528336,0.584372640737447,0.3403675101272697,1.9915748799251044e-21,0.0,0.0008903952476025564,0.2862903225806452,1.1431451612903225,1.2962292609351433,1.440552609545074,0.0058482075478452555,0.0006227557146209646,0.08644691189077593,0.005536802272612312,0.06644162727134774,2.7417922462193556e-08,0.0001058881426677683,0.0,-0.09455306847491293,Stage44_VolCap_11pct,volatility_cap_sensitivity,0.11,parameter_free_expected_log_growth,0.11,0.16,0.9,True,False,0,Optimization terminated successfully,2,-0.005536802272612312,0.0,0.023553088109224074,0.06544693152508707
2021-09,2021-08,2021-08,-0.015302103055146664,-0.015302067135151337,2.771827690026893,-0.015302103055146676,1.0262855807463557e-05,3.078856742239067e-08,5.131427903731777e-09,0.07379005332860385,0.5830006857392179,0.34320926093217824,0.0,0.0,0.0005130235485061401,1.2771084337349397,1.6385542168674698,1.3269403655978425,1.5044382801664355,0.005779617727228199,0.0006861812956053792,0.09074235806537402,0.005436489139186597,0.06523786967023917,3.794023891112284e-08,0.00010705550388185353,0.0,-0.09560837925170274,Stage44_VolCap_11pct,volatility_cap_sensitivity,0.11,parameter_free_expected_log_growth,0.11,0.16,0.9,True,False,0,Optimization terminated successfully,2,-0.005436489139186598,0.0,0.01925764193462598,0.06439162074829727
2021-10,2021-09,2021-09,-0.006013973886009782,-0.006013960346781,2.7551579906825525,-0.021224050492981816,3.868351080307811e-06,1.1605053240923431e-08,1.934175540146968e-09,0.0714231239972266,0.5842981684787183,0.3442787075240551,5.571913015282516e-21,-0.0,0.00019986016539014738,1.468,1.734,1.4669446098868373,1.6373414230557088,0.005499722085365522,0.0008721085007722879,0.10230005869630503,0.005063651799268698,0.06076382159122437,1.6035710680136228e-08,0.0001083411355287754,0.0,-0.09592114544417725,Stage44_VolCap_11pct,volatility_cap_sensitivity,0.11,parameter_free_expected_log_growth,0.11,0.16,0.9,True,False,0,Optimization terminated successfully,2,-0.005063651799268698,0.0,0.007699941303694974,0.06407885455582275
2021-11,2021-10,2021-10,0.008730632333815583,0.00873064339319346,2.779212262120776,-0.01267871754065475,3.159822250700574e-06,9.479466752101723e-09,1.5799111253571823e-09,0.07053049278198428,0.5793318837512758,0.35013762346673993,2.7587388004659445e-17,-0.0,-8.88860523778662e-05,1.302788844621514,1.6513944223107568,1.3863569103284996,1.6195503153276665,0.0051030553435854435,0.0008079657992718177,0.09846618501425661,0.004699058691519236,0.05638870429823083,1.3752430298666914e-08,0.00011164207089366483,0.0,-0.09819268122617594,Stage44_VolCap_11pct,volatility_cap_sensitivity,0.11,parameter_free_expected_log_growth,0.11,0.16,0.9,True,False,0,Optimization terminated successfully,2,-0.004699058691519236,0.0,0.011533814985743393,0.06180731877382406
2021-12,2021-11,2021-11,0.008167277669371566,0.008167300400960295,2.8019108603676384,-0.004614990477929348,6.494739636791965e-06,1.9484218910375895e-08,3.2473698184237033e-09,0.06705240801634894,0.5844554843210819,0.3484921076625692,5.096617485809083e-17,-0.0,0.0015672447577538065,1.757936507936508,1.878968253968254,1.5398529411764705,1.964422028353326,0.005536998652023059,0.0009254010272988958,0.10537937334975356,0.0050742730577699865,0.060891276693239835,2.5080603624908646e-08,0.00010994424097582238,0.0,-0.09738260507518469,Stage44_VolCap_11pct,volatility_cap_sensitivity,0.11,parameter_free_expected_log_growth,0.11,0.16,0.9,True,False,0,Optimization terminated successfully,2,-0.005074273057769986,0.0,0.004620626650246443,0.06261739492481531
2022-01,2021-12,2021-12,-0.005755226571686864,-0.005389752418787418,2.7857852285325526,-0.010343656733789564,0.10442118654269889,0.00031326355962809667,5.221059327134939e-05,0.05863983928909386,0.48562968499981224,0.4557304757110939,5.117137792600042e-19,-0.0,-0.00010130217706067833,1.7193675889328064,1.8596837944664033,1.255039439088519,1.7447846112164727,0.006161769860740798,0.0010083333333365647,0.11000000000017625,0.005292127541094581,0.06350553049313498,0.0003654756529779344,0.0001899231492618247,0.0,-0.14044532499514953,Stage44_VolCap_11pct,volatility_cap_sensitivity,0.11,parameter_free_expected_log_growth,0.11,0.16,0.9,True,False,0,Optimization terminated successfully,12,-0.005292127541094581,0.0,-1.762479051592436e-13,0.019554675004850475
2022-02,2022-01,2022-01,0.021656039831468216,0.02184340427397262,2.8461143044035695,0.0,0.05353269785840138,0.00016059809357520414,2.6766348929200655e-05,0.08471675334471387,0.5047251706701835,0.41055807598510263,0.0,-0.0,0.0005602128944226668,0.421259842519685,1.2106299212598426,1.441185013069997,1.7359202371328482,0.006079511385210916,0.001008333333333805,0.11000000000002572,0.005387978775963853,0.06465574531156623,0.00018736594258016062,0.0001524434879381009,0.0,-0.1234381013490847,Stage44_VolCap_11pct,volatility_cap_sensitivity,0.11,parameter_free_expected_log_growth,0.11,0.16,0.9,True,False,0,Optimization terminated successfully,11,-0.005387978775963853,0.0,-2.5715540807880188e-14,0.0365618986509153
2022-03,2022-02,2022-02,-0.003424062992313056,-0.0031904531862005964,2.8363690297419684,-0.003424062992313126,0.0667456991955568,0.0002002370975866704,3.33727085257893e-05,0.0823436503246123,0.5591249567718382,0.35853118638706827,2.0651648124703842e-07,-0.0,-0.00030817152905985207,1.603921568627451,1.8019607843137255,1.727469670710572,1.892627345844504,0.005952943591902522,0.001008333334032238,0.11000000003812208,0.005215164506027344,0.06258197407232813,0.00023361241885905946,0.00011550964396010992,0.0,-0.10128283576796253,Stage44_VolCap_11pct,volatility_cap_sensitivity,0.11,parameter_free_expected_log_growth,0.11,0.16,0.9,True,False,0,Optimization terminated successfully,14,-0.005215164506027344,0.0,-3.8122074941249195e-11,0.058717164232037475
2022-04,2022-03,2022-03,-0.007119586001536642,-0.007032774829301347,2.8161752565026252,-0.010519271082901294,0.024803384260064145,7.441015278019244e-05,1.2401019455102555e-05,0.08328371393482378,0.5767594230960972,0.33995542313793414,1.4398311449473755e-06,0.0,-0.0015154374801319454,1.61328125,1.806640625,1.6862266857962698,1.9195310418332001,0.005520682799039299,0.0010083333333351593,0.1100000000000996,0.004929703098897889,0.059156437186774664,8.68130334738303e-05,0.00010364574534353205,0.0,-0.09384512376778587,Stage44_VolCap_11pct,volatility_cap_sensitivity,0.11,parameter_free_expected_log_growth,0.11,0.16,0.9,True,False,0,Optimization terminated successfully,16,-0.004929703098897889,0.0,-9.960088309668436e-14,0.06615487623221414
2022-05,2022-04,2022-04,-0.008648361100028592,-0.008639830410135288,2.7918199559634247,-0.01907665772809597,0.0024375612078543487,7.312683623563046e-06,1.2180062697411475e-06,0.07908875049512104,0.5743452378784075,0.3465660116264714,0.0,0.0,-0.0010367248903712712,1.6536964980544746,1.8268482490272373,1.66376604850214,1.888815266366287,0.005738977670301962,0.0010083333333460503,0.11000000000069365,0.005226279039330532,0.06271534847196639,8.53196429840444e-06,0.00010705330237928037,0.0,-0.09627855013759616,Stage44_VolCap_11pct,volatility_cap_sensitivity,0.11,parameter_free_expected_log_growth,0.11,0.16,0.9,True,False,0,Optimization terminated successfully,9,-0.005226279039330533,1.1102230246251565e-16,-6.9365346799799e-13,0.06372144986240384
2022-06,2022-05,2022-05,-0.012149835640333681,-0.012103675774876494,2.7578998023610657,-0.03099471511246632,0.013188532987767568,3.956559896330271e-05,6.594266493883801e-06,0.06627476416003715,0.5794795999753944,0.35424563586456836,3.5573848904245493e-17,0.0,-0.000763834011577209,1.7403100775193798,1.87015503875969,1.4712138400453771,1.8562203479177648,0.005685067904363825,0.001008333333334195,0.110000000000047,0.005134739220898557,0.06161687065078269,4.6162016798170266e-05,0.00011117315146486256,0.0,-0.0987534971203198,Stage44_VolCap_11pct,volatility_cap_sensitivity,0.11,parameter_free_expected_log_growth,0.11,0.16,0.9,True,False,0,Optimization terminated successfully,19,-0.005134739220898557,0.0,-4.7004067305067565e-14,0.0612465028796802
2022-07,2022-06,2022-06,0.010791422660624848,0.010803514332043632,2.787661464783998,-0.02053776952286568,0.0034548284652849465,1.036448539585484e-05,1.7271860229293623e-06,0.06256504093740903,0.5799763198542232,0.3574586392083679,0.0,-0.0,0.0026639784344173107,1.6023166023166022,1.801158301158301,1.6508316887510572,1.8429882044560943,0.005564474348787155,0.0010083333333756456,0.11000000000230793,0.005048213545949857,0.06057856255139828,1.2094136149476143e-05,0.00011327913595271176,0.0,-0.09986553189386257,Stage44_VolCap_11pct,volatility_cap_sensitivity,0.11,parameter_free_expected_log_growth,0.11,0.16,0.9,True,False,0,Optimization terminated successfully,7,-0.005048213545949857,0.0,-2.3079316235907754e-12,0.06013446810613743
2022-08,2022-07,2022-07,-0.021007112177898232,-0.0210071055724844,2.7291007476792766,-0.04111344247251314,1.8872610953388214e-06,5.661783286016464e-09,9.436305476728801e-10,0.06439761727075846,0.5825829655823027,0.35301941714693885,0.0,-0.0,0.0012941180756888399,1.873076923076923,1.9365384615384615,1.4112699747687132,1.7964797913950457,0.005046738308142992,0.0008714910885795284,0.10226384044692602,0.004610982749283945,0.05533179299140734,1.001456928320733e-08,0.00010998602354562725,0.0,-0.09817717301226883,Stage44_VolCap_11pct,volatility_cap_sensitivity,0.11,parameter_free_expected_log_growth,0.11,0.16,0.9,True,False,0,Optimization terminated successfully,1,-0.004610982749283945,0.0,0.007736159553073982,0.06182282698773117
2022-09,2022-08,2022-08,0.0053619667608499405,0.0053619712098591545,2.7437340951753435,-0.03597192462362497,1.3490106640229316e-06,4.047031992068795e-09,4.0197722214752043e-10,0.06479053951441757,0.5788854185851309,0.3563240419004516,0.0,-0.0,-0.0013560965425300274,0.8620689655172413,1.4310344827586206,1.4604456824512535,1.879860031104199,0.003988572590811236,0.0008796888616624139,0.1027436924582184,0.0035487198665845056,0.042584638399014066,8.29339552327878e-09,0.00011369501999936663,0.0,-0.09951502913432697,Stage44_VolCap_11pct,volatility_cap_sensitivity,0.11,parameter_free_expected_log_growth,0.11,0.16,0.9,True,False,0,Optimization terminated successfully,1,-0.0035487198665845056,0.0,0.007256307541781595,0.06048497086567303
2022-10,2022-09,2022-09,-0.006196726879836612,-0.006023507996976497,2.7267319243566464,-0.04194574331122691,0.049491109388604355,0.00014847332816581306,2.4745554694302204e-05,0.0580997683864209,0.617922044907398,0.323978186706181,0.0,-0.0,0.0003912012181461111,1.8435114503816794,1.9217557251908397,1.6460814178897811,1.9104150554266563,0.004075496653667563,0.0010083333333475969,0.110000000000778,0.0033981094235471165,0.040777313082565395,0.00017322056344664844,9.427346551870454e-05,0.0,-0.08622350282603505,Stage44_VolCap_11pct,volatility_cap_sensitivity,0.11,parameter_free_expected_log_growth,0.11,0.16,0.9,True,False,0,Optimization terminated successfully,16,-0.003398109423547117,0.0,-7.780026622938863e-13,0.07377649717396495
2022-11,2022-10,2022-10,0.008136078375364942,0.008275384624038526,2.7489168290018218,-0.03415093879095499,0.04643537745133877,0.00013930613235401632,1.1631956614577277e-10,0.01518047081508597,0.6655382392394188,0.3192812899454953,0.0,-0.0,-0.0048359887733638324,1.950570342205323,1.9752851711026616,1.556442731277533,1.8121794871794872,0.004515987581414722,0.0010083333333457101,0.1100000000006751,0.00387251157790638,0.04647013893487656,0.00013930933683548675,9.354740776057235e-05,0.0,-0.08310384124433332,Stage44_VolCap_11pct,volatility_cap_sensitivity,0.11,parameter_free_expected_log_growth,0.11,0.16,0.9,True,False,0,Optimization terminated successfully,12,-0.00387251157790638,0.0,-6.750988656989421e-13,0.07689615875566669
2022-12,2022-11,2022-11,0.008393856368172753,0.008450920344851771,2.771990842032516,-0.026043740497831758,0.016303993336862454,4.8911980010587364e-05,8.151996668431193e-06,0.0,0.6739738691273042,0.3260261308726959,7.299306422963933e-19,-0.0,-0.006131635960113868,1.9507575757575757,1.9753787878787878,1.3098822885299755,1.7819433817903596,0.004656106381166215,0.000966681708402545,0.10770413409349959,0.0041156989845993934,0.049388387815192725,5.7066542365548515e-05,9.898354807157842e-05,0.0,-0.08550434196966383,Stage44_VolCap_11pct,volatility_cap_sensitivity,0.11,parameter_free_expected_log_growth,0.11,0.16,0.9,True,False,0,Optimization terminated successfully,9,-0.0041156989845993934,0.0,0.0022958659065004106,0.07449565803033617
2023-01,2022-12,2022-12,0.02649522143355759,0.026502424490834668,2.8454353532039613,-0.00023855373572234662,0.0020580163648798726,6.1740490946396175e-06,1.0290081824399782e-06,0.0,0.6738580201050755,0.3261419798949245,0.0,-0.0,-0.004296972725748194,0.07169811320754717,1.0358490566037737,1.389493739793141,1.6683155758498223,0.004626229467785214,0.0010083333333346424,0.1100000000000714,0.00411485674299048,0.04937828091588576,7.206058127412919e-06,9.85574720412286e-05,0.0,-0.08478645060192068,Stage44_VolCap_11pct,volatility_cap_sensitivity,0.11,parameter_free_expected_log_growth,0.11,0.16,0.9,True,False,0,Optimization terminated successfully,3,-0.00411485674299048,0.0,-7.140121827120538e-14,0.07521354939807932
2023-02,2023-01,2023-01,-0.005330142257198605,-0.0053301395993514845,2.830268777987722,-0.005567424467573523,7.593848914411172e-07,2.2781546743233517e-09,3.796924457344364e-10,0.0,0.67660430025109,0.3233956997489101,0.0,-0.0,-0.006999809449469954,0.03383458646616541,1.0169172932330828,1.3374390904168922,1.5914941948510855,0.0045572457328656585,0.00081443758401621,0.09885975423899515,0.0041500195460707195,0.049800234552848634,7.394786833692788e-09,9.651131034769821e-05,0.0,-0.08389189350504316,Stage44_VolCap_11pct,volatility_cap_sensitivity,0.11,parameter_free_expected_log_growth,0.11,0.16,0.9,True,False,0,Optimization terminated successfully,1,-0.0041500195460707195,0.0,0.01114024576100485,0.07610810649495685
2023-03,2023-02,2023-02,0.03500358925995327,0.03500359204190284,2.929338343787674,0.0,7.948427367399091e-07,2.3845282102197276e-09,3.974213683699546e-10,0.0,0.668340109287472,0.33165989071252805,0.0,-0.0,-0.009187128044125534,0.06367041198501873,1.0318352059925093,1.2131699434419607,1.4991208239135896,0.004263520043473277,0.0007398994170753308,0.09422734743642086,0.003893562864002436,0.04672275436802924,7.470933175279553e-09,0.00010087333208973467,0.0,-0.08671631258958949,Stage44_VolCap_11pct,volatility_cap_sensitivity,0.11,parameter_free_expected_log_growth,0.11,0.16,0.9,True,False,0,Optimization terminated successfully,1,-0.003893562864002436,0.0,0.01577265256357914,0.07328368741041051
2023-04,2023-03,2023-03,0.014269974447468626,0.014305899541290346,2.9711399271015138,0.0,0.010264312520491509,3.079293756147453e-05,5.132156260245795e-06,2.3553235342882485e-18,0.6698437054541478,0.33015629454585216,1.5697638094990321e-18,-0.0,-0.008645096252806093,1.8395522388059702,1.919776119402985,1.4839400428265526,1.6439810189810191,0.00460932404365557,0.0010083333333549226,0.11000000000117759,0.004069229282985895,0.048830751395830735,3.592809399221397e-05,9.95178198043926e-05,0.0,-0.0861735173483399,Stage44_VolCap_11pct,volatility_cap_sensitivity,0.11,parameter_free_expected_log_growth,0.11,0.16,0.9,True,False,0,Optimization terminated successfully,5,-0.004069229282985895,0.0,-1.177585806644288e-12,0.0738264826516601
2023-05,2023-04,2023-04,-0.015143277148880004,-0.015143273195839291,2.9261471317373124,-0.015143277148879974,1.129440203112566e-06,3.388320609337698e-09,5.647201015424033e-10,2.3466947401062227e-18,0.66260818755608,0.33739181244392,1.5021571746170376e-18,0.0,-0.007873908402305677,1.1189591078066914,1.5594795539033457,1.410652463382157,1.5054685558041263,0.0047705723202328305,0.0008823227320303026,0.10289738958964717,0.004329402674394684,0.051952832092736205,8.279822995316738e-09,0.00010319844169003239,0.0,-0.08879368888447556,Stage44_VolCap_11pct,volatility_cap_sensitivity,0.11,parameter_free_expected_log_growth,0.11,0.16,0.9,True,False,0,Optimization terminated successfully,1,-0.004329402674394684,0.0,0.00710261041035283,0.07120631111552445
2023-06,2023-05,2023-05,-0.010038774289513495,-0.010038768740945976,2.8967722011438943,-0.025030031497092264,1.5853050054914794e-06,4.755915016474438e-09,7.926525027457385e-10,2.4669762748080466e-18,0.6672690456676817,0.3327309543323183,1.3781016797814884e-18,0.0,-0.007818822962466823,0.725925925925926,1.362962962962963,1.3256552819698173,1.6550061804697158,0.004567728205506559,0.0007773025871150157,0.09657966165492707,0.004179067351720281,0.050148808220643375,9.560228770046444e-09,0.00010111369686601775,0.0,-0.08710424007684768,Stage44_VolCap_11pct,volatility_cap_sensitivity,0.11,parameter_free_expected_log_growth,0.11,0.16,0.9,True,False,0,Optimization terminated successfully,1,-0.004179067351720281,0.0,0.013420338345072932,0.07289575992315232
2023-07,2023-06,2023-06,-0.0028466020223759997,-0.002846599897140237,2.8885262435377554,-0.02780538298118862,6.072102178844585e-07,1.8216306536533754e-09,3.0360510894222856e-10,2.4645277800942005e-18,0.6732162435868495,0.3267837564131506,1.4571114788863637e-18,0.0,-0.006910528379929531,1.051660516605166,1.525830258302583,1.117298578199052,1.411091982292179,0.004241425939713741,0.0005976277032798088,0.08468490089359322,0.003942604993366637,0.04731125992039964,7.094707199131008e-09,9.77369050972975e-05,0.0,-0.0849953927941085,Stage44_VolCap_11pct,volatility_cap_sensitivity,0.11,parameter_free_expected_log_growth,0.11,0.16,0.9,True,False,0,Optimization terminated successfully,1,-0.003942604993366637,0.0,0.02531509910640678,0.0750046072058915
2023-08,2023-07,2023-07,0.012811270239362908,0.012811271576902011,2.9255319338372097,-0.015350335017306538,3.821540293103012e-07,1.1464620879309036e-09,1.910770146551494e-10,2.5343469983932323e-18,0.6776007636833613,0.3223992363166388,1.6158173784622413e-18,0.0,-0.0065333522658038955,0.5698529411764706,1.2849264705882353,1.1262441068622315,1.2206314243759178,0.003916874323705823,0.0005181380654537829,0.07885211972702696,0.0036577985441121276,0.04389358252934553,6.746866804537717e-09,9.487366442243066e-05,0.0,-0.08356712900510804,Stage44_VolCap_11pct,volatility_cap_sensitivity,0.11,parameter_free_expected_log_growth,0.11,0.16,0.9,True,False,0,Optimization terminated successfully,1,-0.0036577985441121276,0.0,0.031147880272973036,0.07643287099489196
2023-09,2023-08,2023-08,-0.017600272383738187,-0.017600271739715543,2.8740417749343505,-0.03268043732355852,1.8400647028293918e-07,5.520194108488176e-10,9.200323514146856e-11,2.430858414425564e-18,0.6701348670174301,0.32986513298257003,1.7283132848820722e-18,0.0,-0.005453941625845276,0.608058608058608,1.304029304029304,1.1029679770892997,1.1562423947432465,0.0037201535055575753,0.00045374549284908454,0.07378987677309817,0.0034932742003740964,0.041919290404489155,6.558758936560374e-09,9.856509542784853e-05,0.0,-0.08607153622253963,Stage44_VolCap_11pct,volatility_cap_sensitivity,0.11,parameter_free_expected_log_growth,0.11,0.16,0.9,True,False,0,Optimization terminated successfully,1,-0.0034932742003740964,0.0,0.03621012322690183,0.07392846377746037
2023-10,2023-09,2023-09,0.0219074905239259,0.02190749097903856,2.937004817884092,-0.011488893170616188,1.3003218920843475e-07,3.9009656762530425e-10,6.501609457658236e-11,2.775557561562892e-17,0.6773396967076992,0.32266030329230083,2.775557561562892e-17,0.0,-0.004332771291807111,1.197080291970803,1.5985401459854014,1.1726236726236725,1.3698232017437637,0.003696377170849749,0.0005085265985862008,0.07811734239613129,0.0034421073420910324,0.04130528810509239,6.529465616099212e-09,9.554913577206277e-05,0.0,-0.0836522245942526,Stage44_VolCap_11pct,volatility_cap_sensitivity,0.11,parameter_free_expected_log_growth,0.11,0.16,0.9,True,False,0,Optimization terminated successfully,1,-0.003442107342091032,0.0,0.031882657603868714,0.0763477754057474
2023-11,2023-10,2023-10,0.01397317113537354,0.013973172018629501,2.9780440888298028,0.0,2.5235884645870536e-07,7.570765393761161e-10,1.2617942321545858e-10,2.5868532488258466e-17,0.6593319607160042,0.3406680392839958,2.5598279348315083e-17,-0.0,-0.003923382648875881,1.5527272727272727,1.7763636363636364,1.4008498583569406,1.6954950614309805,0.003952494962075387,0.0007522953413248984,0.09501338903490802,0.003576340681684265,0.04291608818021118,6.609728673384396e-09,0.00010529815831963592,0.0,-0.08918496149025726,Stage44_VolCap_11pct,volatility_cap_sensitivity,0.11,parameter_free_expected_log_growth,0.11,0.16,0.9,True,False,0,Optimization terminated successfully,1,-0.003576340681684265,0.0,0.014986610965091976,0.07081503850974274
2023-12,2023-11,2023-11,0.02121686584342092,0.02121686827565568,3.0412288507382974,0.0,6.949242163378367e-07,2.0847726490135102e-09,3.4746210816891944e-10,8.339859855722733e-17,0.6687420209842495,0.3312579790157504,7.790526207752013e-17,0.0,-0.003458616477615239,0.25,1.125,1.2315573770491803,1.6238015340364333,0.004447331907847173,0.0006084890360233815,0.08545097092649431,0.004143080127703866,0.049716961532446396,7.262131616132563e-09,9.941373927730988e-05,0.0,-0.08580323234510256,Stage44_VolCap_11pct,volatility_cap_sensitivity,0.11,parameter_free_expected_log_growth,0.11,0.16,0.9,True,False,0,Optimization terminated successfully,1,-0.004143080127703867,0.0,0.024549029073505688,0.07419676765489744
2024-01,2023-12,2023-12,0.0037440587617833484,0.0037440612407956065,3.0526153902634925,0.0,7.082892166943757e-07,2.124867650083127e-09,3.5414460833323964e-10,8.691699383029857e-17,0.6718965771761894,0.3281034228238104,7.242001985475696e-17,0.0,-0.0024537624100878356,1.1263537906137184,1.5631768953068592,1.3695208970438328,1.5263597328244276,0.004572925224417967,0.0006983985411519966,0.09154661377584623,0.0042237186648442105,0.050684623978130526,7.288997759078165e-09,9.718924574036113e-05,0.0,-0.08473005687328601,Stage44_VolCap_11pct,volatility_cap_sensitivity,0.11,parameter_free_expected_log_growth,0.11,0.16,0.9,True,False,0,Optimization terminated successfully,1,-0.0042237186648442105,0.0,0.018453386224153767,0.07526994312671399
2024-02,2024-01,2024-01,-0.00020845251898393572,-0.00020844841180124577,3.051979064895903,-0.00020845251898393702,1.1734807685571353e-06,3.5204423056714057e-09,5.867403842784887e-10,8.14574514579748e-17,0.6659638190577291,0.33403618094227083,7.87612076417178e-17,-0.0,-0.0009082118731674214,1.0323741007194245,1.5161870503597124,1.182509505703422,1.56266318537859,0.004940091866885475,0.000540416338078422,0.08052947321907095,0.004669875301648561,0.05603850361978273,8.39619770288507e-09,0.00010004197195232399,0.0,-0.08675079664130755,Stage44_VolCap_11pct,volatility_cap_sensitivity,0.11,parameter_free_expected_log_growth,0.11,0.16,0.9,True,False,0,Optimization terminated successfully,1,-0.004669875301648561,0.0,0.029470526780929054,0.07324920335869245
2024-03,2024-02,2024-02,0.041350015445341656,0.04135002342983408,3.178178446368208,0.0,2.2812835496212364e-06,6.84385064886371e-09,1.1406417748104768e-09,8.716463535247046e-17,0.6645816194624247,0.3354183805375753,8.21831411844807e-17,-0.0,-0.003113913810764115,0.26881720430107525,1.1344086021505375,1.0629255989911728,1.3325064965745335,0.004918612780805973,0.0004571172929857373,0.0740635370194325,0.00469004241639367,0.05628050899672404,1.1717919434343474e-08,0.00010035377535068068,0.0,-0.08725203497471093,Stage44_VolCap_11pct,volatility_cap_sensitivity,0.11,parameter_free_expected_log_growth,0.11,0.16,0.9,True,False,0,Optimization terminated successfully,1,-0.00469004241639367,0.0,0.035936462980567505,0.07274796502528907
2024-04,2024-03,2024-03,0.013494351894811659,0.013494357036329487,3.2210659047080066,0.0,1.4690050934019665e-06,4.4070152802059e-09,7.345025466731275e-10,8.844235772308737e-17,0.6440586154664218,0.35594138453357804,8.403596852158507e-17,0.0,-0.0038609459919955766,0.41785714285714287,1.2089285714285714,1.3365119196988708,1.1434281683517518,0.005340683099633795,0.0007096175483709791,0.09227898233320386,0.004985865105705097,0.05983038126846117,9.219743207248326e-09,0.00011181777061127397,0.0,-0.09487951660747487,Stage44_VolCap_11pct,volatility_cap_sensitivity,0.11,parameter_free_expected_log_growth,0.11,0.16,0.9,True,False,0,Optimization terminated successfully,1,-0.004985865105705099,0.0,0.017721017666796138,0.06512048339252513
2024-05,2024-04,2024-04,0.008258542371618603,0.008281419769695791,3.2476672139638136,0.0,0.0065367974868839294,1.961039246065179e-05,3.2670056165357634e-06,0.006526045180049768,0.6309063220640844,0.3625648465020534,2.7862538125177473e-06,0.0,-0.00268917978246124,0.15302491103202848,1.0765124555160142,1.4402295982031446,1.198830409356725,0.005485931290594797,0.0010083333342163073,0.11000000004816221,0.0049588868703327625,0.059506642443993146,2.2877753153880517e-05,0.00011425583627606127,0.0,-0.09756613907476072,Stage44_VolCap_11pct,volatility_cap_sensitivity,0.11,parameter_free_expected_log_growth,0.11,0.16,0.9,True,False,0,Optimization terminated successfully,17,-0.0049588868703327625,0.0,-4.8162210330993105e-11,0.06243386092523928
2024-06,2024-05,2024-05,0.008101875302152348,0.008101884468059295,3.2739794087542373,0.0,2.6199685550269554e-06,7.859905665080867e-09,1.3060012817942486e-09,0.0064558872019300235,0.6298380927410574,0.36370339392161666,2.626135395989207e-06,0.0,-0.0006879680945439955,0.4858156028368794,1.2429078014184398,1.3158351948374287,1.297067721666279,0.005711823316973627,0.0008273836578969764,0.09964238001354501,0.005298119223893159,0.06357743068671791,1.226413198012087e-08,0.00011443342168929913,0.0,-0.09801748814633,Stage44_VolCap_11pct,volatility_cap_sensitivity,0.11,parameter_free_expected_log_growth,0.11,0.16,0.9,True,False,0,Optimization terminated successfully,2,-0.005298119223893158,0.0,0.010357619986454986,0.06198251185367
2024-07,2024-06,2024-06,0.026682488369774875,0.026682497755506716,3.361337326251205,0.0,2.682906098803751e-06,8.048718296411253e-09,1.3370135453518532e-09,0.006779083223105615,0.6340255220617113,0.3591925809808839,2.8137342992069783e-06,0.0,-0.00040401879079900795,1.7102473498233215,1.8551236749116606,1.2669219367588933,1.152687673772011,0.00584111341378783,0.0007647405372255528,0.09579606696888256,0.005458730356962811,0.06550476428355373,1.2788212242943397e-08,0.0001111522263356374,0.0,-0.09622979227136273,Stage44_VolCap_11pct,volatility_cap_sensitivity,0.11,parameter_free_expected_log_growth,0.11,0.16,0.9,True,False,0,Optimization terminated successfully,2,-0.005458730356962811,0.0,0.014203933031117444,0.06377020772863727
2024-08,2024-07,2024-07,-0.003257835834785751,-0.0032578050218106443,3.3503866410569407,-0.0032578358347857828,1.0210595695046713e-05,3.063178708514014e-08,1.8118802140496616e-10,0.006644724127613068,0.6281229132056557,0.3652323626667312,1.4175890465688767e-19,0.0,0.0022093447904688672,0.8626760563380281,1.431338028169014,1.562899262899263,1.446519133241125,0.0061059380906958146,0.0010044032005065832,0.10978541982466979,0.005603704543492314,0.06724445452190776,3.194695020901732e-08,0.00011428781106044493,0.0,-0.09863270747043386,Stage44_VolCap_11pct,volatility_cap_sensitivity,0.11,parameter_free_expected_log_growth,0.11,0.16,0.9,True,False,0,Optimization terminated successfully,5,-0.005603704543492314,0.0,0.00021458017533021456,0.061367292529566145
2024-09,2024-08,2024-08,0.012579302348434341,0.01298385515221091,3.3925321675989517,0.0,0.13485077284061137,0.0004045523185218341,4.85254733562155e-10,0.14114690577892017,0.4948113303588322,0.3640417638622477,0.0,0.0,0.004097591312968648,1.792982456140351,1.8964912280701753,1.4299853372434017,1.4310779816513761,0.006449825354304355,0.0010083333338444063,0.1100000000278767,0.005541103537580116,0.06649324245096139,0.0004045551498020367,0.00011796413074932518,0.0,-0.10402869361228134,Stage44_VolCap_11pct,volatility_cap_sensitivity,0.11,parameter_free_expected_log_growth,0.11,0.16,0.9,True,False,0,Optimization terminated successfully,21,-0.005541103537580115,0.0,-2.7876700947615518e-11,0.05597130638771866
2024-10,2024-09,2024-09,0.025389624174874593,0.025601238685493622,3.4786672843354616,0.0,0.06357899944062995,0.00019073699832188983,2.0877512297136804e-05,0.19470234456147636,0.47091310191010527,0.33438455352841845,0.0,-0.0,0.005177680452593003,1.5594405594405594,1.7797202797202796,1.5811040856031129,1.6561643835616437,0.006554438649193747,0.001008333333337183,0.11000000000020999,0.005838655971836017,0.0700638716620322,0.00021161601068913813,0.00011757676875096665,0.0,-0.09498580702598577,Stage44_VolCap_11pct,volatility_cap_sensitivity,0.11,parameter_free_expected_log_growth,0.11,0.16,0.9,True,False,0,Optimization terminated successfully,10,-0.005838655971836017,0.0,-2.0998480732004055e-13,0.06501419297401423
2024-11,2024-10,2024-10,-0.005934884607046685,-0.005747886253239713,3.458021795416622,-0.00593488460704672,0.06233255046340444,0.00018699765139021333,7.02416759478685e-10,0.2509318852490832,0.3960826867102457,0.3529854280406711,1.3336106138185353e-18,-0.0,0.004189935971806019,0.554006968641115,1.2770034843205575,1.6822249093107617,1.8487394957983194,0.006824642420198828,0.0010083333339060497,0.11000000003123907,0.006133475260280728,0.07360170312336874,0.00018700049296507595,0.00014919811085626803,0.0,-0.10649904767554529,Stage44_VolCap_11pct,volatility_cap_sensitivity,0.11,parameter_free_expected_log_growth,0.11,0.16,0.9,True,False,0,Optimization terminated successfully,17,-0.006133475260280728,0.0,-3.1239066888844036e-11,0.05350095232445472
2024-12,2024-11,2024-11,0.006105248634492586,0.006173158014482838,3.479133878261135,0.0,0.019402679997214962,5.8208039991644886e-05,9.701339998607499e-06,0.26278508752042534,0.40867574366037,0.3285391688192046,1.6000996658476793e-17,-0.0,0.0063668731505027,1.3125,1.65625,1.4229843561973525,1.489938955460095,0.007196023118707505,0.0010083333333336586,0.11000000000001774,0.0066239455716638656,0.07948734685996639,6.791088037680926e-05,0.0001432165434271889,0.0,-0.09787387868326194,Stage44_VolCap_11pct,volatility_cap_sensitivity,0.11,parameter_free_expected_log_growth,0.11,0.16,0.9,True,False,0,Optimization terminated successfully,8,-0.0066239455716638656,0.0,-1.7735812818386876e-14,0.06212612131673806
2025-01,2024-12,2024-12,0.02835650017344037,0.028388957889952014,3.577789938683469,0.0,0.01081918162347074,3.245754487041222e-05,1.7164123416117929e-10,0.26383000843445104,0.3928020762417969,0.34336791532375205,0.0,-0.0,0.007070829887893829,1.7958477508650519,1.897923875432526,1.2543103448275863,1.2834158415841583,0.007697995102785319,0.0010083333333385622,0.11000000000028522,0.0071613677914689295,0.08593641349762715,3.2460644647108715e-05,0.0001498156314788672,0.0,-0.1037785381174357,Stage44_VolCap_11pct,volatility_cap_sensitivity,0.11,parameter_free_expected_log_growth,0.11,0.16,0.9,True,False,0,Optimization terminated successfully,9,-0.007161367791468931,0.0,-2.852162950262027e-13,0.0562214618825643
2025-02,2025-01,2025-01,0.020019712014200435,0.020222373120092122,3.649416262903216,0.0,0.06687868307260592,0.00020063604921781775,2.025056673871206e-06,0.3266647802372814,0.3181982488268608,0.35513697093585783,0.0,-0.0,0.004138003954161379,0.33448275862068966,1.1672413793103449,1.3703527168732126,1.279793906810036,0.007552228786637865,0.0010083333333799366,0.110000000002542,0.00684539951378615,0.0821447941654338,0.00020266260616174717,0.0001912239124558553,0.0,-0.11418323726324474,Stage44_VolCap_11pct,volatility_cap_sensitivity,0.11,parameter_free_expected_log_growth,0.11,0.16,0.9,True,False,0,Optimization terminated successfully,12,-0.00684539951378615,0.0,-2.541994392757374e-12,0.045816762736755265
2025-03,2025-02,2025-02,0.03765385125500376,0.037778211090682426,3.7868308400341655,0.0,0.03912015197948748,0.00011736045593846246,6.999379740199482e-06,0.3036771972393629,0.3543580596653075,0.3419647430953297,4.412618138721278e-18,-0.0,0.004287226110747532,0.43986254295532645,1.2199312714776633,1.3688018979833927,1.2803925942449252,0.007503998951718171,0.00100833333973057,0.11000000034894018,0.006875470946053762,0.08250565135264515,0.00012436133579912359,0.00016992548663844061,0.0,-0.10681125770872335,Stage44_VolCap_11pct,volatility_cap_sensitivity,0.11,parameter_free_expected_log_growth,0.11,0.16,0.9,True,False,0,Optimization terminated successfully,7,-0.006875470946053762,0.0,-3.4894018230424706e-10,0.05318874229127665
2025-04,2025-03,2025-03,0.0055043812659782525,0.005582932900675121,3.8076750007674782,0.0,0.022832594481258604,6.849778344377581e-05,1.0053851253092968e-05,0.294337833206107,0.3640895667873705,0.34157260000652256,0.0,0.0,0.004040734822717817,0.4897260273972603,1.24486301369863,1.5684608120868744,1.3203818827708704,0.007610419743577564,0.0010083333392825488,0.11000000032450266,0.007027699938881601,0.0843323992665792,7.8553135054689e-05,0.00016353949700750786,0.0,-0.10580509549910802,Stage44_VolCap_11pct,volatility_cap_sensitivity,0.11,parameter_free_expected_log_growth,0.11,0.16,0.9,True,False,0,Optimization terminated successfully,7,-0.007027699938881601,0.0,-3.245026608533763e-10,0.05419490450089198
2025-05,2025-04,2025-04,0.01614884795598143,0.016588043869955722,3.869164565420664,0.0,0.12861495267646347,0.0003858448580293904,5.335105594490172e-05,0.2726847414540184,0.49536633793399154,0.23194892061199013,2.0016771589603306e-17,0.0,0.005341576420424988,1.5733788395904438,1.786689419795222,1.7892882311486962,1.9143646408839778,0.007101510437351212,0.001008333333333413,0.11000000000000434,0.006158146356660783,0.0738977562799294,0.00043919741402372183,0.00011079725545638454,0.0,-0.07417915672225772,Stage44_VolCap_11pct,volatility_cap_sensitivity,0.11,parameter_free_expected_log_growth,0.11,0.16,0.9,True,False,0,Optimization terminated successfully,8,-0.006158146356660783,0.0,-4.343747583845925e-15,0.08582084327774228
2025-06,2025-05,2025-05,0.05288421765796905,0.05313114777102,4.073782306452872,0.0,0.08230990513340042,0.00024692971540020127,3.9765074347754247e-10,0.3673930895979146,0.4023471942149047,0.23025971618718077,3.965885003369911e-18,0.0,0.003283944467704912,0.6462585034013606,1.3231292517006803,1.6575502571294998,1.6771887373515177,0.0072215178461565764,0.0010083333333337058,0.11000000000002032,0.006470418601633574,0.07764502321960289,0.00024693257785614943,0.00017093511199069625,0.0,-0.08827950853681768,Stage44_VolCap_11pct,volatility_cap_sensitivity,0.11,parameter_free_expected_log_growth,0.11,0.16,0.9,True,False,0,Optimization terminated successfully,18,-0.006470418601633574,0.0,-2.0317081350640365e-14,0.07172049146318232
2025-07,2025-06,2025-06,0.021475261112083133,0.02159144000519947,4.161267845197733,0.0,0.03380794505357594,0.00010142383516072783,1.4755057955607622e-05,0.3716764110272571,0.38591739342509623,0.24240619554764667,8.007637725105342e-19,0.0,-0.0005032972930621225,0.29491525423728815,1.147457627118644,1.5111679851093531,1.6252737625930793,0.006017226513657867,0.001008333335015836,0.11000000009177287,0.005396879452803036,0.06476255343363643,0.00011618039334691297,0.00017661297606832,0.0,-0.08914543364389434,Stage44_VolCap_11pct,volatility_cap_sensitivity,0.11,parameter_free_expected_log_growth,0.11,0.16,0.9,True,False,0,Optimization terminated successfully,8,-0.005396879452803036,0.0,-9.177286708350607e-11,0.07085456635610567
2025-08,2025-07,2025-07,0.009689197296609681,0.00992580139425755,4.201587190353892,0.0,0.06760117075653377,0.00020280351226960132,3.3800585378266885e-05,0.3099033966728871,0.3776047815395737,0.3124918217875392,0.0,0.0,-0.0017648715590652781,0.7398648648648649,1.3699324324324325,1.385763888888889,1.560810810810811,0.005653231296361902,0.0009651050232160612,0.10761626400592401,0.004934073099306446,0.05920887719167735,0.00023660568544742536,0.00015743714232353657,0.0,-0.09647870430598636,Stage44_VolCap_11pct,volatility_cap_sensitivity,0.11,parameter_free_expected_log_growth,0.11,0.16,0.9,True,False,0,Optimization terminated successfully,17,-0.004934073099306446,0.0,0.002383735994075986,0.06352129569401364
2025-09,2025-08,2025-08,0.07262014722756888,0.0726201609350884,4.506707070706859,0.0,3.916434150319504e-06,1.1749302450958513e-08,1.958217075159752e-09,0.30345409445669674,0.37454877765769495,0.3219971278856083,1.2460171770338443e-21,-0.0,-0.001140586757535867,0.7306397306397306,1.3653198653198653,1.523381709283575,1.3901063137339986,0.005731508227498519,0.0008650884234904165,0.1018874922740029,0.005298947698045165,0.06358737237654198,1.6317708145528443e-08,0.00015684594641592585,0.0,-0.0989470116971126,Stage44_VolCap_11pct,volatility_cap_sensitivity,0.11,parameter_free_expected_log_growth,0.11,0.16,0.9,True,False,0,Optimization terminated successfully,2,-0.005298947698045165,0.0,0.0081125077259971,0.0610529883028874
2025-10,2025-09,2025-09,0.07500959127189141,0.07515526424479724,4.8447533260627225,0.0,0.048557603112666714,0.00014567280933800014,1.6356782922551915e-10,0.2676256471339222,0.3966574221941628,0.33571693067191505,6.818223993939259e-20,0.0,-0.0022510315200534197,0.49328859060402686,1.2466442953020134,1.715726730857405,1.5187904967602592,0.006025939581711875,0.0010083333334285093,0.11000000000519142,0.005376096992034007,0.06451316390440809,0.00014567592296361358,0.00014257310487081652,0.0,-0.10035507432737334,Stage44_VolCap_11pct,volatility_cap_sensitivity,0.11,parameter_free_expected_log_growth,0.11,0.16,0.9,True,False,0,Optimization terminated successfully,14,-0.005376096992034007,0.0,-5.19141674093504e-12,0.059644925672626664
2025-11,2025-10,2025-10,0.011278720311768053,0.011817802663942143,4.899395943806892,0.0,0.17320095962141988,0.0005196028788642597,1.947947330983063e-05,0.1697327932231827,0.5402709572933364,0.28999624948348096,0.0,0.0,-0.004395785629599088,0.4916387959866221,1.245819397993311,1.8310148232611174,1.5409413281753708,0.0058482062780390795,0.0010083333334551495,0.11000000000664452,0.00480495575910183,0.057659469109221956,0.0005390838522096754,8.51681167851267e-05,0.0,-0.07606134355207199,Stage44_VolCap_11pct,volatility_cap_sensitivity,0.11,parameter_free_expected_log_growth,0.11,0.16,0.9,True,False,0,Optimization terminated successfully,12,-0.00480495575910183,0.0,-6.644518268927868e-12,0.08393865644792801
2025-12,2025-11,2025-11,0.019186365451064512,0.01925613306334563,4.9933975448742345,0.0,0.019933958038017664,5.980187411405299e-05,9.965738167061253e-06,0.1617758149986726,0.5465117589879864,0.29171242601334096,5.7537991221972296e-18,0.0,-0.0008596734646673979,1.55,1.775,1.83594459582198,1.533390410958904,0.0060242012932920095,0.0010083333333348195,0.11000000000008106,0.005450265223406244,0.06540318268087493,6.97694032183552e-05,8.324807615521195e-05,0.0,-0.07604274226385083,Stage44_VolCap_11pct,volatility_cap_sensitivity,0.11,parameter_free_expected_log_growth,0.11,0.16,0.9,True,False,0,Optimization terminated successfully,11,-0.005450265223406244,0.0,-8.106015858544424e-14,0.08395725773614918
2026-01,2025-12,2025-12,0.05949972730866447,0.05951640718939111,5.290503337138006,0.0,0.005559924743178543,1.667977422953563e-05,1.0649710471552289e-10,0.16644501122390198,0.5436995657870737,0.2898554229890243,0.0,0.00033504173254388813,-0.0020893512536886353,1.7641196013289036,1.8820598006644518,1.863872571170357,1.2791861951427355,0.005967538015384922,0.0010083333405862254,0.1100000003956123,0.0054466883452204415,0.0653602601426453,1.6682999871367594e-05,8.347393832070016e-05,0.0,-0.07576824648318008,Stage44_VolCap_11pct,volatility_cap_sensitivity,0.11,parameter_free_expected_log_growth,0.11,0.16,0.9,True,False,0,Optimization terminated successfully,9,-0.0054466883452204415,0.0,-3.956122929249517e-10,0.08423175351681993
2026-02,2026-01,2026-01,0.08488461525530622,0.08533094112036271,5.739585677417879,0.0,0.12752167573042675,0.00038256502719128023,6.37608378652134e-05,0.2788017258956036,0.552026673921306,0.16917160018309035,0.0,0.014158839385687355,0.0001850833200945691,0.9139072847682119,1.4569536423841059,1.9845928924876293,1.9262834111158251,0.010089831048178524,0.0010083333387900491,0.11000000029763904,0.009139337013693167,0.109672044164318,0.0004463273650903331,9.617018245578499e-05,0.0,-0.07065277512184615,Stage44_VolCap_11pct,volatility_cap_sensitivity,0.11,parameter_free_expected_log_growth,0.11,0.16,0.9,True,False,0,Optimization terminated successfully,9,-0.009139337013693167,0.0,-2.9763903841573125e-10,0.08934722487815386
2026-03,2026-02,2026-02,-0.04591622179486374,-0.045439388366570584,5.476045588442936,-0.045916221794863765,0.14499762987281917,0.0004349928896184575,4.184053867469493e-05,0.25107924666248616,0.6578379622756662,0.09108279106184765,2.7755575615628914e-17,0.0503875104437929,-0.002262619287546075,1.7458745874587458,1.872937293729373,1.9580067189249721,1.9508768223114303,0.01784168931011326,0.0010083333333333318,0.10999999999999992,0.016860687715124084,0.202328252581489,0.0004768349283225066,7.413886904273648e-05,0.0,-0.07633947048006483,Stage44_VolCap_11pct,volatility_cap_sensitivity,0.11,parameter_free_expected_log_growth,0.11,0.16,0.9,True,False,0,Optimization terminated successfully,8,-0.016860687715124084,0.0,8.326672684688674e-17,0.08366052951993518
2026-04,2026-03,2026-03,0.059492294888248566,0.05960303253465448,5.801828107412076,0.0,0.0332062270331976,9.96186810995928e-05,1.1118965306316578e-05,0.23941834898670206,0.6498358656137677,0.11074578539953026,0.0,0.00372293378893291,0.00868116627241646,1.450657894736842,1.725328947368421,1.9733675061288167,1.9837013669821242,0.008411250425687751,0.0010083333333346304,0.11000000000007075,0.007796344612478593,0.09355613534974312,0.00011073914654184257,7.777250097926987e-05,0.0,-0.07100310108016612,Stage44_VolCap_11pct,volatility_cap_sensitivity,0.11,parameter_free_expected_log_growth,0.11,0.16,0.9,True,False,0,Optimization terminated successfully,9,-0.007796344612478593,0.0,-7.07489622442381e-14,0.08899689891983388
2026-05,2026-04,2026-04,0.06733384648448323,0.06748987809613158,6.192487510525921,0.0,0.05184738766457926,0.00015554216299373778,4.894486546028893e-07,0.24024072197689583,0.6614618439312427,0.09829743409186144,0.0,0.0341245264464116,0.012395275841096516,1.2885245901639344,1.6442622950819672,1.9018411712511092,1.9643006700167505,0.016811573314395586,0.0010083333333343657,0.11000000000005632,0.016151373535029295,0.19381648242035154,0.00015603311269910743,7.685569803294393e-05,0.0,-0.07200864488915196,Stage44_VolCap_11pct,volatility_cap_sensitivity,0.11,parameter_free_expected_log_growth,0.11,0.16,0.9,True,False,0,Optimization terminated successfully,9,-0.016151373535029295,0.0,-5.6316062924111066e-14,0.08799135511084805
2026-06,2026-05,2026-05,-0.0011159611467716857,-0.0009996693120022078,6.185576935062305,-0.0011159611467717045,0.03857764496981752,0.00011573293490945256,5.588998600254344e-07,0.2588633842763381,0.6507007381553134,0.09043587756834846,0.0,0.05060408485404435,0.005255386114146387,0.4869281045751634,1.2434640522875817,1.871797703180212,1.9226438698915764,0.020261605768330877,0.0010083333333336885,0.11000000000001937,0.019641145765960478,0.23569374919152575,0.00011629333570355522,8.597737330626927e-05,0.0,-0.07670182943587339,Stage44_VolCap_11pct,volatility_cap_sensitivity,0.11,parameter_free_expected_log_growth,0.11,0.16,0.9,True,False,0,Optimization terminated successfully,8,-0.019641145765960478,0.0,-1.9373391779708982e-14,0.08329817056412661
2026-07,2026-06,2026-06,-0.06146706539727371,-0.06128111403363,5.805367673074962,-0.06251443168725601,0.06079538093666405,0.00018238614280999214,3.5652208337197686e-06,0.20729075823189616,0.7013163298182972,0.09139291194980668,5.723856904806457e-17,0.017837374697916294,0.008026413048507043,1.6384364820846906,1.8192182410423454,1.9095405583644758,1.7298110857380111,0.010191101991899694,0.0010083333336907943,0.11000000001949788,0.009500982461244029,0.11401178953492835,0.00018595286381026767,6.0632057654449206e-05,0.0,-0.06726501758662032,Stage44_VolCap_11pct,volatility_cap_sensitivity,0.11,parameter_free_expected_log_growth,0.11,0.16,0.9,True,False,0,Optimization terminated successfully,9,-0.009500982461244029,0.0,-1.9497875536345077e-11,0.09273498241337969
