month,signal_cutoff_month,history_end_month,return,gross_return,nav,drawdown,turnover,trade_cost,fx_cost,w_KODEX200,w_BOND,w_GLD,w_USO,eps_mu_adjustment_KODEX200,valuation_mu_adjustment_KODEX200,credit_stress_confirmation_multiplier,credit_equity_variance_multiplier,gvz_gold_variance_multiplier,ovx_oil_variance_multiplier,expected_monthly_return,expected_monthly_variance,expected_annual_volatility,expected_monthly_log_growth_net,expected_annual_log_growth_net,estimated_transaction_cost,downside_semivariance_diagnostic,downside_semivariance_coefficient_in_objective,historical_cdar,policy,family,displayed_value,objective,volatility_cap,cdar_limit,cdar_confidence,solver_success,used_fallback,solver_status,solver_message,solver_iterations,objective_value,sum_error,volatility_slack,cdar_slack
2007-04,2007-03,2007-03,-0.0033939854663632557,-0.0018939841237832096,0.9966060145336367,-0.0033939854663632696,1.0,0.0015,1.3425800463750701e-09,5.214367689053146e-15,0.9999973148399021,2.685160087429966e-06,5.320174306780087e-15,-0.0,-0.011756893913204012,1.631578947368421,1.8157894736842106,1.0,1.0,0.003720720218060906,9.639871713183583e-06,0.010755392161990328,0.0022158955792946373,0.026590746951535647,0.001500004702909677,8.071433779623957e-10,0.0,-4.9208029160696665e-05,Stage44_VolCap_14pct,volatility_cap_sensitivity,0.14,parameter_free_expected_log_growth,0.14,0.16,0.9,True,False,0,Optimization terminated successfully,12,-0.0022158955792947292,0.0,0.12924460783800967,0.1599507919708393
2007-05,2007-04,2007-04,0.0022772189204276518,0.00227725040319191,0.9988755046061447,-0.0011244953938552849,8.995075502408134e-06,2.6985226507224404e-08,4.497537751213863e-09,5.493616769726624e-15,0.9999883645790016,1.1635420988083296e-05,4.848858066130442e-15,-0.0,-0.014582200735994021,0.5974025974025974,1.2987012987012987,1.0,1.0,0.003217732551111321,1.0182905681020186e-05,0.011054178765165788,0.003212606421553094,0.038551277058637125,3.467671771730993e-08,2.767251331042519e-07,0.0,-0.0009962755518880817,Stage44_VolCap_14pct,volatility_cap_sensitivity,0.14,parameter_free_expected_log_growth,0.14,0.16,0.9,True,False,0,Optimization terminated successfully,2,-0.003212606421553092,0.0,0.12894582123483422,0.15900372444811192
2007-06,2007-05,2007-05,-0.01635290026920252,-0.014395724179574727,0.982540993097971,-0.01745900690202895,0.5591931684650842,0.0016775795053952526,0.00027959658423253964,1.871843822086285e-18,0.44079498603977507,0.559205013960225,0.0,0.0,-0.01734297517003403,1.0384615384615385,1.5192307692307692,1.0,1.0,0.005853920105907583,0.0006634799830871626,0.08922869379883329,0.003565001024733097,0.04278001229679716,0.0019571790896309054,0.00012244695503769396,0.0,-0.035843552241236865,Stage44_VolCap_14pct,volatility_cap_sensitivity,0.14,parameter_free_expected_log_growth,0.14,0.16,0.9,True,False,0,Optimization terminated successfully,8,-0.003565001024733097,0.0,0.050771306201166724,0.12415644775876314
2007-07,2007-06,2007-06,0.01889812281159388,0.018898123127489213,1.0011091734529618,0.0,9.02558094928459e-08,2.707674284785377e-10,4.5127904746423016e-11,1.9235989357486128e-18,0.4474024844225792,0.5525975155774209,8.639736061993865e-22,0.0,-0.017421088026983382,1.379746835443038,1.689873417721519,1.0,1.0,0.0037321887861717098,0.0005775366276469568,0.0832492614487569,0.0034434139581214513,0.041320967497457416,6.514226780040426e-09,0.00012446749223342108,0.0,-0.03509304674167757,Stage44_VolCap_14pct,volatility_cap_sensitivity,0.14,parameter_free_expected_log_growth,0.14,0.16,0.9,True,False,0,Optimization terminated successfully,1,-0.0034434139581214513,0.0,0.056750738551243116,0.12490695325832243
2007-08,2007-07,2007-07,0.013196581189078575,0.013196581741593738,1.0143203919395651,0.0,1.5786147558594212e-07,4.735844267578264e-10,7.893073777909287e-11,2.07175005330735e-18,0.4425112103805621,0.5574887896194379,1.3696648656020778e-21,0.0,-0.017183473194100695,1.3,1.65,1.0,1.0,0.005975294440831561,0.000557602859480435,0.0817999652430563,0.005696486467749276,0.0683578376129913,6.543342067461629e-09,0.00011920410951356164,0.0,-0.03564863876244545,Stage44_VolCap_14pct,volatility_cap_sensitivity,0.14,parameter_free_expected_log_growth,0.14,0.16,0.9,True,False,0,Optimization terminated successfully,1,-0.005696486467749276,0.0,0.058200034756943714,0.12435136123755455
2007-09,2007-08,2007-08,0.041559332138818385,0.04155933447261647,1.056474870003358,0.0,6.667994532916229e-07,2.0003983598748686e-09,3.3339972665968886e-10,2.009624558104082e-18,0.43580375686780726,0.5641962431321929,1.3003412570657218e-21,0.0,-0.014405896795849716,1.123456790123457,1.5617283950617284,1.0,1.0,0.006096890382294069,0.0005161053038715437,0.07869729122694456,0.005838830523623992,0.07006596628348791,7.206734304506568e-09,0.00011548136714308003,0.0,-0.036410323881222895,Stage44_VolCap_14pct,volatility_cap_sensitivity,0.14,parameter_free_expected_log_growth,0.14,0.16,0.9,True,False,0,Optimization terminated successfully,1,-0.005838830523623992,0.0,0.06130270877305545,0.12358967611877711
2007-10,2007-09,2007-09,0.03572797659982243,0.035727977229183666,1.0942205794371382,0.0,1.7981749755968827e-07,5.394524926790649e-10,8.990874872383192e-11,3.6183441309020013e-23,0.4194776053045904,0.5805223946954096,0.0,0.0,-0.014641885407259497,1.7317073170731707,1.8658536585365852,1.0,1.0,0.007759167963892741,0.000678115289022238,0.09020744685593787,0.007420103763246701,0.08904124515896042,6.5561349204123865e-09,0.00011681983275105024,0.0,-0.038263303474079635,Stage44_VolCap_14pct,volatility_cap_sensitivity,0.14,parameter_free_expected_log_growth,0.14,0.16,0.9,True,False,0,Optimization terminated successfully,1,-0.007420103763246701,0.0,0.04979255314406214,0.12173669652592037
2007-11,2007-10,2007-10,0.012462352001786258,0.013374779973894553,1.1078571414656826,0.0,0.26069370631665556,0.0007820811189499667,0.00013034685315832777,3.68655906370238e-17,0.1462905590184719,0.8537094409815281,0.0,-0.0,-0.015473182093144617,1.6506024096385543,1.8253012048192772,1.0,1.0,0.015906418658330354,0.0016333333360238449,0.14000000011530764,0.014177321018203425,0.1701278522184411,0.0009124309721150071,0.000271990839520409,0.0,-0.06906085262124351,Stage44_VolCap_14pct,volatility_cap_sensitivity,0.14,parameter_free_expected_log_growth,0.14,0.16,0.9,True,False,0,Optimization terminated successfully,7,-0.014177321018203425,0.0,-1.1530762455969068e-10,0.0909391473787565
2007-12,2007-11,2007-11,0.07014618350530187,0.07031210049826445,1.1855690918085935,0.0,0.04740485513216586,0.00014221456539649757,2.370242756608293e-05,2.2409499461862283e-18,0.19129269362855827,0.8087073063714417,0.0,0.0,-0.013161772647467112,1.7976190476190477,1.8988095238095237,1.0,1.0,0.01137092218269569,0.0016333333333473112,0.14000000000059903,0.010388335523022537,0.12466002627627044,0.00016591999299949648,0.00022840966701179066,0.0,-0.06401477209261286,Stage44_VolCap_14pct,volatility_cap_sensitivity,0.14,parameter_free_expected_log_growth,0.14,0.16,0.9,True,False,0,Optimization terminated successfully,3,-0.010388335523022537,0.0,-5.990208329365032e-13,0.09598522790738714
2008-01,2007-12,2007-12,0.09108502123915439,0.09119472201438769,1.293556677716464,0.0,0.03134307863808697,9.402923591426091e-05,1.567153931904347e-05,0.0,0.21052138236813542,0.7894786176318646,0.0,-0.0,-0.012396679856036034,1.988235294117647,1.9941176470588236,1.0,1.0,0.015306814077903609,0.0016333333333334444,0.14000000000000476,0.014380443635947749,0.172565323631373,0.0001097037752891381,0.00020587489365674188,0.0,-0.05628890490725125,Stage44_VolCap_14pct,volatility_cap_sensitivity,0.14,parameter_free_expected_log_growth,0.14,0.16,0.9,True,False,0,Optimization terminated successfully,4,-0.014380443635947749,0.0,-4.746203430272544e-15,0.10371109509274876
2008-02,2008-01,2008-01,0.04455844260126951,0.044940503384401885,1.351195548691982,0.0,0.10916022375210717,0.0003274806712563215,5.4580111876053475e-05,0.016377122040158256,0.29045345597814626,0.6931694219816955,1.4786178696802228e-16,-0.0,-0.00652620117924728,1.8953488372093024,1.947674418604651,1.0,1.0,0.01794442128217793,0.0016333333333333536,0.14000000000000087,0.016745692332315838,0.20094830798779006,0.00038206228319541456,0.000148157714815676,0.0,-0.04814401362770748,Stage44_VolCap_14pct,volatility_cap_sensitivity,0.14,parameter_free_expected_log_growth,0.14,0.16,0.9,True,False,0,Optimization terminated successfully,9,-0.016745692332315834,2.220446049250313e-16,-8.604228440844963e-16,0.11185598637229252
2008-03,2008-02,2008-02,-0.040016638374513296,-0.039915103370421284,1.2971252450467228,-0.040016638374513414,0.02901000116914577,8.703000350743731e-05,1.4505000584572801e-05,0.0,0.2666448935353197,0.7333551064646804,0.0,-0.0,-0.008167260488437784,0.3103448275862069,1.1551724137931034,1.0,1.0,0.0212484708946856,0.0016333333333334778,0.1400000000000062,0.020330267723788112,0.24396321268545734,0.00010153650423074587,0.00015860068569851468,0.0,-0.05086191160975887,Stage44_VolCap_14pct,volatility_cap_sensitivity,0.14,parameter_free_expected_log_growth,0.14,0.16,0.9,True,False,0,Optimization terminated successfully,5,-0.020330267723788112,0.0,-6.189493362285248e-15,0.10913808839024114
2008-04,2008-03,2008-03,-0.013926555148817299,-0.013516016360613826,1.2790607587866565,-0.05338589960213769,0.11729679662956397,0.0003518903898886919,5.864839831478197e-05,0.0,0.3950525013930523,0.6049474986069477,0.0,-0.0,-0.008270806760279376,0.06818181818181818,1.0340909090909092,1.0,1.0,0.01644946007456549,0.0016333333334055465,0.14000000000309484,0.015222251619644321,0.18266701943573185,0.0004105417882183933,0.00014182650008747518,0.0,-0.038403380060843796,Stage44_VolCap_14pct,volatility_cap_sensitivity,0.14,parameter_free_expected_log_growth,0.14,0.16,0.9,True,False,0,Optimization terminated successfully,7,-0.015222251619644321,0.0,-3.0948299478694707e-12,0.12159661993915621
2008-05,2008-04,2008-04,0.04931343583985773,0.04985433336567292,1.342135639450362,-0.0067051058970630795,0.16567763094388152,0.0004970328928316446,4.3864632983549255e-05,0.0,0.31640093361531857,0.5179214354407999,0.16567763094388144,0.0,-0.009184361226252737,1.404494382022472,1.702247191011236,1.0,1.0,0.016389999034232428,0.0016333333333458677,0.1400000000005372,0.015032433341718752,0.18038920010062504,0.0005408990258407412,0.00020218771152395284,0.0,-0.07263208465719258,Stage44_VolCap_14pct,volatility_cap_sensitivity,0.14,parameter_free_expected_log_growth,0.14,0.16,0.9,True,False,0,Optimization terminated successfully,13,-0.015032433341718752,0.0,-5.37181410464882e-13,0.08736791534280743
2008-06,2008-05,2008-05,0.05916845890088707,0.05947285548506723,1.4215477368725968,0.0,0.08697045262289972,0.00026091135786869915,4.348522631144984e-05,0.0,0.3859110138344902,0.48595653391784177,0.12813245224766803,0.0,-0.010628488931089038,1.1777777777777778,1.588888888888889,1.0,1.9850187265917603,0.01844332905545175,0.0016333333401257382,0.14000000029110307,0.01732226430116119,0.20786717161393428,0.00030439808422768705,0.00014618925539149646,0.0,-0.05867235596352649,Stage44_VolCap_14pct,volatility_cap_sensitivity,0.14,parameter_free_expected_log_growth,0.14,0.16,0.9,True,False,0,Optimization terminated successfully,10,-0.01732226430116119,0.0,-2.911030583252483e-10,0.10132764403647351
2008-07,2008-06,2008-06,-0.047416861595753416,-0.04723690038395317,1.3541424045815524,-0.04741686159575342,0.05690910535652679,0.00017072731606958036,9.233895730658387e-06,3.709496089205483e-17,0.381199189611518,0.5351929445127784,0.08360786587570362,0.0,-0.00831345294272501,1.2417582417582418,1.620879120879121,1.0,1.953125,0.017854563033764738,0.001633333345401046,0.14000000051718767,0.016857933649177138,0.20229520379012567,0.00017996271188707618,0.00013459074585596035,0.0,-0.05091028609717241,Stage44_VolCap_14pct,volatility_cap_sensitivity,0.14,parameter_free_expected_log_growth,0.14,0.16,0.9,True,False,0,Optimization terminated successfully,10,-0.016857933649177138,0.0,-5.171876538145881e-10,0.1090897139028276
2008-08,2008-07,2008-07,-0.01286674262775295,-0.012645111307992445,1.336719002780475,-0.05967350366913815,0.07301355842458303,0.0002190406752737491,2.590644486756999e-06,1.56368723050748e-17,0.40717109996884365,0.5928289000311564,4.661844348561055e-18,-0.0,-0.007608717230213463,1.7934782608695652,1.8967391304347827,1.0,1.9241935483870969,0.011701626418185401,0.0016333333333333414,0.14000000000000035,0.010663326931543893,0.12795992317852672,0.00022163281997483698,0.0001706784908149675,0.0,-0.04211653114594834,Stage44_VolCap_14pct,volatility_cap_sensitivity,0.14,parameter_free_expected_log_growth,0.14,0.16,0.9,True,False,0,Optimization terminated successfully,9,-0.010663326931543893,0.0,-3.3306690738754696e-16,0.11788346885405165
2008-09,2008-08,2008-08,0.06821515043753522,0.06870317123130629,1.4279034906478572,0.0,0.15065770849506666,0.00045197312548519997,3.6047668285861635e-05,0.0,0.4839587625367206,0.43747886553993615,0.07856237192334332,-0.0,-0.006496732900909817,1.989247311827957,1.9946236559139785,1.0,1.9682779456193353,0.01109368526549714,0.0016333333333353,0.14000000000008428,0.009788996305030034,0.1174679556603604,0.00048802229379945683,0.0001415190389380724,0.0,-0.04543684852049549,Stage44_VolCap_14pct,volatility_cap_sensitivity,0.14,parameter_free_expected_log_growth,0.14,0.16,0.9,True,False,0,Optimization terminated successfully,9,-0.009788996305030034,0.0,-8.426592756904938e-14,0.11456315147950452
2008-10,2008-09,2008-09,-0.04868635365513417,-0.04844635371505427,1.358384076316775,-0.048686353655134185,0.06857141145139888,0.00020571423435419663,3.4285705725699485e-05,0.0,0.523879512490679,0.4656783389182277,0.010442148591093344,-0.0,-0.007006556265532079,1.9680851063829787,1.9840425531914894,1.0,1.9957386363636362,0.01593616895106172,0.0016333333336069154,0.14000000001172494,0.014879500844061476,0.1785540101287377,0.00024000144019678676,9.956906064206073e-05,0.0,-0.0343974387788446,Stage44_VolCap_14pct,volatility_cap_sensitivity,0.14,parameter_free_expected_log_growth,0.14,0.16,0.9,True,False,0,Optimization terminated successfully,9,-0.014879500844061474,0.0,-1.17249265851882e-11,0.1256025612211554
2008-11,2008-10,2008-10,0.09729392306856473,0.09734517046346723,1.4905465921355026,0.0,0.014642112829287166,4.39263384878615e-05,7.321056414643576e-06,1.1223222325209872e-18,0.5725848044223353,0.42741519557766466,0.0,-0.0,0.003692672006870234,1.9894736842105263,1.9947368421052631,1.0,1.9853333333333332,0.006997366218186307,0.0016333333333333336,0.14,0.006129450656342512,0.07355340787611014,5.124889517712804e-05,0.00012730534256346224,0.0,-0.03255547079400911,Stage44_VolCap_14pct,volatility_cap_sensitivity,0.14,parameter_free_expected_log_growth,0.14,0.16,0.9,True,False,0,Optimization terminated successfully,3,-0.006129450656342512,0.0,0.0,0.1274445292059909
2008-12,2008-11,2008-11,0.03531591433985039,0.03576027378972031,1.543186607902916,0.0,0.12695984281997816,0.0003808795284599345,6.347992140998907e-05,0.0,0.6504208440188372,0.3495791559811629,2.4801124695605914e-18,-0.0,-0.001365285154806893,1.9270833333333333,1.9635416666666665,1.0,1.9555837563451777,0.010159486369969934,0.0016333333361107946,0.14000000011903405,0.008898457252030829,0.10678148702436994,0.0004443624498837075,7.372345793232366e-05,0.0,-0.025245425494713786,Stage44_VolCap_14pct,volatility_cap_sensitivity,0.14,parameter_free_expected_log_growth,0.14,0.16,0.9,True,False,0,Optimization terminated successfully,6,-0.008898457252030829,0.0,-1.1903403263069379e-10,0.13475457450528622
2009-01,2008-12,2008-12,0.04012654157705357,0.04019374166015224,1.6051093494860844,0.0,0.01920002374247597,5.760007122742791e-05,9.60001187123796e-06,3.629774243864508e-17,0.6363674742694325,0.3636325257305675,0.0,-0.0,-0.0009422608130144097,0.24742268041237114,1.1237113402061856,1.0,1.9555288461538463,0.013823453849922476,0.001633333333778029,0.14000000001905838,0.01293958409984365,0.1552750091981238,6.720308318981154e-05,7.923088534103381e-05,0.0,-0.026566020645376137,Stage44_VolCap_14pct,volatility_cap_sensitivity,0.14,parameter_free_expected_log_growth,0.14,0.16,0.9,True,False,0,Optimization terminated successfully,4,-0.01293958409984365,0.0,-1.9058365996471593e-11,0.13343397935462387
2009-02,2009-01,2009-01,0.0673388857445784,0.06733937912330878,1.7131956245786826,0.0,0.00014096535154025188,4.2289605462075565e-07,7.048267577008932e-08,5.421010862427522e-20,0.6156060851626287,0.3843939148373713,1.2112571145736495e-19,-0.0,-0.008238077858228448,0.01020408163265306,1.0051020408163265,1.0,1.856651376146789,0.01478627834117073,0.0016333333390677932,0.14000000024576256,0.013969115280492201,0.1676293833659064,4.963911446327649e-07,8.873899137142735e-05,0.0,-0.028516355822923667,Stage44_VolCap_14pct,volatility_cap_sensitivity,0.14,parameter_free_expected_log_growth,0.14,0.16,0.9,True,False,0,Optimization terminated successfully,6,-0.013969115280492201,0.0,-2.4576254920027907e-10,0.13148364417707634
2009-03,2009-02,2009-02,-0.049379050265359714,-0.0492167345862725,1.6285996517182175,-0.049379050265359714,0.04637590831063196,0.00013912772493189588,2.3187954155315966e-05,0.0,0.6235322104089974,0.37646778959100263,0.0,-0.0,-0.008509366663750736,0.010101010101010102,1.005050505050505,1.0,1.798901098901099,0.0158190656173459,0.0016333333342059707,0.14000000003739874,0.014840080271117969,0.17808096325341563,0.00016231867912494695,8.171221509495e-05,0.0,-0.027771857906712938,Stage44_VolCap_14pct,volatility_cap_sensitivity,0.14,parameter_free_expected_log_growth,0.14,0.16,0.9,True,False,0,Optimization terminated successfully,5,-0.014840080271117969,0.0,-3.739872300734248e-11,0.13222814209328707
2009-04,2009-03,2009-03,-0.03507733856471341,-0.03507519154289463,1.5714727103485233,-0.08272430316591106,0.000613434805365104,1.8403044160953119e-06,3.067174026825381e-07,0.0,0.6601172996546855,0.33988270034531454,0.0,0.0,-0.014598246470828226,0.05,1.025,1.0,1.8647798742138364,0.012724136028057914,0.0016333333333333382,0.1400000000000002,0.011905319336719681,0.14286383204063619,2.1500246715648486e-06,0.00011391574047560304,0.0,-0.030484141708842116,Stage44_VolCap_14pct,volatility_cap_sensitivity,0.14,parameter_free_expected_log_growth,0.14,0.16,0.9,True,False,0,Optimization terminated successfully,2,-0.011905319336719681,0.0,-1.942890293094024e-16,0.1295158582911579
2009-05,2009-04,2009-04,0.031999136901816924,0.03210303704807908,1.621758480744435,-0.05337227256620758,0.02968575607490319,8.905726822470957e-05,1.4842878037451573e-05,2.3053233419873664e-17,0.6630155528917634,0.33698444710823655,0.0,0.0,-0.01424491651810407,0.06930693069306931,1.0346534653465347,1.0,1.6937751004016064,0.009318535098716307,0.0016333333334020025,0.14000000000294296,0.008397965285694194,0.10077558342833033,0.00010390314632111194,0.00014097033250575316,0.0,-0.04383653097983267,Stage44_VolCap_14pct,volatility_cap_sensitivity,0.14,parameter_free_expected_log_growth,0.14,0.16,0.9,True,False,0,Optimization terminated successfully,6,-0.008397965285694194,0.0,-2.9429514381007493e-12,0.11616346902016733
2009-06,2009-05,2009-05,-0.014640164136033596,-0.014397157100038638,1.5980156703973318,-0.06723105787155881,0.06943058171284537,0.00020829174513853612,3.4715290856422696e-05,0.0,0.5718471306435552,0.4281528693564448,9.452887691357992e-19,0.0,-0.015975378244835546,0.049019607843137254,1.0245098039215685,1.0,1.5048262548262548,0.012671951638111016,0.001633333336302316,0.14000000012724212,0.011612274933939693,0.13934729920727632,0.00024301003602016384,0.0002490527327671365,0.0,-0.06602590160352012,Stage44_VolCap_14pct,volatility_cap_sensitivity,0.14,parameter_free_expected_log_growth,0.14,0.16,0.9,True,False,0,Optimization terminated successfully,6,-0.011612274933939693,0.0,-1.2724210574077688e-10,0.09397409839647988
2009-07,2009-06,2009-06,-0.008106666177440325,-0.00810666336028731,1.5850610908111022,-0.0747927043060782,8.049008611565886e-07,2.4147025834697657e-09,4.0245043056441567e-10,9.509021115159778e-22,0.5801995615682498,0.41980043843175013,1.0125257892212208e-18,0.0,-0.013640761524003139,1.8349514563106797,1.9174757281553398,1.0018382352941178,1.5212962962962964,0.009975340937472354,0.0012910125921757128,0.12446747007193708,0.009329827148462163,0.11195792578154595,7.492922334570437e-09,0.00023643022478640787,0.0,-0.0736234192511015,Stage44_VolCap_14pct,volatility_cap_sensitivity,0.14,parameter_free_expected_log_growth,0.14,0.16,0.9,True,False,0,Optimization terminated successfully,1,-0.009329827148462163,0.0,0.015532529928062935,0.08637658074889851
2009-08,2009-07,2009-07,0.008595688289357476,0.00859568937118209,1.5986857818673033,-0.06683991078925389,3.090927467586107e-07,9.272782402758321e-10,1.5454637339318254e-10,1.4180457808481839e-21,0.584795873171757,0.41520412682824304,9.617602334128624e-19,0.0,-0.0139393894389575,1.7211538461538463,1.8605769230769231,1.0561224489795917,1.5791814946619218,0.009425638735897949,0.001154019057602918,0.11767849714894822,0.008848622543717653,0.10618347052461183,6.663378835820847e-09,0.00022604631437419804,0.0,-0.07954658144389243,Stage44_VolCap_14pct,volatility_cap_sensitivity,0.14,parameter_free_expected_log_growth,0.14,0.16,0.9,True,False,0,Optimization terminated successfully,1,-0.008848622543717653,0.0,0.02232150285105179,0.08045341855610758
2009-09,2009-08,2009-08,-0.003620137078953535,-0.0036201344569048136,1.5928983201907696,-0.07021807822880533,7.491567776130036e-07,2.247470332839011e-09,3.7457838880650093e-10,2.576269799995483e-21,0.5800513479252531,0.4199486520747469,9.356495224073168e-19,0.0,-0.013151977115942114,0.2,1.1,1.1,1.650943396226415,0.008926450622677197,0.0011880270011757903,0.119399849305221,0.008332429748859432,0.09998915698631318,7.373229870322716e-09,0.00022669367893101027,0.0,-0.07969454618244978,Stage44_VolCap_14pct,volatility_cap_sensitivity,0.14,parameter_free_expected_log_growth,0.14,0.16,0.9,True,False,0,Optimization terminated successfully,1,-0.008332429748859432,0.0,0.02060015069477901,0.08030545381755022
2009-10,2009-09,2009-09,0.030458712153818963,0.030458719891712543,1.6414159516157618,-0.04189811830775203,2.21082673645956e-06,6.63248020937868e-09,1.1054133682297788e-09,3.065712717294973e-21,0.585433954760279,0.41456604523972096,8.72798473904695e-19,0.0,-0.012416902861128653,0.3867924528301887,1.1933962264150944,1.1324404761904763,1.5529801324503312,0.0099692035579952,0.0013845174050795847,0.1288961165472219,0.009276933362811707,0.11132320035374049,1.1492643700191017e-08,0.00021477174501447833,0.0,-0.08161087474755932,Stage44_VolCap_14pct,volatility_cap_sensitivity,0.14,parameter_free_expected_log_growth,0.14,0.16,0.9,True,False,0,Optimization terminated successfully,2,-0.009276933362811707,0.0,0.011103883452778102,0.07838912525244068
2009-11,2009-10,2009-10,0.050693908602697686,0.05092010198191426,1.7246257418459812,0.0,0.06462667977616313,0.0001938800393284894,3.231333988808158e-05,0.0,0.5049059141789805,0.49509408582101955,8.482187933804564e-18,0.0,-0.00823911241582813,0.9532710280373832,1.4766355140186915,1.1522346368715084,1.4353035143769968,0.012062021818434528,0.0016333333333844013,0.14000000000218862,0.011019158772498677,0.13222990526998413,0.00022619637924364957,0.0003207993185591323,0.0,-0.10109151249536123,Stage44_VolCap_14pct,volatility_cap_sensitivity,0.14,parameter_free_expected_log_growth,0.14,0.16,0.9,True,False,0,Optimization terminated successfully,7,-0.011019158772498677,0.0,-2.1886104040191867e-12,0.05890848750463877
2009-12,2009-11,2009-11,-0.035181175246516996,-0.03503936592817038,1.6639513813874434,-0.03518117524651698,0.04051694809903338,0.00012155084429710016,2.0258474049516684e-05,2.554454645113968e-06,0.5272689406981963,0.47272850484715856,2.800240990799747e-17,0.0,-0.0046455693537102065,0.6666666666666666,1.3333333333333333,1.414021164021164,1.4481424148606812,0.01325832147876995,0.0016333333333362866,0.14000000000012658,0.012299843710568732,0.14759812452682478,0.0001418111015330755,0.0002810370504774629,0.0,-0.09568898188533596,Stage44_VolCap_14pct,volatility_cap_sensitivity,0.14,parameter_free_expected_log_growth,0.14,0.16,0.9,True,False,0,Optimization terminated successfully,9,-0.012299843710568732,0.0,-1.2656542480726785e-13,0.06431101811466404
2010-01,2009-12,2009-12,0.003775584620484263,0.003864366533684024,1.6702337706322434,-0.03153842013022401,0.025366438244125458,7.609931473237637e-05,1.2682598467384468e-05,1.6498753764022738e-06,0.5695668757299708,0.4304314743946528,2.431513954211876e-19,0.0,-0.008019845016516768,1.1192660550458715,1.5596330275229358,1.26375,1.2881736526946108,0.011733809934672431,0.0016333333333652417,0.1400000000013675,0.010828359325679014,0.12994031190814817,8.87839423107951e-05,0.00024268952791865834,0.0,-0.08545522559436516,Stage44_VolCap_14pct,volatility_cap_sensitivity,0.14,parameter_free_expected_log_growth,0.14,0.16,0.9,True,False,0,Optimization terminated successfully,8,-0.010828359325679014,0.0,-1.367489455006421e-12,0.07454477440563484
2010-02,2010-01,2010-01,0.011651393965469116,0.011679972233176763,1.6896943223083107,-0.02025449272274049,0.008165441757819478,2.4496325273458434e-05,4.0819424341886345e-06,0.0,0.5804806926300486,0.41951930736995136,0.0,-0.0,-0.006035248891202014,1.0545454545454545,1.5272727272727273,1.2828162291169452,1.249636098981077,0.010860759871854926,0.0016333333333402036,0.14000000000029444,0.01001551299702757,0.12018615596433085,2.8580208157253798e-05,0.000223478086615134,0.0,-0.08281165006839786,Stage44_VolCap_14pct,volatility_cap_sensitivity,0.14,parameter_free_expected_log_growth,0.14,0.16,0.9,True,False,0,Optimization terminated successfully,5,-0.01001551299702757,0.0,-2.944311461305915e-13,0.07718834993160215
2010-03,2010-02,2010-02,-0.0008603102663087939,-0.0006610115268270052,1.688240660935905,-0.02109737784102117,0.05694249699479676,0.0001708274909843903,2.8471248497398405e-05,1.2714606164995545e-17,0.5229011048797255,0.4770988951202745,0.0,0.0,-0.002119381593439771,1.3153153153153154,1.6576576576576576,1.1324200913242009,1.2202549575070822,0.011323006941937629,0.0016333333335294437,0.14000000000840473,0.010307038535660385,0.12368446242792462,0.00019930173951252143,0.00029545862149940274,0.0,-0.09674598489915945,Stage44_VolCap_14pct,volatility_cap_sensitivity,0.14,parameter_free_expected_log_growth,0.14,0.16,0.9,True,False,0,Optimization terminated successfully,7,-0.010307038535660385,0.0,-8.404721363319823e-12,0.06325401510084055
2010-04,2010-03,2010-03,0.024380617332186418,0.02438062027616207,1.7294010104548208,0.0,8.411359005699942e-07,2.5234077017099827e-09,4.2056795031275574e-10,4.112266503845146e-17,0.5303898672123266,0.46961013278767344,2.775557561562892e-17,0.0,-0.003506798743390653,0.22321428571428573,1.1116071428571428,1.0119305856832972,1.117283950617284,0.009999571605950532,0.0011941729487746776,0.11970829288439515,0.009402477558053311,0.11282973069663974,7.573509881831737e-09,0.00027888380313615324,0.0,-0.09493625112973673,Stage44_VolCap_14pct,volatility_cap_sensitivity,0.14,parameter_free_expected_log_growth,0.14,0.16,0.9,True,False,0,Optimization terminated successfully,1,-0.009402477558053311,0.0,0.020291707115604865,0.06506374887026327
2010-05,2010-04,2010-04,0.062000427822819906,0.06200042846267005,1.8366246129802366,0.0,1.8281432645485887e-07,5.484429793645766e-10,9.140716322741133e-11,4.124492681971455e-17,0.5204578206533899,0.4795421793466102,2.70641826749412e-17,0.0,-0.0019695521992413208,0.168141592920354,1.084070796460177,1.1524896265560165,1.1666666666666667,0.010252588498747571,0.0012432583046572787,0.12214376634068291,0.009630952788412719,0.11557143346095262,6.558006212048387e-09,0.00028678269069325624,0.0,-0.09733626073686974,Stage44_VolCap_14pct,volatility_cap_sensitivity,0.14,parameter_free_expected_log_growth,0.14,0.16,0.9,True,False,0,Optimization terminated successfully,1,-0.009630952788412719,0.0,0.0178562336593171,0.06266373926313026
2010-06,2010-05,2010-05,0.00695218905227197,0.007356666954187789,1.849393174507731,0.0,0.11556511483309126,0.0003466953444992738,5.778255741654565e-05,0.03432284787698929,0.5712001438014566,0.3944770083215542,9.55580219444939e-18,0.0,0.001213608940475804,1.6491228070175439,1.8245614035087718,1.2579681274900398,1.4850649350649352,0.011250647837824666,0.0016333333336958468,0.14000000001553628,0.010029501769021188,0.12035402122825425,0.0004044794019555556,0.00017070625896223126,0.0,-0.06377662639005235,Stage44_VolCap_14pct,volatility_cap_sensitivity,0.14,parameter_free_expected_log_growth,0.14,0.16,0.9,True,False,0,Optimization terminated successfully,9,-0.010029501769021188,0.0,-1.553626671757513e-11,0.09622337360994765
2010-07,2010-06,2010-06,-0.026392514285936503,-0.026371151538406357,1.8005830387292223,-0.026392514285936475,0.0061036421514705855,1.8310926454411755e-05,3.051821075735279e-06,0.035008966038384284,0.5746429027677123,0.39034813119390344,3.0028534429466454e-17,0.0,-0.00010004125876056624,1.1217391304347826,1.5608695652173914,1.3463740458015268,1.4482323232323233,0.011719658226787845,0.001633333333336825,0.14000000000014964,0.010881626344025156,0.13057951612830188,2.1365216094277214e-05,0.0001630870958935073,0.0,-0.05996868473149294,Stage44_VolCap_14pct,volatility_cap_sensitivity,0.14,parameter_free_expected_log_growth,0.14,0.16,0.9,True,False,0,Optimization terminated successfully,11,-0.010881626344025154,0.0,-1.4963030814385547e-13,0.10003131526850706
2010-08,2010-07,2010-07,0.04058945595004904,0.04094666117745485,1.8736677246641276,0.0,0.10205863640165959,0.0003061759092049788,5.102931820082975e-05,0.03773291502170957,0.49119413212261537,0.47107295285567513,0.0,0.0,0.00041812297385189766,1.353448275862069,1.6767241379310345,1.0587155963302752,1.1961869618696186,0.011510228624450784,0.0016333333333642152,0.1400000000013235,0.010336354300338543,0.12403625160406251,0.00035720765743013335,0.00027123835842584974,0.0,-0.07806778438469776,Stage44_VolCap_14pct,volatility_cap_sensitivity,0.14,parameter_free_expected_log_growth,0.14,0.16,0.9,True,False,0,Optimization terminated successfully,13,-0.010336354300338543,0.0,-1.3234968676556491e-12,0.08193221561530224
2010-09,2010-08,2010-08,0.006983469264805754,0.007259454207860851,1.8867524256317783,0.0,0.08477497141275504,0.0002543249142382651,2.1660028816832654e-05,0.07731126958616802,0.39219828575692756,0.5304904446569045,0.0,0.0,0.0033150806071311494,1.547008547008547,1.7735042735042734,1.1216931216931216,1.3191616766467065,0.012748669333722764,0.001633333336269189,0.1400000001258224,0.011656016222483048,0.13987219466979656,0.00027598644310512067,0.00034675909410809017,0.0,-0.07920110039220808,Stage44_VolCap_14pct,volatility_cap_sensitivity,0.14,parameter_free_expected_log_growth,0.14,0.16,0.9,True,False,0,Optimization terminated successfully,10,-0.011656016222483048,0.0,-1.2582238029246184e-10,0.08079889960779192
2010-10,2010-09,2010-09,0.009995799799728368,0.01005911172215274,1.9056120251500455,0.0,0.018089120692677402,5.42673620780322e-05,9.04456034633866e-06,0.08179251151310205,0.3773038581445334,0.5409036303423647,3.2175075897046632e-18,-0.0,0.000655171555938772,0.923728813559322,1.461864406779661,1.1037414965986394,1.1360981308411215,0.012310351788358573,0.0016333333333339586,0.1400000000000268,0.01143037035188349,0.13716444422260188,6.331476980810508e-05,0.00035589762423559186,0.0,-0.08031036017541592,Stage44_VolCap_14pct,volatility_cap_sensitivity,0.14,parameter_free_expected_log_growth,0.14,0.16,0.9,True,False,0,Optimization terminated successfully,9,-0.01143037035188349,0.0,-2.67841304690819e-14,0.07968963982458409
2010-11,2010-10,2010-10,0.03268778336866038,0.0330116213013585,1.9679022582128642,0.0,0.09252512362803555,0.0002775753708841067,4.6262561814017805e-05,0.09223352851663379,0.4538745372737528,0.45389193420961343,0.0,-0.0,-0.00037412675644098235,0.226890756302521,1.1134453781512605,1.2914614121510672,1.2354618015963512,0.010832236550527629,0.0016333333468740577,0.14000000058031675,0.009691730444302021,0.11630076533162426,0.000323839432788578,0.00023433289622919073,0.0,-0.059259687899498835,Stage44_VolCap_14pct,volatility_cap_sensitivity,0.14,parameter_free_expected_log_growth,0.14,0.16,0.9,True,False,0,Optimization terminated successfully,9,-0.009691730444302023,0.0,-5.803167391071895e-10,0.10074031210050116
2010-12,2010-11,2010-11,0.0032144867944841242,0.00351039400795066,1.974228054034725,0.0,0.08454491813329602,0.0002536347543998881,4.227245906664796e-05,0.09170649042881547,0.526354957569119,0.38193855200206567,2.828690045790841e-17,0.0,-0.0003555790547450474,1.6416666666666666,1.8208333333333333,1.392063492063492,1.2310690423162582,0.011129945791637208,0.0016333333333426938,0.14000000000040116,0.010017369374426278,0.12020843249311533,0.00029590975053958205,0.0001544570264304114,0.0,-0.0459073215653397,Stage44_VolCap_14pct,volatility_cap_sensitivity,0.14,parameter_free_expected_log_growth,0.14,0.16,0.9,True,False,0,Optimization terminated successfully,15,-0.010017369374426276,2.220446049250313e-16,-4.011513343726847e-13,0.11409267843466031
2011-01,2010-12,2010-12,-0.03177781880373944,-0.031467059343097945,1.9114913926563504,-0.03177781880373942,0.08878841732614248,0.00026636525197842745,4.439420866307116e-05,0.011394070686266156,0.5238759759617424,0.4647299533519914,0.0,0.0,-0.0034006147390720277,1.3388429752066116,1.6694214876033058,1.164877300613497,1.1217391304347826,0.012559971786492872,0.001633333334034382,0.14000000003004492,0.011432543896825489,0.13719052676190585,0.0003107612226501923,0.00024636398099111705,0.0,-0.08603738117182318,Stage44_VolCap_14pct,volatility_cap_sensitivity,0.14,parameter_free_expected_log_growth,0.14,0.16,0.9,True,False,0,Optimization terminated successfully,25,-0.011432543896825489,0.0,-3.004491100355722e-11,0.07396261882817683
2011-02,2011-01,2011-01,0.03306501093336643,0.03313467304834231,1.9746948764535683,0.0,0.01990346142167937,5.9710384265038106e-05,9.951730710839714e-06,0.0,0.5299976126469439,0.4700023873530561,2.657431041570521e-18,0.0,-0.0037036061329168164,0.6475409836065574,1.3237704918032787,1.0989583333333333,1.4175531914893618,0.010499092542167483,0.001633333333333336,0.14000000000000012,0.009612762260318132,0.11535314712381758,6.966361518268233e-05,0.000270257837717869,0.0,-0.0913478520090057,Stage44_VolCap_14pct,volatility_cap_sensitivity,0.14,parameter_free_expected_log_growth,0.14,0.16,0.9,True,False,0,Optimization terminated successfully,5,-0.009612762260318132,0.0,-1.1102230246251565e-16,0.0686521479909943
2011-03,2011-02,2011-02,-0.005306087697388983,-0.005225109969825171,1.964216972263521,-0.005306087697388939,0.0231369792804789,6.94109378414367e-05,1.1566789722374875e-05,3.399835729177862e-06,0.4927535799733339,0.5072430201909369,2.1445324191209164e-19,0.0,-8.648185105336895e-05,1.032520325203252,1.5162601626016259,1.0151953690303908,1.5260688216892597,0.011052159184828193,0.0016333333333334514,0.14000000000000506,0.010154513074498456,0.12185415689398148,8.097944366301147e-05,0.00031582005224650836,0.0,-0.10006554341618233,Stage44_VolCap_14pct,volatility_cap_sensitivity,0.14,parameter_free_expected_log_growth,0.14,0.16,0.9,True,False,0,Optimization terminated successfully,10,-0.010154513074498456,0.0,-5.051514762044462e-15,0.05993445658381767
2011-04,2011-03,2011-03,0.034460162949213696,0.03457458115446672,2.031904209195333,0.0,0.03269091578657701,9.807274735973105e-05,1.6345457893288505e-05,8.200226859139856e-18,0.4671185018669169,0.532881498133083,0.0,-0.0,-0.0031374428260317233,1.032258064516129,1.5161290322580645,1.0469187675070029,1.4012219959266803,0.011253934316509565,0.0016333333335582852,0.1400000000096408,0.01032284774693526,0.12387417296322312,0.00011441990279516183,0.00034764217856604715,0.0,-0.10606120697442134,Stage44_VolCap_14pct,volatility_cap_sensitivity,0.14,parameter_free_expected_log_growth,0.14,0.16,0.9,True,False,0,Optimization terminated successfully,6,-0.01032284774693526,0.0,-9.64078816778624e-12,0.05393879302557866
2011-05,2011-04,2011-04,0.00046491216711177927,0.0007640712284528266,2.032848866184594,0.0,0.08547401752601354,0.00025642205257804063,4.273700876300672e-05,1.594010216218771e-06,0.5379629494015112,0.4620354565882726,2.921218111733069e-17,0.0,-0.004012503171058304,0.848,1.424,1.3099455040871935,1.1786427145708582,0.011830832825210916,0.0016333333333346575,0.14000000000005675,0.010715005165618022,0.12858006198741628,0.0002991609929255639,0.0002474063172185383,0.0,-0.08557006097403963,Stage44_VolCap_14pct,volatility_cap_sensitivity,0.14,parameter_free_expected_log_growth,0.14,0.16,0.9,True,False,0,Optimization terminated successfully,9,-0.010715005165618022,0.0,-5.67323965583455e-14,0.07442993902596037
2011-06,2011-05,2011-05,-0.017945052759003443,-0.01784144471753041,1.9963692860298308,-0.017945052759003488,0.029602297563723495,8.880689269117049e-05,1.4801148781861742e-05,1.9325903724554117e-17,0.5125810392937541,0.4874189607062459,0.0,0.0,-0.0009842462085014583,0.5555555555555556,1.2777777777777777,1.0549668874172184,1.3582600195503423,0.01164274250690834,0.0016333333351694632,0.1400000000786913,0.010722465857424004,0.12866959028908803,0.00010360998189960518,0.00027496202713855433,0.0,-0.09121380142320913,Stage44_VolCap_14pct,volatility_cap_sensitivity,0.14,parameter_free_expected_log_growth,0.14,0.16,0.9,True,False,0,Optimization terminated successfully,6,-0.010722465857424004,0.0,-7.869127571780155e-11,0.06878619857679087
2011-07,2011-06,2011-06,0.03974740813979314,0.03984359408073488,2.075719790839406,0.0,0.0274819119040811,8.24457357122433e-05,1.3740205229495095e-05,1.5014450909683666e-06,0.4949529485949516,0.5050455499599575,0.0,-0.0,-0.00013793382644680156,0.7480314960629921,1.374015748031496,1.0096525096525097,1.222488038277512,0.011499823299393874,0.0016333333333337894,0.14000000000001955,0.01058696873792189,0.12704362485506268,9.618789480508846e-05,0.00029875183423737237,0.0,-0.09512882235178853,Stage44_VolCap_14pct,volatility_cap_sensitivity,0.14,parameter_free_expected_log_growth,0.14,0.16,0.9,True,False,0,Optimization terminated successfully,8,-0.01058696873792189,0.0,-1.9539925233402755e-14,0.06487117764821147
2011-08,2011-07,2011-07,0.05857959540659746,0.058835238665660546,2.1973146163642454,0.0,0.07304102407204552,0.00021912307221613655,3.6520186846943885e-05,0.07304247877517207,0.4778937238253653,0.4490637973994625,0.0,-0.0,0.00014423463985204554,0.5234375,1.26171875,1.3061480552070264,1.3807511737089202,0.011710574341638916,0.0016333333335334485,0.14000000000857638,0.010638262102014122,0.12765914522416946,0.0002556455728580699,0.0002138292996479782,0.0,-0.06008162005124927,Stage44_VolCap_14pct,volatility_cap_sensitivity,0.14,parameter_free_expected_log_growth,0.14,0.16,0.9,True,False,0,Optimization terminated successfully,16,-0.010638262102014124,0.0,-8.576361842926872e-12,0.09991837994875073
2011-09,2011-08,2011-08,-0.016846604478426924,-0.016193835498609185,2.1602973261076905,-0.016846604478426896,0.18650542280506843,0.0005595162684152053,9.325271140253418e-05,0.20744714757153657,0.49640735385789964,0.29614549857056377,1.4348897358755764e-17,-0.0,0.006787715311878481,1.5271317829457365,1.7635658914728682,1.802439024390244,1.7017463235294117,0.011587642442757128,0.001633333333417168,0.14000000000359292,0.01011820529620094,0.12141846355441129,0.0006527704798476023,0.00013170161302203826,0.0,-0.0369209688940666,Stage44_VolCap_14pct,volatility_cap_sensitivity,0.14,parameter_free_expected_log_growth,0.14,0.16,0.9,True,False,0,Optimization terminated successfully,9,-0.01011820529620094,0.0,-3.5929037522919316e-12,0.1230790311059334
2011-10,2011-09,2011-09,0.01669803999230867,0.016784555449641744,2.196370057254314,-0.0004298697614336655,0.02471870209516331,7.415610628548993e-05,1.2359351047581617e-05,0.204310256245072,0.5158945768292308,0.2797951669256973,2.7755575615628914e-17,-0.0,0.007948722951305606,1.523076923076923,1.7615384615384615,1.8543400713436387,1.8706041478809738,0.011193609002045978,0.0016333333333336999,0.14000000000001572,0.010290425377884192,0.1234851045346103,8.65169574949361e-05,0.00012276670428732828,0.0,-0.03551566070981944,Stage44_VolCap_14pct,volatility_cap_sensitivity,0.14,parameter_free_expected_log_growth,0.14,0.16,0.9,True,False,0,Optimization terminated successfully,7,-0.01029042537788419,0.0,-1.5709655798445965e-14,0.12448433929018057
2011-11,2011-10,2011-10,0.023846505189139493,0.023983344946138917,2.2487458072218995,0.0,0.0390970734284071,0.0001172912202852213,1.9548536714203564e-05,0.22501616622831738,0.4723688742380438,0.30261495953363887,3.146644019243981e-17,-0.0,0.0027442567445509504,1.3358778625954197,1.66793893129771,1.70707656612529,1.6597345132743362,0.010933817252668291,0.0016333333333597671,0.14000000000113288,0.009980309328298994,0.11976371193958793,0.00013684125768941287,0.00014785629479616158,0.0,-0.04016574302000767,Stage44_VolCap_14pct,volatility_cap_sensitivity,0.14,parameter_free_expected_log_growth,0.14,0.16,0.9,True,False,0,Optimization terminated successfully,9,-0.00998030932829899,0.0,-1.1328715743275097e-12,0.11983425697999234
2011-12,2011-11,2011-11,-0.03426508804163766,-0.03415280518328498,2.171692334154178,-0.034265088041637526,0.035336590583703954,0.00010600977175111186,6.273086601568761e-06,0.2459767110336767,0.4290803686204748,0.32494292034584854,0.0,-0.0,0.005712833355647859,1.0681818181818181,1.5340909090909092,1.5973952434881087,1.576020851433536,0.012497882732004754,0.0016333333333813454,0.14000000000205765,0.011568931706827563,0.13882718048193077,0.00011228435848651918,0.00017488078318707466,0.0,-0.04484665845520952,Stage44_VolCap_14pct,volatility_cap_sensitivity,0.14,parameter_free_expected_log_growth,0.14,0.16,0.9,True,False,0,Optimization terminated successfully,11,-0.011568931706827563,0.0,-2.057631842689034e-12,0.11515334154479048
2012-01,2011-12,2011-12,0.04353538187453228,0.04364614423075448,2.2662377892355745,0.0,0.03692069627540377,0.00011076208882621131,2.673959939580861e-10,0.28112593510606404,0.40899650122287146,0.3098775636710645,0.0,0.0,0.006535252092134374,1.2330827067669172,1.6165413533834587,1.5038716814159292,1.5034129692832765,0.011480350815515605,0.001633333333333337,0.14000000000000015,0.0105529190941291,0.1266350291295492,0.00011076505471983614,0.00021132591764335516,0.0,-0.052961434059850654,Stage44_VolCap_14pct,volatility_cap_sensitivity,0.14,parameter_free_expected_log_growth,0.14,0.16,0.9,True,False,0,Optimization terminated successfully,36,-0.0105529190941291,0.0,-1.3877787807814457e-16,0.10703856594014935
2012-02,2012-01,2012-01,0.005322373438262519,0.005322384536410159,2.2782995530497887,0.0,3.277237297122371e-06,9.831711891367114e-09,1.2664357477987228e-09,0.28902280063337793,0.3936607734342899,0.3173164259323322,1.1990036287388055e-21,-0.0,0.002304680560719965,0.9626865671641791,1.4813432835820897,1.3685064935064934,1.2663590604026846,0.010236246337494061,0.0013083503240488605,0.1253004544628084,0.009582057219653073,0.11498468663583689,1.3955816557657262e-08,0.0002207866517330374,0.0,-0.054691728205775406,Stage44_VolCap_14pct,volatility_cap_sensitivity,0.14,parameter_free_expected_log_growth,0.14,0.16,0.9,True,False,0,Optimization terminated successfully,2,-0.009582057219653073,0.0,0.014699545537191605,0.1053082717942246
2012-03,2012-02,2012-02,-0.005128880383073979,-0.005128877343768376,2.2666144271653854,-0.005128880383074019,8.683730294140046e-07,2.605119088242014e-09,4.3418651470006344e-10,0.3000279796665695,0.3923316383589212,0.3076403819745093,2.775685642192489e-17,-0.0,-4.736224566829339e-05,0.43703703703703706,1.2185185185185186,1.507415254237288,1.2809405940594059,0.009460391799728797,0.0011717071508435175,0.11857691938198686,0.008874530803665199,0.10649436964398239,7.4206418412544286e-09,0.00022205151201888963,0.0,-0.053960121481354595,Stage44_VolCap_14pct,volatility_cap_sensitivity,0.14,parameter_free_expected_log_growth,0.14,0.16,0.9,True,False,0,Optimization terminated successfully,1,-0.008874530803665199,0.0,0.02142308061801315,0.10603987851864541
2012-04,2012-03,2012-03,0.001981004679083555,0.0019810133444796156,2.2711046009512783,-0.003158036040027734,2.4758274458358775e-06,7.427482337507633e-09,1.2379137229179037e-09,0.3009084687059847,0.3946050225211835,0.3044865087728318,2.6614214482358748e-17,0.0,0.0006181948604560173,0.8455882352941176,1.4227941176470589,1.0745341614906831,1.0948136142625609,0.009407014955243627,0.0008859169535318703,0.10310675750106024,0.008964044323637026,0.10756853188364432,1.2154840667046402e-08,0.000218170759531087,0.0,-0.054116173335365045,Stage44_VolCap_14pct,volatility_cap_sensitivity,0.14,parameter_free_expected_log_growth,0.14,0.16,0.9,True,False,0,Optimization terminated successfully,1,-0.008964044323637026,0.0,0.03689324249893977,0.10588382666463496
2012-05,2012-04,2012-04,-0.04282867778346349,-0.04214110134353334,2.1738361937845947,-0.04585145931550427,0.22919195923865013,0.0006875758777159504,5.622142010419548e-10,0.528508086973709,0.16752391512928352,0.3039679978970074,3.566983414474631e-19,-0.0,0.002995287288542281,0.2846715328467153,1.1423357664233578,1.06947261663286,1.0043859649122806,0.011343333099945386,0.0014314467225880223,0.13106243043319574,0.009940031038027177,0.11928037245632613,0.0006875787006241972,0.000536302681302733,0.0,-0.12470579725857825,Stage44_VolCap_14pct,volatility_cap_sensitivity,0.14,parameter_free_expected_log_growth,0.14,0.16,0.9,True,False,0,Optimization terminated successfully,17,-0.009940031038027177,0.0,0.008937569566804276,0.035294202741421754
2012-06,2012-05,2012-05,-0.011029436473369946,-0.010841280762660237,2.149860005581735,-0.056375180031142724,0.05766724023391227,0.00017300172070173683,1.5153990007972046e-05,0.4785238670876525,0.23404626760492164,0.2874298653074259,0.0,0.0,0.007540228863782164,0.391304347826087,1.1956521739130435,1.5441468253968254,1.436128526645768,0.012264872308203532,0.0016333333335773626,0.1400000000104584,0.01126004843063173,0.13512058116758074,0.00018815721078312215,0.00045009403303893195,0.0,-0.10809973244453398,Stage44_VolCap_14pct,volatility_cap_sensitivity,0.14,parameter_free_expected_log_growth,0.14,0.16,0.9,True,False,0,Optimization terminated successfully,7,-0.01126004843063173,0.0,-1.0458384158695821e-11,0.05190026755546602
2012-07,2012-06,2012-06,0.012135854788201362,0.012242307920888701,2.1759503944244365,-0.04492348624145803,0.035484028826434616,0.00010645208647930385,1.0462080348005646e-09,0.4540174808110317,0.2725602577234451,0.27342226146552323,3.11566475955689e-17,0.0,0.007705455461826361,0.6834532374100719,1.341726618705036,1.2886297376093294,1.4414032382420972,0.0117262691042117,0.001633333333350391,0.14000000000073104,0.01080314735144757,0.12963776821737083,0.00010645508608893468,0.00039669682483633924,0.0,-0.10075846863623267,Stage44_VolCap_14pct,volatility_cap_sensitivity,0.14,parameter_free_expected_log_growth,0.14,0.16,0.9,True,False,0,Optimization terminated successfully,20,-0.010803147351447568,0.0,-7.310263505644343e-13,0.059241531363767336
2012-08,2012-07,2012-07,0.022041103167038563,0.02214107199435169,2.223910741554304,-0.023872546269290473,0.03332289105590215,9.996867316770646e-05,1.541454188344724e-10,0.41738498257067497,0.30803536211792276,0.27457965531140227,0.0,-0.0,0.007891200641996055,1.3071428571428572,1.6535714285714285,1.2957142857142858,1.417298937784522,0.011849511977119028,0.001633333333376909,0.14000000000186752,0.010932873506767833,0.131194482081214,9.99718036627398e-05,0.00033604368076462854,0.0,-0.08670898555138791,Stage44_VolCap_14pct,volatility_cap_sensitivity,0.14,parameter_free_expected_log_growth,0.14,0.16,0.9,True,False,0,Optimization terminated successfully,10,-0.010932873506767833,0.0,-1.867506149721976e-12,0.0732910144486121
2012-09,2012-08,2012-08,0.03287330302797753,0.03331081219893621,2.2970180332685928,0.0,0.14583637230565222,0.0004375091169169567,5.404172480038681e-11,0.5581206203551093,0.15751200077923877,0.28436737886565194,2.1529858941968835e-17,-0.0,0.0073339371135829196,0.40425531914893614,1.202127659574468,1.1607642124883504,1.2296793437733036,0.013752923025482198,0.0016333333333473268,0.14000000000059973,0.012498743892358355,0.14998492670830027,0.0004375124664501802,0.0005809097959242002,0.0,-0.1388413335596481,Stage44_VolCap_14pct,volatility_cap_sensitivity,0.14,parameter_free_expected_log_growth,0.14,0.16,0.9,True,False,0,Optimization terminated successfully,12,-0.012498743892358355,0.0,-5.997147223268939e-13,0.021158666440351914
2012-10,2012-09,2012-09,-0.03909848621008058,-0.038881663628603985,2.207208105370534,-0.03909848621008061,0.0619493089933137,0.0001858479269799411,3.0974654496656834e-05,0.5033466169102802,0.15277716644755845,0.34387621664216145,0.0,-0.0,0.005044414273340874,1.028169014084507,1.5140845070422535,1.0737179487179487,1.3003676470588235,0.013308739471961222,0.0016333333336739301,0.140000000014597,0.012275247357543727,0.14730296829052472,0.00021682544758052996,0.000505083340190946,0.0,-0.10955033456726862,Stage44_VolCap_14pct,volatility_cap_sensitivity,0.14,parameter_free_expected_log_growth,0.14,0.16,0.9,True,False,0,Optimization terminated successfully,12,-0.012275247357543729,0.0,-1.4596990283166633e-11,0.05044966543273138
2012-11,2012-10,2012-10,-0.0015638414768249062,-0.0015274202862503618,2.2037563817873718,-0.04060118385248912,0.010406054449869875,3.121816334960963e-05,5.203027224934931e-06,0.49043937294105605,0.15669600139170048,0.3528646256672435,0.0,-0.0,0.007730240270275979,1.1608391608391608,1.5804195804195804,1.0085354896675651,1.280955829109341,0.013660475746346979,0.0016333333417901921,0.1400000003624368,0.012807386384425901,0.15368863661311083,3.6422691025982974e-05,0.0005015856339027035,0.0,-0.10380960956527101,Stage44_VolCap_14pct,volatility_cap_sensitivity,0.14,parameter_free_expected_log_growth,0.14,0.16,0.9,True,False,0,Optimization terminated successfully,5,-0.012807386384425901,0.0,-3.6243677503655647e-10,0.056190390434728996
2012-12,2012-11,2012-11,0.02153867030936972,0.021557637428608542,2.251222363936859,-0.01993700905628837,0.006322288080857635,1.8966864242572907e-05,2.5499625028180264e-10,0.5087179389949383,0.15061393008764842,0.34066813091741327,0.0,-0.0,0.0066232376150419684,1.2013888888888888,1.6006944444444444,1.0030864197530864,1.0552781740370898,0.013090178622335953,0.0016333333337342228,0.14000000001718096,0.01225454211090105,0.1470545053308126,1.8969844567790545e-05,0.0005186897498473177,0.0,-0.11205807411228282,Stage44_VolCap_14pct,volatility_cap_sensitivity,0.14,parameter_free_expected_log_growth,0.14,0.16,0.9,True,False,0,Optimization terminated successfully,15,-0.012254542110901052,0.0,-1.7180951106254838e-11,0.04794192588771719
2013-01,2012-12,2012-12,-0.011109441187112911,-0.010848549468992113,2.2262125414855896,-0.03082496121384337,0.0869638533811127,0.00026089156014333815,1.5797745958440772e-10,0.6093044164945571,0.060361859069380054,0.3303337244360628,1.0759225958022664e-16,0.0,0.005145437357051928,0.43448275862068964,1.217241379310345,1.0229636048526862,1.0847398030942335,0.013733389452773172,0.0016333333344359592,0.1400000000472554,0.012655828101873757,0.1518699372224851,0.0002608946836814359,0.0007048036037915898,0.0,-0.14461469730422336,Stage44_VolCap_14pct,volatility_cap_sensitivity,0.14,parameter_free_expected_log_growth,0.14,0.16,0.9,True,False,0,Optimization terminated successfully,13,-0.012655828101873755,0.0,-4.7255394042267085e-11,0.015385302695776648
2013-02,2013-01,2013-01,0.00236688188728246,0.002417581871717774,2.231481723627273,-0.028531038368934225,0.01689999437477425,5.069998312432275e-05,1.31099121667043e-12,0.6155368223232642,0.04444654407139027,0.3400166336053455,2.800111462191959e-17,-0.0,0.005387889042797641,0.2876712328767123,1.143835616438356,1.0229787234042553,1.003118503118503,0.012530947477293403,0.0016333333346661625,0.14000000005712124,0.01166357733067334,0.13996292796808008,5.070347928698106e-05,0.0007173609075577749,0.0,-0.14547006501839102,Stage44_VolCap_14pct,volatility_cap_sensitivity,0.14,parameter_free_expected_log_growth,0.14,0.16,0.9,True,False,0,Optimization terminated successfully,9,-0.01166357733067334,0.0,-5.7121224417144845e-11,0.014529934981608983
2013-03,2013-02,2013-02,-0.0032838528262566237,-0.0030214979637290295,2.2241538660623994,-0.03172119946420693,0.0874513699626015,0.0002623541098878045,7.526397900044925e-10,0.5497031159256606,0.13211661275311548,0.31818027132122406,0.0,-0.0,0.004174176310055557,0.9387755102040817,1.469387755102041,1.092964824120603,1.0140218878248974,0.010994655232539303,0.0016333333338592803,0.1400000000225406,0.009915631599282302,0.11898757919138762,0.00026235696632736057,0.000561035003691006,0.0,-0.12450302160852594,Stage44_VolCap_14pct,volatility_cap_sensitivity,0.14,parameter_free_expected_log_growth,0.14,0.16,0.9,True,False,0,Optimization terminated successfully,18,-0.009915631599282302,0.0,-2.2540580513208397e-11,0.03549697839147406
2013-04,2013-03,2013-03,-0.043050111491536695,-0.042955544363523834,2.1284037941540808,-0.07340570978216421,0.027019360423989183,8.105808127196754e-05,1.3509046740890652e-05,0.5696171515238058,0.13329635330650755,0.2970864951696867,0.0,0.0,0.006418152812561413,0.8445945945945946,1.4222972972972974,1.0037067545304779,1.0016869095816465,0.012091965405056887,0.0016333333531387668,0.1400000008488043,0.011180729579755086,0.13416875495706104,9.456914873241872e-05,0.0005809783523784281,0.0,-0.1346792495678614,Stage44_VolCap_14pct,volatility_cap_sensitivity,0.14,parameter_free_expected_log_growth,0.14,0.16,0.9,True,False,0,Optimization terminated successfully,22,-0.011180729579755086,0.0,-8.488042768650672e-10,0.025320750432138606
2013-05,2013-04,2013-04,0.00170831114864781,0.0020972994522256948,2.132039770084458,-0.07182279842591177,0.11702560534002909,0.0003510768160200873,3.791148755779735e-05,0.5338269928864074,0.256879423870179,0.20929358324341368,2.775557561562892e-17,-0.0,0.007229069293112601,0.9463087248322147,1.4731543624161074,1.5683656957928802,1.0418882978723405,0.011348859445649074,0.0016333333333553818,0.14000000000094492,0.010143202975355698,0.12171843570426838,0.00038898980361568475,0.0004835593207385275,0.0,-0.13557062304459366,Stage44_VolCap_14pct,volatility_cap_sensitivity,0.14,parameter_free_expected_log_growth,0.14,0.16,0.9,True,False,0,Optimization terminated successfully,10,-0.010143202975355696,2.220446049250313e-16,-9.449108162584707e-13,0.02442937695540634
2013-06,2013-05,2013-05,-0.06574545193560939,-0.06572342765593191,1.9918678518555626,-0.13284622801972956,0.006292994033725269,1.8878982101175806e-05,3.1452975763059948e-06,0.5504924119233197,0.2543517269721271,0.1951558611045533,0.0,-0.0,0.004778376283326997,1.12,1.56,1.5894276629570747,1.050786369593709,0.010119908490759886,0.0016333333335910307,0.14000000001104418,0.009281215743879585,0.11137458892655502,2.2026080084785133e-05,0.0005051123980125694,0.0,-0.1443328071701869,Stage44_VolCap_14pct,volatility_cap_sensitivity,0.14,parameter_free_expected_log_growth,0.14,0.16,0.9,True,False,0,Optimization terminated successfully,15,-0.009281215743879585,0.0,-1.104416558206367e-11,0.015667192829813104
2013-07,2013-06,2013-06,0.02749573087989276,0.02791248102307532,2.046635714258493,-0.1090032012738762,0.13650764009420058,0.00040952292028260175,7.227222899957904e-06,0.42000460142270285,0.4061337779455209,0.17386162063177624,3.514339698158092e-18,-0.0,0.006567804166017109,1.6490066225165563,1.8245033112582782,1.862676056338028,1.02490297542044,0.008455454923425051,0.0016333333459651303,0.14000000054136272,0.007222036607179104,0.08666443928614925,0.00041675164326338156,0.00031159013297883984,0.0,-0.10126707580837455,Stage44_VolCap_14pct,volatility_cap_sensitivity,0.14,parameter_free_expected_log_growth,0.14,0.16,0.9,True,False,0,Optimization terminated successfully,10,-0.007222036607179104,0.0,-5.413627046646496e-10,0.05873292419162546
2013-08,2013-07,2013-07,0.012614867907350317,0.012902053616273494,2.0724537534483294,-0.09776339435207426,0.09235020383612037,0.00027705061150836113,1.01350974148164e-05,0.5151885609764892,0.3247040884999833,0.16010735052352756,1.618679962202968e-18,-0.0,0.003776892993455738,0.9342105263157895,1.4671052631578947,1.6942307692307692,1.0401785714285714,0.00818624895169774,0.0016333333488795251,0.14000000066626536,0.00708239506826694,0.08498874081920328,0.0002871872089910374,0.00046138679068393824,0.0,-0.1369342083463857,Stage44_VolCap_14pct,volatility_cap_sensitivity,0.14,parameter_free_expected_log_growth,0.14,0.16,0.9,True,False,0,Optimization terminated successfully,13,-0.00708239506826694,0.0,-6.662653484479364e-10,0.023065791653614304
2013-09,2013-08,2013-08,0.007586240838867784,0.007747460549295343,2.0881758867494042,-0.09091881016798631,0.05373984732456025,0.00016121954197368074,1.6845387862473602e-10,0.5683210071923195,0.2679049732962701,0.1637740195114104,2.5170335161544506e-20,0.0,0.0034183715044008196,0.43137254901960786,1.215686274509804,1.670196671709531,1.171383647798742,0.008533743471902538,0.0016001681930050027,0.1385713473848762,0.007572436728303411,0.09086924073964092,0.00016122264709662523,0.0005615905572637914,0.0,-0.15999999997891598,Stage44_VolCap_14pct,volatility_cap_sensitivity,0.14,parameter_free_expected_log_growth,0.14,0.16,0.9,True,False,0,Optimization terminated successfully,14,-0.007572436728303411,0.0,0.0014286526151238155,2.1084023416051423e-11
2013-10,2013-09,2013-09,0.01327050514419423,0.013529768666670496,2.1158870355964945,-0.07885484356183048,0.08642102610767423,0.0002592630783230227,4.441532437532308e-10,0.4995847301097469,0.3534754093693588,0.14693986052089436,5.551115123125783e-17,0.0,0.0024091496621903067,1.577922077922078,1.7889610389610389,1.6385991058122205,1.0524844720496895,0.007779994332407588,0.0016333333333338272,0.14000000000002116,0.006704061744723831,0.08044874093668597,0.00025926592101684363,0.0004191910201226185,0.0,-0.13319919059632923,Stage44_VolCap_14pct,volatility_cap_sensitivity,0.14,parameter_free_expected_log_growth,0.14,0.16,0.9,True,False,0,Optimization terminated successfully,18,-0.00670406174472383,0.0,-2.1149748619109232e-14,0.026800809403670772
2013-11,2013-10,2013-10,-0.004753579804947069,-0.004753576128728254,2.105828997714534,-0.0832335805748996,1.1300800224212383e-06,3.390240067263715e-09,2.859787475995313e-10,0.5054100390553892,0.3494998206689725,0.14509014027563844,5.086606503157176e-17,-0.0,0.0009913879979067165,1.1419354838709677,1.5709677419354837,1.4322344322344323,1.01316595223515,0.007353189135690874,0.0013739281283283527,0.1284022489676105,0.0066662172861879304,0.07999460743425517,7.785338767101282e-09,0.0004243654666966244,0.0,-0.1310220539822642,Stage44_VolCap_14pct,volatility_cap_sensitivity,0.14,parameter_free_expected_log_growth,0.14,0.16,0.9,True,False,0,Optimization terminated successfully,1,-0.0066662172861879304,0.0,0.011597751032389525,0.02897794601773579
2013-12,2013-11,2013-11,-0.005440674611465417,-0.0054406702756644425,2.094371867350581,-0.08822140835770975,1.280417390833516e-06,3.841252172500548e-09,4.945488024069636e-10,0.5135311777236616,0.3498380333826713,0.13663078889366717,1.2391375214593957e-21,0.0,0.00027010396959389074,1.0192307692307692,1.5096153846153846,1.339350180505415,1.0178463399879008,0.00680136527744667,0.0014427461577589166,0.13157869847778172,0.006079983886195495,0.07295980663434594,8.312371715876322e-09,0.0004322931831469797,0.0,-0.13704523326927281,Stage44_VolCap_14pct,volatility_cap_sensitivity,0.14,parameter_free_expected_log_growth,0.14,0.16,0.9,True,False,0,Optimization terminated successfully,1,-0.006079983886195495,0.0,0.008421301522218289,0.02295476673072719
2014-01,2013-12,2013-12,-0.017771815420343066,-0.017771781866979433,2.0571510771024673,-0.10442536919259682,9.642941865145582e-06,2.8928825595436747e-08,4.624538037317772e-09,0.5109955298683017,0.3540050204433903,0.13499944968830813,0.0,0.0,0.0015923139688700952,1.267515923566879,1.6337579617834395,1.5167140825035563,1.0062724014336917,0.007043159363994368,0.001458348530380052,0.13228825482468437,0.006313948838710725,0.0757673860645287,3.626009361710273e-08,0.0004230934380341726,0.0,-0.13639346457426568,Stage44_VolCap_14pct,volatility_cap_sensitivity,0.14,parameter_free_expected_log_growth,0.14,0.16,0.9,True,False,0,Optimization terminated successfully,2,-0.006313948838710726,0.0,0.007711745175315643,0.02360653542573432
2014-02,2014-01,2014-01,0.019349968165309556,0.019349970313042815,2.0969568849556324,-0.08709602859681465,6.765159297622564e-07,2.029547789286769e-09,1.1818546917508006e-10,0.4942493029725923,0.3614135057355009,0.1443371912919069,9.66946782170753e-22,-0.0,0.0018151769790666218,1.0696202531645569,1.5348101265822784,1.2859145059565522,1.0415929203539822,0.0067134179769748545,0.0013720266296305442,0.12831336468024884,0.006027397657167616,0.07232877188601139,7.004991966823467e-09,0.00039511349193150475,0.0,-0.1267936232310882,Stage44_VolCap_14pct,volatility_cap_sensitivity,0.14,parameter_free_expected_log_growth,0.14,0.16,0.9,True,False,0,Optimization terminated successfully,1,-0.006027397657167616,0.0,0.01168663531975117,0.033206376768911805
2014-03,2014-02,2014-02,-0.004596902882035281,-0.004596902068393104,2.087317377807676,-0.09129255949397952,2.3246919346464612e-07,6.974075803939384e-10,1.1623459673926195e-10,0.4923160547210802,0.3567098563039514,0.15097408897496847,1.0060124275768725e-21,-0.0,0.000561933030601248,1.150943396226415,1.5754716981132075,1.113762102351314,1.0224620770128354,0.0064991005974819925,0.0012920996906821034,0.12451986302668841,0.005853044178518585,0.07023653014222303,6.573622355278101e-09,0.0003894377450066782,0.0,-0.1251839718100622,Stage44_VolCap_14pct,volatility_cap_sensitivity,0.14,parameter_free_expected_log_growth,0.14,0.16,0.9,True,False,0,Optimization terminated successfully,1,-0.005853044178518585,0.0,0.015480136973311603,0.034816028189937814
2014-04,2014-03,2014-03,-0.006809687828136058,-0.006809685713079451,2.073103398066562,-0.09748057349093009,6.111534465308432e-07,1.8334603395925299e-09,2.815962677621409e-10,0.4972754913322062,0.3590403158129749,0.14368419285481904,9.797949541469935e-22,-0.0,-2.9787677045915806e-05,1.01875,1.509375,1.200068166325835,1.0331412103746398,0.006112243160065502,0.0012100229157152207,0.12050010368702033,0.005507224647157656,0.06608669576589188,7.055050235729825e-09,0.0003919442346099532,0.0,-0.1279554844901511,Stage44_VolCap_14pct,volatility_cap_sensitivity,0.14,parameter_free_expected_log_growth,0.14,0.16,0.9,True,False,0,Optimization terminated successfully,1,-0.005507224647157656,0.0,0.019499896312979687,0.03204451550984891
2014-05,2014-04,2014-04,0.007394774427993613,0.0073947787733373615,2.0884335300611716,-0.0908066459150132,1.249599949570968e-06,3.748799848712904e-09,5.965438995003676e-10,0.4973772868498577,0.3626641684648023,0.13995854468534,0.0,-0.0,-0.0002564302990974007,1.0,1.5,1.0863575268817205,1.0447038724373576,0.005622137788893252,0.0011976570049774633,0.11988279300937879,0.005023300769815925,0.060279609237791104,8.516588595121703e-09,0.0003876498309249556,0.0,-0.1289335101216667,Stage44_VolCap_14pct,volatility_cap_sensitivity,0.14,parameter_free_expected_log_growth,0.14,0.16,0.9,True,False,0,Optimization terminated successfully,1,-0.005023300769815925,0.0,0.020117206990621223,0.031066489878333298
2014-06,2014-05,2014-05,0.008608090353865113,0.008608093087667967,2.1064109545859795,-0.08298022737391608,7.810865301216552e-07,2.343259590364966e-09,3.9054326506082765e-10,0.5033058442203092,0.3630153743568368,0.13367878142285405,6.761822808663143e-23,-0.0,-0.0003444282222032674,0.9938271604938271,1.4969135802469136,1.0904572564612327,1.0030951041080474,0.005725750712172935,0.0012170340310500181,0.12084870033475832,0.005117226270037008,0.061406715240444096,7.4266109177231e-09,0.00039210701643417633,0.0,-0.13337461882823592,Stage44_VolCap_14pct,volatility_cap_sensitivity,0.14,parameter_free_expected_log_growth,0.14,0.16,0.9,True,False,0,Optimization terminated successfully,1,-0.005117226270037008,0.0,0.01915129966524169,0.02662538117176408
2014-07,2014-06,2014-06,0.018056708683944857,0.018056709561916365,2.144445803561609,-0.06642186848218934,2.828951273792235e-07,8.486853821376705e-10,2.928612391484009e-11,0.49699531316784457,0.362835073235164,0.14016961359699154,6.904311003787986e-23,-0.0,-0.00040603812729810457,0.9877300613496932,1.4938650306748467,1.0506535947712419,1.014182424916574,0.005735184975961684,0.0011913156003896203,0.11956499155135437,0.005139520576194611,0.06167424691433533,6.599572262823881e-09,0.0003792473665399951,0.0,-0.12870259961541702,Stage44_VolCap_14pct,volatility_cap_sensitivity,0.14,parameter_free_expected_log_growth,0.14,0.16,0.9,True,False,0,Optimization terminated successfully,1,-0.005139520576194611,0.0,0.02043500844864564,0.03129740038458298
2014-08,2014-07,2014-07,-0.009974946051901731,-0.009974942972328097,2.123055072359855,-0.07573425997931471,9.224326273926664e-07,2.7672978821779994e-09,3.122757528395414e-10,0.5049356219998098,0.35825704997373536,0.1368073280264549,0.0,-0.0,-0.0022134725333757036,0.774390243902439,1.3871951219512195,1.117590206185567,1.0612637362637363,0.0052426825122298334,0.0011189954849318698,0.11587901371336588,0.004683177305901405,0.05619812767081686,7.463862493269311e-09,0.0003875885719720315,0.0,-0.13319590467622447,Stage44_VolCap_14pct,volatility_cap_sensitivity,0.14,parameter_free_expected_log_growth,0.14,0.16,0.9,True,False,0,Optimization terminated successfully,1,-0.004683177305901406,0.0,0.02412098628663413,0.026804095323775534
2014-09,2014-08,2014-08,-0.013655780312706952,-0.01365577866948371,2.0940630986999307,-0.08835582987559865,5.171471804954475e-07,1.5514415414863424e-09,9.178170029544572e-11,0.5037379889421064,0.36362717305099757,0.13263483800689607,6.005949577281827e-23,-0.0,-0.0019111641353073564,0.5636363636363636,1.2818181818181817,1.016211061665607,1.0228136882129277,0.0046998794931197635,0.001026908397341564,0.11100856168827145,0.004186418491064585,0.05023702189277501,6.8033843963819135e-09,0.00038189335145563116,0.0,-0.12857042222857468,Stage44_VolCap_14pct,volatility_cap_sensitivity,0.14,parameter_free_expected_log_growth,0.14,0.16,0.9,True,False,0,Optimization terminated successfully,1,-0.004186418491064585,0.0,0.028991438311728568,0.03142957777142533
2014-10,2014-09,2014-09,-0.013310168266185756,-0.0133101648736629,2.066190766496224,-0.10048996717884184,1.1031640125419573e-06,3.309492037625872e-09,8.303081787397473e-11,0.4927541676996472,0.37333488496689893,0.13391094733345396,0.0,-0.0,-0.0007952790675735648,1.3072289156626506,1.6536144578313254,1.3707653701380176,1.1439312567132116,0.004720372870634478,0.0012309324874903306,0.12153678393755515,0.004104898810385883,0.04925878572463059,7.816503430311806e-09,0.0003626957835566029,0.0,-0.12351389833852133,Stage44_VolCap_14pct,volatility_cap_sensitivity,0.14,parameter_free_expected_log_growth,0.14,0.16,0.9,True,False,0,Optimization terminated successfully,1,-0.004104898810385883,0.0,0.01846321606244486,0.03648610166147867
2014-11,2014-10,2014-10,0.012588650205507406,0.012588654651035935,2.0922013193134945,-0.08916635001931172,1.2701510079954348e-06,3.810453023986304e-09,6.350755040046563e-10,0.48854138728136953,0.38098911541961317,0.13046949729901733,0.0,-0.0,0.0008156630818858488,0.47305389221556887,1.2365269461077844,1.5742115027829313,1.3785145888594164,0.005077943275286141,0.0009924061530217176,0.10912778672849831,0.004581731905608767,0.054980782867305206,8.293166514769702e-09,0.0003535384464758141,0.0,-0.12268359897170424,Stage44_VolCap_14pct,volatility_cap_sensitivity,0.14,parameter_free_expected_log_growth,0.14,0.16,0.9,True,False,0,Optimization terminated successfully,1,-0.004581731905608767,0.0,0.030872213271501706,0.03731640102829577
2014-12,2014-11,2014-11,-0.012169658746746175,-0.012169654436480815,2.066739943227957,-0.10025088471462995,1.2315043887711763e-06,3.694513166313529e-09,6.15752194399466e-10,0.4870097426023635,0.3778982425453224,0.13509201485231415,0.0,0.0,0.00039588980720263234,0.5714285714285714,1.2857142857142856,1.755195599022005,1.644170168067227,0.004872305453464214,0.0009713191273095292,0.1079621671129028,0.004386637691500613,0.052639652298007364,8.198308835970557e-09,0.0003488326013662841,0.0,-0.12071347051670113,Stage44_VolCap_14pct,volatility_cap_sensitivity,0.14,parameter_free_expected_log_growth,0.14,0.16,0.9,True,False,0,Optimization terminated successfully,1,-0.004386637691500613,0.0,0.03203783288709722,0.039286529483298874
2015-01,2014-12,2014-12,0.02956873976797998,0.02956874234626445,2.1278508387773543,-0.07364643726828657,7.366527069313511e-07,2.2099581207940533e-09,3.683263534587366e-10,0.48136943476177524,0.3828159043744935,0.13581466086373128,6.439897057358423e-23,0.0,0.0018441433111564085,1.319526627218935,1.6597633136094676,1.4689384800965017,1.8964174454828662,0.004948981394363097,0.00121994672037376,0.12099322561401989,0.004339000847823181,0.052068010173878174,7.18635303548279e-09,0.0003385607859425501,0.0,-0.11851180626661893,Stage44_VolCap_14pct,volatility_cap_sensitivity,0.14,parameter_free_expected_log_growth,0.14,0.16,0.9,True,False,0,Optimization terminated successfully,1,-0.004339000847823181,0.0,0.019006774385980127,0.04148819373338107
2015-02,2015-01,2015-01,-0.002589017874038031,-0.0025890128279226275,2.1223417949224728,-0.07604478319987784,1.5334225088314667e-06,4.6002675264944005e-09,4.4584787714520566e-10,0.4793276195498548,0.3770891312959733,0.14358324915417192,2.7722345462842773e-17,-0.0,0.0024694390398455677,0.6647058823529411,1.3323529411764705,1.436829558998808,1.9306269270298047,0.005887661470100067,0.0009648717958223613,0.10760325994071154,0.005405216864231844,0.06486260237078213,8.707957041870336e-09,0.0003342678437664598,0.0,-0.11682098261806013,Stage44_VolCap_14pct,volatility_cap_sensitivity,0.14,parameter_free_expected_log_growth,0.14,0.16,0.9,True,False,0,Optimization terminated successfully,1,-0.005405216864231844,0.0,0.03239674005928847,0.04317901738193987
2015-03,2015-02,2015-02,0.01120002547720526,0.011200027516338423,2.146112077096942,-0.06569646123191974,6.230426724816261e-07,1.8691280174448784e-09,1.7000514504465366e-10,0.48504923115847537,0.37730319540408874,0.13764757343743597,0.0,0.0,0.0015119651506826108,0.4619883040935672,1.2309941520467835,1.1520329994107248,1.9122137404580153,0.005317511799350966,0.0008311252769383246,0.09986742874060539,0.004901942222195504,0.05882330666634604,6.93868630008862e-09,0.0003381588724424042,0.0,-0.11951118927759002,Stage44_VolCap_14pct,volatility_cap_sensitivity,0.14,parameter_free_expected_log_growth,0.14,0.16,0.9,True,False,0,Optimization terminated successfully,1,-0.004901942222195504,2.220446049250313e-16,0.04013257125939462,0.04048881072240998
2015-04,2015-03,2015-03,0.012095962733008456,0.01209597131381,2.172071368802366,-0.05439516044566328,2.614664090905274e-06,7.843992272715823e-09,7.368092703186035e-10,0.48759245676332735,0.3775674623799709,0.13484008085670185,4.358015045327221e-21,0.0,0.0021684219229922918,1.1686046511627908,1.5843023255813953,1.1809191390343223,1.8945646703573225,0.006139683239098114,0.0010497819050364757,0.11223806333164212,0.005614780749911799,0.06737736899894159,1.1536668076540249e-08,0.0003381326628008875,0.0,-0.12103544481736242,Stage44_VolCap_14pct,volatility_cap_sensitivity,0.14,parameter_free_expected_log_growth,0.14,0.16,0.9,True,False,0,Optimization terminated successfully,2,-0.005614780749911799,0.0,0.027761936668357898,0.038964555182637584
2015-05,2015-04,2015-04,-0.004607595058920542,-0.00460758917021295,2.1620633434958494,-0.05875212463208512,1.686788600921421e-06,5.0603658027642625e-09,8.28341789424483e-10,0.5028652320108249,0.3701802664056561,0.12695450158351906,0.0,0.0,0.000439652211861006,0.6473988439306358,1.323699421965318,1.2221264367816091,1.607320717131474,0.005371526350467362,0.0009727458185737958,0.10804142642007995,0.004885143628908278,0.05862172354689933,9.812272186537814e-09,0.00035625125715081266,0.0,-0.12979608103730292,Stage44_VolCap_14pct,volatility_cap_sensitivity,0.14,parameter_free_expected_log_growth,0.14,0.16,0.9,True,False,0,Optimization terminated successfully,1,-0.004885143628908278,0.0,0.03195857357992006,0.030203918962697085
2015-06,2015-05,2015-05,-0.019253915304269155,-0.019253913992958765,2.1204351589977155,-0.07687483150474217,4.155721238380261e-07,1.2467163715140784e-09,6.459401856451219e-11,0.4914730443952371,0.37362177171442806,0.13490518389033493,0.0,0.0,0.001215805486213591,1.339080459770115,1.6695402298850575,1.056534090909091,1.5266272189349113,0.005463578791895001,0.0012279537899487546,0.12138964321302315,0.004849595195631036,0.05819514234757243,6.701289588228666e-09,0.0003378076232685089,0.0,-0.12268285880615042,Stage44_VolCap_14pct,volatility_cap_sensitivity,0.14,parameter_free_expected_log_growth,0.14,0.16,0.9,True,False,0,Optimization terminated successfully,1,-0.0048495951956310365,2.220446049250313e-16,0.018610356786976867,0.03731714119384959
2015-07,2015-06,2015-06,-0.0172781136786813,-0.01727811078274902,2.0837980392722804,-0.092824693105655,8.397768463813682e-07,2.519330539144105e-09,3.766017378642461e-10,0.4849135119126477,0.380260992735241,0.13482549535211139,0.0,-0.0,0.0008020580430350473,0.4057142857142857,1.2028571428571428,1.1346801346801347,1.4539024390243902,0.0046525739067256105,0.000861456012284305,0.1016733600674811,0.0042218384323592754,0.050662061188311305,7.468224181967155e-09,0.0003285272033511282,0.0,-0.1152642399412492,Stage44_VolCap_14pct,volatility_cap_sensitivity,0.14,parameter_free_expected_log_growth,0.14,0.16,0.9,True,False,0,Optimization terminated successfully,1,-0.0042218384323592754,0.0,0.03832663993251892,0.04473576005875081
2015-08,2015-07,2015-07,-0.013314052030377882,-0.013314050651732407,2.05605424375661,-0.10490287234232021,4.5210751159485696e-07,1.3563225347845709e-09,2.232294107895605e-11,0.4781222500551353,0.38850437733160764,0.13337337261325707,0.0,-0.0,9.736452999387573e-05,1.5738636363636365,1.7869318181818183,1.2433481152993349,1.6706081081081081,0.0033114453087534287,0.001265753074662972,0.1232438107815385,0.0026785620035119206,0.03214274404214305,6.767910022325479e-09,0.0003181995340469998,0.0,-0.11318403791636267,Stage44_VolCap_14pct,volatility_cap_sensitivity,0.14,parameter_free_expected_log_growth,0.14,0.16,0.9,True,False,0,Optimization terminated successfully,1,-0.0026785620035119206,0.0,0.016756189218461517,0.046815962083637336
2015-09,2015-08,2015-08,0.010293743263684468,0.010293744641959791,2.0772187382780496,-0.09568897231415063,4.384921004629838e-07,1.3154763013889514e-09,6.279902245442948e-11,0.4601906361843005,0.3961384512379973,0.14367091257770226,0.0,-0.0,0.002229851523750871,1.3389830508474576,1.6694915254237288,1.446027397260274,1.9051600573339704,0.004585352863858302,0.001364282310202669,0.1279507238058153,0.003903204983460639,0.04683845980152766,6.725296328337972e-09,0.000294524143220182,0.0,-0.10591296376363524,Stage44_VolCap_14pct,volatility_cap_sensitivity,0.14,parameter_free_expected_log_growth,0.14,0.16,0.9,True,False,0,Optimization terminated successfully,1,-0.003903204983460639,0.0,0.012049276194184722,0.054087036236364766
2015-10,2015-09,2015-09,0.02436238661626048,0.02436238802913726,2.1278247442665204,-0.07365779743632006,4.1261272372417057e-07,1.2378381711725118e-09,1.7503860817724704e-10,0.4654507805012154,0.39543965592125885,0.13910956357752585,0.0,-0.0,0.0027017319711625746,1.6685393258426966,1.8342696629213484,1.2965872156013,1.7987228003784295,0.005139024891860793,0.0015127136033454085,0.13473144859365574,0.004382661345574006,0.05259193614688808,6.744614082599343e-09,0.00029792453248137977,0.0,-0.10825888780384996,Stage44_VolCap_14pct,volatility_cap_sensitivity,0.14,parameter_free_expected_log_growth,0.14,0.16,0.9,True,False,0,Optimization terminated successfully,1,-0.004382661345574007,2.220446049250313e-16,0.005268551406344274,0.051741112196150046
2015-11,2015-10,2015-10,-0.01623585599894291,-0.016235855089710153,2.0932776881276216,-0.08869775604288765,2.5978078811716987e-07,7.793423643515096e-10,1.2989039406552383e-10,0.4807302218745007,0.3865665755853268,0.13270320254017257,0.0,-0.0,0.0015335032984418627,1.335195530726257,1.6675977653631286,1.136777301927195,1.7230805243445693,0.004888943392610545,0.0011674662401057665,0.11836213449101532,0.004305203671561531,0.05166244405873837,6.600996131488396e-09,0.00031495175314576895,0.0,-0.11412641785903548,Stage44_VolCap_14pct,volatility_cap_sensitivity,0.14,parameter_free_expected_log_growth,0.14,0.16,0.9,True,False,0,Optimization terminated successfully,1,-0.004305203671561531,2.220446049250313e-16,0.021637865508984694,0.04587358214096453
2015-12,2015-11,2015-11,0.0005641566467275722,0.0005641590547840387,2.0944586246488255,-0.08818363882478142,7.194503583857204e-07,2.158351075157161e-09,2.497053912947633e-10,0.4801594619666882,0.39069231279307415,0.12914822524023772,0.0,-0.0,0.001186839939329123,1.5722222222222222,1.786111111111111,1.258739406779661,1.853896103896104,0.003932839575812382,0.0011971007738701518,0.11985495103015904,0.0033342820695832476,0.04001138483499897,7.119294058267864e-09,0.00031295753148486604,0.0,-0.11486652163019988,Stage44_VolCap_14pct,volatility_cap_sensitivity,0.14,parameter_free_expected_log_growth,0.14,0.16,0.9,True,False,0,Optimization terminated successfully,1,-0.0033342820695832476,0.0,0.02014504896984097,0.045133478369800126
2016-01,2015-12,2015-12,0.0007253298614684248,0.0007253333219349525,2.0959777980328935,-0.08752227118984546,9.88704722190703e-07,2.9661141665721093e-09,4.943523610884126e-10,0.47412524504530545,0.39397018857689164,0.13190456637780296,0.0,-0.0,0.001956912468551137,1.6740331491712708,1.8370165745856353,1.1099476439790577,1.816574839302112,0.004015343165229294,0.0012823586188756837,0.12404960067049069,0.0033741561967000457,0.04048987436040055,7.659091406080706e-09,0.00030257810190690497,0.0,-0.11207217981859104,Stage44_VolCap_14pct,volatility_cap_sensitivity,0.14,parameter_free_expected_log_growth,0.14,0.16,0.9,True,False,0,Optimization terminated successfully,1,-0.0033741561967000457,0.0,0.015950399329509327,0.04792782018140897
2016-02,2016-01,2016-01,0.03232326304609296,0.03232326511080753,2.1637266397374817,-0.05802801353781328,5.899184480351316e-07,1.7697553441053948e-09,2.949592240175658e-10,0.4616759290070686,0.3971333086978177,0.14119076229511363,0.0,-0.0,0.0021799597437761682,1.2802197802197801,1.64010989010989,1.1586314152410575,1.9378698224852071,0.004007227279683389,0.0012969104189640911,0.12475145300784715,0.003358765091484443,0.040305181097813315,6.97871690027289e-09,0.0002856335193899461,0.0,-0.10673655056947638,Stage44_VolCap_14pct,volatility_cap_sensitivity,0.14,parameter_free_expected_log_growth,0.14,0.16,0.9,True,False,0,Optimization terminated successfully,1,-0.003358765091484443,0.0,0.015248546992152862,0.05326344943052362
2016-03,2016-02,2016-02,-0.0010757097984396067,-0.0010757093125882064,2.161399097789971,-0.05904130203350633,1.6059289924261286e-07,4.817786977278386e-10,4.072702772224024e-12,0.4579068090725776,0.38731156626226604,0.15478162466515635,5.545737141537076e-17,-0.0,0.0024071484541498896,1.2185792349726776,1.609289617486339,1.6859928168291431,1.9258006314839875,0.005064498098256961,0.0011584142904993637,0.11790238117185066,0.0044852844163914335,0.0538234129966972,6.536615845485059e-09,0.0002820023485510752,0.0,-0.10383195102438836,Stage44_VolCap_14pct,volatility_cap_sensitivity,0.14,parameter_free_expected_log_growth,0.14,0.16,0.9,True,False,0,Optimization terminated successfully,1,-0.0044852844163914335,0.0,0.022097618828149354,0.056168048975611645
2016-04,2016-03,2016-03,0.008824929917450054,0.00882493055234966,2.1804732933516076,-0.050737407468736895,1.8139988730565918e-07,5.441996619169776e-10,9.069994361125731e-11,0.4719381780526682,0.38827461034353616,0.13978721160379565,8.136010573352804e-17,0.0,0.0017032387669366669,1.1358695652173914,1.5679347826086958,1.4015728056823948,1.786511835640911,0.004810146394418825,0.0009664366232669825,0.10769047998409047,0.004326921531298663,0.05192305837558396,6.551486671305818e-09,0.00029387506988569833,0.0,-0.11029930376448605,Stage44_VolCap_14pct,volatility_cap_sensitivity,0.14,parameter_free_expected_log_growth,0.14,0.16,0.9,True,False,0,Optimization terminated successfully,1,-0.004326921531298663,0.0,0.032309520015909546,0.04970069623551396
2016-05,2016-04,2016-04,-0.0061067056292758454,-0.006106703137375642,2.1671577848166117,-0.05653427468620853,8.171278081809033e-07,2.45138342454271e-09,4.0516778890295205e-11,0.46638293677218773,0.3855763512501484,0.148040711977664,4.096871498813555e-17,0.0,0.003000254732132,0.654054054054054,1.327027027027027,1.5454317269076305,1.702433628318584,0.005458876255204597,0.0008110630131650336,0.09865473206076028,0.0050533374424161625,0.06064004930899395,7.306205916747754e-09,0.00028627622436196127,0.0,-0.1034071186446932,Stage44_VolCap_14pct,volatility_cap_sensitivity,0.14,parameter_free_expected_log_growth,0.14,0.16,0.9,True,False,0,Optimization terminated successfully,1,-0.0050533374424161625,0.0,0.04134526793923973,0.05659288135530681
2016-06,2016-05,2016-05,0.019475652438554147,0.01947566829074606,2.209364596613207,-0.038159664132308646,5.228839733306781e-06,1.568651919992034e-08,1.6567270999533742e-10,0.46588817626964324,0.3890975514579726,0.1450142722723842,4.407692336097601e-17,0.0,0.003961409413950124,0.7795698924731183,1.389784946236559,1.163686040735221,1.5927224901359054,0.0060459281840226625,0.0008220699571941176,0.09932189832222002,0.005634874115270361,0.06761848938324433,1.909015524268713e-08,0.0002828327417944563,0.0,-0.10359852297001954,Stage44_VolCap_14pct,volatility_cap_sensitivity,0.14,parameter_free_expected_log_growth,0.14,0.16,0.9,True,False,0,Optimization terminated successfully,2,-0.005634874115270361,0.0,0.04067810167777999,0.05640147702998047
2016-07,2016-06,2016-06,0.014658340911150095,0.015005027705666358,2.241750216067389,-0.02406068058706501,0.11556224802476563,0.0003466867440742969,5.0441964153677594e-11,0.5762288830642788,0.2719993295314271,0.15177178740429384,2.2302822193503036e-16,0.0,0.005842917522591597,0.9625668449197861,1.481283422459893,1.4113022113022113,1.5903169778549717,0.007945893990665392,0.0016333333333829417,0.14000000000212606,0.006782537221060736,0.08139044665272882,0.00034669010291318614,0.0004415833916177123,0.0,-0.1425510186308647,Stage44_VolCap_14pct,volatility_cap_sensitivity,0.14,parameter_free_expected_log_growth,0.14,0.16,0.9,True,False,0,Optimization terminated successfully,13,-0.006782537221060736,0.0,-2.126049336581559e-12,0.017448981369135308
2016-08,2016-07,2016-07,0.001163372690735155,0.0012504483534396863,2.2443582070482115,-0.022925299435045288,0.029025215367474686,8.707564610242406e-05,1.660210724971064e-11,0.6151013717437698,0.23970708369902738,0.14519154455720287,0.0,0.0,0.006168401475358339,0.7606382978723404,1.3803191489361701,1.1569343065693432,1.6597072750753337,0.00834440801094873,0.00142903750273283,0.13095209060108187,0.007542810162132318,0.09051372194558781,8.707909744999768e-05,0.0005019754448327587,0.0,-0.16000000000490863,Stage44_VolCap_14pct,volatility_cap_sensitivity,0.14,parameter_free_expected_log_growth,0.14,0.16,0.9,True,False,0,Optimization terminated successfully,11,-0.0075428101621323185,0.0,0.009047909398918141,-4.908629058775205e-12
2016-09,2016-08,2016-08,0.008964008572801174,0.009006779071519476,2.264476653256628,-0.01416679344291405,0.012220171254870085,3.666051376461026e-05,6.109984953691694e-06,0.6205499178383822,0.22604979335551323,0.15340028880610457,8.066728647796223e-19,0.0,0.005830994337474627,0.6402116402116402,1.32010582010582,1.1826275264677575,1.6212702472293266,0.008206889016286231,0.0013009086354701567,0.12494360177953044,0.00751366147160734,0.09016393765928807,4.277322694381267e-05,0.0005090153291785182,0.0,-0.16000000000257408,Stage44_VolCap_14pct,volatility_cap_sensitivity,0.14,parameter_free_expected_log_growth,0.14,0.16,0.9,True,False,0,Optimization terminated successfully,10,-0.00751366147160734,0.0,0.015056398220469572,-2.574079838169041e-12
2016-10,2016-09,2016-09,-0.006437043483740852,-0.006270979563057574,2.2499001185716994,-0.02051264466123759,0.04878391545046048,0.00014635174635138144,1.971217433189661e-05,0.5749244646240802,0.23451287345245983,0.19056266192345997,1.0989458397236496e-17,0.0,0.006461020008740934,1.5947368421052632,1.7973684210526315,1.0512148642210577,1.6123785382340516,0.008144750964383309,0.0016333333333593137,0.14000000000111346,0.007162018876899503,0.08594422652279403,0.00016606542080414892,0.00043956331683949753,0.0,-0.13383740898254934,Stage44_VolCap_14pct,volatility_cap_sensitivity,0.14,parameter_free_expected_log_growth,0.14,0.16,0.9,True,False,0,Optimization terminated successfully,8,-0.007162018876899503,0.0,-1.1134426713965695e-12,0.026162591017450665
2016-11,2016-10,2016-10,-0.01814424710036752,-0.017965167876924704,2.2090773748691883,-0.0382847052681895,0.05969294617433427,0.00017907883852300282,3.849198127375653e-10,0.6316341172130829,0.17343664576283468,0.19492923702408244,0.0,-0.0,0.005852032148185765,0.9895287958115183,1.4947643979057592,1.403066037735849,1.6589195979899496,0.007574595542305013,0.0016333333334653626,0.1400000000056584,0.006578847167776469,0.07894616601331762,0.00017908170779586368,0.0005310882878698955,0.0,-0.1548394012520839,Stage44_VolCap_14pct,volatility_cap_sensitivity,0.14,parameter_free_expected_log_growth,0.14,0.16,0.9,True,False,0,Optimization terminated successfully,18,-0.006578847167776469,0.0,-5.6583904228801885e-12,0.005160598747916106
2016-12,2016-11,2016-11,0.021771185502013374,0.022026978700630192,2.257171608185766,-0.017347023186459976,0.08526439836021094,0.00025579319508063284,3.5361841094205814e-12,0.5557824616386933,0.2591515912822037,0.18506594707910304,0.0,0.0,0.004633934409872438,1.4635416666666667,1.7317708333333335,1.4852872489490891,1.7453300124533002,0.006158458730697745,0.001633333333333348,0.14000000000000062,0.00508599537949138,0.061031944553896565,0.0002557966845396906,0.00040493164697951345,0.0,-0.12814024577026556,Stage44_VolCap_14pct,volatility_cap_sensitivity,0.14,parameter_free_expected_log_growth,0.14,0.16,0.9,True,False,0,Optimization terminated successfully,12,-0.00508599537949138,0.0,-6.106226635438361e-16,0.031859754229734444
2017-01,2016-12,2016-12,0.020316618354403373,0.020352534165620325,2.3030297023096713,0.0,0.011971831912328952,3.591549573698686e-05,3.1547996584666995e-10,0.5507538083333425,0.26683584307234487,0.18241034859431265,2.1847081665739474e-18,0.0,0.005000457532253325,1.61139896373057,1.805699481865285,1.2173913043478262,1.317283950617284,0.006611217795002428,0.0016333333333678757,0.14000000000148038,0.005758632714061703,0.06910359256874044,3.591841425678719e-05,0.0003935865823687154,0.0,-0.12666591989885337,Stage44_VolCap_14pct,volatility_cap_sensitivity,0.14,parameter_free_expected_log_growth,0.14,0.16,0.9,True,False,0,Optimization terminated successfully,10,-0.005758632714061703,0.0,-1.4803713810351837e-12,0.033334080101146635
2017-02,2017-01,2017-01,0.00928883557570611,0.009406575231869083,2.3244221665403932,0.0,0.039246480188733585,0.00011773944056620075,2.155967734743013e-10,0.59900962404811,0.2223438984200614,0.17864647753182866,1.4355023387912797e-16,0.0,0.005454620785336523,0.7577319587628866,1.3788659793814433,1.135884509624198,1.3393877551020408,0.007329223313611869,0.0016333333333435867,0.14000000000043944,0.006394814175119663,0.07673777010143595,0.00011774247182041325,0.0004627564553292457,0.0,-0.14526195186017252,Stage44_VolCap_14pct,volatility_cap_sensitivity,0.14,parameter_free_expected_log_growth,0.14,0.16,0.9,True,False,0,Optimization terminated successfully,14,-0.0063948141751196605,2.220446049250313e-16,-4.3942627314663696e-13,0.014738048139827487
2017-03,2017-02,2017-02,0.01829117358038287,0.0184488397081613,2.366938575862673,0.0,0.051135530957387786,0.00015340659287216337,4.259534906264842e-06,0.5479449483961937,0.26340412406544994,0.1886509275383563,1.38223071497693e-17,0.0,0.005318980423052868,1.1282051282051282,1.564102564102564,1.069059518400727,1.17395706763872,0.007037510944364782,0.001633333333594759,0.14000000001120397,0.006063176649639325,0.0727581197956719,0.00015766762792807743,0.00038559982450865247,0.0,-0.12194550716583351,Stage44_VolCap_14pct,volatility_cap_sensitivity,0.14,parameter_free_expected_log_growth,0.14,0.16,0.9,True,False,0,Optimization terminated successfully,8,-0.006063176649639325,0.0,-1.1203954430882845e-11,0.038054492834166495
2017-04,2017-03,2017-03,0.020410528504239404,0.020599133087898465,2.4152490431331017,0.0,0.05484636138152978,0.00016453908414458936,2.4065499514472687e-05,0.503869418147852,0.2651969700768141,0.23093361177533386,2.5106056556617462e-18,0.0,0.005351396155715361,1.6785714285714286,1.8392857142857144,1.0092176258992807,1.2136837881219904,0.007172247424254078,0.0016333333345746807,0.1400000000532006,0.00616697467316154,0.07400369607793848,0.00018860608380519744,0.0003410239032749469,0.0,-0.111428389059873,Stage44_VolCap_14pct,volatility_cap_sensitivity,0.14,parameter_free_expected_log_growth,0.14,0.16,0.9,True,False,0,Optimization terminated successfully,9,-0.00616697467316154,0.0,-5.320058282798357e-11,0.048571610940127005
2017-05,2017-04,2017-04,0.028977038702597966,0.02910330380823129,2.4852358081323827,0.0,0.04208792057625746,0.0001262637617287724,1.3439045532804584e-09,0.5483606925910364,0.21825755328246482,0.23338175412649884,2.574600157510181e-18,0.0,0.006472571559963432,1.131979695431472,1.565989847715736,1.0033437360677664,1.2411389884508164,0.008527111538313243,0.0016333333333524893,0.14000000000082097,0.007584177905971965,0.09101013487166358,0.00012626696566503376,0.0003980050183504714,0.0,-0.12391964186840305,Stage44_VolCap_14pct,volatility_cap_sensitivity,0.14,parameter_free_expected_log_growth,0.14,0.16,0.9,True,False,0,Optimization terminated successfully,13,-0.007584177905971965,0.0,-8.20954415559072e-13,0.03608035813159695
2017-06,2017-05,2017-05,0.011933189664397076,0.012116234371111112,2.5148925983915773,0.0,0.05229848763258159,0.00015689546289774476,2.6149243816290816e-05,0.511845802110762,0.21246734109593984,0.27568685679329824,2.775557561562892e-17,0.0,0.004711669408592953,1.1464646464646464,1.573232323232323,1.008167770419426,1.3981444926964075,0.007970335100719306,0.001633333333336122,0.14000000000011953,0.006970621711885864,0.08364746054263036,0.00018304672216538174,0.00036952246361713644,0.0,-0.1216141145899257,Stage44_VolCap_14pct,volatility_cap_sensitivity,0.14,parameter_free_expected_log_growth,0.14,0.16,0.9,True,False,0,Optimization terminated successfully,14,-0.0069706217118858625,0.0,-1.195155086008981e-13,0.0383858854100743
2017-07,2017-06,2017-06,0.004471521273794295,0.004471545043077541,2.526137994146593,0.0,7.833195170226042e-06,2.3499585510678128e-08,2.6969773495025377e-10,0.5195435456116411,0.2102093305019275,0.2702471238864315,2.660169564352047e-17,0.0,0.004514727297871892,1.1608040201005025,1.5804020100502512,1.0019676432006996,1.2412915851272015,0.00766905817897278,0.001468131910923274,0.1327312432363959,0.006934965562913702,0.08321958675496442,2.6660597440714833e-08,0.0003732606266014079,0.0,-0.1226222400738255,Stage44_VolCap_14pct,volatility_cap_sensitivity,0.14,parameter_free_expected_log_growth,0.14,0.16,0.9,True,False,0,Optimization terminated successfully,3,-0.006934965562913702,0.0,0.007268756763604112,0.03737775992617451
2017-08,2017-07,2017-07,0.004620324444609531,0.004843551862219398,2.537809571271405,0.0,0.0744090322601693,0.00022322709678050792,3.208293594820644e-10,0.593251129742219,0.13503485115379393,0.271714019103987,0.0,0.0,0.004934623915887129,0.955,1.4775,1.0162548764629389,1.3332038834951456,0.008064345734463001,0.0016333333333357397,0.14000000000010313,0.00702444905716109,0.08429338868593308,0.00022323001063404105,0.00047144531552847127,0.0,-0.14233984551661408,Stage44_VolCap_14pct,volatility_cap_sensitivity,0.14,parameter_free_expected_log_growth,0.14,0.16,0.9,True,False,0,Optimization terminated successfully,20,-0.00702444905716109,0.0,-1.0311196341206141e-13,0.017660154483385926
2017-09,2017-08,2017-08,0.013333083175183034,0.013593864879945933,2.5716463973679424,0.0,0.07885576386945439,0.0002365672916083632,2.4214413154536515e-05,0.5025092768555981,0.16493579246307333,0.33255493068132863,0.0,0.0,0.005926187556097923,1.318407960199005,1.6592039800995027,1.0697424892703862,1.2530792917628946,0.00841500110510007,0.0016333333337832973,0.14000000001928417,0.0073375512333907125,0.08805061480068854,0.00026078320481770885,0.0003865773375474761,0.0,-0.13587040056606686,Stage44_VolCap_14pct,volatility_cap_sensitivity,0.14,parameter_free_expected_log_growth,0.14,0.16,0.9,True,False,0,Optimization terminated successfully,9,-0.0073375512333907125,0.0,-1.9284157604104735e-11,0.02412959943393314
2017-10,2017-09,2017-09,0.01570816291905735,0.015926287616310018,2.612042237948005,0.0,0.06665142210340054,0.00019995426631020164,1.8170430942468787e-05,0.5464467402016028,0.0957890158452614,0.35776424395313583,1.8458700805243323e-18,0.0,0.005705637623001203,0.7376237623762376,1.368811881188119,1.0219148936170213,1.1852559205500381,0.009284111251693025,0.0016333333333374725,0.1400000000001774,0.008249318387708105,0.09899182065249726,0.00021812619731618408,0.00045635665527166597,0.0,-0.15287905807033303,Stage44_VolCap_14pct,volatility_cap_sensitivity,0.14,parameter_free_expected_log_growth,0.14,0.16,0.9,True,False,0,Optimization terminated successfully,12,-0.008249318387708105,0.0,-1.7738588375948439e-13,0.007120941929666974
2017-11,2017-10,2017-10,-0.02570475529946895,-0.025502263540553915,2.5449003313896745,-0.025704755299468918,0.06024145428348855,0.00018072436285046566,2.176739606456857e-05,0.5028851971502931,0.11024854557190857,0.3868662572777982,1.2012912466895137e-16,0.0,0.004228885024732833,1.2758620689655173,1.6379310344827587,1.0282462057335582,1.1638257575757576,0.008541599959863484,0.001633333333425051,0.14000000000393076,0.007522440034155612,0.09026928040986734,0.00020249325899534637,0.0004229513300220355,0.0,-0.15553760637569783,Stage44_VolCap_14pct,volatility_cap_sensitivity,0.14,parameter_free_expected_log_growth,0.14,0.16,0.9,True,False,0,Optimization terminated successfully,9,-0.007522440034155612,0.0,-3.930744618685367e-12,0.0044623936243021745
2017-12,2017-11,2017-11,0.008266616476496614,0.00828655244243912,2.565938046400182,-0.017650630176655246,0.006645273704675402,1.9935821114026207e-05,1.4482847836905557e-10,0.5068250684517015,0.10714476559367936,0.3860301659546192,3.122821687405623e-19,0.0,0.005836060104855032,0.9362745098039216,1.468137254901961,1.035311324697033,1.1741826381059752,0.008319023815456244,0.0016333333477771643,0.14000000061902132,0.0074824181725018715,0.08978901807002246,1.993896906579112e-05,0.0004284660490632263,0.0,-0.15589781495712277,Stage44_VolCap_14pct,volatility_cap_sensitivity,0.14,parameter_free_expected_log_growth,0.14,0.16,0.9,True,False,0,Optimization terminated successfully,11,-0.0074824181725018715,0.0,-6.190213064360961e-10,0.004102185042877238
2018-01,2017-12,2017-12,0.023929980952967982,0.024062036114914385,2.6273408949770345,0.0,0.04223590583727886,0.00012670771751183659,5.347444434569573e-06,0.5492091506842173,0.07484081582385628,0.37595003349192646,1.7712305960034674e-17,0.0,0.006889096044030442,0.7463414634146341,1.373170731707317,1.0109821798590966,1.1005221932114884,0.008693479434786818,0.0016333333423838167,0.14000000038787785,0.007744756101513465,0.09293707321816158,0.0001320566620814447,0.0004690828177762372,0.0,-0.15790514794194271,Stage44_VolCap_14pct,volatility_cap_sensitivity,0.14,parameter_free_expected_log_growth,0.14,0.16,0.9,True,False,0,Optimization terminated successfully,6,-0.007744756101513465,0.0,-3.878778409571737e-10,0.0020948520580572894
2018-02,2018-01,2018-01,-0.046115072670757803,-0.0460516218581988,2.5061808786743147,-0.04611507267075776,0.021150201475860983,6.345060442758295e-05,2.0813141858019964e-10,0.5303917021716739,0.0937348867163211,0.37587341111200506,2.4323860386195486e-18,-0.0,0.003666002429436542,0.9951456310679612,1.4975728155339807,1.0918241577649959,1.1126943005181347,0.007037581514343522,0.0016333333333338217,0.14000000000002094,0.0061574612012162055,0.07388953441459446,6.345364646040607e-05,0.00044222543970435726,0.0,-0.1548028690943942,Stage44_VolCap_14pct,volatility_cap_sensitivity,0.14,parameter_free_expected_log_growth,0.14,0.16,0.9,True,False,0,Optimization terminated successfully,10,-0.0061574612012162055,0.0,-2.09277040141842e-14,0.005197130905605807
2018-03,2018-02,2018-02,0.01326532412885252,0.013415902029487236,2.539426180355462,-0.03346147992810844,0.05015516434188346,0.00015046549302565038,1.1240760906572456e-07,0.46113596357926256,0.1485820511281687,0.39028198529256886,0.0,-0.0,0.004753219026587339,1.3236714975845412,1.6618357487922706,1.0432123929881778,1.209114296214627,0.006227118036084055,0.0016333333333561515,0.14000000000097793,0.005259871964293214,0.06311846357151857,0.0001505794051127661,0.0003849894031470291,0.0,-0.1496444721303827,Stage44_VolCap_14pct,volatility_cap_sensitivity,0.14,parameter_free_expected_log_growth,0.14,0.16,0.9,True,False,0,Optimization terminated successfully,9,-0.005259871964293214,0.0,-9.779121956654535e-13,0.010355527869617298
2018-04,2018-03,2018-03,0.0032891841489356734,0.0033464804145229192,2.5477788206952794,-0.030282356748552286,0.01909864147297194,5.729592441891582e-05,3.411683301409424e-10,0.44931664612928074,0.16663140339532467,0.38405195047539453,2.947704371826157e-18,-0.0,0.004911887991577831,1.4855769230769231,1.7427884615384617,1.0183912691996766,1.1715900802334063,0.0067265425555163745,0.0016333333333342283,0.14000000000003837,0.005852577066631222,0.07023092479957466,5.72988222180387e-05,0.0003648275604664108,0.0,-0.14565102694452994,Stage44_VolCap_14pct,volatility_cap_sensitivity,0.14,parameter_free_expected_log_growth,0.14,0.16,0.9,True,False,0,Optimization terminated successfully,12,-0.005852577066631222,0.0,-3.835820550079916e-14,0.01434897305547006
2018-05,2018-04,2018-04,-0.014902880267703596,-0.014902870447971102,2.5098095779818665,-0.044733942679408334,3.258878735548587e-06,9.776636206645761e-09,4.309628758031321e-11,0.4565689427792014,0.16598557191301042,0.37744548530778826,3.076770244539604e-17,-0.0,0.0036266781407439126,1.4784688995215312,1.7392344497607657,1.0222444889779558,1.2656532754252625,0.0064674684064836875,0.0014803394999225142,0.13328193425618556,0.005727285045999334,0.068727420551992,1.3610523096647603e-08,0.00036444381058898487,0.0,-0.14390138213757384,Stage44_VolCap_14pct,volatility_cap_sensitivity,0.14,parameter_free_expected_log_growth,0.14,0.16,0.9,True,False,0,Optimization terminated successfully,2,-0.005727285045999334,0.0,0.00671806574381445,0.016098617862426168
2018-06,2018-05,2018-05,-0.018877922618776913,-0.018748018450113486,2.4624295869808597,-0.06276738138985061,0.043301331362945894,0.00012990399408883767,1.7457458916067454e-10,0.4914409044710121,0.1257640912607943,0.38279500426819363,9.758751173612455e-19,0.0,0.005327641984394018,1.4190476190476191,1.7095238095238097,1.0137067938021453,1.2463195691202873,0.007517297179561856,0.0016333333333414812,0.1400000000003492,0.0065707234240909235,0.07884868108909109,0.0001299070888001916,0.0004057362981427472,0.0,-0.15105735559736783,Stage44_VolCap_14pct,volatility_cap_sensitivity,0.14,parameter_free_expected_log_growth,0.14,0.16,0.9,True,False,0,Optimization terminated successfully,12,-0.0065707234240909235,0.0,-3.4919289682022736e-13,0.008942644402632177
2018-07,2018-06,2018-06,-0.009930910063873873,-0.00984315607111309,2.4379754202139305,-0.07207495423419696,0.029250976270149512,8.775292881044854e-05,1.0639503344184366e-09,0.45347653793043874,0.15838378421013732,0.38813967785942394,0.0,-0.0,0.007380526163022201,1.4644549763033174,1.7322274881516586,1.0141843971631206,1.2293300071275837,0.0075020302491396445,0.0016333333333787765,0.14000000000194757,0.006597607643116164,0.07917129171739397,8.775593933409215e-05,0.00036839852920330567,0.0,-0.14777854372549273,Stage44_VolCap_14pct,volatility_cap_sensitivity,0.14,parameter_free_expected_log_growth,0.14,0.16,0.9,True,False,0,Optimization terminated successfully,18,-0.006597607643116164,0.0,-1.9475532297974496e-12,0.01222145627450727
2018-08,2018-07,2018-07,-0.004397026638649279,-0.004220627014432591,2.4272555773468776,-0.07615506537909911,0.05039991021588519,0.00015119973064765558,2.5199893569032878e-05,0.5073929764846877,0.16026185620874547,0.33234516730656677,0.0,-0.0,0.007432672033780882,1.278301886792453,1.6391509433962264,1.039077764751856,1.2044570215776442,0.007693540526220612,0.00163333333353531,0.14000000000865614,0.006700471408499865,0.08040565690199838,0.00017640245095309175,0.000384575224712566,0.0,-0.13556502880690352,Stage44_VolCap_14pct,volatility_cap_sensitivity,0.14,parameter_free_expected_log_growth,0.14,0.16,0.9,True,False,0,Optimization terminated successfully,16,-0.006700471408499865,0.0,-8.65613136724619e-12,0.024434971193096483
2018-09,2018-08,2018-08,0.002812619935765547,0.003353753939857132,2.4340825247729216,-0.07355664069842838,0.16207093785495613,0.0004862128135648684,5.49211905267165e-05,0.6729793953421589,0.11104156949542966,0.2159790351624115,4.540630817627427e-19,-0.0,0.007665960290194051,0.13615023474178403,1.068075117370892,1.023431448489543,1.1678947368421053,0.00924377901643728,0.0016088719015685976,0.13894769814150637,0.007898207561533303,0.09477849073839964,0.0005411355041196763,0.0005576065774257838,0.0,-0.1599999796726664,Stage44_VolCap_14pct,volatility_cap_sensitivity,0.14,parameter_free_expected_log_growth,0.14,0.16,0.9,True,False,0,Optimization terminated successfully,20,-0.007898207561533303,0.0,0.0010523018584936428,2.0327333594138963e-08
2018-10,2018-09,2018-09,-0.06322135247879994,-0.06312660228614418,2.2801965355117657,-0.13212764286847645,0.031583396112132595,9.475018833639779e-05,4.31936912602474e-12,0.6442982148447522,0.14197815328978255,0.21372363186546534,0.0,-0.0,0.007300800037106556,0.3411214953271028,1.1705607476635513,1.0151864667435602,1.221505751132799,0.008736797280171602,0.0016333333333333354,0.1400000000000001,0.007825376938004525,0.0939045232560543,9.475367550041013e-05,0.0005063516192688713,0.0,-0.149048684074567,Stage44_VolCap_14pct,volatility_cap_sensitivity,0.14,parameter_free_expected_log_growth,0.14,0.16,0.9,True,False,0,Optimization terminated successfully,11,-0.007825376938004525,2.220446049250313e-16,-8.326672684688674e-17,0.010951315925432997
2018-11,2018-10,2018-10,0.016273739492162417,0.016748355291958013,2.317303859921615,-0.11800411421606916,0.15820521030781035,0.000474615630923431,1.6887216150451856e-10,0.4461157379693537,0.3109792879424636,0.24290497408818273,2.775557561562892e-17,-0.0,0.012962679402236032,1.1488372093023256,1.5744186046511628,1.1038490853658536,1.372060857538036,0.009736791471137289,0.0016333333333340095,0.140000000000029,0.008445506069162403,0.10134607282994884,0.0004746187353078799,0.00026786745649729453,0.0,-0.09659263239715184,Stage44_VolCap_14pct,volatility_cap_sensitivity,0.14,parameter_free_expected_log_growth,0.14,0.16,0.9,True,False,0,Optimization terminated successfully,15,-0.008445506069162402,0.0,-2.8976820942716586e-14,0.06340736760284817
2018-12,2018-11,2018-11,-0.002237452034378151,-0.0022287686452220575,2.312119003685961,-0.11997753770502972,0.002892958724575508,8.678876173726524e-06,4.512982366704027e-09,0.45438093330078944,0.3111509780528902,0.23446808864632038,1.9165596567053233e-18,-0.0,0.010066070042966066,1.4675925925925926,1.7337962962962963,1.0523629489603024,1.9267078613113628,0.008334590674674605,0.001633333336054588,0.14000000011662522,0.00750923900651834,0.09011086807822008,8.685000128972095e-06,0.0002712675636748945,0.0,-0.09711129261964793,Stage44_VolCap_14pct,volatility_cap_sensitivity,0.14,parameter_free_expected_log_growth,0.14,0.16,0.9,True,False,0,Optimization terminated successfully,12,-0.00750923900651834,0.0,-1.166252094897402e-10,0.06288870738035207
2019-01,2018-12,2018-12,0.051703170828422115,0.051924591155139754,2.4316628875091775,-0.07447758600414411,0.07380670624033141,0.00022142011872099422,2.0799664717381072e-10,0.5164746547472092,0.23969430690150845,0.24383103835128236,2.1013436536977492e-17,-0.0,0.009760882343758834,1.023041474654378,1.511520737327189,1.1859984984984986,1.8978512960436562,0.008833462780721243,0.0016333333333873293,0.1400000000023141,0.007795372953127158,0.09354447543752589,0.00022142316090042072,0.00034629499938838984,0.0,-0.11422666346740937,Stage44_VolCap_14pct,volatility_cap_sensitivity,0.14,parameter_free_expected_log_growth,0.14,0.16,0.9,True,False,0,Optimization terminated successfully,15,-0.007795372953127158,0.0,-2.314093361377445e-12,0.045773336532590636
2019-02,2019-01,2019-01,-0.0019264171270957878,-0.0019264135413683433,2.426978490475357,-0.07626052823397667,1.0406769541671087e-06,3.1220308625013263e-09,4.636965820758891e-10,0.5339737219106382,0.22795020542033193,0.2380760726690299,2.4102468258843437e-17,-0.0,0.002794540560506402,0.5825688073394495,1.2912844036697249,1.0160148975791434,1.5692516085336945,0.006037296962947407,0.0013297227651945952,0.1263197260222454,0.005372427678182227,0.06446913213818672,7.902167882235056e-09,0.00036414126172353066,0.0,-0.11802734004128668,Stage44_VolCap_14pct,volatility_cap_sensitivity,0.14,parameter_free_expected_log_growth,0.14,0.16,0.9,True,False,0,Optimization terminated successfully,1,-0.005372427678182227,0.0,0.01368027397775462,0.041972659958713326
2019-03,2019-02,2019-02,-0.01009432352560761,-0.010094320491973738,2.402479784402808,-0.08558505331535671,8.66752535078073e-07,2.600257605234219e-09,4.333762675390223e-10,0.5327996364282419,0.22866871573269432,0.2385316478390638,2.558368518710953e-17,-0.0,0.00199972402561275,1.082191780821918,1.541095890410959,1.0005547337278107,1.370121130551817,0.005404045400766983,0.0014341378472855202,0.13118557149102275,0.004686969055875394,0.056243628670504725,7.421248828592814e-09,0.00036046915648645214,0.0,-0.11775664504926575,Stage44_VolCap_14pct,volatility_cap_sensitivity,0.14,parameter_free_expected_log_growth,0.14,0.16,0.9,True,False,0,Optimization terminated successfully,1,-0.004686969055875394,0.0,0.008814428508977262,0.04224335495073425
2019-04,2019-03,2019-03,0.013688054554919638,0.013688059020923503,2.4353650587588054,-0.07306849163930329,1.2760011047774218e-06,3.8280033143322655e-09,6.380005524025819e-10,0.5254281564729218,0.2330625635826044,0.24150927994447377,5.53248066180777e-17,-0.0,0.0023624206669494254,1.4863636363636363,1.7431818181818182,1.0067889908256882,1.2136652188439694,0.0057622071419502555,0.0015784030988722315,0.13762571411791757,0.004972997269965491,0.05967596723958589,8.32254864807815e-09,0.00035054871692674297,0.0,-0.11612546461911682,Stage44_VolCap_14pct,volatility_cap_sensitivity,0.14,parameter_free_expected_log_growth,0.14,0.16,0.9,True,False,0,Optimization terminated successfully,1,-0.0049729972699654925,0.0,0.0023742858820824386,0.04387453538088318
2019-05,2019-04,2019-04,-0.024881684862708565,-0.024881662700539844,2.374769072841117,-0.09613210931964933,6.341499984671844e-06,1.902449995401553e-08,3.1376687665006522e-09,0.5282969745896272,0.23061071471789943,0.24109231069247325,5.849855506630582e-17,-0.0,-5.9384999687696826e-05,0.9909502262443439,1.495475113122172,1.0012745812090313,1.3281353682813537,0.004670210466041715,0.0014071492067458692,0.12994533651097462,0.003966610520566927,0.047599326246803124,2.534210185373139e-08,0.0003517851127513344,0.0,-0.1168193391820885,Stage44_VolCap_14pct,volatility_cap_sensitivity,0.14,parameter_free_expected_log_growth,0.14,0.16,0.9,True,False,0,Optimization terminated successfully,2,-0.003966610520566927,0.0,0.010054663489025395,0.0431806608179115
2019-06,2019-05,2019-05,0.04139511750612181,0.041440378826365865,2.4730729176612787,-0.058716391774925825,0.012931805784014675,3.879541735204403e-05,6.465902892007327e-06,0.48934318201470844,0.2388668325099441,0.27178998547534755,0.0,-0.0,0.0021719565265881373,1.4774774774774775,1.7387387387387387,1.03125,1.8448616600790513,0.005447878612376376,0.0016333333334342666,0.1400000000043257,0.004585948065001254,0.055031376780015046,4.526388065798887e-05,0.00031908217717998183,0.0,-0.11265802437405653,Stage44_VolCap_14pct,volatility_cap_sensitivity,0.14,parameter_free_expected_log_growth,0.14,0.16,0.9,True,False,0,Optimization terminated successfully,9,-0.004585948065001254,0.0,-4.3256787041201505e-12,0.04734197562594347
2019-07,2019-06,2019-06,-0.013910127467497048,-0.0139101221048354,2.4386721581401956,-0.07180976674840212,1.5321890420305628e-06,4.5965671260916885e-09,7.660945210152814e-10,0.5003975769493485,0.23043208066235035,0.2691703423883011,0.0,-0.0,0.0009317092736551041,1.1434977578475336,1.5717488789237668,1.3726685796269726,1.6765379581151834,0.005110628319993191,0.0013786870180473353,0.12862443086975361,0.004421275700401685,0.05305530840482022,9.110567837979732e-09,0.00032880842671253763,0.0,-0.11494007552538024,Stage44_VolCap_14pct,volatility_cap_sensitivity,0.14,parameter_free_expected_log_growth,0.14,0.16,0.9,True,False,0,Optimization terminated successfully,1,-0.004421275700401685,0.0,0.011375569130246399,0.04505992447461976
2019-08,2019-07,2019-07,0.02304548768792172,0.02304548931798886,2.4948725473354934,-0.0504191701559531,4.657334687768745e-07,1.3972004063306236e-09,2.328667343953762e-10,0.4809190884052267,0.23702719109906947,0.2820537204957039,2.0012010791566329e-22,-0.0,0.0025435544149568514,1.2901785714285714,1.6450892857142856,1.2019572953736655,1.3957115009746588,0.0053860308799266775,0.0013313135847678654,0.12639526501105328,0.004720367300117451,0.056644407601409416,6.787425293934471e-09,0.00031141760938748305,0.0,-0.1137084859462436,Stage44_VolCap_14pct,volatility_cap_sensitivity,0.14,parameter_free_expected_log_growth,0.14,0.16,0.9,True,False,0,Optimization terminated successfully,1,-0.004720367300117451,0.0,0.013604734988946737,0.04629151405375641
2019-09,2019-08,2019-08,0.007210627305189451,0.007210629788141833,2.5128621434482783,-0.04357209669579509,7.425696292584495e-07,2.2277088877753484e-09,2.552434935909619e-10,0.4582916926345276,0.23316760134363979,0.30854070602183264,0.0,-0.0,0.0034728257202632216,1.2577777777777779,1.628888888888889,1.3335098870056497,1.4551612903225806,0.0060939431840527514,0.001404465936080818,0.129821382033045,0.00539170306228524,0.06470043674742287,7.15372710259694e-09,0.0002985188917065159,0.0,-0.11702544544099963,Stage44_VolCap_14pct,volatility_cap_sensitivity,0.14,parameter_free_expected_log_growth,0.14,0.16,0.9,True,False,0,Optimization terminated successfully,1,-0.00539170306228524,0.0,0.010178617966955017,0.04297455455900037
2019-10,2019-09,2019-09,0.004710269882968949,0.004710271958314495,2.524698402322615,-0.03906706314763031,6.060406117364137e-07,1.818121835209241e-09,2.572237101927666e-10,0.48230447765282497,0.22947662208684913,0.288218900260326,0.0,0.0,0.0019143946889731067,0.911504424778761,1.4557522123893805,1.3306451612903225,1.666346153846154,0.005507186611997918,0.001230123055205974,0.12149681749935547,0.004892118075012873,0.058705416900154475,7.009382058020526e-09,0.00031214106434672466,0.0,-0.11483228043215107,Stage44_VolCap_14pct,volatility_cap_sensitivity,0.14,parameter_free_expected_log_growth,0.14,0.16,0.9,True,False,0,Optimization terminated successfully,1,-0.004892118075012873,0.0,0.018503182500644547,0.04516771956784893
2019-11,2019-10,2019-10,-0.0010852775414829324,-0.0010852730601193248,2.5219584038475564,-0.040109942082867445,1.280389602190125e-06,3.841168806570375e-09,6.401948010881242e-10,0.48573352920428536,0.2260592532615282,0.2882072175341865,2.1922802825310397e-21,-0.0,0.0006423137066512005,0.9383259911894273,1.4691629955947136,1.2093913043478262,1.5964047088768694,0.0046583847148647444,0.001140800594617828,0.11700259456701777,0.00408797610086023,0.04905571321032276,8.316695600451528e-09,0.00031405793532049235,0.0,-0.11543594599724202,Stage44_VolCap_14pct,volatility_cap_sensitivity,0.14,parameter_free_expected_log_growth,0.14,0.16,0.9,True,False,0,Optimization terminated successfully,1,-0.00408797610086023,0.0,0.022997405432982246,0.04456405400275798
2019-12,2019-11,2019-11,0.03999393581042893,0.03999393892842302,2.6228214463676074,-0.0017201607214607506,8.908554552933268e-07,2.6725663658799802e-09,4.454277276466634e-10,0.4903067228824758,0.22801273950875867,0.28168053760876566,2.2804991616410754e-21,0.0,0.001256435487331099,1.5219298245614035,1.7609649122807016,1.0419689119170985,1.6233006639266518,0.004652632892301757,0.0013060893648243388,0.1251921418376252,0.003999580592485597,0.04799496710982716,7.617403990827953e-09,0.0003141477498883118,0.0,-0.11431287538379162,Stage44_VolCap_14pct,volatility_cap_sensitivity,0.14,parameter_free_expected_log_growth,0.14,0.16,0.9,True,False,0,Optimization terminated successfully,1,-0.003999580592485597,0.0,0.014807858162374815,0.045687124616208385
2020-01,2019-12,2019-12,0.0002930002569247104,0.0002930025233003758,2.623589933725261,-0.0014276644720693232,6.475359044105798e-07,1.9426077132317393e-09,3.237679521428384e-10,0.5040933845716074,0.21876285390798864,0.277143761520404,3.5584739379793883e-22,0.0,0.00018018294515943084,1.6637554585152838,1.8318777292576418,1.1853566529492456,1.2774811557788945,0.004659970399964533,0.001418431688736572,0.13046524542896037,0.003950747517480947,0.04740897020977136,7.038115299499322e-09,0.0003259200865328572,0.0,-0.11618828577088162,Stage44_VolCap_14pct,volatility_cap_sensitivity,0.14,parameter_free_expected_log_growth,0.14,0.16,0.9,True,False,0,Optimization terminated successfully,1,-0.003950747517480947,0.0,0.009534754571039639,0.04381171422911838
2020-02,2020-01,2020-01,-0.013663381611473614,-0.013663379795752068,2.587742823268752,-0.015071539359047925,5.187775842935283e-07,1.556332752880585e-09,2.5938879213982526e-10,0.4833682619317637,0.22017667922896758,0.29645505883926876,3.091036279002181e-22,-0.0,0.0018971017400942966,1.1391304347826088,1.5695652173913044,1.2315287708546134,1.7101404056162246,0.005195906598280078,0.001585386685678586,0.1379298380632089,0.004403206393154838,0.05283847671785806,6.86228594679034e-09,0.0003098445452874155,0.0,-0.11763686882570722,Stage44_VolCap_14pct,volatility_cap_sensitivity,0.14,parameter_free_expected_log_growth,0.14,0.16,0.9,True,False,0,Optimization terminated successfully,1,-0.004403206393154838,0.0,0.002070161936791104,0.04236313117429279
2020-03,2020-02,2020-02,-0.054443202560631725,-0.05425378989611662,2.4468578165667103,-0.0686941990494544,0.06313738292243393,0.00018941214876730178,5.157477975307017e-10,0.40606489090039466,0.28933775350060686,0.3045973555989985,9.928889560348882e-17,-0.0,0.004148266926967852,1.1255411255411256,1.5627705627705628,1.739512855209743,1.9024503722084367,0.006421297124634877,0.0016333333333413329,0.14000000000034285,0.005415215483102665,0.06498258579723198,0.00018941497486154647,0.00023711687245841817,0.0,-0.10782996320361592,Stage44_VolCap_14pct,volatility_cap_sensitivity,0.14,parameter_free_expected_log_growth,0.14,0.16,0.9,True,False,0,Optimization terminated successfully,15,-0.005415215483102665,0.0,-3.4283687000424834e-13,0.05217003679638409
2020-04,2020-03,2020-03,0.0440206688994935,0.04434685110371808,2.554570134353931,-0.027697494741632855,0.09896008119410318,0.00029688024358230956,2.9301960642276717e-05,0.3347145422965836,0.40129241936183974,0.2639930383415767,0.0,-0.0,0.0058640991873165045,1.9698275862068966,1.9849137931034484,1.920584284754869,1.998305606900801,0.005782300275151377,0.0016333333333342964,0.14000000000004126,0.004639449904216416,0.05567339885059699,0.0003261837042678132,0.00017334005286806544,0.0,-0.08428350811352632,Stage44_VolCap_14pct,volatility_cap_sensitivity,0.14,parameter_free_expected_log_growth,0.14,0.16,0.9,True,False,0,Optimization terminated successfully,8,-0.004639449904216416,0.0,-4.1244785364824565e-14,0.07571649188647368
2020-05,2020-04,2020-04,0.036243305134227986,0.03624331015460557,2.647156199220106,0.0,1.4415209459439637e-06,4.3245628378318914e-09,6.958147446278762e-10,0.3456361840611753,0.3856833594036223,0.26868045653520234,0.0,-0.0,0.0009386878307400862,1.9184549356223175,1.9592274678111588,1.8297765921973992,1.9891337618610345,0.004016892944299158,0.0014977685929449492,0.13406424995254845,0.0032679995870127346,0.03921599504415282,9.060813948913709e-09,0.00018265806746752678,0.0,-0.08706525737949158,Stage44_VolCap_14pct,volatility_cap_sensitivity,0.14,parameter_free_expected_log_growth,0.14,0.16,0.9,True,False,0,Optimization terminated successfully,1,-0.0032679995870127346,0.0,0.00593575004745156,0.07293474262050842
2020-06,2020-05,2020-05,0.019957936741804773,0.019957943409310955,2.6999879751898175,0.0,1.9050017667776233e-06,5.71500530033287e-09,9.525008834165497e-10,0.353568930506049,0.3752126056845676,0.2712184638093834,5.544060430739466e-17,-0.0,0.00018114617783419318,1.8418803418803418,1.9209401709401708,1.55498509440212,1.9498022512929722,0.004250952876502838,0.0012381161563291812,0.1218909097346893,0.0036318844213437634,0.04358261305612516,1.0376994483627403e-08,0.00018888477062715386,0.0,-0.08891773149677314,Stage44_VolCap_14pct,volatility_cap_sensitivity,0.14,parameter_free_expected_log_growth,0.14,0.16,0.9,True,False,0,Optimization terminated successfully,2,-0.0036318844213437647,0.0,0.018109090265310712,0.07108226850322687
2020-07,2020-06,2020-06,0.051671749164571956,0.05175516463306985,2.839501076591186,0.0,0.023832990999398784,7.149897299819635e-05,1.1916495499699335e-05,0.34277185630911433,0.3678513067653107,0.289376836925575,0.0,0.0,-0.0005189446424728512,1.748936170212766,1.874468085106383,1.646169023347583,1.919159867029314,0.004057866344729011,0.0012218644061654865,0.1210882854531595,0.003363515690531491,0.040362188286377894,8.341845111477687e-05,0.0001882581183393621,0.0,-0.09331834691029485,Stage44_VolCap_14pct,volatility_cap_sensitivity,0.14,parameter_free_expected_log_growth,0.14,0.16,0.9,True,False,0,Optimization terminated successfully,15,-0.003363515690531491,0.0,0.018911714546840513,0.06668165308970515
2020-08,2020-07,2020-07,0.007786520191081278,0.007786531934958992,2.86161090905666,0.0,3.355393632636929e-06,1.0066180897910787e-08,1.6776968163045876e-09,0.3443251620034226,0.35215943222860785,0.30351540576796954,3.449092132157632e-21,0.0,-0.0014739093240895666,0.5889830508474576,1.2944915254237288,1.836598106431603,1.777994596217352,0.004580051985784919,0.001112195200892509,0.11552637106180609,0.004023939187695101,0.04828727025234121,1.519764356390462e-08,0.00019554148320124906,0.0,-0.09872933336835144,Stage44_VolCap_14pct,volatility_cap_sensitivity,0.14,parameter_free_expected_log_growth,0.14,0.16,0.9,True,False,0,Optimization terminated successfully,2,-0.004023939187695101,0.0,0.024473628938193923,0.06127066663164857
2020-09,2020-08,2020-08,-0.012891031257066065,-0.012891027580229432,2.8247217933824493,-0.012891031257066032,1.0505247522996086e-06,3.151574256898826e-09,5.252623761498044e-10,0.35159361250276144,0.34569694868365985,0.30270943881357865,3.575079143220215e-21,0.0,-0.0020323085642396685,0.31645569620253167,1.1582278481012658,1.8289559014267187,1.454057279236277,0.004404510560941561,0.0012634242019462071,0.12313037977426401,0.003772790447335239,0.045273485368022864,8.01263321844459e-09,0.00019941038912433854,0.0,-0.09918380744156396,Stage44_VolCap_14pct,volatility_cap_sensitivity,0.14,parameter_free_expected_log_growth,0.14,0.16,0.9,True,False,0,Optimization terminated successfully,1,-0.003772790447335239,0.0,0.016869620225736,0.06081619255843604
2020-10,2020-09,2020-09,-0.01977880957505588,-0.01977879924983681,2.7688521589286275,-0.032414871579662385,2.9500625917111556e-06,8.850187775133467e-09,1.4750312958555778e-09,0.35924636984738395,0.35341016064103337,0.2873434695115827,3.206006002812018e-21,0.0,-0.0011886890287931729,1.5924369747899159,1.7962184873949578,1.7560386473429952,1.771568336792173,0.00439215615940803,0.001372419957595324,0.12833175558350274,0.003705932381282197,0.044471188575386365,1.379932817058234e-08,0.00019724980121551877,0.0,-0.09453274764652295,Stage44_VolCap_14pct,volatility_cap_sensitivity,0.14,parameter_free_expected_log_growth,0.14,0.16,0.9,True,False,0,Optimization terminated successfully,2,-0.003705932381282197,0.0,0.011668244416497275,0.06546725235347706
2020-11,2020-10,2020-10,0.0356178389487637,0.03561784212459468,2.8674726891982845,0.0,9.073802786363494e-07,2.7221408359090483e-09,4.5369013931817473e-10,0.3569196724721753,0.35905043161144334,0.28402989591638145,2.889858851004216e-21,0.0,-9.84016634699443e-05,0.5271966527196653,1.2635983263598327,1.7993284298049248,1.949779086892489,0.004077489922397624,0.001037013409469828,0.11155339938181148,0.0035589756790731955,0.042707708148878344,7.538589514136903e-09,0.00019492095234085048,0.0,-0.09306756037240249,Stage44_VolCap_14pct,volatility_cap_sensitivity,0.14,parameter_free_expected_log_growth,0.14,0.16,0.9,True,False,0,Optimization terminated successfully,1,-0.0035589756790731955,0.0,0.02844660061818853,0.06693243962759751
2020-12,2020-11,2020-11,0.06508700095173042,0.06508700248260231,3.054107886849194,0.0,4.4076964539341364e-07,1.322308936180241e-09,2.0856295149251986e-10,0.3981486492487802,0.34573635311479695,0.2561149976364229,4.7816877090509905e-21,0.0,-0.0022899355493346658,0.3375,1.16875,1.63473149030823,1.8339677891654467,0.003534111315579016,0.001005508093372473,0.10984578790499741,0.0030313504622081536,0.03637620554649784,6.8066846260779364e-09,0.0002154877836066103,0.0,-0.08943427125410598,Stage44_VolCap_14pct,volatility_cap_sensitivity,0.14,parameter_free_expected_log_growth,0.14,0.16,0.9,True,False,0,Optimization terminated successfully,1,-0.0030313504622081536,0.0,0.030154212095002603,0.07056572874589402
2021-01,2020-12,2020-12,0.012647103739613483,0.012647111990298707,3.0927335061261476,0.0,2.590457297058091e-06,7.771371891174272e-09,4.793133313585329e-10,0.42399699632093757,0.3237722448831899,0.2522307587958726,4.673432570883962e-21,0.0,-0.003995812830828991,0.5684647302904564,1.284232365145228,1.6970653202903123,1.6172534186790806,0.003177254232620964,0.0012094284870934361,0.12047050197090255,0.0025725286825858946,0.030870344191030734,1.1306488351617302e-08,0.00023662289818411243,0.0,-0.09266322751498673,Stage44_VolCap_14pct,volatility_cap_sensitivity,0.14,parameter_free_expected_log_growth,0.14,0.16,0.9,True,False,0,Optimization terminated successfully,2,-0.0025725286825858946,0.0,0.019529498029097467,0.06733677248501327
2021-02,2021-01,2021-01,-0.008635419560341894,-0.00807017913168781,3.0660264547124214,-0.00863541956034175,0.18841337204968447,0.0005652401161490534,3.1250503051989385e-10,0.2457610019081254,0.5074489662690548,0.24679003182281978,3.6015509292481936e-19,0.0,-0.004913695162491919,0.16942148760330578,1.084710743801653,1.6894604767879549,1.67578125,0.002798146660216289,0.0006785287559515183,0.09023494373810081,0.0018936392450926588,0.022723670941111905,0.0005652430371478708,0.0001064323163924948,0.0,-0.06869217718343584,Stage44_VolCap_14pct,volatility_cap_sensitivity,0.14,parameter_free_expected_log_growth,0.14,0.16,0.9,True,False,0,Optimization terminated successfully,12,-0.0018936392450926588,0.0,0.0497650562618992,0.09130782281656416
2021-03,2021-02,2021-02,-0.004078245604288438,-0.004078234275352026,3.053522445800858,-0.012678447802767168,3.716470814915663e-06,1.1149412444746989e-08,1.7952396806630792e-10,0.25805991999212274,0.5089541774233964,0.23298590258448093,4.2017457749457327e-19,0.0,-0.004542811635932661,0.24279835390946503,1.1213991769547325,1.710165263486124,1.7359712230215827,0.0029547265156754775,0.0007340408170720822,0.09385355509976692,0.0025876914543724425,0.03105229745246931,1.4652766993914519e-08,0.0001066048966895836,0.0,-0.06516823607849968,Stage44_VolCap_14pct,volatility_cap_sensitivity,0.14,parameter_free_expected_log_growth,0.14,0.16,0.9,True,False,0,Optimization terminated successfully,2,-0.0025876914543724425,0.0,0.04614644490023309,0.09483176392150032
2021-04,2021-03,2021-03,0.007220095566935355,0.00722012641178043,3.075569169675322,-0.00554989184060839,1.014761076270652e-05,3.044283228811956e-08,4.020127878643554e-10,0.2577716411969213,0.5096065785892094,0.23262178021386926,1.8815372170530784e-20,0.0,-0.004438437746977155,0.21721311475409835,1.1086065573770492,1.4438080495356038,1.8018867924528301,0.0029086462351465697,0.0006408073887959954,0.08769086990988255,0.002588209083896861,0.031058509006762332,3.34568517108886e-08,0.00010581861067090663,0.0,-0.06502583143352278,Stage44_VolCap_14pct,volatility_cap_sensitivity,0.14,parameter_free_expected_log_growth,0.14,0.16,0.9,True,False,0,Optimization terminated successfully,3,-0.002588209083896861,0.0,0.052309130090117464,0.09497416856647722
2021-05,2021-04,2021-04,0.016127907232991602,0.01612791888808146,3.1251716639324947,0.0,3.4814718729292427e-06,1.0444415618787728e-08,1.210674240637033e-09,0.25849495968255476,0.5041188822283996,0.2373861580890456,1.9399755463495853e-20,0.0,-0.0021280944952931425,0.12653061224489795,1.063265306122449,1.265990159901599,1.6248579545454547,0.0035382984070964577,0.0005264880094339884,0.07948494268229588,0.0032750400435550392,0.03930048052266047,1.4358824424022907e-08,0.0001074687451179506,0.0,-0.06587517179214142,Stage44_VolCap_14pct,volatility_cap_sensitivity,0.14,parameter_free_expected_log_growth,0.14,0.16,0.9,True,False,0,Optimization terminated successfully,2,-0.0032750400435550392,0.0,0.06051505731770414,0.09412482820785859
2021-06,2021-05,2021-05,-0.014302418182494626,-0.013829976657508248,3.0804741519028496,-0.01430241818249467,0.13498329594177622,0.00040494988782532865,6.749163716104918e-05,0.12247961503046023,0.49555964737227126,0.38196073759726856,1.2176460029675318e-19,0.0,-0.0019642331477567705,0.3699186991869919,1.184959349593496,1.3768337408312958,1.4738700564971752,0.004902175625389653,0.0008282367361189299,0.09969373517642499,0.004015612764409846,0.048187353172918154,0.0004724444929203424,0.00013836132323372688,0.0,-0.11363901444268443,Stage44_VolCap_14pct,volatility_cap_sensitivity,0.14,parameter_free_expected_log_growth,0.14,0.16,0.9,True,False,0,Optimization terminated successfully,18,-0.004015612764409846,0.0,0.04030626482357502,0.046360985557315576
2021-07,2021-06,2021-06,0.015413420052561268,0.015413429612285569,3.1279547939671857,0.0,2.731349800416602e-06,8.194049401249807e-09,1.3656749002082665e-09,0.1275493664020277,0.5039909095185092,0.3684597240794632,2.775557561562892e-17,0.0,-0.0016856542238753395,0.07692307692307693,1.0384615384615385,1.3664238008500305,1.4365524985962943,0.005151442094913878,0.0008260315966713669,0.09956093189628351,0.004738413277732267,0.0568609593327872,1.3018845927477207e-08,0.00013013777933527533,0.0,-0.1084603813991748,Stage44_VolCap_14pct,volatility_cap_sensitivity,0.14,parameter_free_expected_log_growth,0.14,0.16,0.9,True,False,0,Optimization terminated successfully,2,-0.004738413277732267,0.0,0.0404390681037165,0.051539618600825204
2021-08,2021-07,2021-07,0.0015364104515255023,0.0015364291794853595,3.132760616404536,0.0,5.350845673476729e-06,1.605253702043019e-08,2.6754228367729845e-09,0.12225090677466345,0.502145942345436,0.3756031508799006,8.259555364921749e-17,0.0,0.0008903952476025564,0.2862903225806452,1.1431451612903225,1.2962292609351433,1.440552609545074,0.006082018187842881,0.0007449226730583532,0.09454666613212884,0.005709535291769524,0.0685144235012343,2.1559544180395124e-08,0.00013344098316025318,0.0,-0.11104385257560827,Stage44_VolCap_14pct,volatility_cap_sensitivity,0.14,parameter_free_expected_log_growth,0.14,0.16,0.9,True,False,0,Optimization terminated successfully,2,-0.005709535291769523,0.0,0.045453333867871176,0.048956147424391736
2021-09,2021-08,2021-08,-0.01682803087861717,-0.016827995123200958,3.080042424016365,-0.016828030878617173,1.0215833203453002e-05,3.064749961035901e-08,5.107916601713984e-09,0.11991505620919829,0.5011835351078541,0.3789014086829477,7.526308593431555e-17,0.0,0.0005130235485061401,1.2771084337349397,1.6385542168674698,1.3269403655978425,1.5044382801664355,0.00599624627617738,0.0008389362871420215,0.10033561404458667,0.0055767404610613126,0.06692088553273576,3.767154505588249e-08,0.00013464880425332167,0.0,-0.11224859688670201,Stage44_VolCap_14pct,volatility_cap_sensitivity,0.14,parameter_free_expected_log_growth,0.14,0.16,0.9,True,False,0,Optimization terminated successfully,2,-0.0055767404610613126,0.0,0.03966438595541334,0.047751403113297994
2021-10,2021-09,2021-09,-0.005268423005025476,-0.005268409101037403,3.0638154576532224,-0.02200779669863251,3.9725680207882865e-06,1.191770406236486e-08,1.9862840103799077e-09,0.11624947767673037,0.5030788495507063,0.38067167277256336,8.643463309373416e-17,-0.0,0.00019986016539014738,1.468,1.734,1.4669446098868373,1.6373414230557088,0.0056785057163706324,0.001056271418703949,0.11258444397183559,0.00515035351776386,0.06180424221316633,1.6489254797884355e-08,0.00013614678451173115,0.0,-0.11278932927774336,Stage44_VolCap_14pct,volatility_cap_sensitivity,0.14,parameter_free_expected_log_growth,0.14,0.16,0.9,True,False,0,Optimization terminated successfully,2,-0.00515035351776386,0.0,0.027415556028164423,0.04721067072225664
2021-11,2021-10,2021-10,0.005636382467522554,0.005636394323735291,3.0810842933824634,-0.016495458590571,3.3874893532253387e-06,1.0162468059676016e-08,1.6937446766227752e-09,0.11471112814255997,0.4984292222460314,0.3868596496114087,9.446984296182483e-17,-0.0,-8.88860523778662e-05,1.302788844621514,1.6513944223107568,1.3863569103284996,1.6195503153276665,0.005268581849091587,0.0009745808087597906,0.10814328321776387,0.0047812768645477885,0.05737532237457346,1.45801639026848e-08,0.00013966645948591737,0.0,-0.11525461405026183,Stage44_VolCap_14pct,volatility_cap_sensitivity,0.14,parameter_free_expected_log_growth,0.14,0.16,0.9,True,False,0,Optimization terminated successfully,2,-0.0047812768645477885,0.0,0.031856716782236144,0.044745385949738176
2021-12,2021-11,2021-11,0.011908283800271903,0.01190830227025298,3.117774719560622,-0.004783607392611189,5.277137450715953e-06,1.583141235214786e-08,2.6385687253711033e-09,0.10939101438157128,0.5043846156083669,0.38622437001006193,7.920657891887798e-17,-0.0,0.0015672447577538065,1.757936507936508,1.878968253968254,1.5398529411764705,1.964422028353326,0.005790563627504827,0.0011270494006924159,0.1162952828291371,0.005227017875595873,0.06272421450715047,2.105156274523749e-08,0.00013782243120045933,0.0,-0.11472216229093381,Stage44_VolCap_14pct,volatility_cap_sensitivity,0.14,parameter_free_expected_log_growth,0.14,0.16,0.9,True,False,0,Optimization terminated successfully,2,-0.005227017875595873,0.0,0.023704717170862907,0.045277837709066196
2022-01,2021-12,2021-12,-0.005414514309037215,-0.00513303149809738,3.1008934837292066,-0.010172220790972353,0.08042366026852424,0.00024127098080557272,4.021183013426206e-05,0.05985090044695592,0.47181826866060134,0.4683308308924427,0.0,-0.0,-0.00010130217706067833,1.7193675889328064,1.8596837944664033,1.255039439088519,1.7447846112164727,0.006232521449528022,0.001060903242273488,0.11283101926013898,0.005420585517395381,0.06504702620874457,0.00028148431099589644,0.0002009676853887974,0.0,-0.14555876395063047,Stage44_VolCap_14pct,volatility_cap_sensitivity,0.14,parameter_free_expected_log_growth,0.14,0.16,0.9,True,False,0,Optimization terminated successfully,15,-0.005420585517395381,0.0,0.02716898073986103,0.014441236049369532
2022-02,2022-01,2022-01,0.026032227964870074,0.02603224668903001,3.1816166497924256,0.0,5.349759981322644e-06,1.604927994396793e-08,2.6748799906439745e-09,0.05545205007804772,0.467743387399535,0.4768045625224172,0.0,-0.0,0.0005602128944226668,0.421259842519685,1.2106299212598426,1.441185013069997,1.7359202371328482,0.006481430248811603,0.001349394769467356,0.12725068657421174,0.005806711855589655,0.06968054226707586,2.1008488270362688e-08,0.0002079817949331742,0.0,-0.14873310133635975,Stage44_VolCap_14pct,volatility_cap_sensitivity,0.14,parameter_free_expected_log_growth,0.14,0.16,0.9,True,False,0,Optimization terminated successfully,2,-0.005806711855589655,0.0,0.012749313425788278,0.011266898663640251
2022-03,2022-02,2022-02,-0.0004753465923910958,-0.000376665629494153,3.180104279159652,-0.00047534659239112376,0.028194599268158538,8.458379780447561e-05,1.4097165092467177e-05,0.06783031712660263,0.4684821147485669,0.46368729904160644,2.6908322412968034e-07,-0.0,-0.00030817152905985207,1.603921568627451,1.8019607843137255,1.727469670710572,1.892627345844504,0.006673781695806644,0.001633333333411394,0.14000000000334545,0.0057584329163315635,0.06910119499597876,9.868211276938354e-05,0.0001945616265454615,0.0,-0.14333712430274587,Stage44_VolCap_14pct,volatility_cap_sensitivity,0.14,parameter_free_expected_log_growth,0.14,0.16,0.9,True,False,0,Optimization terminated successfully,10,-0.0057584329163315635,0.0,-3.3454350401029842e-12,0.016662875697254137
2022-04,2022-03,2022-03,-0.005255814699332551,-0.005149031004566832,3.1633902403438343,-0.0057286629581161375,0.030509767304345507,9.152930191303652e-05,1.5254392852683159e-05,0.06841246628469952,0.4916826134291131,0.43990365473435483,1.265551832530262e-06,0.0,-0.0015154374801319454,1.61328125,1.806640625,1.6862266857962698,1.9195310418332001,0.006255834529239067,0.001633333333981441,0.14000000002777604,0.005332382808260797,0.06398859369912957,0.00010678505398754927,0.00017354343074768425,0.0,-0.13367249817881782,Stage44_VolCap_14pct,volatility_cap_sensitivity,0.14,parameter_free_expected_log_growth,0.14,0.16,0.9,True,False,0,Optimization terminated successfully,19,-0.005332382808260797,0.0,-2.7776031474857632e-11,0.02632750182118218
2022-05,2022-04,2022-04,-0.011067696739429485,-0.011057656128771713,3.128378796495238,-0.01673295659320273,0.002868939993332991,8.606819979998974e-06,1.4337906777730456e-06,0.06397339821557488,0.48869727274527985,0.44732932903914535,0.0,0.0,-0.0010367248903712712,1.6536964980544746,1.8268482490272373,1.66376604850214,1.888815266366287,0.006521398837415915,0.0016333333333358594,0.14000000000010826,0.005694690285113244,0.06833628342135893,1.0041885634740878e-05,0.0001789767656668327,0.0,-0.13646977682750996,Stage44_VolCap_14pct,volatility_cap_sensitivity,0.14,parameter_free_expected_log_growth,0.14,0.16,0.9,True,False,0,Optimization terminated successfully,16,-0.005694690285113244,0.0,-1.0824674490095276e-13,0.02353022317249004
2022-06,2022-05,2022-05,-0.008510471161594826,-0.008457285626545793,3.1017548189651203,-0.025101022410262908,0.015195867156867108,4.558760147060133e-05,7.597933578433524e-06,0.04925596873086233,0.4942531739178797,0.45649085735125794,0.0,0.0,-0.000763834011577209,1.7403100775193798,1.87015503875969,1.4712138400453771,1.8562203479177648,0.0064271177231614305,0.001633333338533772,0.14000000022287595,0.005557263979459533,0.0666871677535144,5.318707443501056e-05,0.0001872504411946174,0.0,-0.13942014813962683,Stage44_VolCap_14pct,volatility_cap_sensitivity,0.14,parameter_free_expected_log_growth,0.14,0.16,0.9,True,False,0,Optimization terminated successfully,11,-0.005557263979459533,0.0,-2.2287593992587063e-10,0.02057985186037317
2022-07,2022-06,2022-06,0.00861199738986396,0.00862025194612517,3.128467123370046,-0.0167051949598791,0.0023585900018337595,7.075770005501279e-06,1.178786255709663e-06,0.04612824627392847,0.4928570395567723,0.4610147141692993,0.0,-0.0,0.0026639784344173107,1.6023166023166022,1.801158301158301,1.6508316887510572,1.8429882044560943,0.006232122117176765,0.0016333333333345514,0.1400000000000522,0.0054071987797896055,0.06488638535747526,8.25667071988363e-06,0.00019076936847320616,0.0,-0.14109576940957724,Stage44_VolCap_14pct,volatility_cap_sensitivity,0.14,parameter_free_expected_log_growth,0.14,0.16,0.9,True,False,0,Optimization terminated successfully,8,-0.0054071987797896055,0.0,-5.218048215738236e-14,0.01890423059042276
2022-08,2022-07,2022-07,-0.019624701062685716,-0.01962469801980969,3.0670718912894683,-0.036002061565283294,8.907161419373366e-07,2.6721484258120097e-09,3.707275989528469e-10,0.04758266849650757,0.4961440627742645,0.45627326872922797,0.0,-0.0,0.0012941180756888399,1.873076923076923,1.9365384615384615,1.4112699747687132,1.7964797913950457,0.005505077450693471,0.001408121230854902,0.12999021028623203,0.00480100932011075,0.057612111841329,7.515155269425121e-09,0.0001856501243959187,0.0,-0.13924241295754608,Stage44_VolCap_14pct,volatility_cap_sensitivity,0.14,parameter_free_expected_log_growth,0.14,0.16,0.9,True,False,0,Optimization terminated successfully,1,-0.00480100932011075,0.0,0.01000978971376798,0.020757587042453923
2022-09,2022-08,2022-08,0.01370812389734725,0.013708126534778924,3.1091156927773356,-0.02278745838843288,8.505740772234149e-07,2.551722231670245e-09,8.570944362573665e-11,0.04780563432261384,0.49230018068645054,0.45989418499093565,4.317065966362502e-23,-0.0,-0.0013560965425300274,0.8620689655172413,1.4310344827586206,1.4604456824512535,1.879860031104199,0.004271348351091934,0.001415481182086586,0.13032948317644413,0.0035636004484247206,0.042763205381096646,7.311623919954829e-09,0.00018968561876387085,0.0,-0.14072888877623552,Stage44_VolCap_14pct,volatility_cap_sensitivity,0.14,parameter_free_expected_log_growth,0.14,0.16,0.9,True,False,0,Optimization terminated successfully,1,-0.0035636004484247206,0.0,0.00967051682355588,0.019271111223764487
2022-10,2022-09,2022-09,-0.007904960594384742,-0.007705953901743956,3.0845382557425474,-0.030512285022210928,0.05685905504022426,0.0001705771651206728,2.842952752011213e-05,0.056435629514008046,0.5223691344377275,0.4211952360482645,0.0,-0.0,0.0003912012181461111,1.8435114503816794,1.9217557251908397,1.6460814178897811,1.9104150554266563,0.004428000231788592,0.0016333333455255084,0.1400000005225218,0.0034123253662961296,0.040947904395553555,0.00019900819272970877,0.00015741188022967015,0.0,-0.1253368869399631,Stage44_VolCap_14pct,volatility_cap_sensitivity,0.14,parameter_free_expected_log_growth,0.14,0.16,0.9,True,False,0,Optimization terminated successfully,10,-0.0034123253662961296,0.0,-5.225217758475509e-10,0.034663113060036915
2022-11,2022-10,2022-10,0.003942470051406146,0.004079180504447021,3.096698955438229,-0.026690108740704765,0.045570099397401725,0.00013671029819220518,1.5484866930368958e-10,0.01438246108685725,0.5698248294110029,0.4157927095021398,3.835648048388972e-20,-0.0,-0.0048359887733638324,1.950570342205323,1.9752851711026616,1.556442731277533,1.8121794871794872,0.005034886577473647,0.0016333333430749413,0.1400000004174975,0.0040815064785403275,0.04897807774248393,0.00013671342739584862,0.0001572103687322401,0.0,-0.12104494535075969,Stage44_VolCap_14pct,volatility_cap_sensitivity,0.14,parameter_free_expected_log_growth,0.14,0.16,0.9,True,False,0,Optimization terminated successfully,13,-0.0040815064785403275,0.0,-4.1749748103114825e-10,0.03895505464924032
2022-12,2022-11,2022-11,0.00933959072749522,0.009393881730332367,3.1256208562882835,-0.017599792705320305,0.01551171509632731,4.653514528898193e-05,7.755857548163686e-06,3.0655631576092725e-19,0.579458602675642,0.420541397324358,1.0746383562090454e-19,-0.0,-0.006131635960113868,1.9507575757575757,1.9753787878787878,1.3098822885299755,1.7819433817903596,0.0051144183473816225,0.0015285890352079946,0.13543658450542798,0.004295830454974046,0.051549965459688554,5.429337480357931e-05,0.0001628116027934506,0.0,-0.12224774649330108,Stage44_VolCap_14pct,volatility_cap_sensitivity,0.14,parameter_free_expected_log_growth,0.14,0.16,0.9,True,False,0,Optimization terminated successfully,12,-0.004295830454974046,0.0,0.004563415494572037,0.03775225350669892
2023-01,2022-12,2022-12,0.025260300834719623,0.025260303151035685,3.2045749794133993,0.0,6.618045891026997e-07,1.985413767308099e-09,3.3090229453747173e-10,2.780174959526086e-19,0.5770493532730134,0.42295064672698657,1.011426260870594e-19,-0.0,-0.004296972725748194,0.07169811320754717,1.0358490566037737,1.389493739793141,1.6683155758498223,0.005114829304240193,0.0016148319694221666,0.13920482618453284,0.004307406122468222,0.05168887346961866,7.1970608880934475e-09,0.00016386620781384654,0.0,-0.12217451393898104,Stage44_VolCap_14pct,volatility_cap_sensitivity,0.14,parameter_free_expected_log_growth,0.14,0.16,0.9,True,False,0,Optimization terminated successfully,1,-0.004307406122468222,0.0,0.0007951738154671761,0.03782548606101896
2023-02,2023-01,2023-01,-0.0017052077686228182,-0.0017052066609374947,3.1991105132633693,-0.0017052077686228184,3.1648152098995313e-07,9.494445629698595e-10,1.5824076049497646e-10,2.9648993431779267e-19,0.5801033832163063,0.4198966167836938,9.642938060500443e-20,-0.0,-0.006999809449469954,0.03383458646616541,1.0169172932330828,1.3374390904168922,1.5914941948510855,0.004911802836336994,0.0012866338014011936,0.1242562095704449,0.004268479264537546,0.05122175117445055,6.671098851273199e-09,0.00016070512196446408,0.0,-0.12096355361042324,Stage44_VolCap_14pct,volatility_cap_sensitivity,0.14,parameter_free_expected_log_growth,0.14,0.16,0.9,True,False,0,Optimization terminated successfully,1,-0.004268479264537546,0.0,0.015743790429555107,0.03903644638957676
2023-03,2023-02,2023-02,0.03898798128023782,0.038987982784017966,3.3238373740678937,0.0,4.296514725388171e-07,1.2889544176164514e-09,2.1482573628328614e-10,2.9353828424030294e-19,0.5709374252415488,0.42906257475845133,1.0043857895023485e-19,-0.0,-0.009187128044125534,0.06367041198501873,1.0318352059925093,1.2131699434419607,1.4991208239135896,0.004595640076561619,0.0011516748484135585,0.11755891366018445,0.0040197958429776266,0.04823755011573152,6.8093772130445045e-09,0.00016699879934978413,0.0,-0.12459419460498297,Stage44_VolCap_14pct,volatility_cap_sensitivity,0.14,parameter_free_expected_log_growth,0.14,0.16,0.9,True,False,0,Optimization terminated successfully,1,-0.0040197958429776266,0.0,0.022441086339815564,0.03540580539501703
2023-04,2023-03,2023-03,0.017698051171125245,0.01771804936034022,3.382662817998646,0.0,0.005713768347135524,1.714130504140657e-05,2.8568841735677478e-06,2.4236416510845327e-18,0.5670064736742325,0.4329935263257675,3.917262683255122e-19,-0.0,-0.008645096252806093,1.8395522388059702,1.919776119402985,1.4839400428265526,1.6439810189810191,0.005014493458779419,0.00163333333333481,0.14000000000006327,0.004177825602590762,0.05013390723108914,2.0001189521252042e-05,0.00016925147043326118,0.0,-0.12614778064483578,Stage44_VolCap_14pct,volatility_cap_sensitivity,0.14,parameter_free_expected_log_growth,0.14,0.16,0.9,True,False,0,Optimization terminated successfully,4,-0.004177825602590762,0.0,-6.32549568280183e-14,0.03385221935516422
2023-05,2023-04,2023-04,-0.01727132623309721,-0.01727132446686349,3.3242397449324232,-0.01727132623309724,5.046382067774867e-07,1.5139146203324601e-09,2.523191033887427e-10,2.4075317417217765e-18,0.559001737222155,0.440998262777845,3.7373291260282904e-19,0.0,-0.007873908402305677,1.1189591078066914,1.5594795539033457,1.410652463382157,1.5054685558041263,0.005214980101651447,0.0014167613577893811,0.13038840551779354,0.004506592502350966,0.054079110028211586,6.920405791089751e-09,0.00017474857058747515,0.0,-0.12935076302865842,Stage44_VolCap_14pct,volatility_cap_sensitivity,0.14,parameter_free_expected_log_growth,0.14,0.16,0.9,True,False,0,Optimization terminated successfully,1,-0.004506592502350966,0.0,0.00961159448220647,0.030649236971341587
2023-06,2023-05,2023-05,-0.012773446334318442,-0.012773443365446236,3.2817777469481206,-0.029824158208654694,8.482492015460267e-07,2.5447476046380803e-09,4.241246007730128e-10,2.5373749215609004e-18,0.5641533142255679,0.4358466857744321,3.4407189269859637e-19,0.0,-0.007818822962466823,0.725925925925926,1.362962962962963,1.3256552819698173,1.6550061804697158,0.004995351391522948,0.0012393458406060878,0.12195142511374377,0.004375670881644524,0.05250805057973429,7.589575380366086e-09,0.00017126614333763364,0.0,-0.12727410102996708,Stage44_VolCap_14pct,volatility_cap_sensitivity,0.14,parameter_free_expected_log_growth,0.14,0.16,0.9,True,False,0,Optimization terminated successfully,1,-0.004375670881644524,0.0,0.018048574886256247,0.03272589897003292
2023-07,2023-06,2023-06,-0.004882952971964356,-0.004882951512517958,3.265752980545334,-0.034561481218657764,4.169846851420642e-07,1.2509540554261925e-09,2.0849234258490933e-10,2.542277263422758e-18,0.5707582314475996,0.4292417685524004,3.6464940200187143e-19,0.0,-0.006910528379929531,1.051660516605166,1.525830258302583,1.117298578199052,1.411091982292179,0.0045666299259892575,0.0009444866645627949,0.10646050899161406,0.004094379801612953,0.049132557619355435,6.792094907655605e-09,0.00016607684529153506,0.0,-0.124665060601437,Stage44_VolCap_14pct,volatility_cap_sensitivity,0.14,parameter_free_expected_log_growth,0.14,0.16,0.9,True,False,0,Optimization terminated successfully,1,-0.004094379801612953,0.0,0.03353949100838595,0.035334939398563
2023-08,2023-07,2023-07,0.016339994570120617,0.016339995467731343,3.3191153665148,-0.01878622106398531,2.5646020743175325e-07,7.693806222952598e-10,1.2823010372975406e-10,2.6197387974053e-18,0.5756511059130396,0.4243488940869604,4.056891319469181e-19,0.0,-0.0065333522658038955,0.5698529411764706,1.2849264705882353,1.1262441068622315,1.2206314243759178,0.004165979615729214,0.0008127975508740355,0.09876016712464812,0.003759574227024283,0.045114890724291395,6.6132679136033e-09,0.00016164944580946702,0.0,-0.12272851669498057,Stage44_VolCap_14pct,volatility_cap_sensitivity,0.14,parameter_free_expected_log_growth,0.14,0.16,0.9,True,False,0,Optimization terminated successfully,1,-0.003759574227024283,0.0,0.04123983287535189,0.037271483305019434
2023-09,2023-08,2023-08,-0.020892022745767323,-0.020892022226141917,3.249772332781747,-0.039285761651976725,1.4846440174318332e-07,4.4539320522954997e-10,7.423220084435428e-11,2.775557561562892e-17,0.5673318773256449,0.4326681226743551,2.775557561562892e-17,0.0,-0.005453941625845276,0.608058608058608,1.304029304029304,1.1029679770892997,1.1562423947432465,0.003890327168846048,0.0006991633436805489,0.09159672551006716,0.003540738958643079,0.04248886750371694,6.5383626951678534e-09,0.0001672398587501326,0.0,-0.12601925392742586,Stage44_VolCap_14pct,volatility_cap_sensitivity,0.14,parameter_free_expected_log_growth,0.14,0.16,0.9,True,False,0,Optimization terminated successfully,1,-0.0035407389586430784,0.0,0.048403274489932854,0.03398074607257415
2023-10,2023-09,2023-09,0.030494236070010197,0.030494236194211415,3.3488716574713817,-0.009989514871971972,3.548606244964616e-08,1.0645818734893848e-10,1.7743031238701345e-11,2.7481833618881384e-17,0.5753594561706546,0.4246405438293454,3.0886922996504944e-17,0.0,-0.004332771291807111,1.197080291970803,1.5985401459854014,1.1726236726236725,1.3698232017437637,0.0038477109523994786,0.0007969867174155028,0.09779489050551687,0.0034492110914887144,0.04139053309786457,6.502203012776193e-09,0.00016235720865617314,0.0,-0.12284403870043584,Stage44_VolCap_14pct,volatility_cap_sensitivity,0.14,parameter_free_expected_log_growth,0.14,0.16,0.9,True,False,0,Optimization terminated successfully,1,-0.0034492110914887144,0.0,0.04220510949448314,0.037155961299564166
2023-11,2023-10,2023-10,0.009557668551351874,0.009557668952673374,3.3808790627945093,-0.0005273227927553581,1.1466328580975368e-07,3.43989857429261e-10,5.733164283568933e-11,0.0,0.5553962549248352,0.4446037450751647,0.0,-0.0,-0.003923382648875881,1.5527272727272727,1.7763636363636364,1.4008498583569406,1.6954950614309805,0.004225752917797429,0.0011920126990707972,0.119599968180805,0.0036297400453287436,0.04355688054394492,6.522933287263652e-09,0.00017708855851531212,0.0,-0.12979110171978922,Stage44_VolCap_14pct,volatility_cap_sensitivity,0.14,parameter_free_expected_log_growth,0.14,0.16,0.9,True,False,0,Optimization terminated successfully,1,-0.003629740045328744,0.0,0.020400031819195016,0.030208898280210783
2023-12,2023-11,2023-11,0.019719331618656754,0.019719333305509668,3.4475477381963278,0.0,4.819579755288572e-07,1.4458739265865716e-09,2.409789877644286e-10,1.5649061803866788e-22,0.5657868449290819,0.43421315507091807,0.0,0.0,-0.003458616477615239,0.25,1.125,1.2315573770491803,1.6238015340364333,0.004782756182861352,0.0009561980249236908,0.10711851520201486,0.004304650285110232,0.05165580342132278,6.885289275543645e-09,0.000168122416839105,0.0,-0.12561419693615586,Stage44_VolCap_14pct,volatility_cap_sensitivity,0.14,parameter_free_expected_log_growth,0.14,0.16,0.9,True,False,0,Optimization terminated successfully,1,-0.004304650285110232,0.0,0.03288148479798515,0.034385803063844145
2024-01,2023-12,2023-12,0.006515158463383359,0.006515159874601048,3.470009058020756,0.0,4.093603744320559e-07,1.2280811232961677e-09,1.8313656695301331e-10,4.308724058208539e-08,0.5692907571732205,0.4307091997395389,2.775673861719263e-17,0.0,-0.0024537624100878356,1.1263537906137184,1.5631768953068592,1.3695208970438328,1.5263597328244276,0.004908639955676726,0.001112500761183392,0.11554223961045892,0.004352382822941672,0.05222859387530007,6.752143358140218e-09,0.0001646532232389237,0.0,-0.12421052416535892,Stage44_VolCap_14pct,volatility_cap_sensitivity,0.14,parameter_free_expected_log_growth,0.14,0.16,0.9,True,False,0,Optimization terminated successfully,1,-0.0043523828229416715,0.0,0.02445776038954109,0.03578947583464108
2024-02,2024-01,2024-01,0.0004319085769657235,0.0004319118170849467,3.471507784695064,0.0,9.257483494865149e-07,2.7772450484595446e-09,4.6287417469757766e-10,4.0271097362770366e-08,0.5627105509158877,0.4372894088130148,5.786144168935241e-17,-0.0,-0.0009082118731674214,1.0323741007194245,1.5161870503597124,1.182509505703422,1.56266318537859,0.005314441611868731,0.0008431068981498127,0.10058470449227234,0.004892880393307316,0.05871456471968779,7.769486508333164e-09,0.0001689132837692216,0.0,-0.12684513679128834,Stage44_VolCap_14pct,volatility_cap_sensitivity,0.14,parameter_free_expected_log_growth,0.14,0.16,0.9,True,False,0,Optimization terminated successfully,1,-0.004892880393307316,0.0,0.03941529550772767,0.033154863208711666
2024-03,2024-02,2024-02,0.05126248913961162,0.051262493172465104,3.649465914806072,0.0,1.1522438517757114e-06,3.456731555327134e-09,5.761219258881555e-10,4.309427218972464e-08,0.5611839920030465,0.43881596490268127,6.038172222068599e-17,-0.0,-0.003113913810764115,0.26881720430107525,1.1344086021505375,1.0629255989911728,1.3325064965745335,0.0053014909046570895,0.0007025907168673586,0.09182095949405181,0.004950187206429897,0.05940224647715876,8.339793513760086e-09,0.00016930138815003507,0.0,-0.1274554897342387,Stage44_VolCap_14pct,volatility_cap_sensitivity,0.14,parameter_free_expected_log_growth,0.14,0.16,0.9,True,False,0,Optimization terminated successfully,1,-0.004950187206429897,0.0,0.048179040505948206,0.0325445102657613
2024-04,2024-03,2024-03,0.019622703313338673,0.01962270665542364,3.7210783017044538,0.0,9.548814193120736e-07,2.864644257936221e-09,4.774407096619064e-10,4.332257001938521e-08,0.5387262338370089,0.4612737228404211,6.117344524785986e-17,0.0,-0.0038609459919955766,0.41785714285714287,1.2089285714285714,1.3365119196988708,1.1434281683517518,0.005777805471777133,0.0011150283378136847,0.11567341982393456,0.005220283463540728,0.06264340156248874,7.839329563352644e-09,0.00018624162964866241,0.0,-0.13657592398894278,Stage44_VolCap_14pct,volatility_cap_sensitivity,0.14,parameter_free_expected_log_growth,0.14,0.16,0.9,True,False,0,Optimization terminated successfully,1,-0.005220283463540728,0.0,0.024326580176065454,0.023424076011057227
2024-05,2024-04,2024-04,0.008836890631728165,0.008847466837681551,3.753961063688713,0.0,0.0030220683550351126,9.066205065105338e-06,1.5100008882811681e-06,0.003019550195186061,0.5245469549630684,0.4724314282632727,2.0665784728809923e-06,0.0,-0.00268917978246124,0.15302491103202848,1.0765124555160142,1.4402295982031446,1.198830409356725,0.006014378066064575,0.0016333333358282253,0.14000000010692396,0.005187133914383804,0.062245606972605644,1.0577483766657976e-05,0.00019384873873172048,0.0,-0.14125879173545677,Stage44_VolCap_14pct,volatility_cap_sensitivity,0.14,parameter_free_expected_log_growth,0.14,0.16,0.9,True,False,0,Optimization terminated successfully,18,-0.005187133914383803,0.0,-1.069239419226875e-10,0.01874120826454323
2024-06,2024-05,2024-05,0.005837123191462145,0.005837127909787945,3.7758733968734166,0.0,1.3487144697429493e-06,4.046143409228848e-09,6.721823904396715e-10,0.002985527266256087,0.5233655081336382,0.47364701631974304,1.948280362505164e-06,0.0,-0.0006879680945439955,0.4858156028368794,1.2429078014184398,1.3158351948374287,1.297067721666279,0.006268995062331519,0.0013309355928266245,0.12637732040963479,0.005603518539912909,0.06724222247895491,8.726005297395188e-09,0.0001939708272771947,0.0,-0.1417581569117149,Stage44_VolCap_14pct,volatility_cap_sensitivity,0.14,parameter_free_expected_log_growth,0.14,0.16,0.9,True,False,0,Optimization terminated successfully,2,-0.0056035185399129096,1.1102230246251565e-16,0.013622679590365228,0.01824184308828511
2024-07,2024-06,2024-06,0.029664640218450396,0.029664646349837055,3.8878833227020846,0.0,1.752227221418024e-06,5.256681664254072e-09,8.747049952494814e-10,0.0031420704824344056,0.5280317067472914,0.4688241268289056,2.095941368558267e-06,0.0,-0.00040401879079900795,1.7102473498233215,1.8551236749116606,1.2669219367588933,1.152687673772011,0.0063839399858589396,0.0012315954409584562,0.12156950806637935,0.005768132279932077,0.06921758735918493,9.985447634433934e-09,0.00018910371684967642,0.0,-0.13980358698185016,Stage44_VolCap_14pct,volatility_cap_sensitivity,0.14,parameter_free_expected_log_growth,0.14,0.16,0.9,True,False,0,Optimization terminated successfully,1,-0.005768132279932077,0.0,0.01843049193362066,0.02019641301814984
2024-08,2024-07,2024-07,-0.007914914661811653,-0.007695255946442548,3.857111057987817,-0.0079149146618116,0.07321468188476606,0.00021964404565429817,1.466971480503019e-08,0.07628188883774509,0.4484217558726406,0.4752949317792722,1.4235103421993346e-06,0.0,0.0022093447904688672,0.8626760563380281,1.431338028169014,1.562899262899263,1.446519133241125,0.006868080556193663,0.0015562249832793487,0.1366554053060185,0.005870308414305958,0.07044370097167149,0.00021965965024803018,0.00018542992157476773,0.0,-0.1466466569783598,Stage44_VolCap_14pct,volatility_cap_sensitivity,0.14,parameter_free_expected_log_growth,0.14,0.16,0.9,True,False,0,Optimization terminated successfully,12,-0.005870308414305958,0.0,0.0033445946939815174,0.013353343021640207
2024-09,2024-08,2024-08,0.013976849824862353,0.01431151864529672,3.9110213200031283,0.0,0.11155598432129299,0.00033466795296387895,8.674704874198911e-10,0.18415924882306217,0.3399758446017156,0.4758649065752223,2.7755575615628914e-17,0.0,0.004097591312968648,1.792982456140351,1.8964912280701753,1.4299853372434017,1.4310779816513761,0.007209154270706522,0.0016333333338578173,0.1400000000224779,0.006057817155446813,0.07269380586536175,0.000334670448330801,0.00020094796608530744,0.0,-0.1526786007528412,Stage44_VolCap_14pct,volatility_cap_sensitivity,0.14,parameter_free_expected_log_growth,0.14,0.16,0.9,True,False,0,Optimization terminated successfully,17,-0.006057817155446813,0.0,-2.247788066789269e-11,0.0073213992471588
2024-10,2024-09,2024-09,0.03358468473033763,0.033862644669774795,4.042371738009062,0.0,0.08346325244042413,0.0002503897573212724,2.7570182115896943e-05,0.25432048167152754,0.30978463519853894,0.43589488312993346,0.0,-0.0,0.005177680452593003,1.5594405594405594,1.7797202797202796,1.5811040856031129,1.6561643835616437,0.007375684213922106,0.001633333335667865,0.14000000010005137,0.006281056106597402,0.07537267327916883,0.00027796143949077116,0.00019871751311354935,0.0,-0.14120841907859263,Stage44_VolCap_14pct,volatility_cap_sensitivity,0.14,parameter_free_expected_log_growth,0.14,0.16,0.9,True,False,0,Optimization terminated successfully,9,-0.006281056106597403,0.0,-1.0005135608892601e-10,0.01879158092140737
2024-11,2024-10,2024-10,-0.013818420818579168,-0.013548992060290976,3.9865125442281215,-0.013818420818579202,0.08980911465100784,0.00026942734395302354,1.414335167426728e-09,0.3341893089384032,0.209346124508244,0.4564645665533529,0.0,-0.0,0.004189935971806019,0.554006968641115,1.2770034843205575,1.6822249093107617,1.8487394957983194,0.007727109400361148,0.0016333333550930798,0.14000000093256057,0.00664101212139178,0.07969214545670136,0.00026943060142282715,0.00025586781634690154,0.0,-0.15626653945301308,Stage44_VolCap_14pct,volatility_cap_sensitivity,0.14,parameter_free_expected_log_growth,0.14,0.16,0.9,True,False,0,Optimization terminated successfully,16,-0.00664101212139178,0.0,-9.325605565546624e-10,0.003733460546986922
2024-12,2024-11,2024-11,0.009903526865489632,0.009989525888802572,4.025993078309496,-0.0040517450549049094,0.024571149517983008,7.371344855394902e-05,1.2285574758991526e-05,0.3425303829577265,0.22854006592615028,0.42892955111612313,6.282364374036645e-18,-0.0,0.0063668731505027,1.3125,1.65625,1.4229843561973525,1.489938955460095,0.008220211549760551,0.0016333333333477668,0.14000000000061857,0.007317544359610929,0.08781053231533115,8.600052347573829e-05,0.00024369526346109115,0.0,-0.14542260364347157,Stage44_VolCap_14pct,volatility_cap_sensitivity,0.14,parameter_free_expected_log_growth,0.14,0.16,0.9,True,False,0,Optimization terminated successfully,8,-0.007317544359610931,2.220446049250313e-16,-6.18560758169906e-13,0.014577396356528438
2025-01,2024-12,2024-12,0.03445484642671821,0.03450376222363523,4.164708051537681,0.0,0.01630521361769058,4.891564085307175e-05,1.560639545346451e-10,0.3448492010128887,0.20855539181814628,0.4465954071689651,1.757309382138076e-18,-0.0,0.007070829887893829,1.7958477508650519,1.897923875432526,1.2543103448275863,1.2834158415841583,0.00883927565386338,0.0016333333333355283,0.14000000000009408,0.007973690219282436,0.09568428263138923,4.891876791318046e-05,0.00025515702153155074,0.0,-0.1530387582876441,Stage44_VolCap_14pct,volatility_cap_sensitivity,0.14,parameter_free_expected_log_growth,0.14,0.16,0.9,True,False,0,Optimization terminated successfully,13,-0.007973690219282436,0.0,-9.406364576136639e-14,0.006961241712355903
2025-02,2025-01,2025-01,0.022237994541337777,0.02237077818929822,4.257322806454042,0.0,0.04426120180868964,0.00013278360542606893,4.253437463290314e-11,0.3870800220108357,0.15898408389723068,0.4539358940919337,4.614539800707916e-19,-0.0,0.004138003954161379,0.33448275862068966,1.1672413793103449,1.3703527168732126,1.279793906810036,0.008408969908584097,0.0014861352552924022,0.1335425889501504,0.007533115295857415,0.09039738355028898,0.00013278698508048162,0.00028964341450875964,0.0,-0.16000000004101436,Stage44_VolCap_14pct,volatility_cap_sensitivity,0.14,parameter_free_expected_log_growth,0.14,0.16,0.9,True,False,0,Optimization terminated successfully,11,-0.007533115295857415,0.0,0.006457411049849621,-4.1014358576063614e-11
2025-03,2025-02,2025-02,0.04977504763808844,0.049787105413221594,4.469231251956012,0.0,0.0034452579500501845,1.0335773850150553e-05,1.7220012830039543e-06,0.3887884936109002,0.16061926133021873,0.4505922450588812,7.278794476936122e-19,-0.0,0.004287226110747532,0.43986254295532645,1.2199312714776633,1.3688018979833927,1.2803925942449252,0.008563655790789845,0.0016333333333367812,0.14000000000014778,0.007734929324073092,0.0928191518888771,1.2059800048362667e-05,0.0002875973682476274,0.0,-0.1588327530347717,Stage44_VolCap_14pct,volatility_cap_sensitivity,0.14,parameter_free_expected_log_growth,0.14,0.16,0.9,True,False,0,Optimization terminated successfully,14,-0.007734929324073092,0.0,-1.4777068457760834e-13,0.0011672469652282969
2025-04,2025-03,2025-03,0.0032539999558377263,0.00332858811566655,4.483774130252505,0.0,0.021310933996473005,6.393280198941902e-05,1.0655357839404633e-05,0.3759693517528544,0.17422243687620206,0.44980821137094357,0.0,0.0,0.004040734822717817,0.4897260273972603,1.24486301369863,1.5684608120868744,1.3203818827708704,0.00865529866800952,0.0016333333343643663,0.1400000000441871,0.007764041133062029,0.09316849359674434,7.459086776530773e-05,0.0002760166710280121,0.0,-0.1571998576211559,Stage44_VolCap_14pct,volatility_cap_sensitivity,0.14,parameter_free_expected_log_growth,0.14,0.16,0.9,True,False,0,Optimization terminated successfully,14,-0.007764041133062029,0.0,-4.4187098424686155e-11,0.0028001423788441004
2025-05,2025-04,2025-04,0.022828383340683885,0.02339107046485932,4.586131444910951,0.0,0.16361893094851354,0.0004908567928455406,7.183033132989768e-05,0.3571883693719338,0.33950940508284533,0.3033022255452209,1.3923660349454504e-17,0.0,0.005341576420424988,1.5733788395904438,1.786689419795222,1.7892882311486962,1.9143646408839778,0.008049346981423448,0.0016333333333352342,0.14000000000008148,0.006669991690531269,0.08003990028637523,0.0005626886242245612,0.00018710067813565486,0.0,-0.09991659941927913,Stage44_VolCap_14pct,volatility_cap_sensitivity,0.14,parameter_free_expected_log_growth,0.14,0.16,0.9,True,False,0,Optimization terminated successfully,8,-0.006669991690531269,0.0,-8.146261443187086e-14,0.06008340058072087
2025-06,2025-05,2025-05,0.06925312506757836,0.06957609897131614,4.903735379441723,0.0,0.10765795486274478,0.00032297386458823434,3.9149545904056075e-11,0.4786056350900696,0.222303625152409,0.29909073975752143,2.7755575615628914e-17,0.0,0.003283944467704912,0.6462585034013606,1.3231292517006803,1.6575502571294998,1.6771887373515177,0.0081660520115092,0.0016333333369604513,0.14000000015544792,0.007026408089754065,0.08431689707704879,0.00032297725327490957,0.00029187825213184787,0.0,-0.11860052554959595,Stage44_VolCap_14pct,volatility_cap_sensitivity,0.14,parameter_free_expected_log_growth,0.14,0.16,0.9,True,False,0,Optimization terminated successfully,17,-0.007026408089754065,0.0,-1.554479045484669e-10,0.04139947445040405
2025-07,2025-06,2025-06,0.027949636969750478,0.02804602005514599,5.0407930030928405,0.0,0.02753803318059174,8.261409954177522e-05,1.3768985853735082e-05,0.4925677659363717,0.20760943953521488,0.2998227945284134,8.021089538013117e-19,0.0,-0.0005032972930621225,0.29491525423728815,1.147457627118644,1.5111679851093531,1.6252737625930793,0.006559611769564291,0.001633333334848795,0.14000000006494837,0.005646559106058981,0.06775870927270777,9.638599608091249e-05,0.0003056527924500558,0.0,-0.12052101473119985,Stage44_VolCap_14pct,volatility_cap_sensitivity,0.14,parameter_free_expected_log_growth,0.14,0.16,0.9,True,False,0,Optimization terminated successfully,12,-0.005646559106058981,0.0,-6.494835225190343e-11,0.03947898526880016
2025-08,2025-07,2025-07,0.012186286808466729,0.012557407880870525,5.102221552370643,0.0,0.10603459211537046,0.0003181037763461114,5.301729605768524e-05,0.39110606842123663,0.20186534733856804,0.40702858424019533,8.564173451713625e-19,0.0,-0.0017648715590652781,0.7398648648648649,1.3699324324324325,1.385763888888889,1.560810810810811,0.006201178624670758,0.0015272989673201587,0.13537942091707256,0.00506640607808739,0.06079687293704868,0.00037112306292328876,0.00025794890682016483,0.0,-0.14077371596595048,Stage44_VolCap_14pct,volatility_cap_sensitivity,0.14,parameter_free_expected_log_growth,0.14,0.16,0.9,True,False,0,Optimization terminated successfully,19,-0.00506640607808739,0.0,0.004620579082927456,0.019226284034049523
2025-09,2025-08,2025-08,0.09379785257039809,0.09379786049735075,5.580798977321413,0.0,2.26484361871837e-06,6.79453085615511e-09,1.1324218093938788e-09,0.3819718773480989,0.19971149018989148,0.4183166324620097,2.856162112327343e-17,-0.0,-0.001140586757535867,0.7306397306397306,1.3653198653198653,1.523381709283575,1.3901063137339986,0.006270898189893964,0.0013650815909909682,0.12798819903370628,0.005588346401686034,0.06706015682023242,1.0992712445481673e-08,0.00025611946350651086,0.0,-0.1444304729058901,Stage44_VolCap_14pct,volatility_cap_sensitivity,0.14,parameter_free_expected_log_growth,0.14,0.16,0.9,True,False,0,Optimization terminated successfully,2,-0.005588346401686034,0.0,0.012011800966293729,0.015569527094109914
2025-10,2025-09,2025-09,0.10154798822737386,0.10163621894299531,6.147517886169787,0.0,0.02941022535693591,8.823067607080774e-05,3.955064373360786e-11,0.3608782108159898,0.21142521829039254,0.4276965708936177,2.7755575615628914e-17,0.0,-0.0022510315200534197,0.49328859060402686,1.2466442953020134,1.715726730857405,1.5187904967602592,0.0064527802325255006,0.0016333333334760886,0.1400000000061181,0.0055478795020703206,0.06657455402484384,8.823406371713592e-05,0.0002450343023982635,0.0,-0.14609612549916304,Stage44_VolCap_14pct,volatility_cap_sensitivity,0.14,parameter_free_expected_log_growth,0.14,0.16,0.9,True,False,0,Optimization terminated successfully,11,-0.0055478795020703206,0.0,-6.1180782662262345e-12,0.013903874500836966
2025-11,2025-10,2025-10,0.019058409493276487,0.019706255521342524,6.264679799411652,0.0,0.21089260078307132,0.000632677802349214,1.5168225716824176e-05,0.21948392606267683,0.4018440994676866,0.37867197446963663,0.0,0.0,-0.004395785629599088,0.4916387959866221,1.245819397993311,1.8310148232611174,1.5409413281753708,0.006303506696891444,0.0016333333432091452,0.1400000004232491,0.004838992497180159,0.058067909966161915,0.0006478475281067119,0.0001413113743484254,0.0,-0.11420881571211366,Stage44_VolCap_14pct,volatility_cap_sensitivity,0.14,parameter_free_expected_log_growth,0.14,0.16,0.9,True,False,0,Optimization terminated successfully,12,-0.004838992497180159,0.0,-4.232490746769457e-10,0.04579118428788634
2025-12,2025-11,2025-11,0.023671863953424948,0.02374782326931451,6.412976447335094,0.0,0.021702795472642436,6.51083864179273e-05,1.0850929471636433e-05,0.2075785595488656,0.41033228557172385,0.38208915487941053,1.014903042967826e-18,0.0,-0.0008596734646673979,1.55,1.775,1.83594459582198,1.533390410958904,0.00678503903698836,0.001633333333335093,0.14000000000007543,0.005892410904042155,0.07070893084850587,7.59614662786582e-05,0.0001381906305293785,0.0,-0.11479184493619964,Stage44_VolCap_14pct,volatility_cap_sensitivity,0.14,parameter_free_expected_log_growth,0.14,0.16,0.9,True,False,0,Optimization terminated successfully,15,-0.005892410904042155,0.0,-7.541189894766376e-14,0.04520815506380037
2026-01,2025-12,2025-12,0.08001555515907338,0.08003163855608078,6.926114317990673,0.0,0.00536105778581364,1.608317335744092e-05,2.2364996088478216e-10,0.21437485062563552,0.4076347920468594,0.37799035732750513,0.0,0.00033504173254388813,-0.0020893512536886353,1.7641196013289036,1.8820598006644518,1.863872571170357,1.2791861951427355,0.006751462471389275,0.0016333333334120777,0.14000000000337476,0.005918709611035149,0.0710245153324218,1.6086193648086253e-05,0.00013788571078064,0.0,-0.11356926485116907,Stage44_VolCap_14pct,volatility_cap_sensitivity,0.14,parameter_free_expected_log_growth,0.14,0.16,0.9,True,False,0,Optimization terminated successfully,8,-0.005918709611035149,0.0,-3.3747449279530883e-12,0.046430735148830934
2026-02,2026-01,2026-01,0.10782591762730524,0.1083857065862461,7.672928949919635,0.0,0.15993970255453216,0.0004798191076635965,7.996985127726604e-05,0.36232715431359613,0.4180545014235046,0.21961834426289936,0.0,0.014158839385687355,0.0001850833200945691,0.9139072847682119,1.4569536423841059,1.9845928924876293,1.9262834111158251,0.012093840021916638,0.0016333333371809401,0.14000000016489744,0.010717382894355695,0.12860859473226832,0.0005597904589704745,0.00015898300642924325,0.0,-0.08558799447276388,Stage44_VolCap_14pct,volatility_cap_sensitivity,0.14,parameter_free_expected_log_growth,0.14,0.16,0.9,True,False,0,Optimization terminated successfully,9,-0.010717382894355695,0.0,-1.6489742904468585e-10,0.07441200552723612
2026-03,2026-02,2026-02,-0.057056530433936936,-0.056480767768643594,7.235138245771109,-0.05705653043393699,0.1745500081370937,0.0005236500244112811,5.211264088206042e-05,0.3272162299288006,0.5548499695907655,0.11793380048043388,0.0,0.0503875104437929,-0.002262619287546075,1.7458745874587458,1.872937293729373,1.9580067189249721,1.9508768223114303,0.022138723209320497,0.0016333333333333334,0.13999999999999999,0.020746292377335933,0.2489555085280312,0.0005757641653178978,0.00011991870515298201,0.0,-0.08742366219681848,Stage44_VolCap_14pct,volatility_cap_sensitivity,0.14,parameter_free_expected_log_growth,0.14,0.16,0.9,True,False,0,Optimization terminated successfully,9,-0.020746292377335933,0.0,2.7755575615628914e-17,0.07257633780318153
2026-04,2026-03,2026-03,0.07978228448587124,0.07991852027820037,7.8123741035898275,0.0,0.0406769893353565,0.00012203096800606952,1.4204824323058238e-05,0.3134764035263172,0.5421730841020372,0.14435051237164565,0.0,0.00372293378893291,0.00868116627241646,1.450657894736842,1.725328947368421,1.9733675061288167,1.9837013669821242,0.00987636497093863,0.001633333333412477,0.14000000000339186,0.00892346101178849,0.10708153214146188,0.00013623729244390296,0.0001255541038622177,0.0,-0.08038642683985268,Stage44_VolCap_14pct,volatility_cap_sensitivity,0.14,parameter_free_expected_log_growth,0.14,0.16,0.9,True,False,0,Optimization terminated successfully,9,-0.00892346101178849,0.0,-3.3918423625323157e-12,0.07961357316014732
2026-05,2026-04,2026-04,0.09218444751374533,0.0923604657640701,8.532553494099947,0.0,0.05867194598713226,0.0001760158379613968,2.412363383812506e-09,0.31531907809500304,0.5577192764944628,0.12696164541053417,3.542469239256685e-17,0.0341245264464116,0.012395275841096516,1.2885245901639344,1.6442622950819672,1.9018411712511092,1.9643006700167505,0.020808848341253867,0.001633333333333598,0.14000000000001134,0.019816161719150512,0.23779394062980613,0.00017601995543655436,0.00012436463526011997,0.0,-0.08197839016527819,Stage44_VolCap_14pct,volatility_cap_sensitivity,0.14,parameter_free_expected_log_growth,0.14,0.16,0.9,True,False,0,Optimization terminated successfully,23,-0.01981616171915051,0.0,-1.1324274851176597e-14,0.07802160983472181
2026-06,2026-05,2026-05,0.00045701325988194814,0.0005838499533551058,8.536452984187402,0.0,0.04227841369588547,0.0001268352410876564,1.4523855012497762e-09,0.33779757420023476,0.5466462852744616,0.11555614052530362,0.0,0.05060408485404435,0.005255386114146387,0.4869281045751634,1.2434640522875817,1.871797703180212,1.9226438698915764,0.025243466917218127,0.0016333333333335082,0.1400000000000075,0.02429996172241854,0.2915995406690225,0.00012683852813283414,0.00013937405331642148,0.0,-0.08902076583799548,Stage44_VolCap_14pct,volatility_cap_sensitivity,0.14,parameter_free_expected_log_growth,0.14,0.16,0.9,True,False,0,Optimization terminated successfully,19,-0.02429996172241854,0.0,-7.494005416219807e-15,0.07097923416200452
2026-07,2026-06,2026-06,-0.08079466647288075,-0.08055425798194303,7.846753112468554,-0.0807946664728807,0.07834654879776694,0.00023503964639330082,5.368844544412485e-06,0.2709323951408286,0.6108323571059593,0.11823524775321204,0.0,0.017837374697916294,0.008026413048507043,1.6384364820846906,1.8192182410423454,1.9095405583644758,1.7298110857380111,0.012308545315728763,0.0016333333354941,0.14000000009260427,0.011251468656930205,0.13501762388316246,0.00024040999105150927,9.439235858855415e-05,0.0,-0.07448453526290039,Stage44_VolCap_14pct,volatility_cap_sensitivity,0.14,parameter_free_expected_log_growth,0.14,0.16,0.9,True,False,0,Optimization terminated successfully,9,-0.011251468656930205,0.0,-9.260425759549662e-11,0.08551546473709962
