month,macro_signal_month,stress_signal_month,stress_signal_date,technical_signal_month,option_signal_month,option_signal_date,macro_signal_date_for_residual,stress_score,recovery_score,return,gross_return,nav,drawdown,turnover,trade_cost,fx_cost,macro_neutral_return,p_Goldilocks,p_Overheating,p_Slowdown,p_Stagflation,w_KODEX200,w_BOND,w_GLD,w_USO,policy,solver_success,used_fallback,solver_status,solver_message,solver_iterations,objective_value,expected_monthly_return,expected_monthly_variance,expected_annual_log_growth,downside_risk_aversion_lambda,variance_penalty,downside_semivariance,downside_penalty,estimated_transaction_cost,monthly_utility,expected_annual_volatility,historical_cdar,sum_error,volatility_slack,cdar_slack,largest_weight,largest_asset,weights_above_half,option_direction,option_direction_score,option_return_scale,causal_calibration_slope,calibration_observations,option_mu_adjustment_KODEX200,option_direction_applied,macro_mu_KODEX200,macro_mu_BOND,macro_mu_GLD,macro_mu_USO,stress_mu_adjustment_KODEX200,stress_mu_adjustment_BOND,stress_mu_adjustment_GLD,stress_mu_adjustment_USO,original_expected_mu_KODEX200,original_expected_mu_BOND,original_expected_mu_GLD,original_expected_mu_USO,filtered_expected_mu_KODEX200,filtered_expected_mu_BOND,filtered_expected_mu_GLD,filtered_expected_mu_USO,macro_relative_direction_KODEX200,macro_relative_direction_BOND,macro_relative_direction_GLD,macro_relative_direction_USO,technical_direction_KODEX200,technical_direction_BOND,technical_direction_GLD,technical_direction_USO,macro_confidence_KODEX200,macro_confidence_BOND,macro_confidence_GLD,macro_confidence_USO,filtered_macro_mu_KODEX200,filtered_macro_mu_BOND,filtered_macro_mu_GLD,filtered_macro_mu_USO,atr_percentile_KODEX200,atr_percentile_BOND,atr_percentile_GLD,atr_percentile_USO,atr_variance_scale_KODEX200,atr_variance_scale_BOND,atr_variance_scale_GLD,atr_variance_scale_USO,technical_signal_date_KODEX200,k_ratio_KODEX200,k_score_KODEX200,natr_KODEX200,technical_signal_date_BOND,k_ratio_BOND,k_score_BOND,natr_BOND,technical_signal_date_GLD,k_ratio_GLD,k_score_GLD,natr_GLD,technical_signal_date_USO,k_ratio_USO,k_score_USO,natr_USO,price_rsi_KODEX200,volume_rsi_KODEX200,price_strength_KODEX200,volume_strength_KODEX200,put_skew25,implied_variance_asymmetry,residual_put_skew_fast,residual_iva_fast,residual_put_skew_slow,residual_iva_slow,z_residual_put_skew_fast,z_residual_iva_fast,z_residual_put_skew_slow,z_residual_iva_slow,abnormal_bear_pressure_fast,abnormal_bear_pressure_slow,pure_direction_raw,option_erp_proxy,z_option_erp_proxy,q_dte,q_coverage,q_parity,q_arbitrage,q_roll,data_quality_confidence,quality_weighted_direction,put_skew_slow_training_observations,dte,option_maturity_method,ablation_component
2007-04,2007-03,2007-03,2007-03-30,2007-03,2007-03,2007-03-30,2007-02-28,0.44154815101722783,0.8531976744186046,0.015544039603579439,0.01704403993510148,1.0155440396035795,0.0,1.0,0.0015,3.315220413145014e-10,-0.00026980370370366727,0.3429454267428201,0.07263428340210744,0.4822763499007575,0.102143939954315,0.29514696275810093,0.7048523741978164,6.630440824173692e-07,2.1163358691431547e-16,Stage30_PureODS_QualityCausal,True,False,0,Optimization terminated successfully,9,-0.0021154436866356345,0.003722170979301609,0.00013015449596000101,0.043885124775859305,1.0,6.507724798000051e-05,4.164713955896697e-05,4.164713955896697e-05,0.001500002905127007,0.0021154436866356345,0.03952029796851249,-0.020604383820023886,0.0,0.09047970203148752,0.13939561617997612,0.7048523741978164,BOND,1,-0.04137281813890619,-0.039729112780997874,0.0,0.0,12,-0.0,True,0.005981859489816315,0.004319868846811146,0.008036764827242006,-0.019417707978684137,0.0,2.181489682848952e-05,-0.0028478603448940445,0.0,0.005981859489816315,0.004341683743639635,0.005188904482347961,-0.019417707978684137,0.0037256348142289293,0.0037207207271159246,0.003531139902412381,-0.013855789355276923,1.0,1.0,1.0,-1.0,0.27820018265666535,0.729408575583869,0.600854534875703,-0.41905719356716525,0.6391000913283327,0.8647042877919344,0.8004272674378514,0.7095285967835826,0.0037256348142289293,0.003698905830287435,0.0063790002473064255,-0.013855789355276923,0.08272162619988707,0.2952755905511811,0.5094827586206897,0.2748917748917749,1.082721626199887,1.295275590551181,1.5094827586206896,1.274891774891775,2007-03-30,0.8129015748585046,0.4483980741877567,0.012901845268956071,2007-03-31,2.695608617892275,0.729408575583869,0.0003889424579796718,2007-03-30,1.5053522772420627,0.600854534875703,0.016910834599496907,2007-03-30,-0.7213398443476797,-0.41905719356716525,0.024097684693594638,56.71800936715486,62.592114321957105,0.13436018734309726,0.2518422864391421,0.04111705198824561,0.07142857142857145,0.00987838675995914,-0.07137348572781083,0.024780268864900805,-0.3624917300902368,0.777125123697005,-0.24691473708991088,1.6787680095962547,-1.2489539864488872,0.2651051933035471,0.21490701157368375,-0.24000610243861542,0.03354287561556152,-0.7478322767241296,0.6382978723404256,0.2975548677282183,0.9815971265763669,0.9246323529411764,1.0,0.17238235910892227,-0.04137281813890619,779.0,13.0,nearest_listed_proxy,pure_direction_quality_causal_calibration
2007-05,2007-04,2007-04,2007-04-30,2007-04,2007-04,2007-04-30,2007-03-31,0.4955475396676942,0.0,0.02973883879349521,0.029738854056109758,1.0457451400850453,0.0,4.507964914447688e-06,1.3523894743343063e-08,1.7387198051114084e-09,-0.0010769490610899601,0.3824198999494422,0.1333930097136458,0.3589727499538459,0.12521434038306603,0.3082727969008072,0.6917230858217849,4.117277407646984e-06,1.9036485424765213e-16,Stage30_PureODS_QualityCausal,True,False,0,Optimization terminated successfully,2,-0.004101265734607631,0.004212635525389443,0.00013651052015084983,0.049732563183768216,1.0,6.825526007542492e-05,4.309671370822564e-05,4.309671370822564e-05,1.781699816189728e-08,0.004101265734607631,0.04047377227057292,-0.02179813043410722,0.0,0.08952622772942709,0.13820186956589278,0.6917230858217849,BOND,1,0.017555087735263177,0.01725222343916035,0.0,0.0,13,0.0,True,0.010159779414038166,0.0038325053889095985,0.006029036487105609,-0.024329117534413212,-7.277578310079272e-06,2.609860763735818e-05,0.0021370497021497006,0.0,0.010152501835728087,0.0038586039965469564,0.008166086189255309,-0.024329117534413212,0.006445123865021954,0.003217691195696214,0.006771960121501379,-0.014769220740228699,1.0,1.0,1.0,-1.0,0.34013214274738296,0.7389067125978529,0.6076192223306892,-0.17771997866328976,0.6700660713736915,0.8694533562989264,0.8038096111653446,0.5888599893316449,0.006452401443332033,0.003191592588058856,0.004634910419351678,-0.014769220740228699,0.04045758928571429,0.045012165450121655,0.2775,0.19322709163346613,1.0404575892857142,1.0450121654501217,1.2775,1.1932270916334662,2007-04-30,1.0001765477274478,0.5000441330360683,0.011724600029773026,2007-04-30,2.8300486770452937,0.7389067125978529,0.0003053036792448356,2007-04-30,1.5485448240860982,0.6076192223306892,0.01283928679203239,2007-04-30,-0.21613072682270157,-0.17771997866328976,0.02307369556595273,62.7113532361261,63.306261524177934,0.254227064722522,0.2661252304835587,0.01911071848273993,0.2375601926163724,0.000546119671421187,-0.02407774061653326,-0.011144123889505635,0.07589259724994019,0.0758228543653452,-0.09263169540164441,-0.638291037086587,0.2586666737217645,-0.00840442051814961,-0.18981218168241124,0.09910830110028042,0.028816318550026022,-0.9429334641739963,0.6,0.3361231359446684,0.96582914122338,0.909375,1.0,0.17713034670527217,0.017555087735263177,795.0,10.0,nearest_listed_proxy,pure_direction_quality_causal_calibration
2007-06,2007-05,2007-05,2007-05-31,2007-05,2007-05,2007-05-31,2007-04-30,0.5871695775491049,0.0,0.009957743414743305,0.011613750129924782,1.056158401867227,0.0,0.552002099848369,0.001656006299545107,4.1563636978969154e-10,0.0010742579589037467,0.32986573743684366,0.1297630813977513,0.387812797762994,0.15255838340241104,0.8787214702265292,0.12127361867117516,4.9111022955608364e-06,0.0,Stage30_PureODS_QualityCausal,True,False,0,Optimization terminated successfully,14,-0.008954461080236604,0.011781455810396997,0.0014083333333926018,0.13292746972440836,1.0,0.0007041666666963009,0.0004668189100452116,0.0004668189100452116,0.0016560091534188804,0.008954461080236604,0.13000000000273546,-0.07660960551863977,0.0,-2.7354507547983076e-12,0.08339039448136024,0.8787214702265292,KODEX200,1,0.15824211221297305,0.13662265474930002,0.0,0.0,14,0.0,True,0.01633389739798579,0.003732169968408361,0.007043499592244383,-0.022812535123023548,0.0,2.302536151350693e-05,0.0022491317003778583,0.0,0.01633389739798579,0.003755195329921868,0.009292631292622242,-0.022812535123023548,0.012960487840213674,0.0032386104359043767,0.007915445594233675,-0.011430320479609825,1.0,1.0,1.0,-1.0,0.557865102745174,0.6112851801186804,0.5385726418925897,-0.04698679271220495,0.778932551372587,0.8056425900593402,0.7692863209462948,0.5234933963561025,0.012960487840213674,0.0032155850743908697,0.005666313893855816,-0.011430320479609825,0.04605626034197463,0.026018099547511313,0.47508038585209006,0.34615384615384615,1.0460562603419747,1.0260180995475112,1.47508038585209,1.3461538461538463,2007-05-31,1.555340427620509,0.6086627092065445,0.01157408661756064,2007-05-31,1.5725800737551368,0.6112851801186804,0.0002554774641703125,2007-05-31,1.1671883611357556,0.5385726418925897,0.016360372661380844,2007-05-31,-0.049303401414473445,-0.04698679271220495,0.024449051569690097,81.27055138713905,71.97607856430982,0.625411027742781,0.43952157128619634,0.015086891326439367,0.2062466343564889,-0.01104188870064804,-0.16223932596447443,-0.004604422900022689,-0.3555515882188816,-0.8168040687896546,-0.5520899945209995,-0.21512907744048407,-1.2465587249267474,-0.684447031655327,-0.7308439011836158,0.7076454664194713,0.025722888037744453,-1.0830777839056567,0.6521739130434783,0.4225868266598423,0.9629157459842681,0.8426334132855873,1.0,0.22361778563161427,0.15824211221297305,811.0,14.0,nearest_listed_proxy,pure_direction_quality_causal_calibration
2007-07,2007-06,2007-06,2007-06-29,2007-06,2007-06,2007-06-29,2007-05-31,0.4727490475190912,0.18767123287671234,0.08314775633834427,0.0832899951977043,1.1439756033203783,0.0,0.04741288320073478,0.00014223864960220435,2.097578217500125e-10,0.001903140938392717,0.3726100344142113,0.12204754043204279,0.38065859698200916,0.12468382817173676,0.8326560689464555,0.1673396222734111,4.308780133368306e-06,1.2601551411286666e-18,Stage30_PureODS_QualityCausal,True,False,0,Optimization terminated successfully,8,-0.008428285818433417,0.009662031545088113,0.0014083333333445634,0.10749437854098998,1.0,0.0007041666666722817,0.00038733737075747227,0.00038733737075747227,0.00014224168922494104,0.008428285818433417,0.1300000000005183,-0.07210453827928581,0.0,-5.183076190462543e-13,0.08789546172071419,0.8326560689464555,KODEX200,1,-0.175738518755512,-0.14947075047054387,0.0,0.0,15,-0.0,True,0.01593987588440189,0.0034935591567121804,0.0048157237762527175,-0.016636595063795924,0.0,-2.0034814582234865e-06,0.00040460807199546556,0.0,0.01593987588440189,0.003491555675253957,0.005220331848248183,-0.016636595063795924,0.010987218064991438,0.0030682473050415897,0.004269739281414942,-0.0036243439408816776,1.0,1.0,1.0,-1.0,0.2943290817329911,0.46767665845822437,0.3472511377347247,0.40371482327236285,0.6471645408664956,0.7338383292291122,0.6736255688673624,0.2981425883638186,0.010987218064991438,0.0030702507864998133,0.0038651312094194765,-0.0036243439408816776,0.24686306601200217,0.7786016949152542,0.307153965785381,0.09013605442176871,1.2468630660120021,1.7786016949152543,1.307153965785381,1.0901360544217686,2007-06-29,2.7481446866404102,0.7332013346324862,0.015602243536713007,2007-06-30,0.8785574893328665,0.46767665845822437,0.0004940101738621544,2007-06-29,0.5319827544848371,0.3472511377347247,0.013731274074013975,2007-06-29,0.6770499067038959,0.40371482327236285,0.021499364860719752,54.37180183693472,53.11749369138964,0.08743603673869443,0.06234987382779281,0.041414546738811564,0.3295154185022027,0.01974717719354973,0.30761095616946255,0.01241252542218639,0.003426431444733008,1.5366665757988691,1.0431825036599134,0.8782946502307293,0.02505042536858861,1.2899245397293913,0.45167253779965894,-0.8707985387645251,0.0327052753941371,-0.7521733679311149,0.6382978723404256,0.3701500573893195,0.9421073733586763,0.9066666666666667,1.0,0.20181306115286662,-0.175738518755512,826.0,13.0,nearest_listed_proxy,pure_direction_quality_causal_calibration
2007-08,2007-07,2007-07,2007-07-31,2007-07,2007-07,2007-07-31,2007-06-30,0.6341131253053367,0.16124661246612465,-0.012681481541411944,-0.012272243018994503,1.1294682978230453,-0.01268148154141202,0.13641244725407092,0.0004092373417622128,1.1806552296199128e-09,0.0058207617766368545,0.3282145338471756,0.10819526939321378,0.4238642036379763,0.13972599312163433,0.707913699980044,0.2920845727979431,1.7272220129238004e-06,2.874299846741207e-17,Stage30_PureODS_QualityCausal,True,False,0,Optimization terminated successfully,7,-0.012016429274538953,0.013383585474615775,0.0014083333365932003,0.1521530256758301,1.0,0.0007041666682966001,0.00025374910331319524,0.00025374910331319524,0.00040924042846702716,0.012016429274538953,0.1300000001504554,-0.059876695777904,0.0,-1.5045539814018127e-10,0.100123304222096,0.707913699980044,KODEX200,1,0.1940841981434024,0.16253811786905,0.0,0.0,16,0.0,True,0.021237938761680175,0.003775575555098884,0.006240372031549492,-0.007970839241781132,0.0,-1.2483520876854465e-06,0.0005207116642009093,0.0,0.021237938761680175,0.0037743272030111986,0.006761083695750402,-0.007970839241781132,0.01673507601311685,0.005260752321524266,0.006542467994757923,0.0021119020949723405,1.0,-1.0,1.0,-1.0,0.41586416852687175,0.45358413122427793,-0.04199408109314988,0.46215676095740893,0.7079320842634359,0.27320793438786106,0.4790029594534251,0.26892161952129556,0.01673507601311685,0.005262000673611951,0.006021756330557014,0.0021119020949723405,0.4716828478964401,0.8876739562624254,0.3049698795180723,0.11587301587301588,1.47168284789644,1.8876739562624254,1.3049698795180724,1.115873015873016,2007-07-31,3.549184059000888,0.7801803604711425,0.02029463554417844,2007-07-31,0.8301079034189851,0.45358413122427793,0.0005597297212566223,2007-07-31,-0.04383488688782631,-0.04199408109314988,0.013406582409900671,2007-07-31,0.8592778107243464,0.46215676095740893,0.021084714683292784,56.515100934592425,66.8555063208812,0.13030201869184851,0.3371101264176241,0.011880201448384087,-0.00664238268695091,0.0030386448125753994,-0.1934470528468443,-0.03385151855705864,-0.3824956053727553,0.26416779255773226,-0.6554897059915954,-2.1056100506145636,-1.3296492033654943,-0.19566095671693157,-1.7176296269900289,0.9566452918534802,0.07970461876321379,0.468843348188467,0.5882352941176471,0.42189222949028476,0.9332392927778633,0.875978845254792,1.0,0.20288000139254156,0.1940841981434024,842.0,9.0,nearest_listed_proxy,pure_direction_quality_causal_calibration
2007-09,2007-08,2007-08,2007-08-31,2007-08,2007-08,2007-08-31,2007-07-31,0.676341430829936,0.05952380952380952,0.025314446701226023,0.025420342929085148,1.1580601628490113,0.0,0.03529818177515572,0.00010589454532546717,1.6825336576415447e-09,0.005036022371291666,0.36907606328132014,0.0977704766240169,0.4214964947934556,0.11165696530120746,0.6696250130701498,0.3303698287887556,5.158141094687639e-06,1.069387962058411e-18,Stage30_PureODS_QualityCausal,True,False,0,Optimization terminated successfully,8,-0.010166368134827306,0.011195438020433478,0.001408333333334569,0.12589525624519432,1.0,0.0007041666666672845,0.00021900520015258654,0.00021900520015258654,0.0001058980187863009,0.010166368134827306,0.13000000000005701,-0.056115400088437684,0.0,-5.700995231450179e-14,0.10388459991156232,0.6696250130701498,KODEX200,1,0.3044839627862883,0.2334133431092027,0.0,0.0,17,0.0,True,0.01885089981116167,0.003418055633750853,0.007402303621850981,-0.009527169581596839,0.0,-0.000126868188748397,0.0010420320491611212,0.0,0.01885089981116167,0.003291187445002456,0.008444335671012103,-0.009527169581596839,0.014451660203624508,0.004595478474953139,0.007256630380193924,0.0014248470361207452,1.0,-1.0,1.0,-1.0,0.3631156517044627,0.6122593866584757,-0.0038580921329128067,0.5040681538974469,0.6815578258522313,0.19387030667076216,0.4980709539335436,0.24796592305127657,0.014451660203624508,0.004722346663701536,0.006214598331032803,0.0014248470361207452,0.6495202558635395,0.8211610486891385,0.24818049490538574,0.16124260355029585,1.6495202558635396,1.8211610486891385,1.2481804949053856,1.1612426035502958,2007-08-31,2.236728723781766,0.6910460884001398,0.02680910901846555,2007-08-31,1.5790437359193887,0.6122593866584757,0.0005267299027535842,2007-08-31,-0.003873034657455233,-0.0038580921329128067,0.012567948998303567,2007-08-31,1.0164061006745897,0.5040681538974469,0.021977473979113822,56.970500768209966,62.944542567452444,0.13941001536419934,0.2588908513490489,0.013675134036821024,0.0878552971576228,-0.028735011001830554,-0.13116806129370942,-0.02590382335046185,-0.03785567343049525,-1.9733796563550114,-0.4510096058239974,-1.5641826947145236,-0.12333028656344551,-1.2121946310895044,-0.8437564906389846,1.0279755608642445,0.10459564406662625,0.8273506822140199,0.6382978723404256,0.5912727709865238,0.954479351241937,0.8222498814604078,1.0,0.296197666927316,0.3044839627862883,859.0,13.0,nearest_listed_proxy,pure_direction_quality_causal_calibration
2007-10,2007-09,2007-09,2007-09-28,2007-09,2007-09,2007-09-28,2007-08-31,0.5193018641774033,0.5427461139896373,0.04756785432392425,0.047737750576745445,1.213146599973753,0.0,0.05663191612742055,0.00016989574838226166,5.044389370683028e-10,0.007416497173508951,0.39272223717645033,0.06551509001248977,0.4643058002067272,0.07745687260433265,0.7336280581663466,0.26636755977823867,4.382055414815434e-06,1.5567843088084242e-18,Stage30_PureODS_QualityCausal,True,False,0,Optimization terminated successfully,11,-0.01254022727353927,0.013667342672697085,0.0014083333333333844,0.15555811207236472,1.0,0.0007041666666666922,0.0002530501563891082,0.0002530501563891082,0.0001698985761020149,0.01254022727353927,0.13000000000000236,-0.06240085028329778,0.0,-2.3592239273284576e-15,0.09759914971670222,0.7336280581663466,KODEX200,1,0.28456636358788817,0.22152717964144214,0.0,0.0,18,0.0,True,0.01964864206481681,0.003370312922101818,0.01097708850210908,-0.004330054794991905,0.0,-2.194595231028309e-05,-0.0012698863484997044,0.0,0.01964864206481681,0.003348366969791535,0.009707202153609375,-0.004330054794991905,0.016184502214824266,0.006734680818061727,0.008499448474214848,0.005213326308216967,1.0,-1.0,1.0,-1.0,0.4336005858704053,0.6738307688744232,0.32159938171316904,0.6248821149900106,0.7168002929352026,0.16308461556278842,0.6607996908565845,0.18755894250499472,0.016184502214824266,0.00675662677037201,0.009769334822714552,0.005213326308216967,0.44928684627575277,0.1675531914893617,0.37322946175637395,0.20868347338935575,1.4492868462757529,1.1675531914893618,1.3732294617563738,1.2086834733893557,2007-09-28,1.7114228801795495,0.6311899529542289,0.02000715853467995,2007-09-30,2.065893114899593,0.6738307688744232,0.00033954532202368703,2007-09-28,0.4740552603346763,0.32159938171316904,0.014225038569533227,2007-09-28,1.665828636705418,0.6248821149900106,0.02200921637183793,62.950116968648864,70.5304732642005,0.2590023393729773,0.4106094652840099,0.02162978152960668,0.350431824129809,-0.03918661700602821,-0.0484032745340191,-0.04113756760187523,-0.004911495465371549,-2.640539370476958,-0.17051187055870448,-2.4575957567390088,-0.011916945459706115,-1.4055256205178313,-1.2347563510993573,1.3201409858085942,0.043715640707087895,-0.3719030358478376,0.6382978723404256,0.40619774229186384,0.9757089235318009,0.8520833333333333,1.0,0.21555755532700896,0.28456636358788817,871.0,13.0,nearest_listed_proxy,pure_direction_quality_causal_calibration
2007-11,2007-10,2007-10,2007-10-30,2007-10,2007-10,2007-10-31,2007-09-30,0.7818130798505039,0.0,-0.0538773640641491,-0.053529024829656234,1.1477854589437824,-0.053877364064149114,0.09952549556939043,0.0002985764867081713,4.9762747784695184e-05,0.011135414091223346,0.46394896786708834,0.19175007547114664,0.24361492532554746,0.10068603133621763,0.6781135653357445,0.2223565140444856,0.09952992061976992,0.0,Stage30_PureODS_QualityCausal,True,False,0,Optimization terminated successfully,10,-0.015208734709783546,0.01648398359803045,0.0014083333333434053,0.18935780317630496,1.0,0.0007041666666717026,0.00022274148703834435,0.00022274148703834435,0.0003483407345368557,0.015208734709783546,0.13000000000046485,-0.06275989977636348,0.0,-4.64850380410553e-13,0.09724010022363652,0.6781135653357445,KODEX200,1,0.060093366982066555,0.056686862547912865,0.0,0.0,19,0.0,True,0.02224973240988005,0.0034170722214673277,0.013634121970384964,0.005240729763161041,0.0,-0.00012687961831703794,0.0038254357888653674,0.0,0.02224973240988005,0.0032901926031502896,0.01745955775925033,0.005240729763161041,0.018606956738031605,0.00979974903151853,0.016952849763063507,0.010395572715804713,1.0,-1.0,1.0,-1.0,0.34448959128089496,0.6867758744596815,0.5944239817606544,0.7489801542394607,0.6722447956404475,0.15661206277015927,0.7972119908803272,0.12550992288026963,0.018606956738031605,0.009926628649835569,0.01312741397419814,0.010395572715804713,0.5109660574412532,0.4764705882352941,0.50960219478738,0.49605263157894736,1.5109660574412533,1.4764705882352942,1.5096021947873801,1.4960526315789473,2007-10-31,1.4914831575054606,0.5986326469887813,0.02126204294562576,2007-10-31,2.1926020969009907,0.6867758744596815,0.0004175488363545142,2007-10-31,1.4656290190458514,0.5944239817606544,0.016120385566232916,2007-10-31,2.9837487628526054,0.7489801542394607,0.024408604073892427,61.243670906428406,60.49813543626678,0.22487341812856812,0.20996270872533557,0.032061132196980424,0.33239962651727356,-0.017200255622118327,-0.11026286370011178,0.006159336156795149,-0.03259612266526894,-1.1474475266924657,-0.38672469636197987,0.4556378502856838,-0.11006597248758573,-0.7670861115272228,0.17278593889904903,0.2971500863140869,0.1077354893048906,0.8676793136968508,0.5769230769230769,0.4390932568608037,0.9627861864713316,0.8291749011857708,1.0,0.20223237262851748,0.060093366982066555,888.0,8.0,nearest_listed_proxy,pure_direction_quality_causal_calibration
2007-12,2007-11,2007-11,2007-11-30,2007-11,2007-11,2007-11-30,2007-10-31,0.6626775724585523,0.7723880597014925,0.02296163556430656,0.023637262617255145,1.17414049035806,-0.032152840898649004,0.19303675890298033,0.000579110276708941,9.651677623964454e-05,0.009019229875566788,0.3303845902520425,0.22506108407086484,0.2644253174041543,0.18012900827293832,0.4659336950582985,0.2341673731963176,0.2998989317453839,5.880357283627591e-19,Stage30_PureODS_QualityCausal,True,False,0,Optimization terminated successfully,16,-0.009799442279378788,0.011380859163528795,0.0014083333342884195,0.128120309956615,1.0,0.0007041666671442098,0.00020162143556955083,0.00020162143556955083,0.0006756287814362453,0.009799442279378788,0.1300000000440809,-0.05554608669657851,0.0,-4.408090559238076e-11,0.10445391330342149,0.4659336950582985,KODEX200,0,0.10998184082143427,0.09908436046128734,0.0,0.0,20,0.0,True,0.016795507113575185,0.0030570845221652744,0.013610521919044563,0.002613805947482122,-0.0005781325728853524,-0.00037877100665056337,-0.000682839003766991,0.0,0.016217374540689833,0.002678313515514711,0.012927682915277572,0.002613805947482122,0.012819587025425263,0.007296613973808958,0.012334664423937314,0.008203389970218234,1.0,-1.0,1.0,-1.0,0.12611461467523857,0.5492076038231515,0.7416768588342452,0.7452659138541968,0.5630573073376193,0.22539619808842426,0.8708384294171225,0.1273670430729016,0.013397719598310615,0.007675384980459522,0.013017503427704306,0.008203389970218234,0.7612287041817243,0.9992,0.8366666666666667,0.814214463840399,1.7612287041817243,1.9992,1.8366666666666667,1.814214463840399,2007-11-30,0.71317945486868,0.41628998809313134,0.029391376995821686,2007-11-30,1.2183160330142175,0.5492076038231515,0.0011873568690188778,2007-11-30,2.8711204713879783,0.7416768588342452,0.021960457316420122,2007-11-30,2.9256623058589257,0.7452659138541968,0.02921264071115977,49.62627278313077,48.47642001349845,-0.0074745443373845435,-0.030471599730031045,0.01562976383178155,0.2752560374257175,-0.015335877952805096,0.19137750798816974,-0.027407462437397744,-0.03471519946466916,-1.009979176360202,0.6794401020214215,-1.5926238157375847,-0.11911302648833001,-0.16526953716939025,-0.8558684211129574,0.5105689791411738,0.09403840328236546,0.6693401275088415,0.6382978723404256,0.4236012848309652,0.9774779241718864,0.8150400246305419,1.0,0.2154103467203086,0.10998184082143427,905.0,13.0,nearest_listed_proxy,pure_direction_quality_causal_calibration
2008-01,2007-12,2007-12,2007-12-28,2007-12,2007-12,2007-12-28,2007-11-30,0.5132411542673639,0.015931372549019607,0.013873098089116164,0.014604571361480948,1.1904294565512001,-0.018725802325163632,0.20899236353279513,0.0006269770905983854,0.00010449618176639757,0.011388685359487104,0.23527417869557943,0.24077260879188606,0.25895072709012407,0.2650024854224105,0.36319664028547627,0.10954024587181736,0.5272631138427063,9.489479514679378e-17,Stage30_PureODS_QualityCausal,True,False,0,Optimization terminated successfully,12,-0.013325872810952174,0.01497275043392139,0.0014083333334360575,0.17122300520644035,1.0,0.0007041666667180288,0.00021123618386694918,0.00021123618386694918,0.0007314747723842367,0.013325872810952174,0.1300000000047411,-0.05998081220068848,0.0,-4.7410964043592685e-12,0.10001918779931152,0.5272631138427063,GLD,1,-0.033565455769666915,-0.03247540403202782,0.0,0.0,21,-0.0,True,0.01582020318536925,0.003046356919003379,0.017639887350137957,0.009048293983437828,6.303466285221209e-05,-2.1061383654365574e-05,0.00022915749524635658,-3.077643264176635e-08,0.01588323784822146,0.0030252955353490137,0.017869044845384312,0.009048263207005186,0.013761456381536788,0.00799155888210345,0.017257490893971158,0.011078102098412252,1.0,-1.0,1.0,-1.0,0.04241320917520747,0.19061803480527378,0.8043403645162073,0.7346149128557793,0.5212066045876037,0.40469098259736314,0.9021701822581036,0.13269254357211036,0.013698421718684576,0.008012620265757817,0.017028333398724803,0.011078132874844894,0.5593350383631713,0.7004573170731707,0.6603896103896104,0.7446555819477435,1.5593350383631712,1.7004573170731707,1.6603896103896103,1.7446555819477436,2007-12-28,0.3594103925258116,0.2643869684253479,0.022928488413166467,2007-12-31,0.23551060315436323,0.19061803480527378,0.0004920369778255284,2007-12-31,4.1109161965234975,0.8043403645162073,0.01830295132010287,2007-12-31,2.768109243668845,0.7346149128557793,0.027670669044391864,48.707629406572586,44.43500354844114,-0.02584741186854828,-0.11129992903117725,0.03208138480948464,0.15282791817087826,0.014778043767601745,0.01035144422191589,0.01174272773027002,-0.3051970693807788,1.0339567047831844,0.040905429351568386,0.7997325359234044,-1.0974411670750617,0.5374310670673764,-0.14885431557582862,-0.1942883757457739,0.05013344862798417,-0.20217310255030618,0.6382978723404256,0.3346264253738237,0.9217538813473013,0.8775,1.0,0.17276100868529198,-0.033565455769666915,918.0,13.0,nearest_listed_proxy,pure_direction_quality_causal_calibration
2008-02,2008-01,2008-01,2008-01-31,2008-01,2008-01,2008-01-31,2007-12-31,0.6374043030072718,0.8841463414634146,0.042114457510637256,0.04255502649065576,1.2405637473185367,0.0,0.13578320829465612,0.00040734962488396835,3.3219355134540565e-05,0.009964685509961097,0.21111358580875786,0.2406430955114571,0.25620343359159486,0.2920398850881902,0.17730353379710892,0.17996216150977945,0.6427343046931117,0.0,Stage30_PureODS_QualityCausal,True,False,0,Optimization terminated successfully,10,-0.016093620141453272,0.017404536906522917,0.0014083333340010982,0.20040444287426845,1.0,0.0007041666670005491,0.0001661796180191962,0.0001661796180191962,0.00044057048004989935,0.016093620141453272,0.1300000000308199,-0.054847951405503914,0.0,-3.081990218589681e-11,0.10515204859449609,0.6427343046931117,GLD,1,-0.2406600795368022,-0.19397745079913603,0.0,0.0,22,-0.0,True,0.007627285474422043,0.0043170842370760035,0.022943910653148103,0.004970461675198238,-6.144217526168083e-05,-9.37024502723042e-05,0.0008077665138406277,2.3992698355054124e-05,0.0075658432991603615,0.0042233817868036995,0.02375167716698873,0.004994454373553292,0.008544079405657174,0.008050033910408797,0.0224679775556834,0.009249895491056783,-1.0,-1.0,1.0,-1.0,-0.16297074388363295,0.35514245383341025,0.8021916413123994,0.7041451317752371,0.5814853719418165,0.3224287730832949,0.9010958206561996,0.14792743411238146,0.008605521580918854,0.008143736360681102,0.02166021104184277,0.009225902792701728,0.8302984319676278,0.9890829694323144,0.6934260429835651,0.5780542986425339,1.8302984319676279,1.9890829694323144,1.6934260429835652,1.5780542986425339,2008-01-31,-0.2589964589124655,-0.20571659044711638,0.03198031298750349,2008-01-31,0.5507300890632119,0.35514245383341025,0.001220199001256808,2008-01-31,4.055398096595621,0.8021916413123994,0.018885301995187714,2008-01-31,2.380035643828897,0.7041451317752371,0.02565622222029904,37.531849839141294,48.30836810066958,-0.2493630032171741,-0.03383263798660835,0.05447858723959853,0.04639684106614024,0.025674353941411696,-0.05483903287073336,0.047607628612049466,-0.005954375558025485,1.7331293768310083,-0.1965848617593557,2.938415667465248,0.0020547012905866202,0.7682722575358263,1.4702351843779173,-1.1192537209568718,0.07676592740595317,0.3874436737485407,0.6521739130434783,0.42662604015358124,0.9673039356623804,0.7989171996662959,1.0,0.21501834216021834,-0.2406600795368022,934.0,14.0,nearest_listed_proxy,pure_direction_quality_causal_calibration
2008-03,2008-02,2008-02,2008-02-29,2008-02,2008-02,2008-02-29,2008-01-31,0.587668445200261,0.0,-0.03477146597136056,-0.03463544522665318,1.1974275271933466,-0.034771465971360604,0.03886309426461766,0.00011658928279385298,1.9431461913530148e-05,0.012318352320327066,0.19252177382100585,0.2509316611680591,0.24162025470055298,0.31492631031038215,0.1327638739824491,0.17378200356892348,0.6934541224486275,4.88586367679935e-17,Stage30_PureODS_QualityCausal,True,False,0,Optimization terminated successfully,12,-0.019529273579244978,0.020538556290343263,0.0014083333333333422,0.23801267548411909,1.0,0.0007041666666666711,0.00016909253370477693,0.00016909253370477693,0.0001360235107268344,0.019529273579244978,0.13000000000000042,-0.05654109841540189,0.0,-4.163336342344337e-16,0.10345890158459811,0.6934541224486275,GLD,1,-0.1626299007390686,-0.1398810581386965,0.0,0.0,23,-0.0,True,0.007666033091850297,0.00446777958586272,0.0252154048534727,0.011924191750122548,-0.0002069403713840613,-2.354106316400838e-05,0.0011633830019065236,-0.0004860280228167338,0.007459092720466236,0.004444238522698712,0.026378787855379223,0.011438163727305814,0.009597802160416813,0.010567943728742731,0.0251318665429316,0.011762295190122342,-1.0,-1.0,1.0,-1.0,-0.08058353912621836,0.5600658482305872,0.8066346850579982,0.6446671093881671,0.5402917695631092,0.21996707588470638,0.9033173425289991,0.17766644530591647,0.009804742531800874,0.01059148479190674,0.023968483541025078,0.012248323212939076,0.5365914786967418,0.8847765363128491,0.5406905055487053,0.3170995670995671,1.5365914786967418,1.8847765363128492,1.5406905055487052,1.317099567099567,2008-02-29,-0.8484578991767875,-0.4590085062552136,0.0225680967994807,2008-02-29,1.2730674487943374,0.5600658482305872,0.0007330368984767514,2008-02-29,4.171558302997313,0.8066346850579982,0.017060203444032654,2008-02-29,1.814262418202102,0.6446671093881671,0.023382894653485663,49.83251283652161,61.03038160730632,-0.0033497432695678243,0.22060763214612636,0.043589560707846364,0.15088150881508827,0.003389214124790373,-0.01848963240269543,0.022935896824285894,0.2525353201209281,0.25233377203887897,-0.07042331407506638,1.4336836505647157,0.9418238199393518,0.09095522898190629,1.1877537352520338,-0.63935448211697,0.07279109177114007,0.3116081640347689,0.6382978723404256,0.45982477764977775,0.975614564043059,0.8883101851851851,1.0,0.254365778747001,-0.1626299007390686,948.0,13.0,nearest_listed_proxy,pure_direction_quality_causal_calibration
2008-04,2008-03,2008-03,2008-03-31,2008-03,2008-03,2008-03-31,2008-02-29,0.5274413701575932,0.5959715639810427,-0.00011984853101986429,0.0002438002007340811,1.1972840172632098,-0.03488714719326236,0.1038996376439844,0.0003116989129319532,5.1949818821992205e-05,0.011723772331819983,0.24022743410559233,0.3203330257697091,0.18832122621024894,0.2511183139144496,0.14075584958701454,0.2839310486275898,0.5753131017853957,5.149963013425319e-19,Stage30_PureODS_QualityCausal,True,False,0,Optimization terminated successfully,14,-0.014855185420468568,0.01606827803998635,0.0014083333333722034,0.18436933647960296,1.0,0.0007041666666861017,0.0001452753458518124,0.0001452753458518124,0.00036365060697986814,0.014855185420468568,0.130000000001794,-0.046158792187868926,0.0,-1.7940093854917905e-12,0.11384120781213108,0.5753131017853957,GLD,1,-0.03941775275195623,-0.037922916601716705,0.0,0.0,24,-0.0,True,0.008196843639625617,0.004189854162963797,0.02104190646651766,0.013466485058172864,6.427323186324387e-05,-1.6603577044038534e-06,0.00011565948296505608,0.0003662463890127329,0.008261116871488861,0.004188193805259393,0.021157565949482718,0.013832731447185597,0.00996909493857081,0.01066355693110251,0.020227863183771636,0.013518332420132723,-1.0,-1.0,1.0,1.0,-0.03146436112418938,0.7189895033930847,0.8004530193981273,0.639184333368768,0.5157321805620947,0.14050524830345767,0.9002265096990636,0.819592166684384,0.009904821706707565,0.010665217288806914,0.020112203700806578,0.01315208603111999,0.43179563492063494,0.9310575635876841,0.9031287605294825,0.9865145228215768,1.4317956349206349,1.931057563587684,1.9031287605294827,1.9865145228215768,2008-03-31,-2.0330373308560126,-0.6702974968930664,0.020089391091889217,2008-03-31,2.5585859321078153,0.7189895033930847,0.0009450478989233299,2008-03-31,4.011351196514248,0.8004530193981273,0.023744478795256437,2008-03-31,1.7714982814813305,0.639184333368768,0.035849014305759125,59.204005741404785,69.59121493462013,0.1840801148280957,0.39182429869240254,0.04190316228677393,0.017737714451875674,0.025022335135534982,-0.16329303547686652,0.005039523691330462,-0.14560405937069082,1.6833015096228112,-0.5993504162314135,0.37339261238792637,-0.5380855634795285,0.5419755466956988,-0.08234647554580107,-0.22981453557494885,0.06648679188586556,0.1825463773961692,0.6,0.33725454282038003,0.955436025872257,0.8871635610766045,1.0,0.17151984165553796,-0.03941775275195623,963.0,10.0,nearest_listed_proxy,pure_direction_quality_causal_calibration
2008-05,2008-04,2008-04,2008-04-29,2008-04,2008-04,2008-04-30,2008-03-31,0.4680286725621713,0.6616279069767442,0.03959245598068814,0.03990324076843525,1.244687432013085,0.0,0.091784226960888,0.00027535268088266403,3.543210686445013e-05,0.014140878492941631,0.21768382175858922,0.3339607848638936,0.17692498823483618,0.271430405142681,0.1546550485055454,0.2155961610074252,0.5379645635261414,0.09178422696088805,Stage30_PureODS_QualityCausal,True,False,0,Optimization terminated successfully,24,-0.014947981099417675,0.016135642174210423,0.001408333334920334,0.1851777060810031,1.0,0.000704166667460167,0.00017270881627771926,0.00017270881627771926,0.0003107855910548623,0.014947981099417675,0.1300000000732462,-0.06047596311808112,0.0,-7.324618689352747e-11,0.09952403688191888,0.5379645635261414,GLD,1,-0.08809932442430284,-0.08096625229586911,0.0,0.0,25,-0.0,True,0.013084881721956949,0.004471419632955425,0.018386007129377872,0.02062120548747628,0.0004304611000669528,3.295280731431302e-05,-0.0002925756460190906,0.001088214475798732,0.013515342822023902,0.004504372440269738,0.01809343148335878,0.021709419963275012,0.014109386970406881,0.012558014342251383,0.01739711998045463,0.020559747262021345,-1.0,-1.0,1.0,1.0,0.12508705463001138,0.6657895790443714,0.671947984366052,0.6451806514630286,0.4374564726849943,0.1671052104778143,0.835973992183026,0.8225903257315144,0.013678925870339928,0.012525061534937069,0.017689695626473722,0.019471532786222615,0.19317623956799215,0.5939510939510939,0.7778429073856975,0.5128968253968254,1.1931762395679921,1.593951093951094,1.7778429073856974,1.5128968253968254,2008-04-30,-0.8302549790515541,-0.4536280401115454,0.014931695910815881,2008-04-30,1.9921269275226008,0.6657895790443714,0.0004904314970140751,2008-04-30,2.048297075899802,0.671947984366052,0.020746347026885707,2008-04-30,1.8183355956300173,0.6451806514630286,0.025183456975437526,67.83595038405328,73.6085098160257,0.3567190076810655,0.47217019632051405,0.006966687598556925,0.2909090909090909,0.005797040528341852,0.128246433583313,0.004091054864238251,0.22348979021882281,0.4182539767674421,0.4705988914000031,0.32774084913999646,0.8393739721595395,0.4444264340837226,0.583557410649768,-0.5139919223667453,0.03399863899239008,-0.7579469661238903,0.5769230769230769,0.361510138972727,0.9464952034841206,0.8682793522267207,1.0,0.17140215748651766,-0.08809932442430284,980.0,8.0,nearest_listed_proxy,pure_direction_quality_causal_calibration
2008-06,2008-05,2008-05,2008-05-30,2008-05,2008-05,2008-05-30,2008-04-30,0.5104176318429294,0.7745995423340961,0.04676304450456551,0.047059403138953786,1.3028928057905862,0.0,0.09224360765036915,0.0002767308229511075,1.9627811437166015e-05,0.016058917059238342,0.23636881989914413,0.4236576198316693,0.12175140933825625,0.2182221509309303,0.1475802698820112,0.2449038623783266,0.45350718783678284,0.1540086799028793,Stage30_PureODS_QualityCausal,True,False,0,Optimization terminated successfully,13,-0.017650055097949254,0.01881834053161286,0.0014083333385280772,0.21737008634818586,1.0,0.0007041666692640386,0.00016775908025343683,0.00016775908025343683,0.00029635968414613124,0.017650055097949254,0.1300000002397574,-0.06928034061964787,0.0,-2.3975740837123283e-10,0.09071965938035213,0.45350718783678284,GLD,0,0.030315871752505004,0.029423861733722047,0.0,0.0,26,0.0,True,0.011755909718599558,0.0037887240870438975,0.02054872589478836,0.028142308536521547,0.0003037640499307046,-9.462426317444695e-06,1.1118458858917035e-05,0.003063381339040618,0.012059673768530264,0.0037792616607264526,0.020559844353647275,0.031205689875562166,0.014308235326766153,0.01323778876508007,0.019625975120557502,0.02963612778212526,-1.0,-1.0,1.0,1.0,0.04511165342427204,0.5417079626681733,0.584004902081596,0.7402116621996921,0.477444173287864,0.22914601866591333,0.7920024510407979,0.8701058310998461,0.014004471276835448,0.013247251191397516,0.019614856661698585,0.02657274644308464,0.2808852140077821,0.8409653465346535,0.7145308924485125,0.8028571428571428,1.2808852140077822,1.8409653465346536,1.7145308924485125,1.802857142857143,2008-05-30,-0.07200218725133839,-0.06716608240880108,0.016505460115644226,2008-05-31,1.1820147821506863,0.5417079626681733,0.0007328234731776976,2008-05-30,1.4038744807424302,0.584004902081596,0.01968156548397755,2008-05-30,2.84928749484002,0.7402116621996921,0.02935467194590915,55.56196509890358,54.56308703517728,0.11123930197807155,0.09126174070354566,0.02005855464792705,-0.0812816188870153,-0.0029934480088022186,-0.1886046596302942,0.01844986211954884,-0.22776961125053674,-0.17002334314393852,-0.6983778877641077,1.1769702556564847,-0.8525798926659098,-0.4342006154540231,0.16219518149528744,0.13600271697936783,0.03696239653872688,-0.6372124227245244,0.6382978723404256,0.408598965440458,0.9697667401492197,0.8813218390804598,1.0,0.22290636853309367,0.030315871752505004,995.0,13.0,nearest_listed_proxy,pure_direction_quality_causal_calibration
2008-07,2008-06,2008-06,2008-06-30,2008-06,2008-06,2008-06-30,2008-05-31,0.6831293231709922,0.0,-0.060521738104375875,-0.06041498002815529,1.2240394686204528,-0.060521738104376,0.030502953680102377,9.150886104030713e-05,1.5249215180278483e-05,0.016774602391073153,0.12925401802483139,0.2985373264331797,0.1728886496548744,0.3993200058871146,0.1363059414710271,0.25421845774474205,0.4690819816123753,0.14039361917185544,Stage30_PureODS_QualityCausal,True,False,0,Optimization terminated successfully,26,-0.017197679798509447,0.018164596590021266,0.001408333346643866,0.209525159000392,1.0,0.000704166673321933,0.00015599187799028325,0.00015599187799028325,0.00010675824019961135,0.01719767979850944,0.13000000061433228,-0.06648742562290659,1.1102230246251565e-16,-6.143322794915917e-10,0.09351257437709341,0.4690819816123753,GLD,0,0.08130959187565324,0.07519547822988659,0.0,0.0,27,0.0,True,0.006558095846262355,0.003465571666625571,0.023380053410330143,0.033694688641074534,-5.927164571140709e-05,2.5970068590799412e-05,0.00035094706640142933,-0.004811333327454052,0.0064988242005509485,0.0034915417352163703,0.023731000476731573,0.028883355313620483,0.01103140170592219,0.01014859409462252,0.021889785674200482,0.027158549206902513,-1.0,-1.0,1.0,1.0,-0.11269522796450519,0.00038124446999713836,0.4425165527188485,0.7961232488731755,0.5563476139822526,0.49980937776500145,0.7212582763594242,0.8980616244365878,0.011090673351633598,0.01012262402603172,0.021538838607799052,0.031969882534356564,0.38511560693641617,0.9457040572792362,0.7335195530726257,0.8891941391941391,1.385115606936416,1.9457040572792361,1.7335195530726257,1.8891941391941391,2008-06-30,0.2892022291491131,0.2243265041047824,0.018759230342645136,2008-06-30,0.00038138987277704756,0.00038124446999713836,0.0009880392698040103,2008-06-30,0.7937752320306604,0.4425165527188485,0.020039779035614345,2008-06-30,3.9049241488939317,0.7961232488731755,0.03309835511688491,30.49203698218612,41.38735361789898,-0.39015926035627757,-0.17225292764202038,0.008428439152122602,0.017647058823529446,-0.019161492069169863,-0.07451501260841811,-0.004920100890173477,-0.10944057092529305,-1.2552726994746648,-0.2771939987573508,-0.22933196429574412,-0.40103298260837167,-0.7662333491160078,-0.3151824734520579,0.5407079112840328,0.06101483512103005,0.07576144856267088,0.6,0.3033972693986729,0.9723945323426856,0.8495200451722191,1.0,0.15037618310885315,0.08130959187565324,1011.0,10.0,nearest_listed_proxy,pure_direction_quality_causal_calibration
2008-08,2008-07,2008-07,2008-07-31,2008-07,2008-07,2008-07-31,2008-06-30,0.5052696849588909,0.09581497797356828,-0.025050659538854124,-0.02466475432106166,1.1933764726299219,-0.08405628818727773,0.12432331769255058,0.00037296995307765175,1.2935264714809977e-05,0.012043116279243506,0.09954953119571709,0.2844692278230419,0.15968137577894503,0.45629986520229604,0.1631037356576856,0.27184455274964636,0.5650517115926681,0.0,Stage30_PureODS_QualityCausal,True,False,0,Optimization terminated successfully,20,-0.010419128098376395,0.011704450767399632,0.0014083333333344582,0.13200340920878884,1.0,0.0007041666666672291,0.00019525017308571926,0.00019525017308571926,0.0003859058292702892,0.010419128098376395,0.1300000000000519,-0.0472393715357062,0.0,-5.190292640122607e-14,0.1127606284642938,0.5650517115926681,GLD,1,-0.13488076503978114,-0.11885016399502826,0.0,0.0,28,-0.0,True,0.00326984617009036,0.0035509080945560286,0.018551969849995714,0.022799741002331925,5.9634041430391736e-05,3.1392334101123713e-05,-0.0006993437561727303,-0.0063527113959646955,0.003329480211520752,0.0035823004286571524,0.017852626093822984,0.01644702960636723,0.0074906463647653,0.005769064421253412,0.015776272228801593,0.014795253173567134,-1.0,-1.0,1.0,1.0,-0.05139905611632626,-0.4849951991192886,0.36199091208578765,0.6928820191607763,0.5256995280581631,0.7424975995596443,0.6809954560428938,0.8464410095803881,0.007431012323334908,0.005737672087152289,0.016475615984974323,0.02114796456953183,0.579561696045736,0.929228998849252,0.747546346782988,0.983274647887324,1.5795616960457362,1.929228998849252,1.747546346782988,1.983274647887324,2008-07-31,-0.08106106457460814,-0.07498287305953918,0.02357065159306474,2008-07-31,-0.941729471822198,-0.4849951991192886,0.0009827217803715996,2008-07-31,0.5673757928264206,0.36199091208578765,0.02041342914413393,2008-07-31,2.256077671738472,0.6928820191607763,0.03823185044571952,48.4738500785149,47.56543515701312,-0.030522998429702,-0.0486912968597376,0.01708179450280073,0.013023583245336473,0.031784769020900876,-0.15899040095421516,0.0055534583257788525,0.043997332261331915,2.1699525026756037,-0.6001001761452323,0.4155883946811717,0.17455668244461342,0.7849261632651857,0.29507253856289256,-0.5399993509140392,0.044378546145108125,-0.3786268680129619,0.6521739130434783,0.4466863202041173,0.9747836316603142,0.8795944478908189,1.0,0.24977949475582314,-0.13488076503978114,1029.0,14.0,nearest_listed_proxy,pure_direction_quality_causal_calibration
2008-09,2008-08,2008-08,2008-08-29,2008-08,2008-08,2008-08-29,2008-07-31,0.6021767779138312,0.9181222707423581,0.0349724769293557,0.03642713870996944,1.2351118037870077,-0.05202346785731882,0.4643556004404682,0.0013930668013214047,6.159497929233878e-05,0.009375552840624125,0.06351298359069107,0.20660719757728274,0.17161562959203006,0.5582641892399961,0.0,0.5557023572428951,0.25727834132827354,0.18701930142883144,Stage30_PureODS_QualityCausal,True,False,0,Optimization terminated successfully,14,-0.009886887796845397,0.012209455714500356,0.0014083333353846303,0.1380634685616965,1.0,0.0007041666676923152,0.00016373946933287214,0.00016373946933287214,0.0014546617806297706,0.009886887796845397,0.13000000009467524,-0.05525323637362326,0.0,-9.467523987005677e-11,0.10474676362637675,0.5557023572428951,BOND,1,0.021906722758556246,0.021437106020225388,0.0,0.0,29,0.0,True,-0.0009529837047232942,0.003328907015775271,0.015963356760182554,0.01916293129126197,0.00018441808727770874,-3.214480547780465e-05,0.0020266187879041907,0.013457544972633647,-0.0007685656174455855,0.0032967622102974665,0.017989975548086744,0.032620476263895616,0.0028464027023285396,0.005499743393312129,0.013925156880516732,0.0297861987457496,-1.0,-1.0,1.0,1.0,-0.3000037703497269,-0.27133778070431963,-0.23404361064907694,0.4208300961405444,0.6500018851748635,0.6356688903521598,0.3829781946754615,0.7104150480702722,0.0026619846150508306,0.005531888198789934,0.011898538092612541,0.016328653773115955,0.5,0.785,0.92590618336887,0.9770797962648556,1.5,1.7850000000000001,1.92590618336887,1.9770797962648556,2008-08-29,-0.5974725670524552,-0.37401115948730806,0.02139287741105553,2008-08-31,-0.372378001108103,-0.27133778070431963,0.0007660991669582815,2008-08-29,-0.3055573579683919,-0.23404361064907694,0.024801786334751642,2008-08-29,0.7266090543314303,0.4208300961405444,0.039114408294238796,32.37397752459054,41.32601489731582,-0.3525204495081891,-0.17347970205368354,0.010703431316653966,-0.032090761750405296,-0.00552906887369796,-0.180796033471071,0.02056757762174047,-0.1694742429695986,-0.3355232173237656,-0.6857789977172631,1.3177583576453402,-0.63961626304001,-0.5106511075205143,0.33907104730266513,0.08579003010892461,0.060653356745105164,0.06867909388425719,0.6382978723404256,0.47531674967961635,0.9708391855967622,0.8669354838709677,1.0,0.255352780862089,0.021906722758556246,1044.0,13.0,nearest_listed_proxy,pure_direction_quality_causal_calibration
2008-10,2008-09,2008-09,2008-09-30,2008-09,2008-09,2008-09-30,2008-08-31,0.6080814217442396,0.788961038961039,-0.05706993537405892,-0.056754695003791045,1.164624052965146,-0.106124427282826,0.104705997428479,0.000314117992285437,1.1223779824356752e-06,0.011108898631753884,0.09834001144156536,0.29828770585927694,0.14960032946752552,0.45377195323163216,2.5306221029965494e-17,0.5368406572476759,0.3921583847009728,0.0710009580513513,Stage30_PureODS_QualityCausal,True,False,0,Optimization terminated successfully,9,-0.014338711064301495,0.015464989091024287,0.0014083333333371323,0.17712986909226863,1.0,0.0007041666666685662,0.00010686948932638762,0.00010686948932638762,0.00031524187072783815,0.014338711064301495,0.13000000000017534,-0.03887442270115504,0.0,-1.7533197116392785e-13,0.12112557729884496,0.5368406572476759,BOND,1,-0.229441939425072,-0.18662283436692154,0.0,0.0,30,-0.0,True,-0.0006088266230391774,0.0033902274019514387,0.023969019962595525,0.017685173785507755,0.00010809306642667572,-1.6369396800106734e-05,0.005934999564766064,0.004840565056342258,-0.0005007335566125016,0.003373858005151332,0.02990401952736159,0.022525738841850013,0.003945704825600461,0.008910192304114427,0.023767811742896845,0.019167191185290974,-1.0,-1.0,1.0,1.0,-0.24107481861393285,0.434530409220395,0.04569986136154834,-0.02141336183049196,0.6205374093069664,0.2827347953898025,0.5228499306807741,0.48929331908475404,0.003837611759173785,0.008926561700914534,0.01783281217813078,0.014326626128948717,0.8292056074766355,0.9962365591397849,0.9994786235662148,0.9975409836065574,1.8292056074766356,1.9962365591397848,1.9994786235662148,1.9975409836065574,2008-09-30,-1.8997546699483283,-0.655143240094232,0.03118750140906195,2008-09-30,0.7684416921895197,0.434530409220395,0.0014706619558306536,2008-09-30,0.04788835242835724,0.04569986136154834,0.03709592676262878,2008-09-30,-0.021881927460757743,-0.02141336183049196,0.04907000257867401,46.22032870273939,50.375610509882286,-0.07559342594521226,0.007512210197645714,0.07612629226074813,-0.15653941721255932,0.052597797211350425,-0.17783252117227144,0.04995639604499119,-0.1774874588538904,3.554825275859765,-0.6797245723673169,3.068664391079637,-0.6750971168179046,1.437550351746224,1.1967836371308662,-1.3171669944385451,0.1312472797988825,1.1702937492365055,0.5882352941176471,0.35896068307203455,0.9582212351661155,0.8609307359307359,1.0,0.17419350803189065,-0.229441939425072,1060.0,9.0,nearest_listed_proxy,pure_direction_quality_causal_calibration
2008-11,2008-10,2008-10,2008-10-31,2008-10,2008-10,2008-10-31,2008-09-30,0.8504830122889445,0.0,0.09026703185727765,0.09044383061511177,1.2697512094559025,-0.025436932483922647,0.054410565632053945,0.00016323169689616183,1.3567060937951358e-05,0.0029821863121063568,0.047132551927387,0.12748365408569,0.22278828190322117,0.6025955120837018,9.860846323020942e-18,0.6039167923947466,0.39608320760525345,0.0,Stage30_PureODS_QualityCausal,True,False,0,Optimization terminated successfully,7,-0.005776941734266008,0.006762970584032748,0.0014083333333333383,0.07270564700839294,1.0,0.0007041666666666691,0.00010506192518782341,0.00010506192518782341,0.0001768002579122475,0.005776941734266008,0.13000000000000023,-0.029614132311197888,0.0,-2.220446049250313e-16,0.13038586768880212,0.6039167923947466,BOND,1,0.13104771442808597,0.11586400180681168,0.08787070970816133,0.08787070970816133,31,0.010181052068392229,True,-0.00979997050781307,0.003967222159650353,0.017149584298714694,0.000611909297873448,-0.0016202673163451943,-2.2597091444333733e-06,-0.0008816485991660229,-0.0008104510031646164,-0.011420237824158264,0.00396496245050592,0.016267935699548673,-0.00019854170529116835,0.0035835066995731856,0.0037998590602456883,0.011280892002041522,0.00031493103820688,-1.0,1.0,1.0,-1.0,-0.24540239596753421,0.6647768897509952,0.2959831152874891,-0.5667403089050136,0.6227011979837671,0.8323884448754977,0.6479915576437445,0.7833701544525068,-0.004977278052473849,0.0038021187693901217,0.012162540601207545,0.0011253820413714964,0.9988436632747456,0.9911550468262227,0.9984725050916496,0.9976303317535545,1.9988436632747457,1.9911550468262227,1.9984725050916496,1.9976303317535544,2008-10-31,-2.191430483586356,-0.6866608860374567,0.0758125335560217,2008-10-31,1.9830878881148641,0.6647768897509952,0.0015332699764128773,2008-10-31,0.42042047813719047,0.2959831152874891,0.06568099582545799,2008-10-31,-1.3080845519523836,-0.5667403089050136,0.07585381288807044,43.79761151500159,53.725073391741105,-0.12404776969996817,0.0745014678348221,0.07897278463488033,0.09360331339162445,-0.03344352145921189,0.07513718635259221,-0.011752511142188546,0.2805197010871935,-2.1202265022379674,0.2789058335053597,-0.58879312602025,1.0851488475763782,-0.9206603343663038,0.24817786077806409,0.3362412367941199,0.7045206759941216,3.5070200048472344,0.6382978723404256,0.8460803028278614,0.9506726191029133,0.7591236283096748,1.0,0.38974313703326735,0.13104771442808597,1072.0,13.0,nearest_listed_proxy,pure_direction_quality_causal_calibration
2008-12,2008-11,2008-11,2008-11-28,2008-11,2008-11,2008-11-28,2008-10-31,0.587662425438711,0.9307036247334755,0.03593754682814652,0.03635877096369306,1.3153829530058194,0.0,0.12034975301329896,0.0003610492590398969,6.0174876506649444e-05,0.0032730501077380555,0.014947308057877045,0.037896777680945536,0.2679094742839133,0.6792464399772641,0.0,0.6759489069938351,0.32405109300616475,9.225957979833217e-17,Stage30_PureODS_QualityCausal,True,False,0,Optimization terminated successfully,6,-0.008512527587480211,0.009698239307307652,0.0014083333333333324,0.10792887168769184,1.0,0.0007041666666666662,6.031791759968914e-05,6.031791759968914e-05,0.0004212271355610872,0.008512527587480211,0.12999999999999995,-0.022845697115422142,0.0,5.551115123125783e-17,0.13715430288457786,0.6759489069938351,BOND,1,-0.03840292649483043,-0.03698268322919794,0.07076502306881538,0.07076502306881538,32,-0.002617080431860884,True,-0.01121806640766855,0.003966846747690854,0.028404096621999508,-0.008060676531069589,-9.977346416865898e-05,1.4594117541159796e-06,0.001054600132005344,0.00010980086522708338,-0.01131783987183721,0.00396830615944497,0.02945869675400485,-0.007950875665842506,-0.0080444477076899,0.0038432077309604063,0.0219114435823848,-0.006139013541082552,-1.0,1.0,1.0,-1.0,-0.18702294750779433,0.6393801258735566,0.39936817455356577,-0.6802707207431696,0.5935114737538971,0.8196900629367783,0.6996840872767829,0.8401353603715849,-0.005327593811660357,0.00384174831920629,0.020856843450379456,-0.006248814406309635,0.9878551787351054,0.9540867810292634,0.9655344655344655,0.9808282208588958,1.9878551787351055,1.9540867810292633,1.9655344655344655,1.9808282208588959,2008-11-28,-2.3728882307034294,-0.7035181922433742,0.058940807713445266,2008-11-30,1.7730030199316529,0.6393801258735566,0.0013925785820992538,2008-11-28,0.664913442201844,0.39936817455356577,0.03976241850690802,2008-11-28,-2.1276459957760876,-0.6802707207431696,0.07477233112887728,48.63436605483488,58.48810143116469,-0.02731267890330244,0.16976202862329373,0.08493297374171282,0.21095208462974485,-0.007344476308493712,0.171394563096695,-0.017393600459137838,0.22708665008416104,-0.3787531575124297,0.6507986815374962,-0.8508235829585692,0.8733446665632083,0.13602276201253324,0.011260541802319557,-0.0736416519074264,0.2851669416039537,2.1278706949486788,0.6382978723404256,0.9642685542259944,0.9777592364675152,0.8665377176015474,1.0,0.5214837731112558,-0.03840292649483043,1087.0,13.0,nearest_listed_proxy,pure_direction_quality_causal_calibration
2009-01,2008-12,2008-12,2008-12-30,2008-12,2008-12,2008-12-30,2008-11-30,0.7572844152837244,0.0,0.03749961113524174,0.03755728050029564,1.3647093022374635,0.0,0.016476961443972683,4.943088433191805e-05,8.23848072198632e-06,0.0019467062302509306,0.019497086277019505,0.036851567747183886,0.3265109349375589,0.6171404110382377,0.0,0.664427148824244,0.335572851175756,0.0,Stage30_PureODS_QualityCausal,True,False,0,Optimization terminated successfully,4,-0.012300010283584227,0.013126036693495782,0.0014083333335241106,0.14906244032080473,1.0,0.0007041666667620553,6.418737798938645e-05,6.418737798938645e-05,5.7672365160113165e-05,0.012300010283584227,0.1300000000088051,-0.023928919972687257,0.0,-8.80509554157527e-12,0.13607108002731275,0.664427148824244,BOND,1,-0.1854569548966301,-0.15644343232420588,0.06551092899195429,0.06551092899195429,33,-0.010248754586248658,True,-0.006216268034619903,0.006056405111751431,0.027147188234438856,-0.01920050039056666,-0.0007523250680973277,-0.0005313718192180268,0.00882373090646128,-0.002490184814327958,-0.006968593102717231,0.005525033292533404,0.035970919140900136,-0.02169068520489462,-0.013931934898651176,0.0047854458864344425,0.02964023010940772,-0.018555240690302156,-1.0,1.0,1.0,-1.0,-0.19504516767781352,0.6400770823243724,0.49757397255811575,-0.7034649000397158,0.5975225838389068,0.8200385411621862,0.7487869862790579,0.851732450019858,-0.0029308552443051902,0.005316817705652469,0.02081649920294644,-0.016065055875974198,0.9130730821606899,0.9398238747553816,0.9379276637341154,0.9888724035608308,1.91307308216069,1.9398238747553815,1.9379276637341154,1.9888724035608307,2008-12-30,-1.8028018212900765,-0.6432141607715529,0.03910475772105594,2008-12-31,1.7783726761773684,0.6400770823243724,0.001449329342168093,2008-12-31,0.9903427477504044,0.49757397255811575,0.03403264220596655,2008-12-31,-2.3722820675661436,-0.7034649000397158,0.0921372436434638,50.17889245472533,52.72504043218029,0.0035778490945065754,0.05450080864360587,0.052190006015192136,0.2175483870967742,0.03382669107213969,0.22571276882215646,-0.023314521032868823,0.14963905014089207,1.8973857581060252,0.8643906469189351,-0.9923178510458454,0.575575731163987,1.3808882025124802,-0.2083710599409292,-0.5862585712857755,0.18368547869296922,1.4846504702754333,0.5882352941176471,0.6994824406617945,0.9397359698075648,0.8181259600614439,1.0,0.3163398609079404,-0.1854569548966301,1103.0,9.0,nearest_listed_proxy,pure_direction_quality_causal_calibration
2009-02,2009-01,2009-01,2009-01-30,2009-01,2009-01,2009-01-30,2008-12-31,0.6729198918663233,0.18530020703933747,0.062257133217062964,0.06225944853512785,1.4496721910694261,0.0,0.0006615194471093488,1.9845583413280465e-06,3.307597235546744e-07,0.002354317670421377,0.006156296360043405,0.008620053232122128,0.4104754516670534,0.5747481987407811,0.0,0.6448975276506158,0.3551024723493842,4.742061015643997e-20,Stage30_PureODS_QualityCausal,True,False,0,Optimization terminated successfully,11,-0.01328202140108901,0.014060798157921942,0.0014083333333336993,0.16027957789506111,1.0,0.0007041666666668496,7.229176945577586e-05,7.229176945577586e-05,2.3183207103060837e-06,0.01328202140108901,0.13000000000001688,-0.025764491459604605,0.0,-1.687538997430238e-14,0.1342355085403954,0.6448975276506158,BOND,1,0.021381204045500393,0.02093361808579738,0.057430063452463063,0.057430063452463063,34,0.0012022190149569719,True,-0.003979228144538881,0.0059678787382613325,0.030011093266821796,-0.022582473178858736,-0.00015103146943708308,-0.00022401335070630965,0.005599219458412942,-0.0013476178253549204,-0.0041302596139759645,0.005743865387555023,0.03561031272523474,-0.023930091004213658,-0.00017656619952040827,0.005265744557615873,0.030033394138080195,-0.02078476833011475,-1.0,1.0,1.0,-1.0,-0.13114249746187417,0.7353741525530924,0.5967050773713194,-0.7477363712829388,0.5655712487309371,0.8676870762765462,0.7983525386856597,0.8738681856414694,-0.001227753745040297,0.005489757908322183,0.024434174679667253,-0.01943715050475983,0.8364086408640864,0.8779677113010447,0.889261744966443,0.9373198847262247,1.8364086408640863,1.8779677113010447,1.889261744966443,1.9373198847262247,2009-01-30,-1.2698367478636379,-0.5594396817563217,0.03359364817699079,2009-01-31,2.778920349799283,0.7353741525530924,0.0012686462196884719,2009-01-30,1.479574980716319,0.5967050773713194,0.02759429312580015,2009-01-30,-2.964106934819365,-0.7477363712829388,0.07852538227953443,52.75321263100239,55.54739683753257,0.05506425262004783,0.11094793675065134,0.024243276598255092,0.13044959128065403,-0.021919509691813503,-0.10716244224071124,0.031689055340290206,-0.046594140396059365,-1.151103598190029,-0.43073424037855407,1.5178527890886828,-0.19582240236194756,-0.7909189192842916,0.6610151933633677,0.06495186296046196,0.18007157677224417,1.436854486585588,0.6382978723404256,0.6020822050556717,0.9881841580125089,0.8668091168091168,1.0,0.3291853854679386,0.021381204045500393,1117.0,13.0,nearest_listed_proxy,pure_direction_quality_causal_calibration
2009-03,2009-02,2009-02,2009-02-27,2009-02,2009-02,2009-02-27,2009-01-31,0.6184779580046844,0.9521384928716904,-0.045129772106693625,-0.04497516178828746,1.3842488154570516,-0.045129772106693666,0.044174376687474454,0.00013252313006242337,2.2087188343737267e-05,0.0037625151539310503,0.018212099302583495,0.02176055205694781,0.43740189384428085,0.5226254547961878,0.0,0.651684025729956,0.34831597427004396,0.0,Stage30_PureODS_QualityCausal,True,False,0,Optimization terminated successfully,5,-0.01415471913382552,0.015080266540917885,0.0014083333355806853,0.1725131984775305,1.0,0.0007041666677903427,6.676742085625064e-05,6.676742085625064e-05,0.00015461331844577637,0.014154719133825515,0.13000000010372395,-0.025126707913341817,0.0,-1.0372394609881042e-10,0.1348732920866582,0.651684025729956,BOND,1,-0.1297262612207613,-0.11482981822568372,0.05165506946105663,0.05165506946105663,35,-0.005931542236648199,True,-0.00708080206425275,0.005605129515970982,0.03554781095544253,-0.019022077791436564,-0.00014050276664305192,0.0006356039749268763,0.002912469142872716,-0.0002180143290288583,-0.007221304830895801,0.006240733490897858,0.038460280098315244,-0.019240092120465423,-0.009274960098326814,0.005939274489003945,0.03218266476437234,-0.016869927512209146,-1.0,1.0,1.0,-1.0,-0.28474158024001567,0.6727920848720919,0.604998778482698,-0.7919502346221936,0.6423707901200079,0.8363960424360459,0.802499389241349,0.8959751173110968,-0.0032029150950355625,0.005303670514077068,0.02927019562149963,-0.016651913183180288,0.901650312221231,0.8802035152636448,0.8837099811676082,0.8660589060308556,1.9016503122212312,1.880203515263645,1.8837099811676081,1.8660589060308554,2009-02-27,-0.7469034681813181,-0.4275585238598851,0.03776597779509309,2009-02-28,2.0561607888033273,0.6727920848720919,0.0013573784266476346,2009-02-27,1.5316377406599935,0.604998778482698,0.02746082954331606,2009-02-27,-3.806542310605626,-0.7919502346221936,0.05983081933261544,38.44207219838726,40.22461695860465,-0.23115855603225482,-0.19550766082790702,0.08036141793366602,0.32330554548749557,-0.011711413350745496,0.05237556283016762,0.025771369679955577,0.11757515393310725,-0.605347182101645,0.1914920323446945,1.2247440180850806,0.45272171201889877,-0.20692757487847524,0.8387328650519896,-0.3159026450867572,0.2045740543984784,1.5827886090114756,0.6382978723404256,0.7763477996811835,0.9652472152480028,0.8585317460317461,1.0,0.41065265909734383,-0.1297262612207613,1132.0,13.0,nearest_listed_proxy,pure_direction_quality_causal_calibration
2009-04,2009-03,2009-03,2009-03-31,2009-03,2009-03,2009-03-31,2009-02-28,0.6603465368737922,0.0,-0.031530160304727224,-0.03152305589659331,1.3406032284040619,-0.07523698346238117,0.0020298308954040272,6.089492686212082e-06,1.0149154477020233e-06,0.0034804821707098196,0.012179008504501246,0.015417480029487287,0.42914556398599046,0.543257947480021,2.5204812555469886e-17,0.6854651843467211,0.3145348156532789,7.239908237537725e-18,Stage30_PureODS_QualityCausal,True,False,0,Optimization terminated successfully,3,-0.011333729188005516,0.012138689014111399,0.0014083333333344934,0.13721426816932983,1.0,0.0007041666666672467,9.368575044258039e-05,9.368575044258039e-05,7.107408996054789e-06,0.011333729188005516,0.13000000000005354,-0.027590480003395285,0.0,-5.3540505362548174e-14,0.13240951999660472,0.6854651843467211,BOND,1,0.07360778229868614,0.06856114822592434,0.0075111989781392954,0.0075111989781392954,36,0.0005149764264946197,True,-0.0001895006003226527,0.00571885090027043,0.02858301421152883,-0.020190435828637325,-0.0009347559634939985,-0.0003788464527533261,0.004768270448397335,-0.0007317008066345679,-0.001124256563816651,0.005340004447517104,0.033351284659926164,-0.02092213663527189,0.0014042813206133994,0.004874040667960138,0.02797052469648593,-0.016868282919986335,-1.0,1.0,1.0,-1.0,0.09731384780804186,0.5836577116153377,0.5712974328891903,-0.6574823405330233,0.45134307609597907,0.7918288558076689,0.7856487164445951,0.8287411702665117,0.0018240608576127783,0.005252887120713464,0.023202254248088597,-0.01613658211335177,0.6446554770318021,0.7738309352517986,0.9017527675276753,0.8442176870748299,1.6446554770318023,1.7738309352517985,1.9017527675276753,1.84421768707483,2009-03-31,-0.14754888381865755,-0.12857742785445825,0.027056882336219383,2009-03-31,1.4018698746164626,0.5836577116153377,0.0010050702944887585,2009-03-31,1.3326195752439312,0.5712974328891903,0.031146326263728222,2009-03-31,-1.9195574953892665,-0.6574823405330233,0.05506446773973883,59.613349795001604,61.41259876892759,0.19226699590003207,0.22825197537855174,0.003703456408232386,0.34995266645629536,-0.03227908946014046,0.26954752230543544,-0.01879908168457726,0.06801432929190968,-1.6949996877015425,1.0539677418816291,-0.7882195997438604,0.2627364314143301,-0.3205159729099567,-0.2627415841647651,0.2916287785373609,0.1294692560521291,0.9628207047871463,0.5882352941176471,0.4952908594367735,0.9839766010844911,0.8804347826086957,1.0,0.2524023269166358,0.07360778229868614,1149.0,9.0,nearest_listed_proxy,pure_direction_quality_causal_calibration
2009-05,2009-04,2009-04,2009-04-30,2009-04,2009-04,2009-04-30,2009-03-31,0.5987435409586312,0.637,0.02952133196773637,0.029622641530220088,1.3801796213467972,-0.0479367474596889,0.028945589281061185,8.683676784318356e-05,1.447279464053058e-05,0.0035772119850368865,0.026262368980519875,0.026091761579849854,0.475366990526017,0.47227887891361325,0.0,0.6877165825292492,0.31228341747075083,0.0,Stage30_PureODS_QualityCausal,True,False,0,Optimization terminated successfully,6,-0.008120757566346077,0.009042060600691487,0.0014083333340327527,0.10005472720410133,1.0,0.0007041666670163764,0.00011582380478486457,0.00011582380478486457,0.00010131256254417236,0.008120757566346073,0.1300000000322809,-0.03985046990873564,0.0,-3.228090017515228e-11,0.12014953009126436,0.6877165825292492,BOND,1,-0.07164649426256375,-0.06685646306515111,0.03150017592957185,0.03150017592957185,37,-0.0021059903485811824,True,0.005716847827040987,0.005829623752052969,0.021919361098023588,-0.019156984736969997,8.908390087277408e-05,0.00014563853823012756,-3.44579235480152e-05,2.4825670362162096e-05,0.005805931727913761,0.0059752622902830965,0.021884903174475574,-0.019132159066607837,0.0029921623201882947,0.0055467244809503085,0.01673955741473412,-0.014198333979035973,1.0,1.0,1.0,-1.0,0.3384116630974556,0.6194853750915177,0.4389593358939146,-0.5659556264157878,0.6692058315487278,0.8097426875457588,0.7194796679469573,0.782977813207894,0.005009068767896703,0.005401085942720181,0.016774015338282135,-0.014223159649398135,0.625,0.7412434325744308,0.8755656108597285,0.8115079365079365,1.625,1.7412434325744308,1.8755656108597285,1.8115079365079365,2009-04-16,0.5853218528205877,0.3692132621392869,0.02607988968761656,2009-04-30,1.628019882916485,0.6194853750915177,0.0009503879685713344,2009-04-30,0.7824019968201685,0.4389593358939146,0.028819846790790988,2009-04-30,-1.3039119059240205,-0.5659556264157878,0.04803255712117949,67.31581506722667,64.98527129042732,0.34631630134453334,0.2997054258085464,0.018512181661225757,0.192610539067232,-0.000767329547324253,-0.010695899128274048,0.009199775550559274,0.13092189175221217,-0.01713983805195878,-0.05355338089485051,0.46680893335583334,0.5184697126931402,-0.03534660947340464,0.49263932302448676,-0.22864635677554107,0.06937899968051993,0.13124533742857303,0.6521739130434783,0.5769966078444756,0.9595016673421118,0.8678571428571429,1.0,0.3133506926283462,-0.07164649426256375,1166.0,14.0,nearest_listed_proxy,pure_direction_quality_causal_calibration
2009-06,2009-05,2009-05,2009-05-29,2009-05,2009-05,2009-05-29,2009-04-30,0.7754469721471016,0.0,-0.013590642176025422,-0.013365760948292955,1.3614220939744306,-0.06087589845390717,0.06425177935213311,0.00019275533805639933,3.212588967606656e-05,0.008155711918157152,0.034436839962267075,0.009979751123175468,0.7408779494150223,0.21470545949953512,1.303018220395877e-17,0.6025195209456603,0.39748047905433964,0.0,Stage30_PureODS_QualityCausal,True,False,0,Optimization terminated successfully,6,-0.011172249075571447,0.012308978876411105,0.0014083333433850382,0.13925774645662303,1.0,0.0007041666716925191,0.00020767890138743647,0.00020767890138743647,0.0002248842277597025,0.011172249075571447,0.13000000046392482,-0.06027489372801753,0.0,-4.6392481523049867e-10,0.09972510627198247,0.6025195209456603,BOND,1,-0.40046009710472985,-0.28594895201414827,0.031537113063792345,0.031537113063792345,38,-0.009018004430143126,True,0.008700494665947082,0.005130399090022849,0.02249357449451641,-0.0037016205778577275,-0.00013569507934419926,-8.673521301934298e-05,0.003144969619242868,-0.0006196164785697696,0.008564799586602882,0.005043663877003507,0.02563854411375928,-0.004321237056427497,-0.0006681845039006298,0.0076052506771043145,0.019439110318457277,-0.0005798888268263067,1.0,-1.0,1.0,-1.0,0.2107692057705061,0.6934359820769522,0.13523598621682528,-0.36893930724155427,0.6053846028852531,0.15328200896152389,0.5676179931084127,0.6844696536207772,0.008485515005586695,0.007691985890123657,0.016294140699214407,3.9727651743462836e-05,0.5212581344902386,0.5545609548167093,0.356,0.6101804123711341,1.5212581344902385,1.5545609548167092,1.3559999999999999,1.610180412371134,2009-05-29,1.2541533332631327,0.5563744554358283,0.023037550481248153,2009-05-31,2.2619614225274645,0.6934359820769522,0.0006633952286210923,2009-05-29,0.15638484495347357,0.13523598621682528,0.01656311029501453,2009-05-29,-0.5846336358375835,-0.36893930724155427,0.03203202976659353,55.50954588750934,48.28711220627516,0.1101909177501868,-0.03425775587449678,0.07385469405102546,0.42778325123152716,0.01826347848576797,0.14038019601092663,0.045411789675314465,0.2567535918410194,0.9818518833524021,0.5435931373020982,2.084344536152753,1.0271744816752058,0.7627225103272501,1.5557595089139795,-1.1592410096206147,0.11212828295508656,0.7672978366701229,0.6382978723404256,0.6644005005428467,0.976503026210895,0.8341776902148419,1.0,0.34545025044946315,-0.40046009710472985,1180.0,13.0,nearest_listed_proxy,pure_direction_quality_causal_calibration
2009-07,2009-06,2009-06,2009-06-30,2009-06,2009-06,2009-06-30,2009-05-31,0.5356013526978503,0.8106796116504854,-0.007535503469085832,-0.007535491126276346,1.3511630930623961,-0.06795267137900995,4.075413575929011e-06,1.2226240727787034e-08,1.1656875742449417e-10,0.008897154537033448,0.09452357824405745,0.00848180981162015,0.8231330611636261,0.07386155078069633,4.075413575927719e-06,0.610677904918082,0.389318019668342,2.814558255674598e-21,Stage30_PureODS_QualityCausal,True,False,0,Optimization terminated successfully,2,-0.009073172355736084,0.009825618112077937,0.0011115682769814047,0.11123800768304681,1.0,0.0005557841384907023,0.00019664581434326468,0.00019664581434326468,1.5803507885484764e-08,0.009073172355736084,0.11549380643037468,-0.06714947505120455,0.0,0.01450619356962532,0.09285052494879545,0.610677904918082,BOND,1,0.008930497545567606,0.008851449695784686,0.027135307999950793,0.027135307999950793,39,0.0002401868137411882,True,0.009461694329051688,0.004645028695470738,0.019210722430467692,0.002271172693143675,0.00012805326499758463,6.227977566566317e-05,-0.0002303870060965281,7.017896073240512e-05,0.009589747594049272,0.004707308471136401,0.018980335424371164,0.00234135165387608,0.009616056082570068,0.007913279476905241,0.012825283543100034,0.006669829332722363,1.0,-1.0,1.0,-1.0,0.24229140888094247,0.5079379704296823,-0.19358343201279912,0.3065166131832492,0.6211457044404712,0.24603101478515887,0.4032082839936004,0.3467416934083754,0.009247816003831295,0.007850999701239578,0.013055670549196562,0.006599650371989958,0.3637730984099699,0.6438071487946799,0.2977332170880558,0.6083959899749374,1.3637730984099699,1.64380714879468,1.2977332170880558,1.6083959899749374,2009-06-30,1.4462612962428443,0.5912129249905247,0.019189412490765737,2009-06-30,1.0322641047374204,0.5079379704296823,0.0008235063094239598,2009-06-30,-0.2400538874045946,-0.19358343201279912,0.01562067854270982,2009-06-30,0.4419956108685334,0.3065166131832492,0.031893362649115777,53.06994199802087,53.71312308459426,0.061398839960417465,0.07426246169188516,0.03526395260433507,0.1812216052498737,0.0049782761976465625,0.03850780042166152,-0.012521154001608574,-0.024221955468035766,0.28441964880102144,0.14196518474960237,-0.5349306174442092,-0.10282647703282811,0.21319241677531192,-0.31887854723851866,0.05284306523160337,0.0628446442981831,-0.00798363537204153,0.5882352941176471,0.3255490461492965,0.9627393188109519,0.9166666666666667,1.0,0.16900036942267732,0.008930497545567606,1197.0,9.0,nearest_listed_proxy,pure_direction_quality_causal_calibration
2009-08,2009-07,2009-07,2009-07-31,2009-07,2009-07,2009-07-31,2009-06-30,0.5793765367439363,0.23850574712643677,0.010299490510743968,0.010832455704127197,1.3650793845178595,-0.058353058762314,0.17765498311223663,0.0005329649493367099,2.440465188546805e-10,0.009430875648890573,0.08608981091766169,0.003007459590723658,0.8801553998103077,0.03074732968130699,0.17765966368492514,0.4375072597502063,0.3848330765648686,0.0,Stage30_PureODS_QualityCausal,True,False,0,Optimization terminated successfully,26,-0.008837677695123376,0.010034155060502425,0.0008260734094875056,0.11545342026910407,1.0,0.0004130367047437528,0.00025047271790970446,0.00025047271790970446,0.0005329679427255929,0.008837677695123376,0.09956345169714671,-0.05168302924238949,0.0,0.030436548302853292,0.10831697075761051,0.4375072597502063,BOND,0,-0.06785946583958505,-0.06354718763131606,0.03346454647967914,0.03346454647967914,40,-0.0021265778141410677,True,0.015572908357880784,0.004372363758554054,0.01719355181124661,0.0005846786678808475,-0.00020658942949063685,-7.378559283068787e-06,0.00011034385704617139,4.872989906290734e-06,0.015366318928390146,0.004364985199270986,0.017303895668292782,0.0005895516577871382,0.011970188681721325,0.007928663704427234,0.011534059062383218,0.007022511569520685,1.0,-1.0,1.0,-1.0,0.5866018653174917,0.40898295088090564,-0.486558626234994,0.4544012360437567,0.7933009326587459,0.2955085245595472,0.256720686882503,0.27279938197812165,0.01430335592535303,0.007936042263710303,0.011423715205337047,0.007017638579614394,0.1295744680851064,0.6000810372771475,0.1869118905047049,0.6798780487804879,1.1295744680851063,1.6000810372771475,1.186911890504705,1.6798780487804879,2009-07-31,1.937683521503055,0.6595957349795278,0.01421584126086473,2009-07-31,0.6919985666919273,0.40898295088090564,0.0007765563050208417,2009-07-31,-0.9476420310017404,-0.486558626234994,0.013314892940773123,2009-07-31,0.8328487270550331,0.4544012360437567,0.03466137417572965,80.82707833446457,74.18341471418279,0.6165415666892915,0.48366829428365576,0.015569526789851296,0.38671875,0.0067058926511699805,0.03395020475711154,-0.003735813556316891,0.2571894840696884,0.380349347074191,0.12057889064410467,-0.12847619247035869,1.0378525688926705,0.2504641188591478,0.4546881882111559,-0.35257615353515187,0.03483080444820981,-0.7959689927195549,0.6382978723404256,0.3547376355449728,0.9781000102462056,0.8690476190476191,1.0,0.19246754256969184,-0.06785946583958505,1215.0,13.0,nearest_listed_proxy,pure_direction_quality_causal_calibration
2009-09,2009-08,2009-08,2009-08-31,2009-08,2009-08,2009-08-31,2009-07-31,0.47663381396306337,0.0,0.026260537394651087,0.0271792234927981,1.400927102741658,-0.03362490404938279,0.3051785836189479,0.0009155357508568437,3.1503472901692753e-06,0.009292670934473297,0.12346679239556808,0.003052673980158776,0.8524051104221911,0.02107542320208195,0.4838120061859119,0.13412011642814273,0.38206787738594533,0.0,Stage30_PureODS_QualityCausal,True,False,0,Optimization terminated successfully,12,-0.011472904195735205,0.013851781344586507,0.0014083333336414382,0.15777137613318945,1.0,0.0007041666668207191,0.0007560228837198913,0.0007560228837198913,0.0009186875983106927,0.011472904195735205,0.1300000000142202,-0.1213304196627512,0.0,-1.422020834418447e-11,0.03866958033724881,0.4838120061859119,KODEX200,0,0.17362942442260992,0.1479422897973356,0.032414774761711035,0.032414774761711035,41,0.004795516001512414,True,0.01522713390432495,0.004165355649415799,0.01738144610454444,0.0003967480796079982,-0.0006135142505147374,-1.446134740039458e-05,-6.656035640811624e-05,2.4502184435344235e-05,0.014613619653810212,0.0041508943020154045,0.017314885748136326,0.00042125026404334244,0.01752923795507906,0.006987471615823029,0.011604652781364778,0.0067990672585324635,1.0,-1.0,1.0,-1.0,0.36644723885080993,0.10645714418001334,-0.4118906377567968,0.43387416877182283,0.683223619425405,0.44677142790999336,0.2940546811216016,0.2830629156140886,0.013347236204081382,0.0070019329632234235,0.011671213137772895,0.006774565074097119,0.14107971320118093,0.5869565217391305,0.23739495798319327,0.6153388822829964,1.141079713201181,1.5869565217391304,1.2373949579831933,1.6153388822829964,2009-08-31,2.54388753481731,0.7178240025465281,0.014374802946063279,2009-08-31,0.11914050175278915,0.10645714418001334,0.0007640433855331376,2009-08-31,-0.7003640210482928,-0.4118906377567968,0.014060340248384621,2009-08-31,0.7663917539861376,0.43387416877182283,0.03210829475947715,60.016797950305765,59.05908774998932,0.2003359590061153,0.18118175499978634,0.032595118601613515,0.030892448512585713,0.006837428811997831,-0.31228151280284255,0.007410988283123118,-0.37690230258506585,0.38845890738734706,-1.2738409643602486,0.3754525561162012,-1.5374803034330156,-0.4426910284864508,-0.5810138736584072,0.5118524510724289,0.03729349417758277,-0.7020323357359337,0.6,0.658614411396691,0.9667448394531414,0.8879411764705882,1.0,0.3392177258481873,0.17362942442260992,1231.0,10.0,nearest_listed_proxy,pure_direction_quality_causal_calibration
2009-10,2009-09,2009-09,2009-09-29,2009-09,2009-09,2009-09-30,2009-08-31,0.5110100909362509,0.22998137802607077,-0.018184219318769634,-0.017907868039542266,1.3754523370557952,-0.05119768073834596,0.07895750835067575,0.00023687252505202725,3.947875417533782e-05,0.008832966602475976,0.3113832863814931,0.020019102752854828,0.6282094763467828,0.04038813451886938,0.502837445529089,0.21026045625285347,0.2869020982180576,3.0263149283860783e-17,Stage30_PureODS_QualityCausal,True,False,0,Optimization terminated successfully,22,-0.017027158132075542,0.01869101620147629,0.0014083333342183822,0.21584219441240518,1.0,0.0007041666671091911,0.000683338407457362,0.000683338407457362,0.00027635299483419224,0.017027158132075546,0.1300000000408484,-0.13998938685293455,2.220446049250313e-16,-4.084840798945777e-11,0.020010613147065454,0.502837445529089,KODEX200,1,0.40665436669024363,0.2890933098562599,0.048846078281401986,0.048846078281401986,42,0.014121074443868472,True,0.014113486974406656,0.004153519797965694,0.017149689269222782,-8.482963169122474e-05,-6.440825441803453e-05,-6.705925386327156e-06,-0.000128127533263093,3.4819315324413356e-05,0.014049078719988622,0.0041468138725793665,0.01702156173595969,-5.001031636681139e-05,0.02631351183515528,0.007386830755016084,0.013615929429717892,0.0059878981777665525,1.0,-1.0,1.0,-1.0,0.29679607389792667,0.38478628683793525,0.18101578164708637,0.35412569105358593,0.6483980369489634,0.3076068565810324,0.5905078908235432,0.32293715447320703,0.01225684564570484,0.0073935366804024115,0.013744056962980986,0.005953078862442139,0.16610948600083578,0.5285714285714286,0.5495458298926507,0.7175174013921114,1.1661094860008359,1.5285714285714285,1.5495458298926508,1.7175174013921115,2009-09-30,2.9712928079104968,0.7481928308061092,0.014670681376259652,2009-09-30,0.6254514140463765,0.38478628683793525,0.0006866503405208724,2009-09-30,0.2210247494281797,0.18101578164708637,0.01881771909566891,2009-09-30,0.548288863867732,0.35412569105358593,0.03545913569400648,59.94500193813984,47.1647676062437,0.19890003876279677,-0.056704647875125996,-0.07476846244642268,0.4043076923076923,-0.09999635969774064,0.3412806755822236,-0.08592750175200779,0.08970319627259234,-5.396238966293957,1.3701212305954356,-3.871577414049447,0.3668020838075672,-2.013058867849261,-1.7523876651209398,1.8827232664851004,0.03803033412397207,-0.6707255764513763,0.5769230769230769,0.4681914398992396,0.9448537260208173,0.846316855187823,1.0,0.21599263892321047,0.40665436669024363,1248.0,8.0,nearest_listed_proxy,pure_direction_quality_causal_calibration
2009-11,2009-10,2009-10,2009-10-30,2009-10,2009-10,2009-10-30,2009-09-30,0.6208937597410227,0.0,0.04812642997101428,0.048731529385482225,1.4416479476335788,-0.005535212364064068,0.17288560031415562,0.0005186568009424669,8.644261352548218e-05,0.009452448736436293,0.37178246829877476,0.020595186657496628,0.5757293576236472,0.031892987420081426,0.29991304573189675,0.2146235631182863,0.4854633911498169,0.0,Stage30_PureODS_QualityCausal,True,False,0,Optimization terminated successfully,12,-0.0107287254207411,0.012532568713940994,0.001408333333333468,0.14194082456729112,1.0,0.000704166666666734,0.0004945746708620708,0.0004945746708620708,0.0006051019556710935,0.010728725420741096,0.13000000000000622,-0.07078818824704676,0.0,-6.217248937900877e-15,0.08921181175295324,0.4854633911498169,GLD,0,-0.007432476043638318,-0.007377641896980468,0.002203655579385904,0.002203655579385904,43,-1.625778172899221e-05,True,0.010772700045502145,0.004051475881399352,0.018884332459691223,0.0041012865591524466,-0.0003260507629960219,-2.236507262527963e-05,0.00032985250054366733,-5.4894686874002676e-05,0.010446649282506123,0.004029110808774072,0.01921418496023489,0.004046391872278444,0.009795638573315694,0.007960682804271868,0.016244641614568234,0.007110725473051583,1.0,-1.0,1.0,-1.0,0.03843620816318932,0.45587548799887656,0.3703180758377987,0.14529647925136882,0.5192181040815946,0.2720622560005617,0.6851590379188993,0.4273517603743156,0.010137947118040709,0.007983047876897147,0.015914789114024566,0.007165620159925586,0.3643330571665286,0.5426093514328808,0.3167072181670722,0.541289592760181,1.3643330571665286,1.5426093514328807,1.3167072181670723,1.5412895927601808,2009-10-30,2.458393538435395,0.7108484072485262,0.018726860473186377,2009-10-31,0.8378146507723132,0.45587548799887656,0.0006973080591722411,2009-10-30,0.588103392566828,0.3703180758377987,0.015591896788746954,2009-10-30,0.1699963504585827,0.14529647925136882,0.030756344252818126,38.265723489394176,31.957287372657913,-0.23468553021211647,-0.3608542525468417,0.04058821056433376,0.15942028985507234,0.015592467884180443,-0.1275892403583148,-0.002650753320620685,-0.01273829813760452,0.8508656092750679,-0.5320553213553187,-0.07420908570958835,-0.04883189036923872,0.1594051439598746,-0.06152048803941354,-0.04894232796023053,0.0500190146459789,-0.2968785825695418,0.6382978723404256,0.3124987962029399,0.9392199377532596,0.8106060606060606,1.0,0.15186192307153404,-0.007432476043638318,1265.0,13.0,nearest_listed_proxy,pure_direction_quality_causal_calibration
2009-12,2009-11,2009-11,2009-11-30,2009-11,2009-11,2009-11-30,2009-10-31,0.437161376532362,0.7603978300180831,-0.01110217391595136,-0.011064266093882467,1.4256425213933765,-0.01657593338968777,0.011012917351854461,3.3038752055563384e-05,4.8690700133297585e-06,0.010021708248794765,0.4848317912379563,0.01626292301222042,0.4827134201767046,0.016191865573118736,0.2773355274153433,0.20861441456362642,0.5140500580210303,2.09950805139599e-18,Stage30_PureODS_QualityCausal,True,False,0,Optimization terminated successfully,9,-0.012683533881842433,0.013918368606561097,0.0014083333424553175,0.15857042322400125,1.0,0.0007041666712276587,0.0004927587306629822,0.0004927587306629822,3.790932282802195e-05,0.012683533881842433,0.13000000042101467,-0.06993702308788281,0.0,-4.2101466757316075e-10,0.09006297691211719,0.5140500580210303,GLD,1,-0.043363778435439114,-0.04156151414463001,0.0021970791872274954,0.0021970791872274954,44,-9.131393771682776e-05,True,0.009781280177923426,0.004234672867493677,0.021232448068416038,0.004838431881345926,0.0003752989131751038,3.4240642960299e-06,-0.0005995026957719707,9.070444203726315e-05,0.01015657909109853,0.004238096931789706,0.020632945372644068,0.004929136323383189,0.010193736092887068,0.009118579378868653,0.017875722779817034,0.007308840744357446,-1.0,-1.0,1.0,-1.0,0.06868502533643726,0.6866952162928289,0.5081105016813816,-0.08177598404017734,0.46565748733178136,0.15665239185358554,0.7540552508406908,0.5408879920200886,0.00990975111742879,0.009115155314572623,0.018475225475589004,0.007218136302320183,0.3677618069815195,0.5859144542772862,0.2286512370311253,0.514933628318584,1.3677618069815196,1.5859144542772863,1.2286512370311253,1.514933628318584,2009-11-30,1.387909540521755,0.5812236673833543,0.018690862436349927,2009-11-30,2.1917801833968977,0.6866952162928289,0.0007486769934463071,2009-11-30,1.0329769255456966,0.5081105016813816,0.013881435400678353,2009-11-30,-0.0890588599500925,-0.08177598404017734,0.029693018786278457,42.405761165653566,38.83580926564431,-0.15188477668692868,-0.22328381468711384,0.032113587960840156,0.07813267813267813,0.017347368764667873,-0.004743734954840002,0.012543723452088783,-0.19718298612477728,0.9468947472591615,-0.03368154021671253,0.606461443426741,-0.8088527413317488,0.45660660352122445,-0.10119564895250388,-0.17770547728436029,0.04431904874959543,-0.45670666997940634,0.6,0.4868059394995439,0.958940073637302,0.8712197580645161,1.0,0.2440204944614587,-0.043363778435439114,1281.0,10.0,nearest_listed_proxy,pure_direction_quality_causal_calibration
2010-01,2009-12,2009-12,2009-12-30,2009-12,2009-12,2009-12-30,2009-11-30,0.3869047445271933,0.4393939393939394,-0.015318055438423076,-0.01521494293862945,1.4038044502152995,-0.031640077761504015,0.02946071422675048,8.838214268025144e-05,1.4730357113375283e-05,0.009468845045681995,0.43172822953564666,0.04670945281769838,0.47064264437222925,0.05091967327442582,0.3062845575719233,0.2395538791173107,0.4541615633107659,0.0,Stage30_PureODS_QualityCausal,True,False,0,Optimization terminated successfully,10,-0.011396610727158486,0.01264628442950945,0.0014083333343409598,0.14330541314806763,1.0,0.0007041666671704799,0.00044239191594562353,0.00044239191594562353,0.00010311511923486222,0.011396610727158484,0.13000000004650583,-0.06908166584300357,2.220446049250313e-16,-4.650582696719141e-11,0.09091833415699643,0.4541615633107659,GLD,0,-0.03398677265034545,-0.032869639679460834,0.0,0.0,45,-0.0,True,0.011521470443111647,0.004074371020664211,0.018776809241192283,0.0035027294777598365,0.00032863788298996,-1.7518670162353391e-06,-0.0012337530286678907,0.00021948490105439095,0.011850108326101607,0.004072619153647976,0.017543056212524392,0.0037222143788142275,0.011164727342524421,0.008726838503906037,0.01571280666494711,0.006932335459408601,1.0,-1.0,1.0,-1.0,0.3321908766836487,0.7255507501466633,0.6067347254171638,0.07611763267012105,0.6660954383418244,0.13722462492666837,0.8033673627085819,0.46194118366493947,0.010836089459534461,0.008728590370922273,0.016946559693615002,0.00671285055835421,0.07105048859934854,0.4459264599855804,0.5070588235294118,0.18952483801295897,1.0710504885993486,1.4459264599855803,1.5070588235294118,1.189524838012959,2009-12-30,0.9808268389200032,0.4951603136873765,0.01272114576868006,2009-12-31,2.643660897358587,0.7255507501466633,0.000600441868430113,2009-12-31,1.5428128661010552,0.6067347254171638,0.0180918619356724,2009-12-31,0.08238887910601578,0.07611763267012105,0.024022335716566427,68.41911561790587,56.65150020027261,0.36838231235811747,0.13303000400545215,0.01482496462144825,0.037974683544303764,0.014498731074213763,-0.014566235227751807,-0.00021298000341157895,0.012923801894506141,0.799603538443483,-0.07304938069582534,0.032441025898013905,0.05337995549934869,0.3632770788738288,0.042910490698681296,-0.20309378478625506,0.030292418164709813,-0.9670121372766077,0.6666666666666666,0.2999268365749851,0.9798206907435595,0.8541666666666666,1.0,0.1673452128833713,-0.03398677265034545,1297.0,15.0,nearest_listed_proxy,pure_direction_quality_causal_calibration
2010-02,2010-01,2010-01,2010-01-29,2010-01,2010-01,2010-01-29,2009-12-31,0.4755215673485539,0.7553003533568905,0.009520247807904407,0.009827019239804289,1.4171690164551882,-0.022421051334550524,0.0998000103430464,0.00029940003102913923,7.371400870742256e-06,0.00786857875677932,0.47126339875848716,0.13718100393709762,0.30327474584544695,0.08828085145896829,0.20956489229563105,0.34517335981187536,0.4452617478924937,0.0,Stage30_PureODS_QualityCausal,True,False,0,Optimization terminated successfully,10,-0.009760038314125287,0.01108654109933296,0.0014083333335908963,0.12458849319045015,1.0,0.0007041666667954482,0.0003155631864281811,0.0003155631864281811,0.0003067729319840438,0.009760038314125287,0.13000000001188752,-0.05730465474610078,0.0,-1.1887518747144554e-11,0.10269534525389923,0.4452617478924937,GLD,0,0.03506255847591665,0.03387482059784357,0.0,0.0,46,0.0,True,0.006354608285069253,0.004233833080295489,0.01918942538629846,0.0016964482754540803,0.00034643498514819865,1.4216359785185615e-05,-0.0008531173194400299,0.00038197069868078036,0.006701043270217452,0.004248049440080674,0.01833630806685843,0.0020784189741348607,0.007451842296309426,0.007390556091543451,0.015662413236967487,0.0045170390422275,-1.0,-1.0,1.0,-1.0,-0.008172166998835143,0.7291480236398626,0.5276157486457322,-0.20979633354444766,0.5040860834994175,0.13542598818006868,0.7638078743228661,0.6048981667722239,0.007105407311161227,0.007376339731758266,0.016515530556407518,0.004135068343546719,0.2873586429725363,0.42912552891396333,0.5351622874806801,0.24708994708994708,1.2873586429725363,1.4291255289139633,1.53516228748068,1.247089947089947,2010-01-29,0.7699983616468498,0.4350277256360986,0.01676555718236961,2010-01-31,2.6920535468803575,0.7291480236398626,0.0005778269048291038,2010-01-29,1.1169206999029342,0.5276157486457322,0.01846830803114398,2010-01-29,-0.26549653266668105,-0.20979633354444766,0.02449730003934745,35.07390379607161,41.94888487229819,-0.29852192407856776,-0.16102230255403627,0.03482316893042145,-0.038623595505618086,-0.001919551943603626,-0.3517522088587506,0.01942808865183776,-0.04538844395407608,-0.08163563947509164,-1.4584395460547654,0.9187580855724319,-0.1873721718238738,-0.7700375927649286,0.36569295687427905,0.20217231794532475,0.04543987035513096,-0.40925058492099486,0.6382978723404256,0.3124987962029398,0.9770533003982319,0.8898809523809523,1.0,0.17342907689963236,0.03506255847591665,1312.0,13.0,nearest_listed_proxy,pure_direction_quality_causal_calibration
2010-03,2010-02,2010-02,2010-02-26,2010-02,2010-02,2010-02-26,2010-01-31,0.46916697302973437,0.0,0.005807220170865416,0.005924545754497317,1.4253988289530723,-0.016744035145247027,0.033993366576177186,0.00010198009972853157,1.5345483903369706e-05,0.008004838575086078,0.45921565825037264,0.19023622099908158,0.24786622560077573,0.10268189514977002,0.17382324582959194,0.34872959375032586,0.4774471604200821,0.0,Stage30_PureODS_QualityCausal,True,False,0,Optimization terminated successfully,6,-0.009943899173295398,0.011087541467429674,0.001408333336771329,0.1246004975885281,1.0,0.0007041666683856645,0.00032214854183495556,0.00032214854183495556,0.00011732708391365492,0.0099438991732954,0.13000000015867672,-0.05976910121666281,0.0,-1.5867671065983302e-10,0.10023089878333719,0.4774471604200821,GLD,0,-0.12225667758759419,-0.10893824918056844,0.0,0.0,47,-0.0,True,0.004696718839349958,0.004426973773784487,0.019464265609714104,0.0034313960774957613,-9.101790448746118e-05,-3.155814830440639e-05,-0.000412632092304057,1.7190933925322565e-05,0.004605700934862497,0.004395415625480081,0.019051633517410047,0.003448587011421084,0.006150554977449905,0.007521146676760033,0.01548985149679355,0.005352383515103401,-1.0,-1.0,1.0,-1.0,-0.06602289760007858,0.747260572922064,0.3783664733230503,-0.16745580394400894,0.5330114488000393,0.12636971353896798,0.6891832366615251,0.5837279019720045,0.006241572881937366,0.007552704825064439,0.015902483589097606,0.005335192581178079,0.2895791583166333,0.3724066390041494,0.34691546077684693,0.3283195020746888,1.2895791583166334,1.3724066390041494,1.346915460776847,1.3283195020746887,2010-02-26,0.17239702041247565,0.14704662107706698,0.01671804116337001,2010-02-28,2.956644246454017,0.747260572922064,0.0005181697799849077,2010-02-26,0.6086648436510079,0.3783664733230503,0.015977908269541746,2010-02-26,-0.20113743479000487,-0.16745580394400894,0.02563760789490016,42.68930660652975,40.054927699605116,-0.14621386786940505,-0.19890144600789766,0.03787213740229506,0.3464974141984015,0.02151260977972386,0.17603793820607774,0.011389355489305747,0.13807015116173899,1.1794184946126784,0.7081711743254125,0.551087967272853,0.5733551025763276,0.9437948344690454,0.5622215349245903,-0.7530081846968179,0.03457040006929511,-0.7764310218343383,0.6382978723404256,0.31249879620293985,0.9737967915164687,0.8358585858585859,1.0,0.1623577008486543,-0.12225667758759419,1326.0,13.0,nearest_listed_proxy,pure_direction_quality_causal_calibration
2010-04,2010-03,2010-03,2010-03-30,2010-03,2010-03,2010-03-31,2010-02-28,0.3738195129021655,0.8401709401709402,0.028417429891521715,0.028417432381821713,1.4659050002423033,0.0,7.28811554426254e-07,2.186434663278762e-09,3.0386533728108166e-10,0.008659822139157556,0.5574084526785155,0.1642776971637804,0.21496116089979872,0.06335268925790531,0.18171509477839815,0.35140887622801964,0.4668760289935822,5.546204455704788e-17,Stage30_PureODS_QualityCausal,True,False,0,Optimization terminated successfully,1,-0.009126397118477179,0.010001412747030355,0.001135589237902484,0.11320341753694935,1.0,0.000567794618951242,0.0003072138021688369,0.0003072138021688369,7.2074330958117955e-09,0.009126397118477179,0.11673504552973715,-0.05870853524954196,0.0,0.013264954470262852,0.10129146475045804,0.4668760289935822,GLD,0,0.0488778034429833,0.046600093244932785,0.0,0.0,48,0.0,True,0.006253028949013529,0.00457564974048856,0.018137716639394445,0.00567289322773369,0.00042813692460287595,1.2405855919677159e-05,-0.0016336323426010995,0.0007311054054899875,0.006681165873616405,0.004588055596408237,0.016504084296793346,0.006403998633223677,0.008170810624805652,0.008099811115374939,0.012145210390084666,0.0076010695180865045,-1.0,-1.0,1.0,-1.0,0.23786684895855514,0.7196901482959728,0.08020206247289767,-0.19846041177311766,0.38106657552072243,0.1401549258520136,0.5401010312364488,0.5992302058865588,0.007742673700202777,0.008087405259455262,0.013778842732685766,0.006869964112596517,0.02721493841875248,0.7755585646580907,0.23989520958083832,0.057244174265450865,1.0272149384187526,1.7755585646580907,1.2398952095808382,1.0572441742654508,2010-03-31,0.4414070784784895,0.30623346108749994,0.011386621985032487,2010-03-31,2.567480750037559,0.7196901482959728,0.0009339879733437074,2010-03-31,0.08719530583915282,0.08020206247289767,0.014308126780379462,2010-03-31,-0.2475990140576086,-0.19846041177311766,0.02116699880829422,60.32478118696149,60.04357310244679,0.20649562373922975,0.20087146204893586,0.008952315996980459,0.08546255506607933,0.006915402983857013,-0.23049454810700606,-0.0007203962828293987,-0.1812228959990644,0.39462060811524546,-0.9661928248687625,0.0007305395509263549,-0.7616450427904335,-0.2857861083767585,-0.3804572516197536,0.33312167999825604,0.026240948244071343,-1.1395855195526547,0.5769230769230769,0.2963829680020924,0.9843857955728877,0.8717105263157895,1.0,0.14672657583631057,0.0488778034429833,1343.0,8.0,nearest_listed_proxy,pure_direction_quality_causal_calibration
2010-05,2010-04,2010-04,2010-04-30,2010-04,2010-04,2010-04-30,2010-03-31,0.4181018819555672,0.0867003367003367,0.050467591752024185,0.05046759494918223,1.5398856953417825,0.0,9.95161577532708e-07,2.985484732598124e-09,2.1167330990773133e-10,0.009122537129122034,0.6145494562775751,0.15971166812222695,0.17917431069311776,0.046564564907080226,0.1816453134653606,0.3434755653641398,0.47487912117049963,1.0929517168576328e-16,Stage30_PureODS_QualityCausal,True,False,0,Optimization terminated successfully,1,-0.009329278949699468,0.010167314226090029,0.0010543727646480923,0.11568153412519179,1.0,0.0005271863823240461,0.00031084137811747924,0.00031084137811747924,7.515949034763645e-09,0.009329278949699468,0.11248321286208493,-0.059793409296913944,0.0,0.017516787137915074,0.10020659070308606,0.47487912117049963,GLD,0,-0.12201045614360578,-0.1087427086579572,0.0,0.0,49,-0.0,True,0.006739694220875173,0.004555053799771431,0.01887657685473146,0.006318823641110075,0.00013452673651462828,-1.2800106690119297e-06,-0.000624809339972403,0.00013002352800613626,0.0068742209573898014,0.004553773789102419,0.018251767514759057,0.006448847169116211,0.008362492069326629,0.008751594530530905,0.01188165072342266,0.007798819796034178,-1.0,-1.0,1.0,-1.0,0.24915587744875634,0.8381329229833553,-0.30614944587759396,-0.03701099795671492,0.37542206127562183,0.08093353850832236,0.346925277061203,0.5185054989783575,0.008227965332812,0.008752874541199917,0.012506460063395064,0.007668796268028042,0.07896809767625049,0.4787657597876576,0.15659543109801033,0.07688492063492064,1.0789680976762506,1.4787657597876576,1.1565954310980104,1.0768849206349207,2010-04-30,0.9466980556795007,0.486309652859366,0.01260815022438102,2010-04-30,5.177908555778583,0.8381329229833553,0.0006377497510635312,2010-04-30,-0.44123254504684656,-0.30614944587759396,0.012892644536236028,2010-04-30,-0.03843345861498356,-0.03701099795671492,0.021337213837057552,57.71051533797228,55.34738363637287,0.15421030675944564,0.10694767272745737,0.018410335709034692,0.41864951768488745,0.0029278232133898973,0.3129024296103054,-0.0028908629255474435,0.37060288904299393,0.17791372867782823,1.2802491091508619,-0.1056326847786641,1.5459293516169454,0.7290814189143451,0.7201483334191406,-0.7246148761667428,0.02096651474854793,-1.4283634233854483,0.6382978723404256,0.2895418601816397,0.9916483552824282,0.91875,1.0,0.16837972853807334,-0.12201045614360578,1360.0,13.0,nearest_listed_proxy,pure_direction_quality_causal_calibration
2010-06,2010-05,2010-05,2010-05-31,2010-05,2010-05,2010-05-31,2010-04-30,0.5500399626770266,0.0,0.008028599870767745,0.008624291817378322,1.5522488214364005,0.0,0.18222215244473736,0.0005466664573342121,4.902548927636484e-05,0.007859782668004519,0.5050571935021844,0.29910856411902553,0.12299391252375004,0.07284032985504006,0.07830404914883936,0.5091192649567489,0.41257668589441177,1.400526626637623e-17,Stage30_PureODS_QualityCausal,True,False,0,Optimization terminated successfully,10,-0.009749424057113466,0.0112404231407562,0.0014083333333334313,0.1264350776890738,1.0,0.0007041666666667156,0.00019113897034221444,0.00019113897034221444,0.0005956934466338018,0.009749424057113466,0.13000000000000453,-0.0556117863552358,0.0,-4.524158825347513e-15,0.1043882136447642,0.5091192649567489,BOND,1,-0.13928050639559586,-0.12225304094445118,0.0047695107227008465,0.0047695107227008465,50,-0.0005830871896673456,True,0.0017965199826809124,0.004483997914094642,0.02292348450194251,0.002235128273300014,-0.0001486609637320532,-2.0206726261287803e-05,0.00013190799936277568,-0.0004507751696997557,0.0016478590189488592,0.004463791187833354,0.023055392501305286,0.0017843531036002584,0.00421601061460125,0.007296344216890562,0.01744059536036219,0.004170683728432839,-1.0,-1.0,1.0,-1.0,0.03945316205660978,0.6781597379847805,0.2545262508723909,-0.1514747547585282,0.4802734189716951,0.16092013100760977,0.6272631254361954,0.5757373773792641,0.004947758768000649,0.00731655094315185,0.017308687360999414,0.0046214588981325945,0.42865519937451135,0.3325747724317295,0.855119825708061,0.6960116731517509,1.4286551993745114,1.3325747724317294,1.855119825708061,1.696011673151751,2010-05-31,0.3103707236986797,0.23685718711924578,0.019386338502312025,2010-05-31,2.1071314500505562,0.6781597379847805,0.0005044955138623889,2010-05-28,0.341428858052011,0.2545262508723909,0.026034344664406104,2010-05-28,-0.17851531891125028,-0.1514747547585282,0.03348439386725625,46.857828985618994,47.21728596691018,-0.06284342028762012,-0.05565428066179635,0.058016027033850004,0.40688966550174743,0.020044468951063918,0.32113541153322483,0.02435792442677191,0.014144736463093527,1.107566617513063,1.318994525710937,1.1518590529441197,0.056611905844408866,1.213280571612,0.6042354793942643,-0.9087580255031322,0.040233013469295906,-0.5432700578839501,0.6,0.3052363473800605,0.9894584652181115,0.8457792207792207,1.0,0.15326467826073223,-0.13928050639559586,1374.0,10.0,nearest_listed_proxy,pure_direction_quality_causal_calibration
2010-07,2010-06,2010-06,2010-06-29,2010-06,2010-06,2010-06-30,2010-05-31,0.5118358171401906,0.0,-0.0275126463212575,-0.027483399266860685,1.509542348609632,-0.027512646321257495,0.008356368249792384,2.5069104749377155e-05,4.177949647437334e-06,0.007486629670097363,0.3959308389261334,0.3735176997192883,0.11863357836829831,0.11191788298628008,0.07141158079772698,0.5061115777246911,0.422476841477582,1.1073917180580518e-18,Stage30_PureODS_QualityCausal,True,False,0,Optimization terminated successfully,9,-0.011108097385394098,0.01203870296089106,0.0014083333333339003,0.13601443553068931,1.0,0.0007041666666669502,0.00019718940090718805,0.00019718940090718805,2.9249507922823332e-05,0.011108097385394098,0.13000000000002618,-0.056453607316142705,0.0,-2.6173507805538065e-14,0.10354639268385729,0.5061115777246911,BOND,1,-0.14032278865415646,-0.12305532262471898,0.001242281759643273,0.001242281759643273,51,-0.00015286938272370657,True,0.001343736342599165,0.004533410814333822,0.02291469245363868,0.0011546790698177861,-4.781304268858136e-05,-3.266038499699801e-05,-0.00011757488225999223,-0.00034968847584919866,0.0012959232999105838,0.0045007504293368234,0.022797117571378686,0.0008049905939685874,0.004403250708741111,0.006832451999511381,0.019566224688244493,0.0029871641020706675,-1.0,-1.0,1.0,-1.0,0.061453167991770176,0.579091617692998,0.5811667442031782,-0.3107420932798401,0.46927341600411493,0.210454191153501,0.7905833721015891,0.6553710466399201,0.0046039331341533995,0.006865112384508379,0.019683799570504486,0.003336852577919866,0.13590538968592478,0.26371173469387754,0.687276626161544,0.5595238095238095,1.1359053896859248,1.2637117346938775,1.687276626161544,1.5595238095238095,2010-06-30,0.20887933172572404,0.172787577919411,0.013915223096711865,2010-06-30,1.3758139348971683,0.579091617692998,0.00045542093376816674,2010-06-30,1.3875850022881304,0.5811667442031782,0.02070493806039997,2010-06-30,-0.4508357325322668,-0.3107420932798401,0.030121323544944737,49.187238309384185,51.39135799341079,-0.016255233812316305,0.027827159868215857,0.03272509841923768,0.4346764346764347,0.018317678171263212,0.07366892113328108,0.014330569444425727,0.37191684547707327,1.019663440214644,0.29042160065314,0.6965885151390975,1.5491245293815847,0.655042520433892,1.122856522260341,-0.8889495213471166,0.038463695389143356,-0.5974135076743752,0.5769230769230769,0.3052363473800604,0.9907467155221035,0.9047619047619048,1.0,0.15785236988654983,-0.14032278865415646,1390.0,8.0,nearest_listed_proxy,pure_direction_quality_causal_calibration
2010-08,2010-07,2010-07,2010-07-30,2010-07,2010-07,2010-07-30,2010-06-30,0.40281600387413874,0.7390243902439024,0.03924565370777105,0.039420222357619564,1.568785324880381,0.0,0.04987675709957493,0.0001496302712987248,2.4938378549787434e-05,0.007376974084388893,0.40253777107319566,0.3552360353419152,0.12867321519397049,0.1135529783909187,0.04343815098757156,0.5068412343178345,0.449720614694594,3.20169983732653e-17,Stage30_PureODS_QualityCausal,True,False,0,Optimization terminated successfully,6,-0.010154957974882362,0.011275886635843786,0.0014083333356899473,0.12686063961598576,1.0,0.0007041666678449737,0.00024219184317944938,0.00024219184317944938,0.00017457014993700184,0.010154957974882362,0.1300000001087668,-0.07096009698714646,0.0,-1.087668011212628e-10,0.08903990301285354,0.5068412343178345,BOND,1,0.0705904742441875,0.06593601936727746,0.0,0.0,52,0.0,True,0.00324650967292054,0.004559366216543856,0.019844475172738314,0.0018575452753528624,0.0003892799954893247,3.0101963937611198e-05,-0.0006146168703264403,0.0008492756301124835,0.0036357896684098647,0.004589468180481468,0.019229858302411872,0.002706820905465346,0.006142767323704875,0.006906845492423157,0.016695659130128607,0.0044083486262504416,-1.0,-1.0,1.0,-1.0,0.2138962622867854,0.6449253555741,0.5934711929319317,-0.3834406495108802,0.3930518688566073,0.17753732221295,0.7967355964659659,0.6917203247554401,0.00575348732821555,0.0068767435284855455,0.01731027600045505,0.003559072996137958,0.025951557093425604,0.15853658536585366,0.446830985915493,0.42250233426704015,1.0259515570934257,1.1585365853658536,1.446830985915493,1.4225023342670402,2010-07-30,0.6676781178120584,0.4003639015711445,0.011181718625409334,2010-07-31,1.8163092344057494,0.6449253555741,0.0003955872477849445,2010-07-30,1.4598502802596276,0.5934711929319317,0.01731757435952789,2010-07-30,-0.6219038754447479,-0.3834406495108802,0.026945467486608234,58.35067393514882,53.71557032931177,0.1670134787029764,0.07431140658623533,0.014386569876992578,0.08783068783068776,-0.009228161231555598,-0.08908129999114889,0.012100383689408654,-0.302229239061184,-0.48655778079021594,-0.3825180695940872,0.5908359384618894,-1.2784240511868146,-0.43453792519215156,-0.3437940563624626,0.38916599077730707,0.02513883509858126,-1.1675321181574163,0.6382978723404256,0.3174253980033047,0.9897277659240131,0.9045454545454545,1.0,0.18138911394387897,0.0705904742441875,1407.0,13.0,nearest_listed_proxy,pure_direction_quality_causal_calibration
2010-09,2010-08,2010-08,2010-08-31,2010-08,2010-08,2010-08-31,2010-07-31,0.37890707430675297,0.7764423076923077,0.005611810008556877,0.005787145985314401,1.5775890500678218,0.0,0.0500959933592927,0.0001502879800778781,2.5047996679646342e-05,0.00726326065959502,0.41777046453818495,0.32367176141442067,0.1456860664159741,0.11287170763142021,0.041333628203412076,0.44279897367888205,0.5158673981177059,0.0,Stage30_PureODS_QualityCausal,True,False,0,Optimization terminated successfully,21,-0.01114915555302172,0.012357116078427806,0.0014083333444291852,0.13983539287455857,1.0,0.0007041666722145926,0.0003284562232266137,0.0003284562232266137,0.00017533762996488003,0.01114915555302172,0.13000000051211624,-0.08734471983631498,0.0,-5.121162383048272e-10,0.07265528016368503,0.5158673981177059,GLD,1,-0.05482561815405004,-0.05197600173002542,0.0,0.0,53,-0.0,True,0.0035304183534727524,0.004728035992865316,0.02134000413589071,-0.0005454158438486984,0.00036307244368423923,3.825010049270375e-05,-0.00046787881271467867,0.0004310721225807691,0.0038934907971569918,0.00476628609335802,0.020872125323176033,-0.00011434372126792932,0.005827553224191431,0.006859729938744534,0.017599020245628302,0.001826798326775674,-1.0,-1.0,1.0,-1.0,0.03624116339571417,0.6514858606885822,0.5349627443223041,-0.502824314161936,0.4818794183021429,0.17425706965570892,0.767481372161152,0.751412157080968,0.005464480780507192,0.00682147983825183,0.01806689905834298,0.0013957262041949048,0.0787266488753336,0.40153374233128836,0.11685159500693482,0.40759377859103385,1.0787266488753335,1.4015337423312884,1.1168515950069349,1.4075937785910337,2010-08-31,0.5129551412384232,0.33904187061259855,0.012442758369304025,2010-08-31,1.8693240451471071,0.6514858606885822,0.0005371696386869665,2010-08-31,1.1503653477025324,0.5349627443223041,0.0120293702381447,2010-08-31,-1.0113614331608964,-0.502824314161936,0.026593395686868197,47.83994002240094,40.64414095632626,-0.043201199551981234,-0.1871171808734748,0.02716985586259002,0.19425444596443237,0.012558348785859187,0.07114387967744012,0.016318656973231295,-0.1166131242188043,0.7084120863348686,0.2875284719986883,0.7878933031593777,-0.49772908508274366,0.4979702791667785,0.145082109038317,-0.32152619410254774,0.028917125294405377,-0.9661596093985823,0.5882352941176471,0.3174253980033046,0.9880718495673104,0.9242424242424243,1.0,0.17051680130472957,-0.05482561815405004,1424.0,9.0,nearest_listed_proxy,pure_direction_quality_causal_calibration
2010-10,2010-09,2010-09,2010-09-30,2010-09,2010-09,2010-09-30,2010-08-31,0.3857720308009343,0.3161648177496038,0.009084701868639095,0.009126552704169486,1.5919209762589175,0.0,0.011957556989203711,3.5872670967611134e-05,5.9781645627802755e-06,0.007741327897446779,0.3837969893794594,0.2724519549129632,0.20103745906795878,0.1427135966396187,0.0437947736678309,0.435101626738836,0.5211035995933331,2.0555203987835252e-18,Stage30_PureODS_QualityCausal,True,False,0,Optimization terminated successfully,13,-0.010998520143866503,0.012074100552556956,0.001408333335291844,0.1364392066189324,1.0,0.000704166667645922,0.00032956087182947077,0.00032956087182947077,4.1852869215059364e-05,0.010998520143866503,0.1300000000903928,-0.08769745295052948,0.0,-9.039280435274577e-11,0.07230254704947052,0.5211035995933331,GLD,1,-0.08344670748917007,-0.07701966964536111,0.0,0.0,54,-0.0,True,0.00612612897986044,0.005040559776036693,0.020577823803418722,-0.0007792009695287419,0.00038626205917826706,7.0328551678616304e-06,-0.0007557914080618876,0.0003135029576920623,0.006512391039038707,0.005047592631204555,0.019822032395356834,-0.00046569801183667954,0.007642398339944283,0.007417935975259176,0.016334271042730265,0.0016111125435225697,-1.0,-1.0,1.0,-1.0,0.39921750640372305,0.755310517229485,0.45658669185506434,-0.5125160450054455,0.30039124679813844,0.12234474138525753,0.7282933459275321,0.7562580225027227,0.007256136280766015,0.007410903120091314,0.017090062450792153,0.0012976095858305073,0.0017032551097653293,0.6009036144578314,0.09125085440874915,0.1862657091561939,1.0017032551097653,1.6009036144578315,1.0912508544087491,1.186265709156194,2010-09-30,0.7146282739057632,0.4167832088047322,0.009241704562305197,2010-09-30,3.0868123495845636,0.755310517229485,0.0007270909015043191,2010-09-30,0.8402199302290304,0.45658669185506434,0.010696518865636384,2010-09-30,-1.0513495670050732,-0.5125160450054455,0.023541907511228092,71.79376772289797,67.24969779742388,0.4358753544579594,0.34499395594847754,0.018058667071555318,0.4666666666666668,0.00427414906241813,0.17355255490950783,0.014294121066775824,0.10008299519694557,0.25173904889550625,0.7171198731064414,0.6929458762482223,0.4199913795836988,0.48442946100097384,0.5564686279159605,-0.5204490444584672,0.01704667157351331,-1.666369705267213,0.6521739130434783,0.27375104280511997,0.9841899178037079,0.9125,1.0,0.1603359798191142,-0.08344670748917007,1438.0,14.0,nearest_listed_proxy,pure_direction_quality_causal_calibration
2010-11,2010-10,2010-10,2010-10-29,2010-10,2010-10,2010-10-29,2010-09-30,0.336759665343251,0.0,0.03423997902541571,0.03440762250010525,1.6464283170961422,0.0,0.04789813562558175,0.00014369440687674525,2.3949067812790855e-05,0.007509862466094535,0.35413327217488905,0.32706065245164095,0.16573817613411548,0.15306789923935443,0.09162418317706332,0.4293722735341036,0.47900354328883304,3.8265396378258766e-18,Stage30_PureODS_QualityCausal,True,False,0,Optimization terminated successfully,15,-0.00996922633212811,0.011106103296670049,0.001408333340662778,0.12482323951606392,1.0,0.000704166670331389,0.0002650650165265483,0.0002650650165265483,0.00016764527768400387,0.00996922633212811,0.13000000033828207,-0.06401092055788137,0.0,-3.3828206902342117e-10,0.09598907944211864,0.47900354328883304,GLD,0,-0.07002914153425444,-0.06544601339907771,0.0,0.0,55,-0.0,True,0.005217284211924789,0.004877196230815327,0.020758345025670005,-0.0008133756040319818,0.0004911283215300772,-4.58182856077652e-05,-0.0009739706764434087,0.00028937634847364484,0.005708412533454867,0.004831377945207562,0.019784374349226596,-0.000523999255558337,0.00713412087146273,0.007216884755891957,0.015352109993121067,0.0022530280062954466,-1.0,-1.0,1.0,-1.0,0.24375980223556803,0.8122364154766469,0.330902337505503,-0.3327050750065661,0.378120098882216,0.09388179226167653,0.6654511687527516,0.666352537503283,0.006642992549932653,0.007262703041499723,0.016326080669564477,0.0019636516578218017,0.06702966579046188,0.7998225901833235,0.3204177897574124,0.23920704845814977,1.0670296657904619,1.7998225901833234,1.3204177897574123,1.2392070484581499,2010-10-29,1.9654768587193703,0.6627861056950396,0.011916593646319817,2010-10-31,4.32584634309442,0.8122364154766469,0.0009357498478919155,2010-10-29,0.4945501322958582,0.330902337505503,0.015229005175455008,2010-10-29,-0.4985877496518348,-0.3327050750065661,0.024288810220637617,53.82081662141671,49.60384842916651,0.07641633242833422,-0.007923031416669772,0.04940425651102848,0.16939407341884113,0.020157566696441705,-0.25267259535398684,0.031205356560567672,0.08630645207011971,1.1314419229962347,-1.0708856223872394,1.4854527915220648,0.36333480890422576,0.030278150304497653,0.9243938002131453,-0.4773359752588215,0.02713354770623542,-1.0221623217116442,0.6382978723404256,0.2679086411346654,0.9742889022994693,0.8805555555555555,1.0,0.14670828339783773,-0.07002914153425444,1454.0,13.0,nearest_listed_proxy,pure_direction_quality_causal_calibration
2010-12,2010-11,2010-11,2010-11-30,2010-11,2010-11,2010-11-30,2010-10-31,0.6068482019031295,0.0,0.003758433118955237,0.004015951918219704,1.6526163078111022,0.0,0.0735767997898476,0.00022073039936954282,3.678839989492372e-05,0.007980314803209194,0.2995831503656475,0.3085106297709966,0.19307630472420476,0.1988299151391512,0.10098476767857555,0.4809647051967463,0.41805052712467805,1.1554673413384704e-16,Stage30_PureODS_QualityCausal,True,False,0,Optimization terminated successfully,8,-0.010404617487865905,0.01155825358363136,0.0014083333336251463,0.13024904300182544,1.0,0.0007041666668125731,0.00019194912958808182,0.00019194912958808182,0.0002575202993647998,0.010404617487865905,0.1300000000134683,-0.051438246668460565,0.0,-1.3468282045181468e-11,0.10856175333153945,0.4809647051967463,BOND,0,0.08563693663746619,0.07888174558863915,0.0,0.0,56,0.0,True,0.005995528132690545,0.004980769686799786,0.021822348230125008,-0.0008773868367785644,-0.000469575485296152,-7.064971743102636e-05,0.00012878167948717758,-0.00020745921964446614,0.005525952647394393,0.00491011996936876,0.021951129909612184,-0.0010848460564230305,0.006850066627344807,0.0072944713024772866,0.017601025425640966,0.002120248599096563,-1.0,-1.0,1.0,-1.0,0.33426327334655764,0.5898086146893522,0.3714645312859239,-0.2763146048969826,0.3328683633267212,0.2050956926553239,0.685732265642962,0.6381573024484913,0.007319642112640959,0.0073651210199083125,0.01747224374615379,0.002327707818741029,0.18677839851024208,0.6772225450319581,0.6408637873754153,0.3663494809688581,1.186778398510242,1.6772225450319582,1.6408637873754153,1.366349480968858,2010-11-30,2.9714756135194045,0.7482044214004805,0.014269242962212086,2010-11-30,1.4378864008630412,0.5898086146893522,0.0008108362420033901,2010-11-30,0.5910001102179723,0.3714645312859239,0.019666237355665663,2010-11-30,-0.3818159199656764,-0.2763146048969826,0.025634448651347296,56.365126355796654,56.364143576162974,0.1273025271159331,0.12728287152325948,0.02053351265403175,0.41867388362652225,-0.02045297548277141,0.03642691705291865,-0.017195291209343228,-0.02382035223958054,-1.1247260953572755,0.14411712478109973,-0.8010004032008103,-0.1043152469699575,-0.4903044852880879,-0.45265782508538394,0.47148115518673595,0.05965505777715837,0.04440032976902225,0.5882352941176471,0.3603089270925427,0.975331640438878,0.8786549707602339,1.0,0.18163384834235552,0.08563693663746619,1471.0,9.0,nearest_listed_proxy,pure_direction_quality_causal_calibration
2011-01,2010-12,2010-12,2010-12-30,2010-12,2010-12,2010-12-30,2010-11-30,0.3518005490678859,0.8249235474006116,-0.031077200711393627,-0.030840091375275536,1.6012576191143344,-0.031077200711393638,0.06774552774381845,0.00020323658323145535,3.387275288663718e-05,0.008556748304134765,0.32282507285192796,0.29335193793299075,0.20109105384792472,0.18273193536715657,0.11025973070198451,0.41071546344765325,0.4790248058503623,0.0,Stage30_PureODS_QualityCausal,True,False,0,Optimization terminated successfully,14,-0.011682538049049692,0.012882489966629659,0.0014083333333608358,0.1461398795993909,1.0,0.0007041666666804179,0.00025867294734945387,0.00025867294734945387,0.00023711230355009336,0.011682538049049692,0.13000000000126935,-0.06160374997462661,0.0,-1.2693457396295571e-12,0.09839625002537339,0.4790248058503623,GLD,0,0.032920312270402284,0.0318711055241445,0.0,0.0,57,0.0,True,0.008210701202652765,0.004817569281418022,0.020989594219152564,0.00020912851331571182,0.00043997661922102533,8.771002239695754e-05,-0.0007442076249876185,0.0006198588057328013,0.00865067782187379,0.00490527930381498,0.020245386594164947,0.0008289873190485131,0.008929519515052935,0.007593916881428779,0.018326784648820895,0.006221721880717426,-1.0,-1.0,1.0,-1.0,0.6115823076394085,0.43808978456470854,0.6913656039078637,0.29204125171105516,0.19420884618029577,0.28095510771764576,0.8456828019539319,0.35397937414447245,0.00848954289583191,0.007506206859031821,0.019070992273808512,0.005601863074984625,0.003878832656076838,0.4346461187214612,0.3349705304518664,0.08361629881154499,1.0038788326560768,1.4346461187214612,1.3349705304518664,1.083616298811545,2010-12-30,3.352047155600456,0.7702230779569692,0.009185590081094016,2010-12-31,0.7796437447312401,0.43808978456470854,0.0005968207601766366,2010-12-31,2.2400795655370542,0.6913656039078637,0.015564296033146258,2010-12-31,0.41251167870569494,0.29204125171105516,0.02140086363485589,79.67111969796905,73.55507255009377,0.5934223939593809,0.4711014510018754,-0.005785739955646865,0.48521017125064864,-0.0111618809385179,0.07525687820745039,-0.006979252655386604,-0.04973245415967826,-0.6098325768890372,0.310216228206453,-0.3136942003159113,-0.21882880695667734,-0.14980817434129212,-0.2662615036362943,0.2080348389887932,0.016875219114264296,-1.6471019357476517,0.6521739130434783,0.2838110083741376,0.9831800455969358,0.8695652173913043,1.0,0.15824422693054643,0.032920312270402284,1488.0,14.0,nearest_listed_proxy,pure_direction_quality_causal_calibration
2011-02,2011-01,2011-01,2011-01-31,2011-01,2011-01,2011-01-31,2010-12-31,0.32356450028976863,0.26136363636363635,0.024786547642189377,0.024812857307550742,1.6409472673779306,-0.007060949585223075,0.007517136978008522,2.2551410934025565e-05,3.7582544273398746e-06,0.008012703052530556,0.34572079087592444,0.37820462357567575,0.13184331168817812,0.1442312738602217,0.11481916858907443,0.41402072096853765,0.47116011044238787,0.0,Stage30_PureODS_QualityCausal,True,False,0,Optimization terminated successfully,11,-0.009769010572514806,0.010761246943446361,0.00140833333351835,0.12068496332024624,1.0,0.000704166666759175,0.000261757709404238,0.000261757709404238,2.6311994768143726e-05,0.009769010572514805,0.13000000000853923,-0.05954545775116434,0.0,-8.53922488275316e-12,0.10045454224883565,0.47116011044238787,GLD,0,-0.025207278718651163,-0.024587494882163066,0.0,0.0,58,-0.0,True,0.0071484858439183905,0.004537879463657042,0.019250255093847646,0.0011141918086991463,0.0004007344249138463,-9.866808321218252e-06,-0.0007993446867226869,0.0004276963901525354,0.007549220268832237,0.004528012655335824,0.01845091040712496,0.0015418881988516818,0.008134694451101486,0.005949111987911215,0.015629872504641137,0.0065643465740119426,-1.0,-1.0,1.0,-1.0,0.354923684543274,-0.18205958016067827,0.4979266138903357,0.4560992068111221,0.32253815772836303,0.5910297900803392,0.7489633069451679,0.271950396594439,0.0077339600261876395,0.005958978796232433,0.016429217191363824,0.006136650183859407,0.040139296187683284,0.2879977565900168,0.3926955397543633,0.20242070116861435,1.0401392961876832,1.2879977565900167,1.3926955397543632,1.2024207011686143,2011-01-31,4.048635941548129,0.8019266963239665,0.010924171827861257,2011-01-31,-0.22258293604862137,-0.18205958016067827,0.0004796920227013712,2011-01-31,0.9917407049764976,0.4979266138903357,0.01620099510163229,2011-01-31,0.8385705858912669,0.4560992068111221,0.023300310903384972,51.54052709186525,61.60169077342753,0.03081054183730501,0.23203381546855056,0.015410389374767602,0.2977649603460707,-0.01233616825550828,0.09561574520460875,0.013482516651871867,0.08362266144129274,-0.6828309792407223,0.39649163244792945,0.6463166584756854,0.35571033782861394,-0.14316967339639644,0.5010134981521497,-0.17892191237787664,0.01691790373554992,-1.6202676149673794,0.6,0.2858476690391097,0.9612184714024022,0.8545833333333334,1.0,0.14088424600232474,-0.025207278718651163,1504.0,10.0,nearest_listed_proxy,pure_direction_quality_causal_calibration
2011-03,2011-02,2011-02,2011-02-28,2011-02,2011-02,2011-02-28,2011-01-31,0.4823311448124028,0.0,0.0038152054616226723,0.003829343709291928,1.647207818354666,-0.003272683097022,0.004039499334073077,1.211849800221923e-05,2.019749667036552e-06,0.007527552525539018,0.23193128132202823,0.2925618484120628,0.2102695182186891,0.2652373520472199,0.1044839772653796,0.4022338003427334,0.493282222391887,6.329060509195244e-20,Stage30_PureODS_QualityCausal,True,False,0,Optimization terminated successfully,8,-0.010010501150105515,0.011011793556596688,0.0014083333333336698,0.12369152267915823,1.0,0.0007041666666668349,0.0002829847058578723,0.0002829847058578723,1.4141033966466334e-05,0.010010501150105515,0.13000000000001552,-0.06500625366074263,0.0,-1.5515366769136563e-14,0.09499374633925738,0.493282222391887,GLD,0,0.09500778021701171,0.08676447960779128,0.0006817527520986028,0.0006817527520986028,59,5.9151922757014804e-05,True,0.00647666245741348,0.00480180407102454,0.020668145035512973,-0.001836401461794924,-8.760824268797774e-05,-7.168610159232462e-05,-0.00030835278745978105,0.000223353700813065,0.006389054214725502,0.004730117969432216,0.02035979224805319,-0.001613047760981859,0.007009346303203194,0.006088012387125974,0.01587453279753369,0.005258304710233231,-1.0,-1.0,1.0,-1.0,0.06793314113544892,-0.0036539025127088802,0.3173428904191182,0.46761773509557086,0.46603342943227555,0.5018269512563545,0.6586714452095591,0.2661911324522146,0.007037802623134156,0.006159698488718298,0.01618288558499347,0.005034951009420166,0.21366120218579235,0.2824406405300939,0.14910600255427842,0.4835661462612983,1.2136612021857924,1.2824406405300939,1.1491060025542783,1.4835661462612983,2011-02-28,2.2396414462355434,0.6913238651264948,0.014464056920181318,2011-02-28,-0.003667302478449751,-0.0036539025127088802,0.0004723353448087657,2011-02-28,0.46486425756841715,0.3173428904191182,0.012759948722979201,2011-02-28,0.8783495730826335,0.46761773509557086,0.026921662722393446,34.78287990935296,40.84089800463964,-0.30434240181294087,-0.1831820399072072,0.02376368438222054,0.17981340118744715,-0.00460839114423172,0.031089817574010824,-0.01956944116801007,-0.2454908414842452,-0.24799942744481523,0.12754425851406698,-0.9234029118671657,-1.0540481416468377,-0.06022758446537413,-0.9887255267570016,0.5244765556111879,0.03275043198118971,-0.7312701822815438,0.6,0.3797981310342837,0.960109780749918,0.8279576513586525,1.0,0.18114781147137524,0.09500778021701171,1517.0,10.0,nearest_listed_proxy,pure_direction_quality_causal_calibration
2011-04,2011-03,2011-03,2011-03-31,2011-03,2011-03,2011-03-31,2011-02-28,0.3492734591739761,0.15895522388059702,0.0387486292685267,0.0388948721490457,1.7110348634363093,0.0,0.0417836801482864,0.0001253510404448592,2.0891840074143215e-05,0.008254990900535086,0.2754524871131617,0.41477509985658545,0.12362238661429893,0.1861500264159539,0.11364913156938079,0.3625308015213455,0.5238200669092737,0.0,Stage30_PureODS_QualityCausal,True,False,0,Optimization terminated successfully,14,-0.010057100925684842,0.011226905664335537,0.0014083333333369406,0.12627286797200482,1.0,0.0007041666666684703,0.00031939351109990855,0.00031939351109990855,0.00014624456088231687,0.010057100925684842,0.13000000000016648,-0.06950402789116715,0.0,-1.6647794254254222e-13,0.09049597210883285,0.5238200669092737,GLD,1,-0.041898889986957386,-0.040213969310862664,0.011941761732377721,0.011941761732377721,60,-0.00048022563982347185,True,0.006682261099099007,0.004743812182375624,0.01973762298446888,0.001856267336196833,9.114025868422354e-05,-2.334065603085611e-05,-0.0007166607883252356,0.0005449888215213769,0.00677340135778323,0.004720471526344768,0.019020962196143645,0.00240125615771821,0.0074124061483924475,0.007016160718280753,0.014968723554625394,0.007213835015550154,-1.0,-1.0,1.0,-1.0,0.423296524820355,0.307645879751385,0.2941969033061614,0.5042309015046986,0.28835173758982247,0.3461770601243075,0.6470984516530807,0.2478845492476507,0.007801491529531696,0.00703950137431161,0.01568538434295063,0.006668846194028777,0.18341163715215034,0.42643865363735073,0.1091881686595343,0.06411290322580646,1.1834116371521504,1.4264386536373508,1.1091881686595344,1.0641129032258065,2011-03-31,1.2034920787643535,0.5461749058972032,0.013971428593993014,2011-03-31,0.44434758276720243,0.307645879751385,0.0005745930848072409,2011-03-31,0.4168257474134849,0.2941969033061614,0.01149728349405037,2011-03-31,1.0170680323462666,0.5042309015046986,0.020894549887379227,68.51821906668319,67.6675143615099,0.37036438133366373,0.353350287230198,0.015139379239548584,0.18987341772151886,0.0013559719502548003,-0.08998043206969951,0.018912111411493803,0.1340693356470681,0.08579444406478622,-0.3872192204565136,0.9077314726740293,0.5815764213788277,-0.1507123881958637,0.7446539470264285,-0.2969707794152824,0.021128157710874396,-1.309695281805267,0.6521739130434783,0.24772982707971275,0.9813302021524726,0.8898809523809523,1.0,0.14108758467568353,-0.041898889986957386,1534.0,14.0,nearest_listed_proxy,pure_direction_quality_causal_calibration
2011-05,2011-04,2011-04,2011-04-29,2011-04,2011-04,2011-04-29,2011-03-31,0.5267275526830861,0.0,-0.003945186572596657,-0.003847941626602604,1.7042845116678356,-0.003945186572596682,0.02778427028401524,8.335281085204573e-05,1.3892135142007636e-05,0.008636947019380446,0.23245044745550505,0.39784958740547655,0.13634288048199714,0.23335708465702124,0.12152402634556912,0.3702990697438342,0.5081769039105967,3.848917712323541e-17,Stage30_PureODS_QualityCausal,True,False,0,Optimization terminated successfully,8,-0.011124384854394032,0.01222110004841404,0.0014083333350835472,0.1382032005704672,1.0,0.0007041666675417736,0.0002953020803076237,0.0002953020803076237,9.724644617061114e-05,0.011124384854394032,0.1300000000807791,-0.06276073412218593,0.0,-8.077910562676038e-11,0.09723926587781408,0.5081769039105967,GLD,1,-0.04742827386998256,-0.04528068895328468,0.01053432967895629,0.01053432967895629,61,-0.00047700170552417506,True,0.007713093633471849,0.004776413555591903,0.02093263201660174,0.0011256488718562959,-7.28469444510673e-05,-5.7552755313968245e-05,-8.304011135773364e-05,8.511776714063584e-05,0.007640246689020781,0.004718860800277935,0.020849591905244005,0.0012107666389969316,0.007765478432067874,0.007836521188874849,0.016481566305214808,0.006967305571581398,-1.0,-1.0,1.0,-1.0,0.30374247203516913,0.6151448590410051,0.28950268309307997,0.5327680567391452,0.34812876398241543,0.19242757047949743,0.64475134154654,0.2336159716304274,0.008315327082043116,0.007894073944188817,0.016564606416572543,0.006882187804440762,0.15046628407460544,0.2844551282051282,0.12088253573648229,0.021031746031746033,1.1504662840746054,1.2844551282051282,1.1208825357364822,1.021031746031746,2011-04-29,1.2182195103589664,0.5491879882355856,0.013189199647410934,2011-04-30,1.5983802568108272,0.6151448590410051,0.0004733001538939991,2011-04-29,0.4074648506111203,0.28950268309307997,0.011671661830102209,2011-04-29,1.1402646253612454,0.5327680567391452,0.019790042731114663,65.6198426372972,52.4821287561989,0.3123968527459439,0.04964257512397793,0.012649387251278427,0.32286835533357117,-0.0010189071640277776,0.08437129954994019,-0.0010957892335946,0.22034776302762832,-0.05071347492405711,0.3546227028198993,-0.043955632606345385,0.9519950794383818,0.15195461394792112,0.4540197234160182,-0.3029871686819697,0.023334791764044988,-1.1660795852860928,0.6382978723404256,0.2975548677282185,0.9843897896288285,0.8372507122507122,1.0,0.1565355855705085,-0.04742827386998256,1550.0,13.0,nearest_listed_proxy,pure_direction_quality_causal_calibration
2011-06,2011-05,2011-05,2011-05-31,2011-05,2011-05,2011-05-31,2011-04-30,0.4616519646582022,0.0,-0.020130366875596876,-0.02004257753077841,1.6699766391875646,-0.023996135395094487,0.025082669948133376,7.524800984440012e-05,1.2541334974066665e-05,0.007838332287174959,0.24170877750078482,0.39040971640840666,0.14067012745102644,0.22721137863978205,0.11920841136889608,0.4000061715966948,0.4807854170344092,1.529159157663862e-18,Stage30_PureODS_QualityCausal,True,False,0,Optimization terminated successfully,10,-0.010540782495204978,0.011589809875538266,0.0014083333394849795,0.13062771846954932,1.0,0.0007041666697424898,0.00025706976488881766,0.00025706976488881766,8.779094570198177e-05,0.010540782495204978,0.13000000028392214,-0.05795616904557762,0.0,-2.839221358019728e-10,0.10204383095442238,0.4807854170344092,GLD,0,-0.005552678425461159,-0.005522016443888139,0.012109274032196068,0.012109274032196068,62,-6.686761032933432e-05,True,0.007201234603656264,0.004850633534051655,0.02024450297506546,-0.0009430419640735418,1.3885264613431488e-06,-5.0381647330157025e-05,-0.0003100955801588929,0.00023234668303765026,0.007202623130117607,0.0048002518867214985,0.019934407394906567,-0.0007106952810358916,0.007505239885112459,0.007473261888179617,0.016027464647726256,0.004931702672459621,-1.0,-1.0,1.0,-1.0,0.15989863056327938,0.7893437205901608,0.37016137445314584,0.28508312982863665,0.4200506847183603,0.10532813970491961,0.6850806872265729,0.35745843508568165,0.00757071896898045,0.007523643535509774,0.01633756022788515,0.00469935598942197,0.37446581196581197,0.3087230688386758,0.2929447852760736,0.5991412958626073,1.374465811965812,1.3087230688386757,1.2929447852760736,1.5991412958626072,2011-05-31,0.872124830942508,0.4658475848020471,0.01700158493443651,2011-05-31,3.747069504889833,0.7893437205901608,0.00048203873531656204,2011-05-31,0.5877082786590853,0.37016137445314584,0.014566163533584146,2011-05-31,0.39876402659277455,0.28508312982863665,0.029481038587111374,55.088612040249366,45.603803304140186,0.10177224080498731,-0.08792393391719627,0.014320762278041632,0.34794738939816666,-0.007880310125375014,0.22744539848194495,-0.004710192035273036,-0.03911506726883272,-0.4375838476719699,0.9654242938973793,-0.21936785397390648,-0.15841221026202384,0.2639202231127047,-0.18889003211796518,-0.037515095497369755,0.03173493506353374,-0.7496769569486026,0.5882352941176471,0.3072764688124825,0.971848229107002,0.8425925925925926,1.0,0.14801184301531276,-0.005552678425461159,1566.0,9.0,nearest_listed_proxy,pure_direction_quality_causal_calibration
2011-07,2011-06,2011-06,2011-06-30,2011-06,2011-06,2011-06-30,2011-05-31,0.4698506128364458,0.342296511627907,0.03913657057353549,0.03919964337505801,1.7353337977832846,0.0,0.0180208004350048,5.40624013050144e-05,9.010400217502393e-06,0.006826692617811412,0.2058069204356129,0.2945036827640105,0.2055513820257406,0.29413801477463597,0.11926351586988997,0.39059189705410513,0.49014458707600495,2.7755575615628914e-17,Stage30_PureODS_QualityCausal,True,False,0,Optimization terminated successfully,15,-0.010344240425777407,0.011382023624189545,0.0014083333335134158,0.12813428348919403,1.0,0.0007041666667567079,0.0002705416458946645,0.0002705416458946645,6.307488576076424e-05,0.010344240425777407,0.1300000000083115,-0.05971023999496324,0.0,-8.311490384826925e-12,0.10028976000503675,0.49014458707600495,GLD,0,-0.048695083584225946,-0.046433977184098245,0.011849579999653874,0.011849579999653874,63,-0.0005502231273450749,True,0.007749891797743546,0.004889830539560755,0.019232513640768063,-0.004565465506826717,3.63466271464042e-05,-3.82163931499526e-06,-0.0004459870531403112,0.0002859210363540069,0.00778623842488995,0.00488600890024576,0.018786526587627753,-0.00427954447047271,0.006828447387691686,0.006605334871518732,0.01629651517791447,0.0009624104565310205,1.0,-1.0,1.0,-1.0,0.1170531371504235,0.7753726407053627,0.5985737009899492,-0.0797257429798463,0.5585265685752118,0.11231367964731864,0.7992868504949746,0.5398628714899232,0.007342323887890356,0.0066091565108337275,0.01674250223105478,0.0006764894201770136,0.3289148108872393,0.15028453181583032,0.19098062953995157,0.5460475825019186,1.3289148108872393,1.1502845318158303,1.1909806295399517,1.5460475825019186,2011-06-30,0.35790511931695074,0.26357152221134794,0.016304624439904433,2011-06-30,3.451817459547874,0.7753726407053627,0.0004009285543175115,2011-06-30,1.4911173046361923,0.5985737009899492,0.012972138342378363,2011-06-30,-0.08663259063444642,-0.0797257429798463,0.02831127013225242,52.547799169162154,51.831595292833974,0.05095598338324308,0.036631905856679484,0.01857318544750239,0.27995612832465055,0.005045827639214044,0.22925142772903426,-0.0037869177402159275,0.04971306747438128,0.2951518250804319,0.9781165117203758,-0.17080273271995897,0.227982607733745,0.6366341684004039,0.028589937506893023,-0.33261205295364843,0.03132989666922438,-0.7629389659106393,0.6521739130434783,0.2582651260426954,0.9808922537635242,0.8861283643892339,1.0,0.14640204151294514,-0.048695083584225946,1583.0,14.0,nearest_listed_proxy,pure_direction_quality_causal_calibration
2011-08,2011-07,2011-07,2011-07-29,2011-07,2011-07,2011-07-29,2011-06-30,0.5046472055222658,0.0,0.054108278564003034,0.05419843287078603,1.8292297223152718,0.0,0.025758373366570712,7.727512009971214e-05,1.2879186683285345e-05,0.007251519566566927,0.2022022283173377,0.2667490804570281,0.22897735159641955,0.30207133962921473,0.13004097631918105,0.388703507950297,0.481255515730522,2.4092793393464505e-18,Stage30_PureODS_QualityCausal,True,False,0,Optimization terminated successfully,3,-0.010896457753581718,0.011949230423868622,0.0014083333333829154,0.13494076508612596,1.0,0.0007041666666914577,0.00025845019665547166,0.00025845019665547166,9.015580693997501e-05,0.010896457753581718,0.1300000000022884,-0.05648824806598903,0.0,-2.2883916983573727e-12,0.10351175193401096,0.481255515730522,GLD,0,-0.09269600112198635,-0.08483237883803507,0.0119577672222723,0.0119577672222723,64,-0.0010144058390568421,True,0.008150199897221851,0.004886761443821976,0.020215486440471275,-0.004246369515247393,-8.320653302373821e-05,-7.030024465276009e-05,-0.00021114181198925012,0.00010051468925301316,0.008066993364198112,0.004816461199169215,0.020004344628482024,-0.00414585482599438,0.006658608359755298,0.00689919303206917,0.01745766580045164,-0.00043869225942665244,1.0,-1.0,1.0,-1.0,0.12320509986269546,0.761475571533187,0.607114264823264,-0.355157709351854,0.5616025499313477,0.1192622142334065,0.803557132411632,0.6775788546759269,0.007756220731835879,0.00696949327672193,0.01766880761244089,-0.0005392069486796656,0.18087719298245614,0.2675661914460285,0.23654306220095694,0.4349962207105064,1.1808771929824562,1.2675661914460286,1.236543062200957,1.4349962207105065,2011-07-29,0.5705127251215124,0.36326526744784643,0.013837143883028955,2011-07-31,3.1924427046227444,0.761475571533187,0.0004567224799327486,2011-07-29,1.5452692996098711,0.607114264823264,0.013454846328932166,2011-07-29,-0.5507667758497612,-0.355157709351854,0.026220885172707237,46.83988455069435,53.47761705631765,-0.063202308986113,0.06955234112635296,0.019795431671620206,0.3367222448149655,0.010533588166340585,0.1610577846387496,0.006904047244739034,0.329251167329151,0.6083461442322379,0.6857156230420667,0.3457394222311811,1.4354342628305952,0.6470308836371523,0.8905868425308882,-0.7688088630840202,0.04480568837116078,-0.2775339622574692,0.6382978723404256,0.21889729836487834,0.9637497585649711,0.8953947368421052,1.0,0.12057093196108999,-0.09269600112198635,1599.0,13.0,nearest_listed_proxy,pure_direction_quality_causal_calibration
2011-09,2011-08,2011-08,2011-08-30,2011-08,2011-08,2011-08-31,2011-07-31,0.631294416030155,0.6549497847919655,-0.006386374295414503,-0.005936055788536286,1.8175475766362692,-0.006386374295414554,0.12866262475728352,0.00038598787427185057,6.433063260636732e-05,0.00691906903729011,0.23666114366533325,0.30205171723626884,0.20264736526696098,0.25863977383143694,0.10646914784525106,0.5026666577204968,0.3908641944342521,0.0,Stage30_PureODS_QualityCausal,True,False,0,Optimization terminated successfully,16,-0.009863656264372397,0.011175507384648746,0.0014083333344760052,0.12565608860892893,1.0,0.0007041666672380026,0.00015736395389997877,0.00015736395389997877,0.00045032049913836783,0.009863656264372397,0.1300000000527387,-0.04335561800299755,0.0,-5.2738702294163886e-11,0.11664438199700244,0.5026666577204968,BOND,1,-0.08819883470287974,-0.08105029328299311,0.02639291493144075,0.02639291493144075,65,-0.0021391534957863607,True,0.005334602543672561,0.0049714126961821516,0.022100873354081726,-0.004730612444775996,8.058950009990691e-06,3.856944528246648e-05,0.00012321005302042958,-6.199746088980445e-05,0.005342661493682552,0.005009982141464618,0.022224083407102156,-0.004792609905665801,0.0038884865224272963,0.006703435630000886,0.018911709130892355,-0.003049497190121453,-1.0,-1.0,1.0,-1.0,-0.1353827584359866,0.7389653942470332,0.5636389183930927,-0.7007450000709887,0.5676913792179933,0.1305173028764834,0.7818194591965464,0.8503725000354944,0.006019581068203666,0.00666486618471842,0.018788499077871924,-0.0029874997292316484,0.8368732590529248,0.4598997493734336,0.8864306784660767,0.7410846953937593,1.8368732590529246,1.4598997493734336,1.8864306784660767,1.7410846953937593,2011-08-31,-0.4672205213849739,-0.3184391947734918,0.03164794321341286,2011-08-31,2.8309096876847124,0.7389653942470332,0.0005827054568026544,2011-08-31,1.291680083653387,0.5636389183930927,0.02646501102161037,2011-08-31,-2.34163171956097,-0.7007450000709887,0.0334410295309114,47.553327425258566,48.06121854801803,-0.04893345149482869,-0.03877562903963934,0.04333005011795532,0.1708103130755066,0.0016207858697465,0.1420400048248452,0.010642009655153072,0.05259410088516318,0.10146070879246784,0.6041133293468929,0.5278006464810607,0.23489502280400265,0.35278701906968035,0.3813478346425317,-0.36706742685610605,0.08513254982185765,0.5794746908296229,0.5769230769230769,0.496527540583808,0.9602410546256195,0.8735252766061494,1.0,0.24027965504401602,-0.08819883470287974,1614.0,8.0,nearest_listed_proxy,pure_direction_quality_causal_calibration
2011-10,2011-09,2011-09,2011-09-30,2011-09,2011-09,2011-09-30,2011-08-31,0.6886451498507974,0.0,-0.010386138464352447,-0.00998720878358955,1.7986702758397768,-0.016706182992049623,0.12618381865322492,0.0003785514559596748,2.0378224803223292e-05,0.006120600850159717,0.16587134112934226,0.22076751282760976,0.2631371235704062,0.3502240224726417,0.011952768360591413,0.6310419039344207,0.35700532770498794,4.840052139729479e-18,Stage30_PureODS_QualityCausal,True,False,0,Optimization terminated successfully,10,-0.009573618013647207,0.0108021171478989,0.0014083333333622945,0.12117540577461303,1.0,0.0007041666666811472,0.00012540128676838706,0.00012540128676838706,0.0003989311808021572,0.009573618013647207,0.13000000000133666,-0.058176303834269895,0.0,-1.3366530104974572e-12,0.10182369616573012,0.6310419039344207,BOND,1,-0.2483012417458607,-0.19891131518750174,0.035262752829293295,0.035262752829293295,66,-0.007014160542406527,True,0.004572593622104423,0.005021086644653316,0.022188231122294302,-0.007299507988413174,-0.0003142152670369015,-5.589862438424666e-05,0.0005929066390727569,-0.000520981815299234,0.0042583783550675216,0.004965188020269069,0.02278113776136706,-0.007820489803712407,-0.002164370251621092,0.005913109365691101,0.019878043886586413,-0.005674862960365282,-1.0,-1.0,1.0,-1.0,-0.23590545961354104,0.7242548403191381,0.6386406924217867,-0.6802370429098107,0.6179527298067705,0.13787257984043094,0.8193203462108933,0.8401185214549054,0.005164005557822336,0.005969007990075348,0.019285137247513656,-0.0051538811450660485,0.8715421853388658,0.8180246913580247,0.9256993006993007,0.8533284564740308,1.8715421853388658,1.8180246913580247,1.9256993006993008,1.8533284564740309,2011-09-30,-1.396271148368777,-0.5826849558820862,0.03416671378928937,2011-09-30,2.626536912406245,0.7242548403191381,0.0009281519765901543,2011-09-30,1.7673287473951615,0.6386406924217867,0.029782599337429,2011-09-30,-2.127316588199894,-0.6802370429098107,0.038777181476922475,47.56244559286385,46.18598325920931,-0.04875108814272295,-0.07628033481581382,0.08696938599690679,0.17850287907869486,0.014884110939925314,0.04410302216096022,0.04305243378211629,0.20196701461553584,0.8540315597522161,0.18570463592247022,2.097214445765206,0.8821529284412593,0.5198680978373431,1.4896836871032328,-1.0047758924702879,0.16088549245546196,1.4243263969906321,0.6382978723404256,0.4767589254375203,0.9658801459109229,0.8407448522049541,1.0,0.24712101833514402,-0.2483012417458607,1627.0,13.0,nearest_listed_proxy,pure_direction_quality_causal_calibration
2011-11,2011-10,2011-10,2011-10-31,2011-10,2011-10,2011-10-31,2011-09-30,0.7073221295186016,0.0,0.025724581212234417,0.025920217397025914,1.8449403154246493,0.0,0.0606652641897881,0.00018199579256936429,1.3640392222131286e-05,0.0067190758728687475,0.13231511916152436,0.16943843572217884,0.3061722392144823,0.3920742059018146,0.04697449410198916,0.580415983144901,0.3726095227531099,1.8283206166484073e-18,Stage30_PureODS_QualityCausal,True,False,0,Optimization terminated successfully,9,-0.0101080841554309,0.011140861816946375,0.0014083333345315007,0.1252403417961675,1.0,0.0007041666672657504,0.0001329733093867448,0.0001329733093867448,0.0001956376848629799,0.0101080841554309,0.13000000005530002,-0.05048720134064603,0.0,-5.530001456754974e-11,0.10951279865935398,0.580415983144901,BOND,1,0.09377981927185021,0.08573921151176586,0.005250260171010059,0.005250260171010059,67,0.00045015316729403145,True,0.007312572789380387,0.005103851804866132,0.021138378466641662,-0.006678499569413189,-0.00011563065146374264,-5.88048942027592e-05,0.0005262205825502009,-0.0003748148298296465,0.007196942137916645,0.005045046910663372,0.021664599049191862,-0.007053314399242836,0.007342219431131134,0.006384486251633186,0.01902878610449373,-0.003527177999894576,1.0,-1.0,1.0,-1.0,-0.0273882326853264,0.6585183040594024,0.6344049335872282,-0.47361574270819373,0.4863058836573368,0.17074084797029881,0.8172024667936141,0.7368078713540969,0.007007696915300845,0.006443291145835945,0.01850256552194353,-0.003152363170064929,0.6234546703296703,0.42388132295719844,0.8183649971214738,0.7460374639769453,1.6234546703296702,1.4238813229571985,1.8183649971214737,1.7460374639769451,2011-10-31,-1.3589820807076098,-0.5760883441301785,0.023712743874423434,2011-10-31,1.9284146467808183,0.6585183040594024,0.0005611736796480161,2011-10-31,1.7352666703411117,0.6344049335872282,0.024094673463003036,2011-10-31,-0.8997528633263061,-0.47361574270819373,0.03368152019174192,61.187012125685804,63.50917017802416,0.22374024251371608,0.27018340356048326,0.027319524899478587,0.3104152484683458,-0.011181899619426384,-0.21827936666785955,-0.023152530398925075,0.12907775023415125,-0.6188727668234113,-0.9452038107067968,-1.1108051425250831,0.5615304832181504,-0.7820382887651041,-0.2746373296534664,0.5283378092092852,0.08551153590334085,0.5710677176452367,0.6,0.3491403705163669,0.957452179221557,0.88497150997151,1.0,0.17749973149224713,0.09377981927185021,1642.0,10.0,nearest_listed_proxy,pure_direction_quality_causal_calibration
2011-12,2011-11,2011-11,2011-11-29,2011-11,2011-11,2011-11-30,2011-10-31,0.5967912685548453,0.0,-0.030430987783547022,-0.03041684472141944,1.7887969592245885,-0.030430987783547025,0.004041049844233248,1.2123149532699744e-05,2.019912594884792e-06,0.0075453011641559205,0.11409160496987143,0.1446676511659311,0.3268263613037434,0.4144143825604541,0.04650574991720547,0.565526798096397,0.3879674519863974,2.769337816151558e-19,Stage30_PureODS_QualityCausal,True,False,0,Optimization terminated successfully,10,-0.010886996656278415,0.01174957497155576,0.001408333333334241,0.13254489965866367,1.0,0.0007041666666671205,0.00014426655142800278,0.00014426655142800278,1.4145097182222221e-05,0.010886996656278415,0.1300000000000419,-0.05391074633983349,0.0,-4.188316360398403e-14,0.10608925366016651,0.565526798096397,BOND,1,-0.009468625887585156,-0.009379811957265907,0.006165986599885789,0.006165986599885789,68,-5.7835794837950074e-05,True,0.007791479221171106,0.005167102255154887,0.021787882297228306,-0.004565259116930615,-8.510559137981982e-05,-5.6471976731844854e-05,0.00020806013957435664,-4.502652387579726e-05,0.007706373629791287,0.005110630278423042,0.02199594243680266,-0.004610285640806412,0.007500823655655361,0.007041267847272549,0.019122010994122633,0.0020128304216634487,1.0,-1.0,1.0,-1.0,-0.20005967297779345,0.6236131986625748,0.5964310940793539,0.09377533470741266,0.39997016351110326,0.1881934006687126,0.798215547039677,0.4531123326462937,0.00764376504187313,0.007097739824004394,0.018913950854548278,0.002057856945539246,0.5829925017041582,0.337248322147651,0.7010807736063709,0.4134137686302342,1.5829925017041582,1.337248322147651,1.7010807736063709,1.4134137686302342,2011-11-30,-0.9196943367108473,-0.4790837369904559,0.022508507621051877,2011-11-30,1.656841303804155,0.6236131986625748,0.0005012705773296106,2011-11-30,1.477891595039362,0.5964310940793539,0.020459419742802246,2011-11-30,0.10347912421599778,0.09377533470741266,0.026268179164704634,51.56032561054538,42.384910292308405,0.031206512210907533,-0.1523017941538319,0.04746238334585867,0.2597402597402599,0.002201296385355935,0.069378652552287,-0.0051094845312234065,-0.009456106539568142,0.1322698465854815,0.29639947025929697,-0.23619455091809968,-0.039937462596120195,0.21433465842238925,-0.13806600675710995,-0.03813432583263965,0.08760551165225572,0.5968324978349546,0.5769230769230769,0.4868059394995438,0.9790581633081659,0.9030017921146953,1.0,0.2482966639856221,-0.009468625887585156,1659.0,8.0,nearest_listed_proxy,pure_direction_quality_causal_calibration
2012-01,2011-12,2011-12,2011-12-29,2011-12,2011-12,2011-12-29,2011-11-30,0.5353249842712401,0.44637883008356544,0.03222677743180638,0.03227912366283916,1.8464441207002114,0.0,0.014956066009366643,4.486819802809993e-05,7.478033004683332e-06,0.00702480260655852,0.09820993652221215,0.12017604334459271,0.35149812890447446,0.4301158912287207,0.04599266456489052,0.5704974149791001,0.3835099204560094,0.0,Stage30_PureODS_QualityCausal,True,False,0,Optimization terminated successfully,9,-0.00928603131585121,0.01019397432552032,0.0014083333333393632,0.11387769190620767,1.0,0.0007041666666696816,0.00015142755548609374,0.00015142755548609374,5.234878751333515e-05,0.00928603131585121,0.1300000000002783,-0.053088024463764164,0.0,-2.783051566979111e-13,0.10691197553623584,0.5704974149791001,BOND,1,-0.004411933826315507,-0.004392554167997794,0.005773894588384709,0.005773894588384709,69,-2.5362144739789163e-05,True,0.0072991934615576175,0.005164472266097477,0.019958134285751876,-0.004322589587172893,3.8731651312755626e-05,2.0166862654412804e-05,-0.00014287908287439544,4.6700369840795715e-05,0.007337925112870373,0.00518463912875189,0.01981525520287748,-0.004275889217332097,0.007157299419367833,0.006724163394440993,0.01571973213245912,0.003966618156230253,1.0,-1.0,1.0,-1.0,-0.1316962350167408,0.655108484988279,0.366671609140423,0.4527579963466355,0.4341518824916296,0.1724457575058605,0.6833358045702115,0.27362100182668225,0.007143929912794866,0.00670399653178658,0.015862611215333517,0.003919917786389457,0.49153976311336717,0.13438828530940009,0.6973018549747049,0.06538461538461539,1.4915397631133671,1.1343882853094,1.6973018549747048,1.0653846153846154,2011-12-29,-0.5117102318791692,-0.33849756460474245,0.01994594233630605,2011-12-31,1.8994624584081619,0.655108484988279,0.0003940252256223763,2011-12-30,0.5789596904739461,0.366671609140423,0.02044678823922014,2011-12-30,0.8273451111647905,0.4527579963466355,0.020880918302173077,48.49762230159769,48.67282067612832,-0.03004755396804626,-0.02654358647743365,0.04069664923714672,-0.09934735315445964,0.033389219175880114,-0.12016314632098525,-0.0063631950525299685,-0.2203465724841494,1.8867404160822832,-0.5238434973061332,-0.29016074862546326,-0.9523331355416336,0.681448459388075,-0.6212469420835485,-0.03010075865226325,0.06374411645029132,0.17011533795168915,0.6521739130434783,0.2623113761060596,0.979180929299292,0.875,1.0,0.14657218036542005,-0.004411933826315507,1675.0,14.0,nearest_listed_proxy,pure_direction_quality_causal_calibration
2012-02,2012-01,2012-01,2012-01-31,2012-01,2012-01,2012-01-31,2011-12-31,0.5484523870725403,0.4903448275862069,-0.006903722772896269,-0.006903713620900633,1.8336967823752528,-0.0069037227728963035,3.0343271054805725e-06,9.102981316441718e-09,4.9014319658536334e-11,0.00751833330273672,0.07990735687135497,0.07657640718359117,0.4307357590706741,0.41278047687437985,0.04780809595262868,0.5551541615464628,0.3970377425009086,5.551229845774098e-17,Stage30_PureODS_QualityCausal,True,False,0,Optimization terminated successfully,2,-0.008874194571964257,0.009658407489904455,0.001244666271621002,0.10843289224912744,1.0,0.000622333135810501,0.0001618668273848446,0.0001618668273848446,1.295474485165298e-08,0.008874194571964257,0.12221290954499046,-0.05555220531081933,0.0,0.0077870904550095404,0.10444779468918067,0.5551541615464628,BOND,1,0.03973586378969613,0.03821726764802005,0.006701247366556642,0.006701247366556642,70,0.0002561033641832847,True,0.009590994156227921,0.005124652222458151,0.02048125072789149,-0.005123563895630687,6.963961341171689e-05,2.5596679465414885e-05,-9.775617914245555e-05,2.8257585898446042e-05,0.009660633769639639,0.005150248901923566,0.020383494548749034,-0.005095306309732241,0.009137892396413182,0.007318385265902766,0.012992997050485434,0.005642108899518267,1.0,-1.0,1.0,-1.0,0.24845906545892363,0.8115499026519268,-0.14025219105727066,0.6987031362092002,0.6242295327294618,0.09422504867403658,0.42987390447136464,0.1506484318953999,0.00881214941881818,0.0072927885864373515,0.01309075322962789,0.005613851313619821,0.28016806722689075,0.014664804469273743,0.4271817676486937,0.17896551724137932,1.2801680672268907,1.0146648044692737,1.4271817676486938,1.1789655172413793,2012-01-31,0.32218261078611543,0.24367482082868938,0.015522667632587682,2012-01-31,4.306444592347272,0.8115499026519268,0.000258589973115914,2012-01-31,-0.1631317807366617,-0.14025219105727066,0.016515497803071558,2012-01-31,2.318985758492105,0.6987031362092002,0.022742016052657566,64.22765003883814,60.85746873856594,0.2845530007767627,0.21714937477131882,0.0060869297497079256,-0.017843866171003864,-0.005242107596970629,-0.2183064752846616,0.008393442234579735,-0.07404052992049365,-0.28286684706362636,-0.9534833925777173,0.4278239870920329,-0.31558047907284326,-0.6181751198206719,0.05612175400959482,0.2810266829055385,0.04118512813558903,-0.41755357851605435,0.5882352941176471,0.2845455517889697,0.9696350648422666,0.8712121212121212,1.0,0.14139534146318963,0.03973586378969613,1690.0,9.0,nearest_listed_proxy,pure_direction_quality_causal_calibration
2012-03,2012-02,2012-02,2012-02-28,2012-02,2012-02,2012-02-29,2012-01-31,0.46339796327952454,0.287568306010929,-0.0057274795242391085,-0.005727477105303976,1.8231943216005353,-0.012591661366312734,7.921422089003922e-07,2.3764266267011767e-09,4.250850574319358e-11,0.008039293386059725,0.18497537682135398,0.1461114785756799,0.3737160173130781,0.295197127289888,0.050240334640351096,0.5600912055554085,0.3896684598042403,6.001982776966312e-17,Stage30_PureODS_QualityCausal,True,False,0,Optimization terminated successfully,1,-0.00881965543473312,0.009530028997248885,0.0011141585668334498,0.10767539656598593,1.0,0.0005570792834167249,0.00015328702115458494,0.00015328702115458494,7.257944455314504e-09,0.00881965543473312,0.11562829585357297,-0.05198195967550047,1.1102230246251565e-16,0.014371704146427036,0.10801804032449953,0.5600912055554085,BOND,1,-0.018155396630043515,-0.01783165584559628,0.00907042344178317,0.00907042344178317,71,-0.0001617406691877064,True,0.009363550329126245,0.004873898693261346,0.019458278268381094,-0.001538553746529783,-2.0962642081156657e-06,-5.510540532415969e-06,-0.00023007334902720085,7.471770211696302e-05,0.00936145406491813,0.00486838815272893,0.019228204919353894,-0.00146383604441282,0.008785934228993124,0.007736327959953377,0.012204147777787649,0.006347014004853924,1.0,-1.0,1.0,-1.0,0.375077217599281,0.8120582648030117,-0.2302419547714336,0.6310241625572842,0.6875386087996405,0.09397086759849416,0.3848790226142832,0.1844879187213579,0.008949771162388945,0.007741838500485793,0.012434221126814849,0.0062722963027369615,0.12299732977303071,0.054892053284336245,0.47800989554700385,0.020068027210884354,1.1229973297730307,1.0548920532843362,1.4780098955470038,1.0200680272108844,2012-02-29,1.289116647564566,0.5631502653812253,0.012892279399394314,2012-02-29,4.320797953428839,0.8120582648030117,0.0003171531541501702,2012-02-29,-0.2991095139552159,-0.2302419547714336,0.017046801394512968,2012-02-29,1.7102045676778277,0.6310241625572842,0.019344917275686938,61.948110630736544,66.15595874009435,0.23896221261473088,0.32311917480188695,0.01762745702083765,0.054982817869415786,0.015065397462850032,-0.05995237973297452,0.015283539136509346,-0.229492571770809,0.8607469273766329,-0.2640262044766896,0.7613733959207684,-0.9999074982858979,0.2983603614499717,-0.11926705118256475,-0.08954665513370347,0.027876392949390746,-0.9413523886358064,0.5769230769230769,0.41464449665461,0.9816950266095692,0.8633481554677207,1.0,0.2027479039047904,-0.018155396630043515,1706.0,8.0,nearest_listed_proxy,pure_direction_quality_causal_calibration
2012-04,2012-03,2012-03,2012-03-30,2012-03,2012-03,2012-03-30,2012-02-29,0.3737798035973007,0.09256756756756757,0.004075219404258035,0.00407522377454797,1.830624238477655,-0.00856775574478641,1.41635756912773e-06,4.2490727073831905e-09,1.2121722842154434e-10,0.00783076524799564,0.13328679784630257,0.08649764791853536,0.47315647152370116,0.307059082711461,0.05041955175350743,0.5636779848221972,0.38590246342429524,5.761728233458781e-17,Stage30_PureODS_QualityCausal,True,False,0,Optimization terminated successfully,1,-0.008416161277445773,0.00905625139312092,0.0009837809054060549,0.10277233128501471,1.0,0.0004918904527030274,0.00014819119117282772,0.00014819119117282772,8.471799292336005e-09,0.008416161277445773,0.10865252350899476,-0.051133126179136804,0.0,0.02134747649100524,0.1088668738208632,0.5636779848221972,BOND,1,-0.03498891564822968,-0.03380607764897228,0.009116262097901959,0.009116262097901959,72,-0.0003081850643500566,True,0.0105295047774629,0.004834154744848504,0.018609545007027124,-0.0026501435373559685,-8.825918387703123e-05,-2.8055950827010122e-05,-0.000444692984072955,0.00011629871813673243,0.010441245593585868,0.004806098794021494,0.01816485202295417,-0.0025338448192192362,0.008987220814317298,0.007342760327735213,0.011568123623701227,0.005700112578466328,1.0,-1.0,1.0,-1.0,0.15083341507603423,0.6930205183821097,-0.2240213728693318,0.5712296645866355,0.5754167075380171,0.15348974080894517,0.3879893135653341,0.21438516770668226,0.009383665062544387,0.007370816278562223,0.012012816607774182,0.005583813860329596,0.04226052369903878,0.29506340579710144,0.3294405214557306,0.12365951742627346,1.0422605236990388,1.2950634057971016,1.3294405214557306,1.1236595174262733,2012-03-30,1.6318177498070565,0.6200344799432591,0.011074565837842484,2012-03-31,2.2575467087560592,0.6930205183821097,0.000459906508903319,2012-03-30,-0.28869528752060397,-0.2240213728693318,0.015232477321911565,2012-03-30,1.3322508984580996,0.5712296645866355,0.02158644271838599,50.70543584979666,40.91785241444552,0.01410871699593315,-0.1816429517110896,0.016203450753951715,0.1530332681017612,0.002813202711549419,-0.1031769437917975,0.019052135123925715,0.0570489300071606,0.16820450659928746,-0.45551853173840173,0.9421062992184891,0.2544972650225556,-0.14365701256955715,0.5983017821205223,-0.22732238477548258,0.025295465945397375,-1.0647983666729062,0.6382978723404256,0.270544451576625,0.9866015533582351,0.9034090909090909,1.0,0.15391759893240106,-0.03498891564822968,1722.0,13.0,nearest_listed_proxy,pure_direction_quality_causal_calibration
2012-05,2012-04,2012-04,2012-04-30,2012-04,2012-04,2012-04-30,2012-03-31,0.3812444741959332,0.5308724832214765,0.0011203733107626572,0.0011203805304723302,1.8326752210164807,-0.007456981518893291,2.319812280226189e-06,6.959436840678567e-09,2.602728324115255e-10,0.008053429819059866,0.15843671692654096,0.07471027590642249,0.5211204800219603,0.2457325271450762,0.05005064636702955,0.5655094974480425,0.384439856184928,1.4133572832664552e-16,Stage30_PureODS_QualityCausal,True,False,0,Optimization terminated successfully,2,-0.008412379342862203,0.008963392408951863,0.0008122666750330932,0.10268710885722379,1.0,0.0004061333375165466,0.00014486909684825576,0.00014486909684825576,1.0631724854696387e-08,0.008412379342862205,0.09872790942989282,-0.050920094633092564,2.220446049250313e-16,0.031272090570107186,0.10907990536690744,0.5655094974480425,BOND,1,-0.03570828679273033,-0.03447716625238937,0.0094074764738029,0.0094074764738029,73,-0.00032434313040274426,True,0.010933519506808183,0.004780849429106283,0.017963144223835437,-0.0014637938835104377,0.00012709162292448393,1.801747149136195e-05,-0.00047209026179795375,0.00011130541896082036,0.011060611129732667,0.004798866900597645,0.017491053962037484,-0.0013524884645496173,0.009528770973653818,0.007543194339218612,0.01097889085850235,0.005470880743146513,1.0,-1.0,1.0,-1.0,0.16148651147031592,0.6771642628219082,-0.31429884606903874,0.43389909094042906,0.580743255735158,0.1614178685890459,0.3428505769654806,0.2830504545297855,0.009726022481132078,0.00752517686772725,0.011450981120300305,0.005359575324185693,0.029140599275600924,0.07171581769436998,0.17490596453519613,0.007605820105820105,1.0291405992756009,1.07171581769437,1.174905964535196,1.00760582010582,2012-04-30,1.5474319646547792,0.6074478086658078,0.010619574365983278,2012-04-30,2.0975505027448427,0.6771642628219082,0.0003307536132966942,2012-04-30,-0.4583612617059755,-0.31429884606903874,0.013015069496272524,2012-04-30,0.7664695180603741,0.43389909094042906,0.018235970537605097,49.776850484410836,44.073735802846166,-0.004462990311783273,-0.11852528394307668,0.023828172962955113,0.14896073903002316,0.012409844702667702,0.14318040218072955,0.016164640341601876,-0.1749969967743602,0.7143831226701524,0.6238391687695158,0.7973257626471759,-0.7636820093611687,0.6691111457198341,0.016821876643003608,-0.34296651118141885,0.0226443984091377,-1.2062171171659777,0.6,0.19205534588092354,0.9800937285158428,0.921875,1.0,0.10411595776428952,-0.03570828679273033,1738.0,10.0,nearest_listed_proxy,pure_direction_quality_causal_calibration
2012-06,2012-05,2012-05,2012-05-31,2012-05,2012-05,2012-05-31,2012-04-30,0.4555759192251566,0.322,-0.02103811910819631,-0.02103811814321807,1.794119181430096,-0.028338219761707473,3.123057373509664e-07,9.369172120528992e-10,2.806102963879167e-11,0.007254431628576854,0.2160469939491774,0.07443553682675076,0.5277051118042363,0.1818123574198354,0.045838026443450676,0.5696722044039229,0.38448976915262645,6.237106891619408e-17,Stage30_PureODS_QualityCausal,True,False,0,Optimization terminated successfully,1,-0.00771108967989564,0.008305704843855725,0.0009030631096139686,0.09425007946858488,1.0,0.0004515315548069843,0.00014307698611601243,0.00014307698611601243,6.623037088659551e-09,0.00771108967989564,0.1040997469515062,-0.05205080433901291,0.0,0.025900253048493804,0.1079491956609871,0.5696722044039229,BOND,1,-0.12911982046624026,-0.11435440076937418,0.01168666865664225,0.01168666865664225,74,-0.0013364219912205518,True,0.009672927345907018,0.004736703523162295,0.01751826908307203,-0.0029101734378339326,5.902678173700011e-06,-6.44423964535064e-07,-0.00018840878498327195,1.916374494402325e-05,0.009678830024080718,0.00473605909919776,0.01732986029808876,-0.0028910096928899095,0.0070420319420525694,0.006874182051878737,0.010577346605283195,0.001035335056048391,1.0,-1.0,1.0,-1.0,-0.07535943230291366,0.6984542120197855,-0.3157873403087101,-0.2274476532466543,0.4623202838485432,0.15077289399010724,0.34210632984564493,0.6137238266233271,0.008372551255099421,0.006874826475843272,0.010765755390266467,0.0010161713111043677,0.2791039895356442,0.11480828558836492,0.38369622942113646,0.2832464146023468,1.2791039895356442,1.114808285588365,1.3836962294211363,1.2832464146023468,2012-05-31,0.48400560292759837,0.32614809672737605,0.015130755462276954,2012-05-31,2.3162459562048783,0.6984542120197855,0.0003617404011695125,2012-05-31,-0.46153390446062525,-0.3157873403087101,0.015844597966825358,2012-05-31,-0.29441066900191804,-0.2274476532466543,0.023792494146157923,38.29658477676059,34.09209554143356,-0.2340683044647882,-0.3181580891713288,0.040913275034083596,0.32871234337509997,0.006889411579454632,0.23896640910183206,0.008744380468186558,0.17709748455191865,0.40275597131523494,1.044369110699083,0.4338641790327463,0.7813171822496229,0.7235625410071589,0.6075906806411846,-0.6655766108241717,0.04139777827271574,-0.3879119306850201,0.6521739130434783,0.34887939645293475,0.9639100553649866,0.8845443349753694,1.0,0.19399693193297984,-0.12911982046624026,1754.0,14.0,nearest_listed_proxy,pure_direction_quality_causal_calibration
2012-07,2012-06,2012-06,2012-06-29,2012-06,2012-06,2012-06-29,2012-05-31,0.44660210472209994,0.5739762219286658,0.017232158708072525,0.01740235158637816,1.8250357279056968,-0.011594389754072787,0.05307608776034377,0.0001592282632810313,1.0964615024606162e-05,0.006767313603313808,0.1683578290263289,0.04680388107480439,0.6141133130146738,0.17072497688419297,0.10045386567732269,0.5519108248972301,0.34763530942544724,0.0,Stage30_PureODS_QualityCausal,True,False,0,Optimization terminated successfully,11,-0.007076473982612814,0.0077902825907473555,0.0008443327521995267,0.08841739457577111,1.0,0.00042216637609976334,0.00012144785364532997,0.00012144785364532997,0.00017019437838944877,0.007076473982612814,0.10065780161713407,-0.035965508774717145,0.0,0.029342198382865933,0.12403449122528286,0.5519108248972301,BOND,1,0.08771127810521923,0.08063838251085462,0.010988610902196464,0.010988610902196464,75,0.0008861038091942658,True,0.010561607820815605,0.004690729002452587,0.015934028801098767,-0.004117111211111725,0.0001028526162219872,1.5117611404205507e-05,-0.00031656921560023867,2.077166983910663e-05,0.010664460437037592,0.004705846613856792,0.015617459585498528,-0.004096339541272619,0.009543972945003793,0.006570595477607771,0.009219923170884914,-0.0014127701450878413,1.0,-1.0,1.0,-1.0,-0.05768882759399014,0.795976781275959,-0.3958187369363264,-0.5068973433252728,0.4711555862030049,0.10201160936202047,0.3020906315318368,0.7534486716626364,0.00855501651958754,0.006555477866203566,0.009536492386485152,-0.001433541814926948,0.34649122807017546,0.3916920400173989,0.6457457983193278,0.7392282958199357,1.3464912280701755,1.3916920400173989,1.6457457983193278,1.7392282958199357,2012-06-29,-0.16530606671673773,-0.14185635125241333,0.016338889660786494,2012-06-30,3.901402919991112,0.795976781275959,0.000502653766168041,2012-06-29,-0.6551324265324192,-0.3958187369363264,0.019290272224221684,2012-06-29,-1.0279752835719258,-0.5068973433252728,0.03277129008075966,47.672664966802095,50.76682845672005,-0.04654670066395809,0.015336569134400974,0.026041988629793844,-0.015717778553964376,-0.004472771880623014,-0.28258501476459086,-0.0031922246416951107,-0.09221246237570692,-0.2453756782702673,-1.2497151934963158,-0.14749593482831738,-0.4073378409288603,-0.7475454358832916,-0.2774168878785888,0.5124811618809402,0.0336629158373781,-0.6670613921660582,0.6382978723404256,0.3002140297767118,0.9629621881728821,0.9275,1.0,0.17115024830043674,0.08771127810521923,1769.0,13.0,nearest_listed_proxy,pure_direction_quality_causal_calibration
2012-08,2012-07,2012-07,2012-07-31,2012-07,2012-07,2012-07-31,2012-06-30,0.48878534642768656,0.0,0.024949272093064336,0.024949285332123494,1.8705690408607798,0.0,3.934818960528441e-06,1.1804456881585324e-08,1.4346022761124732e-09,0.007324372898837901,0.1395093436997862,0.020773912948483672,0.730883151543366,0.10883359180836398,0.09921969756005256,0.5534465293340814,0.3473337731058661,0.0,Stage30_PureODS_QualityCausal,True,False,0,Optimization terminated successfully,2,-0.007488103222433969,0.00799304517330321,0.0007711391156893282,0.09128970738550254,1.0,0.0003855695578446641,0.00011935653420086058,0.00011935653420086058,1.5858823715110467e-08,0.007488103222433969,0.09619599465815579,-0.0359489263445998,0.0,0.03380400534184422,0.1240510736554002,0.5534465293340814,BOND,1,-0.012281957137999438,-0.012132940878175801,0.010546773241838565,0.010546773241838565,76,-0.00012796337619875385,True,0.01163128642509544,0.004895005941324465,0.01525712856948314,-0.0024859293405514386,-0.00013156388584676922,-1.5112571541155744e-05,2.249315263169193e-05,5.508534654753273e-06,0.011499722539248672,0.004879893369783309,0.015279621722114832,-0.0024804208058966854,0.009170528056635749,0.0070110806907701904,0.009221360333691617,-0.0004474030443814115,1.0,-1.0,1.0,-1.0,-0.022184955882739887,0.7545207111635746,-0.5274040043465614,-0.5855341228219236,0.4889075220586301,0.12273964441821272,0.23629799782671929,0.7927670614109619,0.009430055318681272,0.007026193262311346,0.009198867181059925,-0.0004529115790361648,0.40080645161290324,0.7118025751072962,0.581038961038961,0.5631345177664975,1.4008064516129033,1.711802575107296,1.581038961038961,1.5631345177664975,2012-07-31,-1.3879251473576826,-0.5812264043927287,0.017180058044612905,2012-07-31,3.0736634228492794,0.7545207111635746,0.0007867000417980041,2012-07-31,-1.115972224050147,-0.5274040043465614,0.01845560060955552,2012-07-31,-1.4127438591774526,-0.5855341228219236,0.02848223463277532,61.673530437551825,64.06004639967362,0.2334706087510365,0.28120092799347246,0.034292778016092235,0.059566074950690426,0.013148414777359762,-0.13648374176723416,0.008084458104820922,-0.04734885717043438,0.7675281544655624,-0.6061508183495157,0.4087512935241104,-0.2051145473774638,0.08068866805802338,0.1018183730733233,-0.09125352056567335,0.04124460075489765,-0.38587204877673226,0.5882352941176471,0.2706654992325316,0.9862357894315096,0.8571428571428572,1.0,0.13459159780208543,-0.012281957137999438,1786.0,9.0,nearest_listed_proxy,pure_direction_quality_causal_calibration
2012-09,2012-08,2012-08,2012-08-31,2012-08,2012-08,2012-08-31,2012-07-31,0.5041064592870463,0.0,0.014545423935106964,0.01454542472565752,1.8977772605599865,0.0,2.4254772321152807e-07,7.276431696345842e-10,6.290738512049199e-11,0.00808037882476319,0.10374140660808509,0.011617002980822709,0.7955550294105705,0.0890865610005217,0.09773878076012035,0.5435318916855482,0.35872932755433157,2.775557561562892e-17,Stage30_PureODS_QualityCausal,True,False,0,Optimization terminated successfully,1,-0.008411393327681784,0.008865007954625716,0.0006549030732850748,0.10245067701579816,1.0,0.0003274515366425374,0.00012615652085728866,0.00012615652085728866,6.56944410517273e-09,0.008411393327681786,0.08865008110216763,-0.037772506603299894,0.0,0.04134991889783238,0.12222749339670011,0.5435318916855482,BOND,1,-0.14652334310005238,-0.12779795891802082,0.010555154915616928,0.010555154915616928,77,-0.0013489272542793578,True,0.012126715118917823,0.00492459778189372,0.01583516180636283,-0.0005649594081216184,-0.00013872590686393513,-1.2178745554510861e-05,0.00011511567452888535,4.393165790240826e-06,0.011987989212053888,0.004912419036339209,0.015950277480891718,-0.0005605662423313776,0.008194492259418517,0.007701730155229196,0.010810246093222512,0.0015932950152303027,1.0,-1.0,1.0,-1.0,-0.20828795267830577,0.7677469260375172,-0.3256415814253844,-0.5017288625287313,0.3958560236608471,0.11612653698124142,0.3371792092873078,0.7508644312643656,0.00968214542056181,0.007713908900783707,0.010695130418693627,0.001588901849440062,0.17184497117232544,0.5893689114781873,0.2790041067761807,0.1316447779862414,1.1718449711723253,1.5893689114781873,1.2790041067761808,1.1316447779862413,2012-08-31,-0.789702032640929,-0.4412477709910319,0.01354575847773782,2012-08-31,3.305648071471966,0.7677469260375172,0.0006709112767267632,2012-08-31,-0.48289095598997583,-0.3256415814253844,0.014428023973572457,2012-08-31,-1.0069394448071198,-0.5017288625287313,0.021717342532519845,45.76448468789985,45.05471095990588,-0.08471030624200296,-0.09890578080188234,0.029286590576021593,0.33410605621558975,0.023411694169544722,0.3607194811964079,0.007480717267549671,-0.01812560213051921,1.3646359596094193,1.5886443694364631,0.3890944271375166,-0.07507642674350067,1.4766401645229412,0.15700900019700795,-0.8168245823599746,0.03863579182219462,-0.4706072377943293,0.6382978723404256,0.3245135901350563,0.9789651815772242,0.8846153846153846,1.0,0.17938165214949364,-0.14652334310005238,1803.0,13.0,nearest_listed_proxy,pure_direction_quality_causal_calibration
2012-10,2012-09,2012-09,2012-09-28,2012-09,2012-09,2012-09-28,2012-08-31,0.39009999583290583,0.7454896907216495,-0.01818674685922994,-0.01818673459679223,1.8632628659269792,-0.01818674685922994,3.8623320573681095e-06,1.1586996172104328e-08,6.754415398656759e-10,0.007854683175995214,0.11377464950740371,0.01595476898929712,0.7632403778150006,0.1070302036882985,0.10082887625981618,0.5369408592860354,0.3622302644541484,2.5322441079431967e-17,Stage30_PureODS_QualityCausal,True,False,0,Optimization terminated successfully,2,-0.009142262423641323,0.009588384670293569,0.0006364925302993252,0.11124166086172688,1.0,0.0003182462651496626,0.00012786108066816583,0.00012786108066816583,1.4900834416502424e-08,0.009142262423641323,0.0873951392446508,-0.03808328285999879,0.0,0.04260486075534921,0.12191671714000121,0.5369408592860354,BOND,1,-0.11412670129956387,-0.10243601662758976,0.005002876684719788,0.005002876684719788,78,-0.0005124747592617373,True,0.012515831120576462,0.004884867388073628,0.016204860553002458,-0.002186826357671695,0.00013827904342009965,2.0106884992046416e-05,-0.0005099541232717403,2.197226566671688e-05,0.01265411016399656,0.0049049742730656746,0.015694906429730718,-0.002164854092004978,0.009999846532251706,0.0074771226637061995,0.012603416008096698,0.0011636333614739058,1.0,-1.0,1.0,-1.0,0.081003693533039,0.7321938964036774,0.25953898173549234,-0.33705436571678404,0.5405018467665195,0.1339030517981613,0.6297694908677461,0.6685271828583921,0.010374042248093344,0.007457015778714153,0.013113370131368438,0.001141661095807189,0.09691279439847231,0.45148473442074444,0.24224707676664972,0.2920271940667491,1.0969127943984722,1.4514847344207444,1.2422470767666498,1.2920271940667492,2012-09-28,-0.16850357196080532,-0.14420458439681808,0.012203494972599017,2012-09-30,2.734044842784275,0.7321938964036774,0.000552215224965682,2012-09-28,0.3505099867968739,0.25953898173549234,0.01388906340630872,2012-09-28,-0.5084193156822141,-0.33705436571678404,0.02394569540073863,59.3938770895662,59.96690616023055,0.18787754179132407,0.199338123204611,0.0059591562489909045,0.3333333333333334,-0.0021179563454984934,0.18621432479832736,0.009913111839995999,0.34206067362808823,-0.1076954129528312,0.8174016023695558,0.5107827043497606,1.5216875608981535,0.35485309470836235,1.0162351326239571,-0.6855441136661597,0.023031256608446984,-1.169935722457962,0.6382978723404256,0.3032632800927927,0.9947221171715692,0.8645833333333334,1.0,0.1664760866944593,-0.11412670129956387,1818.0,13.0,nearest_listed_proxy,pure_direction_quality_causal_calibration
2012-11,2012-10,2012-10,2012-10-30,2012-10,2012-10,2012-10-31,2012-09-30,0.4593555935966981,0.3814102564102564,-0.010499485002369855,-0.010499399642744305,1.8436995654107062,-0.028495280385709365,2.4429788947559124e-05,7.328936684267738e-08,1.2070258708043654e-08,0.006851623341576299,0.12101846742473263,0.01649654852323969,0.7590197348797995,0.10346524917222816,0.09763629974835908,0.5492063184590985,0.35315738179254236,5.065395069157535e-17,Stage30_PureODS_QualityCausal,True,False,0,Optimization terminated successfully,2,-0.008423213463591898,0.008813419225391098,0.0005348570125585427,0.1025518886293419,1.0,0.00026742850627927133,0.00012268919621006888,0.00012268919621006888,8.805930985827656e-08,0.008423213463591898,0.08011419443957801,-0.036860193183602216,0.0,0.04988580556042199,0.12313980681639779,0.5492063184590985,BOND,1,-0.06321441247438925,-0.05945594014971271,0.010909825097666376,0.010909825097666376,79,-0.0006486539080506858,True,0.011228808958675568,0.004866939167719697,0.015055532432853808,-0.003744787192943879,7.468633642700189e-06,2.393389662187245e-06,-0.00023168686536781022,9.607781387352523e-06,0.011236277592318268,0.004869332557381884,0.014823845567485998,-0.0037351794115565266,0.008394626028310943,0.0065135765318199085,0.012505760442429528,0.0006121570679348387,1.0,-1.0,1.0,-1.0,-0.0020126390755729473,0.6569326204107931,0.4348827859340657,-0.17946997894637162,0.49899368046221354,0.17153368979460343,0.7174413929670329,0.5897349894731858,0.009035811302718928,0.006511183142157722,0.012737447307797339,0.0006025492865474862,0.102592475497945,0.19880264244426094,0.08777665995975856,0.37431360585723,1.102592475497945,1.198802642444261,1.0877766599597585,1.37431360585723,2012-10-31,0.4005735172525138,0.28600677673694236,0.012216801747371999,2012-10-31,1.9148792904688643,0.6569326204107931,0.00041006028745307194,2012-10-31,0.7695443973563445,0.4348827859340657,0.011286526023324356,2012-10-31,-0.21872445168540858,-0.17946997894637162,0.025024621369276294,42.4586875986259,42.93907770319104,-0.15082624802748199,-0.14121844593617922,0.017218600280801688,0.4007959067652076,0.002530954473675568,0.10120075257440453,0.004118639033692888,0.29136025396856613,0.16237820932275351,0.4413239510992339,0.22537244143844537,1.2951919140770403,0.3018510802109937,0.7602821777577429,-0.5310666289843683,0.03204101693541095,-0.714305518242836,0.5769230769230769,0.23617257733096156,0.976392406336651,0.8947368421052632,1.0,0.11903292171696583,-0.06321441247438925,1834.0,8.0,nearest_listed_proxy,pure_direction_quality_causal_calibration
2012-12,2012-11,2012-11,2012-11-30,2012-11,2012-11,2012-11-30,2012-10-31,0.38372560012935913,0.0,0.00127787680182623,0.0012778929533875626,1.8460555863148818,-0.02725381704164953,5.320527861098354e-06,1.5961583583295065e-08,1.8997774933734637e-10,0.006776972611773276,0.1292502311894703,0.011855669470831677,0.7867301111253917,0.07216398821430645,0.10092835506436211,0.5550285200385918,0.344043124897046,5.1185889398599896e-17,Stage30_PureODS_QualityCausal,True,False,0,Optimization terminated successfully,2,-0.008082426787314015,0.008486445125755726,0.0005751345380868696,0.0983865342805475,1.0,0.0002875672690434348,0.00011643174822628696,0.00011643174822628696,1.9321171992401668e-08,0.008082426787314013,0.08307595595021725,-0.03563880362921891,0.0,0.04692404404978276,0.1243611963707811,0.5550285200385918,BOND,1,0.009896166727773664,0.009799192287102979,0.010100050297018034,0.010100050297018034,80,9.897233496989128e-05,True,0.011722806756340074,0.00473134866529378,0.013857841091178973,-0.003204106065719722,-3.234548366843774e-05,-8.58996981987455e-06,-6.798357615464437e-05,1.0196903002578359e-05,0.011690461272671636,0.0047227586954739055,0.01378985751502433,-0.003193909162717144,0.009701339705368711,0.0065028058608170205,0.011330155646944584,0.0008375324916293483,1.0,-1.0,1.0,-1.0,0.15561507271056688,0.7403464291729307,0.3052541859141578,-0.19218317285941047,0.5778075363552835,0.12982678541353465,0.6526270929570789,0.5960915864297053,0.009634712854067258,0.006511395830636895,0.011398139223099228,0.0008273355886267699,0.038461538461538464,0.07728384991843393,0.2819810851169736,0.27018072289156625,1.0384615384615385,1.0772838499184338,1.2819810851169735,1.2701807228915662,2012-11-30,0.43612095118994404,0.30367981946686456,0.01092887977040783,2012-11-30,2.8512853754127865,0.7403464291729307,0.00033476917786409954,2012-11-30,0.4393753509919541,0.3052541859141578,0.014301297619168348,2012-11-30,-0.23790439416776793,-0.19218317285941047,0.02374458529787771,59.155580772651405,49.0026891605904,0.1831116154530281,-0.019946216788192004,-0.0059525098933155,0.3152737752161383,-0.011126834066427472,0.2852088366456023,-0.012881383746514503,-0.05820639635601433,-0.6334687517887255,1.258857224270269,-0.6252568423748383,-0.25616122630951665,0.3126942362407717,-0.44070903434217745,0.06400739905070288,0.018613124115928886,-1.443378864978319,0.6382978723404256,0.2895418601816396,0.9742329246259026,0.8586956521739131,1.0,0.1546097306646456,0.009896166727773664,1851.0,13.0,nearest_listed_proxy,pure_direction_quality_causal_calibration
2013-01,2012-12,2012-12,2012-12-28,2012-12,2012-12,2012-12-28,2012-11-30,0.5400276805047992,0.0,-0.0032496823466391564,-0.0024780257392838442,1.8400564920651197,-0.030414933140169964,0.2572187867923692,0.0007716563603771076,2.4697820500062455e-10,0.0070582069773795,0.1027413034182501,0.005794079333884558,0.84387445278066,0.04759016446720528,0.3629483350884796,0.2966883441417324,0.34036332076978815,1.6287319340890713e-18,Stage30_PureODS_QualityCausal,True,False,0,Optimization terminated successfully,21,-0.008194252722023839,0.00962592836867508,0.0007208915436266397,0.11118579116234115,1.0,0.00036044577181331983,0.0002995705247009747,0.0002995705247009747,0.000771659350136949,0.008194252722023839,0.09300913139858728,-0.06598007371073819,0.0,0.03699086860141272,0.09401992628926181,0.3629483350884796,KODEX200,0,0.03444136192246824,0.03329464887063326,0.011495424483125686,0.011495424483125686,81,0.0003827361217845506,True,0.012946086301770939,0.004594897348741101,0.013023820783471644,-0.002331976524465681,-2.0361997375106983e-05,-7.681726562197167e-06,0.0003150738390113226,2.8466186793395796e-07,0.012925724304395831,0.004587215622178903,0.013338894622482967,-0.002331691862597747,0.011468181755739628,0.0064404804754889045,0.010438126523598957,0.0001310517753025268,1.0,-1.0,1.0,-1.0,0.3748925312320455,0.5046950101310635,0.027503893758018077,-0.47546421485451434,0.6874462656160227,0.24765249493446823,0.513751946879009,0.7377321074272571,0.011105807631330185,0.006448162202051102,0.010123052684587634,0.00013076711343459283,0.00483921323758976,0.1387434554973822,0.24667323804829966,0.04732142857142857,1.0048392132375898,1.1387434554973823,1.2466732380482997,1.0473214285714285,2012-12-28,0.572143236605151,0.3639256419412671,0.009044102041988498,2012-12-31,1.0189580570642178,0.5046950101310635,0.0003717681072581865,2012-12-31,0.028281752062022558,0.027503893758018077,0.013827002994180304,2012-12-31,-0.906447621533847,-0.47546421485451434,0.02017867743501245,67.93431592046724,70.10328166727624,0.35868631840934484,0.4020656333455247,0.0037782792254850983,0.07641196013289038,0.0007977713123369641,-0.18608619778392094,-0.01103080343535019,0.07069509950944691,0.06617917206072955,-0.8305794269161962,-0.5269385229545756,0.3152284689118837,-0.38220012742773335,-0.10585502702134592,0.24402757722453963,0.021114488759247298,-1.2610848007922193,0.6382978723404256,0.24929414153436125,0.9855154327861358,0.9,1.0,0.1411371711106952,0.03444136192246824,1864.0,13.0,nearest_listed_proxy,pure_direction_quality_causal_calibration
2013-02,2013-01,2013-01,2013-01-31,2013-01,2013-01,2013-01-31,2012-12-31,0.3849746221533161,0.0,-0.0060229968641962815,-0.006022995231216776,1.8289738375834674,-0.03625474095743819,4.6656557303737026e-07,1.3996967191121108e-09,2.3328278650480645e-10,0.007279487186605923,0.17809613341115552,0.008301256050598046,0.7773686074064654,0.03623400313178101,0.3536011628506447,0.29899796681042984,0.3474008703389255,1.7198175738558273e-18,Stage30_PureODS_QualityCausal,True,False,0,Optimization terminated successfully,1,-0.007312185417083118,0.007958779857182354,0.0007121243472898865,0.09123261220244894,1.0,0.00035606217364494324,0.00029052541495761257,0.00029052541495761257,6.851496680479245e-09,0.007312185417083118,0.09244183126419898,-0.06373988953606707,0.0,0.03755816873580102,0.09626011046393293,0.3536011628506447,KODEX200,0,-0.18755611843666423,-0.1579345308612185,0.00923313169824551,0.00923313169824551,82,-0.0014582303231422504,True,0.011644761406227644,0.004578112692047237,0.013499707412420498,-0.0006046327642716866,-3.0874417446351774e-05,-4.837576978963886e-06,-9.847199124500821e-05,5.270662956152169e-06,0.011613886988781292,0.004573275115068273,0.01340123542117549,-0.0005993621013155345,0.007986004121230704,0.0065999502708926445,0.00910057536198419,0.0015073454954408877,1.0,-1.0,1.0,-1.0,0.0059490262234419555,0.5004770052479982,-0.382799934106224,-0.465582053575449,0.5029745131117209,0.2497614973760009,0.308600032946888,0.7327910267877245,0.009475108861819306,0.006604787847871608,0.0091990473532292,0.0015020748324847356,0.059689922480620154,0.30688146380270487,0.21926829268292683,0.00029394473838918284,1.0596899224806202,1.3068814638027049,1.2192682926829268,1.0002939447383892,2013-01-31,0.40174860138523955,0.2866053163800003,0.011212524450914496,2013-01-31,1.0019098430022624,0.5004770052479982,0.00045213994567772385,2013-01-31,-0.6202201769889412,-0.382799934106224,0.013470755549562778,2013-01-31,-0.8711946458579115,-0.465582053575449,0.016579800498498967,45.35159324877292,41.21049486574336,-0.09296813502454157,-0.17579010268513287,0.01925061295000563,0.33481399222654085,0.007203018421818335,0.21607930641690962,0.03957173673413843,0.33747060931724354,0.43228686967713387,0.9477226388253577,2.0017030271013367,1.4966663163854854,0.6900047542512457,1.7491846717434112,-1.2195947129973286,0.017668839688839897,-1.4862085988093028,0.6521739130434783,0.27054445157662493,0.9833354994816658,0.8863636363636364,1.0,0.15378561126730225,-0.18755611843666423,1881.0,14.0,nearest_listed_proxy,pure_direction_quality_causal_calibration
2013-03,2013-02,2013-02,2013-02-28,2013-02,2013-02,2013-02-28,2013-01-31,0.4148604124417499,0.39542079207920794,0.0010080374679509914,0.001008053637434424,1.830817511739654,-0.0352832496267631,4.727610089294568e-06,1.4182830267883706e-08,1.9866531646428634e-09,0.006635371796070958,0.11567106710802731,0.005054936847299265,0.8424577810134611,0.036816215031212275,0.36913163449136716,0.3030199296160872,0.32784843589254564,1.6009213716692673e-18,Stage30_PureODS_QualityCausal,True,False,0,Optimization terminated successfully,2,-0.007402835058466711,0.008075125243304561,0.0007624582197065865,0.0923267536014152,1.0,0.00038122910985329326,0.00029104225335414434,0.00029104225335414434,1.882163041265436e-08,0.007402835058466711,0.09565301164353916,-0.0675359761577255,0.0,0.03434698835646084,0.0924640238422745,0.36913163449136716,KODEX200,0,0.06383266393089385,0.06000254184246442,0.004031150459073659,0.004031150459073659,83,0.00024187927409383687,True,0.012555129830344512,0.004648533065131326,0.011655454475587985,-0.002317630186779991,9.094715817524236e-06,1.5105875691870085e-06,-0.0004323143134415917,5.015610678707682e-06,0.012564224546162036,0.004650043652700513,0.011223140162146393,-0.002312614576101283,0.010467390869051156,0.006221517222279831,0.0070948529182965495,0.0009331618151018488,1.0,-1.0,1.0,-1.0,0.20986197825509179,0.5818833658795496,-0.6447088653316834,-0.274930040801898,0.6049309891275458,0.2090583170602252,0.17764556733415832,0.637465020400949,0.010216416879139795,0.006220006634710644,0.007527167231738141,0.0009281462044231411,0.030672009864364982,0.3597560975609756,0.5067665538907685,0.09854651162790698,1.030672009864365,1.3597560975609757,1.5067665538907686,1.098546511627907,2013-02-28,0.5755422464466303,0.36529788251928424,0.010354279303934079,2013-02-28,1.391677150332942,0.5818833658795496,0.0004756077633978498,2013-02-28,-1.8145931671882385,-0.6447088653316834,0.016931943195546254,2013-02-28,-0.37917726050319267,-0.274930040801898,0.020826301900333043,65.06620910621282,48.14819350608673,0.3013241821242565,-0.037036129878265454,-0.0012037666392203938,0.12410986775178023,-0.0017698898744836745,-0.1976829553805542,-0.014672796409752015,-0.0035679506163663194,-0.0850597385741263,-0.8820207963146448,-0.7119702678313937,-0.014707885728486416,-0.48354026744438555,-0.3633390767799401,0.4234396721121628,0.017672423441113035,-1.4706051060654854,0.6521739130434783,0.2574228873732254,0.9924452056003435,0.9047619047619048,1.0,0.1507479533329733,0.06383266393089385,1896.0,14.0,nearest_listed_proxy,pure_direction_quality_causal_calibration
2013-04,2013-03,2013-03,2013-03-29,2013-03,2013-03,2013-03-29,2013-02-28,0.2887152024867031,0.6881127450980392,-0.038144693790361464,-0.03814468875793959,1.7609815383683134,-0.0720820746641827,1.4378348222598989e-06,4.313504466779697e-09,7.1891741112995e-10,0.006886862011949237,0.16082744614410002,0.008070246392351288,0.7913906909354841,0.039711616528064736,0.36289488560803085,0.3044981085973522,0.332607005794617,1.6947255043946112e-18,Stage30_PureODS_QualityCausal,True,False,0,Optimization terminated successfully,1,-0.007200127383381936,0.007832125743421734,0.0006963371751285011,0.0898074858702898,1.0,0.00034816858756425055,0.00028382081045904965,0.00028382081045904965,8.962016498699761e-09,0.007200127383381936,0.09141141122169602,-0.06602543467017723,0.0,0.038588588778303984,0.09397456532982278,0.36289488560803085,KODEX200,0,0.015911317485722082,0.015662112639025408,0.0018088903720830179,0.0018088903720830179,84,2.8331044759212806e-05,True,0.01162220682192994,0.004665181846648873,0.01209337507696134,-0.0008333156977432035,2.7883063624059153e-05,7.953491517736758e-06,-0.0009609569860336348,1.1378036430879838e-05,0.011650089885553999,0.00467313533816661,0.011132418090927704,-0.0008219376613123237,0.009692407131723138,0.006635881324588787,0.006897592094892537,0.003788409106037792,1.0,-1.0,1.0,-1.0,0.16119569818690047,0.7669023805294851,-0.6267417149083152,0.19436286073103468,0.5805978490934502,0.11654880973525744,0.1866291425458424,0.40281856963448265,0.009636193023339866,0.00662792783307105,0.007858549080926171,0.003777031069606912,0.05805759803921569,0.6111542945977458,0.26974629009095263,0.03132183908045977,1.0580575980392157,1.6111542945977457,1.2697462900909526,1.0313218390804597,2013-03-29,0.7139190708856661,0.4165418793763402,0.011044977444038966,2013-03-31,3.2900481020420393,0.7669023805294851,0.0006648941070249793,2013-03-28,-1.679109988822797,-0.6267417149083152,0.014121873230547552,2013-03-28,0.2412536007307203,0.19436286073103468,0.019145041719014468,55.04538558191145,48.306875177306615,0.10090771163822893,-0.03386249645386769,0.007519779952142536,0.1772151898734177,0.00374242334899102,-0.11474024159722182,0.004751770831949017,-0.12694382681742394,0.2356157797722921,-0.5166337513808223,0.2607366851484365,-0.5663871603315928,-0.14050898580426513,-0.15282523759157812,0.14666711169792163,0.015911076711403765,-1.6013845868941168,0.6382978723404256,0.19574719828973186,0.9580902725848406,0.90625,1.0,0.1084859264051871,0.015911317485722082,1911.0,13.0,nearest_listed_proxy,pure_direction_quality_causal_calibration
2013-05,2013-04,2013-04,2013-04-30,2013-04,2013-04,2013-04-30,2013-03-31,0.3941438454581441,0.0,-0.00586998494810011,-0.005869980441514948,1.7506446032442093,-0.07752893891897616,1.287595760346428e-06,3.8627872810392845e-09,6.437978801732145e-10,0.006082327662106282,0.1872512298024433,0.006285736432083917,0.7802705488304464,0.026192484935026336,0.36451172452529523,0.31788020752580703,0.3176080679488978,1.671040042180971e-18,Stage30_PureODS_QualityCausal,True,False,0,Optimization terminated successfully,1,-0.006402072356236102,0.007117782796027145,0.0008546459110731834,0.08028551808588663,1.0,0.0004273229555365917,0.00028837907255783464,0.00028837907255783464,8.411696615776738e-09,0.006402072356236102,0.10127068150693072,-0.06891957892141172,0.0,0.028729318493069284,0.09108042107858828,0.36451172452529523,KODEX200,0,0.08076436459152099,0.07472893004021851,0.00017790795321976526,0.00017790795321976526,85,1.3294870989758305e-05,True,0.010754156876372782,0.004630720303148744,0.010410810966522766,-0.0014663774976191614,-5.9130673274008185e-06,-2.9490843167574615e-06,-0.00046016801156628634,3.1902456798750034e-06,0.010748243809045382,0.0046277712188319865,0.00995064295495648,-0.0014631872519392864,0.008600492466759133,0.0059274566858384305,0.006607455872767896,0.003963177600161021,1.0,-1.0,1.0,-1.0,0.07486078186387528,0.7906845938557427,-0.5447383515502661,0.43769421040619144,0.5374303909319377,0.10465770307212863,0.22763082422486697,0.2811528947969043,0.008593110663096775,0.005930405770155188,0.007067623884334183,0.003959987354481146,0.1294887401095557,0.5526315789473685,0.7828043581241118,0.26645856980703747,1.1294887401095557,1.5526315789473686,1.7828043581241118,1.2664585698070374,2013-04-30,0.31952958591692954,0.24215416564145564,0.012239046777821,2013-04-30,3.777479204329632,0.7906845938557427,0.0006116563138305951,2013-04-30,-1.1965390746293258,-0.5447383515502661,0.021582566349764493,2013-04-30,0.7783917905635783,0.43769421040619144,0.023119995960407803,52.94332186545465,46.17808713205386,0.05886643730909299,-0.07643825735892279,-0.002100905792853963,0.10456852791878171,-0.010208281103887652,-0.2440795618640222,-0.012448680541787098,-0.10164942354395463,-0.577202484417804,-1.0894499980010188,-0.6016177622419857,-0.4527508914581645,-0.8333262412094113,-0.5271843268500751,0.6802552840297432,0.015194600865076548,-1.6515345212767234,0.5882352941176471,0.23386504024912882,0.978971981461834,0.881578947368421,1.0,0.1187265523511754,0.08076436459152099,1928.0,9.0,nearest_listed_proxy,pure_direction_quality_causal_calibration
2013-06,2013-05,2013-05,2013-05-31,2013-05,2013-05,2013-05-31,2013-04-30,0.41965936331192466,0.0,-0.06337453489819903,-0.06337453070077381,1.6396983157415654,-0.13599011337203426,1.1992643437763743e-06,3.5977930313291232e-09,5.996321718881873e-10,0.00602380570060554,0.20514709260449407,0.00617990651775898,0.7656095710332463,0.023063429844500598,0.37457338382701505,0.31727797453853523,0.30814864163444977,1.7198824288982882e-18,Stage30_PureODS_QualityCausal,True,False,0,Optimization terminated successfully,1,-0.0063448952852054605,0.0070403740331350835,0.0008102632952183559,0.07962290862631087,1.0,0.00040513164760917796,0.0002903388221149366,0.0002903388221149366,8.2782055094607e-09,0.0063448952852054605,0.0986060826857059,-0.07330963719701028,0.0,0.0313939173142941,0.08669036280298972,0.37457338382701505,KODEX200,0,-0.007006450374306673,-0.006957701583443045,0.0017212428780898877,0.0017212428780898877,86,-1.1975894298376075e-05,True,0.01087103409648572,0.004399565131683638,0.009705288606797447,-0.000880665032544647,-4.578421914715737e-06,-5.202873544874806e-06,-0.0004032499619352791,2.267547886422312e-06,0.010866455674571004,0.004394362258138764,0.009302038644862167,-0.0008783974846582246,0.008674231624719317,0.0057476082560843815,0.006385386691944033,0.0038665697072882838,1.0,-1.0,1.0,-1.0,0.10041451423812604,0.6663122739802545,-0.5844984356779716,0.37446225071667494,0.550207257119063,0.16684386300987275,0.20775078216101422,0.31276887464166253,0.00869078594093241,0.005752811129629256,0.0067886366538793125,0.0038643021594018615,0.035530692470517086,0.587129840546697,0.80098452883263,0.2906390134529148,1.035530692470517,1.5871298405466971,1.80098452883263,1.2906390134529149,2013-05-31,-0.31243344675660567,-0.23805660205377813,0.010556026278669013,2013-05-31,1.996813853263594,0.6663122739802545,0.0006375964710020812,2013-05-31,-1.4067298077004702,-0.5844984356779716,0.022249773849671615,2013-05-31,0.5986245452743565,0.37446225071667494,0.02346032073426823,61.777313986300676,65.18769325210714,0.23554627972601352,0.30375386504214275,-0.00040172112292923,-0.06074074074074071,-0.007101658677844035,0.020008312441022347,-0.0005514200023452468,0.1173607238543209,-0.39727124321658924,0.08156305630040409,-0.003982298106078079,0.5231410895886267,-0.1578540934580926,0.2595793957412743,-0.05086265114159086,0.013760091693204374,-1.7654729936435933,0.6382978723404256,0.2444431806963205,0.9809688673662808,0.9,1.0,0.13775236282517397,-0.007006450374306673,1944.0,13.0,nearest_listed_proxy,pure_direction_quality_causal_calibration
2013-07,2013-06,2013-06,2013-06-28,2013-06,2013-06,2013-06-28,2013-05-31,0.46942288264498905,0.9671052631578947,0.033951337624519816,0.03395134086433557,1.6953682668616636,-0.10665582200020518,9.256616452513198e-07,2.7769849357539596e-09,4.6283082261178264e-10,0.005366028798260458,0.19849493409641197,0.006356740544736339,0.7704741233649349,0.02467420199391679,0.3679094462447802,0.33548848705962836,0.2966020666955915,1.953118206752378e-18,Stage30_PureODS_QualityCausal,True,False,0,Optimization terminated successfully,1,-0.0048302046206506275,0.005652649543876236,0.001013366001216179,0.06175159851921775,1.0,0.0005066830006080895,0.00031575433068369084,0.00031575433068369084,7.59193382766682e-09,0.0048302046206506275,0.11027416748538231,-0.07991120354136458,0.0,0.019725832514617694,0.08008879645863543,0.3679094462447802,KODEX200,0,-0.035314416892729766,-0.03410984751735447,0.000754150846849059,0.000754150846849059,87,-2.5723970391105145e-05,True,0.009287366056445676,0.004157616645837756,0.007796983267860798,0.00022214922289760168,4.4823007721330365e-05,2.3627923243806857e-05,-0.00043215613801686405,3.3573080830286507e-06,0.009332189064167006,0.004181244569081563,0.007364827129843934,0.00022550653098063033,0.006745427794320274,0.004688214393309916,0.005388030512953773,0.003596505651390555,1.0,-1.0,1.0,-1.0,-0.306206087787954,-0.16093226435707753,-0.6263542913785267,0.3106835302115836,0.346896956106023,0.5804661321785387,0.18682285431073664,0.3446582348942082,0.006726328756990048,0.004664586470066109,0.0058201866509706365,0.0035931483433075265,0.3537282020444979,0.9476351351351351,0.8947979563399907,0.07344789356984478,1.3537282020444978,1.947635135135135,1.8947979563399908,1.0734478935698448,2013-06-28,-0.9502809104982787,-0.48725335175202567,0.015672631258641295,2013-06-30,-0.19179889479812462,-0.16093226435707753,0.001354940026675412,2013-06-28,-1.6763320892655116,-0.6263542913785267,0.026007185468173502,2013-06-28,0.4507124721783407,0.3106835302115836,0.0202653278477188,42.914334512254655,35.51741990715353,-0.1417133097549069,-0.2896516018569294,0.03569664285706042,0.15707964601769903,0.014008039866229914,0.0728121909945135,0.014821892532895634,-0.23945113462732737,0.8419660130957579,0.3130578052467354,0.7724564363976753,-1.0691360751009142,0.5775119091712466,-0.1483398193516195,-0.21458604490981356,0.021785066075425654,-1.1458623965336994,0.6382978723404256,0.292495394694737,0.9770524318437822,0.9021739130434783,1.0,0.16456996030460297,-0.035314416892729766,1958.0,13.0,nearest_listed_proxy,pure_direction_quality_causal_calibration
2013-08,2013-07,2013-07,2013-07-30,2013-07,2013-07,2013-07-31,2013-06-30,0.32736818074270263,0.7633451957295374,0.016449282716727062,0.016449287397125728,1.7232558587922386,-0.09196095105294444,1.3372567614366305e-06,4.011770284309892e-09,6.686283807743465e-10,0.006075998310454483,0.1831514214598763,0.014671933685155937,0.7426817357302878,0.0594949091246799,0.3682294494762466,0.3258511200736371,0.3059194304501163,0.0,Stage30_PureODS_QualityCausal,True,False,0,Optimization terminated successfully,2,-0.005080603614687834,0.0058683766107155075,0.0009359037075873678,0.06480509708306188,1.0,0.0004679518537936839,0.00031981258100876735,0.00031981258100876735,8.561225222307617e-09,0.005080603614687834,0.10597567877135024,-0.08511881153483117,0.0,0.024024321228649767,0.07488118846516884,0.3682294494762466,KODEX200,0,-0.1263019980110669,-0.11213866106435325,0.00016978653526328596,0.00016978653526328596,88,-1.9039634731180483e-05,True,0.009452357946648563,0.004223251117652513,0.009217051459352322,0.001411332718164533,4.778832198687492e-05,1.9834180516943922e-05,-0.0014634456759470707,1.5675807941770908e-05,0.009500146268635438,0.004243085298169457,0.0077536057834052515,0.001427008526106304,0.007578676041221326,0.004651176702389499,0.005106226053916678,0.004858983758334127,1.0,-1.0,1.0,-1.0,-0.1269122947029426,-0.5594742706338991,-0.6856637592506262,0.4714775000807798,0.4365438526485287,0.7797371353169495,0.15716812037468691,0.2642612499596101,0.007549927353965632,0.004631342521872555,0.0065696717298637484,0.004843307950392357,0.1587040907733652,0.7126159554730983,0.6834482758620689,0.024370208105147863,1.1587040907733652,1.7126159554730984,1.683448275862069,1.0243702081051478,2013-07-31,-1.1942620788394462,-0.5442659244565244,0.012630483541815425,2013-07-31,-1.2700149692481308,-0.5594742706338991,0.0007697330722499767,2013-07-31,-2.1813067357935316,-0.6856637592506262,0.019822127067494505,2013-07-31,0.8920670362242683,0.4714775000807798,0.01856966553179694,58.405650483112105,49.77080153427273,0.1681130096622421,-0.004583969314545442,0.020433855430000064,0.38568450312717156,-0.002800202324625574,0.3878325854927609,0.01114114834875854,0.2969663733997909,-0.145517680327413,1.7144619312503369,0.5906709711379802,1.3228471038587586,0.7844721254614619,0.9567590374983694,-0.8706155814799157,0.02667092827561396,-0.8700679708256914,0.5769230769230769,0.2924953946947368,0.9764491915496456,0.8804347826086957,1.0,0.14507206245536344,-0.1263019980110669,1976.0,8.0,nearest_listed_proxy,pure_direction_quality_causal_calibration
2013-09,2013-08,2013-08,2013-08-30,2013-08,2013-08,2013-08-30,2013-07-31,0.35509957117713065,0.8071512309495897,-0.014090366735764949,-0.014090364849303108,1.6989745517623005,-0.10475555426300365,5.399837565145393e-07,1.619951269543618e-09,2.6651056980742103e-10,0.00607943107025589,0.1765941703995579,0.016870721017297145,0.7362028187919014,0.07033228979124345,0.36651230878181396,0.32165425079558585,0.3118334404226002,0.0,Stage30_PureODS_QualityCausal,True,False,0,Optimization terminated successfully,1,-0.005446942678591821,0.006181557686133682,0.0008315371776469768,0.06918946916772231,1.0,0.0004157685888234884,0.00031883944759196936,0.00031883944759196936,6.971126402795601e-09,0.005446942678591821,0.09989217252499678,-0.08832919944533316,0.0,0.03010782747500322,0.07167080055466685,0.36651230878181396,KODEX200,0,-0.04206048533018214,-0.04036280611566906,0.0,0.0,89,-0.0,True,0.009406564666658948,0.004230274393245139,0.009763779446254481,0.0009171057748649925,4.7807864972512505e-05,2.167148586968655e-05,-0.0009528803009414043,1.6183133334358614e-05,0.00945437253163146,0.004251945879114825,0.008810899145313078,0.0009332889081993511,0.007711002435538183,0.004666926404799927,0.005946263048938698,0.005151458133084196,1.0,-1.0,1.0,-1.0,-0.04797120138369144,-0.5511678043896884,-0.5550299830688296,0.6342128725018441,0.47601439930815426,0.7755839021948442,0.22248500846558522,0.18289356374907795,0.007663194570565671,0.004645254918930241,0.006899143349880102,0.005135274999749837,0.15474777448071217,0.7422964049889949,0.3038233955393719,0.018668831168831168,1.1547477744807122,1.7422964049889949,1.3038233955393719,1.0186688311688312,2013-08-30,-1.0781680544863235,-0.5188069618136933,0.012550788987526538,2013-08-31,-1.2280041623133187,-0.5511678043896884,0.0007967356548639478,2013-08-30,-1.2473424319613955,-0.5550299830688296,0.01476935440510991,2013-08-30,1.7338304845214687,0.6342128725018441,0.017693523474963297,61.8655912695261,56.87907661360485,0.23731182539052198,0.13758153227209705,0.03453925508269734,0.30838165524512384,0.018387159192991054,-0.03448340502445117,0.012402000918259964,-0.13583589915573513,1.1048783959823367,-0.16457341041249512,0.6518037942535246,-0.6147873279077324,0.4701524927849208,0.018508233172896127,-0.24433036297890845,0.02113855349664769,-1.169169084617578,0.6382978723404256,0.3032632800927927,0.9842598817964237,0.9035326086956521,1.0,0.1721459617927755,-0.04206048533018214,1992.0,13.0,nearest_listed_proxy,pure_direction_quality_causal_calibration
2013-10,2013-09,2013-09,2013-09-30,2013-09,2013-09,2013-09-30,2013-08-31,0.44349042810216743,0.0,0.010711111604769183,0.010711114721373163,1.717172457799889,-0.09516649109116504,8.904582801116945e-07,2.6713748403350835e-09,4.4522914005584727e-10,0.005516112314167328,0.16055984838509346,0.013222442308961916,0.7633539045286595,0.06286380477728518,0.3862888591689032,0.3277362352999267,0.28597490553117016,2.5529246316401968e-23,Stage30_PureODS_QualityCausal,True,False,0,Optimization terminated successfully,1,-0.005617234891252492,0.006350958258052146,0.0008248468068393067,0.07126241825558992,1.0,0.00041242340341965335,0.00032129239485684014,0.00032129239485684014,7.568523160273731e-09,0.005617234891252492,0.09948950538660688,-0.09295584970490423,0.0,0.030510494613393127,0.06704415029509578,0.3862888591689032,KODEX200,0,0.046780821580361606,0.0446901783218907,0.0,0.0,90,0.0,True,0.010023752335774226,0.004221921409863806,0.007875277985440706,-5.650247440942683e-05,-4.260151374877299e-05,-1.4228652065894817e-05,-0.00041402324218808026,4.661319978924355e-06,0.009981150822025454,0.004207692757797911,0.007461254743252627,-5.184115443050248e-05,0.008004560676012795,0.004945383918276691,0.005728139452779883,0.0043800111864878205,1.0,-1.0,1.0,-1.0,0.12300443844757729,0.14000362392559632,-0.46926119820765316,0.5905827009622598,0.5615022192237886,0.42999818803720186,0.26536940089617345,0.20470864951887008,0.008047162189761568,0.004959612570342586,0.006142162694967963,0.0043753498665088965,0.057408500590318774,0.5731132075471698,0.5221019395579612,0.010974304068522484,1.0574085005903189,1.5731132075471699,1.5221019395579614,1.0109743040685224,2013-09-30,-0.16004050764128744,-0.13796113720778433,0.011018604950321996,2013-09-30,0.1627955975403828,0.14000362392559632,0.0006420216045363876,2013-09-30,-0.8841659901686497,-0.46926119820765316,0.017365765205641724,2013-09-30,1.4424957185500362,0.5905827009622598,0.01720182295367676,62.14397629516706,63.20474633235875,0.24287952590334114,0.26409492664717504,-0.0005411979863348682,0.1216122307157748,-0.0020017604556401268,-0.05095301947982818,-0.02413784560977708,0.027406261678128756,-0.09723033629495578,-0.23519133162900355,-1.1956423373022782,0.11647010914292955,-0.16621083396197966,-0.5395861140796743,0.35289847402082697,0.019117751856741454,-1.2943243637293234,0.6,0.26256069833187373,0.9682634113928812,0.8690476190476191,1.0,0.132561699820784,0.046780821580361606,2005.0,10.0,nearest_listed_proxy,pure_direction_quality_causal_calibration
2013-11,2013-10,2013-10,2013-10-31,2013-10,2013-10,2013-10-31,2013-09-30,0.41028701059594863,0.0,-0.014603418872670328,-0.014603412697854765,1.6920958691220245,-0.10838015383178878,1.7642330182032762e-06,5.2926990546098286e-09,8.821165090877603e-10,0.005519335142310912,0.2573975306493802,0.010988891341508633,0.7016581799190117,0.029955398090099353,0.39188343993493296,0.32495475245252975,0.28316180761253734,2.3484968144621718e-23,Stage30_PureODS_QualityCausal,True,False,0,Optimization terminated successfully,1,-0.005838636753456319,0.006555519061467919,0.0007882831092046077,0.07393653008238739,1.0,0.00039414155460230384,0.0003227310376426961,0.0003227310376426961,9.715766600389864e-09,0.005838636753456319,0.09725943301528799,-0.09161077044996571,0.0,0.03274056698471202,0.06838922955003429,0.39188343993493296,KODEX200,0,-0.07765954268998278,-0.07206315131412852,8.09388114165436e-05,8.09388114165436e-05,91,-5.832705814296095e-06,True,0.010062057407932253,0.004134483932261108,0.00818423487204708,-0.00030343564299679156,-3.212513864798603e-05,-1.004682224423858e-05,-0.0006252642390889989,2.2870229031560515e-06,0.010029932269284267,0.00412443711001687,0.007558970632958082,-0.0003011486200936355,0.008296148075810002,0.005275449277247809,0.005615565583342384,0.0032975537154297497,1.0,-1.0,1.0,-1.0,0.23924405384108413,0.6622900119205504,-0.458520204666837,0.236078996825293,0.619622026920542,0.16885499403972482,0.27073989766658146,0.3819605015873535,0.008334105920272285,0.005285496099492047,0.006240829822431383,0.0032952666925265936,0.02244059841595776,0.5168640114818801,0.5368303571428571,0.012956107879428873,1.0224405984159577,1.51686401148188,1.5368303571428572,1.012956107879429,2013-10-31,0.45802384518453404,0.3141401608055076,0.009920140209280897,2013-10-31,1.9611205925148425,0.6622900119205504,0.000594850436308845,2013-10-31,-0.846790976539979,-0.458520204666837,0.017575473211965953,2013-10-31,0.30903587654246273,0.236078996825293,0.017064455775500486,54.52634144564412,65.65325859024311,0.09052682891288243,0.31306517180486226,-0.005413094056460288,0.33687315634218284,-0.011705745974852806,0.4313197528792502,-0.009587921762451882,0.2654035640054132,-0.6752850819923175,1.9013540300401586,-0.4565260108529226,1.1860887254264363,0.6130344740239205,0.36478135728675687,-0.4889079156553387,0.015295775511722284,-1.5707589028447089,0.6521739130434783,0.2942967621355776,0.9453748452564558,0.8754166666666666,1.0,0.1588428826845376,-0.07765954268998278,2022.0,14.0,nearest_listed_proxy,pure_direction_quality_causal_calibration
2013-12,2013-11,2013-11,2013-11-29,2013-11,2013-11,2013-11-29,2013-10-31,0.37288939299821966,0.2818599311136625,-0.006710930928392199,-0.00671091989511368,1.680740330620129,-0.1143637530338073,3.152365291164694e-06,9.457095873494083e-09,1.5761826455962245e-09,0.005064174636928066,0.2371295655574871,0.013047377412432604,0.7107178369347507,0.039105220095329615,0.4021626246454713,0.32852086171356326,0.2693165136409655,5.701694927328644e-22,Stage30_PureODS_QualityCausal,True,False,0,Optimization terminated successfully,2,-0.005490147179517448,0.0062113630580652906,0.0007929709894480784,0.06977853076009502,1.0,0.0003964854947240392,0.0003247158732260535,0.0003247158732260535,1.4510597750027292e-08,0.005490147179517448,0.09754820281982103,-0.09410825897060568,0.0,0.03245179718017897,0.06589174102939432,0.4021626246454713,KODEX200,0,-0.017806272732165018,-0.017494756329577785,0.0,0.0,92,-0.0,True,0.01007567862891722,0.004033210624691922,0.007107262017626975,-0.0009594527235238498,-1.6130729027188909e-06,-2.5005047253068518e-06,-0.0010997705358002927,5.471289117874095e-06,0.0100740655560145,0.0040307101199666155,0.006007491481826682,-0.0009539814344059757,0.008477068233251967,0.0048468804850241185,0.004492489814910174,0.000958709365769667,1.0,-1.0,1.0,-1.0,0.36266744461729666,0.583314946730765,-0.48305126959205225,-0.36493720951817143,0.6813337223086483,0.2083425266346175,0.2584743652039739,0.6824686047590858,0.008478681306154687,0.004849380989749425,0.005592260350710467,0.0009532380766517929,0.10189504373177842,0.28345757898473556,0.4303097345132743,0.03218210361067504,1.1018950437317785,1.2834575789847356,1.4303097345132743,1.032182103610675,2013-11-29,1.1326987838629776,0.531110531141819,0.011557699351558683,2013-11-30,1.3998940978424406,0.583314946730765,0.00044715700047494013,2013-11-29,-0.9344278091385475,-0.48305126959205225,0.016357656654855057,2013-11-29,-0.5746474442964763,-0.36493720951817143,0.017595469910188007,59.82104405333444,68.0235460821691,0.19642088106668878,0.3604709216433821,0.004190635241908713,0.4202726733847067,-0.005370942420048042,0.2661590366384619,-0.012167264418973282,0.0222611983561076,-0.2990719893727638,1.1659376627074565,-0.5913686538455123,0.09368078917663471,0.43343283666734633,-0.2488439323344388,-0.09229445216645377,0.016221182317106446,-1.4771177300752671,0.6382978723404256,0.3488793964529346,0.9901264277759776,0.875,1.0,0.1929289606709108,-0.017806272732165018,2038.0,13.0,nearest_listed_proxy,pure_direction_quality_causal_calibration
2014-01,2013-12,2013-12,2013-12-30,2013-12,2013-12,2013-12-30,2013-11-30,0.297145857403382,0.628132118451025,-0.00572503342384535,-0.005724991811119079,1.6711180360505238,-0.11943405014905772,1.1889350363336687e-05,3.566805109001006e-08,5.94467518166822e-09,0.004951898885467026,0.21227690141493766,0.018617368122108915,0.707091525703511,0.06201420475944236,0.400692576954757,0.3328598212951198,0.2664476017501232,1.6572957133461291e-19,Stage30_PureODS_QualityCausal,True,False,0,Optimization terminated successfully,3,-0.005004500092575057,0.005697312107448003,0.0007498035237360755,0.06386892414695958,1.0,0.00037490176186803775,0.0003178659642570326,0.0003178659642570326,4.428874787526493e-08,0.005004500092575057,0.09485590274112046,-0.095277217681003,0.0,0.03514409725887954,0.064722782318997,0.400692576954757,KODEX200,0,0.006314670283466895,0.0062750454404963876,0.0,0.0,93,0.0,True,0.00965394136945715,0.00411165723642909,0.00693826259508839,-0.0008962656591065263,3.643691581743137e-05,1.5690751823844724e-05,-0.001912268536794616,1.5027050995597837e-05,0.009690378285274581,0.004127347988252935,0.005025994058293773,-0.0008812386081109285,0.007992319120616037,0.004728301137934891,0.0034565433702975355,0.0001669795531398471,1.0,-1.0,1.0,-1.0,0.27773550730763263,0.4304293303480925,-0.5802248907330299,-0.6415223432030804,0.6388677536538163,0.28478533482595375,0.20988755463348507,0.8207611716015402,0.007955882204798606,0.004712610386111046,0.005368811907092152,0.00015195250214424926,0.03463768115942029,0.26070926966292135,0.3895221394125384,0.0018115942028985507,1.0346376811594202,1.2607092696629214,1.3895221394125383,1.0018115942028984,2013-12-30,1.4898592621790827,0.5983708737317076,0.010303397193074848,2013-12-31,0.7557083840204569,0.4304293303480925,0.00043602415621403354,2013-12-31,-1.3822279547404426,-0.5802248907330299,0.015920936191418267,2013-12-31,-1.789574136740433,-0.6415223432030804,0.012082550129351435,60.65722786238226,51.084554547177255,0.21314455724764514,0.021691090943545106,0.005379122353643809,-0.08481262327416171,0.01264305367604278,0.006378052774549267,-0.0020397044326222157,-0.21213812217534259,0.7774101748879142,0.020218954453063848,-0.07156324467500261,-0.9544510292143956,0.39881456467048904,-0.5130071369446991,0.057096286137105046,0.013226718580131677,-1.730586112851002,0.6,0.20436941458873908,0.9892200055808619,0.9117647058823529,1.0,0.11059686558778108,0.006314670283466895,2053.0,10.0,nearest_listed_proxy,pure_direction_quality_causal_calibration
2014-02,2014-01,2014-01,2014-01-29,2014-01,2014-01,2014-01-29,2013-12-31,0.43280930988984656,0.0,0.026560386363380584,0.02656038822637257,1.7155035767468394,-0.09604587830257949,5.322834241427991e-07,1.5968502724283974e-09,2.6614171200201e-10,0.004951053939114226,0.1931702626961075,0.020744183662229618,0.7098555309546861,0.07623002268697673,0.3828651148170397,0.33570912969162203,0.2814257554913383,5.568395351720844e-17,Stage30_PureODS_QualityCausal,True,False,0,Optimization terminated successfully,1,-0.004955004834487497,0.005624982218248958,0.0007334439304577686,0.06309912303624088,1.0,0.0003667219652288843,0.0003032485451911235,0.0003032485451911235,6.8733414518542166e-09,0.004955004834487498,0.09381538874562757,-0.09677980092082515,0.0,0.03618461125437243,0.06322019907917485,0.3828651148170397,KODEX200,0,-0.05310854208958419,-0.05043026427665842,0.0,0.0,94,-0.0,True,0.008774982684716465,0.0041199707239796286,0.007615619725432779,-0.0007063573776719685,-1.6453498120944266e-05,-1.8636205988309223e-05,-0.0003906303050952323,5.705357179159835e-06,0.008758529186595521,0.004101334517991319,0.007224989420337546,-0.0007006520204928087,0.006862354950902032,0.004690992148090639,0.005055745548756714,0.0003618256611042677,1.0,-1.0,1.0,-1.0,0.008258593796126645,0.41900984007678005,-0.628215661042415,-0.6243944015721176,0.5041292968980633,0.29049507996160995,0.1858921694787925,0.8121972007860587,0.006878808449022976,0.004709628354078949,0.0054463758538519464,0.00035612030392510787,0.09985590778097983,0.12035428968391802,0.2391398783666377,0.0069124423963133645,1.0998559077809797,1.120354289683918,1.2391398783666376,1.0069124423963134,2014-01-29,0.5486742473019632,0.35428641514368886,0.011508681987033425,2014-01-31,0.7211995468772722,0.41900984007678005,0.00036845778102541284,2014-01-31,-1.6897313716974103,-0.628215661042415,0.013959291669842833,2014-01-31,-1.6623671324004599,-0.6243944015721176,0.013706405605880786,44.841947061091666,38.68252125114289,-0.10316105877816667,-0.22634957497714225,0.0041478454937439735,0.17304189435336972,-0.01350008798305018,0.22813872022840165,-0.0009049462736445864,0.30048924844643615,-0.787079019311794,0.9968880757368861,-0.016045553497063228,1.3448131439503197,0.10490452821254603,0.6643837952266283,-0.38464416171958715,0.015561344694790341,-1.5016348390594434,0.6666666666666666,0.2316022970725963,0.9849589542550811,0.9078947368421053,1.0,0.1380718788299231,-0.05310854208958419,2068.0,15.0,nearest_listed_proxy,pure_direction_quality_causal_calibration
2014-03,2014-02,2014-02,2014-02-28,2014-02,2014-02,2014-02-28,2014-01-31,0.3465737997792449,0.0,-0.012709596158064315,-0.012709593561489213,1.693700219078672,-0.10753477013477142,7.41878600579727e-07,2.225635801739181e-09,3.7093930033149723e-10,0.005463442771217904,0.2252092471470503,0.025497743093426794,0.6730873936088797,0.07620561615064321,0.3786892181419469,0.32901331628996283,0.29229746556809033,2.071718630163441e-18,Stage30_PureODS_QualityCausal,True,False,0,Optimization terminated successfully,1,-0.005417876298539759,0.006057412837169834,0.0006729749232167365,0.06865110450673759,1.0,0.00033648746160836823,0.0003030418693267455,0.0003030418693267455,7.207694960620956e-09,0.005417876298539759,0.08986489347125962,-0.09858055840173444,0.0,0.04013510652874039,0.06141944159826557,0.3786892181419469,KODEX200,0,-0.23192343127570808,-0.188261238797562,0.0,0.0,95,-0.0,True,0.008671948742934412,0.0041517901263967314,0.008756241885473358,0.000273790330067115,-1.2345455950637302e-05,-1.698616047411234e-05,-0.0008630411955124237,1.2213822631177495e-05,0.008659603286983775,0.004134803965922619,0.007893200689960933,0.0002860041526982925,0.007159577731476406,0.0051949817610288124,0.005600253027740525,0.0019104039030121056,1.0,-1.0,1.0,-1.0,0.0649694476305579,0.6165526738990186,-0.3927042510996761,-0.3739851488190962,0.532484723815279,0.1917236630504907,0.30364787445016195,0.6869925744095481,0.007171923187427043,0.005211967921502925,0.006463294223252949,0.0018981900803809282,0.02965616045845272,0.10577915376676987,0.06613528651443343,0.0032961460446247464,1.0296561604584527,1.1057791537667698,1.0661352865144333,1.0032961460446248,2014-02-28,-0.17845100917316142,-0.1514284495359449,0.010130626774778648,2014-02-28,1.6079201286088731,0.6165526738990186,0.00035975182321574455,2014-02-28,-0.6466441627671119,-0.3927042510996761,0.01087994342441128,2014-02-28,-0.5974061927023249,-0.3739851488190962,0.01215316435782064,60.08023108568676,57.23660853569417,0.20160462171373525,0.14473217071388333,0.03039284318838656,0.48068669527896984,0.015120844761842538,0.5031546911056428,0.014737702421628324,0.529596185217411,0.9277129733694998,2.212010886800484,0.7853070601572599,2.361030781656069,1.5698619300849919,1.5731689209066646,-1.5715154254958281,0.01478565613905531,-1.5575987235473774,0.6382978723404256,0.2574228873732253,0.9927070798125449,0.9047619047619048,1.0,0.14757948125296577,-0.23192343127570808,2083.0,13.0,nearest_listed_proxy,pure_direction_quality_causal_calibration
2014-04,2014-03,2014-03,2014-03-31,2014-03,2014-03,2014-03-31,2014-02-28,0.314802615081866,0.3153503893214683,-0.010608534564256726,-0.010608533319497963,1.6757325417630868,-0.11700251837319409,3.5564536102307936e-07,1.066936083069238e-09,1.7782268049817098e-10,0.005284352120917582,0.2784696930857707,0.023827781803931743,0.6427080084063583,0.05499451670393919,0.3856475795991263,0.3338843394988727,0.28046808090200115,0.0,Stage30_PureODS_QualityCausal,True,False,0,Optimization terminated successfully,1,-0.005385082176037365,0.00601624155544023,0.000660228970792848,0.06823352484052567,1.0,0.000330114485396424,0.00030103818289409673,0.00030103818289409673,6.711112344314578e-09,0.005385082176037365,0.08900981771419474,-0.09794594100473626,0.0,0.04099018228580527,0.06205405899526374,0.3856475795991263,KODEX200,0,-0.028978426781122175,-0.02816232685438631,0.0,0.0,96,-0.0,True,0.008559636394359712,0.0040873267901128975,0.008119769740095335,0.0003706755591023817,3.567781667595821e-06,-1.1149169870771264e-06,-0.0011489459117434817,1.1718221497473483e-05,0.008563204176027309,0.00408621187312582,0.006970823828351853,0.0003823937805998552,0.0069135908425439225,0.005174916441118341,0.0057839324088242525,0.0032287805651198234,1.0,-1.0,1.0,-1.0,-0.007310019993922168,0.8190167575829893,0.16281015431385462,0.15855683568576664,0.4963449900030389,0.09049162120850535,0.5814050771569274,0.4207215821571167,0.006910023060876327,0.005176031358105419,0.006932878320567735,0.00321706234362235,0.008117345485616633,0.06790333560245064,0.1248932536293766,0.009282488710486703,1.0081173454856167,1.0679033356024505,1.1248932536293765,1.0092824887104868,2014-03-31,-1.0857682315290997,-0.5205603456397028,0.009188441952540224,2014-03-31,4.525373435933147,0.8190167575829893,0.0003326982949963036,2014-03-31,0.19447220382901137,0.16281015431385462,0.012326340760730576,2014-03-31,0.18843439748540672,0.15855683568576664,0.013020238856913457,60.648341386739645,64.28317289615717,0.2129668277347929,0.28566345792314335,0.030358827119396442,-0.06475903614457826,0.016775103803192314,-0.11178195292224699,0.02196108957986743,-0.14104520538756887,1.0291559459633537,-0.5032953500016324,1.1562776215081,-0.6390458933862753,0.26293029798086065,0.2586158640609124,-0.26077308102088653,0.018301297598405247,-1.2655727646652262,0.6,0.20357479647070026,0.9868809112702671,0.921875,1.0,0.11112506961100467,-0.028978426781122175,2099.0,10.0,nearest_listed_proxy,pure_direction_quality_causal_calibration
2014-05,2014-04,2014-04,2014-04-29,2014-04,2014-04,2014-04-30,2014-03-31,0.3542166328464199,0.12720264317180616,-2.226471369538187e-05,-2.22633658752084e-05,1.6756952320578145,-0.11702217805931625,4.34618805361664e-07,1.303856416084992e-09,4.3963757384579744e-11,0.0050385237957804,0.30636107569859833,0.032097616182712535,0.5988042607142471,0.06273704740444208,0.3872080901684468,0.33854949749710006,0.2742424123344531,1.0672743739011992e-22,Stage30_PureODS_QualityCausal,True,False,0,Optimization terminated successfully,1,-0.00514315510979045,0.005759754692545422,0.0006400763360353489,0.06527659829433297,1.0,0.00032003816801767445,0.0002965546838861671,0.0002965546838861671,6.730851129796991e-09,0.00514315510979045,0.08764083541605584,-0.09778683818426373,0.0,0.04235916458394416,0.06221316181573627,0.3872080901684468,KODEX200,0,-0.11732412171356243,-0.10500455457242844,0.0,0.0,97,-0.0,True,0.008112010271912027,0.004096745163074731,0.008056878800556467,-0.00011153905242162424,-4.66681493262331e-06,-9.468994816264202e-06,-0.0008993820611940221,8.425680559757939e-06,0.008107343456979403,0.004087276168258467,0.007157496739362445,-0.0001031133718618663,0.006250801655846056,0.00493150289282456,0.0060889046332330355,0.003830051801523225,1.0,-1.0,1.0,-1.0,-0.20810149356508081,0.7928347389676572,0.29193742655285226,0.5274241458075514,0.3959492532174596,0.10358263051617139,0.6459687132764261,0.23628792709622432,0.006255468470778679,0.004940971887640824,0.006988286694427057,0.003821626120963467,0.004387206340220775,0.004548517520215634,0.06199746085484553,0.012164846077457795,1.0043872063402208,1.0045485175202156,1.0619974608548455,1.0121648460774577,2014-04-30,-0.3982053163825636,-0.28479745550732155,0.008583373506514237,2014-04-30,3.827064127531881,0.7928347389676572,0.00023406226872876542,2014-04-30,0.4123045582420457,0.29193742655285226,0.010802028955424718,2014-04-30,1.1160624080314665,0.5274241458075514,0.012993129260924717,40.89979548565902,42.12485325494493,-0.1820040902868196,-0.15750293490110137,0.020000000000000004,0.6403940886699507,0.006902368141238373,0.43458696322799556,0.017865443046072377,0.27192345374093096,0.4366667840697524,1.904202649811186,0.9490462770339054,1.2108002548330765,1.1704347169404692,1.079923265933491,-1.12517899143698,0.0071198766330402485,-2.4536814775235585,0.5769230769230769,0.21242498525600093,0.9806162601476697,0.8676470588235294,1.0,0.10427151822638134,-0.11732412171356243,2116.0,8.0,nearest_listed_proxy,pure_direction_quality_causal_calibration
2014-06,2014-05,2014-05,2014-05-30,2014-05,2014-05,2014-05-30,2014-04-30,0.4189878655951936,0.0,0.016368338521134344,0.01636833912578026,1.7031235788743877,-0.10256929816313709,1.739567795366881e-07,5.218703386100643e-10,8.277557936309244e-11,0.004908580010829009,0.2516233479897086,0.024151174031175487,0.6608008532954757,0.06342462468364034,0.39473029805390825,0.3413910632066089,0.26387863873948286,1.097656382510487e-22,Stage30_PureODS_QualityCausal,True,False,0,Optimization terminated successfully,1,-0.005177378610428995,0.005795397445769425,0.0006451059828458511,0.06567413345215799,1.0,0.00032255299142292557,0.00029545929411601413,0.00029545929411601413,6.549801489771057e-09,0.005177378610428995,0.08798449746489556,-0.09759104961587095,0.0,0.04201550253510444,0.06240895038412905,0.39473029805390825,KODEX200,0,-0.011374212703294608,-0.011246294952382226,0.0,0.0,98,-0.0,True,0.008543656565236032,0.0041443378907942575,0.006945543802973698,7.8178431204732e-07,-1.251608805453666e-05,-1.4266501967377073e-05,-0.0004939611253449347,4.912348792772359e-06,0.008531140477181495,0.00413007138882688,0.006451582677628763,5.694133104819679e-06,0.006751594005608809,0.004814785888337793,0.005633702921790268,0.0034848551635094692,1.0,-1.0,1.0,-1.0,0.020902891623982928,0.7918784677289905,0.19696191067062538,0.417809318894429,0.5104514458119914,0.10406076613550475,0.5984809553353126,0.2910953405527855,0.006764110093663346,0.0048290523903051705,0.006127664047135203,0.003479942814716697,0.011683558558558559,0.18056018672890964,0.10339765100671142,0.006633906633906634,1.0116835585585586,1.1805601867289097,1.1033976510067114,1.0066339066339067,2014-05-30,0.06856616074286774,0.06416650953573198,0.008822699982659268,2014-05-31,3.8048848626476124,0.7918784677289905,0.00038709085573008156,2014-05-30,0.24527094453901965,0.19696191067062538,0.011601211344126566,2014-05-30,0.7176503033353535,0.417809318894429,0.012054172851161131,51.06139862882478,48.86570963798606,0.021227972576495658,-0.022685807240278848,-0.00032760923318608803,0.40441176470588236,-0.007307277587349384,0.2268503776933952,-0.010368195716631515,0.06830249572658784,-0.42013691112997814,0.9874604469288527,-0.5109672682394255,0.29425596422124356,0.2836617678994373,-0.10835565200909097,-0.08765305794517317,0.008413519609314427,-2.203581958488878,0.6382978723404256,0.2361725773309616,0.9481256794127393,0.9078947368421053,1.0,0.12976401474103913,-0.011374212703294608,2132.0,13.0,nearest_listed_proxy,pure_direction_quality_causal_calibration
2014-07,2014-06,2014-06,2014-06-30,2014-06,2014-06,2014-06-30,2014-05-31,0.2964565904780431,0.810064935064935,0.013292448805014614,0.013292452066017093,1.7257622618551887,-0.09064024650292235,9.31714994212296e-07,2.7951449826368878e-09,4.65857497106148e-10,0.005060566819733439,0.22024766628626075,0.024917884103579375,0.6781153620268232,0.07671908758333669,0.3868056016534852,0.3386164461644221,0.2745779521820927,1.112156872617581e-22,Stage30_PureODS_QualityCausal,True,False,0,Optimization terminated successfully,1,-0.005045075894096623,0.00565074149198677,0.0006306601460739569,0.0640249370273975,1.0,0.00031533007303697843,0.00029032797769981976,0.00029032797769981976,7.54715334921668e-09,0.005045075894096623,0.0869938029568054,-0.09877067122176929,0.0,0.04300619704319461,0.061229328778230716,0.3868056016534852,KODEX200,0,-0.1629077932565837,-0.1400865951722449,0.0,0.0,99,-0.0,True,0.008412202390795194,0.004216878965451014,0.007525770039208574,8.74158834789755e-05,3.070853888204181e-05,2.1454476831446206e-05,-0.0014558890310579949,2.175893126238671e-05,0.008442910929677236,0.00423833344228246,0.006069881008150579,0.00010917481474136221,0.007023088350933491,0.004994677189028062,0.004526553306898135,0.003697730509359283,1.0,-1.0,1.0,-1.0,0.15275837802737965,0.7929468651386194,-0.25208963631082143,0.4431718403948732,0.5763791890136898,0.10352656743069028,0.3739551818445893,0.2784140798025634,0.006992379812051449,0.004973222712196615,0.00598244233795613,0.003675971578096896,0.026183141977037243,0.21904919115219545,0.014760914760914762,0.0026750972762645915,1.0261831419770373,1.2190491911521955,1.0147609147609147,1.0026750972762646,2014-06-30,0.5565955632570235,0.3575723690824365,0.009301776675543693,2014-06-30,3.8296781435812957,0.7929468651386194,0.0004013458474933936,2014-06-30,-0.33705862166069206,-0.25208963631082143,0.008612844621066155,2014-06-30,0.7958861863400502,0.4431718403948732,0.010333876302783226,52.31103773741494,52.72410051257018,0.04622075474829884,0.05448201025140364,0.02496590706958876,0.5107102593010148,0.026885220142863115,0.5729930887232758,0.013966881291027043,0.333054912682068,1.6495619647872908,2.50835024669414,0.7529817241105384,1.4792028838551794,2.0789561057407155,1.116092303982859,-1.5975242048617873,0.011972664552284374,-1.7295221768618165,0.6,0.18687910292455875,0.9744187810222117,0.9333333333333333,1.0,0.10197516429535286,-0.1629077932565837,2147.0,10.0,nearest_listed_proxy,pure_direction_quality_causal_calibration
2014-08,2014-07,2014-07,2014-07-31,2014-07,2014-07,2014-07-31,2014-06-30,0.4479093126240596,0.0,-0.014046879736561015,-0.01404687636903153,1.7015206869090131,-0.10341391359756469,9.621512808699606e-07,2.886453842609882e-09,4.810756404349802e-10,0.004901195955954777,0.20452616271355253,0.020131546934946343,0.705863972722065,0.06947831762943611,0.394834760401238,0.33591582069636516,0.2692494189023968,2.478769889605711e-22,Stage30_PureODS_QualityCausal,True,False,0,Optimization terminated successfully,1,-0.005481241120938023,0.006094471301319242,0.0006401294040267889,0.06929287919167017,1.0,0.00032006470201339447,0.0002931577122010523,0.0002931577122010523,7.766166771812142e-09,0.005481241120938023,0.0876444684410914,-0.09860116581349149,0.0,0.0423555315589086,0.061398834186508516,0.394834760401238,KODEX200,0,0.13017944810020243,0.11518475965832697,0.0,0.0,100,0.0,True,0.008884582940592772,0.004215234694241577,0.007081323811530982,-0.0005763576225462276,-2.193863837859156e-05,-1.3809756829648108e-05,-0.00021329819682885633,3.901797101366485e-06,0.00886264430221418,0.004201424937411929,0.006868025614702126,-0.000572455825444861,0.007735249849097129,0.0048366103956918455,0.005257696881281052,0.002511584916524142,1.0,-1.0,1.0,-1.0,0.43395183171262586,0.8519572277114623,-0.477279169019623,0.12606502073248055,0.7169759158563129,0.07402138614426884,0.2613604154901885,0.43696748963375975,0.00775718848747572,0.004850420152521494,0.005470995078109908,0.0025076831194227756,0.013772954924874792,0.3602941176470588,0.08096415327564895,0.05991337824831569,1.0137729549248748,1.3602941176470589,1.0809641532756489,1.0599133782483157,2014-07-31,1.122526409764022,0.5288633416291966,0.008642259365220315,2014-07-31,5.754804605056871,0.8519572277114623,0.0004682884763596588,2014-07-31,-0.9130670536402252,-0.477279169019623,0.01083884952170446,2014-07-31,0.1442498855442779,0.12606502073248055,0.013894723050661927,72.45707214306142,66.19253553237263,0.4491414428612285,0.32385071064745263,-0.010825950106121585,0.16579144786196554,-0.019463373558040623,-0.15929705648216347,-0.023921481631090057,-0.274220935108545,-1.1573708771677549,-0.7087402125681801,-1.217957783321919,-1.2293287764373875,-0.9330555448679675,-1.2236432798796533,1.0783494123738104,0.011833285695514242,-1.7129960961828754,0.6521739130434783,0.20632533873692357,0.9839752016271848,0.9117647058823529,1.0,0.12072102660457115,0.13017944810020243,2165.0,14.0,nearest_listed_proxy,pure_direction_quality_causal_calibration
2014-09,2014-08,2014-08,2014-08-29,2014-08,2014-08,2014-08-29,2014-07-31,0.30885253347712516,0.4428418803418803,-0.010659784806171054,-0.010659776235066315,1.6833828425433148,-0.11297132833882162,2.448887068434713e-06,7.346661205304139e-09,1.2244435342034787e-09,0.004425827146149504,0.1511129157035571,0.014867374148500232,0.7593139538858868,0.07470575626205588,0.3955271222844023,0.34235931835495026,0.2621135593606475,2.3995983838777243e-22,Stage30_PureODS_QualityCausal,True,False,0,Optimization terminated successfully,2,-0.004649054287310174,0.005247525719390469,0.0006202003648307273,0.059249106443701266,1.0,0.00031010018241536363,0.00028835957682116117,0.00028835957682116117,1.167284377020366e-08,0.004649054287310174,0.08626937103032992,-0.09560721812380263,0.0,0.04373062896967009,0.06439278187619737,0.3955271222844023,KODEX200,0,-0.07433053566514859,-0.06918777154474944,0.0,0.0,101,-0.0,True,0.008834747538558218,0.004229822136358632,0.006057714522406559,-0.001418975612725389,1.5338978970239683e-05,5.233375322285731e-06,-0.001415129968429887,1.4629547229150623e-05,0.008850086517528458,0.004235055511680918,0.004642584553976672,-0.0014043460654962383,0.0071505228561596764,0.004410882480941947,0.003468699879408882,0.0006152834098648952,1.0,-1.0,1.0,-1.0,0.22903408993499055,0.7941068899068289,-0.4386834430452511,-0.30891441210929543,0.6145170449674953,0.10294655504658556,0.28065827847737446,0.6544572060546477,0.007135183877189436,0.004405649105619662,0.004883829847838769,0.0006006538626357446,0.027531820697288323,0.2508896797153025,0.015727124183006536,0.038828013339685566,1.0275318206972883,1.2508896797153026,1.0157271241830066,1.0388280133396857,2014-08-29,1.0850789320743894,0.5204018492455216,0.009020389073875913,2014-08-31,3.856889089428385,0.7941068899068289,0.0004178950538596379,2014-08-29,-0.7815259279455318,-0.4386834430452511,0.008529445865145592,2014-08-29,-0.4469987763051866,-0.30891441210929543,0.012835389484350259,51.79100628687602,56.54401474109649,0.035820125737520386,0.13088029482192978,0.0050000000000000044,0.39841688654353563,0.0038962486907475912,0.41876996360262736,-0.002429480112871361,0.10468531619771718,0.25950391602179457,1.8180518313508574,-0.09436318528657238,0.4602073456516215,1.038777873686326,0.18292208018252457,-0.6108499769344253,0.007546486714070044,-2.2467287588860474,0.6382978723404256,0.2316022970725963,0.9774623986011544,0.8421052631578947,1.0,0.12168378238823764,-0.07433053566514859,2180.0,13.0,nearest_listed_proxy,pure_direction_quality_causal_calibration
2014-10,2014-09,2014-09,2014-09-30,2014-09,2014-09,2014-09-30,2014-08-31,0.31163344982727165,0.08112407211028633,-0.01616370255458443,-0.01616369588446765,1.6561731429909539,-0.12730899594494105,1.9057476508543836e-06,5.717242952563151e-09,9.528738254271919e-10,0.004437297731471341,0.1849273389314702,0.014089194898147715,0.7442785686027764,0.05670489756760571,0.38573253600911656,0.3504350212364328,0.2638324427544507,2.4743029316088526e-22,Stage30_PureODS_QualityCausal,True,False,0,Optimization terminated successfully,1,-0.004242265778263633,0.004837294912013569,0.0006370239213221016,0.05422539541623021,1.0,0.0003185119606610508,0.00027650717341246077,0.00027650717341246077,9.999676423750972e-09,0.004242265778263633,0.08743161359522779,-0.0945729711495392,0.0,0.042568386404772215,0.0654270288504608,0.38573253600911656,KODEX200,0,-0.11697366621730108,-0.10472374573828538,0.0,0.0,102,-0.0,True,0.008234969489021528,0.004312135305910012,0.005959800215132168,-0.0007577140841783458,-1.4704757855587967e-05,-9.40168716557281e-06,-0.001265093938798567,1.0105182655908401e-05,0.00822026473116594,0.004302733618744439,0.004694706276333601,-0.0007476089015224374,0.006049950488654249,0.0044129641795034496,0.0036279653909974483,0.0006429789407339813,1.0,-1.0,1.0,-1.0,-0.14297094697395507,0.7614002008134263,-0.40129936966827834,-0.46464497421647843,0.42851452651302246,0.11929989959328685,0.29935031516586086,0.7323224871082392,0.006064655246509837,0.004422365866669022,0.004893059329796015,0.0006328737580780729,0.008670520231213872,0.48974687600128164,0.28493317132442286,0.24646226415094338,1.0086705202312138,1.4897468760012815,1.2849331713244228,1.2464622641509433,2014-09-30,0.5146930002434886,0.33980021044578085,0.008441110606387452,2014-09-30,3.1911183639263965,0.7614002008134263,0.0005343912069513045,2014-09-30,-0.6702838603091675,-0.40129936966827834,0.013897386159849,2014-09-30,-0.8679193279944367,-0.46464497421647843,0.020924175869482236,33.07688273473266,28.487464696885034,-0.33846234530534675,-0.4302507060622993,0.022325412342185574,0.16540212443095603,0.027587049840807235,0.15439237672708161,0.013453240608726007,-0.034464194737495596,1.7027645388931454,0.6631061751469758,0.7359920858149398,-0.160847372475978,1.1829353570200607,0.2875723566694809,-0.7352538568447708,0.010168389840028103,-1.8500403655476427,0.5882352941176471,0.3119489399194141,0.9884891103214921,0.8770903010033445,1.0,0.1590928971379703,-0.11697366621730108,2197.0,9.0,nearest_listed_proxy,pure_direction_quality_causal_calibration
2014-11,2014-10,2014-10,2014-10-31,2014-10,2014-10,2014-10-31,2014-09-30,0.2791156594691638,0.5420609884332281,0.017674750527166917,0.01767476317548703,1.6854455901231127,-0.11188440016096524,3.6138057463441786e-06,1.0841417239032535e-08,1.8069028731859674e-09,0.003835197752506932,0.19232403265265322,0.012745752903433487,0.7455227209835742,0.04940749346033919,0.38354370755592754,0.3586597697473704,0.25779652269670206,0.0,Stage30_PureODS_QualityCausal,True,False,0,Optimization terminated successfully,2,-0.0037616940447235897,0.004353329235376443,0.0006432444263710329,0.048380484266291116,1.0,0.00032162221318551647,0.00026999724018184437,0.00026999724018184437,1.5737285492522136e-08,0.0037616940447235893,0.08785745908260946,-0.09410987015437869,0.0,0.042142540917390545,0.06589012984562131,0.38354370755592754,KODEX200,0,0.15167301447939716,0.13169798421295778,0.0,0.0,103,0.0,True,0.00786753570455946,0.004334201108335319,0.005336991480969516,-0.0021979372838365654,2.3603971297097298e-05,8.981081160625049e-06,-0.001655402151627056,9.945933844542223e-06,0.007891139675856557,0.004343182189495944,0.0036815893293424603,-0.002187991349992023,0.005530451456150679,0.004281254607314433,0.0027023079304939824,-0.0009957600869253491,1.0,1.0,1.0,-1.0,-0.17087815940836384,0.7517949269952043,-0.3041490056706888,-0.6047722267495441,0.4145609202958181,0.8758974634976022,0.3479254971646556,0.8023861133747721,0.005506847484853582,0.004272273526153808,0.004357710082121038,-0.0010057060207698913,0.10632183908045977,0.5233185279187818,0.2184991974317817,0.34554363042463837,1.1063218390804597,1.5233185279187818,1.2184991974317816,1.3455436304246384,2014-10-31,-0.43952816173318804,-0.3053279355118675,0.01100339578544998,2014-10-31,3.0289265158600465,0.7517949269952043,0.0005580791756000414,2014-10-31,-0.43708927363657746,-0.3041490056706888,0.013030690580516827,2014-10-31,-1.5301865599569087,-0.6047722267495441,0.022506286676468396,53.156862211056136,36.47781065328266,0.06313724422112273,-0.2704437869343468,0.025543728190007192,-0.11601307189542484,0.01664042761702547,-0.5607395532134134,0.006445299504743178,-0.3809059186548541,1.0373839868793022,-2.460436938932676,0.3738521061659661,-1.6996107569599601,-0.711526476026687,-0.662879325396997,0.687202900711842,0.013776407731977455,-1.4672564400164982,0.6382978723404256,0.4080491091569323,0.9809447581433229,0.8638591800356507,1.0,0.22071067267365438,0.15167301447939716,2215.0,13.0,nearest_listed_proxy,pure_direction_quality_causal_calibration
2014-12,2014-11,2014-11,2014-11-28,2014-11,2014-11,2014-11-28,2014-10-31,0.30188681362213987,0.4885057471264368,-0.010567479983974353,-0.010567470111303559,1.667634677585409,-0.12126954398571954,2.8207630835830333e-06,8.4622892507491e-09,1.4103815418053946e-09,0.0033483823598171626,0.12738556214277888,0.008836045905231484,0.8077492080904628,0.056029183861526825,0.38043046958650595,0.35397376649330486,0.2655957639201892,0.0,Stage30_PureODS_QualityCausal,True,False,0,Optimization terminated successfully,2,-0.003760998468902473,0.004372039572638923,0.0006841000456295443,0.04835987459788981,1.0,0.00034205002281477215,0.00026897814209104093,0.00026897814209104093,1.2938830636979425e-08,0.003760998468902473,0.09060463866466513,-0.09575778656927346,0.0,0.039395361335334875,0.06424221343072654,0.38043046958650595,KODEX200,0,0.1551589795424475,0.13431829063381837,0.0,0.0,104,0.0,True,0.008082579626030147,0.004349408757952886,0.005411711768957537,-0.00445017071367192,1.8750727738399254e-05,7.181075721356308e-06,-0.0011481263562874743,7.729757229631954e-06,0.008101330353768546,0.004356589833674243,0.0042635854126700625,-0.004442440956442288,0.005508296304583776,0.004260221362837405,0.0028935296618534927,-0.0033961554753590686,1.0,1.0,1.0,-1.0,-0.095448247452946,0.8074606803250918,-0.32800486897277614,-0.7316718957417803,0.452275876273527,0.9037303401625458,0.33599756551361193,0.8658359478708901,0.005489545576845376,0.004253040287116048,0.004041656018140967,-0.0034038852325887006,0.02653783342406097,0.4973287240729101,0.5669056152927121,0.7745143385753932,1.026537833424061,1.49732872407291,1.566905615292712,1.7745143385753932,2014-11-28,-0.8512952978742003,-0.4598376600706128,0.008845395872030036,2014-11-30,4.193744330708364,0.8074606803250918,0.0005362130836806787,2014-11-28,-0.4881060201602681,-0.32800486897277614,0.017424718519552542,2014-11-28,-2.7267806991908374,-0.7316718957417803,0.03142523007502368,60.817252813996944,47.857393071591794,0.21634505627993889,-0.042852138568164125,0.00199270854871042,0.01946472019464726,0.002971105024359464,-0.2872268488030987,0.0005620854259148662,-0.4040454886039172,0.2062261198537339,-1.2619765136004886,0.06750207565683931,-1.7886265558018921,-0.5278751968733774,-0.8605622400725264,0.6942187184729518,0.00896002314374105,-1.9785238944391432,0.6382978723404256,0.4080491091569325,0.9933488915944657,0.8638591800356507,1.0,0.2235015787009391,0.1551589795424475,2230.0,13.0,nearest_listed_proxy,pure_direction_quality_causal_calibration
2015-01,2014-12,2014-12,2014-12-30,2014-12,2014-12,2014-12-30,2014-11-30,0.33141979607639066,0.24844398340248963,0.038115900799874175,0.03811591211522191,1.7311980755266845,-0.08777594109445108,3.2821240147362685e-06,9.846372044208806e-09,1.468975692198168e-09,0.0026598555650027495,0.1778412270227944,0.010929982387949911,0.7642580876869635,0.04697070290229228,0.3754150348731985,0.35800232396726217,0.26658264115953934,6.402139057130861e-21,Stage30_PureODS_QualityCausal,True,False,0,Optimization terminated successfully,2,-0.00327754303578482,0.0038783286351689204,0.0006761605550557115,0.04248298029169277,1.0,0.0003380802775278558,0.00026269088192434887,0.00026269088192434887,1.4439931895582202e-08,0.00327754303578482,0.09007733710911162,-0.09603689878685433,0.0,0.03992266289088839,0.06396310121314568,0.3754150348731985,KODEX200,0,-0.09008860265121708,-0.08264337635684985,0.0,0.0,105,-0.0,True,0.007528728495754752,0.004284000462896345,0.005580517651037735,-0.006753824349677834,-3.072996674831592e-06,-1.9608369366509356e-06,-0.0008642925434033132,3.359365075057537e-06,0.00752565549907992,0.004282039625959694,0.0047162251076344214,-0.006750464984602776,0.004395360769596697,0.004045052543206182,0.0029263192237116713,-0.005141507158790444,1.0,1.0,1.0,-1.0,-0.28583956657079773,0.7081700246562137,-0.2256850201747781,-0.6581660221305867,0.3570802167146011,0.8540850123281069,0.38715748991261095,0.8290830110652934,0.004398433766271529,0.0040470133801428325,0.0037906117671149845,-0.005144866523865502,0.06454668470906631,0.4744786803610333,0.5307935254638768,0.9214743589743589,1.0645466847090663,1.4744786803610332,1.530793525463877,1.921474358974359,2014-12-30,-1.1035536277358613,-0.5246139737942693,0.009811877574403488,2014-12-31,2.4266527926816415,0.7081700246562137,0.0005245919321086441,2014-12-31,-0.29146410189005983,-0.2256850201747781,0.01695614974745587,2014-12-31,-1.9253967268930121,-0.6581660221305867,0.0419784297156825,43.68573131153911,39.6690323925547,-0.12628537376921783,-0.20661935214890603,0.018769545921687142,0.1601731601731602,0.006929758990097839,0.2377656183790156,0.015442554924722776,-0.11529639408005785,0.4480503369086893,1.02325206839226,0.8520941259132525,-0.5105486114146851,0.7356512026504746,0.1707727572492837,-0.45321197994987916,0.011796111738676299,-1.6265335668138536,0.5882352941176471,0.4080491091569325,0.9656627019488007,0.8575895875591616,1.0,0.19877806994682712,-0.09008860265121708,2246.0,9.0,nearest_listed_proxy,pure_direction_quality_causal_calibration
2015-02,2015-01,2015-01,2015-01-30,2015-01,2015-01,2015-01-30,2014-12-31,0.3504019351141867,0.8338477366255144,-0.009501523627823211,-0.009501521131279915,1.7147490561076257,-0.09644345954401079,7.137266347379e-07,2.1411799042137e-09,3.55363393433893e-10,0.002735676440241397,0.17148775365605887,0.003961083877501209,0.8059353861424962,0.018615776323943713,0.37074364329678494,0.3497445975610746,0.2795117591421404,7.829692763332739e-21,Stage30_PureODS_QualityCausal,True,False,0,Optimization terminated successfully,1,-0.00402047815360363,0.004626347400930265,0.0006839595682271465,0.05141241140180029,1.0,0.00034197978411357324,0.00026388216666132304,0.00026388216666132304,7.296551738719444e-09,0.00402047815360363,0.0905953355241083,-0.0989442783471691,0.0,0.03940466447589171,0.06105572165283091,0.37074364329678494,KODEX200,0,-0.0092028679620615,-0.009118947492336556,0.0,0.0,106,-0.0,True,0.007969294556585755,0.0043683635363441714,0.006152455376486346,-0.007547407708450684,3.9066501234305826e-05,1.1119177070236369e-05,-0.0005026196132009643,1.7356150491566295e-06,0.008008361057820062,0.004379482713414408,0.005649835763285382,-0.007545672093401528,0.005257450236660988,0.00412798719750237,0.004412837328908403,-0.005978654400426312,1.0,1.0,1.0,-1.0,-0.05124629271979169,0.6919244152632088,0.2759271480779825,-0.6952241817111791,0.4743768536401042,0.8459622076316045,0.6379635740389913,0.8476120908555895,0.005218383735426682,0.0041168680204321335,0.004915456942109367,-0.0059803900154754685,0.05826157158234661,0.7430641183723797,0.48785742264003135,0.9249092558983666,1.0582615715823467,1.7430641183723798,1.4878574226400314,1.9249092558983665,2015-01-30,-0.9827223709266375,-0.495642953010792,0.009623991617880488,2015-01-31,2.2459566727897777,0.6919244152632088,0.0007681918684479345,2015-01-30,0.38107649989299663,0.2759271480779825,0.016526027030235372,2015-01-30,-2.281100205438049,-0.6952241817111791,0.04554445065881124,60.20473127830272,56.89047246426813,0.20409462556605434,0.13780944928536257,-0.00553924931677012,0.331245105716523,-0.013158935999355114,0.051889085804615924,-0.014133591255408272,0.33402118562884964,-0.7808541832302228,0.21501164869982933,-0.707609137162352,1.4557442756969947,-0.28292126726519673,0.3740675692673214,-0.04557315100106232,0.014222854459347976,-1.3879034095819665,0.6382978723404256,0.37713037457558335,0.9753138419747066,0.8601116625310173,1.0,0.20193617864709373,-0.0092028679620615,2262.0,13.0,nearest_listed_proxy,pure_direction_quality_causal_calibration
2015-03,2015-02,2015-02,2015-02-27,2015-02,2015-02,2015-02-27,2015-01-31,0.41748570269409957,0.0,0.00788945895859992,0.007889460791516372,1.7282774984100846,-0.08931488730130888,5.236904148525518e-07,1.5710712445576555e-09,2.6184520736384156e-10,0.0023607301983342506,0.12622164893476998,0.0018105232689726981,0.8596371923407531,0.012330635455504309,0.37778687375664183,0.3523861097541751,0.2698270164891831,2.7742482731787375e-17,Stage30_PureODS_QualityCausal,True,False,0,Optimization terminated successfully,1,-0.003905970399227756,0.00447064570919789,0.0006030564786988308,0.05002940963818169,1.0,0.0003015282393494154,0.0002631401241950874,0.0002631401241950874,6.946425630926153e-09,0.003905970399227756,0.08506866487953112,-0.09725477348260325,0.0,0.04493133512046889,0.06274522651739675,0.37778687375664183,KODEX200,0,0.25550215589306924,0.20350594755556142,0.0,0.0,107,0.0,True,0.008156979918930513,0.004273686710799613,0.005007307359451555,-0.007995053195844678,-2.2562021463289393e-05,-2.829284815453893e-06,-0.00019344301846580485,3.395444562776323e-07,0.008134417897467223,0.00427085742598416,0.00481386434098575,-0.0079947136513884,0.005178783610061934,0.003967416420100449,0.004136378987391599,-0.006607995928426392,1.0,1.0,1.0,-1.0,-0.01984366784709254,0.6827517992109039,0.4880290183505269,-0.7321848729007807,0.4900781660764537,0.8413758996054519,0.7440145091752635,0.8660924364503904,0.005201345631525224,0.003970245704915902,0.004329822005857404,-0.00660833547288267,0.0004018215912135012,0.6260696821515892,0.2665241057542768,0.9291497975708503,1.0004018215912136,1.6260696821515892,1.2665241057542769,1.9291497975708503,2015-02-27,-0.39440036448353955,-0.28284585584543953,0.007469524596271976,2015-02-28,2.1521061349211292,0.6827517992109039,0.0006479255316210825,2015-02-27,0.9532357024966341,0.4880290183505269,0.01371241972787891,2015-02-27,-2.7339190315023667,-0.7321848729007807,0.04805422628539457,57.70626823546129,53.45947437974681,0.15412536470922575,0.06918948759493616,-0.004102442392681274,-0.13372093023255827,-0.008125608677618844,-0.3937466995399256,-0.0014164128038269622,-0.5333767934045051,-0.4735912923829134,-1.7238504936371124,-0.03810211736727883,-2.3495679545470316,-1.098720893010013,-1.1938350359571552,1.146277964483584,0.007595345058658349,-2.1327971926700653,0.6382978723404256,0.4080491091569323,0.9875152662996771,0.8666125541125541,1.0,0.22289720627071194,0.25550215589306924,2274.0,13.0,nearest_listed_proxy,pure_direction_quality_causal_calibration
2015-04,2015-03,2015-03,2015-03-31,2015-03,2015-03,2015-03-31,2015-02-28,0.33707082308430275,0.9782168186423505,0.001474594558154447,0.0014745978286104181,1.730826007004221,-0.0879719959899311,9.344159918045585e-07,2.8032479754136755e-09,4.672079959022838e-10,0.002508422101865223,0.2157263976369146,0.0021076344244666725,0.7745981884503833,0.007567779488235376,0.3810135810395484,0.35379268351116555,0.26519373544928615,2.5981149628611723e-17,Stage30_PureODS_QualityCausal,True,False,0,Optimization terminated successfully,1,-0.004273175804577654,0.004821141125946336,0.0005736533160983911,0.054411773614765686,1.0,0.00028682665804919555,0.00026113111153105783,0.00026113111153105783,7.551788428369918e-09,0.004273175804577654,0.08296890859340439,-0.09648503388285153,0.0,0.047031091406595615,0.06351496611714848,0.3810135810395484,KODEX200,0,-0.12139673761248407,-0.10825494095064381,0.0,0.0,108,-0.0,True,0.008045669063190037,0.00436486895374485,0.005473552578531354,-0.007850402188005349,3.911523097824517e-05,3.317918315061201e-06,-0.0006096047327615505,8.918914500830899e-07,0.008084784294168281,0.004368186872059911,0.0048639478457698036,-0.007849510296555265,0.0061715385670802385,0.004118933871468185,0.0038177841820900105,-0.0063398790180967425,1.0,1.0,1.0,-1.0,0.30895416424399796,0.7314730552729144,0.2943557311136905,-0.7085323128929366,0.654477082121999,0.8657365276364573,0.6471778655568452,0.8542661564464683,0.006132423336101993,0.004115615953153124,0.004427388914851561,-0.006340770909546826,0.0035952063914780293,0.42733878292461397,0.1809946029298381,0.9008908685968819,1.003595206391478,1.427338782924614,1.1809946029298382,1.900890868596882,2015-03-31,0.8137050752014683,0.448642442659031,0.0074962783704890885,2015-03-31,2.724021069901715,0.7314730552729144,0.000503379538096187,2015-03-31,0.4171446493546395,0.2943557311136905,0.01266928942350964,2015-03-31,-2.430912050407409,-0.7085323128929366,0.042803253249832494,57.49464984635838,66.41635265728976,0.14989299692716757,0.3283270531457953,0.01578624164043424,-0.04025764895330111,0.014695290246436878,0.0760824549903127,0.02052497595979159,0.011412637041220607,0.9290291280890637,0.32088891126795555,1.1264979706151157,0.046565943732926975,0.6249590196785096,0.5865319571740213,-0.6057454884262654,0.00952477159854227,-1.8340097355468423,0.5882352941176471,0.38752534145096623,0.9859686577878743,0.8916666666666667,1.0,0.200408818442667,-0.12139673761248407,2291.0,9.0,nearest_listed_proxy,pure_direction_quality_causal_calibration
2015-05,2015-04,2015-04,2015-04-30,2015-04,2015-04,2015-04-30,2015-03-31,0.34003893393908385,0.8256281407035176,0.00541146220444951,0.005411471017972317,1.7401923065236025,-0.08303659091683113,2.518149373591014e-06,7.554448120773043e-09,1.2590746868307833e-09,0.0028608002821606943,0.18584197518801976,0.0017204334665112293,0.804985432719286,0.007452158626182972,0.39711601310871264,0.3505501725481464,0.25233381434314095,0.0,Stage30_PureODS_QualityCausal,True,False,0,Optimization terminated successfully,2,-0.004201750797156331,0.00477316875948826,0.000606300093113413,0.05364022455517864,1.0,0.0003031500465567065,0.00026825604385619475,0.00026825604385619475,1.1871919027492621e-08,0.004201750797156331,0.08529713428574817,-0.09584444639269148,0.0,0.04470286571425183,0.06415555360730853,0.39711601310871264,KODEX200,0,-0.013186101258939986,-0.013014490864566266,0.0,0.0,109,-0.0,True,0.008598774811313055,0.004210261287682076,0.004545075794596242,-0.005910910764948596,5.46290421589404e-05,1.2769600928111519e-06,-0.0007030154917721427,1.987296215531673e-06,0.008653403853471995,0.004211538247774887,0.0038420603028240996,-0.0059089234687330645,0.006545491312433264,0.003998312583133919,0.003060391179629544,-0.003917632173324559,1.0,1.0,1.0,-1.0,0.26527643846124876,0.6839839554184288,0.0718037311315859,-0.5459742609591012,0.6326382192306244,0.8419919777092144,0.535901865565793,0.7729871304795506,0.006490862270274324,0.003997035623041108,0.0037634066714016864,-0.00391961946954009,0.057320624834524755,0.7415241524152415,0.2311663479923518,0.75,1.0573206248345248,1.7415241524152414,1.2311663479923518,1.75,2015-04-30,1.4795262972484224,0.5966971590058476,0.009286694108260607,2015-04-30,2.164396292992258,0.6839839554184288,0.0007591249273556034,2015-04-30,0.07735834924129087,0.0718037311315859,0.013193705306786329,2015-04-30,-1.2025183024038193,-0.5459742609591012,0.03177633600894519,60.66962063526776,49.286987183627176,0.21339241270535525,-0.014260256327456488,-0.0348617721842502,0.42298288508557463,-0.02779376403806219,0.3424150547580807,-0.027101654366166784,0.41986398731063285,-1.6876119661150049,1.4710047166955555,-1.4025461221354314,1.8308916208676833,-0.10830362470972466,0.21417274936612596,-0.05293456232820065,0.00744488854037075,-2.1082834449566765,0.6521739130434783,0.43819155860280373,0.9844468237853077,0.8854364326375712,1.0,0.24910192280772198,-0.013186101258939986,2308.0,14.0,nearest_listed_proxy,pure_direction_quality_causal_calibration
2015-06,2015-05,2015-05,2015-05-29,2015-05,2015-05,2015-05-29,2015-04-30,0.48508365658163677,0.0,-0.018331895906540576,-0.018331893054624973,1.708291282303049,-0.09984626868225044,8.148330296886552e-07,2.4444990890659657e-09,4.0741651485820543e-10,0.0031008106747935334,0.19726356593015948,0.0019439296935211037,0.7929781180615245,0.007814386314794905,0.38425198081061795,0.35028406549593044,0.26546395369345155,0.0,Stage30_PureODS_QualityCausal,True,False,0,Optimization terminated successfully,1,-0.004116571623922857,0.004671769644055817,0.000590487887759199,0.052518308402114605,1.0,0.0002952439438795995,0.0002599467555164684,0.0002599467555164684,7.320736891479288e-09,0.004116571623922857,0.08417751869181218,-0.09703207657632383,0.0,0.04582248130818782,0.06296792342367617,0.38425198081061795,KODEX200,0,0.09700443392800231,0.08842665619924817,0.0,0.0,110,0.0,True,0.00809095611828225,0.004215722806134408,0.00535197874985029,-0.0052554149750928154,-1.8235787685913647e-05,-8.383239069538247e-07,0.00015367846800456455,-1.1922299682919732e-06,0.008072720330596337,0.0042148844822274545,0.0055056572178548546,-0.005256607205061108,0.005896701560270225,0.0038256359118577516,0.004015200836611554,-0.002163345885222439,1.0,1.0,1.0,-1.0,0.1278736081067768,0.3017412593733923,-0.32416268492588907,-0.25965107946056043,0.5639368040533884,0.6508706296866962,0.33791865753705547,0.6298255397302802,0.005914937347956139,0.0038264742357647053,0.0038615223686069896,-0.002162153655254147,0.11633728590250329,0.8767835909631391,0.06698292220113852,0.6594488188976378,1.1163372859025034,1.876783590963139,1.0669829222011384,1.659448818897638,2015-05-29,1.725778724406347,0.6331323628561258,0.010612320901152182,2015-05-31,0.4321338807769365,0.3017412593733923,0.0009353755016829013,2015-05-29,-0.4796460297406663,-0.32416268492588907,0.010423593161682716,2015-05-29,-0.3507144702411009,-0.25965107946056043,0.02899752274374548,45.75019498830406,41.77422808490617,-0.0849961002339188,-0.1645154383018766,-0.0019306365756772415,0.19329388560157776,-0.019514525420776523,-0.11211686545642181,-0.008456176568113701,0.10523579247795554,-1.176059508966891,-0.49605992632275014,-0.4093405601871856,0.451536149199805,-0.8360597176448206,0.02109779450630969,0.40748096156925545,0.010434474961595228,-1.6904144353677402,0.6382978723404256,0.42822792321188524,0.9854176224337305,0.8838235294117647,1.0,0.23805881274655685,0.09700443392800231,2321.0,13.0,nearest_listed_proxy,pure_direction_quality_causal_calibration
2015-07,2015-06,2015-06,2015-06-30,2015-06,2015-06,2015-06-30,2015-05-31,0.32610896017731056,0.23759920634920634,-0.017708783641176413,-0.017708779301067082,1.6780395215886363,-0.11578689635395412,1.2400312375815405e-06,3.7200937127446216e-09,6.2001561879077e-10,0.0026681576932069736,0.16115457513462245,0.002653044401211151,0.8226493259981281,0.013543054466038346,0.3787673633594556,0.35617443868636045,0.26505819795418395,3.0994341447227127e-22,Stage30_PureODS_QualityCausal,True,False,0,Optimization terminated successfully,1,-0.003424392743632132,0.003967713428629982,0.0005773303259042515,0.04414857918813427,1.0,0.00028866516295212577,0.00025464730614854807,0.00025464730614854807,8.215897175609429e-09,0.003424392743632132,0.08323439139472949,-0.09474198537855637,0.0,0.046765608605270514,0.06525801462144364,0.3787673633594556,KODEX200,0,-0.17129017313590836,-0.14624059610891402,0.0,0.0,111,-0.0,True,0.007625842537956723,0.0041492199167342154,0.004838557045100208,-0.005940988726963251,-6.850110014224927e-06,-1.990424159617581e-07,-0.00057906321857935,6.090467504930077e-07,0.007618992427942498,0.004149020874318254,0.0042594938265208574,-0.0059403796802127585,0.005356991439895418,0.0034048644091667682,0.0027387729987848183,0.00030819666617722753,1.0,1.0,1.0,-1.0,0.08747689339609081,-0.004895612527650095,-0.4013281255447466,0.45161344491721056,0.5437384466980454,0.49755219373617493,0.2993359372276267,0.2741932775413947,0.005363841549909643,0.00340506345158273,0.0033178362173641686,0.0003075876194267345,0.11252292376211684,0.7019740718915733,0.06755739555890101,0.4031629116117851,1.1125229237621168,1.7019740718915735,1.067557395558901,1.4031629116117852,2015-06-30,0.6579326211812624,0.3968391795756399,0.010519510345045245,2015-06-30,-0.004919697460168344,-0.004895612527650095,0.0007279233788797478,2015-06-30,-0.6703640886920321,-0.4013281255447466,0.01030473887611467,2015-06-30,0.8235312130309812,0.45161344491721056,0.023923910526694632,43.23786764295584,50.041707387675785,-0.1352426471408832,0.0008341477535157082,0.034453503334909985,0.22406967537608874,0.023898654872637932,0.25860584121342184,0.013549577788449044,-0.04048395334387608,1.495682567767331,1.107191573987937,0.75967413412375,-0.18688078394122676,1.301437070877634,0.2863966750912616,-0.7939168729844478,0.02030204549391279,-0.8913344752830994,0.5882352941176471,0.42398297651248,0.982843307717571,0.880184331797235,1.0,0.21575328471355437,-0.17129017313590836,2338.0,9.0,nearest_listed_proxy,pure_direction_quality_causal_calibration
2015-08,2015-07,2015-07,2015-07-31,2015-07,2015-07,2015-07-31,2015-06-30,0.4284987570735204,0.7583661417322834,-9.812991580206748e-05,-9.812695746335906e-05,1.6778748557116703,-0.11587366411136601,8.452396309810434e-07,2.53571889294313e-09,4.2261981547664317e-10,0.0016087311643337076,0.09396093565517248,0.001788893929012946,0.8873560657767715,0.016894104639043093,0.37362690463034043,0.36405547563580143,0.2623176197338582,1.2263807646121259e-21,Stage30_PureODS_QualityCausal,True,False,0,Optimization terminated successfully,1,-0.002501286875591794,0.003045343029825023,0.0005917622031903568,0.03299354313875813,1.0,0.0002958811015951784,0.00024816759593605635,0.00024816759593605635,7.456701994075158e-09,0.002501286875591794,0.08426830031681119,-0.0932501733504652,0.0,0.04573169968318881,0.0667498266495348,0.37362690463034043,KODEX200,0,-0.2892013718296784,-0.22432598828159328,0.0,0.0,112,-0.0,True,0.007254116693216103,0.00415504359090452,0.003909236382638298,-0.008883472009424092,4.3221153737863496e-05,2.4476805726890525e-06,-0.00014166320484320695,1.9524436179025728e-06,0.007297337846953966,0.00415749127147721,0.003767573177795091,-0.00888151956580619,0.004003217191706669,0.002709436098077067,0.0021471997767664236,-0.003176760981833522,1.0,1.0,1.0,-1.0,-0.16701353287360943,-0.13737431297877079,-0.408710911095293,0.08742815774687267,0.4164932335631953,0.4313128435106146,0.2956445444523535,0.4562859211265637,0.0039599960379688055,0.002706988417504378,0.0022888629816096304,-0.0031787134254514246,0.14388020833333334,0.5872992700729927,0.16666666666666666,0.7302575107296138,1.1438802083333333,1.5872992700729927,1.1666666666666667,1.7302575107296136,2015-07-31,-0.1916703645666815,-0.16084176485867147,0.011043403365098249,2015-07-31,-0.15925135901429516,-0.13737431297877079,0.0006225844611499643,2015-07-31,-0.6912201134175865,-0.408710911095293,0.01211562313061084,2015-07-31,0.09580413694445551,0.08742815774687267,0.031105045536883463,35.58603024401659,47.404028067875565,-0.28827939511966816,-0.0519194386424887,0.03776141311537104,0.2645273200346921,0.022408639239876408,0.27459465803387484,0.02086586913311404,0.22901951641564525,1.406903584924579,1.1783857112431995,1.152564447616131,0.9974462399882233,1.2926446480838893,1.0750053438021772,-1.1838249959430334,0.013720186147845207,-1.3449265477618007,0.6382978723404256,0.4239829765124801,0.9837753663372293,0.9175824175824175,1.0,0.24429402388087015,-0.2892013718296784,2356.0,13.0,nearest_listed_proxy,pure_direction_quality_causal_calibration
2015-09,2015-08,2015-08,2015-08-31,2015-08,2015-08,2015-08-31,2015-07-31,0.48466051325479553,0.26983349657198824,0.00479464543489992,0.00479465391568707,1.6859196707289417,-0.11163459181112279,2.7501442397964712e-06,8.250432719389413e-09,2.3035443076635453e-10,0.0016821761474769491,0.07649932016744959,0.0013457608415184267,0.9062129999422386,0.01594191904879334,0.3548591599242976,0.3663051226419852,0.27883571743371716,2.775822504189186e-17,Stage30_PureODS_QualityCausal,True,False,0,Optimization terminated successfully,2,-0.002868968647818255,0.003442560319225672,0.000670747477212368,0.037286238967433855,1.0,0.000335373738606184,0.00023820609383507567,0.00023820609383507567,1.1838966157239122e-08,0.002868968647818255,0.08971605055143933,-0.09560120321718579,0.0,0.040283949448560674,0.06439879678281421,0.3663051226419852,BOND,0,-0.24396101054452551,-0.19611628377141432,0.0011963189744101947,0.0011963189744101947,113,-0.00023461763146655708,True,0.006474895324405559,0.004181397722766175,0.004597211826121024,-0.008524800283384962,-2.1700463283443548e-06,-3.8144390165014466e-07,0.00015471141806282376,1.4758657325261688e-07,0.006472725278077215,0.004181016278864524,0.004751923244183848,-0.00852465269681171,0.0032315676608544383,0.0037681357757472257,0.0032833723915130413,-0.005093506129688846,1.0,1.0,1.0,-1.0,-0.2546280617605245,0.6695927186291853,-0.007569727828443614,-0.3276860017529938,0.3726859691197377,0.8347963593145926,0.4962151360857782,0.6638430008764968,0.0034683553386493397,0.003768517219648876,0.0031286609734502177,-0.005093653716262098,0.4244818652849741,0.5105613425925926,0.2501851851851852,0.8994045087196938,1.424481865284974,1.5105613425925926,1.250185185185185,1.8994045087196938,2015-08-31,-1.097636340244653,-0.5232729425905316,0.015398571652084728,2015-08-31,2.0265676829249544,0.6695927186291853,0.0005624050029630303,2015-08-31,-0.007627465667567901,-0.007569727828443614,0.013159747414130856,2015-08-31,-0.4874002365076487,-0.3276860017529938,0.0418473943667952,40.95735984459552,47.012078020852385,-0.18085280310808954,-0.059758439582952294,0.06914660877931281,0.3793103448275862,0.003038358618099639,-0.007849904247304161,0.029293538950988615,0.3823295931245053,0.21006691944077277,-0.04794305770270191,1.6069361726151068,1.6605880793362955,0.08106193086903543,1.6337621259757011,-0.8574120284223683,0.034340592697564364,-0.25746986429697244,0.6,0.5426583900897837,0.9704520694522277,0.9004901960784314,1.0,0.2845318265401664,-0.24396101054452551,2371.0,10.0,nearest_listed_proxy,pure_direction_quality_causal_calibration
2015-10,2015-09,2015-09,2015-09-25,2015-09,2015-09,2015-09-30,2015-08-31,0.6454878749458767,0.0,0.015241116104273946,0.015241120929015728,1.7116149681730009,-0.09809491148189531,1.5897197795933411e-06,4.769159338780024e-09,5.5582442981521475e-11,0.0017135980896417248,0.10022367153942398,0.001812870666139194,0.8820094517421649,0.015954006052271926,0.36087834767452465,0.36766157097965857,0.27146008134581684,2.706834527039892e-17,Stage30_PureODS_QualityCausal,True,False,0,Optimization terminated successfully,1,-0.003387594617817232,0.003949615976270335,0.0006499591876376245,0.04349563658941827,1.0,0.00032497959381881224,0.00023703275772701826,0.00023703275772701826,9.006907272250868e-09,0.003387594617817232,0.08831483596571696,-0.09408213300747381,0.0,0.041685164034283045,0.06591786699252619,0.36766157097965857,BOND,0,0.19655780937880823,0.1642693799147498,0.0,0.0,114,0.0,True,0.00665081349869875,0.004241040973168242,0.004420809429673168,-0.008458271542973262,-1.1736890538030267e-05,-1.9989854963840216e-06,0.0008933507163977652,-1.6727341213579973e-06,0.0066390766081607195,0.004239041987671858,0.005314160146070933,-0.00845994427709462,0.0037570302656332317,0.0038991975207180478,0.00427392495451385,-0.006189355883790816,1.0,1.0,1.0,-1.0,-0.16747846862850968,0.7310764415933086,0.23150795346106837,-0.5535553491516626,0.41626076568574516,0.8655382207966543,0.6157539767305342,0.7767776745758312,0.003768767156171262,0.003901196506214432,0.0033805742381160845,-0.0061876831496694585,0.41698891466872906,0.5732931726907631,0.1685042263873576,0.8665682967959528,1.4169889146687291,1.573293172690763,1.1685042263873575,1.8665682967959527,2015-09-30,-1.9985721095913231,-0.6665079366271134,0.01517354709448576,2015-09-30,2.718528811401887,0.7310764415933086,0.0006082464770764589,2015-09-30,0.3012496414292301,0.23150795346106837,0.012058871014145257,2015-09-30,-1.2399193228092054,-0.5535553491516626,0.03813393234647358,52.478568387089034,55.72505814999018,0.04957136774178068,0.11450116299980366,0.05149406321216987,-0.14189944134078208,0.024933314095104357,-0.3662963204391743,-0.015284673387943877,-0.5172804932130096,1.560308870366801,-1.5977681707818296,-0.7772896651067993,-2.270472856362375,-0.01872965020751427,-1.523881260734587,0.7713054554710507,0.03718162692582795,-0.16235104755648389,0.5769230769230769,0.5426583900897834,0.9337061523802569,0.8717847075405215,1.0,0.25483783108829006,0.19655780937880823,2386.0,8.0,nearest_listed_proxy,pure_direction_quality_causal_calibration
2015-11,2015-10,2015-10,2015-10-30,2015-10,2015-10,2015-10-30,2015-09-30,0.48591641322161827,0.0,-0.01975297776149922,-0.019752973071804493,1.6778054757704304,-0.11591022263837647,1.3399127785764835e-06,4.01973833572945e-09,6.699563892944609e-10,0.0016047081885677134,0.10495879286627606,0.001630682084676777,0.8797424913324956,0.013668033716551587,0.376074188443769,0.3626414375913141,0.261284373964917,2.7527637257647057e-22,Stage30_PureODS_QualityCausal,True,False,0,Optimization terminated successfully,1,-0.003909419166088197,0.004440852906224242,0.0005758296576737422,0.04983525692864845,1.0,0.0002879148288368711,0.000243510447981717,0.000243510447981717,8.463317457406433e-09,0.003909419166088197,0.08312614445579024,-0.09333389644322458,0.0,0.046873855544209767,0.06666610355677542,0.376074188443769,KODEX200,0,0.2086542823531558,0.1726335523727448,0.006818232593333346,0.006818232593333346,115,0.0011770557134907678,True,0.007342850105471395,0.004198324482735038,0.004065115208483182,-0.009187457042418763,-4.94109696937727e-06,-1.6047015408796227e-06,0.00010551577264659255,-1.570469236986459e-06,0.007337909008502018,0.004196719781194159,0.0041706309811297745,-0.00918902751165575,0.00571537566770081,0.003987600469406978,0.003235472756171633,-0.007186033792714823,1.0,1.0,1.0,-1.0,0.02421756211890889,0.8387430613715213,0.23983453356406834,-0.6288059576423223,0.5121087810594545,0.9193715306857606,0.6199172667820342,0.8144029788211611,0.00454326105117942,0.0039892051709478574,0.0031299569835250406,-0.007184463323477837,0.14423076923076922,0.45052601649132784,0.2032446226759023,0.8034670008354219,1.1442307692307692,1.4505260164913278,1.2032446226759024,1.8034670008354219,2015-10-30,-0.9366461714660822,-0.4836434167822309,0.011012542795624329,2015-10-31,5.201283544790025,0.8387430613715213,0.0005261600928987712,2015-10-30,0.3155030636797312,0.23983453356406834,0.012539871327793332,2015-10-30,-1.6940087552278473,-0.6288059576423223,0.034345107087878156,68.11435690563773,59.70044825131014,0.3622871381127547,0.19400896502620285,-0.01333415207251551,0.2570480928689884,-0.012969308856591484,-0.15457757648284445,-0.02263473452102252,-0.09220325048676704,-0.771080167869385,-0.6830840891278142,-1.1646505734608792,-0.41648368769810057,-0.7270821284985995,-0.7905671305794899,0.7588246295390447,0.013482760598664927,-1.358065074525248,0.6382978723404256,0.49199217293794606,0.9849770505435398,0.8889517345399698,1.0,0.27497036104363776,0.2086542823531558,2402.0,13.0,nearest_listed_proxy,pure_direction_quality_causal_calibration
2015-12,2015-11,2015-11,2015-11-30,2015-11,2015-11,2015-11-30,2015-10-31,0.4872140630242729,0.0,0.004362496673879203,0.00436250239035833,1.685124896577895,-0.11205338392522579,1.752932464876846e-06,5.258797394630538e-09,4.5768173190241327e-10,0.0011775131882815894,0.1424333462354443,0.002323892710376195,0.8415129301145351,0.013729830939644362,0.3769747683475253,0.36782794414078085,0.25519728751169396,3.9928999447112965e-21,Stage30_PureODS_QualityCausal,True,False,0,Optimization terminated successfully,2,-0.002477402209461715,0.0030035583659261565,0.0005682890832211215,0.03263296589178715,1.0,0.00028414454161056077,0.00024200241967514604,0.00024200241967514604,9.195178734657627e-09,0.002477402209461715,0.08258007628147034,-0.0917422348271046,0.0,0.04741992371852967,0.0682577651728954,0.3769747683475253,KODEX200,0,-0.20063934807348682,-0.1671104219559581,0.0030811331360978337,0.0030811331360978337,116,-0.0005148894584757935,True,0.006936477890043892,0.004067778756897685,0.0037815183951491753,-0.010075722288964395,-6.896790344008031e-06,-1.8760750570470516e-06,9.796805434008669e-05,-4.93030604604202e-06,0.0069295810996998835,0.004065902681840638,0.003879486449489262,-0.010080652595010436,0.003160048654150348,0.003339861364799274,0.0022876630967514824,-0.0079205854179051,1.0,1.0,1.0,-1.0,-0.13028752757515197,0.49759542865190454,-0.2225961365512156,-0.6160984667079995,0.43485623621242403,0.7487977143259523,0.3887019317243922,0.8080492333539997,0.0036818349029701493,0.003341737439856321,0.0021896950424113958,-0.007915655111859059,0.09602142310635042,0.4540456723992106,0.26474846181686573,0.7852112676056338,1.0960214231063503,1.4540456723992106,1.2647484618168656,1.7852112676056338,2015-11-30,-0.2268830583595866,-0.18492639279161807,0.010181136071526252,2015-11-30,0.9904277489289426,0.49759542865190454,0.0005298438728019587,2015-11-30,-0.2863326862870425,-0.2225961365512156,0.013147532266962933,2015-11-30,-1.604834608043587,-0.6160984667079995,0.0338794578764787,46.906035123489396,42.79715537981871,-0.06187929753021208,-0.14405689240362576,0.0008294841390829727,0.5351778656126484,0.007419440478091544,0.47772777647553005,-0.011430750368311971,0.24158684873168793,0.48479607685732057,2.0524481579363463,-0.5660897209923389,1.0415450714621883,1.2686221173968335,0.23772767523492472,-0.7531748963158791,0.019200049006638874,-0.9313407955039209,0.6,0.5326947546988651,0.9724326674674174,0.8570991432068543,1.0,0.2663914438132565,-0.20063934807348682,2418.0,10.0,nearest_listed_proxy,pure_direction_quality_causal_calibration
2016-01,2015-12,2015-12,2015-12-30,2015-12,2015-12,2015-12-30,2015-11-30,0.326563814365021,0.8219373219373219,0.01224417127807109,0.012244181397422386,1.7057578544365366,-0.10118121347222264,2.9568550387604215e-06,8.870565116281264e-09,1.2487861796306472e-09,0.0006953699162505372,0.10488395901559228,0.0015713363150897058,0.8803555134765119,0.013189191192806125,0.3708286908286399,0.3695137489883182,0.25965756018304204,0.0,Stage30_PureODS_QualityCausal,True,False,0,Optimization terminated successfully,2,-0.001996735876844728,0.0025186608058887176,0.0005707100609054329,0.02679966930523201,1.0,0.00028535503045271646,0.0002365566852281379,0.0002365566852281379,1.3213363135207932e-08,0.001996735876844728,0.08275578971205093,-0.0921232695072447,0.0,0.047244210287949076,0.0678767304927553,0.3708286908286399,KODEX200,0,-0.16289729967657066,-0.1400788356133222,0.005052474522539708,0.005052474522539708,117,-0.0007077447480833384,True,0.006770647306514263,0.004127969464773607,0.0036882134897291453,-0.011805350596014867,1.47108852519164e-05,2.4970766561430217e-06,-0.0004557840139282152,1.9584643432565987e-05,0.006785358191766179,0.00413046654142975,0.00323242947580093,-0.011785765952582301,0.0029704078206017944,0.003001134966768951,0.0011869006607772995,-0.009367720758341642,1.0,1.0,1.0,-1.0,-0.022901646618036602,0.3419963157970396,-0.36694669454180295,-0.6131350681957681,0.4885491766909817,0.6709981578985198,0.3165266527290985,0.8065675340978841,0.0036634416834332166,0.002998637890112808,0.0016426846747055147,-0.009387305401774208,0.20662100456621005,0.31595863610955843,0.17899461400359065,0.8405172413793104,1.20662100456621,1.3159586361095585,1.1789946140035907,1.8405172413793105,2015-12-30,0.12290289394525666,0.10945104390411195,0.011691178701414135,2015-12-31,0.51974832969408,0.3419963157970396,0.0004633825137398386,2015-12-31,-0.5796458076720902,-0.36694669454180295,0.012177141501742915,2015-12-31,-1.584881486508158,-0.6131350681957681,0.036664604352779046,48.501729407503234,42.59047140458568,-0.02996541184993532,-0.14819057190828644,0.015000000000000013,0.36388140161725047,-0.008641774703642831,0.28397753993531527,-0.006727828024848399,0.48366452544501676,-0.506008423395984,1.2121332154454363,-0.31454398488600904,2.0946996655195114,0.35306239602472617,0.8900778403167512,-0.6215701181707387,0.015625539301628487,-1.1688713059558562,0.6666666666666666,0.4605333118539313,0.983809173879397,0.8676470588235294,1.0,0.2620738914476331,-0.16289729967657066,2434.0,15.0,nearest_listed_proxy,pure_direction_quality_causal_calibration
2016-02,2016-01,2016-01,2016-01-29,2016-01,2016-01,2016-01-29,2015-12-31,0.381080420885429,0.27148253068932954,0.04721737224170025,0.04721738104442358,1.7862992580036705,-0.058741352250907264,2.5613772488275463e-06,7.684131746482639e-09,1.1185915779476908e-09,0.0003756243061566662,0.08682403685570807,0.003360276630004256,0.8759158621341909,0.033899824380096755,0.3569821919005713,0.36824401555655106,0.2747737925428778,2.0019840515140372e-21,Stage30_PureODS_QualityCausal,True,False,0,Optimization terminated successfully,2,-0.002361984686644416,0.0029042747529837653,0.0006228053140814103,0.031114465151316724,1.0,0.00031140265704070517,0.0002308753069293518,0.0002308753069293518,1.2102369292561497e-08,0.002361984686644416,0.08645035436004253,-0.09457921698677918,0.0,0.043549645639957474,0.06542078301322082,0.36824401555655106,BOND,0,0.03892264928175331,0.03746443424701735,0.007878735283326608,0.007878735283326608,118,0.0002951723599718453,True,0.00630222021367633,0.004223699587012969,0.004742493965088664,-0.013765916541151297,-3.443822743698931e-07,-7.003139275701959e-07,-0.0002114050851033566,1.3334855619678044e-06,0.0063018758314019605,0.004222999273085399,0.004531088879985308,-0.013764583055589329,0.003564909168742417,0.0031400424262646204,0.0017300188185154343,-0.011070451071055828,1.0,1.0,1.0,-1.0,-0.023231234234887096,0.4371436275125104,-0.2828732159388191,-0.618976176129157,0.4883843828825565,0.7185718137562552,0.35856339203059046,0.8094880880645785,0.003270081191044942,0.0031407427401921907,0.001941423903618791,-0.011071784556617796,0.42390206966178695,0.46314768633970627,0.11965049928673324,0.9521384928716904,1.423902069661787,1.4631476863397062,1.1196504992867333,1.9521384928716903,2016-01-29,0.14839737761090876,0.12922127871767713,0.01512737258430731,2016-01-31,0.7766521778559533,0.4371436275125104,0.0005334798267573939,2016-01-29,-0.39445356417574007,-0.2828732159388191,0.011317856449199127,2016-01-29,-1.624507805944895,-0.618976176129157,0.0550910840638528,47.997202764387985,42.05704816449509,-0.04005594471224029,-0.15885903671009813,0.019578274984287714,0.10816191108161902,0.014435581106172025,-0.1534248967456648,-0.018842157952592788,0.02144917568622432,0.9210476360310923,-0.674655056371587,-0.9657305183608037,0.08132146196482512,0.12319628982975267,-0.4422045281979893,0.1595041191841183,0.01984272049035354,-0.8859740247177954,0.6382978723404256,0.4605333118539314,0.9539112101655826,0.8702380952380953,1.0,0.24402284706405755,0.03892264928175331,2449.0,13.0,nearest_listed_proxy,pure_direction_quality_causal_calibration
2016-03,2016-02,2016-02,2016-02-29,2016-02,2016-02,2016-02-29,2016-01-31,0.4664272502583586,0.0,-0.018247501193828723,-0.018247492258564153,1.7537037601607133,-0.07591697054941038,2.9687263376487758e-06,8.906179012946327e-09,2.9085555242057862e-11,0.0009537935425576868,0.10046545628289408,0.0063400538817879526,0.8401738059423196,0.053020683892998244,0.3490289544547786,0.3540319635982685,0.296939081946953,0.0,Stage30_PureODS_QualityCausal,True,False,0,Optimization terminated successfully,2,-0.0031581861005259473,0.003747972620192455,0.0007065110548356362,0.040736605113295646,1.0,0.0003532555274178181,0.00023651817360164496,0.00023651817360164496,1.281864704503271e-08,0.0031581861005259473,0.09207677588853573,-0.10110495095921794,2.220446049250313e-16,0.037923224111464274,0.05889504904078206,0.3540319635982685,BOND,0,-0.11577100991953834,-0.10375875416218866,0.008722779630750101,0.008722779630750101,119,-0.0009050647473179466,True,0.0064186720951446095,0.004286980436801881,0.006705793869936984,-0.013596272231652728,-3.7834411434967708e-06,-6.484365517737734e-06,-1.527507082254167e-05,-8.0546518442247e-07,0.0064148886540011125,0.0042804960712841435,0.0066905187991144425,-0.01359707769683715,0.0029989785603146287,0.00378210635079398,0.004587660613794955,-0.011877762364654654,1.0,1.0,1.0,-1.0,0.0810974764736639,0.7009530300561354,0.26882542919548724,-0.7636690639254792,0.5405487382368319,0.8504765150280678,0.6344127145977436,0.8818345319627396,0.003907826748776072,0.003788590716311718,0.004602935684617497,-0.011876956899470232,0.22902010050251256,0.4248213304013194,0.4686614730878187,0.9408080808080808,1.2290201005025125,1.4248213304013193,1.4686614730878187,1.9408080808080808,2016-02-29,0.0031292519194788555,0.003119490248630533,0.01198037198879121,2016-02-29,2.3439563028768164,0.7009530300561354,0.0005157864355911919,2016-02-29,0.36766244332006526,0.26882542919548724,0.01576195452815416,2016-02-29,-3.2313546275832294,-0.7636690639254792,0.05416455379503251,56.18034883711432,55.828298121503735,0.12360697674228646,0.11656596243007471,0.010560066475323565,0.5168040583386176,0.006535170279652938,0.12593338013826386,0.0056961284920637074,0.11398217237130057,0.4333547464301297,0.5295592939939199,0.3563332528426106,0.4807877980956968,0.4814570202120248,0.4185605254691537,-0.45000877284058927,0.025882621508640843,-0.5677135074235445,0.6,0.5076866601363669,0.9817720489625934,0.8602430555555556,1.0,0.2572638955208746,-0.11577100991953834,2465.0,10.0,nearest_listed_proxy,pure_direction_quality_causal_calibration
2016-04,2016-03,2016-03,2016-03-31,2016-03,2016-03,2016-03-31,2016-02-29,0.3134456802858959,0.24534450651769088,0.018199995003717568,0.018200007143635316,1.785621159833639,-0.05909866403038955,4.04566103540116e-06,1.213698310620348e-08,2.9346408081387667e-12,0.0007453412726016384,0.11795447269340238,0.007987453310777206,0.818623809343414,0.05543426465240631,0.36601179071772266,0.3611240278748014,0.27286418140747604,0.0,Stage30_PureODS_QualityCausal,True,False,0,Optimization terminated successfully,2,-0.0029139023956528108,0.003473938069687363,0.0006478924176887559,0.03779990233011582,1.0,0.00032394620884437797,0.00023607347144791822,0.00023607347144791822,1.5993742255817577e-08,0.0029139023956528108,0.08817431038723848,-0.09516499150515938,0.0,0.04182568961276152,0.06483500849484063,0.36601179071772266,KODEX200,0,-0.2666354633477392,-0.21050686725841158,0.0070802006191821795,0.0070802006191821795,120,-0.0014904308519051066,True,0.006634579351774447,0.004257279582289743,0.005668646313639105,-0.013579140157296745,4.1300455659145067e-07,-1.5369424418521496e-06,-0.00028399114490014997,2.9729826491843023e-06,0.006634992356331039,0.0042557426398478915,0.0053846551687389554,-0.01357616717464756,0.0026046225120432776,0.003848943686866286,0.004143707931228271,-0.011000892983766348,1.0,1.0,1.0,-1.0,0.13743035746335105,0.7683336567391283,0.4958885435019946,-0.640437358450402,0.5687151787316755,0.8841668283695642,0.7479442717509973,0.820218679225201,0.0040946403593917925,0.0038504806293081385,0.004427699076128421,-0.011003865966415532,0.01336831584207896,0.32065958026710273,0.5953970484891076,0.8760512615138166,1.013368315842079,1.3206595802671028,1.5953970484891076,1.8760512615138167,2016-03-31,-0.20478181124773825,-0.16997418896592983,0.008111982723336271,2016-03-31,3.3165527884813795,0.7683336567391283,0.00046706094689117565,2016-03-31,0.9836883036677361,0.4958885435019946,0.01720127606541012,2016-03-31,-1.7811565620119079,-0.640437358450402,0.04180597159255746,66.03554888919228,63.07771417860686,0.3207109777838457,0.2615542835721372,0.01999999999999999,0.3977154724818277,0.02099000517443031,0.3701521562728094,0.03022039920335948,-0.06357129658825136,1.3302363523037715,1.580533888407881,1.6770525177553872,-0.28872066901497806,1.4553851203558263,0.6941659243702045,-1.0747755223630153,0.010410859040501144,-1.6345479104195437,0.6521739130434783,0.44504133982409283,0.9834982744788651,0.8690860215053764,1.0,0.24808479333573863,-0.2666354633477392,2482.0,14.0,nearest_listed_proxy,pure_direction_quality_causal_calibration
2016-05,2016-04,2016-04,2016-04-29,2016-04,2016-04,2016-04-29,2016-03-31,0.34749454335225016,0.7458333333333333,-0.009075879592660966,-0.009075878937914584,1.769415077188881,-0.06763817126422367,1.9718177185490404e-07,5.915453155647122e-10,6.32010659085136e-11,0.0014374960759689494,0.11255053690262314,0.00646889591372354,0.8330978689026256,0.04788269828102776,0.35837233880018465,0.3553133808487403,0.28631428035107515,0.0,Stage30_PureODS_QualityCausal,True,False,0,Optimization terminated successfully,1,-0.00403944566403716,0.004579004779288997,0.0006068707877162169,0.05130683262517066,1.0,0.00030343539385810846,0.00023611717284449676,0.00023611717284449676,6.548549231195024e-09,0.00403944566403716,0.08533726883721206,-0.09766945795155403,2.220446049250313e-16,0.04466273116278795,0.06233054204844597,0.35837233880018465,KODEX200,0,0.1421484460999323,0.12445706736748913,0.008063208375994767,0.008063208375994767,121,0.0010035232680492834,True,0.006568895193589252,0.0042178148390914875,0.006232301259762067,-0.01126902698856701,4.314524798769931e-06,7.752966365016264e-06,-0.00016031174852607034,6.327803032834083e-06,0.006573209718388022,0.004225567805456504,0.006071989511235996,-0.011262699185534176,0.004956827025923133,0.0038018604670813816,0.005070523157723635,-0.00788508827495589,1.0,1.0,1.0,-1.0,-0.021127337968269145,0.6952095248968772,0.5822702632851864,-0.4683658317191059,0.4894363310158654,0.8476047624484386,0.7911351316425932,0.734182915859553,0.00394898923307508,0.003794107500716365,0.005230834906249706,-0.007891416077988723,0.02374440576827449,0.08502297918356312,0.3590861527729334,0.7345115170770453,1.0237444057682745,1.085022979183563,1.3590861527729334,1.7345115170770453,2016-04-29,0.12045950300907646,0.10750901990261459,0.008459406503449144,2016-04-30,2.280942423353813,0.6952095248968772,0.00034477403161915386,2016-04-29,1.3938922995149503,0.5822702632851864,0.01426876386210641,2016-04-29,-0.8809927195492827,-0.4683658317191059,0.033188479697821925,49.741311532082975,41.714136777545924,-0.005173769358340507,-0.16571726444908152,0.01250592069507557,-0.1656874265569919,0.0013465465690704031,-0.4580200687087443,0.009284661833102784,-0.23428745202424214,0.10961140687844696,-1.973897368898593,0.5437127553247827,-1.0293329867716212,-0.932142981010073,-0.24281011572341926,0.5874765483667461,0.009957279140217924,-1.6738135153236395,0.6382978723404256,0.4343691702290211,0.9852475206923593,0.8857758620689655,1.0,0.24196446053058915,0.1421484460999323,2498.0,13.0,nearest_listed_proxy,pure_direction_quality_causal_calibration
2016-06,2016-05,2016-05,2016-05-31,2016-05,2016-05,2016-05-31,2016-04-30,0.3474480412469354,0.0,0.027289516678466533,0.027289519672261633,1.8177015594489572,-0.04219446758857304,9.593413586028725e-07,2.8780240758086174e-09,1.1577102407289754e-10,0.0017279104620765125,0.1519487967799346,0.01078808095883137,0.78175964651373,0.05550347574750399,0.35905984880198255,0.35963783809715655,0.2813023131008609,9.171063477857955e-22,Stage30_PureODS_QualityCausal,True,False,0,Optimization terminated successfully,1,-0.003665538047392431,0.004192621195316494,0.0005899536487752723,0.0467717324511463,1.0,0.00029497682438763613,0.0002320988367712104,0.0002320988367712104,7.486765216844058e-09,0.003665538047392431,0.08413943062145873,-0.09601129277213054,0.0,0.04586056937854127,0.06398870722786947,0.35963783809715655,BOND,0,-0.05877198582295685,-0.05550957770881599,0.006597238464223737,0.006597238464223737,122,-0.0003662099211934174,True,0.00629217541269155,0.004217253499837517,0.006291279283818866,-0.009889066348041885,-8.694412797965763e-07,-6.560584007794539e-06,-0.0001831153394766862,6.089556241463364e-07,0.006291305971411754,0.004210692915829722,0.00610816394434218,-0.009888457392417739,0.0038984989518793395,0.003798009187168649,0.005072546052765367,-0.0035573603394733378,1.0,1.0,1.0,-1.0,0.11197219255822961,0.6684396466047084,0.5461169447261992,0.08997326179217457,0.5559860962791148,0.8342198233023542,0.7730584723630995,0.4550133691039127,0.0042655783143525534,0.0038045697711764433,0.005255661392242054,-0.003557969295097484,0.01744186046511628,0.11702412868632708,0.3246191135734072,0.49172902717605355,1.0174418604651163,1.1170241286863272,1.3246191135734073,1.4917290271760535,2016-05-31,0.4765240186844681,0.3227336722290739,0.008129969080578808,2016-05-31,2.0160421466549225,0.6684396466047084,0.00036329338141492963,2016-05-31,1.2032106913459442,0.5461169447261992,0.013806442796541113,2016-05-31,0.09886881122785991,0.08997326179217457,0.025991694923431955,55.08163614328399,45.57750912899676,0.10163272286567974,-0.08844981742006482,0.015,0.29763779527559053,0.023750113199657173,-0.08735814987907307,0.002981630649869887,-0.059645821161186295,1.5085993838389749,-0.3855856711390929,0.2045472388521447,-0.2677133647070834,0.561506856349941,-0.031583062927469346,-0.2649618967112358,0.0109344663083005,-1.5466690095430475,0.5882352941176471,0.46555562945728,0.9592126207661049,0.8444022770398482,1.0,0.22181297217617854,-0.05877198582295685,2514.0,9.0,nearest_listed_proxy,pure_direction_quality_causal_calibration
2016-07,2016-06,2016-06,2016-06-30,2016-06,2016-06,2016-06-30,2016-05-31,0.41421363941785244,0.5739726027397261,0.003924971645689748,0.0039249762269644925,1.8248359865301202,-0.038435108031773524,1.4369751304976754e-06,4.310925391493026e-09,2.7034935215497517e-10,0.0019369382018513443,0.16839021832332574,0.014389489021186494,0.7528839251237668,0.06433636753172106,0.3523336717595954,0.3554942535261373,0.2921720747142674,1.438723734070985e-21,Stage30_PureODS_QualityCausal,True,False,0,Optimization terminated successfully,1,-0.0037554389579873043,0.0043505517690741674,0.0007267723163130711,0.04784598733101158,1.0,0.00036338615815653555,0.00023171823895560867,0.00023171823895560867,8.413974718870326e-09,0.0037554389579873043,0.0933877282931588,-0.09892374354610094,0.0,0.0366122717068412,0.06107625645389907,0.3554942535261373,BOND,0,-0.15934701394373268,-0.13744548614627852,0.00651344023665684,0.00651344023665684,123,-0.0008952429598120307,True,0.006226458987156004,0.004347658998112538,0.007187657588571522,-0.010014022766434686,2.4187318048821827e-06,5.25997522784565e-06,-8.904243275955229e-05,8.144581601173604e-06,0.006228877718960886,0.004352918973340384,0.00709861515581197,-0.010005878184833512,0.003706554369136935,0.003960040858737729,0.005602301627252939,-0.000674889388646358,1.0,1.0,1.0,-1.0,0.24136962078091054,0.6740575555560212,0.43005389610291433,0.5615461921344348,0.6206848103904553,0.8370287777780105,0.7150269480514572,0.2192269039327826,0.004599378597144084,0.003954780883509883,0.005691344060012492,-0.0006830339702475316,0.25707605217819346,0.7764627659574468,0.506701030927835,0.6616556032799688,1.2570760521781934,1.7764627659574468,1.506701030927835,1.6616556032799688,2016-06-30,0.9134373735722563,0.47738033456874074,0.012179830038637695,2016-06-30,2.068026325033819,0.6740575555560212,0.000786404467878589,2016-06-30,0.7545518658033822,0.43005389610291433,0.01611377322080383,2016-06-30,1.2807419665667743,0.5615461921344348,0.03066211877878038,52.75416548699343,59.58226090170612,0.05508330973986858,0.19164521803412243,0.023005287685966824,0.3499999999999998,0.013855307836938812,0.07525830297934395,0.018263976995335524,0.09013024753740764,0.892471649274158,0.30877691512076955,1.0369179657795353,0.37808530041825605,0.6006242821974638,0.7075016330988957,-0.6540629576481798,0.014961238632698555,-1.1750263282694275,0.6521739130434783,0.434369170229021,0.9845699652084254,0.8734848484848485,1.0,0.2436264155926185,-0.15934701394373268,2531.0,14.0,nearest_listed_proxy,pure_direction_quality_causal_calibration
2016-08,2016-07,2016-07,2016-07-29,2016-07,2016-07,2016-07-29,2016-06-30,0.48724499956316786,0.0,-0.00548481770656586,-0.005484816103967945,1.8148270937996214,-0.04370911617725293,4.578851184322554e-07,1.3736553552967662e-09,2.2894255927163856e-10,0.0013522505208075465,0.1423362737576569,0.012441366545418464,0.77728153071942,0.06794082897750461,0.36231014986740273,0.3551008120509695,0.2825890380816278,1.5765771985420884e-21,Stage30_PureODS_QualityCausal,True,False,0,Optimization terminated successfully,1,-0.00433825405169588,0.004875292615044578,0.0006099710962327864,0.05484368480313821,1.0,0.0003049855481163932,0.0002320462257972588,0.0002320462257972588,6.789435045815931e-09,0.00433825405169588,0.0855549715375643,-0.09688258359293841,0.0,0.0444450284624357,0.06311741640706159,0.36231014986740273,KODEX200,0,0.359028828267005,0.2641804359108617,0.004118915896780589,0.004118915896780589,124,0.001088136997091674,True,0.006531097310612896,0.004340570879668211,0.006690673261462797,-0.012153339368513719,-2.568433393412684e-06,-7.5153967128518865e-06,-3.4253073165465784e-06,-9.995970545337487e-07,0.006528528877219483,0.004333055482955359,0.00668724795414625,-0.012154338965568253,0.005802195551173615,0.00393684324154852,0.0048661549389273345,-0.002336245899309084,1.0,1.0,1.0,-1.0,0.2992763073395572,0.734826127170716,0.3177411742422666,0.4539302831966246,0.6496381536697786,0.8674130635853581,0.6588705871211333,0.27303485840168773,0.004716626987475354,0.003944358638261372,0.004869580246243881,-0.0023352463022545504,0.052766895200783544,0.3098127143233975,0.3158703071672355,0.7456412243316544,1.0527668952007836,1.3098127143233975,1.3158703071672355,1.7456412243316544,2016-07-29,1.0900634686343522,0.5215456300695978,0.008883679887097238,2016-07-31,2.7711105899327757,0.734826127170716,0.0004591495554924337,2016-07-29,0.46571940478655655,0.3177411742422666,0.013708435891281168,2016-07-29,0.8312680033858614,0.4539302831966246,0.033627891666069644,61.85679693172149,56.95736766573219,0.2371359386344298,0.13914735331464384,0.0027988914920337032,-0.02469135802469134,-0.004010566138302137,-0.43062467914231484,-0.013005230056952866,-0.6868394176795679,-0.22471551632416142,-1.8519783509885255,-0.6652661583850584,-2.9922270930450923,-1.0383469336563436,-1.8287466257150753,1.4335467796857095,0.010739900661604872,-1.5533131457602662,0.6382978723404256,0.4343691702290209,0.9859175732286093,0.9162087912087912,1.0,0.25044793330407983,0.359028828267005,2547.0,13.0,nearest_listed_proxy,pure_direction_quality_causal_calibration
2016-09,2016-08,2016-08,2016-08-30,2016-08,2016-08,2016-08-31,2016-07-31,0.3562267423923956,0.1618575293056808,0.005358633087476777,0.005358635424821355,1.8245520863125055,-0.03858470420594784,7.552742438132753e-07,2.265822731439826e-09,7.152184575143217e-11,0.0016909112011343195,0.2163090666270231,0.013791107120228453,0.7237557021402661,0.046144124112482345,0.3679940533646443,0.35536295381741484,0.2766429928179408,1.684331303359974e-21,Stage30_PureODS_QualityCausal,True,False,0,Optimization terminated successfully,1,-0.0037140517196010505,0.00421367286589037,0.0005360055813150262,0.04734804090279428,1.0,0.0002680027906575131,0.00023161119672166985,0.00023161119672166985,7.158910136220445e-09,0.0037140517196010505,0.08020016817800518,-0.09557931245870602,0.0,0.04979983182199482,0.06442068754129399,0.3679940533646443,KODEX200,0,-0.16812612953813183,-0.1439280616080454,0.004854531107282169,0.004854531107282169,125,-0.0006987032522870808,True,0.006499949878917345,0.0042115906175822365,0.006599662985711115,-0.010547558677673418,2.59249387388112e-07,-2.1059570194815957e-06,-0.00013285264107275996,1.8840009275442853e-06,0.006500209128304733,0.004209484660562755,0.006466810344638355,-0.010545674676745873,0.004097401795157176,0.003858383398741214,0.0048247267566561575,-0.004424874557846571,1.0,1.0,1.0,-1.0,0.2912911727106044,0.7214233118812826,0.330956764552002,0.0002557802586325489,0.6456455863553022,0.8607116559406414,0.665478382276001,0.4998721098706837,0.004795845798056869,0.0038604893557606956,0.004957579397728918,-0.004426758558774115,0.009620068192888456,0.2999738356881214,0.10582458516762615,0.6718509984639017,1.0096200681928884,1.2999738356881214,1.105824585167626,1.6718509984639018,2016-08-31,1.0703230643114656,0.5169835967931056,0.007706870670528873,2016-08-31,2.5896758151344064,0.7214233118812826,0.0004533477498239627,2016-08-31,0.49467171479641386,0.330956764552002,0.011167578300592089,2016-08-31,0.0002558456989115866,0.0002557802586325489,0.031147533904448122,57.09735039497834,60.747145671957036,0.14194700789956685,0.2149429134391407,0.015,0.14991762767710054,0.0027229590546310597,0.151121979199253,0.01481400518858312,0.3418482461949347,0.1971631339243687,0.6351267913243432,0.852563241431839,1.472881789121224,0.41614496262435596,1.1627225152765315,-0.7894337389504438,0.010505217007401188,-1.5642220706036085,0.5769230769230769,0.434369170229021,0.9737780521699897,0.8727355072463768,1.0,0.2129705398221976,-0.16812612953813183,2564.0,8.0,nearest_listed_proxy,pure_direction_quality_causal_calibration
2016-10,2016-09,2016-09,2016-09-30,2016-09,2016-09,2016-09-30,2016-08-31,0.48321617038611436,0.0,-0.004038502419700538,-0.0040385011477749285,1.8171836282970628,-0.0424673822043492,4.161755320364087e-07,1.248526596109226e-09,2.3399012449829163e-11,0.0017587851500557592,0.18753753383638364,0.010975148416136005,0.7571755782348393,0.04431173951264116,0.37120878192333984,0.35523838692660664,0.2735528311500536,5.546330414278108e-17,Stage30_PureODS_QualityCausal,True,False,0,Optimization terminated successfully,1,-0.0036405421977979877,0.004145925299143243,0.0005493607349369991,0.046454939180096924,1.0,0.00027468036746849955,0.00023069600791218598,0.00023069600791218598,6.725964570143259e-09,0.0036405421977979877,0.08119315746566326,-0.09510652850764283,0.0,0.048806842534336745,0.06489347149235718,0.37120878192333984,KODEX200,0,-0.09395849428994416,-0.08588853670442938,0.004050248122458211,0.004050248122458211,126,-0.00034786988452779823,True,0.006649785388507427,0.004216861378320233,0.006236806356128141,-0.010068312522732766,-2.0199077411523714e-06,-5.3354447517522195e-06,2.7931239633332695e-06,-7.648406380904217e-07,0.006647765480766275,0.004211525933568481,0.006239599480091475,-0.010069077363370857,0.004390677441736199,0.0035672575660983972,0.0045652623860452796,-0.006059482554934084,1.0,1.0,1.0,-1.0,0.21929337091724424,0.4757946396764352,0.25219778245992924,-0.32196470860946,0.6096466854586221,0.7378973198382176,0.6260988912299646,0.66098235430473,0.004740567234005149,0.0035725930108501495,0.004562469262081946,-0.006058717714295993,0.09393939393939393,0.5556853582554517,0.06506388702084734,0.6493333333333333,1.093939393939394,1.5556853582554517,1.0650638870208473,1.6493333333333333,2016-09-30,1.3422415538475463,0.5730585522414104,0.00957825998528086,2016-09-30,0.9076493215993668,0.4757946396764352,0.0005830904134399387,2016-09-30,0.3372519852769965,0.25219778245992924,0.01028603750572114,2016-09-30,-0.4748494845292829,-0.32196470860946,0.030652097997604516,51.821864392513625,52.41921363300249,0.0364372878502725,0.04838427266004985,0.01295767481334234,0.5514592933947774,-0.0011970816490415054,0.20799206429392625,-0.004350079130694972,0.24830036758804924,-0.04911250407286806,0.8779832229131268,-0.19540170082060773,1.0630993356130876,0.4144353594201294,0.4338488173962399,-0.4241420884081847,0.013752052588978318,-1.241426752423614,0.6382978723404256,0.40190409024472723,0.98150179994455,0.8798076923076923,1.0,0.22152598588499578,-0.09395849428994416,2578.0,13.0,nearest_listed_proxy,pure_direction_quality_causal_calibration
2016-11,2016-10,2016-10,2016-10-31,2016-10,2016-10,2016-10-31,2016-09-30,0.5107821693431976,0.0,-0.02554740473144588,-0.025547403793860432,1.7707593026736004,-0.06692985553473563,2.6788155604863925e-07,8.036446681459177e-10,1.3394077802432852e-10,0.001798276955715502,0.1799579039579007,0.01934168867002778,0.7229937859327219,0.07770662143934957,0.3684550698495623,0.3523502702382403,0.27919465991219744,5.569249714180589e-17,Stage30_PureODS_QualityCausal,True,False,0,Optimization terminated successfully,1,-0.0029731730274921726,0.0034842837687341205,0.0005620206781446207,0.038439281155941724,1.0,0.00028101033907231037,0.00023009378339500713,0.00023009378339500713,6.6187746305635995e-09,0.0029731730274921726,0.08212337144647344,-0.09650700258272037,0.0,0.04787662855352656,0.06349299741727964,0.3684550698495623,KODEX200,0,0.018783444851101217,0.018437131998985792,0.004782070745860487,0.004782070745860487,127,8.816766956991824e-05,True,0.006308737829098674,0.004119258424033507,0.006818747515224765,-0.010053635945494938,-3.149479324857764e-06,-1.0524821794952873e-05,2.1842418912260006e-05,-1.483052139327357e-06,0.006305588349773817,0.004108733602238554,0.006840589934137025,-0.010055118997634265,0.004487048352550776,0.002461558878129157,0.0034516316284973914,-0.006301622686971154,1.0,1.0,1.0,-1.0,0.15453975976393328,-0.4193777473829553,-0.35005604174716837,-0.3666007602401862,0.5772698798819667,0.29031112630852235,0.32497197912641584,0.6833003801200931,0.004402030162305716,0.00247208369992411,0.0034297892095851313,-0.006300139634831827,0.04523522316043426,0.7995106876126706,0.09365609348914858,0.49867724867724866,1.0452352231604343,1.7995106876126705,1.0936560934891486,1.4986772486772486,2016-10-31,1.848433791112838,0.6489298774926708,0.008633123197948378,2016-10-31,-0.7222901731593815,-0.4193777473829553,0.0008040081532588749,2016-10-31,-0.5385941930873288,-0.35005604174716837,0.010865423205958699,2016-10-31,-0.578783075867287,-0.3666007602401862,0.026413727152623204,46.93332794496391,43.801142144992546,-0.06133344110072187,-0.12397715710014907,0.009567252858786318,0.36664104534973097,-0.01159121262602094,0.18425489690712804,-0.010230339596800324,0.0243770682032967,-0.7061693895537664,0.7775355832229732,-0.5186473771537573,0.09192389870325902,0.03568309683460341,-0.21336173922524915,0.08883932119532287,0.018091315701743507,-0.9151202562817986,0.6,0.40190409024472723,0.9845177252754724,0.8905797101449275,1.0,0.21143165659498658,0.018783444851101217,2593.0,10.0,nearest_listed_proxy,pure_direction_quality_causal_calibration
2016-12,2016-11,2016-11,2016-11-29,2016-11,2016-11,2016-11-30,2016-10-31,0.4004020571807366,0.0,0.016901065850481876,0.016901068242688177,1.8006870222534401,-0.05115997558000962,6.834875140304931e-07,2.050462542091479e-09,3.4174375701525943e-10,0.001987060362107434,0.1760777423366025,0.038570863687330176,0.6442292030389029,0.14112219093716452,0.37685610869687175,0.35601449299767657,0.2671293983054517,6.254581647379116e-17,Stage30_PureODS_QualityCausal,True,False,0,Optimization terminated successfully,1,-0.0028626948792166962,0.0034304773787635933,0.0006691753507873381,0.03715067644043909,1.0,0.00033458767539366907,0.0002331876686461393,0.0002331876686461393,7.15550708815929e-09,0.0028626948792166962,0.08961084872630132,-0.09401757670040903,0.0,0.04038915127369869,0.06598242329959098,0.37685610869687175,KODEX200,0,0.08458436804510981,0.07798781776429937,0.004543377620513009,0.004543377620513009,128,0.0003543281059029647,True,0.005870835031414762,0.004070610646990222,0.007188715973317064,-0.009181920203292313,-1.10581462284126e-06,-1.9650534647129852e-05,-0.00018950938353972562,4.700925165498182e-06,0.005869729216791921,0.0040509601123430924,0.006999206589777339,-0.009177219278126815,0.004661475485005546,0.0023880550358640457,0.00308311129018122,-0.005053957182178211,1.0,1.0,1.0,-1.0,0.19532827172590514,-0.5962226479910415,-0.5057111013489191,-0.26165829158625126,0.5976641358629525,0.20188867600447924,0.24714444932554047,0.6308291457931257,0.004308253193725423,0.0024077055705111756,0.0032726206737209457,-0.005058658107343709,0.07043436525077994,0.9500383337592639,0.40334880636604775,0.7358455193100862,1.07043436525078,1.950038333759264,1.4033488063660478,1.7358455193100863,2016-11-30,0.8316125653078064,0.4540330095235245,0.009104597821160472,2016-11-30,-1.476612407864355,-0.5962226479910415,0.001282983294709596,2016-11-30,-1.0231083536956005,-0.5057111013489191,0.014583503529570675,2016-11-30,-0.354386442760219,-0.26165829158625126,0.03319432771573679,53.74624616918471,52.85134411352483,0.07492492338369416,0.057026882270496626,0.018022349933277143,0.20336943441636576,0.0044438142618485575,-0.14969713157737097,0.004281949520884049,-0.252445321885937,0.30757124733391056,-0.6540868247170604,0.28041101540213276,-1.108339030232876,-0.1732577886915749,-0.4139640074153716,0.29361089805347323,0.014658114536745221,-1.1539761770152603,0.5769230769230769,0.5483892418972857,0.9781008426677661,0.930952380952381,1.0,0.28808320333431586,0.08458436804510981,2610.0,8.0,nearest_listed_proxy,pure_direction_quality_causal_calibration
2017-01,2016-12,2016-12,2016-12-29,2016-12,2016-12,2016-12-29,2016-11-30,0.30103582365777976,0.41849255039439087,0.014123802833127959,0.014123804345112314,1.8261195707199198,-0.037758746154921474,4.319955301257604e-07,1.2959865903772813e-09,2.1599776506289072e-10,0.0024566800616158254,0.17291831397051793,0.06628417138015588,0.5499768253379953,0.21082068931133094,0.38348743979086264,0.3518904730684941,0.26462208714064317,6.642060479961289e-17,Stage30_PureODS_QualityCausal,True,False,0,Optimization terminated successfully,1,-0.0027702728468306306,0.0033222563544776803,0.000632319413195132,0.036073159774561374,1.0,0.000316159706597566,0.00023581701708469744,0.00023581701708469744,6.783964786309959e-09,0.0027702728468306306,0.08710816814938531,-0.09426220349083801,0.0,0.042891831850614695,0.06573779650916199,0.38348743979086264,KODEX200,0,-0.10260344643011086,-0.09305561919138663,0.006509810244091017,0.006509810244091017,129,-0.0006057744230823214,True,0.005662260572152071,0.004225103305154916,0.008423838084932073,-0.008484481715775757,1.0602769956061717e-05,9.811412891502157e-06,-0.00047819445584716994,2.7974098979110295e-05,0.005672863342108133,0.0042349147180464185,0.007945643629084903,-0.008456507616796647,0.004059627574472655,0.002768037423568686,0.0029906580344038936,-0.0007401463875101706,1.0,1.0,1.0,-1.0,0.37143282395074023,-0.658966313451203,-0.6607522627420805,0.41051953828729293,0.6857164119753701,0.17051684327439848,0.16962386862895973,0.29474023085635354,0.004654799227598915,0.002758226010677184,0.0034688524902510634,-0.0007681204864892809,0.00011938872970391595,0.6948529411764706,0.17270332565031282,0.21856398809523808,1.000119388729704,1.6948529411764706,1.1727033256503128,1.2185639880952381,2016-12-29,0.7269473123549546,0.42094353843583776,0.005965519643618538,2016-12-31,-1.9322616487533248,-0.658966313451203,0.0007051199085361131,2016-12-30,-1.9476983636879235,-0.6607522627420805,0.01202106995707371,2016-12-30,0.6964090668833166,0.41051953828729293,0.021381937163967846,71.17947207952835,63.488274591290796,0.42358944159056705,0.26976549182581594,0.024073162775139517,0.0872340425531916,0.021966223759710187,-0.21220139340189365,0.021658025852316194,0.0509413928461791,1.4215454019138687,-0.9219552587413703,1.2377503046126463,0.20990762086201423,0.2497950715862492,0.7238289627373303,-0.4868120171617898,0.009097632757961646,-1.6918174950234668,0.6521739130434783,0.3453943107718793,0.9892531463087142,0.9458333333333333,1.0,0.21076605098680434,-0.10260344643011086,2626.0,14.0,nearest_listed_proxy,pure_direction_quality_causal_calibration
2017-02,2017-01,2017-01,2017-01-31,2017-01,2017-01,2017-01-31,2016-12-31,0.531557756718656,0.0,0.009189644092590456,0.009189644647760075,1.84290095964535,-0.02891609150087715,1.5861989077771677e-07,4.758596723331503e-10,7.930994538886661e-11,0.0025515268060202845,0.16277240147000727,0.10115176317432599,0.45396688683790837,0.28210894851775825,0.39215460267893465,0.34709130733768795,0.26075408998337724,5.961505024657635e-17,Stage30_PureODS_QualityCausal,True,False,0,Optimization terminated successfully,1,-0.0034645780184193787,0.0040692895599960975,0.0007301201753206795,0.04445075366802909,1.0,0.00036506008766033977,0.00023964491885840515,0.00023964491885840515,6.535057973839347e-09,0.0034645780184193787,0.09360257530564078,-0.09442724732259736,0.0,0.03639742469435922,0.06557275267740265,0.39215460267893465,KODEX200,0,0.12127247890710985,0.10815611832844824,0.004932670200668288,0.004932670200668288,130,0.0005334984618986898,True,0.0054150543855822075,0.004343653840629855,0.009628421802450566,-0.009181022804581492,-6.8061298382873415e-06,-3.663990768122666e-05,1.288684581898198e-05,-6.735109975809255e-06,0.00540824825574392,0.004307013932948628,0.009641308648269549,-0.009187757914557301,0.004959015474934918,0.002953974954070504,0.004215810337484128,-8.660339373448714e-05,1.0,1.0,1.0,-1.0,0.3136219467751486,-0.5099811037367618,-0.5332990848450183,0.5514367844818352,0.6568109733875743,0.24500944813161912,0.23335045757749084,0.2242816077590824,0.004432323142874516,0.0029906148617517307,0.004202923491665146,-7.986828375867788e-05,0.008673954372623574,0.6728301886792453,0.34003925417075564,0.25830871491875923,1.0086739543726235,1.6728301886792454,1.3400392541707555,1.2583087149187593,2017-01-31,0.8645431484324764,0.46367559214668685,0.0073153442114143215,2017-01-31,-1.040737627927719,-0.5099811037367618,0.0006904111197587189,2017-01-31,-1.1426998909310486,-0.5332990848450183,0.013784524742660852,2017-01-31,1.2293401808367954,0.5514367844818352,0.022232173588474426,67.8461668349019,56.01334557403605,0.3569233366980379,0.12026691148072104,-0.010309635301501086,0.12469437652811739,-0.01422044117999983,0.07166364445626364,-0.016450280266786084,-0.20690688237160504,-0.8792225190188253,0.2957036477264579,-0.8692707483306645,-0.90306861911001,-0.2917594356461837,-0.8861696837203372,0.5889645596832604,0.0114721956724129,-1.411473970559927,0.5882352941176471,0.37237547262164533,0.9874816929096888,0.9519450800915332,1.0,0.20590793947318162,0.12127247890710985,2641.0,9.0,nearest_listed_proxy,pure_direction_quality_causal_calibration
2017-03,2017-02,2017-02,2017-02-28,2017-02,2017-02,2017-02-28,2017-01-31,0.33014655170466567,0.8617850953206239,0.011437849414222306,0.011437854309534595,1.8639797833070992,-0.017808979986889795,1.5283640068669026e-06,4.585092020600708e-09,3.1022026787669525e-10,0.003060107245026517,0.1888567543678986,0.19356816958989673,0.30498332387119903,0.3125917521710057,0.3922837669235459,0.3447369311658499,0.2629793019106041,8.654134686208656e-17,Stage30_PureODS_QualityCausal,True,False,0,Optimization terminated successfully,1,-0.003483401488232521,0.0040780509502359,0.0007108139251725097,0.04467172785179574,1.0,0.00035540696258625485,0.00023923388006298057,0.00023923388006298057,8.61935414367859e-09,0.003483401488232521,0.09235673826023803,-0.09400894102620298,0.0,0.03764326173976197,0.06599105897379702,0.3922837669235459,KODEX200,0,-0.045716808804472944,-0.043718154302921815,0.0052152031174892135,0.0052152031174892135,131,-0.00022799905461147232,True,0.004513336497269275,0.004439870636055865,0.011375243933467671,-0.008088022086686743,3.280857860919718e-05,6.661763222329927e-05,-0.0005488984015483237,4.2732681897553e-05,0.0045461450758784725,0.004506488268279165,0.010826345531919348,-0.00804528940478919,0.0037900900569827157,0.003734511588620014,0.004957941829514389,0.00028252445422134823,1.0,1.0,1.0,-1.0,0.27326543493486827,-0.1189986408948436,-0.4114990341800655,0.4940289283010512,0.6366327174674341,0.4405006795525782,0.29425048290996725,0.25298553584947436,0.003985280532984991,0.0036678939563967146,0.005506840231062713,0.00023979177232379524,0.004612109744560076,0.45803147639270547,0.10842002600780234,0.1277961129446278,1.0046121097445602,1.4580314763927054,1.1084200260078023,1.127796112944628,2017-02-28,1.2959612324519652,0.5644525761734865,0.006711110868240855,2017-02-28,-0.13507202873751742,-0.1189986408948436,0.000533387665776205,2017-02-28,-0.6992325553905262,-0.4114990341800655,0.011120726333302786,2017-02-28,0.9763975767274634,0.4940289283010512,0.0190271882068155,56.126210069580026,56.640976361975895,0.12252420139160052,0.1328195272395179,0.015,-0.15140845070422537,0.010881967703634289,-0.04027061818313196,0.018802142973185443,-0.17681193344612228,0.7191441583434836,-0.18318148934055914,1.0851215414476079,-0.7680099688516664,0.2679813345014622,0.15855578629797074,-0.21326856039971648,0.007900089440988318,-1.8210349183452574,0.5882352941176471,0.3978310800424023,0.974576322440881,0.9399038461538461,1.0,0.21436262672186032,-0.045716808804472944,2656.0,9.0,nearest_listed_proxy,pure_direction_quality_causal_calibration
2017-04,2017-03,2017-03,2017-03-31,2017-03,2017-03,2017-03-31,2017-02-28,0.4066099171215336,0.0,0.01897514438305029,0.018975150287236956,1.8993490688224384,0.0,1.7916317902182809e-06,5.374895370654843e-09,5.292912988035656e-10,0.0028255190856949068,0.19537708927543984,0.18266980255821666,0.32142940615107785,0.30052370201526557,0.4027656540473414,0.34064015043673845,0.25659419551592016,1.0505968127202419e-16,Stage30_PureODS_QualityCausal,True,False,0,Optimization terminated successfully,1,-0.003828616273597106,0.004426024494694645,0.0007077841227664388,0.04886558919973711,1.0,0.0003538920613832194,0.00024350680968240022,0.00024350680968240022,9.350031919601174e-09,0.003828616273597106,0.09215969549210362,-0.0941356038355904,0.0,0.03784030450789638,0.0658643961644096,0.4027656540473414,KODEX200,0,-0.027377203364753005,-0.026647664825626066,0.0046942360452331255,0.0046942360452331255,132,-0.00012509042874574476,True,0.004960336433775289,0.004362291470910839,0.010883111078447298,-0.0089036626403538,1.1200696505028028e-05,-3.02854138391203e-05,-0.0003415643283581534,-6.256631251034996e-07,0.004971537130280318,0.004332006057071718,0.010541546750089144,-0.008904288303478903,0.004159607928161289,0.00392754913685506,0.005505956030149603,-0.003525055629478852,1.0,1.0,1.0,-1.0,0.35653626387204906,0.47362807386751965,-0.24989965351160365,-0.0827607927578437,0.6782681319360245,0.7368140369337598,0.3750501732441982,0.5413803963789219,0.004273497660402006,0.003957834550694181,0.005847520358507756,-0.0035244299663537483,0.011176470588235295,0.48946455131383243,0.06340755082284608,0.18527272727272728,1.0111764705882353,1.4894645513138325,1.063407550822846,1.1852727272727273,2017-03-31,2.305042050262984,0.697431988824339,0.0072428970539557234,2017-03-31,0.8997973682743752,0.47362807386751965,0.0005530493385162629,2017-03-31,-0.3331549634412407,-0.24989965351160365,0.01024312516550554,2017-03-31,-0.09022814561828296,-0.0827607927578437,0.020708118034423295,65.4916038147239,53.117236324866504,0.30983207629447806,0.06234472649733007,0.002021989129005322,0.229336437718277,0.0021456443920830582,0.3534491945416456,-0.006196364968252211,-0.18942737947324106,0.16138511827616783,1.4990415755065292,-0.30522568540223866,-0.8201163406497722,0.8302133468913485,-0.5626710130260054,-0.13377116693267155,0.007628721481795859,-1.846162132665706,0.6382978723404256,0.3583740174487841,0.9830770027372857,0.9100790513833992,1.0,0.20465698246119243,-0.027377203364753005,2673.0,13.0,nearest_listed_proxy,pure_direction_quality_causal_calibration
2017-05,2017-04,2017-04,2017-04-28,2017-04,2017-04,2017-04-28,2017-03-31,0.43442706641744616,0.0,0.016270545246408637,0.016463300108147415,1.930252513785438,0.0,0.0550728176396506,0.0001652184529189518,2.7536408819825227e-05,0.0031511600715828374,0.2597481308674576,0.22751763342771156,0.27332468052363973,0.23940955518119106,0.350261243156573,0.3349412830141489,0.31479747382927814,1.3904022898499777e-19,Stage30_PureODS_QualityCausal,True,False,0,Optimization terminated successfully,16,-0.004089097703615581,0.0048586129672427494,0.0006858070317461559,0.05418851341643606,1.0,0.00034290351587307796,0.0002338541308758881,0.0002338541308758881,0.00019275761687820281,0.004089097703615581,0.0907176078881816,-0.10667866102255734,0.0,0.0392823921118184,0.053321338977442664,0.350261243156573,KODEX200,0,-0.20718189958773855,-0.17162442516615986,0.004610262732925282,0.004610262732925282,133,-0.0007912336914032706,True,0.004834168242895369,0.004266004655353734,0.011249343295843404,-0.007744875907761158,1.1789077645233726e-05,-2.503612008282649e-05,-0.00019662210732087794,-4.258831295859388e-06,0.004845957320540603,0.004240968535270908,0.011052721188522525,-0.007749134739057017,0.0036652547928336895,0.003894909561232642,0.007211780430573295,-0.00345653359389929,1.0,1.0,1.0,-1.0,0.5371753471643487,0.3791798801807124,0.05140680283880799,-0.21208021829308127,0.7685876735821744,0.6895899400903562,0.525703401419404,0.6060401091465406,0.004444699406591726,0.003919945681315469,0.007408402537894173,-0.0034522747626034305,0.016276346604215456,0.1733513779527559,0.036080821039127645,0.18869628024557603,1.0162763466042155,1.173351377952756,1.0360808210391277,1.188696280245576,2017-04-28,3.8406026298996974,0.7934141518200346,0.007392559800201668,2017-04-30,0.6107725379310943,0.3791798801807124,0.00039778605419313264,2017-04-28,0.05419267499772356,0.05140680283880799,0.009397035060976631,2017-04-28,-0.269164733792619,-0.21208021829308127,0.020696545126706215,73.79762282836003,67.10797165529053,0.47595245656720064,0.34215943310581054,0.005793361862115043,0.6057347670250895,0.0010797371072000907,0.0038630195534499236,0.0033829277021900166,0.7025866081944406,0.09314206670480524,0.005745076714973224,0.2278926523131251,3.0011550761033705,0.04944357170988923,1.6145238642082478,-0.8319837179590686,0.007106076006769815,-1.914575455855188,0.6382978723404256,0.4309534889093042,0.9868990902954822,0.9172979797979798,1.0,0.2490215795279919,-0.20718189958773855,2688.0,13.0,nearest_listed_proxy,pure_direction_quality_causal_calibration
2017-06,2017-05,2017-05,2017-05-30,2017-05,2017-05,2017-05-31,2017-04-30,0.42116790728739356,0.8897872340425532,0.0080325274342038,0.008032541298853228,1.9457573200573606,0.0,3.961328407672763e-06,1.1883985223018288e-08,1.9806642038016557e-09,0.0029764895562901664,0.22418396968993795,0.19643900056255903,0.3087968362688091,0.27058019347869383,0.3648194716142801,0.3301117201832783,0.30506880820244164,2.776138448718094e-17,Stage30_PureODS_QualityCausal,True,False,0,Optimization terminated successfully,2,-0.004924746888086561,0.005528776910639248,0.0007344053632440075,0.06193889074820692,1.0,0.00036720268162200375,0.00023681050767316607,0.00023681050767316607,1.6833257516649548e-08,0.004924746888086561,0.09387685741932401,-0.10437263020551509,0.0,0.03612314258067599,0.05562736979448492,0.3648194716142801,KODEX200,0,-0.11718734038600728,-0.10489497701031687,0.0,0.0,134,-0.0,True,0.0055667783317720435,0.0042740134155809,0.010783260699191633,-0.00871809422138391,2.5053843993243267e-05,4.8807458681998696e-05,-0.00024531872985349926,1.552069342619905e-05,0.005591832175765287,0.004322820874262898,0.010537941969338133,-0.00870257352795771,0.004928134021847794,0.00392777615307258,0.00797948742351709,-0.006390607143913037,1.0,1.0,1.0,-1.0,0.4875489094500491,0.3910790643861272,0.34455500257686084,-0.6046090347467675,0.7437744547250246,0.6955395321930636,0.6722775012884304,0.8023045173733838,0.004903080177854551,0.0038789686943905815,0.008224806153370588,-0.006406127837339236,0.1416414082536722,0.32442002442002443,0.03105095541401274,0.4308491580078825,1.141641408253672,1.3244200244200244,1.0310509554140128,1.4308491580078826,2017-05-31,3.2838599541788906,0.7665656649152354,0.01002116804019446,2017-05-31,0.6422493324061321,0.3910790643861272,0.00047163321837683994,2017-05-31,0.5256810318660875,0.34455500257686084,0.009135094486536419,2017-05-31,-1.5291422614058443,-0.6046090347467675,0.024890422182229546,72.92592289910735,61.878130272638245,0.45851845798214697,0.2375626054527649,0.0,0.3964620187304891,0.0024395568309520865,0.4701878617344061,-0.013470164988529924,-0.021133612780921615,0.18156939054796206,1.9919835451743428,-0.7109345740018463,-0.09127517212697156,1.0867764678611525,-0.40110487306440895,-0.3428357973983718,0.01178184513602746,-1.3313771984428604,0.5769230769230769,0.6718809681942035,0.9832477208096958,0.8968531468531469,1.0,0.3418176902041439,-0.11718734038600728,2704.0,8.0,nearest_listed_proxy,pure_direction_quality_causal_calibration
2017-07,2017-06,2017-06,2017-06-30,2017-06,2017-06,2017-06-30,2017-05-31,0.4416161018510082,0.0,0.004404683196455241,0.00440468614887874,1.954327764629397,0.0,8.435495711250697e-07,2.530648713375209e-09,4.217747855833411e-10,0.002890954748115313,0.2591456511520269,0.16736784605511185,0.3484450882945405,0.22504141449832074,0.3718003813570506,0.3279385566858301,0.30026106195711927,5.4593843673814015e-17,Stage30_PureODS_QualityCausal,True,False,0,Optimization terminated successfully,1,-0.004650199717367027,0.005223164571895205,0.0006708669851666102,0.0586527729517428,1.0,0.0003354334925833051,0.00023752394157924283,0.00023752394157924283,7.42036563102797e-09,0.004650199717367027,0.08972404260842978,-0.10364363797549124,0.0,0.04027595739157022,0.05635636202450876,0.3718003813570506,KODEX200,0,-0.08563607416040461,-0.07888101381177183,0.0,0.0,135,-0.0,True,0.0060171861562490795,0.004161039286853706,0.009947062573430613,-0.008561469024072146,9.38503615785975e-06,-2.088161495886157e-05,-0.00017135628257249451,-2.5299952566528397e-06,0.006026571192406939,0.004140157671894844,0.00977570629085812,-0.008563999019328798,0.005139829170616749,0.0038703297820801355,0.006803891754063061,-0.006817756160341466,1.0,1.0,1.0,-1.0,0.4327086475536766,0.5751024729696564,0.15766181289547873,-0.6950439673341229,0.7163543237768383,0.7875512364848283,0.5788309064477394,0.8475219836670614,0.00513044413445889,0.003891211397038997,0.0069752480366355556,-0.006815226165084814,0.041647331786542924,0.467030303030303,0.02387729285262492,0.4118378954852471,1.041647331786543,1.467030303030303,1.023877292852625,1.411837895485247,2017-06-30,3.4130731064173196,0.7734005361148812,0.00806415565975943,2017-06-30,1.3535086376922745,0.5751024729696564,0.0005360040901076175,2017-06-30,0.18717163166664713,0.15766181289547873,0.008920629730279368,2017-06-30,-2.279161232713316,-0.6950439673341229,0.02459224784371759,65.45853980063453,60.777730526672904,0.30917079601269054,0.2155546105334581,0.0027765824025730024,-0.052707581227436726,-0.0021138405034073905,0.04161550447915759,0.01232146470025635,0.13541315788503364,-0.11286537887117207,0.1684951689142158,0.7287796235425467,0.5751721139881468,0.02781489502152186,0.6519758687653467,-0.3398953818934343,0.010002679453985896,-1.5051939486560213,0.6382978723404256,0.44345786748553456,0.9792286065060226,0.908974358974359,1.0,0.25194833093452756,-0.08563607416040461,2721.0,13.0,nearest_listed_proxy,pure_direction_quality_causal_calibration
2017-08,2017-07,2017-07,2017-07-31,2017-07,2017-07,2017-07-31,2017-06-30,0.41345914687663377,0.0,0.009947155911927831,0.009947157704153765,1.973767767607175,0.0,5.120645523160302e-07,1.5361936569480907e-09,2.5603227615797737e-10,0.0028910675427500144,0.283922909954554,0.13514319182551549,0.3935905151316867,0.18734338308824391,0.3713231334757713,0.3267660997088091,0.3019107668154197,5.651421388840307e-17,Stage30_PureODS_QualityCausal,True,False,0,Optimization terminated successfully,1,-0.0043647204975729575,0.0049171619171270425,0.0006319103427023016,0.055214480949310696,1.0,0.0003159551713511508,0.00023647935540356465,0.00023647935540356465,6.892799369389173e-09,0.0043647204975729575,0.08707998686510936,-0.10416712737902456,0.0,0.04292001313489065,0.05583287262097544,0.3713231334757713,KODEX200,0,-0.15815846219448015,-0.1365602958120267,0.0,0.0,136,-0.0,True,0.006267674034961515,0.0040591160669742185,0.009280277764448824,-0.008042797695384499,1.260848260221282e-05,-1.841120200587095e-05,-0.00019908979241152358,-2.4573631261655067e-07,0.006280282517563727,0.004040704864968348,0.0090811879720373,-0.008043043431697115,0.0050686383413498706,0.003780360139220402,0.005961250493177015,-0.005925952994480222,1.0,1.0,1.0,-1.0,0.28233024546470403,0.5542227564203956,0.023373039671017875,-0.6127461988770401,0.641165122732352,0.7771113782101978,0.511686519835509,0.8063730994385201,0.005056029858747658,0.003798771341226273,0.006160340285588539,-0.005925707258167606,0.02297390902793812,0.12379692011549567,0.024670018856065366,0.22855630074126368,1.0229739090279382,1.1237969201154956,1.0246700188560653,1.2285563007412637,2017-07-31,4.093691507169769,0.8036787271878515,0.0074879225671004405,2017-07-31,1.2432728776596371,0.5542227564203956,0.00037417637080819414,2017-07-31,0.02393241290732394,0.023373039671017875,0.008841204579746962,2017-07-31,-1.5822858215986428,-0.6127461988770401,0.021497128834554315,48.20731092337838,53.95828953693464,-0.035853781532432405,0.07916579073869286,0.019817894933680247,0.23892701185277596,0.005544072209387645,0.25000349547715617,0.00792189545715101,0.170344286013106,0.37987619629573305,1.0526603991433847,0.48058280520180185,0.720556197422322,0.7162682977195589,0.600569501312062,-0.6584188995158105,0.014802750359586723,-1.0502227127055754,0.6,0.4482803504911969,0.9821569406395024,0.9093023255813953,1.0,0.24020948109294413,-0.15815846219448015,2737.0,10.0,nearest_listed_proxy,pure_direction_quality_causal_calibration
2017-09,2017-08,2017-08,2017-08-31,2017-08,2017-08,2017-08-31,2017-07-31,0.4331514402701819,0.0,0.007921774733603183,0.007921787347024416,1.9894035112386057,0.0,3.6038346379886216e-06,1.0811503913965864e-08,1.8019173189941634e-09,0.0028055681671980614,0.21884011553375798,0.1560601798872169,0.36488872705897146,0.2602109775200538,0.36204136725785535,0.32384811909388445,0.3141105136482603,5.285188488979849e-17,Stage30_PureODS_QualityCausal,True,False,0,Optimization terminated successfully,2,-0.004657670208694629,0.005248040984744066,0.0007095348108106306,0.05871928295206501,1.0,0.0003547674054053153,0.00023558765955149588,0.00023558765955149588,1.5711092625774128e-08,0.004657670208694629,0.09227360256177043,-0.10765491268312465,0.0,0.03772639743822957,0.05234508731687536,0.36204136725785535,KODEX200,0,-0.2871615514176369,-0.22309674422869974,0.0,0.0,137,-0.0,True,0.005899646750466013,0.004155863298130322,0.010288395046700604,-0.009121632426504694,8.631662110511779e-06,-2.6079895656796795e-05,-0.00020041176761400624,-1.434699949064395e-06,0.0059082784125765245,0.004129783402473525,0.010087983279086598,-0.009123067126453758,0.004604095689505987,0.003762169725254418,0.007522181507555555,-0.005700086428347899,1.0,1.0,1.0,-1.0,0.15698151293037585,0.45550617965229256,0.31421592057422626,-0.42602110676111177,0.5784907564651879,0.7277530898261463,0.6571079602871132,0.7130105533805559,0.004595464027395475,0.0037882496209112144,0.0077225932751695614,-0.005698651728398834,0.11543762922122675,0.08084547408645809,0.06661466458658347,0.42349439775910364,1.1154376292212267,1.0808454740864581,1.0666146645865835,1.4234943977591037,2017-08-31,2.0402115765371387,0.6710755239150099,0.009348678050784265,2017-08-31,0.8365681347153059,0.45550617965229256,0.00034472413412627105,2017-08-31,0.45818491563310726,0.31421592057422626,0.009634664345293479,2017-08-31,-0.7422243427055829,-0.42602110676111177,0.024711980115695878,42.7169160035368,47.27653474026908,-0.14566167992926396,-0.05446930519461844,0.024795738988661012,0.47040771591407265,0.01193245753071119,0.12812428081505442,0.005960337698238916,0.4427622102478733,0.7948448192747142,0.5339954528734775,0.3714270245269503,1.8704753548843787,0.6644201360740958,1.1209511897056645,-0.8926856628898802,0.015654237522159324,-0.9811201963526169,0.6521739130434783,0.565995812650851,0.9780496186163236,0.891025641025641,1.0,0.32168271918696706,-0.2871615514176369,2754.0,14.0,nearest_listed_proxy,pure_direction_quality_causal_calibration
2017-10,2017-09,2017-09,2017-09-29,2017-09,2017-09,2017-09-29,2017-08-31,0.5872611859309954,0.0,0.0029138611385175392,0.00312026216484052,1.9952003568188343,0.0,0.05897172180656607,0.0001769151654196982,2.9485860903282924e-05,0.003424943424046241,0.27089469370953795,0.25215227978981963,0.24702187484865995,0.22993115165198247,0.31498107414225895,0.3207423647478043,0.36427656110993667,4.471727425580088e-20,Stage30_PureODS_QualityCausal,True,False,0,Optimization terminated successfully,23,-0.005162403330227101,0.005981040658282815,0.000750970568090826,0.06726666449084882,1.0,0.000375485284045413,0.00023674892095317215,0.00023674892095317215,0.0002064031230571284,0.005162403330227101,0.0949296940745619,-0.12277473021256792,1.1102230246251565e-16,0.03507030592543811,0.03722526978743208,0.36427656110993667,GLD,0,0.08917055679112568,0.08187014993669743,0.0,0.0,138,0.0,True,0.0054963006841099935,0.004106183891063994,0.011077428235631001,-0.006980139114620023,-3.8817532841668125e-05,-2.358092683033739e-05,0.0001577108528411502,-5.790819114911814e-06,0.005457483151268325,0.004082602964233656,0.011235139088472151,-0.006985929933734935,0.004775655856575438,0.0038577293838108324,0.008892864783432182,-0.002839974299647072,1.0,1.0,1.0,-1.0,0.3416613272479112,0.33981144306577427,0.3878395416103009,-0.20309029386723235,0.6708306636239556,0.6699057215328872,0.6939197708051504,0.6015451469336162,0.004814473389417107,0.0038813103106411697,0.008735153930591032,-0.00283418348053216,0.04562085524811342,0.5630780175480199,0.07426356589147287,0.1187413073713491,1.0456208552481134,1.56307801754802,1.074263565891473,1.118741307371349,2017-09-29,1.2732116770276662,0.5600937606886006,0.00802358535895342,2017-09-30,0.5147187716245579,0.33981144306577427,0.0005893575221391456,2017-09-29,0.6335586304128837,0.3878395416103009,0.009766522231456723,2017-09-29,-0.2548473086779004,-0.20309029386723235,0.018816984736673176,60.49712944063585,62.7473816121208,0.20994258881271705,0.25494763224241596,0.006979713144249999,0.29751131221719457,-0.011471923216021378,-0.08889594016090233,-0.00912044810615887,0.015061263022244642,-0.7220280357165821,-0.38870434536244847,-0.47852097734289184,0.05549089890956747,-0.5553661905395153,-0.21151503921666218,0.3834406148780887,0.012403501942855687,-1.2350899327680747,0.6382978723404256,0.4245841839231866,0.9747230421326982,0.8803490990990991,1.0,0.23255376016825083,0.08917055679112568,2770.0,13.0,nearest_listed_proxy,pure_direction_quality_causal_calibration
2017-11,2017-10,2017-10,2017-10-31,2017-10,2017-10,2017-10-31,2017-09-30,0.472244512477073,0.0,-0.018041467888552973,-0.018041459451482923,1.959204013650058,-0.018041467888552987,2.4105914426808556e-06,7.231774328042567e-09,1.205295721340429e-09,0.003080259315865391,0.1751962901697445,0.1620184383923007,0.3443429687375353,0.3184423027004194,0.3287391215152413,0.3172145839712353,0.3540462945135233,5.08137063516465e-20,Stage30_PureODS_QualityCausal,True,False,0,Optimization terminated successfully,2,-0.005272616606082196,0.005871059678266215,0.0007234132624944096,0.06611223656422813,1.0,0.0003617066312472048,0.00023672472458631906,0.00023672472458631906,1.1716350496541869e-08,0.005272616606082196,0.09317166495202775,-0.12011273710626591,1.1102230246251565e-16,0.036828335047972255,0.03988726289373409,0.3540462945135233,GLD,0,0.13988981394072206,0.12272222475355568,0.0,0.0,139,0.0,True,0.006455709748205752,0.004092933988503462,0.010189521067247846,-0.008417127540495497,1.7019037634852492e-06,-3.820063903146511e-05,-0.00013611497067529435,7.982935560754083e-07,0.006457411651969237,0.004054733349471997,0.010053406096572551,-0.008416329246939422,0.005677755522381498,0.003453541523886197,0.008216568349996248,-0.0004165631055465542,1.0,1.0,1.0,-1.0,0.5380432062531186,-0.18733457413260526,0.48325499585969944,0.391579885296636,0.7690216031265593,0.4063327129336974,0.7416274979298497,0.304210057351682,0.005676053618618013,0.0034917421629176624,0.008352683320671543,-0.0004173613991026296,0.029049897470950103,0.7491760828625236,0.034955343393902064,0.09644582470669427,1.02904989747095,1.7491760828625236,1.034955343393902,1.0964458247066942,2017-10-31,1.2492396178779093,0.5554053058413269,0.007588051087912189,2017-10-31,-0.23051869584909995,-0.18733457413260526,0.0007496437006150031,2017-10-31,0.9351904556168513,0.48325499585969944,0.008978425878653416,2017-10-31,0.6436011496555326,0.391579885296636,0.01779248790004532,74.24901365177222,78.68720199412924,0.48498027303544433,0.5737440398825848,-0.0050000000000000044,0.07137375287797376,-0.013433986037964094,-0.08183448362807721,-0.01264837512593981,-0.28391838707026373,-0.851749385981401,-0.35734243011922967,-0.6794355508013026,-1.213158992213665,-0.6045459080503154,-0.9462972715074838,0.7754215897788996,0.011847108186471481,-1.2793675081643718,0.5882352941176471,0.3565628673480551,0.9871483232902412,0.8713218390804598,1.0,0.18040484787199393,0.13988981394072206,2783.0,9.0,nearest_listed_proxy,pure_direction_quality_causal_calibration
2017-12,2017-11,2017-11,2017-11-30,2017-11,2017-11,2017-11-30,2017-10-31,0.4916714850534179,0.0,0.006612394299750215,0.006612397765779773,1.9721590431019653,-0.011548370888228132,9.90294159369798e-07,2.970882478109394e-09,4.951470797265323e-10,0.0031347491845601953,0.235156997807821,0.17623105993367935,0.33646143734759176,0.25215050491090796,0.3244859365129992,0.32491639090388413,0.3505976725831168,5.3427398924624384e-20,Stage30_PureODS_QualityCausal,True,False,0,Optimization terminated successfully,1,-0.004379762823767915,0.004983131707215862,0.0007432373525803095,0.05533815637110849,1.0,0.00037161867629015473,0.0002317425414041494,0.0002317425414041494,7.66575364406113e-09,0.004379762823767915,0.0944396539117108,-0.11830262435731385,0.0,0.0355603460882892,0.04169737564268615,0.3505976725831168,GLD,0,0.08144259442686688,0.07530921645455355,0.0,0.0,140,0.0,True,0.006092550898593764,0.0040140862239338385,0.009628245988845631,-0.0071958863731324514,-2.756310912365178e-06,-2.921105536040521e-05,-6.61961239375489e-05,7.094334181536431e-08,0.006089794587681399,0.0039848751685734336,0.009562049864908082,-0.007195815429790636,0.004719433553190964,0.0033176810089984347,0.00677064663263256,0.0014900104124357884,1.0,1.0,1.0,-1.0,0.07339222369868219,-0.5174935882383493,0.14024652158654685,0.6815665974700996,0.5366961118493411,0.24125320588082533,0.5701232607932735,0.1592167012649502,0.004722189864103329,0.00334689206435884,0.006836842756570109,0.001489939469093973,0.14067104964860574,0.5894109396914446,0.10878212974296206,0.09335388831791709,1.1406710496486057,1.5894109396914446,1.108782129742962,1.093353888317917,2017-11-30,1.2745346605803254,0.5603496322430805,0.009574091004979815,2017-11-30,-1.0725113192775184,-0.5174935882383493,0.0006075849168862637,2017-11-30,0.1631241106989772,0.14024652158654685,0.010198882785378723,2017-11-30,2.140374068973815,0.6815665974700996,0.017619929244281476,36.38729713554758,46.604054807100724,-0.27225405728904845,-0.06791890385798553,0.0061297286912019855,0.3006036217303823,-0.0022722159061820783,-0.06534191578735096,-0.013656521419675022,0.10800042010851488,-0.12603522295671798,-0.28778238486866603,-0.7381590239669645,0.4563825846764402,-0.206908803912692,-0.14088821964526216,0.17389851177897708,0.015281154722508971,-0.9851435633977091,0.6521739130434783,0.8162978830319512,0.9708218471640354,0.906158357771261,1.0,0.46833405066961953,0.08144259442686688,2800.0,14.0,nearest_listed_proxy,pure_direction_quality_causal_calibration
2018-01,2017-12,2017-12,2017-12-28,2017-12,2017-12,2017-12-28,2017-11-30,0.38509646655602453,0.5717213114754098,0.01542727631171607,0.015427276880690606,2.002584085590549,0.0,1.634086183311115e-07,4.902258549933345e-10,7.874868188098489e-11,0.003026184837971964,0.24943802412612012,0.13656598288772248,0.39676776543495806,0.21722822755119933,0.3251207961892147,0.3231393312326942,0.35173987257809114,0.0,Stage30_PureODS_QualityCausal,True,False,0,Optimization terminated successfully,1,-0.003897971652962036,0.004466611402570283,0.0006744683366378874,0.04955252681101607,1.0,0.0003372341683189437,0.00023139903671477813,0.00023139903671477813,6.544574525555208e-09,0.003897971652962036,0.08996454879370346,-0.11812704288805492,0.0,0.04003545120629655,0.04187295711194508,0.35173987257809114,GLD,0,0.08983858618780624,0.08243292844131767,0.0,0.0,141,0.0,True,0.006419216281171385,0.0039287239559849954,0.008913849739213513,-0.007157050624482041,1.9245078505632167e-05,2.1058827930544297e-05,-0.0002686957631517163,5.033116977421161e-06,0.006438461359677017,0.00394978278391554,0.008645153976061797,-0.007152017507504619,0.00515894135872237,0.003334267765957005,0.0048669467352094285,0.0015067230523190358,1.0,1.0,1.0,-1.0,0.24579537656854847,-0.36396308076620715,-0.28343148063866413,0.7005873215342564,0.6228976882842743,0.31801845961689645,0.3582842596806679,0.1497063392328718,0.005139696280216738,0.0033132089380264605,0.005135642498361145,0.0015016899353416146,0.1931587265748476,0.050707820840102114,0.00015206812652068127,0.057332425995236476,1.1931587265748476,1.0507078208401022,1.0001520681265206,1.0573324259952366,2017-12-28,0.9580584786009774,0.48929002329159504,0.010487283711435574,2017-12-31,-0.5722357771379974,-0.36396308076620715,0.00031889897162032654,2017-12-29,-0.3955399560272077,-0.28343148063866413,0.0074274615462846,2017-12-29,2.33987192901857,0.7005873215342564,0.014493155078554466,52.34951466585639,60.055290654846125,0.04699029331712779,0.2011058130969225,0.004055315449367547,-0.1459770114942528,0.015075062567916428,-0.30100942267004743,-0.0004892273454690215,-0.3153939353324762,1.0093054373462704,-1.293827171793868,0.011799758747858179,-1.3482987896859029,-0.14226086722379883,-0.6682495154690223,0.4052551913464106,0.010752730964850521,-1.3730168837054295,0.6521739130434783,0.3833400344349324,0.9694499459457445,0.9146634615384616,1.0,0.22168398605660936,0.08983858618780624,2814.0,14.0,nearest_listed_proxy,pure_direction_quality_causal_calibration
2018-02,2018-01,2018-01,2018-01-30,2018-01,2018-01,2018-01-31,2017-12-31,0.47424202413230376,0.0,-0.029232819790890978,-0.029232818346334788,1.9440429059003743,-0.029232819790890985,4.134159144464357e-07,1.2402477433393072e-09,2.04308445495016e-10,0.003386742385037142,0.3566635605528313,0.11678393565233602,0.3966693082691679,0.1298831955256647,0.32927833516831573,0.3160630603870353,0.3546586044446489,3.1817202765682025e-22,Stage30_PureODS_QualityCausal,True,False,0,Optimization terminated successfully,1,-0.004063649793276633,0.0046392928315229925,0.0006815625621566037,0.05158213860533628,1.0,0.00034078128107830187,0.00023485497349433495,0.00023485497349433495,6.783673722822153e-09,0.004063649793276633,0.09043644589367301,-0.11974701548762637,0.0,0.03956355410632699,0.040252984512373635,0.3546586044446489,GLD,0,-0.12237504101852885,-0.10903221877374998,0.0,0.0,142,-0.0,True,0.006742610948434253,0.0037209611587804966,0.008511542541585274,-0.005428145108651454,-1.2808198820678444e-07,-1.440588508984475e-05,-4.71313885124381e-05,4.82498301205985e-07,0.006742482866446046,0.003706555273690652,0.008464411153072835,-0.0054276626103502475,0.005655756840433157,0.0035222563933915794,0.004691045075391254,0.0021857581530561284,1.0,1.0,1.0,-1.0,0.352342914817374,-0.10286372147720878,-0.4725905254511139,0.7274005524988352,0.676171457408687,0.4485681392613956,0.26370473727444305,0.1362997237505824,0.005655884922421363,0.003536662278481424,0.004738176463903692,0.0021852756547549226,0.21399685463940687,0.8164746543778801,0.05605923239649441,0.07246621621621621,1.2139968546394069,1.8164746543778802,1.0560592323964944,1.0724662162162162,2018-01-31,1.1465669324170362,0.5341398467952737,0.01075542651842182,2018-01-31,-0.11465785515505222,-0.10286372147720878,0.0008195996705515555,2018-01-31,-0.8960599842377481,-0.4725905254511139,0.00911358739689053,2018-01-31,2.66838601166177,0.7274005524988352,0.015932704731139887,58.14178938060805,68.00265550223436,0.16283578761216105,0.3600531100446872,-0.004891705607412408,0.4614981665793608,-0.0017299285296764224,0.44539849604370124,-0.00617225841440842,0.24297020578067413,-0.09005996508129634,1.8928679879548023,-0.31085618301800494,1.035946073127891,0.901404011436753,0.36254494505494306,-0.6319744782458481,0.01939629670059971,-0.7061527509234427,0.5769230769230769,0.3913175466697049,0.9293125525446367,0.922962962962963,1.0,0.19363921365654108,-0.12237504101852885,2831.0,8.0,nearest_listed_proxy,pure_direction_quality_causal_calibration
2018-03,2018-02,2018-02,2018-02-27,2018-02,2018-02,2018-02-28,2018-01-31,0.37430330122442457,0.858130081300813,0.01021233534889451,0.010212338500106466,1.9638961239880683,-0.019319019800894788,9.003462733692125e-07,2.7010388201076374e-09,4.501731366846062e-10,0.0024047042552076733,0.22292679738282276,0.04651481478248612,0.6044390856792627,0.1261193021554283,0.31178426759141603,0.32613434137961267,0.3620813910289713,3.1161621282867334e-22,Stage30_PureODS_QualityCausal,True,False,0,Optimization terminated successfully,1,-0.0031247289100485645,0.0037297706153005036,0.0007454035765649143,0.04028482592421656,1.0,0.0003727017882824571,0.00023233243098596545,0.00023233243098596545,7.485983516844853e-09,0.0031247289100485645,0.09457717969351259,-0.12087104631303705,0.0,0.03542282030648741,0.03912895368696295,0.3620813910289713,GLD,0,-0.07454742254200739,-0.06937564687992456,0.0011230829324569759,0.0011230829324569759,143,-7.791460493900533e-05,True,0.006729429627666445,0.0036888306257935014,0.006805951013439049,-0.007605394246068302,1.6853742810392693e-05,2.441657247477344e-05,-0.0001777452312049794,5.124010299231456e-06,0.006746283370476838,0.003713247198268275,0.006628205782234069,-0.00760027023576907,0.0047066653391656015,0.0030160902216199823,0.003531404384322586,0.0009247245426636624,1.0,1.0,1.0,-1.0,0.09279630153397324,-0.08580742926452677,-0.40723825226101207,0.7032788992727818,0.5463981507669866,0.4570962853677366,0.29638087386949397,0.14836055036360912,0.004767726201294214,0.0029916736491452088,0.0037091496155275657,0.000919600532364431,0.47661145926589077,0.5014880952380952,0.18043870192307693,0.37948976166498827,1.4766114592658908,1.5014880952380953,1.1804387019230769,1.3794897616649884,2018-02-28,0.4910347159566497,0.3293248042461582,0.014972118036310763,2018-02-28,-0.09386143796322277,-0.08580742926452677,0.0005488094550607115,2018-02-28,-0.6870184417506174,-0.40723825226101207,0.011245246014595398,2018-02-28,2.370168139539629,0.7032788992727818,0.02370357231482573,42.3066231264553,55.14658189133278,-0.15386753747089402,0.10293163782665558,0.005261051905853714,0.28123444499751116,-0.008188884946021848,0.16768216505562514,-0.005108336207049544,0.2716117779586104,-0.5134405546979138,0.7075256827570003,-0.25033894149068237,1.153029917700259,0.09704256402954325,0.4513454881047883,-0.2741940260671658,0.023268838103644524,-0.5020045685201219,0.5769230769230769,0.5437947945041036,0.9437891174692579,0.918219944082013,1.0,0.27187836150648464,-0.07454742254200739,2844.0,8.0,nearest_listed_proxy,pure_direction_quality_causal_calibration
2018-04,2018-03,2018-03,2018-03-30,2018-03,2018-03,2018-03-30,2018-02-28,0.49853419632149987,0.9963592233009708,0.001063260261156926,0.00106326084481241,1.9659842566937449,-0.018276300685776792,1.667587096743084e-07,5.002761290229251e-10,8.33793548371542e-11,0.0027849583381975153,0.2671238846447026,0.07469370745893074,0.5143569133468623,0.1438254945495044,0.31770995476462865,0.3248581616171844,0.357431883618187,3.1907494592241774e-22,Stage30_PureODS_QualityCausal,True,False,0,Optimization terminated successfully,1,-0.0036249086903353813,0.004247672292449416,0.0007828037217111686,0.046275245179125984,1.0,0.0003914018608555843,0.0002313552024600636,0.0002313552024600636,6.538798387291743e-09,0.0036249086903353813,0.09692081644586999,-0.11960862582877597,0.0,0.03307918355413002,0.04039137417122403,0.357431883618187,GLD,0,-0.052056937811858064,-0.04948110310467582,0.00045514391296850107,0.00045514391296850107,144,-2.252102288506e-05,True,0.006613023328631202,0.0037365941902561834,0.007489229528249913,-0.006699013694347238,1.6033466280968447e-05,3.3594883944226765e-05,-2.4375881301669096e-06,3.1188836904445003e-06,0.00662905679491217,0.0037701890742004103,0.0074867919401197455,-0.006695894810656793,0.004782698815951062,0.0031485294226569088,0.004771079095340255,0.0010607986339548124,1.0,1.0,1.0,-1.0,0.04712330609129883,-0.30650742129706265,-0.15457325271642866,0.6357478529025815,0.5235616530456494,0.3467462893514687,0.4227133736417857,0.18212607354870924,0.004789186372555154,0.003114934538712682,0.004773516683470422,0.001057679750264368,0.3970358814352574,0.4902250511479882,0.2769483427888922,0.3375,1.3970358814352575,1.4902250511479882,1.2769483427888921,1.3375,2018-03-30,-0.1432835158540399,-0.12532632008343636,0.013560338863093123,2018-03-31,-0.4419764979609932,-0.30650742129706265,0.0005427590289087699,2018-03-29,-0.182834590002133,-0.15457325271642866,0.01252493308576745,2018-03-29,1.7453510101961107,0.6357478529025815,0.02304091717747771,46.803888233288916,66.53092368457773,-0.06392223533422169,0.33061847369155456,0.018648526605636317,0.40539203561711606,-0.0037142411369234136,-0.03162243803878655,0.0010372863332624026,0.2679258156698375,-0.22090027792077288,-0.1441751780877923,0.09912042293803162,1.139502142005099,-0.18253772800428258,0.6193112824715653,-0.21838677723364136,0.028564582617279545,-0.2709244225486339,0.6382978723404256,0.4248251495384649,0.9635666394666466,0.9122983870967742,1.0,0.23837037421072838,-0.052056937811858064,2860.0,13.0,nearest_listed_proxy,pure_direction_quality_causal_calibration
2018-05,2018-04,2018-04,2018-04-30,2018-04,2018-04,2018-04-30,2018-03-31,0.4331132598642545,0.9666398713826366,-0.009943917454382195,-0.009943916737796073,1.9464346715285674,-0.02803848011476806,2.074847774147237e-07,6.224543322441711e-10,9.413178972406122e-11,0.002672687846405922,0.177181885158172,0.0653593042740968,0.5533409822068006,0.2041178283609306,0.32357183404059264,0.3243433551105532,0.3520848108488542,3.385124184444284e-22,Stage30_PureODS_QualityCausal,True,False,0,Optimization terminated successfully,1,-0.00400352099979943,0.004584897287659529,0.0007029061445714416,0.0508013305844857,1.0,0.0003514530722857208,0.00022991664821550635,0.00022991664821550635,6.567358872076363e-09,0.00400352099979943,0.09184156866505111,-0.11809790225409925,0.0,0.038158431334948895,0.04190209774590076,0.3520848108488542,GLD,0,-0.03439580472571587,-0.033252072918873055,0.00023883530039146887,0.00023883530039146887,145,-7.941768824218072e-06,True,0.006794292361246309,0.0037902303499603614,0.007368461570407939,-0.007262232895990924,2.373878064094239e-05,3.6819443767864355e-05,-0.00015058733120439923,7.714694654106627e-06,0.0068180311418872515,0.003827049793728226,0.00721787423920354,-0.007254518201336818,0.0047103284978959655,0.0034613452881979805,0.005504649030495747,0.0007322408156817816,1.0,1.0,1.0,-1.0,-0.018904588058654553,0.345520184928822,0.2703118551258978,0.6078153463138259,0.4905477059706727,0.672760092464411,0.6351559275629489,0.19609232684308703,0.004694531486079241,0.003424525844430116,0.0056552363617001465,0.0007245261210276749,0.23436113575865128,0.5627681192142696,0.12091988130563798,0.2202912942734194,1.2343611357586513,1.5627681192142697,1.120919881305638,1.2202912942734194,2018-04-30,-0.8240561870686708,-0.4517712737747191,0.011063739088157703,2018-04-30,0.5279310025646016,0.345520184928822,0.0005838068461775131,2018-04-30,0.3704484676430318,0.2703118551258978,0.010217101186154822,2018-04-30,1.549819302211146,0.6078153463138259,0.020991714227870373,61.575373198657644,58.17750228128013,0.2315074639731529,0.16355004562560255,0.030257792820816337,-0.19111111111111112,0.028777062506239036,-0.412745833942631,0.027280870530337457,-0.2717088213681604,1.9176966729828289,-1.7740578992109073,1.603128437866515,-1.1634937447655205,0.07181938688596079,0.21981734655049723,-0.145818366718229,0.015798633921055925,-0.932845736857137,0.6,0.4248251495384648,0.9870985170541642,0.9375,1.0,0.2358811547531618,-0.03439580472571587,2876.0,10.0,nearest_listed_proxy,pure_direction_quality_causal_calibration
2018-06,2018-05,2018-05,2018-05-31,2018-05,2018-05,2018-05-31,2018-04-30,0.5101680690196747,0.0,-0.010738014014132852,-0.01073801176158933,1.9255338287480996,-0.038475416536493556,6.492998763096837e-07,1.947899628929051e-09,3.04643892473644e-10,0.0030230134613266654,0.2686182397404547,0.11779539507660325,0.42653901025572666,0.18704735492721536,0.31600649230472455,0.32870618290183834,0.3552873247934371,6.335151084789477e-22,Stage30_PureODS_QualityCausal,True,False,0,Optimization terminated successfully,1,-0.004125292175520498,0.004685795086906022,0.0006688474074979368,0.05221645659788464,1.0,0.0003344237037489684,0.00022607207598738925,0.00022607207598738925,7.131649166381512e-09,0.004125292175520498,0.08958888820593346,-0.11856489383588567,0.0,0.04041111179406655,0.04143510616411433,0.3552873247934371,GLD,0,-0.26044239744243963,-0.2066277665452246,0.0004947261268705692,0.0004947261268705692,146,-0.00010222415464683514,True,0.006073471923265201,0.003772543239421037,0.008201904837740654,-0.005955866155120228,-6.95846402155518e-06,-1.6603265816636596e-05,-9.874435844267036e-07,-1.5116955564372639e-06,0.006066513459243646,0.0037559399736044005,0.008200917394156227,-0.005957377850676665,0.004131450026203952,0.003599218497881662,0.0061841347236411895,0.001397965535048564,1.0,1.0,1.0,-1.0,-0.2016811907204973,0.5818138777055875,0.22115274334581042,0.6383655199591312,0.39915940463975136,0.7909069388527937,0.6105763716729052,0.18081724002043442,0.004240632644872342,0.0036158217636982986,0.0061851221672256165,0.0013994772306050013,0.20461572438162545,0.2077354260089686,0.04407429245283019,0.3514623726585606,1.2046157243816253,1.2077354260089685,1.0440742924528301,1.3514623726585606,2018-05-31,-0.6230165831030158,-0.3838633502510995,0.010629764591878517,2018-05-31,1.3912797357153266,0.5818138777055875,0.00041590099336243254,2018-05-31,0.2839487992752896,0.22115274334581042,0.008936332346581791,2018-05-31,1.7652230503213875,0.6383655199591312,0.023147029805496624,39.83661440857485,49.104374495905525,-0.20326771182850295,-0.01791251008188951,0.020481793893191463,0.4116012504341785,-0.000523317966969329,0.016303381428667663,0.013980219038480238,0.3413131416996459,-0.011654490204787359,0.06018134290916857,0.8378227649563229,1.4543916047725798,0.024263426352190608,1.1461071848644513,-0.5851853056083209,0.019496129802241243,-0.6914353794020548,0.6521739130434783,0.7585200075097245,0.9854061959535884,0.913003663003663,1.0,0.44505970151061897,-0.26044239744243963,2892.0,14.0,nearest_listed_proxy,pure_direction_quality_causal_calibration
2018-07,2018-06,2018-06,2018-06-29,2018-06,2018-06,2018-06-29,2018-05-31,0.434838676455717,0.7119521912350597,-0.008465856892337283,-0.00846585509260784,1.909232534912564,-0.046615546058559776,5.142084122944368e-07,1.5426252368833104e-09,2.5710420614721843e-10,0.0030104932902138143,0.16087518202062076,0.10604822922593457,0.4418264741185684,0.2912501146348763,0.3078889339180194,0.33477860171918716,0.3573324643627934,7.3854460165145615e-22,Stage30_PureODS_QualityCausal,True,False,0,Optimization terminated successfully,1,-0.0037921311268482526,0.004363776542654865,0.000700807706786591,0.04816047227113884,1.0,0.0003504038533932955,0.0002212346328377439,0.0002212346328377439,6.9295755737154065e-09,0.0037921311268482526,0.09170437547597765,-0.11858882659806888,0.0,0.038295624524022354,0.04141117340193112,0.3573324643627934,GLD,0,0.19934375064151824,0.1662106885827279,0.0051261764274470045,0.0051261764274470045,147,0.0008520253138025146,True,0.0058286239343997535,0.003939070382936242,0.008477501670257086,-0.006203222826737825,1.5423483371071787e-05,2.549660536583746e-05,-0.00020810339900878842,7.90202361135828e-06,0.0058440474177708255,0.003964566988302079,0.008269398271248297,-0.006195320803126467,0.00482246318094103,0.0037797310114241678,0.004515739802747164,0.000915308928244353,1.0,1.0,1.0,-1.0,-0.32968253583114554,0.6018941704969164,-0.37320384662421996,0.5434879132619453,0.33515873208442726,0.8009470852484581,0.31339807668789,0.22825604336902733,0.003955014383767444,0.00375423440605833,0.004723843201755952,0.0009074069046329947,0.33197712777655597,0.26804008908685967,0.0001464986815118664,0.3311031331592689,1.331977127776556,1.2680400890868597,1.0001464986815118,1.3311031331592689,2018-06-29,-0.7782578278086283,-0.43765184982634725,0.012260177585927578,2018-06-30,1.5118948929941618,0.6018941704969164,0.00044433094898177993,2018-06-29,-0.5954150238705674,-0.37320384662421996,0.006951329735214472,2018-06-29,1.1905225054288586,0.5434879132619453,0.022789703201783428,33.88287936811225,38.54733274853328,-0.32234241263775504,-0.22905334502933442,0.017830258376004604,0.07135810588622184,-0.0018795574701575223,-0.2245586890160545,-0.010782577664951437,-0.3200456650022737,-0.10020906474861918,-0.9698908420022216,-0.5805723187881051,-1.3723048284619115,-0.5350499533754204,-0.9764385736250083,0.7557442635002143,0.023863501803441968,-0.46200766122154147,0.6382978723404256,0.45929482347030887,0.9703236036459019,0.9272486772486772,1.0,0.2637714373355104,0.19934375064151824,2907.0,13.0,nearest_listed_proxy,pure_direction_quality_causal_calibration
2018-08,2018-07,2018-07,2018-07-31,2018-07,2018-07,2018-07-31,2018-06-30,0.34898878792494603,0.5229249011857707,-0.0026378734363303744,-0.00263787077811377,1.9041962211249406,-0.04913045358422219,7.59490458412948e-07,2.278471375238844e-09,3.79745229206474e-10,0.0030056715643780917,0.18221769363463097,0.13817047262099297,0.3865227057509297,0.2930891279934464,0.309845538034813,0.3382787510405474,0.3518757109246396,6.976576921381092e-22,Stage30_PureODS_QualityCausal,True,False,0,Optimization terminated successfully,1,-0.0034091913352440892,0.003975043740730522,0.0006965072300512059,0.043521481508459026,1.0,0.00034825361502560296,0.00021759143153654074,0.00021759143153654074,7.358924288743344e-09,0.0034091913352440892,0.09142257248959072,-0.11659037198575488,0.0,0.03857742751040928,0.043409628014245125,0.3518757109246396,GLD,0,0.08964193465360136,0.08226733186631502,0.004121158722945052,0.004121158722945052,148,0.00033903673233427956,True,0.005525911762798628,0.003931930193447782,0.008695452513516081,-0.006130608212250126,2.6532660570705502e-05,9.217640365763132e-06,-0.0004511136895933895,1.142304899477381e-05,0.005552444423369334,0.003941147833813545,0.008244338823922693,-0.006119185163255353,0.0043623707063842766,0.003772125954112558,0.003829058226378428,0.001288468114182352,1.0,1.0,1.0,-1.0,-0.2134640581303701,0.6350438756597634,-0.5520037193042328,0.6215907258854828,0.39326797093481497,0.8175219378298817,0.22399814034788362,0.1892046370572586,0.0039968013134792915,0.0037629083137467947,0.004280171915971818,0.0012770450651875783,0.16688553293937405,0.20272063702720636,0.10206755969714619,0.2951377633711507,1.1668855329393741,1.2027206370272063,1.102067559697146,1.2951377633711507,2018-07-31,-1.1305328790301894,-0.5306338569836123,0.010074816840342537,2018-07-31,1.7400554020234305,0.6350438756597634,0.00041415107520154933,2018-07-31,-1.2321613885877245,-0.5520037193042328,0.009644388545414453,2018-07-31,1.64264136321715,0.6215907258854828,0.022256332610765442,47.89552551730154,46.61655861232356,-0.04208948965396914,-0.06766882775352884,0.01157788295649978,-0.1536144578313254,0.006862236602018676,-0.425946167043117,-0.0023786239613783847,-0.19546362555996374,0.47589916160287793,-1.8317750381515712,-0.09680148497923656,-0.8418965400737802,-0.6779379382743467,-0.4693490125265084,0.5736434754004276,0.015218776922431815,-0.9649374557130901,0.5882352941176471,0.2937798143669485,0.976328171799103,0.9261904761904762,1.0,0.15626767931253374,0.08964193465360136,2924.0,9.0,nearest_listed_proxy,pure_direction_quality_causal_calibration
2018-09,2018-08,2018-08,2018-08-31,2018-08,2018-08,2018-08-31,2018-07-31,0.31301966010178556,0.6403301886792453,-0.0009181279599005946,-0.0009181225943296054,1.9024479253331885,-0.050003473501004536,1.5330202826069343e-06,4.599060847820803e-09,7.665101413034665e-10,0.0029464656507727648,0.15063634294889292,0.11682580090059831,0.41256987674573564,0.319967979404773,0.3114972176973231,0.34408317448628895,0.344419607816388,1.528765685142292e-21,Stage30_PureODS_QualityCausal,True,False,0,Optimization terminated successfully,1,-0.003256333314161625,0.003812744566394824,0.0006888178658435156,0.041620027601676796,1.0,0.0003444089329217578,0.00021199294193490625,0.00021199294193490625,9.377376535574424e-09,0.003256333314161625,0.09091652429631364,-0.11375353828085491,0.0,0.039083475703686366,0.04624646171914509,0.344419607816388,GLD,0,-0.06543395704515027,-0.06141531027096535,0.0039008676513407905,0.0039008676513407905,149,-0.00023957299713306653,True,0.005640805132038008,0.004041997790102169,0.008321173336657625,-0.0062181136557067414,2.9632856538612647e-05,2.2343304470535656e-05,-0.0006248446007721225,2.246934585650741e-05,0.00567043798857662,0.004064341094572705,0.007696328735885502,-0.006195644309850234,0.00411392759439616,0.003964168401470522,0.003389075106833752,0.0010550456145155343,1.0,1.0,1.0,-1.0,0.022441376667969897,0.8171250490861914,-0.6027861907219721,0.5823290261102139,0.5112206883339849,0.9085625245430957,0.19860690463901393,0.20883548694489307,0.004323867734990614,0.0039418250969999865,0.004013919707605874,0.0010325762686590268,0.11163145284251796,0.5807337434094904,0.14738212322823258,0.13915701415701415,1.111631452842518,1.5807337434094904,1.1473821232282326,1.1391570141570142,2018-08-31,-1.5656243166002652,-0.6102313212695497,0.00921433484762901,2018-08-31,4.468217462277344,0.8171250490861914,0.0005879392904601046,2018-08-31,-1.5175358374815588,-0.6027861907219721,0.010327796448893768,2018-08-31,1.3942291002100546,0.5823290261102139,0.01895393235929207,60.65206660387192,73.22570595980105,0.21304133207743844,0.4645141191960209,0.024240587630762533,0.025118805159538342,0.014318176322085598,-0.31357990157598514,0.01880692945264235,0.01788245187388724,0.9690010822711399,-1.350795371828159,1.1210114005679725,0.07161377528102526,-0.1908971447785095,0.5963125879244989,-0.20270772157299471,0.011584335122416939,-1.265550690192776,0.6382978723404256,0.5885472052891046,0.9283400396175739,0.9255952380952381,1.0,0.32279952898384096,-0.06543395704515027,2941.0,13.0,nearest_listed_proxy,pure_direction_quality_causal_calibration
2018-10,2018-09,2018-09,2018-09-28,2018-09,2018-09,2018-09-28,2018-08-31,0.4256552940656051,0.0,-0.013132225294282663,-0.013132221386122089,1.8774645505670724,-0.06247904191577536,1.1246546212095865e-06,3.3739638636287595e-09,5.341967115046752e-10,0.0028281307550119786,0.11519428456042721,0.08779420346506356,0.45229742731419603,0.3447140846603132,0.3141781337794465,0.3435427182321297,0.3422791479884238,1.7435368339011087e-21,Stage30_PureODS_QualityCausal,True,False,0,Optimization terminated successfully,1,-0.0031825685012803378,0.0037314244807732234,0.000675918058235954,0.040721585419862955,1.0,0.000337959029117977,0.0002108887638422792,0.0002108887638422792,8.186532629307935e-09,0.0031825685012803378,0.09006118308589693,-0.11315437685750429,0.0,0.03993881691410307,0.04684562314249571,0.3435427182321297,BOND,0,-0.0856873710391324,-0.0789245351146706,0.0038554869777586956,0.0038554869777586956,150,-0.0003042925173602714,True,0.005850973431629602,0.004015168547341998,0.007949624069017712,-0.006503243027941396,2.5721180362549697e-07,-2.4825597862150754e-05,-0.00028407280627500196,1.3695296257956203e-05,0.0058512306434332275,0.003990342949479847,0.00766555126274271,-0.00648954773168344,0.003986063720050832,0.0038496415981146737,0.003379037513804426,0.0007573189136659699,1.0,1.0,1.0,-1.0,-0.03271957756574204,0.7629370315346194,-0.6739312095618545,0.5532260980881596,0.48364021121712897,0.8814685157673097,0.16303439521907276,0.2233869509559202,0.004290099025607477,0.0038744671959768245,0.003663110320079428,0.0007436236174080137,0.1303168402777778,0.5895896988214754,0.09450517836593786,0.12743843939878477,1.1303168402777777,1.5895896988214755,1.0945051783659379,1.1274384393987849,2018-09-28,-1.4842164144838126,-0.5974585812372604,0.009451891588328822,2018-09-30,3.218288526771883,0.7629370315346194,0.0005958444967528681,2018-09-28,-2.066837518108614,-0.6739312095618545,0.009496483859003767,2018-09-28,1.2382686090677804,0.5532260980881596,0.01864005419370202,60.256681537982736,64.70831088901897,0.2051336307596547,0.2941662177803795,0.0045150624732650385,0.3256544502617801,-0.0001769911105388459,0.1237298671934111,0.0016015169788203137,0.28050674320526514,0.01150183606219938,0.5206469041322098,0.12850489671654797,1.195653949537167,0.2660743700972046,0.6620794231268574,-0.464076896612031,0.00741509555112571,-1.7597103604550166,0.6382978723404256,0.3241975982463808,0.9759815261057269,0.9142228739002933,1.0,0.18464045864960862,-0.0856873710391324,2953.0,13.0,nearest_listed_proxy,pure_direction_quality_causal_calibration
2018-11,2018-10,2018-10,2018-10-30,2018-10,2018-10,2018-10-31,2018-09-30,0.5858590272887585,0.5303975058456742,0.0076946785869515906,0.007694683093783152,1.8919110368420815,-0.055265119474786406,1.4564680374251628e-06,4.369404112275488e-09,1.3742744967015793e-10,0.003120225531341405,0.22897617634820308,0.18529233825235095,0.32374788613331684,0.26198359926612913,0.2797540313350928,0.3509403100082464,0.36930565865666076,2.0094008483301492e-21,Stage30_PureODS_QualityCausal,True,False,0,Optimization terminated successfully,1,-0.003497581568572414,0.004104681070059801,0.000799939144616127,0.04445653797302085,1.0,0.0003999695723080635,0.0002071213829753107,0.0002071213829753107,8.546204012520078e-09,0.003497581568572414,0.09797586302448948,-0.1203340376882979,0.0,0.03202413697551053,0.03966596231170211,0.36930565865666076,GLD,0,-0.032021570203344285,-0.031028004770321724,0.008014305662670087,0.008014305662670087,151,-0.00024866791433214385,True,0.004292868630288242,0.003958169773490989,0.009133929455210228,-0.004904065733623839,-8.569948017381469e-06,9.187514998213742e-06,0.00018598171987505962,-4.967647054872565e-06,0.00428429868227086,0.003967357288489203,0.009319911175085287,-0.004909033380678711,0.0031938609082584066,0.0038255467057455033,0.005059892841563139,0.0010595293579665635,1.0,1.0,1.0,-1.0,-0.43567955234855676,0.6615274009642652,-0.41677022595469976,0.48762365212353176,0.2821602238257216,0.8307637004821327,0.29161488702265015,0.2561881739382341,0.003451098770607932,0.0038163591907472896,0.00487391112168808,0.0010644970050214361,0.6039101317779217,0.9127465857359636,0.1373249499857102,0.4607936507936508,1.6039101317779219,1.9127465857359636,1.13732494998571,1.4607936507936508,2018-10-31,-1.6556377960004023,-0.623442624025732,0.017318153143303927,2018-10-31,1.9544489062005974,0.6615274009642652,0.0009892489639177259,2018-10-31,-0.7145901058239333,-0.41677022595469976,0.010092745686175957,2018-10-31,0.9516904012928711,0.48762365212353176,0.024548135506578278,27.061520537874756,38.75867781112834,-0.4587695892425049,-0.22482644377743327,0.029820500200004624,0.24526844341444567,0.01027212124745907,0.03609278639927892,-0.012897998015558111,0.08474740438781198,0.7062552065097135,0.14388697355912083,-0.7016490676867431,0.35664255538890854,0.4250710900344172,-0.17250325614891726,-0.12628391694274996,0.04256899516764197,0.20380586968843808,0.5769230769230769,0.4868059394995438,0.9792993290337133,0.9219457013574661,1.0,0.25356807880659155,-0.032021570203344285,2970.0,8.0,nearest_listed_proxy,pure_direction_quality_causal_calibration
2018-12,2018-11,2018-11,2018-11-30,2018-11,2018-11,2018-11-30,2018-10-31,0.5961776678406475,0.0,0.007305375034464776,0.007305376157565644,1.9057321564980558,-0.04836347686440956,3.208859623987566e-07,9.626578871962698e-10,1.604429811369405e-10,0.002230730213204579,0.11613070993440404,0.09043579707111214,0.44606454435869813,0.3473689486357857,0.28932762256621974,0.3510052863790785,0.3596670910547018,2.774087862617917e-17,Stage30_PureODS_QualityCausal,True,False,0,Optimization terminated successfully,1,-0.003946921491677331,0.004519822730932861,0.0007362039191527524,0.04982064925627782,1.0,0.0003681019595763762,0.0002047926378075613,0.0002047926378075613,6.641871593073511e-09,0.003946921491677331,0.09399173915740164,-0.11704136145578618,0.0,0.036008260842598366,0.04295863854421382,0.3596670910547018,GLD,0,0.31377939225017903,0.23883720059937352,0.007832731938413922,0.007832731938413922,152,0.0018707477692160857,True,0.005070831421183314,0.004076854958776167,0.008251139509433486,-0.008475905036574652,-2.4526490052392826e-05,-2.006474042910311e-05,0.0002561156743410586,-1.3853170417947445e-05,0.005046304931130921,0.004056790218347065,0.008507255183774544,-0.0084897582069926,0.005123065678028749,0.003740740321457587,0.004794874852736886,-0.004127821689462192,1.0,1.0,1.0,-1.0,-0.26332612181452264,0.6576072146287998,-0.23326509822614125,-0.185190040424633,0.3683369390927387,0.8288036073143998,0.38336745088692936,0.5925950202123165,0.003276844398865056,0.00376080506188669,0.0045387591783958275,-0.004113968519044244,0.45678348742205976,0.5538444970923971,0.06832386363636364,0.890728476821192,1.4567834874220598,1.5538444970923972,1.0683238636363637,1.890728476821192,2018-11-30,-1.7092953078201167,-0.6309003314944673,0.014456809700583873,2018-11-30,1.9206222873997312,0.6576072146287998,0.0005740778257513525,2018-11-30,-0.30423174644388445,-0.23326509822614125,0.009115784210308684,2018-11-30,-0.22728004026993437,-0.185190040424633,0.040613468451054985,48.699487457842096,43.34661084470287,-0.026010250843158077,-0.13306778310594253,0.010868852229286158,0.07443209279845334,-0.00455141621940164,-0.12604472460400717,-0.007328232056272395,-0.31537484761278767,-0.27596386607350787,-0.5480283745937866,-0.37810418378196564,-1.3561930348335711,-0.41199612033364724,-0.8671486093077684,0.6395723648207078,0.03922651174018245,0.11312874252946598,0.6382978723404256,0.8937835526691653,0.9583500277376192,0.8973354231974922,1.0,0.4906081149052481,0.31377939225017903,2987.0,13.0,nearest_listed_proxy,pure_direction_quality_causal_calibration
2019-01,2018-12,2018-12,2018-12-28,2018-12,2018-12,2018-12-28,2018-11-30,0.5400060184645616,0.8554356206630687,0.03462210058920109,0.03462210562042658,1.9717126069164066,-0.015415821436051469,1.5826236481886422e-06,4.747870944565927e-09,2.833545469371526e-10,0.001711770827575958,0.10187324202429324,0.056079855392154945,0.5430855697405771,0.2989613328429746,0.279199888978186,0.350309523878519,0.37049058714329497,2.290374905778192e-17,Stage30_PureODS_QualityCausal,True,False,0,Optimization terminated successfully,2,-0.003538379982411064,0.004096477157411561,0.000706295279141577,0.044919954214089265,1.0,0.0003531476395707885,0.000204940790203371,0.000204940790203371,8.74522633711561e-09,0.0035383799824110643,0.0920627142207904,-0.12079125017322379,1.1102230246251565e-16,0.0379372857792096,0.03920874982677622,0.37049058714329497,GLD,0,-0.11510651485948298,-0.10322468152200492,0.00270703754898689,0.00270703754898689,153,-0.00027943308886228054,True,0.0051590585003989655,0.004010760008695698,0.0075750670175955825,-0.009897802216386416,3.0286183836914192e-05,2.860057462796307e-05,7.100973959547808e-05,-4.228460216981686e-06,0.00518934468423588,0.004039360583323662,0.007646076757191061,-0.009902030676603397,0.0027590449916617397,0.0036649407779013373,0.005512389555835864,-0.0070746432315411095,1.0,1.0,1.0,-1.0,-0.24786023555179537,0.6742744085120402,0.27218849868539374,-0.5129213737050068,0.3760698822241023,0.8371372042560201,0.6360942493426969,0.7564606868525034,0.003008191896687106,0.0036363402032733743,0.005441379816240386,-0.0070704147713241275,0.3733404710920771,0.5069533590072742,0.09847414523876802,0.9158307210031348,1.3733404710920771,1.5069533590072743,1.098474145238768,1.9158307210031347,2018-12-28,-1.6892782299646987,-0.628153015609275,0.012905316443385568,2018-12-31,2.0700688743302633,0.6742744085120402,0.0005490450331413352,2018-12-31,0.3739821343764897,0.27218849868539374,0.009474959850686006,2018-12-31,-1.053056623745921,-0.5129213737050068,0.04415972170783609,46.09083527251324,48.1377801751812,-0.07818329454973522,-0.03724439649637603,0.03088648162659574,0.19750086775425194,0.016297094318204423,-0.054372614748925865,0.01699307518070151,-0.052943550177126035,1.1115570672870032,-0.24288548658519443,1.0295213352620605,-0.23122361616709602,0.4343357903509044,0.39914885954748225,-0.41674232494919333,0.029549219859311075,-0.20565634133610147,0.6382978723404256,0.49586719891856323,0.9727751157738053,0.8970797720797721,1.0,0.2762054823049616,-0.11510651485948298,3001.0,13.0,nearest_listed_proxy,pure_direction_quality_causal_calibration
2019-02,2019-01,2019-01,2019-01-31,2019-01,2019-01,2019-01-31,2018-12-31,0.5207759342443048,0.3017638036809816,-0.0008028300974708489,-0.0008028287291846532,1.9701296566920115,-0.016206275248096258,3.955459489251963e-07,1.1866378467755888e-09,1.8164834887644495e-10,0.0022027374240281205,0.11926164815773856,0.03969952247533758,0.6309948307217833,0.21004399864514056,0.2934866082981721,0.3387186363234192,0.3677947553784087,5.445776987732604e-17,Stage30_PureODS_QualityCausal,True,False,0,Optimization terminated successfully,1,-0.0041472589305101715,0.004685245667010521,0.000654972467865607,0.052293113196932604,1.0,0.0003274862339328035,0.00021049376081246258,0.00021049376081246258,6.7417550833760865e-09,0.0041472589305101715,0.0886547777301781,-0.1207209110319688,0.0,0.0413452222698219,0.0392790889680312,0.3677947553784087,GLD,0,0.11128088114935022,0.10013749272304331,0.0,0.0,154,0.0,True,0.006070825662714579,0.003860923905323878,0.006747828323683506,-0.007868628195609479,-3.0123835415415264e-06,-1.4879182968125946e-06,3.396518090539792e-05,-3.575902023655967e-07,0.006067813279173037,0.0038594359870270656,0.006781793504588904,-0.007868985785811845,0.004302354649400885,0.0036366678181678565,0.005956460762679789,-0.005761222604914793,1.0,1.0,1.0,-1.0,0.08716734426323525,0.7313110782508234,0.636824538769206,-0.5814344825716106,0.5435836721316176,0.8656555391254117,0.818412269384603,0.7907172412858052,0.004305367032942427,0.003638155736464669,0.0059224955817743915,-0.005760865014712427,0.3008953314858239,0.5252922422954304,0.05463483146067416,0.7482092805979446,1.3008953314858238,1.5252922422954303,1.0546348314606742,1.7482092805979446,2019-01-31,-1.0158766479167722,-0.5039379016402564,0.011837842360730906,2019-01-31,2.7217760728278497,0.7313110782508234,0.0005580962317128116,2019-01-31,1.7534899979503604,0.636824538769206,0.008880521852093632,2019-01-31,-1.3891122377778904,-0.5814344825716106,0.03237178024868037,75.91996203973031,62.3520346817678,0.5183992407946062,0.24704069363535594,0.0023538029949813355,0.0944680851063831,-0.010207116710345706,-0.09512027504774982,0.005958676346098365,-0.17037378782979828,-0.6560503598934053,-0.4174415092837537,0.388382558405256,-0.7366496813468141,-0.5367459345885794,-0.17413356147077905,0.35543974802967926,0.018612748078058985,-0.7246736214071828,0.6521739130434783,0.5590449387008298,0.9609591714680682,0.89359243697479,1.0,0.3130794509230247,0.11128088114935022,3018.0,14.0,nearest_listed_proxy,pure_direction_quality_causal_calibration
2019-03,2019-02,2019-02,2019-02-28,2019-02,2019-02,2019-02-28,2019-01-31,0.5454815010856986,0.0,-0.003096733403692601,-0.0030967322508498054,1.9640286903745279,-0.0192528221378786,3.3750057698569237e-07,1.0125017309570771e-09,1.4034106493585798e-10,0.0020986999069360288,0.08523859073444388,0.02110453840344939,0.7163044090386445,0.17735246182346234,0.29251186688448094,0.33940500569673865,0.36808312741878035,5.774157823789527e-17,Stage30_PureODS_QualityCausal,True,False,0,Optimization terminated successfully,1,-0.00392610835227889,0.004442668994200282,0.0006156490055662748,0.04961813389700574,1.0,0.0003078245027831374,0.00020872947630326194,0.00020872947630326194,6.662834993183814e-09,0.00392610835227889,0.08595224294220191,-0.12076724738405778,0.0,0.04404775705779809,0.039232752615942224,0.36808312741878035,GLD,0,0.04246319500080286,0.040733519614349706,0.0,0.0,155,0.0,True,0.006226998092465155,0.003794262169209037,0.0060118593109382956,-0.0076383199448683756,-3.321698891083403e-05,-9.66291475787092e-06,8.268388182466085e-05,-3.20955616561095e-06,0.006193781103554321,0.0037845992544511663,0.006094543192762957,-0.007641529501033986,0.004168380589431111,0.003471034581058026,0.005556575517834574,-0.005483373118821209,1.0,1.0,1.0,-1.0,0.01877218015751775,0.6301348757635274,0.7250468895398612,-0.556711105644333,0.5093860900787589,0.8150674378817637,0.8625234447699306,0.7783555528221665,0.004201597578341945,0.0034806974958158966,0.005473891636009913,-0.005480163562655598,0.24713254035683943,0.19321783224170716,0.03925677563565242,0.42894736842105263,1.2471325403568394,1.193217832241707,1.0392567756356523,1.4289473684210527,2019-02-28,-0.2952352284661174,-0.22793946765619535,0.01114064587850564,2019-02-28,1.7036882757311607,0.6301348757635274,0.00041206976557751977,2019-02-28,2.636983769074235,0.7250468895398612,0.008589963541304662,2019-02-28,-1.2558652218290476,-0.556711105644333,0.024228881351931703,52.79731345194914,61.415486954488294,0.055946269038982734,0.22830973908976587,0.011688925374940595,0.11640953716690036,-0.0023556222774826687,-0.05454059507096602,-0.00010544270889193633,-0.021652476723168453,-0.13283800685648436,-0.24349844905282172,0.03589821260456993,-0.09709581099618315,-0.18816822795465304,-0.030598799195806613,0.10938351357522982,0.02290351051299648,-0.4879806265346598,0.6521739130434783,0.6994824406617947,0.9179602296474498,0.9270361990950227,1.0,0.38820470848742933,0.04246319500080286,3030.0,14.0,nearest_listed_proxy,pure_direction_quality_causal_calibration
2019-04,2019-03,2019-03,2019-03-29,2019-03,2019-03,2019-03-29,2019-02-28,0.47066697804458835,0.7943181818181818,0.010956288689069808,0.01095629028536876,1.9855471556998867,-0.008507472926230775,4.560854147128958e-07,1.3682562441386873e-09,2.280427073564094e-10,0.0024612634705931855,0.1575479433760788,0.04517762653444211,0.619600905906315,0.1776735241831641,0.2864398617524504,0.3434996120499397,0.3700605261976099,6.17960564220481e-17,Stage30_PureODS_QualityCausal,True,False,0,Optimization terminated successfully,1,-0.004115655944329991,0.004634219420315731,0.0006269202451625081,0.05184911157281373,1.0,0.00031346012258125406,0.0002050965219371941,0.0002050965219371941,6.831467292407676e-09,0.004115655944329991,0.08673547683589511,-0.12113314544578821,0.0,0.043264523164104896,0.038866854554211794,0.3700605261976099,GLD,0,0.06135116294864715,0.057804772906830636,0.0,0.0,156,0.0,True,0.005772816146033098,0.003838370693391357,0.006606092211099786,-0.006372225168151497,5.258942460569568e-05,1.0913521681355316e-05,-6.243383514704557e-05,5.680124764211313e-06,0.005825405570638794,0.0038492842150727124,0.00654365837595274,-0.0063665450433872854,0.004288277291356371,0.0035500743421392274,0.0059083218872758875,-0.003572954584981094,1.0,1.0,1.0,-1.0,0.07165705641192793,0.5654515959541415,0.6934317297755476,-0.3675000732659151,0.5358285282059639,0.7827257979770708,0.8467158648877737,0.6837500366329575,0.004235687866750676,0.003539160820457872,0.0059707557224229334,-0.0035786347097453053,0.22789763113367173,0.7286943744752309,0.07125,0.13518917256228852,1.2278976311336718,1.7286943744752308,1.07125,1.1351891725622885,2019-03-29,0.18074031758860631,0.15307372408331693,0.010911703479338303,2019-03-31,1.301239610339171,0.5654515959541415,0.00070800654733374,2019-03-29,2.261916176999841,0.6934317297755476,0.00898020928785906,2019-03-29,-0.5810278511232448,-0.3675000732659151,0.018984971149831196,45.37955021985611,57.71532203776724,-0.09240899560287787,0.15430644075534475,0.01403967670424755,0.12913907284768206,-0.0006548456430141457,-0.21515240165329524,0.0018499081020622473,-0.021351688254442773,-0.018358934155887636,-0.9345956831048067,0.14989696082134116,-0.09524842764170664,-0.47647730863034715,0.027324266589817257,0.22457652102026496,0.016665645645834573,-0.8444582074424903,0.6382978723404256,0.47323956719938864,0.9796335784088162,0.9231884057971015,1.0,0.2731860065777359,0.06135116294864715,3045.0,13.0,nearest_listed_proxy,pure_direction_quality_causal_calibration
2019-05,2019-04,2019-04,2019-04-30,2019-04,2019-04,2019-04-30,2019-03-31,0.40474362160745986,0.8414909638554217,-0.00023829245668382146,-0.00023829167697729,1.9850740147902934,-0.008743738116290811,2.2277329470023765e-07,6.683198841007129e-10,1.1138664735008951e-10,0.0026423643887221364,0.1439851975267811,0.04926289425072246,0.6010943331552535,0.20565757506724294,0.2887853160078959,0.34080425399810843,0.37041042999399554,6.57870030942874e-17,Stage30_PureODS_QualityCausal,True,False,0,Optimization terminated successfully,1,-0.004236982219213907,0.004751816248456612,0.0006187173092185388,0.053309491126168104,1.0,0.0003093586546092694,0.00020546879642888998,0.00020546879642888998,6.5782045454693375e-09,0.004236982219213907,0.08616616337416019,-0.12146412090029363,0.0,0.04383383662583981,0.03853587909970638,0.37041042999399554,GLD,0,-0.14975144715967964,-0.13024680032334143,0.0,0.0,157,-0.0,True,0.005791405977507964,0.0038701668188889974,0.0068926655111072165,-0.0059847807526156325,6.500972149286953e-05,1.2476313241048846e-05,-0.0002057471033241083,1.5584361879001878e-05,0.005856415699000833,0.0038826431321300463,0.0066869184077831085,-0.005969196390736631,0.004633063106379515,0.0036701134881519317,0.0058396448658676525,-0.00037534860143029555,1.0,1.0,1.0,-1.0,0.22303179673596818,0.6538048162207469,0.6013112871212267,0.29680159488748886,0.611515898367984,0.8269024081103735,0.8006556435606134,0.35159920255625554,0.004568053384886646,0.0036576371749108827,0.0060453919691917605,-0.00039093296330929743,0.24642105263157896,0.5672715894868585,0.028307097486882076,0.10375916870415648,1.2464210526315789,1.5672715894868585,1.028307097486882,1.1037591687041566,2019-04-30,1.4389936669437378,0.5899948353481855,0.011079922946001653,2019-04-30,1.8885439395298955,0.6538048162207469,0.0005810929693778873,2019-04-30,1.508222499652413,0.6013112871212267,0.008350600939241571,2019-04-30,0.4220737600222528,0.29680159488748886,0.017846750604530743,51.16415904308489,52.79086869990106,0.02328318086169773,0.055817373998021225,0.010048851470738765,0.48987108655616945,-0.00026259243790602445,0.4069740374200616,0.006730592757285667,0.47815027543441174,0.007078293723125001,1.7446857520509589,0.4340142653143963,2.0570711188721846,0.875882022887042,1.2455426920932904,-1.0607123574901662,0.013510308202060426,-1.0759864755160538,0.5882352941176471,0.29638296800209235,0.947356415755551,0.8547826086956521,1.0,0.14118007214888884,-0.14975144715967964,3062.0,9.0,nearest_listed_proxy,pure_direction_quality_causal_calibration
2019-06,2019-05,2019-05,2019-05-31,2019-05,2019-05,2019-05-31,2019-04-30,0.48880004151773937,0.3499251497005988,0.031183920046849882,0.031183924598003482,2.0469764041545933,0.0,1.3457267037247606e-06,4.037180111174282e-09,5.139734882003383e-10,0.0023232134359372804,0.119543407136065,0.045109979014516015,0.606487256009475,0.22885935783994404,0.26779155123444476,0.3443049328697645,0.38790351589579075,8.486865940284696e-17,Stage30_PureODS_QualityCausal,True,False,0,Optimization terminated successfully,1,-0.004097641570816061,0.004629713791488707,0.0006547848599759871,0.051627856338008565,1.0,0.00032739242998799353,0.00020467133364869856,0.00020467133364869856,8.457035954378345e-09,0.00409764157081606,0.08864207984762003,-0.12727400652005713,0.0,0.041357920152379976,0.03272599347994287,0.38790351589579075,GLD,0,-0.0863663648519001,-0.07950021985785068,0.0026260417316194035,0.0026260417316194035,158,-0.0002087708950196335,True,0.00524849401115045,0.003941692272685472,0.00723412866708365,-0.007131461207170454,1.5320750923690639e-06,-1.8863775148178296e-07,-3.452419582855496e-05,2.9236169014072785e-06,0.005250026086242819,0.003941503634933991,0.007199604471255095,-0.007128537590269047,0.00347200785768278,0.003742590304149053,0.006216357983721872,0.0007574635373720508,1.0,1.0,1.0,-1.0,-0.07288671509812496,0.754197180378843,0.5995669070819204,0.668169752068588,0.46355664245093753,0.8770985901894215,0.7997834535409603,0.165915123965706,0.003679246677610044,0.0037427789419005346,0.006250882179550427,0.0007545399204706435,0.4123873401802557,0.7862176165803109,0.00947021685424101,0.759411050394657,1.4123873401802558,1.786217616580311,1.009470216854241,1.759411050394657,2019-05-31,0.40795279182156935,0.2897489135937375,0.01347575320155858,2019-05-31,3.0683015823058812,0.754197180378843,0.0007698378209758303,2019-05-31,1.497296096865249,0.5995669070819204,0.007729649890878398,2019-05-31,2.013589045103254,0.668169752068588,0.03265581310276526,32.970689552783966,41.608857502810416,-0.3405862089443207,-0.16782284994379168,0.02115898255206919,0.18675394686176358,0.01331795698761554,0.2517611655201476,-0.008122755832967128,-0.1974714005287921,0.9234372584856917,1.076615551549134,-0.43014741416669416,-0.8566101212901907,1.0000264050174128,-0.6433787677284424,-0.1783238186444852,0.026248061525544524,-0.32390270946475064,0.6382978723404256,0.8172856339507601,0.987860763955536,0.9398148148148149,1.0,0.48432321328921385,-0.0863663648519001,3079.0,13.0,nearest_listed_proxy,pure_direction_quality_causal_calibration
2019-07,2019-06,2019-06,2019-06-28,2019-06,2019-06,2019-06-28,2019-05-31,0.4507788192501322,0.0,0.0032530107510967197,0.003253011962918273,2.0536352404045495,0.0,3.600250568780752e-07,1.0800751706342257e-09,1.317463823313456e-10,0.002504105644685125,0.09570715297008163,0.03274587359518651,0.6493679575914587,0.22217901584327324,0.2765650618024855,0.3354511550633435,0.387983783134171,8.808115378023192e-17,Stage30_PureODS_QualityCausal,True,False,0,Optimization terminated successfully,1,-0.0042069038787771115,0.004769009231144174,0.0007074891777701562,0.052983175707109156,1.0,0.0003537445888850781,0.00020835409399350423,0.00020835409399350423,6.6694884805110245e-09,0.0042069038787771115,0.09214049127957738,-0.12795031182638625,0.0,0.037859508720422624,0.032049688173613755,0.387983783134171,GLD,0,-0.17283768109482908,-0.14736709425424266,0.0007011350623595396,0.0007011350623595396,159,-0.00010332423681969257,True,0.005775617062147149,0.0039366919017249005,0.007105216378931479,-0.006801102764063028,-2.190012503073356e-05,-1.1790462811729896e-05,-0.00010510673296927485,6.529730147736292e-06,0.005753716937116416,0.00392490143891317,0.007000109645962205,-0.0067945730339152915,0.004195129723228873,0.0037571460079776236,0.006052943586665538,-8.091148484792664e-05,1.0,1.0,1.0,-1.0,0.11034210713724797,0.7658005860223891,0.5882880834634773,0.44299004474861975,0.555171053568624,0.8829002930111945,0.7941440417317387,0.27850497762569015,0.004320354085079299,0.0037689364707893533,0.0061580503196348125,-8.744121499566293e-05,0.1873695198329854,0.6954685890834191,0.18796068796068796,0.6196439348219674,1.1873695198329854,1.6954685890834191,1.1879606879606879,1.6196439348219673,2019-06-28,0.034163584091221826,0.033034990418119685,0.010360424763706333,2019-06-30,3.2698655091237714,0.7658005860223891,0.0006804392070227426,2019-06-28,1.4288828178994195,0.5882880834634773,0.010329637770725037,2019-06-28,0.7953000490784712,0.44299004474861975,0.028071903417189417,64.09942195421284,50.80014459546837,0.28198843908425686,0.01600289190936735,0.012221644284070077,0.3587422582181991,0.004254391590675782,0.4096712146372278,0.005596114940637704,0.22458704614278588,0.31262364939372506,1.7582503710261486,0.3711567291047376,0.9673113382564267,1.0354370102099368,0.6692340336805822,-0.8523355219452595,0.01912296828337022,-0.6802658969721574,0.6382978723404256,0.3356727096876155,0.9918221277062765,0.9542334096109839,1.0,0.20278127174656158,-0.17283768109482908,3093.0,13.0,nearest_listed_proxy,pure_direction_quality_causal_calibration
2019-08,2019-07,2019-07,2019-07-30,2019-07,2019-07,2019-07-31,2019-06-30,0.4662836304946679,0.16185185185185186,0.04321080479339132,0.04321080651865058,2.1423744718944997,0.0,5.436327590868976e-07,1.630898277260693e-09,9.436097428424732e-11,0.002376726541672157,0.121935627864152,0.022370297069575617,0.7230444235103902,0.13264965155588213,0.26125189223418915,0.3391497305873503,0.39959837717846064,8.59338250401384e-17,Stage30_PureODS_QualityCausal,True,False,0,Optimization terminated successfully,1,-0.003874275448629998,0.004455128624586884,0.0007468808989673443,0.04898025810123854,1.0,0.00037344044948367213,0.00020740589217411133,0.00020740589217411133,6.8342991017620366e-09,0.003874275448629998,0.09467085500621683,-0.1316843212383012,0.0,0.035329144993783174,0.028315678761698798,0.39959837717846064,GLD,0,0.003172812814377399,0.003162777912088894,0.004609519908969808,0.004609519908969808,160,1.4578887753423716e-05,True,0.005584301276983438,0.003894984184378485,0.0064504127872993386,-0.006422792081972634,-1.2286038092274529e-05,-3.2697601412542278e-06,-4.0030163042195875e-05,2.9239124011069994e-06,0.005572015238891163,0.0038917144242372305,0.0064103826242571426,-0.0064198681695715265,0.0034928109190390587,0.0037231027843802607,0.00570556835740575,-0.0011090558602596511,1.0,1.0,1.0,-1.0,-0.3055241921914788,0.7778879748546287,0.6539673286778229,0.20706882647908284,0.34723790390426057,0.8889439874273144,0.8269836643389115,0.39646558676045857,0.0034905180693779094,0.003726372544521515,0.005745598520447946,-0.0011119797726607582,0.2517141076251818,0.7252353663528449,0.3168249660786974,0.4345023980815348,1.2517141076251819,1.725235366352845,1.3168249660786975,1.4345023980815348,2019-07-31,-0.8024355216856917,-0.4451951329361452,0.011129084171919457,2019-07-31,3.5022325979221702,0.7778879748546287,0.000706246878302913,2019-07-31,1.889900529273839,0.6539673286778229,0.012190584318886817,2019-07-31,0.2611435057592933,0.20706882647908284,0.024292301589684373,37.57301185172102,38.858115966364416,-0.24853976296557959,-0.22283768067271167,0.00947764098999665,0.13256288239292996,-0.005215168747918343,-0.11532092294786078,-0.004124632548970001,0.22313612185777787,-0.3270294814001636,-0.5058647151950106,-0.20003727330258209,0.9605896552433122,-0.4164470982975871,0.380276190970365,0.01808545366361103,0.02355691889186046,-0.4396643399504441,0.5769230769230769,0.33863028626653746,0.960226564533759,0.9351851851851851,1.0,0.17543451623562425,0.003172812814377399,3111.0,8.0,nearest_listed_proxy,pure_direction_quality_causal_calibration
2019-09,2019-08,2019-08,2019-08-30,2019-08,2019-08,2019-08-30,2019-07-31,0.550380113879002,0.0,-0.013559041896211984,-0.013559039514601409,2.113325926672707,-0.013559041896212043,7.245454699128641e-07,2.1736364097385926e-09,2.0797416536154506e-10,0.0023382360494699464,0.08657107478584139,0.01391689274183162,0.7749357992784679,0.12457623319385913,0.2441466520888689,0.32717956592897623,0.42867378198215483,2.314201643653106e-17,Stage30_PureODS_QualityCausal,True,False,0,Optimization terminated successfully,1,-0.004215454138165308,0.004891966731486307,0.0009115334375924751,0.05323440015228083,1.0,0.00045576671879623756,0.00022073878626733832,0.00022073878626733832,7.0882574227106495e-09,0.004215454138165308,0.10458681203244366,-0.1417222897550497,0.0,0.025413187967556344,0.018277710244950313,0.42867378198215483,GLD,0,0.015401039823510761,0.015167445392992362,0.0042077151894633754,0.0042077151894633754,161,6.382029036545025e-05,True,0.005439780888522698,0.003906921437455502,0.0069874255499840455,-0.006981183678082462,-2.783193325278187e-05,-5.634358852891879e-06,7.72658748910865e-05,-2.0655205189500627e-06,0.005411948955269916,0.0039012870786026103,0.007064691424875132,-0.006983249198601412,0.0036191658656140767,0.0037742699318068645,0.006469944327433624,-0.00343750821073536,1.0,1.0,1.0,-1.0,-0.1972120194066378,0.8380591190960779,0.7441502019327274,-0.23906399936398587,0.4013939902966811,0.9190295595480389,0.8720751009663636,0.6195319996819929,0.003583177508501408,0.0037799042906597564,0.006392678452542537,-0.00343544269021641,0.35819197352089366,0.9352247305267439,0.44388993795521986,0.6740619416319238,1.3581919735208936,1.9352247305267438,1.44388993795522,1.6740619416319238,2019-08-30,-1.0694691689199172,-0.5167842966600402,0.012453686048087817,2019-08-31,5.175092999483494,0.8380591190960779,0.0010836399600077798,2019-08-30,2.9085432451154882,0.7441502019327274,0.013688521555852439,2019-08-30,-0.3141709672878779,-0.23906399936398587,0.029746252791184084,48.763711931482675,47.493699990523666,-0.024725761370346502,-0.050126000189526676,0.016852141974516593,0.18116290245074496,0.005142540535118549,-0.004751101431504118,-0.0013011583734349828,-0.10303436775674751,0.37521524273339824,-0.03061929977329024,-0.032917875484021725,-0.4529899159875831,0.172297971480054,-0.2429538957358024,0.0353279621278742,0.02178122177298786,-0.5270921473257287,0.6382978723404256,0.7526604977138535,0.9694392317733822,0.936026936026936,1.0,0.4359447558215975,0.015401039823510761,3127.0,13.0,nearest_listed_proxy,pure_direction_quality_causal_calibration
2019-10,2019-09,2019-09,2019-09-30,2019-09,2019-09,2019-09-30,2019-08-31,0.5631946452322352,0.0,0.0016478719182899176,0.0016478727294755749,2.116808417121465,-0.011933513542301766,2.443630787440991e-07,7.330892362322974e-10,7.809642110778016e-11,0.002370407419392633,0.10247103679795988,0.01546343613651306,0.766410082083159,0.11565544498236806,0.2623486286448485,0.3287811285368268,0.4088702428183247,2.3787108691472102e-17,Stage30_PureODS_QualityCausal,True,False,0,Optimization terminated successfully,1,-0.003992392099811423,0.004632140927072741,0.0008528523999552079,0.050468576725141656,1.0,0.00042642619997760396,0.00021331605307964486,0.00021331605307964486,6.574204069970522e-09,0.003992392099811423,0.10116436526496123,-0.1348416061258151,0.0,0.02883563473503878,0.025158393874184892,0.4088702428183247,GLD,0,-0.08192274364837875,-0.07571958730817047,0.005291579188328204,0.005291579188328204,162,-0.0004006761923487152,True,0.005863977402290988,0.003796108360291328,0.006475713201260124,-0.006654169286271908,-2.019704633505364e-05,-7.384684125485089e-06,7.49701999435479e-05,-2.5686713215743477e-06,0.005843780355955935,0.003788723676165843,0.006550683401203672,-0.006656737957593482,0.003808237248460672,0.003486338828174051,0.00608215622603039,-0.003722710937097192,1.0,1.0,1.0,-1.0,0.06407089415725997,0.5758088680208312,0.7717455409812859,-0.3497696088826723,0.5320354470786299,0.7879044340104155,0.885872770490643,0.6748848044413361,0.004229110487144441,0.003493723512299536,0.006007186026086842,-0.0037201422657756177,0.2109004739336493,0.7486355366889024,0.48068151328145964,0.779603315571344,1.2109004739336493,1.7486355366889024,1.4806815132814597,1.779603315571344,2019-09-30,-0.7311812544815925,-0.4223597341923316,0.010663683816665825,2019-09-30,1.3574278776980844,0.5758088680208312,0.0007396517086664092,2019-09-30,3.381075420384282,0.7717455409812859,0.01415492369337811,2019-09-30,-0.5379164272553354,-0.3497696088826723,0.03338469171840493,61.46398894081094,69.26463189239463,0.22927977881621886,0.38529263784789264,0.013324386510830177,0.26474442988204455,0.0033376132445700687,0.10884177967993107,0.00495630694303764,0.05788667736132553,0.25263112058938114,0.4604348048496922,0.3360694511250676,0.24517721237151532,0.35653296271953666,0.29062333174829147,-0.3235781472339141,0.01863678351221971,-0.7020593830090583,0.6,0.48208840425867244,0.9444262247765204,0.9267857142857143,1.0,0.25317761520266363,-0.08192274364837875,3142.0,10.0,nearest_listed_proxy,pure_direction_quality_causal_calibration
2019-11,2019-10,2019-10,2019-10-31,2019-10,2019-10,2019-10-31,2019-09-30,0.4560889046068717,0.0,-0.005065491478597199,-0.005065490879364165,2.1060857421227133,-0.016938555909740804,1.7120943837656944e-07,5.136283151297084e-10,8.560471920215251e-11,0.0023033337754770618,0.10323935420701846,0.012893607164700227,0.7857361182823953,0.09813092034588598,0.2650218223374391,0.32487614549540467,0.41010203216715635,2.3272866948752235e-17,Stage30_PureODS_QualityCausal,True,False,0,Optimization terminated successfully,1,-0.003636030078596659,0.0042093350847537455,0.0007179261122839971,0.04620446434334097,1.0,0.00035896305614199856,0.00021433540603930687,0.00021433540603930687,6.543975781205183e-09,0.003636030078596659,0.09281763489449603,-0.13557929692624998,0.0,0.037182365105503976,0.024420703073750022,0.41010203216715635,GLD,0,-0.1297436037997462,-0.11484340638297964,0.005085989003211405,0.005085989003211405,163,-0.0005840923019551729,True,0.005961928283869182,0.0036644899901588633,0.006281346135067881,-0.006694429307187678,-1.7502742809569052e-05,-7.0423400073087065e-06,-3.691110263847979e-05,2.462147201286017e-06,0.005944425541059613,0.0036574476501515544,0.006244435032429401,-0.006691967159986392,0.0037088172756485713,0.0030042685904662324,0.005487420679310229,-0.003491194002211429,1.0,1.0,1.0,-1.0,0.09718556693418474,0.040258491068174265,0.6194007033215768,-0.2885402453101631,0.5485927834670924,0.5201292455340871,0.8097003516607884,0.6442701226550815,0.0043104123204133135,0.003011310930473541,0.005524331781948709,-0.0034936561494127148,0.21635207221994254,0.9261751707513057,0.22333333333333333,0.5017641870038224,1.2163520722199426,1.9261751707513057,1.2233333333333334,1.5017641870038223,2019-10-31,-0.020167595640230736,-0.019768904370633413,0.01072794192793401,2019-10-31,0.04194722296942352,0.040258491068174265,0.0010444944962312048,2019-10-31,1.6274352284074831,0.6194007033215768,0.010950791711839903,2019-10-31,-0.4055608815651886,-0.2885402453101631,0.02549051898561984,56.875199008418555,58.69108125024083,0.1375039801683711,0.17382162500481654,0.008704336070544383,0.22780373831775688,0.00436215254784796,0.23730961613190457,0.004429756966436219,0.12053101460450547,0.32279676072788227,1.0148835428534633,0.30506952862324915,0.5171278699634295,0.6688401517906728,0.4110986992933393,-0.539969425542006,0.014600831150569111,-0.9754328147643805,0.6521739130434783,0.4296231716827894,0.91963782734532,0.9325,1.0,0.24027953743772296,-0.1297436037997462,3159.0,14.0,nearest_listed_proxy,pure_direction_quality_causal_calibration
2019-12,2019-11,2019-11,2019-11-29,2019-11,2019-11,2019-11-29,2019-10-31,0.4239375981554435,0.5989130434782609,0.027227036630267213,0.02722703722198315,2.163428215769972,0.0,1.6906169669762644e-07,5.071850900928793e-10,8.453084834879516e-11,0.0023035386159053293,0.09818300166070919,0.009279400003466056,0.8154667971548376,0.07707080118098719,0.2685871069579949,0.328995595659963,0.4024172973820421,2.430750957180039e-17,Stage30_PureODS_QualityCausal,True,False,0,Optimization terminated successfully,1,-0.003109225841014304,0.0036343172104595697,0.000631945396768189,0.039820134144905706,1.0,0.0003159726983840945,0.000209112127154805,0.000209112127154805,6.5439063663112205e-09,0.003109225841014304,0.08708240213279758,-0.132629238554733,0.0,0.04291759786720242,0.02737076144526701,0.4024172973820421,GLD,0,-0.2386711205433666,-0.19268320427029006,0.004904161527150804,0.004904161527150804,164,-0.000944949557310496,True,0.006052052794659877,0.0036665377392486147,0.005792159491414444,-0.006296595561701619,1.5432590906086137e-05,5.141438567703054e-06,-5.8146899083686504e-05,3.341806449403734e-06,0.006067485385565963,0.003671679177816318,0.0057340125923307575,-0.006293253755252215,0.00341134535465794,0.0025714721943615993,0.004652063459223244,-0.0015599346161070207,1.0,1.0,1.0,-1.0,0.08700333412313545,-0.6143913295498429,0.37972673344757324,0.10075471879725396,0.5435016670615678,0.19280433522507856,0.6898633667237866,0.449622640601373,0.0043408623210623495,0.002566330755793896,0.00471021035830693,-0.0015632764225564245,0.27671092951991827,0.8605231629392971,0.08978779840848806,0.4561531715872552,1.2767109295199184,1.860523162939297,1.089787798408488,1.456153171587255,2019-11-29,0.49136398536015036,0.32947287864235947,0.011388027375227351,2019-11-30,-1.5933026838649822,-0.6143913295498429,0.0008833972743794053,2019-11-29,0.6121926478601153,0.37972673344757324,0.009027839832272844,2019-11-29,0.11204364471336886,0.10075471879725396,0.02470569082146151,43.19441880569745,53.38243738065489,-0.13611162388605094,0.06764874761309785,-4.965098517381583e-05,0.37537840565085767,-0.0072631741946575755,0.4422729812463984,-0.012564441140605707,0.355787169537581,-0.46949884917838125,1.89909738880601,-0.7018174032922972,1.5359527421735228,0.7147992698138144,0.4170676694406128,-0.5659334696272136,0.018025442135014426,-0.7325641865239724,0.6382978723404256,0.8010137910431644,0.9111369243489488,0.9052894427608387,1.0,0.4217299971683629,-0.2386711205433666,3175.0,13.0,nearest_listed_proxy,pure_direction_quality_causal_calibration
2020-01,2019-12,2019-12,2019-12-30,2019-12,2019-12,2019-12-30,2019-11-30,0.5980168260466474,0.0,0.018800870574679888,0.018800872731521832,2.2041025496522737,0.0,6.594761449152487e-07,1.978428434745746e-09,1.78413508050711e-10,0.002708485192465653,0.12406755621506356,0.018492178288718537,0.7462171468738865,0.11122311862233134,0.2795722205005924,0.3195722568030187,0.40085552269638897,2.5093665159429443e-17,Stage30_PureODS_QualityCausal,True,False,0,Optimization terminated successfully,1,-0.003773069648979109,0.004289535113169889,0.0006078623660102544,0.04782724716197714,1.0,0.0003039311830051272,0.0002125272936663162,0.0002125272936663162,6.987519336420574e-09,0.003773069648979109,0.08540695751590179,-0.1328722762554051,0.0,0.04459304248409822,0.027127723744594906,0.40085552269638897,GLD,0,0.15144986526322674,0.13152970861532437,0.0,0.0,165,0.0,True,0.006379257791944843,0.0036700518636577106,0.006470178480022166,-0.005685547365762108,-2.4991410598675894e-05,-9.956828779731584e-06,0.00010836484223492585,-4.587005010926201e-06,0.006354266381346167,0.003660095034877979,0.006578543322257092,-0.005690134370773034,0.005206793267350739,0.002969438125578797,0.004702218649307749,-0.0005784941091056228,1.0,1.0,1.0,-1.0,0.374805666709928,-0.43652422653745265,0.002404220909702026,0.21792242910876594,0.687402833354964,0.28173788673127365,0.501202110454851,0.39103878544561704,0.005231784677949415,0.0029793949543585286,0.004593853807072824,-0.0005739071040946966,0.20213631739572738,0.5883111728517563,0.0017145871801635452,0.07887855897733875,1.2021363173957273,1.5883111728517563,1.0017145871801636,1.0788785589773386,2019-12-30,0.952619521582318,0.4878674575630364,0.010548172105539138,2019-12-31,-0.7746991922208476,-0.43652422653745265,0.0006104875108496617,2019-12-31,0.0024100151184424834,0.002404220909702026,0.007255638183406089,2019-12-31,0.2786455426159678,0.21792242910876594,0.017095784240901732,70.53333175260227,61.29414537573511,0.4106666350520453,0.22588290751470225,-0.004358984525107995,-0.0664183736809435,-0.010734474880156213,-0.13566895722421352,-0.010222167680134075,-0.04645533629738208,-0.7081181389748409,-0.5934922940420286,-0.5615794994330273,-0.20349901836460316,-0.6508052165084348,-0.38253925889881524,0.516672237703625,0.01694645907835901,-0.7995477778508715,0.6,0.5465044515979697,0.9645792883792073,0.9267676767676768,1.0,0.2931256108057074,0.15144986526322674,3190.0,10.0,nearest_listed_proxy,pure_direction_quality_causal_calibration
2020-02,2020-01,2020-01,2020-01-31,2020-01,2020-01,2020-01-31,2019-12-31,0.5788757089771175,0.0,-0.0013443601341851439,-0.0013443596338770666,2.2011394420528654,-0.0013443601341851519,1.429451649825938e-07,4.288354949477814e-10,7.147258249129951e-11,0.0026959027850391977,0.13286780064163697,0.043653644393280004,0.6198328166423137,0.20364573832276936,0.2632081617682996,0.31579518345179797,0.42099665477990245,2.1408590657942108e-17,Stage30_PureODS_QualityCausal,True,False,0,Optimization terminated successfully,1,-0.0036438169921349205,0.004244323125723235,0.0007645468004387463,0.04634459670604635,1.0,0.00038227340021937314,0.00021822620536370667,0.00021822620536370667,6.528005234963652e-09,0.0036438169921349205,0.09578393187411423,-0.1400132697937944,0.0,0.034216068125885776,0.019986730206205616,0.42099665477990245,GLD,0,-0.21411938436577582,-0.17635776771460263,0.0,0.0,166,-0.0,True,0.005649612786101191,0.0038247984507031574,0.008039991837296246,-0.006730791933943803,-3.407928085461936e-05,-1.1295807117796696e-05,0.0001401987912869791,-7.390870347881321e-06,0.005615533505246572,0.0038135026435853606,0.008180190628583226,-0.006738182804291684,0.0043605852361813515,0.0032309035557585974,0.004931815245547693,-0.0009634495864793324,1.0,1.0,1.0,-1.0,0.15025627525111826,-0.032157542183683704,-0.21568909173158218,0.2251872771870901,0.5751281376255591,0.48392122890815814,0.39215545413420894,0.38740636140645496,0.004394664517035971,0.003242199362876394,0.004791616454260714,-0.0009560587161314511,0.5389057750759878,0.9044378698224852,0.09404512067156348,0.41943401674848396,1.5389057750759878,1.9044378698224853,1.0940451206715636,1.419434016748484,2020-01-31,2.317211965691304,0.698542025549579,0.015341138921824158,2020-01-31,-0.033226008968689796,-0.032157542183683704,0.0009702823930578588,2020-01-31,-0.27500457976260356,-0.21568909173158218,0.009019242642151343,2020-01-31,0.29063445985961817,0.2251872771870901,0.02408063750052882,39.2452692756785,48.36607073451029,-0.21509461448642994,-0.03267858530979424,0.01960875789254607,0.47210396594219123,-0.0027094615686833953,0.3710830954561766,-0.00411604972156427,0.38197513632768876,-0.1608195609954251,1.595522179281711,-0.20155449814306614,1.653892341930261,0.7173513091431429,0.7261689218935974,-0.7217601155183702,0.03840090387089341,0.1338060559607769,0.6382978723404256,0.5642916091367577,0.901291684914304,0.9138412400607523,1.0,0.2966628104851633,-0.21411938436577582,3205.0,13.0,nearest_listed_proxy,pure_direction_quality_causal_calibration
2020-03,2020-02,2020-02,2020-02-28,2020-02,2020-02,2020-02-28,2020-01-31,0.7079524053825045,0.3909155937052933,-0.03498286221315745,-0.03498286029987468,2.1241372842395836,-0.03628019278200356,5.593742231080406e-07,1.678122669324122e-09,2.351600990879649e-10,0.0027794274896315464,0.2151972350330237,0.07806028720458107,0.5186193552151384,0.18812312254725683,0.2523415753842631,0.32043283764971375,0.4272255869660231,1.9353719330251867e-17,Stage30_PureODS_QualityCausal,True,False,0,Optimization terminated successfully,1,-0.004364668945347489,0.005109763266866645,0.0010568351641270406,0.054976148217637494,1.0,0.0005284175820635203,0.0002166698046326525,0.0002166698046326525,6.934822982844249e-09,0.004364668945347489,0.11261448383544848,-0.1417449558069152,0.0,0.01738551616455153,0.018255044193084796,0.4272255869660231,GLD,0,0.09311919869588228,0.08518668303234976,0.0,0.0,167,0.0,True,0.005093695308023394,0.0038761871748462526,0.008571977960067,-0.00642415048441046,-3.7466653080778034e-06,1.3514709003235086e-08,0.000346333136163432,-2.0699894425622298e-05,0.005089948642715316,0.003876200689555256,0.008918311096230432,-0.006444850378836082,0.0038525812358312117,0.0036573311509758206,0.0069416906198203135,-0.0028411823090088886,1.0,1.0,1.0,-1.0,-0.06933812677214997,0.6008796794229565,0.3175301668932974,-0.21689845405970035,0.465330936613925,0.8004398397114783,0.6587650834466487,0.6084492270298502,0.0038563279011392896,0.0036573176362668172,0.0065953574836568815,-0.002820482414583266,0.7078708375378405,0.9722494606785644,0.5856173322892195,0.8344342331993108,1.7078708375378406,1.9722494606785643,1.5856173322892195,1.8344342331993109,2020-02-28,1.6636383448452314,0.6245736580811596,0.020487045584837413,2020-02-29,1.5055101142287413,0.6008796794229565,0.0013948318720117918,2020-02-28,0.4652662308132413,0.3175301668932974,0.015524591671486421,2020-02-28,-0.2769735996361266,-0.21689845405970035,0.03545485479740466,27.04238378487428,31.328214295245242,-0.4591523243025144,-0.37343571409509513,0.04970910683453156,0.2924987199180746,-0.008595523647340078,-0.19660264389836496,-0.0008786819039356686,0.11436676689374234,-0.5646235507598584,-0.8588897380089855,-0.008592141862775201,0.492785145195938,-0.7117566443844219,0.24209650166658142,0.23483007135892023,0.15237189882810462,1.70464687305653,0.6382978723404256,0.7334642705919455,0.9813684162246196,0.8630800611932687,1.0,0.3965386466776503,0.09311919869588228,3220.0,13.0,nearest_listed_proxy,pure_direction_quality_causal_calibration
2020-04,2020-03,2020-03,2020-03-31,2020-03,2020-03,2020-03-31,2020-02-29,0.680975271328073,0.018874643874643875,0.047022544136645056,0.04702254653376196,2.2240196234400327,0.0,7.411478984559033e-07,2.22344369536771e-09,1.7367320513660016e-10,0.0013563256551765348,0.13337728663135937,0.029685853764346442,0.6845714313173585,0.15236542828693564,0.22842555246381202,0.32813806843154913,0.4434363791046389,3.6640461079769597e-17,Stage30_PureODS_QualityCausal,True,False,0,Optimization terminated successfully,1,-0.0035795789861600936,0.004456637154756917,0.0013052814149195993,0.04564795736756541,1.0,0.0006526407074597996,0.0002244103647395379,0.0002244103647395379,7.096397485612452e-09,0.0035795789861600936,0.1251534137729978,-0.14681164351336054,0.0,0.004846586227002209,0.013188356486639463,0.4434363791046389,GLD,0,-0.6221551806957429,-0.38353616725429457,0.0,0.0,168,-0.0,True,0.004746667029706697,0.003720309151964864,0.0074565380132030675,-0.010498211574168491,-3.550507829968311e-05,-1.4515614449436941e-05,0.0002513982372504494,-5.2064748232651376e-05,0.004711161951407013,0.0037057935375154273,0.007707936250453517,-0.010550276322401143,0.0027237412148686615,0.0030909944234810975,0.006359857368993227,-0.0072880529837609275,1.0,1.0,1.0,-1.0,-0.17240154721220155,0.4798617546445764,0.5580223105884123,-0.44962451498067363,0.4137992263938992,0.7399308773222882,0.7790111552942062,0.7248122574903368,0.0027592462931683446,0.0031055100379305343,0.006108459131742777,-0.007235988235528276,0.9806108097247338,0.9967836257309941,0.9567869192836751,0.9990011415525114,1.980610809724734,1.996783625730994,1.956786919283675,1.9990011415525113,2020-03-31,-0.25644943538297243,-0.20410645121170776,0.04674928618384863,2020-03-31,0.9225657965540965,0.4798617546445764,0.0021626356408019267,2020-03-31,1.2625576447791218,0.5580223105884123,0.028242671157277244,2020-03-31,-0.816941392229498,-0.44962451498067363,0.13317864738712462,45.54370058714029,38.80138989161486,-0.08912598825719414,-0.22397220216770278,0.08412368917145419,0.2969437969437969,0.04081439816974668,0.3127563507139972,0.013950488110481163,0.11230460244046442,2.7855757658244658,1.3433084194316418,0.865756770926376,0.48636045144597506,2.064442092628054,0.6760586111861755,-1.3702503519071145,0.28215486650776556,2.3713181464728983,0.5882352941176471,0.922514330362786,0.9673333004034265,0.8649648538660748,1.0,0.45404489758373523,-0.6221551806957429,3237.0,9.0,nearest_listed_proxy,pure_direction_quality_causal_calibration
2020-05,2020-04,2020-04,2020-04-29,2020-04,2020-04,2020-04-29,2020-03-31,0.6424513917025403,0.6965933286018453,0.03739369605986758,0.037393697102321016,2.30718393727013,0.0,3.1740416441978417e-07,9.522124932593525e-10,9.024093799008622e-11,0.00040717872965694143,0.02537292977887852,0.0026257207548109084,0.8808468092170597,0.09115454024925088,0.23527688268225888,0.31456863909424204,0.45015447822349913,0.0,Stage30_PureODS_QualityCausal,True,False,0,Optimization terminated successfully,1,-0.003391359819271922,0.004241251465138001,0.0012361482631026745,0.04347812800303996,1.0,0.0006180741315513372,0.00023181089426035,0.00023181089426035,6.620054391566338e-09,0.003391359819271922,0.1217940029608687,-0.15010694178215855,0.0,0.008205997039131302,0.00989305821784145,0.45015447822349913,GLD,0,-0.5895694048161004,-0.3708988126154256,0.0,0.0,169,-0.0,True,0.005691932428840767,0.0036333569429274136,0.006620399472403414,-0.014316973925543828,2.60723527202437e-05,-3.27849255725971e-06,0.00019804346292800085,-4.247036084716731e-05,0.005718004781561011,0.003630078450370154,0.006818442935331415,-0.014359444286390995,0.002980662194952117,0.002733658239257674,0.005953617109587279,-0.011368356744091519,1.0,1.0,1.0,-1.0,-0.035939512954651774,0.44428351327575766,0.721617543766246,-0.593716852528966,0.4820302435226741,0.7221417566378788,0.860808771883123,0.796858426264483,0.0029545898422318733,0.0027369367318149334,0.005755573646659278,-0.011325886383244351,0.8189913948369021,0.8853682170542636,0.8604801239029427,0.997872340425532,1.818991394836902,1.8853682170542636,1.8604801239029427,1.9978723404255319,2020-04-29,-0.6764925472925185,-0.40351658489924824,0.0267208087854514,2020-04-30,0.7994787340117552,0.44428351327575766,0.0009515452870600585,2020-04-30,2.592180389271059,0.721617543766246,0.021252544164014366,2020-04-30,-1.4613376317099027,-0.593716852528966,0.1934022719428958,58.5168997712189,56.26800253054574,0.17033799542437805,0.12536005061091487,0.046917319183189976,0.47548433389141337,-0.00980459394119741,0.2891316460029875,0.025814306539518814,0.539969048644008,-0.6367033594015373,1.2417053028227159,1.5599314758204612,2.3364832418181347,0.30250097171058926,1.9482073588192979,-1.1253541652649435,0.07645456906823579,0.8899472698334514,0.6666666666666666,0.922514330362786,0.9756691985608055,0.8730945121951219,1.0,0.5238967633600906,-0.5895694048161004,3252.0,15.0,nearest_listed_proxy,pure_direction_quality_causal_calibration
2020-06,2020-05,2020-05,2020-05-29,2020-05,2020-05,2020-05-29,2020-04-30,0.5992547689362759,0.96004243281471,0.013195337964985454,0.0131953386724826,2.337628009069795,0.0,2.0214204173030215e-07,6.064261251909064e-10,1.0107102085821218e-10,0.0014341919279783873,0.026296368301077178,0.0008893691012170766,0.9409890840647644,0.031825178532941305,0.24041104383198783,0.3056891190127065,0.45389983715530574,0.0,Stage30_PureODS_QualityCausal,True,False,0,Optimization terminated successfully,1,-0.0038572183523186876,0.0045975019972015075,0.0010085771773363195,0.049118560902400174,1.0,0.0005042885886681598,0.00023598849338114406,0.00023598849338114406,6.5628335161768855e-09,0.0038572183523186876,0.11001329977796247,-0.15204501685569594,0.0,0.019986700222037537,0.007954983144304067,0.45389983715530574,GLD,0,-0.2769403670790838,-0.2168780737291331,0.0,0.0,170,-0.0,True,0.006352437242557394,0.0035978763333351636,0.006443613509913709,-0.010657159373892718,6.0872047852251786e-05,5.33185262289628e-08,0.00014608889786932127,6.750640391732212e-05,0.006413309290409646,0.0035979296518613927,0.006589702407783031,-0.010589652969975397,0.004052549222913957,0.002965123440512132,0.00598550211666322,-0.008794849917975984,1.0,1.0,1.0,-1.0,0.03999905799828311,0.41506606991058337,0.7587744288487749,-0.7031261424483348,0.5199995289991416,0.7075330349552917,0.8793872144243875,0.8515630712241674,0.0039916771750617055,0.002965070121985903,0.005839413218793899,-0.008862356321893305,0.6619816586921851,0.5315931419764978,0.5237544940934772,0.9631875881523272,1.6619816586921852,1.5315931419764977,1.523754494093477,1.9631875881523273,2020-05-29,-0.7179150046106849,-0.41789902450580163,0.018849576892348386,2020-05-31,0.7095947910683413,0.41506606991058337,0.0005820247351527184,2020-05-29,3.1454974911142286,0.7587744288487749,0.014719055154015493,2020-05-29,-2.368434015197749,-0.7031261424483348,0.07114550979319138,63.148329616406315,63.74648030862623,0.2629665923281263,0.27492960617252465,0.05471855484392829,0.5200372786579682,0.008040665758952717,0.08512852317938836,0.012929371032517456,0.18253210271516407,0.5667961367572181,0.35984147051309257,0.8016601640497062,0.7861922562759458,0.4633188036351553,0.7939262101628259,-0.6286225068989906,0.06304422706995193,0.6709274656619026,0.6382978723404256,0.8268198083685284,0.9613099948439247,0.8683576010112833,1.0,0.44055114800969675,-0.2769403670790838,3266.0,13.0,nearest_listed_proxy,pure_direction_quality_causal_calibration
2020-07,2020-06,2020-06,2020-06-30,2020-06,2020-06,2020-06-30,2020-05-31,0.625426528599919,0.0,0.06240173434925007,0.0624017353300158,2.4835000510991345,0.0,2.8021878169248753e-07,8.406563450774626e-10,1.401093908254272e-10,0.001796214693104121,0.0681965222585688,0.0025168897273281907,0.8962106579828519,0.03307593003125108,0.2509385205947171,0.3016919820506475,0.4473694973546354,2.7756069436779795e-17,Stage30_PureODS_QualityCausal,True,False,0,Optimization terminated successfully,1,-0.003944808899925828,0.004612221467285944,0.0008663257193202234,0.05014870329150999,1.0,0.0004331628596601117,0.00023424310126202229,0.00023424310126202229,6.606437982410032e-09,0.003944808899925828,0.10196032871584262,-0.14930429683740454,0.0,0.02803967128415738,0.010695703162595466,0.4473694973546354,GLD,0,0.22472121013528476,0.18348764459665207,0.0,0.0,171,0.0,True,0.006736884079420039,0.0035647288557285133,0.0065568593559581475,-0.009673613518690217,-4.9518764304886364e-05,-7.326741056009698e-06,0.0001630523513133479,-6.433054382602272e-05,0.006687365315115153,0.0035574021146725036,0.006719911707271495,-0.009737944062516239,0.004120737180236274,0.003019486280560044,0.005961995599906928,-0.007858693296809324,1.0,1.0,1.0,-1.0,-0.038979917169775676,0.39167483588119245,0.6815909772563478,-0.6723140519620868,0.48051004141511217,0.6958374179405962,0.8407954886281739,0.8361570259810434,0.00417025594454116,0.0030268130216160537,0.005798943248593581,-0.007794362752983301,0.7644431209053008,0.6641447998467727,0.2728549540347293,0.909027193720213,1.7644431209053009,1.6641447998467727,1.2728549540347294,1.909027193720213,2020-06-30,-0.3207385539192029,-0.24284787702110522,0.023511839535549216,2020-06-30,0.6438576915498062,0.39167483588119245,0.0006901549318966805,2020-06-30,2.1406145195988664,0.6815909772563478,0.01151627622056761,2020-06-30,-2.051702418085686,-0.6723140519620868,0.045502560435971486,53.43644122063844,52.85896505495047,0.06872882441276885,0.05717930109900934,0.018605206068759206,0.31157105153493553,-0.009197779065137142,0.05387164659400076,-0.03165789447846732,-0.04518864925560452,-0.5949935335909484,0.22599500358350574,-1.8158970621979653,-0.20002916392370243,-0.18449926500372132,-1.007963113060834,0.5962311890322777,0.09200642289379074,1.090623244336666,0.5882352941176471,0.8096562196294104,0.9229166916878038,0.8574625060474117,1.0,0.37690280929453224,0.22472121013528476,3283.0,9.0,nearest_listed_proxy,pure_direction_quality_causal_calibration
2020-08,2020-07,2020-07,2020-07-31,2020-07,2020-07,2020-07-31,2020-06-30,0.6414681865546076,0.22187281621243884,0.006563534119539637,0.006563536317521653,2.499800588420402,0.0,6.363039776048006e-07,1.9089119328144017e-09,2.890700826074024e-10,0.002215783497167125,0.08243556656589648,0.006586846527159698,0.8435735552012883,0.06740403170565555,0.2495520269541188,0.2859273868665806,0.46452058617930053,0.0,Stage30_PureODS_QualityCausal,True,False,0,Optimization terminated successfully,1,-0.004774001130783691,0.0055263712657770015,0.0010115507144171495,0.060247150902821116,1.0,0.0005057753572085748,0.00024658768714197943,0.00024658768714197943,7.0906427574214776e-09,0.004774001130783689,0.11017535374577109,-0.1563726096497302,0.0,0.019824646254228917,0.0036273903502697935,0.46452058617930053,GLD,0,0.14754087338840108,0.12857134487310223,0.0,0.0,172,0.0,True,0.006976809535697165,0.0036382134858275565,0.007754373696797168,-0.009506262729653388,-1.1683395312848894e-05,-5.342946730019278e-06,0.000297342595824028,-3.355765336257953e-05,0.0069651261403843165,0.0036328705390975373,0.008051716292621195,-0.009539820383015967,0.005054537871185361,0.0033795911980266115,0.007101264212871789,-0.006804942961992294,1.0,1.0,1.0,-1.0,0.1974048225164311,0.6438779509852001,0.6567891663792372,-0.5333788370896942,0.5987024112582155,0.8219389754926001,0.8283945831896187,0.7666894185448472,0.00506622126649821,0.0033849341447566308,0.006803921617047761,-0.006771385308629714,0.5608815971535877,0.6512757044935262,0.36934992381919757,0.6585399832822513,1.5608815971535877,1.6512757044935262,1.3693499238191975,1.6585399832822514,2020-07-31,0.2807365050479794,0.21919926850016846,0.016069614397768616,2020-07-31,1.8080260763591234,0.6438779509852001,0.0006791197538418922,2020-07-31,1.9136609396921564,0.6567891663792372,0.012782144996503226,2020-07-31,-1.1430661090530534,-0.5333788370896942,0.02979310377582421,62.459951401538994,56.19080855091725,0.2491990280307799,0.12381617101834493,0.021433562712196347,0.17789072426937735,-0.0009415169205003282,-0.2246444007824358,-0.0037173721541983416,-0.0061796982562122215,-0.039051836402856956,-0.985065171965588,-0.17296691655431962,-0.028279712058919458,-0.5120585041842225,-0.10062331430661954,0.306340909245421,0.04916363386377536,0.3846306445699636,0.6382978723404256,0.9078746764159185,0.9611169486240196,0.8647325721529104,1.0,0.4816231490329639,0.14754087338840108,3301.0,13.0,nearest_listed_proxy,pure_direction_quality_causal_calibration
2020-09,2020-08,2020-08,2020-08-31,2020-08,2020-08,2020-08-31,2020-07-31,0.588735960815789,0.0,-0.024464567522605715,-0.024464566082700347,2.4386440481319416,-0.02446456752260584,4.7127492981691166e-07,1.413824789450735e-09,2.6080579459963893e-11,0.0023232944435799645,0.07159350187170747,0.005263154163832908,0.859926363351168,0.06321698061329163,0.2551306341319452,0.2810209403980994,0.46384842546995547,2.775557561562892e-17,Stage30_PureODS_QualityCausal,True,False,0,Optimization terminated successfully,1,-0.004628153917955476,0.005501753416993766,0.0012525289090502755,0.05850586754962354,1.0,0.0006262644545251378,0.00024732825714937477,0.00024732825714937477,6.787363776484556e-09,0.0046281539179554776,0.12259831527636629,-0.15652578524935792,0.0,0.007401684723633714,0.0034742147506420795,0.46384842546995547,GLD,0,-0.34676870058700027,-0.25748200150171163,0.0,0.0,173,-0.0,True,0.007204445939641104,0.003517991748145294,0.007661214361508775,-0.009090474274975315,-3.616727905610233e-05,-1.0507861942127091e-05,0.00019196126200973356,-5.489317701791101e-05,0.007168278660585002,0.003507483886203167,0.007853175623518508,-0.009145367451993226,0.005397419620846827,0.0032092506525928897,0.006948044906740325,-0.005204016955684075,1.0,1.0,1.0,-1.0,0.2744093105214314,0.5007384172197756,0.6608676298278422,-0.30936913240554337,0.6372046552607157,0.7503692086098879,0.8304338149139211,0.6546845662027717,0.005433586899902929,0.0032197585145350167,0.006756083644730591,-0.005149123778666164,0.6764126796613507,0.7526973310618966,0.7669866127810053,0.24362880886426594,1.6764126796613508,1.7526973310618965,1.7669866127810052,1.243628808864266,2020-08-31,1.5551349469405442,0.6086312383628208,0.019451101995285283,2020-08-31,1.002958037410624,0.5007384172197756,0.0007722499581071174,2020-08-31,1.9487011207227374,0.6608676298278422,0.01870245961824016,2020-08-31,-0.4479514990158348,-0.30936913240554337,0.0214573168429308,50.613462712252336,60.116371947821335,0.01226925424504671,0.20232743895642671,0.030773466853014297,0.6180117467913857,0.014781904358398166,0.29569274449566224,-0.001085641145645225,0.18878452740421078,1.0249167827236751,1.28040322315938,-0.019161245616905465,0.8213804486516569,1.1526600029415275,0.40110960151737574,-0.7768848022294517,0.08721785466263979,1.030049080482265,0.6,0.9837705137653446,0.9033161799369684,0.8371406371406371,1.0,0.4463579408322403,-0.34676870058700027,3316.0,10.0,nearest_listed_proxy,pure_direction_quality_causal_calibration
2020-10,2020-09,2020-09,2020-09-29,2020-09,2020-09,2020-09-29,2020-08-31,0.6261556468027473,0.7085932085932086,-0.02194244800784579,-0.021942445465115857,2.3851342278961636,-0.04587020302955247,7.957028248517665e-07,2.3871084745553e-09,1.5562145724844117e-10,0.002165457447466236,0.1852767229952708,0.017223144876406204,0.7296706542182274,0.06782947791009562,0.26377907662623845,0.29069872228163324,0.44552220109212837,2.5242587554741897e-17,Stage30_PureODS_QualityCausal,True,False,0,Optimization terminated successfully,1,-0.004402320836508537,0.005179288946259802,0.0010774185050957976,0.05568695632454285,1.0,0.0005387092525478988,0.00023825167889605635,0.00023825167889605635,7.178307309378566e-09,0.004402320836508537,0.11370585763780848,-0.14953619821414302,0.0,0.016294142362191524,0.010463801785856985,0.44552220109212837,GLD,0,0.18605258895341958,0.1568670653276796,0.0,0.0,174,0.0,True,0.006805493086747448,0.003575677395927161,0.007629273223241801,-0.009348613916051466,3.8445382677826434e-05,-5.463981980806743e-06,0.0001848078927989167,4.5558517488507205e-05,0.006843938469425275,0.0035702134139463542,0.007814081116040717,-0.009303055398562958,0.005182937138332911,0.0029555086073960847,0.006628123111704278,-0.0030525822301650076,1.0,1.0,1.0,-1.0,0.2840566494658785,0.12821428001902646,0.5658865331461151,0.0857103401673461,0.6420283247329392,0.5641071400095132,0.7829432665730576,0.45714482991632693,0.005144491755655085,0.0029609725893768916,0.0064433152189053615,-0.0030981407476535147,0.5899019607843137,0.3347449651797478,0.5933417085427136,0.6792894519416138,1.5899019607843137,1.3347449651797478,1.5933417085427135,1.6792894519416137,2020-09-29,3.1461572790702954,0.7588128156527065,0.016709150910547012,2020-09-30,0.14707086509953923,0.12821428001902646,0.0004872647085291834,2020-09-30,1.3035452165241925,0.5658865331461151,0.01576869652685238,2020-09-30,0.09374528000571943,0.0857103401673461,0.030398973429139133,49.56808697556158,55.099769661684874,-0.008638260488768453,0.10199539323369748,0.017132562509654115,0.12020460358056255,-0.009364865454567353,-0.22756358885873623,-0.0024240829940054246,-0.08557074979036208,-0.6100590338798475,-0.9989320955513862,-0.09834453266975558,-0.3737217351740167,-0.8044955647156169,-0.23603313392188613,0.5202643493187515,0.03716012654536642,0.06604355451383252,0.5882352941176471,0.6945774934393235,0.9798026338098491,0.8933080808080808,1.0,0.35761164338291096,0.18605258895341958,3332.0,9.0,nearest_listed_proxy,pure_direction_quality_causal_calibration
2020-11,2020-10,2020-10,2020-10-30,2020-10,2020-10,2020-10-30,2020-09-30,0.8517779157031556,0.0,0.010748760288727817,0.01074876170408398,2.4107714639682594,-0.03561449055758459,4.265860037155988e-07,1.2797580111467965e-09,1.3559815098539657e-10,0.0017468220502873575,0.12144992357878019,0.011890467963765465,0.7893762872474307,0.07728332121002371,0.26265077740837156,0.29599159879798176,0.44135762379364674,2.2807766591591436e-17,Stage30_PureODS_QualityCausal,True,False,0,Optimization terminated successfully,1,-0.0037478564654663195,0.004448547870851493,0.0009301054763372995,0.047801941592194114,1.0,0.0004650527381686498,0.00023563194619185697,0.00023563194619185697,6.7210246664899e-09,0.0037478564654663195,0.10564689165350581,-0.14769883586272536,0.0,0.024353108346494193,0.01230116413727464,0.44135762379364674,GLD,0,-0.19963383759122613,-0.16641230960279993,0.0,0.0,175,-0.0,True,0.006746634174057202,0.0035324990865049518,0.007177936708124079,-0.010469781767536804,-3.181106705441296e-05,-2.845111503363926e-05,0.0004365200133772824,-0.00010280451346731379,0.006714823107002789,0.0035040479714713124,0.007614456721501361,-0.010572586281004118,0.004384521241547933,0.0024951960107491037,0.005796643727753058,-0.003091093897419344,1.0,1.0,1.0,-1.0,0.0678442278355793,-0.12993776619220035,0.3305930335588385,0.2248072369620751,0.5339221139177897,0.43503111690389984,0.6652965167794193,0.3875963815189625,0.004416332308602346,0.002523647125782743,0.005360123714375776,-0.00298828938395203,0.5255909357296347,0.6303330838323353,0.32221389305347325,0.855598138516288,1.5255909357296347,1.6303330838323353,1.3222138930534733,1.8555981385162879,2020-10-30,2.1395453389936736,0.6814825422076776,0.015382363721230807,2020-10-31,-0.14934307126920318,-0.12993776619220035,0.0006623081446059907,2020-10-30,0.4938595654544872,0.3305930335588385,0.01223164481503611,2020-10-30,0.2900017230308906,0.2248072369620751,0.03806541677258814,34.09509874759947,42.007408317353544,-0.31809802504801055,-0.15985183365292913,0.04218275000413507,0.4948725916718459,0.005198404581067215,0.3424674880237751,-0.0008396071200853991,0.12911935954281123,0.3768493858818352,1.4878042836597778,-0.005327738216918561,0.5641387712336354,0.9323268347708065,0.27940551650835843,-0.6058661756395824,0.09853127296529324,1.1696575231813107,0.6382978723404256,0.6370796723332457,0.9336416755630634,0.8678807864609258,1.0,0.32950153947855354,-0.19963383759122613,3347.0,13.0,nearest_listed_proxy,pure_direction_quality_causal_calibration
2020-12,2020-11,2020-11,2020-11-30,2020-11,2020-11,2020-11-30,2020-10-31,0.7610439382780786,0.0,0.05949767200489134,0.05949767945406255,2.554206753810195,0.0,2.2378141751877794e-06,6.7134425255633384e-09,7.357286881670915e-10,0.002416754549856514,0.2525684876002302,0.017714758208442087,0.6818900536406797,0.04782670055064793,0.30020192709851184,0.2920277449442694,0.4077703279572188,2.7026447625565823e-17,Stage30_PureODS_QualityCausal,True,False,0,Optimization terminated successfully,1,-0.003714155596569394,0.004405859373281595,0.0009238372880978067,0.0473272887507923,1.0,0.00046191864404890337,0.00022977450802001587,0.00022977450802001587,1.0624643281834822e-08,0.003714155596569394,0.1052903008694233,-0.13661803622856927,0.0,0.024709699130576704,0.02338196377143073,0.4077703279572188,GLD,0,0.04341794996472886,0.04161127376253833,0.0,0.0,176,0.0,True,0.007465576267565486,0.0034578143203639537,0.006966868106659743,-0.008223240495163127,-1.3950406696384276e-05,-3.4176897548724165e-05,0.00012198192087093892,-3.847286457779084e-05,0.007451625860869102,0.0034236374228152297,0.0070888500275306816,-0.008261713359740918,0.0059128668421166266,0.0026835847745059808,0.0045298149862667905,-0.004888305919412507,1.0,1.0,1.0,-1.0,0.3904482650456014,-0.4217294131892698,-0.12482249478704933,-0.36590056178504843,0.6952241325228007,0.2891352934053651,0.43758875260647534,0.6829502808925242,0.005926817248813011,0.002717761672054705,0.004407833065395852,-0.004849833054834716,0.45184824902723736,0.5700595459620394,0.5080805569368474,0.5280424720936564,1.4518482490272373,1.5700595459620394,1.5080805569368474,1.5280424720936563,2020-11-30,1.995565405240341,0.6661732044806521,0.01413933105559134,2020-11-30,-0.7292942487619609,-0.4217294131892698,0.0006171200932229922,2020-11-30,-0.14262534633665794,-0.12482249478704933,0.014441973521850417,2020-11-30,-0.5770397192198944,-0.36590056178504843,0.02632705405383797,67.57399445864938,57.68458507415822,0.3514798891729876,0.1536917014831644,-0.0021399439730409586,0.3860383944153578,-0.016772419464219906,0.1879586127537828,-0.012859766717770546,0.08627805957184254,-1.118120558422171,0.8138994200039442,-0.7193768557682989,0.3778389316183789,-0.15211056920911337,-0.17076896207496,0.1614397656420367,0.04319647752108477,0.23534819962815767,0.6,0.5733338010781829,0.9180447385727718,0.8516009800079349,1.0,0.2689421022884799,0.04341794996472886,3363.0,10.0,nearest_listed_proxy,pure_direction_quality_causal_calibration
2021-01,2020-12,2020-12,2020-12-30,2020-12,2020-12,2020-12-30,2020-11-30,0.6400460418967638,0.0,0.007567572040512205,0.007567582196359205,2.5735358974260163,0.0,2.9951340687339988e-06,8.985402206201997e-09,1.1704447934191262e-09,0.002913731770999405,0.3587984045695214,0.03371028527727789,0.5553174197439851,0.052173890409215586,0.32138291455458456,0.2749163297619224,0.403700755683493,2.6590266169939347e-17,Stage30_PureODS_QualityCausal,True,False,0,Optimization terminated successfully,2,-0.003970245969857423,0.004653755058015701,0.0008885138424693913,0.050513977641372054,1.0,0.00044425692123469565,0.00023923904684792856,0.00023923904684792856,1.3120075652480918e-08,0.003970245969857423,0.10325776537206631,-0.13665435500623258,0.0,0.026742234627933695,0.023345644993767428,0.403700755683493,GLD,0,0.20479906321744842,0.16998607441686334,0.0,0.0,177,0.0,True,0.00780068776050492,0.0034380277568793697,0.007831000726661057,-0.007414789160047727,-8.00867415754291e-06,-2.6845148939962402e-05,8.760517708712487e-05,-2.3711135721611403e-05,0.0077926790863473774,0.003411182607939407,0.007918605903748183,-0.0074385002957693385,0.006715702495484734,0.003048705956526113,0.0041052783313172666,-0.003369958663414351,1.0,1.0,1.0,-1.0,0.5592444076945257,-0.3827176296416724,-0.5509941013254198,-0.2121734255046897,0.7796222038472629,0.30864118517916383,0.2245029493372901,0.6060867127523448,0.006723711169642276,0.0030755511054660757,0.004017673154230142,-0.0033462475276927394,0.52712652586708,0.45818686401480113,0.25432739861523246,0.1817320703653586,1.52712652586708,1.458186864014801,1.2543273986152323,1.1817320703653587,2020-12-30,2.064771079125006,0.6737113558623437,0.01532991902965674,2020-12-31,-0.6200041472422221,-0.3827176296416724,0.0005461820851948365,2020-12-31,-1.2271422334359043,-0.5509941013254198,0.01131431520829869,2020-12-31,-0.2693148877855639,-0.2121734255046897,0.020348600283786187,79.26894306776141,70.93215029330024,0.5853788613552282,0.4186430058660048,0.014507780744672627,0.07710965133906009,-0.013488759660823899,-0.23995992943944164,0.0005396644999111004,-0.24166113437382147,-0.897012914102325,-1.0555172860359314,0.07079918555442749,-1.0545021591955706,-0.9762651000691283,-0.49185148682057156,0.7340582934448499,0.03999885092130605,0.1479696767918992,0.6666666666666666,0.5190700629525434,0.9150639148726791,0.8810717238528317,1.0,0.27899563978270764,0.20479906321744842,3379.0,15.0,nearest_listed_proxy,pure_direction_quality_causal_calibration
2021-02,2021-01,2021-01,2021-01-29,2021-01,2021-01,2021-01-29,2020-12-31,0.8252983234486169,0.0,-0.01287346357389693,-0.0128734594191467,2.5404055767943863,-0.01287346357389696,1.1870714945738201e-06,3.5612144837214604e-09,5.935357472175898e-10,0.003050266152684859,0.30064152932091903,0.033609410920709175,0.5988070379847911,0.06694202177358066,0.33075738880074707,0.27226074045849913,0.3969818707407538,8.488763725952697e-17,Stage30_PureODS_QualityCausal,True,False,0,Optimization terminated successfully,1,-0.003627028647492703,0.0043871195635699755,0.001040991251965888,0.046399487251044376,1.0,0.000520495625982944,0.0002395869677562734,0.0002395869677562734,8.3223380549603e-09,0.003627028647492703,0.11176714644111953,-0.1348696997758488,0.0,0.018232853558880477,0.025130300224151192,0.3969818707407538,GLD,0,0.030305739236898638,0.029414316627358345,0.0,0.0,178,0.0,True,0.008104165469741714,0.0034188211477175147,0.0076172389516847945,-0.006939160958404588,-1.1882946668046158e-05,-6.148352249889912e-05,0.00020286477407163245,-4.441004290068251e-05,0.008092282523073669,0.0033573376252186158,0.007820103725756427,-0.006983571001305271,0.0060257217148720005,0.003057769021092126,0.003933572892816344,-0.000736459689819995,1.0,1.0,1.0,-1.0,0.18219154021250586,-0.625638551445743,-0.7020161949688624,0.25074466073239415,0.5910957701062529,0.1871807242771285,0.14899190251556882,0.3746276696338029,0.006037604661540047,0.003119252543591025,0.0037307081187447117,-0.0006920496469193125,0.8188573634433507,0.12518395879323033,0.4217327098203298,0.18241787829833064,1.8188573634433507,1.1251839587932304,1.4217327098203298,1.1824178782983306,2021-01-29,1.9575330096837347,0.6618803588241488,0.02623973102489081,2021-01-31,-1.671215222245481,-0.625638551445743,0.0003867409463539157,2021-01-29,-2.3558870754587,-0.7020161949688624,0.013384889918860629,2021-01-29,0.3346584903585687,0.25074466073239415,0.020376917443267827,49.30901270833803,44.92570038233041,-0.013819745833239382,-0.10148599235339177,0.040446188815634054,0.275397882633387,0.006922652379822789,0.054841756261289135,-0.01329721756987139,-0.09241106603165532,0.49070250548859773,0.23485691699491687,-0.7474698256355757,-0.39864404222065225,0.3627797112417573,-0.573056933928114,0.10513861134317834,0.12149033428056527,1.4073419632108877,0.6382978723404256,0.5699185261263372,0.9105135097687254,0.8702420809637376,1.0,0.28824557267528483,0.030305739236898638,3394.0,13.0,nearest_listed_proxy,pure_direction_quality_causal_calibration
2021-03,2021-02,2021-02,2021-02-26,2021-02,2021-02,2021-02-26,2021-01-31,0.7102833465589655,0.0,-0.0046950351449072765,-0.004695031150255278,2.5284782833290183,-0.01750805735488803,1.141329142417881e-06,3.423987427253643e-09,5.706645712089691e-10,0.00323877201201123,0.30488975512104693,0.06021852984273134,0.5301769022989414,0.10471481273728026,0.34900577828799706,0.27439550456949374,0.3765987171425092,9.970306414276359e-17,Stage30_PureODS_QualityCausal,True,False,0,Optimization terminated successfully,1,-0.003710094926995011,0.004500577739491017,0.0011045578702407897,0.04737958565244747,1.0,0.0005522789351203949,0.0002381957912008352,0.0002381957912008352,8.086174775998234e-09,0.003710094926995011,0.11512903388324544,-0.12861289080756805,0.0,0.014870966116754564,0.031387109192431956,0.3765987171425092,GLD,0,-0.11688546654391861,-0.10465304639123657,0.0,0.0,179,-0.0,True,0.007857798386751677,0.003433761693446193,0.00773296081215753,-0.0060694328443104805,-1.2531046200624817e-05,-5.85111454173325e-05,0.00011197815341266632,-3.135717379012599e-05,0.007845267340551052,0.0033752505480288604,0.007844938965570196,-0.006100790018100606,0.00592859460348041,0.0032147017594585945,0.004114098598577912,0.0011484438068837467,1.0,1.0,1.0,-1.0,0.17009664740078712,-0.6467413802490449,-0.6602953426748935,0.557600834292125,0.5850483237003936,0.17662930987547754,0.16985232866255323,0.22119958285393748,0.005941125649681035,0.003273212904875927,0.0040021204451652454,0.0011798009806738728,0.8015964608578573,0.7645497803806734,0.5545075943165115,0.18765068309670507,1.8015964608578572,1.7645497803806736,1.5545075943165116,1.187650683096705,2021-02-26,2.733018799991479,0.732120288276533,0.02495181831848568,2021-02-28,-1.830787259218171,-0.6467413802490449,0.0007797278576370823,2021-02-26,-1.9437335592457694,-0.6602953426748935,0.015090219614200396,2021-02-26,1.2604020927569288,0.557600834292125,0.020401365977443676,47.13989740423982,41.768585292051604,-0.05720205191520364,-0.16462829415896793,0.027366839952415067,0.1006686818723092,-0.007365985089974056,0.21534789808043614,0.0016589367567817997,0.06847998338938062,-0.4801002686086785,0.9375414587613564,0.1388460779335991,0.30630408084284483,0.22872059507633896,0.22257507938822196,-0.22564783723228046,0.09131607763981715,1.0801646369982756,0.6382978723404256,1.0,0.9709313816299199,0.8358289402763353,1.0,0.5179994985885792,-0.11688546654391861,3408.0,13.0,nearest_listed_proxy,pure_direction_quality_causal_calibration
2021-04,2021-03,2021-03,2021-03-30,2021-03,2021-03,2021-03-31,2021-02-28,0.5073772249005957,0.0,0.012986042049409792,0.012986043976698,2.5613132086373485,-0.0047493756744922955,5.506537737454466e-07,1.6519613212363398e-09,2.7532688687274e-10,0.0032594226405619387,0.3315665859326997,0.12749233920038447,0.39070798009730706,0.15023309476960886,0.34884598876281064,0.274912697155198,0.3762413140819913,1.0086171594568802e-16,Stage30_PureODS_QualityCausal,True,False,0,Optimization terminated successfully,1,-0.003614548019568719,0.004378870263638806,0.0010553420676330057,0.04621439075786764,1.0,0.0005276710338165028,0.00023664431353821066,0.00023664431353821066,6.896715373284292e-09,0.003614548019568719,0.11253490485887509,-0.1284534816403762,0.0,0.017465095141124917,0.0315465183596238,0.3762413140819913,GLD,0,-0.1352188486786622,-0.11911258242060564,0.0,0.0,180,-0.0,True,0.006843027524693072,0.0034993068479919464,0.008691212439339211,-0.005995856249776476,-7.637922616717757e-06,-1.4077168104200296e-05,-1.0351945117444782e-05,-1.3068056288242457e-06,0.006835389602076354,0.003485229679887746,0.008680860494221766,-0.005997163055405301,0.005411306664871847,0.003286180123955224,0.004220017682780209,0.0020583979997251564,1.0,1.0,1.0,-1.0,0.205223241261552,-0.659546979478421,-0.6424946386716658,0.7407495010311697,0.602611620630776,0.1702265102607895,0.1787526806641671,0.12962524948441517,0.005418944587488565,0.0033002572920594244,0.0042303696278976535,0.0020597048053539804,0.5877226584945413,0.92147406733394,0.5190012180267966,0.818024494142705,1.5877226584945414,1.92147406733394,1.5190012180267964,1.8180244941427048,2021-03-31,2.336855314993019,0.7003166437852903,0.016696011279839888,2021-03-31,-1.9372628225415218,-0.659546979478421,0.0010468363805363726,2021-03-31,-1.797160848957441,-0.6424946386716658,0.014529129495165674,2021-03-31,2.857273193214683,0.7407495010311697,0.03540539983582733,52.530738047895575,43.23691595207271,0.0506147609579115,-0.13526168095854588,0.01834538835628602,0.3181470723131019,0.005727419090407084,0.18792578248690578,0.00799569340276875,0.15609218884970766,0.410686028708857,0.8184220730671367,0.5143111403341283,0.6902242175074577,0.6145540508879969,0.602267678920793,-0.6084108649043949,0.04315618845679018,0.22594110067024106,0.5769230769230769,0.4876538247665032,0.9337287430637106,0.8460382513661202,1.0,0.22224923399405497,-0.1352188486786622,3425.0,8.0,nearest_listed_proxy,pure_direction_quality_causal_calibration
2021-05,2021-04,2021-04,2021-04-30,2021-04,2021-04,2021-04-30,2021-03-31,0.5381549974723677,0.001004016064257028,0.025724867542442572,0.02572486961054254,2.627202651664253,0.0,6.612605355781725e-07,1.9837816067345175e-09,8.431836168158401e-11,0.0034715821230311165,0.32464804181745743,0.32085410043526646,0.17829071015085565,0.17620714759642053,0.3478376858098773,0.2704042721166574,0.3817580420734652,1.5898376986470405e-16,Stage30_PureODS_QualityCausal,True,False,0,Optimization terminated successfully,1,-0.0036914035602903785,0.004396836622105753,0.0009343417115705111,0.04715598919584597,1.0,0.00046717085578525553,0.0002382552073688409,0.0002382552073688409,6.998661277757938e-09,0.0036914035602903785,0.10588720668166733,-0.12972126278060062,0.0,0.024112793318332673,0.030278737219399388,0.3817580420734652,GLD,0,-0.10887600454421549,-0.09818591447378927,0.0,0.0,181,-0.0,True,0.004987153905103612,0.0035920270476484054,0.010537909722301389,-0.005230762182928938,-1.486218717619057e-05,-1.921280379030293e-05,1.1189736118502461e-05,-8.84393511971095e-06,0.004972291717927422,0.0035728142438581027,0.010549099458419892,-0.005239606118048649,0.004350308135967744,0.0034746592820799633,0.005092421322541559,0.0023977967683884243,1.0,1.0,1.0,-1.0,0.17920933958121663,-0.6298729413468349,-0.5444169716789903,0.7552518305225812,0.5896046697906083,0.18506352932658254,0.22779151416050486,0.12237408473870942,0.004365170323143934,0.003493872085870266,0.005081231586423057,0.0024066407035081352,0.3165172611100515,0.8279638009049773,0.2126757149781871,0.44996028594122317,1.3165172611100515,1.8279638009049775,1.212675714978187,1.449960285941223,2021-04-30,1.6196421052783065,0.6182684657628978,0.011977812856780986,2021-04-30,-1.701774908429675,-0.6298729413468349,0.0008553701219987372,2021-04-30,-1.1949895800231323,-0.5444169716789903,0.010807159946893293,2021-04-30,3.0858323971745265,0.7552518305225812,0.024755171472128818,46.84535103698344,49.12262661205416,-0.06309297926033125,-0.017547467758916753,0.019289390086277447,0.361354629518434,-0.011414219213486999,0.22599819096478177,0.005041080038853975,0.3280303894283316,-0.7602113140159777,0.9872137335919712,0.3347651401214286,1.4463258546911004,0.11350120978799672,0.8905454974062645,-0.5020233535971306,0.032740982784687934,-0.0878095160362265,0.6382978723404256,0.4064507309431292,0.9540877066269179,0.8761705445504788,1.0,0.2168743819666755,-0.10887600454421549,3442.0,13.0,nearest_listed_proxy,pure_direction_quality_causal_calibration
2021-06,2021-05,2021-05,2021-05-31,2021-05,2021-05,2021-05-31,2021-04-30,0.4671721247709336,0.7018654230512992,-0.00911321652259774,-0.009113201358478469,2.6032603850508935,-0.009113216522597778,4.36420197529001e-06,1.3092605925870031e-08,2.0715133453720716e-09,0.003781169672997649,0.28176433445537663,0.41510848669524425,0.12256243207018512,0.180564746779194,0.34320310241495544,0.2633263769261731,0.3934705206588712,1.912341677414832e-16,Stage30_PureODS_QualityCausal,True,False,0,Optimization terminated successfully,2,-0.004572052817630428,0.005290508258120064,0.0009538272586057145,0.05776313554580648,1.0,0.00047691362930285725,0.0002415235349724999,0.0002415235349724999,1.8276214278774305e-08,0.004572052817630428,0.10698563970584359,-0.13394860776671585,0.0,0.02301436029415642,0.02605139223328415,0.3934705206588712,GLD,0,0.14422147539218716,0.12604332158925316,0.0,0.0,182,0.0,True,0.004334461279212183,0.0035967347151864733,0.011634934078282371,-0.004441451380690433,1.427833433041465e-05,9.885936746020377e-06,-4.715116561332344e-05,1.5462141780295988e-05,0.004348739613542598,0.0036066206519324937,0.011587782912669048,-0.004425989238910137,0.004113216431463707,0.0036455329896502102,0.007418280329922621,0.0026070795724112156,1.0,-1.0,1.0,-1.0,0.1486471891729048,-0.5780372855610691,-0.06178448132230927,0.7106634892694755,0.5743235945864524,0.7890186427805346,0.46910775933884535,0.14466825536526223,0.004098938097133293,0.00363564705290419,0.007465431495535944,0.00259161743063092,0.32886735081717977,0.5627249820014398,0.17064640617462615,0.31327363708190675,1.3288673508171798,1.56272498200144,1.1706464061746262,1.3132736370819067,2021-05-31,1.0734730719358034,0.5177173923621802,0.012148347467089789,2021-05-31,-1.369877635586038,-0.5780372855610691,0.000612236117793734,2021-05-28,-0.06585318628004315,-0.06178448132230927,0.010137319294521932,2021-05-28,2.4561832430866524,0.7106634892694755,0.02268649168476977,54.750154916709995,41.66105384111671,0.0950030983341999,-0.16677892317766577,0.01754847029199974,-0.008669987087253136,-0.0045120859303332,-0.34401224640955497,0.005918170743945271,-0.26116471630094945,-0.2887496875448376,-1.5199044939927526,0.3868820068836194,-1.1476540661135974,-0.9043270907687951,-0.380386029614989,0.6423565601918921,0.02708973356548503,-0.30392430532362524,0.6,0.4350518378793911,0.9562313821191033,0.8994945156601031,1.0,0.22451934693265008,0.14422147539218716,3456.0,10.0,nearest_listed_proxy,pure_direction_quality_causal_calibration
2021-07,2021-06,2021-06,2021-06-29,2021-06,2021-06,2021-06-30,2021-05-31,0.39727495831189413,0.85842175066313,0.006853266647014985,0.006853276051412758,2.621101222621258,-0.0023224051784240807,2.6869707922257984e-06,8.060912376677395e-09,1.3434853960988564e-09,0.004013178639076001,0.27124732806069657,0.4118584405404077,0.12583221734582145,0.19106201405307427,0.3557126280331586,0.2665315871955492,0.3777557847712918,2.713626755526981e-16,Stage30_PureODS_QualityCausal,True,False,0,Optimization terminated successfully,2,-0.00487787742319662,0.005560983763031802,0.0008881579042993598,0.061402857730585465,1.0,0.0004440789521496799,0.00023901459025384326,0.00023901459025384326,1.279743165902726e-08,0.00487787742319662,0.10323708079751344,-0.12892221493086825,2.220446049250313e-16,0.026762919202486565,0.031077785069131753,0.3777557847712918,GLD,0,0.012296266711914207,0.012146905126751354,0.0,0.0,183,0.0,True,0.004638007798383035,0.003602644140161108,0.01092406286527613,-0.003112000247516267,3.572056126187585e-05,2.4564523134196102e-05,-0.00012628189728447267,5.344984215923849e-05,0.0046737283596449105,0.003627208663295304,0.010797780967991657,-0.003058550405357029,0.004439201223454606,0.0037723401029281195,0.007879312916931136,0.0029958050325415452,1.0,-1.0,1.0,-1.0,0.24930796619540904,-0.2929634901991397,0.15539952471025362,0.6994255258043541,0.6246539830977045,0.6464817450995699,0.5776997623551268,0.15028723709782293,0.00440348066219273,0.0037477755797939234,0.00800559481421561,0.002942355190382307,0.078444360333081,0.766827783745077,0.26835412667946257,0.07868551976957319,1.0784443603330809,1.766827783745077,1.2683541266794625,1.0786855197695733,2021-06-30,0.7820547263732889,0.43885000544560776,0.008859413089485162,2021-06-30,-0.4143541191128221,-0.2929634901991397,0.0007844132770990482,2021-06-30,0.18399175616961697,0.15539952471025362,0.011496270960239632,2021-06-30,2.3269624863390552,0.6994255258043541,0.017366533495293837,61.01133578626968,54.44235887076129,0.22022671572539365,0.08884717741522578,0.010720277005938472,0.17193836171938356,-0.0022615157774133286,-0.10663696260888125,0.006199610748993591,-0.04889631404674705,-0.1362368207218265,-0.475136499693249,0.403008537415728,-0.21206277400615758,-0.30568666020753776,0.09547288170478521,0.10510688925137628,0.014601997204841517,-1.0083554414294058,0.5769230769230769,0.22457804540152482,0.9696612487924897,0.9311868686868687,1.0,0.11698820885571208,0.012296266711914207,3473.0,8.0,nearest_listed_proxy,pure_direction_quality_causal_calibration
2021-08,2021-07,2021-07,2021-07-30,2021-07,2021-07,2021-07-30,2021-06-30,0.6433783273274076,0.0,-7.465974652597925e-05,0.00022176318479431856,2.6209055318683583,-0.0023968915347681863,0.08469226609151367,0.00025407679827454103,4.2346133045756775e-05,0.004211796575209424,0.32176738016106393,0.4585265049961536,0.09059953220584846,0.129106582636934,0.2591440555764201,0.2678158718842071,0.47304007253937286,2.35427127614713e-19,Stage30_PureODS_QualityCausal,True,False,0,Optimization terminated successfully,12,-0.005462193196826833,0.006498870511728108,0.0009769568809675053,0.07212470485493228,1.0,0.0004884784404837526,0.0002517734031439765,0.0002517734031439765,0.0002964254712735459,0.005462193196826833,0.10827503207854552,-0.15999999999999565,0.0,0.02172496792145448,4.3576253716537394e-15,0.47304007253937286,GLD,0,0.010462830964376831,0.010354493647620068,0.0,0.0,184,0.0,True,0.004052455180991313,0.003634293334696934,0.011189728447813567,-0.0020292906626641224,-3.338898612462469e-05,-3.868638401077026e-05,7.832238898101e-05,-4.376762908419511e-05,0.004019066194866689,0.003595606950686164,0.011268050836794576,-0.0020730582917483174,0.0041064824596947535,0.003982706655093859,0.009234033628964512,0.003223957062211208,-1.0,-1.0,1.0,-1.0,0.09721978092406186,0.3405975144457187,0.41701431170007247,0.6974655703624859,0.4513901095379691,0.32970124277714064,0.7085071558500362,0.15126721481875705,0.004139871445819378,0.00402139303910463,0.009155711239983502,0.003267724691295403,0.16066716924236712,0.8535695210966708,0.17056576748627358,0.24466145833333333,1.1606671692423671,1.853569521096671,1.1705657674862735,1.2446614583333333,2021-07-30,1.0685509950726126,0.5165698102768325,0.01010044777352922,2021-07-31,0.5165244625358347,0.3405975144457187,0.0008927994235098112,2021-07-30,0.7153079742251441,0.41701431170007247,0.010147455543062582,2021-07-30,2.305408912295252,0.6974655703624859,0.02144580556890788,40.90661459454769,47.847862030219964,-0.18186770810904618,-0.04304275939560071,0.01565738194498084,0.2313420754411527,-0.007689746118789037,-0.023673204424771617,-0.007146769912021806,0.15330132291893603,-0.5091589596833165,-0.11104169094927317,-0.39509317879381145,0.6787976908033614,-0.31010032531629483,0.14185225600477497,0.08412403465575993,0.024071925947539426,-0.43332299530685625,0.6382978723404256,0.228834179939164,0.9534684973347883,0.8930555555555556,1.0,0.1243738606593383,0.010462830964376831,3490.0,13.0,nearest_listed_proxy,pure_direction_quality_causal_calibration
2021-09,2021-08,2021-08,2021-08-31,2021-08,2021-08,2021-08-31,2021-07-31,0.4018213787319458,0.8835301837270341,-0.021302881901071602,-0.02128935533708673,2.5650726908491013,-0.023648712738544964,0.003864939379124244,1.1594818137372732e-05,1.9317458474974735e-06,0.0038784250015565206,0.27519107890864664,0.473001752022915,0.09261661388361268,0.15919055518482567,0.25453281148587953,0.2715224051270098,0.4739447833871107,8.434132947383258e-19,Stage30_PureODS_QualityCausal,True,False,0,Optimization terminated successfully,10,-0.005650972274585075,0.006445640632684727,0.0010641298630557734,0.07096290841388209,1.0,0.0005320649315278867,0.0002490748944319056,0.0002490748944319056,1.352853213986006e-05,0.005650972274585075,0.11300247057772357,-0.16000000047089755,0.0,0.016997529422276433,-4.708975431810813e-10,0.4739447833871107,GLD,0,0.18138189494625181,0.15353366741285973,0.0,0.0,185,0.0,True,0.0036513056142040514,0.0036311244273193374,0.011358641677490199,-0.0031273717127875043,3.243288508083868e-05,2.905046064827977e-05,-9.34789279805381e-05,6.961580166822101e-05,0.00368373849928489,0.003660174887967617,0.01126516274950966,-0.0030577559111192834,0.0038029824825783222,0.003866193265628423,0.009342646802753393,0.0025559588808138772,-1.0,-1.0,1.0,-1.0,0.05005552087348906,0.6661374790275741,0.4859731930114715,0.602591402756336,0.47497223956325546,0.16693126048621293,0.7429865965057357,0.19870429862183198,0.0037705495974974836,0.0038371428049801433,0.009436125730733932,0.0024863430791456564,0.43823915900131405,0.5615262039660056,0.2765376395155545,0.42866390471258414,1.4382391590013142,1.5615262039660056,1.2765376395155545,1.4286639047125842,2021-08-31,0.3096085116591198,0.23641302641419323,0.013879802471968718,2021-08-31,1.9952448603315716,0.6661374790275741,0.0006143074985355916,2021-08-31,0.9454238308281789,0.4859731930114715,0.011553016224560064,2021-08-31,1.516301879062943,0.602591402756336,0.024389321836584484,50.62500753705764,45.062669273256056,0.012500150741152823,-0.09874661453487889,0.016963625495434453,-0.33817051049494673,0.008248212138189766,-0.4072213293708697,0.008581771531193376,-0.6547408659725856,0.587659893333847,-1.8063166438166873,0.5477886871708325,-2.8974171012934407,-0.6093283752414201,-1.1748142070613041,0.8920712911513622,0.022531060246469267,-0.5078658903228322,0.5882352941176471,0.46438834855755146,0.8546714177904312,0.8708889856153877,1.0,0.20332668111328767,0.18138189494625181,3506.0,9.0,nearest_listed_proxy,pure_direction_quality_causal_calibration
2021-10,2021-09,2021-09,2021-09-30,2021-09,2021-09,2021-09-30,2021-08-31,0.5434837308818355,0.0,-0.003401531923182906,-0.0033907602714079573,2.556347514205893,-0.02696980281040562,0.0030776147928425336,9.2328443785276e-06,1.5388073964212745e-06,0.003931843198272313,0.2490381369633913,0.4434305769319381,0.11059996937426896,0.19693131673040168,0.24788517082394126,0.2768678099645574,0.47524701921150136,2.7755575615628914e-17,Stage30_PureODS_QualityCausal,True,False,0,Optimization terminated successfully,6,-0.005244915168501515,0.006093261477733118,0.0011785560582218213,0.0660478013834665,1.0,0.0005892780291109107,0.0002482947739692544,0.0002482947739692544,1.0773506151437191e-05,0.005244915168501516,0.11892296960075398,-0.1600000000060134,0.0,0.011077030399246027,-6.013384235004082e-12,0.47524701921150136,GLD,0,0.03149187367933564,0.03053041374626055,0.0,0.0,186,0.0,True,0.0032005087297185698,0.003458209707644894,0.01105286778922336,-0.0019842134334975715,-1.1514996000467518e-05,-1.5505891132232613e-05,2.5451770198012658e-05,-9.368244652730179e-05,0.003188993733718102,0.0034427038165126614,0.011078319559421372,-0.0020778958800248735,0.0034668112300392214,0.003770062874538814,0.0088166388485932,0.002795802848415523,-1.0,-1.0,1.0,-1.0,-0.24024503625401442,0.38233070297669497,0.3647878386202532,0.6476173342452778,0.6201225181270072,0.30883464851165254,0.6823939193101266,0.1761913328773611,0.003478326226039689,0.0037855687656710465,0.008791187078395189,0.002889485294942825,0.37813318368873927,0.9046319126452976,0.41150756143667294,0.27517383466391965,1.3781331836887394,1.9046319126452977,1.411507561436673,1.2751738346639196,2021-09-30,-0.5164376350662014,-0.34055975868975047,0.012824063149437438,2021-09-30,0.6189893278154466,0.38233070297669497,0.0009893187732679496,2021-09-30,0.574277164070499,0.3647878386202532,0.013136743915870474,2021-09-30,1.8378240395515228,0.6476173342452778,0.022031239285360937,35.884177320565996,45.10705517581937,-0.28231645358868007,-0.09785889648361262,0.017493996519906352,0.23177441540577717,-0.01100813253543024,0.019231031131144407,0.003738591004797601,-0.12316839423205028,-0.7398889237742851,0.07819363696298459,0.25799264068290395,-0.5433236872792966,-0.3308476434056502,-0.14266552329819632,0.23675658335192326,0.023531444220444245,-0.45665331938797354,0.6521739130434783,0.23447467242871622,0.9766572856995455,0.890625,1.0,0.13301371912655546,0.03149187367933564,3520.0,14.0,nearest_listed_proxy,pure_direction_quality_causal_calibration
2021-11,2021-10,2021-10,2021-10-29,2021-10,2021-10,2021-10-29,2021-09-30,0.5034546006095804,0.0,-0.0031973781139980383,-0.003176094751685608,2.548173904612198,-0.030080948267158902,0.006081090673937016,1.824327202181105e-05,3.0400902906194835e-06,0.004041172546122368,0.23958693282974688,0.4275632021745834,0.11953303171645199,0.21331683327921772,0.24414826725297206,0.27987371455351584,0.47597801819351215,0.0,Stage30_PureODS_QualityCausal,True,False,0,Optimization terminated successfully,5,-0.004862187465807941,0.005689069223059732,0.0011191427429109143,0.0615539742192513,1.0,0.0005595713714554571,0.0002460248601328363,0.0002460248601328363,2.1285525663497218e-05,0.004862187465807941,0.11588663820704685,-0.1600000000000161,0.0,0.014113361792953152,-1.609823385706477e-14,0.47597801819351215,GLD,0,-0.01117871815287211,-0.011055135904454515,0.0,0.0,187,-0.0,True,0.003083597445753203,0.003270443958447597,0.011034650079488745,-0.0012240012992000746,-7.047459019359081e-06,-1.2703820111354336e-05,-1.4051458578844385e-05,-3.177617812162837e-05,0.003076549986733844,0.0032577401383362425,0.011020598620909901,-0.001255777477321703,0.0034066289165499714,0.003470475763217612,0.008164351260462253,0.0030679549435633424,-1.0,-1.0,1.0,-1.0,-0.31059416710214127,-0.44796228326452275,0.18316821729381716,0.642389234583861,0.6552970835510706,0.7239811416322613,0.5915841086469086,0.1788053827080695,0.0034136763755693304,0.0034831795833289666,0.008178402719041097,0.003099731121684971,0.4276794035414725,0.9804694342266597,0.3337644015988714,0.18429815573770492,1.4276794035414726,1.9804694342266598,1.3337644015988714,1.184298155737705,2021-10-29,-1.1025090951265082,-0.5243778006392739,0.01363781108570107,2021-10-31,-0.8114704297988666,-0.44796228326452275,0.0015584979395871696,2021-10-29,0.2242422750581234,0.18316821729381716,0.012249024833990521,2021-10-29,1.7963363989793069,0.642389234583861,0.020368420443007275,39.77632509358408,39.85343987305843,-0.20447349812831844,-0.20293120253883146,0.02234328989994086,0.2952860954639787,0.004670147430216249,0.03432282699103218,-0.010184857802916173,0.08792622526670067,0.34286096388748116,0.14526231645143234,-0.5765362142854786,0.38876727845097275,0.24406164016945675,-0.09388446791725294,-0.0750885861261019,0.031263365689476685,-0.12989039325622773,0.6382978723404256,0.2810615182736666,0.9319582325053959,0.8904239766081872,1.0,0.14887373340734966,-0.01117871815287211,3535.0,13.0,nearest_listed_proxy,pure_direction_quality_causal_calibration
2021-12,2021-11,2021-11,2021-11-30,2021-11,2021-11,2021-11-30,2021-10-31,0.7409570219258977,0.0,0.021961201745179237,0.021988308372491015,2.6041348658131875,-0.008780360295560952,0.009035496494634282,2.7106489483902847e-05,1.3782787525120831e-10,0.0034463104779822048,0.19001561768171168,0.4490355554984322,0.10732460428537584,0.25362422253448025,0.22584984458303614,0.2947595821355309,0.47939057328143303,1.0618679645592293e-18,Stage30_PureODS_QualityCausal,True,False,0,Optimization terminated successfully,19,-0.005221723298484377,0.006078440397747293,0.00117879683502458,0.06586850376282002,1.0,0.00058939841751229,0.00024020903098934354,0.00024020903098934354,2.71096507612812e-05,0.005221723298484378,0.11893511685072226,-0.1600000000396757,0.0,0.01106488314927774,-3.967570716412183e-11,0.47939057328143303,GLD,0,-0.040800059484344044,-0.039200669823710524,0.0,0.0,188,-0.0,True,0.0023297468320453733,0.0034958939019599875,0.011257551943636672,-0.0032979507657132146,-4.426480655704997e-05,-3.764948645243443e-05,0.00027188124859392276,-0.0002378357854296932,0.0022854820254883234,0.003458244415507553,0.011529433192230595,-0.0035357865511429078,0.002569422500971512,0.003417289930664296,0.009367847478719056,0.00182227961085274,-1.0,1.0,1.0,-1.0,-0.4914029728328584,-0.6519425871681515,0.4465448999327716,0.5889260419751396,0.7457014864164292,0.17402870641592427,0.7232724499663858,0.20553697901243018,0.002613687307528562,0.0034549394171167307,0.009095966230125133,0.002060115396282433,0.5889177649897902,0.9634953824708137,0.34452503509592886,0.8926114649681529,1.58891776498979,1.9634953824708137,1.3445250350959288,1.892611464968153,2021-11-30,-2.250668133757477,-0.6923709345733516,0.016446813338834975,2021-11-30,-1.8730892178501426,-0.6519425871681515,0.0013680818562804063,2021-11-30,0.80683130371105,0.4465448999327716,0.012328875688530394,2021-11-30,1.432652276988861,0.5889260419751396,0.04134420028441501,33.014886192358,27.893214611380824,-0.33970227615284004,-0.44213570777238353,0.02680343441100594,0.36475452196382435,-0.008825917572718056,0.11161095948091358,-0.006201987384795642,0.17847148561386417,-0.5901732494657088,0.4877964744405824,-0.3363966361031442,0.7913502879544984,-0.051188387512563216,0.22747682592567708,-0.08814421920655693,0.0701558197933257,0.8018151961504808,0.5882352941176471,0.9999999999999998,0.9224338449316707,0.8530621115114335,1.0,0.4628784491100124,-0.040800059484344044,3552.0,9.0,nearest_listed_proxy,pure_direction_quality_causal_calibration
2022-01,2021-12,2021-12,2021-12-30,2021-12,2021-12,2021-12-30,2021-11-30,0.45947440200568523,0.0,-0.01617278479242573,-0.016169183699201898,2.5620187530579384,-0.024811142210526604,0.0010289421251406532,3.0868263754219595e-06,5.142668484090782e-07,0.003831032130988521,0.15219498085738078,0.4232666979857632,0.11227959052214144,0.31225873063471454,0.23482396075202447,0.287417095608467,0.47775894363950855,4.865093780751191e-19,Stage30_PureODS_QualityCausal,True,False,0,Optimization terminated successfully,10,-0.005548205600413374,0.006270473585116522,0.0009551384014094928,0.0695148526129413,1.0,0.0004775692007047464,0.00024109518142862894,0.00024109518142862894,3.6036025697712083e-06,0.005548205600413374,0.10705914634870724,-0.16000000001142758,0.0,0.022940853651292767,-1.1427581103617968e-11,0.47775894363950855,GLD,0,0.06581840897523504,0.06175386765792331,0.0,0.0,189,0.0,True,0.0032122687885963123,0.003495726896063998,0.011497928081636365,-0.0028817952423425943,-6.984795038211224e-06,-8.33768833346418e-06,-8.606475790173583e-05,-1.8835613463317063e-05,0.003205283993558101,0.0034873892077305338,0.011411863323734629,-0.0029006308558059113,0.00348301488169315,0.003606227671208886,0.009243336646376821,0.00199563859283907,-1.0,-1.0,1.0,-1.0,-0.10230335539493966,-0.291162492556357,0.43431430625465334,0.45878008664337183,0.5511516776974699,0.6455812462781785,0.7171571531273266,0.2706099566783141,0.003489999676731361,0.00361456535954235,0.009329401404278558,0.002014474206302387,0.34784618228877795,0.777209705372617,0.08833798882681564,0.6036230048137826,1.347846182288778,1.777209705372617,1.0883379888268156,1.6036230048137825,2021-12-30,-1.5428266458617013,-0.6067368565499971,0.012367307870917454,2021-12-31,-0.4107605614810193,-0.291162492556357,0.0008085098193261744,2021-12-31,0.7677661129789284,0.43431430625465334,0.009042528687931237,2021-12-31,0.8476777652138348,0.45878008664337183,0.02783899138512581,53.79972299378289,61.19161652447601,0.07599445987565787,0.22383233048952023,0.01603485943129468,0.13452833604924852,-0.009855747483409455,-0.15802141405879078,0.013108130982348191,-0.1430966289713648,-0.6635694634474825,-0.7075637063812114,0.8225911986002802,-0.6357800595818879,-0.6855665849143469,0.09340556950919615,0.2960805077025753,0.023200542620264157,-0.4722081381035245,0.6521739130434783,0.39220478329604763,0.9725079758124909,0.8936512811512812,1.0,0.22229902767308227,0.06581840897523504,3569.0,14.0,nearest_listed_proxy,pure_direction_quality_causal_calibration
2022-02,2022-01,2022-01,2022-01-28,2022-01,2022-01,2022-01-28,2021-12-31,0.6013959164657002,0.8255141388174807,0.0256822567247568,0.025736023629068606,2.6278171764076137,0.0,0.016172175498618102,4.851652649585431e-05,5.250377815950003e-06,0.004051538929558311,0.17021973081403446,0.4189012602951388,0.11871876124945764,0.2921602476413691,0.21434132326149283,0.3043054450271375,0.48135323171136973,0.0,Stage30_PureODS_QualityCausal,True,False,0,Optimization terminated successfully,8,-0.005552787852880985,0.006360530340590795,0.0010354442452125208,0.07011369861581442,1.0,0.0005177221226062604,0.00023625196051789665,0.00023625196051789665,5.376840458565352e-05,0.005552787852880985,0.11146896851837398,-0.16000000000000106,0.0,0.01853103148162602,-1.0547118733938987e-15,0.48135323171136973,GLD,0,0.05210265451324494,0.04952240571748221,0.0,0.0,190,0.0,True,0.0024035389806433796,0.0032743759974873153,0.011364125650560015,-0.0008358849104574697,1.5972591002323732e-05,6.706039964431873e-06,9.776086761458067e-05,-6.998734864792539e-06,0.0024195115716457035,0.0032810820374517473,0.011461886518174596,-0.0008428836453222622,0.0028990060488222604,0.003638922306514207,0.009622475493874972,0.00286980354707972,-1.0,-1.0,1.0,-1.0,-0.41808920868927996,-0.07911133098208505,0.4969191903005137,0.5192818605189742,0.70904460434464,0.5395556654910425,0.7484595951502568,0.2403590697405129,0.0028830334578199366,0.003632216266549775,0.00952471462626039,0.0028768022819445124,0.6585298452468681,0.7739182899500087,0.17180259499536607,0.2993445928913537,1.6585298452468682,1.7739182899500086,1.171802594995366,1.2993445928913536,2022-01-28,-1.1880946792954137,-0.5429813849179465,0.018391168508392054,2022-01-31,-0.08590759517809424,-0.07911133098208505,0.0008087687888417991,2022-01-31,0.9877522273158196,0.4969191903005137,0.01017683610802846,2022-01-31,1.0802210648418238,0.5192818605189742,0.022388249739658705,32.86432416184127,31.571363780664065,-0.34271351676317463,-0.36857272438671873,0.03714749366685338,0.15436839176405132,0.008818006137179278,-0.05520729231411804,-0.010828214402754797,-0.14667083019330124,0.6322508139220346,-0.25169652913660495,-0.6185441900843527,-0.650636118502201,0.19027714239271484,-0.6345901542932768,0.22215650595028097,0.049439358901573534,0.40123969364453,0.6382978723404256,0.462949905719474,0.9328968913975192,0.850765306122449,1.0,0.23453130166219668,0.05210265451324494,3584.0,13.0,nearest_listed_proxy,pure_direction_quality_causal_calibration
2022-03,2022-02,2022-02,2022-02-28,2022-02,2022-02,2022-02-28,2022-01-31,0.6071226894086899,0.41415759128763613,0.003574457193655898,0.0036180503780186874,2.637210196417436,0.0,0.012456886375605505,3.737065912681652e-05,6.222525235973137e-06,0.004553951404198857,0.17564373557926424,0.4380952237797689,0.11054265181041725,0.2757183888305496,0.20753487543177104,0.3081923651363593,0.48427275943186965,0.0,Stage30_PureODS_QualityCausal,True,False,0,Optimization terminated successfully,12,-0.00593761812529002,0.006768487033214579,0.0011043590831822964,0.07459568989948116,1.0,0.0005521795415911482,0.00023509461857622348,0.00023509461857622348,4.359474775718726e-05,0.00593761812529002,0.11511867354251246,-0.16000000030522937,0.0,0.014881326457487548,-3.052293695571251e-10,0.48427275943186965,GLD,0,-0.02349920972591179,-0.022959675496187992,0.0,0.0,191,-0.0,True,0.0021934569600313264,0.003178674165667743,0.011888644315405893,0.000955030175690463,2.4150482818939453e-06,-1.3927067958218318e-05,0.00011072869532268258,-6.594453938842026e-06,0.0021958720083132205,0.0031647470977095244,0.011999373010728575,0.000948435721751621,0.0031316287993993475,0.0035970206552370576,0.010345389947451045,0.0037075528013316445,-1.0,-1.0,1.0,-1.0,-0.2071518800662648,-0.3713652121673597,0.5489973245504717,0.5333022894327504,0.6035759400331324,0.6856826060836798,0.7744986622752359,0.2333488552836248,0.0031292137511174534,0.003610947723195276,0.010234661252128362,0.0037141472552704867,0.6559228650137741,0.9012695144964831,0.2833910034602076,0.6285750125439037,1.655922865013774,1.901269514496483,1.2833910034602076,1.6285750125439038,2022-02-28,-1.1927175217739507,-0.5439449039514307,0.018292593292236394,2022-02-28,-0.5907487453052426,-0.3713652121673597,0.0010028046093828746,2022-02-28,1.2172817467285955,0.5489973245504717,0.011508030028421183,2022-02-28,1.142714603816132,0.5333022894327504,0.02850101013604516,43.92491175892545,52.19955142870637,-0.12150176482149107,0.04399102857412743,0.03110679377499348,0.2577950347099659,0.008514180063888502,-0.019990681316881136,-0.00163333746145943,-0.02277769181246401,0.6124787070772861,-0.09523677514950787,-0.061578349143743716,-0.10179757602312138,0.2586209659638891,-0.08168796258343256,-0.08846650169022828,0.05978441225559997,0.6200912611651839,0.6,0.5371160467467431,0.9257214359272468,0.8903785833752739,1.0,0.2656283370195414,-0.02349920972591179,3597.0,10.0,nearest_listed_proxy,pure_direction_quality_causal_calibration
2022-04,2022-03,2022-03,2022-03-31,2022-03,2022-03,2022-03-31,2022-02-28,0.4695138288913202,0.3217695735200509,-0.0068014132912656376,-0.00678309343117287,2.6192734399356614,-0.006801413291265601,0.005234311444047304,1.5702934332141915e-05,2.616925760624944e-06,0.004707805288790901,0.1830138575401044,0.44923216988012954,0.106452346442006,0.26130162613776003,0.20848003480956134,0.30741184592261583,0.4841081192678228,0.0,Stage30_PureODS_QualityCausal,True,False,0,Optimization terminated successfully,6,-0.005829064588741694,0.006686533138524146,0.001210179305065737,0.07297732183189533,1.0,0.0006050896525328685,0.00023405657566450606,0.00023405657566450606,1.8322321585076932e-05,0.005829064588741694,0.12050789045033045,-0.16000000000011774,0.0,0.009492109549669558,-1.1773915176149785e-13,0.4841081192678228,GLD,0,-0.14781352582790538,-0.1287783446542757,0.0,0.0,192,-0.0,True,0.0022255080285399536,0.0029427654978908925,0.011884515805780076,0.0017784318229526795,6.262772203930588e-08,2.784530642413343e-06,-6.738643327466099e-05,1.2215531173815472e-05,0.0022255706562619927,0.002945550028533306,0.011817129372505415,0.001790647354126495,0.0032930853315651432,0.003212234991193145,0.01035411575697126,0.004084755977152425,-1.0,-1.0,1.0,-1.0,-0.13989779355013252,-0.6978142203538038,0.5922885249249465,0.5662793766512704,0.5699488967750662,0.8489071101769019,0.7961442624624733,0.21686031167436481,0.003293022703843104,0.0032094504605507316,0.010421502190245922,0.0040725404459786094,0.4384376143432126,0.9954778156996587,0.5042450665442864,0.9370167123971065,1.4384376143432127,1.9954778156996587,1.5042450665442864,1.9370167123971065,2022-03-31,-1.1741771395790213,-0.5400558759468758,0.013898350468269037,2022-03-31,-2.309222562262246,-0.6978142203538038,0.0019952061565721756,2022-03-31,1.452714875920319,0.5922885249249465,0.014030238857239627,2022-03-31,1.3056316581837006,0.5662793766512704,0.05031763695014423,55.085264014771695,50.932860750052214,0.10170528029543391,0.018657215001044277,0.020744727534239255,0.3599660008499787,0.0012141461952742492,0.20852377496731184,0.009317964195980112,0.18079777232290212,0.10531790461169536,0.9236960812364678,0.5992949255202529,0.8059522301062193,0.5145069929240816,0.7026235778132361,-0.608565285368659,0.022942993655074465,-0.4891144318641377,0.6521739130434783,0.43194596224591253,0.9729199405141207,0.8862108341159396,1.0,0.2428885271337197,-0.14781352582790538,3614.0,14.0,nearest_listed_proxy,pure_direction_quality_causal_calibration
2022-05,2022-04,2022-04,2022-04-29,2022-04,2022-04,2022-04-29,2022-03-31,0.6377155193479903,0.0,-0.012585502807057685,-0.012567849138566354,2.5863085667048993,-0.019301316892254228,0.0050439775027174005,1.5131932508152201e-05,2.5217359831795626e-06,0.004405766638108816,0.12551307932761085,0.3515762237044147,0.13756781250949984,0.3853428844584746,0.20402356785747727,0.3110924437970616,0.48488398834546115,0.0,Stage30_PureODS_QualityCausal,True,False,0,Optimization terminated successfully,7,-0.006041627993040071,0.006880472853852995,0.0011779316062196174,0.07549808460891823,1.0,0.0005889658031098087,0.00023222296638805378,0.00023222296638805378,1.7656091315060563e-05,0.006041627993040071,0.1188914600576316,-0.16000000000000408,0.0,0.011108539942368406,-4.08006961549745e-15,0.48488398834546115,GLD,0,0.16232874258257493,0.1396582022241807,0.0,0.0,193,0.0,True,0.0024808838088409115,0.0030016462473024174,0.011949834398856846,0.00019070209743509044,-1.1857962816270774e-05,-3.351295027336159e-05,0.00021119429463274864,-7.233240648998102e-05,0.0024690258460246407,0.002968133297029056,0.012161028693489595,0.00011836969094510941,0.0032237656429340636,0.0031789446207714472,0.010793928363221262,0.003673991934203508,-1.0,-1.0,1.0,-1.0,-0.2158070242680954,-0.6997247171642869,0.6375694456559924,0.687102158910277,0.6079035121340477,0.8498623585821434,0.8187847228279962,0.15644892054486148,0.0032356236057503344,0.003212457571044809,0.010582734068588513,0.003746324340693489,0.4210862037543284,0.9769949066213922,0.3555276381909548,0.8442541573591462,1.4210862037543284,1.976994906621392,1.3555276381909547,1.8442541573591462,2022-04-29,-1.5404317832508696,-0.6063661277610267,0.0135736484417086,2022-04-30,-2.3302774392760157,-0.6997247171642869,0.0015882661119987886,2022-04-29,1.7591492715341868,0.6375694456559924,0.012362453699323908,2022-04-29,2.1959312870850125,0.687102158910277,0.037016152684957615,48.9737424576717,48.97351029016533,-0.02052515084656605,-0.020529794196693416,0.017615808176960207,0.08009422850412246,-0.011215010705857445,-0.09200254169116107,-0.001522264425921932,-0.15508050133175955,-0.7615810632090294,-0.41753718649773586,-0.05663344644926813,-0.692185495179866,-0.5895591248533827,-0.3744094708145671,0.4819842978339749,0.02839578343971335,-0.24120033000476912,0.6382978723404256,0.6227488854300057,0.9731495324606199,0.8706560066854185,1.0,0.3367925953440312,0.16232874258257493,3630.0,13.0,nearest_listed_proxy,pure_direction_quality_causal_calibration
2022-06,2022-05,2022-05,2022-05-31,2022-05,2022-05,2022-05-31,2022-04-30,0.4639325979169153,0.868785399622404,-0.02409617659669184,-0.024072874783050823,2.5239884187480413,-0.04293240554856148,0.006657689637017891,1.9973068911053675e-05,3.3287447299624877e-06,0.004862758751857501,0.13257758464813105,0.43844667875584903,0.09959746139599293,0.329378275200027,0.19914511977092936,0.3151227576141975,0.4857321226148732,2.810926788488653e-17,Stage30_PureODS_QualityCausal,True,False,0,Optimization terminated successfully,9,-0.005764388658652491,0.0066542412880304085,0.0012711643626398268,0.07222390928052594,1.0,0.0006355821813199134,0.0002309659046617973,0.0002309659046617973,2.330454339620758e-05,0.005764388658652491,0.12350697288686951,-0.16000000000162243,0.0,0.0064930271131304895,-1.6224244170359725e-12,0.4857321226148732,GLD,0,-0.008495251090132059,-0.008423689730763852,0.0,0.0,194,-0.0,True,0.0017617283549477571,0.0028422495460951164,0.011732526421813095,0.0031145306845740323,1.7816970303919078e-05,2.1116396120000027e-05,-8.274868122980275e-05,5.633521472701803e-05,0.0017795453252516763,0.0028633659422151164,0.011649777740583293,0.0031708658993010504,0.003104023094479681,0.003223026391200375,0.010335823057827136,0.00472587431317491,-1.0,-1.0,1.0,-1.0,-0.14578214354307467,-0.643990289220632,0.6174675051959513,0.778953722313991,0.5728910717715373,0.821995144610316,0.8087337525979756,0.11052313884300452,0.003086206124175762,0.003201909995080375,0.010418571739056939,0.0046695390984478925,0.48320014529604066,0.9600574227326465,0.5504660150034099,0.7188888888888889,1.4832001452960406,1.9600574227326466,1.5504660150034097,1.718888888888889,2022-05-31,-1.868766140239445,-0.6514180832054391,0.014551660059505813,2022-05-31,-1.8089121440278235,-0.643990289220632,0.00141155980196575,2022-05-31,1.6141570025632663,0.6174675051959513,0.014617504235689773,2022-05-31,3.5239395590296994,0.778953722313991,0.031635299064316044,55.3310216951263,55.372560933684454,0.10662043390252605,0.10745121867368908,0.016934182799176606,0.1384736428009441,0.009044356384550006,-0.04796028230086755,0.003836926584400529,-0.11912665789251374,0.6533719584855959,-0.22114975613499355,0.2685192415224506,-0.5334645573737964,0.2161111011753012,-0.1324726579256729,-0.04181922162481415,0.02052109803613691,-0.6187046714840655,0.5882352941176471,0.42206022595570386,0.9201654859326444,0.8892191957428133,1.0,0.20314225755677998,-0.008495251090132059,3646.0,9.0,nearest_listed_proxy,pure_direction_quality_causal_calibration
2022-07,2022-06,2022-06,2022-06-30,2022-06,2022-06,2022-06-30,2022-05-31,0.5121129463995405,0.0,0.011086578982928044,0.011157462430991529,2.551970815704487,-0.032321800070674755,0.021968488121558244,6.590546436467474e-05,4.977983698808822e-06,0.004131835631234109,0.09451506452293369,0.34414480372286416,0.12094814824120569,0.44039198351299647,0.16778263159036286,0.34122973153543257,0.49098763687420466,0.0,Stage30_PureODS_QualityCausal,True,False,0,Optimization terminated successfully,9,-0.005297426974896123,0.0061642009001325266,0.001136283866551368,0.0671527076022821,1.0,0.000568141933275684,0.00022774704370021864,0.00022774704370021864,7.088494826050044e-05,0.005297426974896123,0.11677074290513192,-0.15999999999999204,0.0,0.01322925709486808,7.965850201685498e-15,0.49098763687420466,GLD,0,-0.09506425730002098,-0.08681157901583823,0.0,0.0,195,-0.0,True,0.0010185450576107404,0.0028850139443163843,0.011806947208439562,0.0008168363145697475,-3.2707920593168693e-06,-1.0605448033172322e-05,-2.1755916853389082e-05,-1.0905708736738663e-05,0.0010152742655514236,0.0028744084962832117,0.011785191291586174,0.0008059306058330088,0.0018900458137270841,0.003084819082652465,0.009764914006375578,0.0036914839219496275,-1.0,-1.0,1.0,-1.0,-0.43804053782389646,-0.662484878829128,0.47355103182846764,0.7409073369101854,0.7190202689119483,0.831242439414564,0.7367755159142338,0.1295463315449073,0.001893316605786401,0.0030954245306856376,0.009786669923228967,0.0037023896306863664,0.7286463988418386,0.9807595362124013,0.2736425339366516,0.8269466961434537,1.7286463988418386,1.9807595362124013,1.2736425339366515,1.8269466961434537,2022-06-30,-1.874503953811322,-0.6521138895376734,0.020937121547622305,2022-06-30,-1.9628302178904018,-0.662484878829128,0.0017133608977951817,2022-06-30,0.8995193465250957,0.47355103182846764,0.01145709507009569,2022-06-30,2.85962299385278,0.7409073369101854,0.03599848630528297,31.680051210242162,35.21956259305704,-0.36639897579515673,-0.2956087481388592,0.023222593880335318,0.31740709695445657,0.010436564211995819,0.0307172788524788,-0.0038183952462475974,0.07786493261432603,0.7528557968022404,0.130979450703667,-0.19212071233766864,0.3483065579879567,0.4419176237529537,0.07809292282514402,-0.2600052732890489,0.04928608750262803,0.3994452616343732,0.6521739130434783,0.6556785496690107,0.9559672051632225,0.8944121915820029,1.0,0.36562434329682875,-0.09506425730002098,3662.0,14.0,nearest_listed_proxy,pure_direction_quality_causal_calibration
2022-08,2022-07,2022-07,2022-07-29,2022-07,2022-07,2022-07-29,2022-06-30,0.4802980715205215,0.6426342072409488,-0.017660615278933648,-0.017660607987741685,2.5069014409252635,-0.04941159247343763,2.0939100682793037e-06,6.281730204837911e-09,1.0094617564349044e-09,0.0039625479732674235,0.08497869142227482,0.32407789562344264,0.122764428022413,0.46817898493186955,0.17263590075092342,0.3426442644295858,0.4847198348194908,9.775910811277675e-22,Stage30_PureODS_QualityCausal,True,False,0,Optimization terminated successfully,2,-0.004694266463080012,0.005481192074950937,0.0011288095683864693,0.05900144748909243,1.0,0.0005644047841932347,0.00022250983678152923,0.00022250983678152923,1.0990896160678088e-08,0.004694266463080012,0.1163860593913104,-0.15773672755549475,0.0,0.013613940608689604,0.0022632724445052488,0.4847198348194908,GLD,0,-0.19152158826065524,-0.16073698550458687,0.0,0.0,196,-0.0,True,0.0015573608897859483,0.003063490293783417,0.011710052368681138,-0.00048071165918080845,2.191545302989911e-06,4.75399026515374e-06,-8.768287792708333e-05,2.94637912199464e-05,0.0015595524350889383,0.003068244284048571,0.011622369490754054,-0.00045124786796086204,0.00268190741738775,0.0034105430009764254,0.007941898180787603,0.0030183919460026417,-1.0,-1.0,1.0,-1.0,-0.06672126255208533,-0.23853891749346043,0.04989500563686596,0.5617542529477332,0.5333606312760426,0.6192694587467302,0.5249475028184329,0.2191228735261334,0.0026797158720847604,0.0034057890107112715,0.008029581058714687,0.0029889281547826954,0.5167658193618172,0.979856235372785,0.30777027027027026,0.8248594475678318,1.5167658193618172,1.979856235372785,1.3077702702702703,1.8248594475678317,2022-07-29,-1.7457641863471056,-0.6358026647108489,0.015048685971173861,2022-07-31,-0.31326475242602014,-0.23853891749346043,0.001761145381138978,2022-07-29,0.05251525455911442,0.04989500563686596,0.01189198913301566,2022-07-29,1.2818247677843098,0.5617542529477332,0.03606298800055394,58.1802323034316,63.601711549298045,0.16360464606863204,0.2720342309859609,0.017946880300611284,0.2688533781889544,0.01449546583948503,0.03106447713866947,0.020008059525529462,0.11573537770050267,1.03635931262287,0.13365820016645255,1.254442185484414,0.5206086004357985,0.5850087563946613,0.8875253929601064,-0.7362670746773838,0.02395165930242874,-0.44178152890212985,0.6382978723404256,0.4644313256346617,0.9663315293356759,0.9080532212885154,1.0,0.2601251568183676,-0.19152158826065524,3678.0,13.0,nearest_listed_proxy,pure_direction_quality_causal_calibration
2022-09,2022-08,2022-08,2022-08-30,2022-08,2022-08,2022-08-31,2022-07-31,0.49827735601106016,0.685208203853325,0.004808335823273936,0.004808338294202054,2.5189554649290815,-0.044840844180338735,7.985457755460559e-07,2.3956373266381677e-09,7.52907911572011e-11,0.003616330924654219,0.07887927916540304,0.2593595408692252,0.15432659341104318,0.5074345865543286,0.17310034431490168,0.3393100282619049,0.4875896274231935,1.3086083053573526e-21,Stage30_PureODS_QualityCausal,True,False,0,Optimization terminated successfully,1,-0.00356516033943195,0.004330769623833715,0.0010801746623353699,0.04548818751199235,1.0,0.0005400873311676849,0.000225514723744346,0.000225514723744346,7.229489733483013e-09,0.00356516033943195,0.1138512009072563,-0.15894705260298508,0.0,0.016148799092743707,0.0010529473970149195,0.4875896274231935,GLD,0,-0.4042321614776692,-0.2878670440451221,0.0,0.0,197,-0.0,True,0.0019754682022432137,0.002847016880662726,0.011318233327622457,-0.0016753947119115217,2.086413832166275e-06,-2.8347876953991167e-06,-5.88549266765739e-05,2.261270606761454e-05,0.00197755461607538,0.0028441820929673268,0.011259378400945883,-0.0016527820058439072,0.002677208697391979,0.0032539133525862837,0.005667180533531239,0.0017390248245589884,-1.0,-1.0,1.0,-1.0,-0.1472119248482152,0.06518596097145345,-0.4521601481887036,0.2819284533444303,0.5736059624241076,0.46740701951427327,0.2739199259056482,0.35903577332778486,0.002675122283559813,0.003256748140281683,0.005726035460207813,0.0017164121184913739,0.3985455198419824,0.9896058539830368,0.21588617521846293,0.8382352941176471,1.3985455198419823,1.9896058539830368,1.2158861752184629,1.8382352941176472,2022-08-31,-1.434569278802512,-0.5892497253182014,0.013296987354543977,2022-08-31,0.06973147412205567,0.06518596097145345,0.0019639885311414354,2022-08-31,-0.8253509610404363,-0.4521601481887036,0.010844706342545871,2022-08-31,0.39261888966011366,0.2819284533444303,0.03703068391548235,48.94132007199076,58.439377466687034,-0.021173598560184814,0.16878754933374068,0.055435791836813963,0.28728552573691146,0.03544829169741014,0.17877146179403275,0.054514176504406875,0.335109362116346,2.5043319981998207,0.7970188607885458,3.3356740102144666,1.5051839027176623,1.6506754294941832,2.4204289564660644,-2.035552192980124,0.025137843952276948,-0.38420210424790335,0.5769230769230769,0.4062788344284664,0.9460752776535069,0.8955314009661836,1.0,0.19858599689642856,-0.4042321614776692,3695.0,8.0,nearest_listed_proxy,pure_direction_quality_causal_calibration
2022-10,2022-09,2022-09,2022-09-30,2022-09,2022-09,2022-09-30,2022-08-31,0.6576988693434476,0.2744430693069307,-0.0031807925385132674,-0.0031161647742164664,2.510943190181388,-0.04787900729626238,0.018465308976302566,5.53959269289077e-05,9.231837367893375e-06,0.003523681390731477,0.09132192217554853,0.26332898430818996,0.16617614283993126,0.4791729506763303,0.15529761557349864,0.3518334868675566,0.49286889755894475,3.268021377276717e-20,Stage30_PureODS_QualityCausal,True,False,0,Optimization terminated successfully,10,-0.0035789975383116604,0.004537476151499269,0.001338673938318002,0.046417670188083224,1.0,0.000669336969159001,0.0002245119571206938,0.0002245119571206938,6.462968690791439e-05,0.0035789975383116604,0.12674418037849322,-0.16000000005728846,0.0,0.0032558196215067836,-5.728845176022901e-11,0.49286889755894475,GLD,0,0.06781981912352157,0.06351241839581966,0.0,0.0,198,0.0,True,0.001089717732185961,0.0026693233757976833,0.011571606450149492,-0.0012359219952072283,-2.4229136189268475e-08,-1.7586430461787262e-05,0.000270150166358218,-3.2822576993896765e-05,0.0010896935030497716,0.002651736945335896,0.01184175661650771,-0.001268744572201125,0.001670805562799504,0.0029577833837999066,0.00656839335211075,0.0008943722574843733,-1.0,-1.0,1.0,-1.0,-0.522497340739268,-0.28356395535722406,-0.31049015130324875,-0.0910516468342746,0.761248670369634,0.641781977678612,0.3447549243483756,0.5455258234171373,0.0016708297919356934,0.002975369814261694,0.006298243185752532,0.00092719483447827,0.6690821256038647,0.999917259639252,0.5059099018733274,0.8463119709794438,1.6690821256038646,1.999917259639252,1.5059099018733275,1.8463119709794438,2022-09-30,-1.5794031474511974,-0.6123134140593197,0.018649038192697972,2022-09-30,-0.39579800245618946,-0.28356395535722406,0.003375386866653078,2022-09-30,-0.4503056075125091,-0.31049015130324875,0.013946493026063819,2022-09-30,-0.10017251972255178,-0.0910516468342746,0.03759999470570717,21.940507160906183,30.3005624311696,-0.5611898567818764,-0.39398875137660805,0.025851777525973674,0.20461354104254034,-0.006489191172175961,0.12425615972405542,-0.02152896546846466,0.09368387590675918,-0.4310223624878561,0.5531803056444712,-1.266707618704574,0.42133922310467486,0.06107897157830755,-0.4226841977999496,0.18080261311082102,0.059001553306240344,0.6133463807332609,0.6382978723404256,0.689538190125557,0.9591629719602921,0.8885416666666667,1.0,0.3751041976475868,0.06781981912352157,3710.0,13.0,nearest_listed_proxy,pure_direction_quality_causal_calibration
2022-11,2022-10,2022-10,2022-10-31,2022-10,2022-10,2022-10-31,2022-09-30,0.6218372257529738,0.0,0.01039778860783541,0.01039779369152561,2.537051446679178,-0.03797905448504657,1.4524829138468091e-06,4.357448741540428e-09,7.262414569164661e-10,0.003487558075574811,0.06253677911134621,0.17558453052906844,0.20008893551193788,0.5617897548476475,0.16421391566935195,0.35147736244474875,0.4843087218858993,3.5923042493934385e-20,Stage30_PureODS_QualityCausal,True,False,0,Optimization terminated successfully,2,-0.0045687375829714955,0.005456259845170661,0.0013385343789195864,0.057443911868530415,1.0,0.0006692671894597932,0.0002182462530946113,0.0002182462530946113,8.819644760845642e-09,0.0045687375829714955,0.1267375735409,-0.15704716492236856,0.0,0.003262426459099993,0.002952835077631444,0.4843087218858993,GLD,0,0.07715530944651419,0.07162876956542107,0.0,0.0,199,0.0,True,0.002244645166379307,0.0027595693753309867,0.01123786881390597,-0.002291851053317018,-2.17320552119061e-07,-1.2564638564305327e-05,0.00019386700553840653,-2.709568123377465e-05,0.002244427845827188,0.0027470047367666815,0.011431735819444377,-0.0023189467345507927,0.0027952629273665292,0.0028871751998322,0.008222982305339865,-0.0003100471808512636,-1.0,-1.0,1.0,-1.0,-0.1136384899310791,-0.6149103330351929,0.1719677771796185,-0.30480797988263386,0.5568192449655396,0.8074551665175964,0.5859838885898092,0.652403989941317,0.002795480247918648,0.002899739838396505,0.008029115299801458,-0.0002829514996174889,0.5940620542082738,0.9944846888376687,0.5197558268590455,0.6021414821944177,1.594062054208274,1.9944846888376686,1.5197558268590456,1.6021414821944178,2022-10-31,-1.5297350237097358,-0.6047016819439264,0.016575572850480974,2022-10-31,-1.5967978000598726,-0.6149103330351929,0.0026242589772098577,2022-10-31,0.20768246988489736,0.1719677771796185,0.014124239044663582,2022-10-31,-0.438451494065157,-0.30480797988263386,0.028459831991808883,56.6587643859368,56.53054622159765,0.13317528771873596,0.13061092443195307,0.00897941709119865,-0.04515173945225749,0.005035401828885292,-0.10515559033363109,-0.008327250914547269,-0.11952709973069925,0.3753692455306044,-0.48009061939621234,-0.46288585651027864,-0.5365464079086664,-0.05236068693280396,-0.49971613220947253,0.27603840957113823,0.04113593637922548,0.19045453284128994,0.6,0.5324071755539362,0.9541595920089041,0.917022792022792,1.0,0.27950932468559375,0.07715530944651419,3725.0,10.0,nearest_listed_proxy,pure_direction_quality_causal_calibration
2022-12,2022-11,2022-11,2022-11-29,2022-11,2022-11,2022-11-30,2022-10-31,0.4375216801643149,0.5346200980392157,-0.00656406253281474,-0.006564059041437804,2.520398082334208,-0.04429382012928418,9.975362675051922e-07,2.9926088025155767e-09,4.987681337803449e-10,0.0032188986707833655,0.050399070352980246,0.12800064530350122,0.23210737965743594,0.5894929046860826,0.17599276120630009,0.3551843912620047,0.4688228475316953,2.77594764894842e-17,Stage30_PureODS_QualityCausal,True,False,0,Optimization terminated successfully,1,-0.004528368373341787,0.0054027141156193365,0.001333423265205982,0.05683202979619614,1.0,0.000666711632602991,0.0002076264279103216,0.0002076264279103216,7.681764236583654e-09,0.004528368373341787,0.12649537217808318,-0.15142954988615126,0.0,0.0035046278219168225,0.008570450113848743,0.4688228475316953,GLD,0,-0.3504818395877018,-0.2595235487910766,0.0,0.0,200,-0.0,True,0.0035558653415264582,0.0030279033819685447,0.010741082600302399,-0.004449256640663939,1.024551264282422e-07,1.6972540054954638e-06,-0.00016230902346446975,3.439932984332856e-05,0.0035559677966528866,0.0030296006359740403,0.01057877357683793,-0.00441485731082061,0.003383006399450333,0.003075180011411064,0.007924258720296697,-0.001930009107229849,1.0,-1.0,1.0,-1.0,-0.02657866323177767,-0.5227172804119236,0.2942169770339663,-0.35190457087344357,0.48671066838411114,0.7613586402059618,0.6471084885169831,0.6759522854367218,0.0033829039443239047,0.0030734827574055686,0.008086567743761167,-0.0019644084370731775,0.44644760213143875,0.9461828309305373,0.6538886433937251,0.8299018434282979,1.4464476021314387,1.9461828309305373,1.6538886433937252,1.8299018434282979,2022-11-30,-0.5366358064388714,-0.349227711725992,0.014091152683519851,2022-11-30,-1.0951942296655113,-0.5227172804119236,0.0015565354909732702,2022-11-30,0.4168660444643845,0.2942169770339663,0.015996714876086095,2022-11-30,-0.5429826458546518,-0.35190457087344357,0.036640872298637536,61.623907450604264,51.850678650928685,0.23247814901208527,0.037013573018573706,0.03899374927785029,-0.054659850570192806,0.03800255077608178,-0.020141998791822987,0.042987211328600686,-0.16742658609697628,2.686974744624749,-0.0969411194837789,2.6384212506672347,-0.7532984499230868,1.295016812570485,0.9425614003720739,-1.1187891064712794,0.028421735341335456,-0.24267766581866806,0.5769230769230769,0.6910003704369941,0.9568992356026851,0.8212112527197113,1.0,0.3132689061418735,-0.3504818395877018,3742.0,8.0,nearest_listed_proxy,pure_direction_quality_causal_calibration
2023-01,2022-12,2022-12,2022-12-29,2022-12,2022-12,2022-12-29,2022-11-30,0.6167168777789659,0.0,0.03479235329095639,0.034792356570817015,2.608088662848629,-0.011042553076871853,9.371030355864835e-07,2.8113091067594507e-09,4.68551517779348e-10,0.0028680149704521374,0.05301434543052994,0.1069459519857243,0.2784075529207476,0.5616321496629981,0.16152765100889876,0.359389439653052,0.47908290933804926,2.654860316190093e-17,Stage30_PureODS_QualityCausal,True,False,0,Optimization terminated successfully,1,-0.004498218765697443,0.005393076145605048,0.0013671784748436567,0.05651384289819864,1.0,0.0006835892374218284,0.00021126056815550263,0.00021126056815550263,7.574330275112549e-09,0.004498218765697443,0.12808646180656205,-0.1539716649459034,0.0,0.0019135381934379525,0.006028335054096612,0.47908290933804926,GLD,0,0.2457530054550611,0.19727265708284603,0.0,0.0,201,0.0,True,0.003084544049552964,0.0030659840246750154,0.010431683393632341,-0.00511015158605177,-1.0074267551670131e-07,-1.2065965418179487e-05,0.0001560621340419699,-3.079951734484284e-05,0.003084443306877447,0.003053918059256836,0.010587745527674311,-0.005140951103396613,0.0029488650612733867,0.00298016901418761,0.008027236104808471,-0.0026277142391365384,1.0,1.0,1.0,-1.0,-0.2522867244166179,0.2549437046236734,0.32294508970839964,-0.36997132199220617,0.37385663779169104,0.6274718523118367,0.6614725448541998,0.6849856609961031,0.0029489658039489035,0.002992234979605789,0.0078711739707665,-0.0025969147217916955,0.41541320120332687,0.9386308068459658,0.6277765559709698,0.6447117675083373,1.415413201203327,1.938630806845966,1.6277765559709698,1.6447117675083374,2022-12-29,-0.21600208135285653,-0.17763298654270773,0.013589585864005408,2022-12-31,0.3421804583167796,0.2549437046236734,0.0015114348634301545,2022-12-30,0.47698507875721724,0.32294508970839964,0.015694824858785743,2022-12-30,-0.5872293355948305,-0.36997132199220617,0.029880915782726437,34.797145040754735,36.241495623887964,-0.3040570991849053,-0.2751700875222407,0.005644510830488725,0.007282260413632381,-0.010904831474088815,-0.17076831918102248,-0.0039851280395658915,-0.16476574032885138,-0.7428830800926032,-0.7783077130782047,-0.20449901073620966,-0.7431882256844063,-0.760595396585404,-0.473843618210308,0.617219507397856,0.026250440806421218,-0.33500263864728,0.6521739130434783,0.7418527991904064,0.9424281034075568,0.8732323232323232,1.0,0.3981614361009659,0.2457530054550611,3758.0,14.0,nearest_listed_proxy,pure_direction_quality_causal_calibration
2023-02,2023-01,2023-01,2023-01-31,2023-01,2023-01,2023-01-31,2022-12-31,0.5376730846700692,0.0,0.0008090697534051577,0.0008090708743369131,2.6101987884999382,-0.010242417519161773,3.202662158252671e-07,9.607986474758013e-10,1.6013310791262298e-10,0.002966820842385969,0.02621245636803399,0.04442995153852485,0.3448459084983804,0.5845116835950608,0.170794246543729,0.3579634628932257,0.4712422905630453,2.508199687129645e-17,Stage30_PureODS_QualityCausal,True,False,0,Optimization terminated successfully,1,-0.004429432257906567,0.005196766420545222,0.001122123364152584,0.055628456861627165,1.0,0.000561061682076292,0.00020626584173895826,0.00020626584173895826,6.6388234039581195e-09,0.004429432257906567,0.11604085646801737,-0.15132087940564012,0.0,0.013959143531982632,0.00867912059435988,0.4712422905630453,GLD,0,0.0714477759330452,0.0666833956240439,0.0,0.0,202,0.0,True,0.004729685615332448,0.0034411069788787053,0.010160822766462112,-0.006464331991129389,-6.131081592276695e-08,-3.603215758268579e-06,2.0798948569673465e-05,-8.596518460358023e-06,0.004729624304516526,0.003437503763120437,0.010181621715031786,-0.006472928509589747,0.0039329585422865415,0.003369047256609427,0.007043179216863598,-0.004026298508858034,1.0,1.0,1.0,-1.0,0.09616917365882265,0.7113282415664353,0.12748355330159916,-0.4811599294548261,0.5480845868294113,0.8556641207832176,0.5637417766507996,0.740579964727413,0.003933019853102464,0.0033726504723676953,0.007022380268293925,-0.004017701990397676,0.5038793863516134,0.9275867661368796,0.35373330413838405,0.5555950687529635,1.5038793863516133,1.9275867661368795,1.353733304138384,1.5555950687529636,2023-01-31,-0.026721931914004158,-0.02602645476189392,0.01486605282983761,2023-01-31,2.464142129546563,0.7113282415664353,0.0014403308598502887,2023-01-31,0.1461102008838876,0.12748355330159916,0.012413580188851383,2023-01-31,-0.9273761931094583,-0.4811599294548261,0.02723761066366155,57.05774437076199,58.668954416156105,0.14115488741523977,0.1733790883231221,0.00030636380840945443,0.20079129574678534,-0.009371456148151717,0.08141435965228369,-0.007677946030638573,-0.010653038463496897,-0.6370552579365341,0.3627053392368037,-0.429859440321278,-0.04651841754889467,-0.13717495934986518,-0.23818892893508634,0.18768194414247574,0.030388767297459242,-0.16180877191081522,0.5882352941176471,0.7880540266427037,0.9653219685491536,0.850720620842572,1.0,0.380685399756978,0.0714477759330452,3773.0,9.0,nearest_listed_proxy,pure_direction_quality_causal_calibration
2023-03,2023-02,2023-02,2023-02-28,2023-02,2023-02,2023-02-28,2023-01-31,0.5878951931545019,0.0,0.04198332163689483,0.04198332254235842,2.7197836037737644,0.0,2.7998936195926785e-07,8.399680858778035e-10,6.54954968731717e-11,0.003107399905861106,0.05028266978831083,0.053284325723286945,0.4352259571630234,0.4612070473253788,0.1682586496738751,0.3514223418102599,0.48031900851586506,5.3815635682886356e-17,Stage30_PureODS_QualityCausal,True,False,0,Optimization terminated successfully,1,-0.0041968494928684005,0.004957589999668057,0.0010977696690132328,0.05290446198193729,1.0,0.0005488848345066164,0.00021184908096209755,0.00021184908096209755,6.591330941644781e-09,0.004196849492868401,0.11477471859324592,-0.15489991338321793,0.0,0.015225281406754082,0.0051000866167820735,0.48031900851586506,GLD,0,-0.000796833631414103,-0.0007961991931197204,0.0,0.0,203,-0.0,True,0.005194114034229855,0.0031499028289371962,0.009435759862861905,-0.005350177102584531,-9.923802522512389e-08,-1.0781131079232218e-05,8.793323290745515e-05,-1.8769472871841418e-05,0.005194014796204629,0.003139121697857964,0.009523693095769361,-0.005368946575456373,0.0042450785269622805,0.0031326385389596344,0.006542401178886008,-0.00341537668171245,1.0,1.0,1.0,-1.0,0.09049710610416699,0.6949311515952398,0.05779951294165116,-0.5380308351214277,0.5452485530520835,0.8474655757976199,0.5288997564708255,0.7690154175607138,0.004245177764987506,0.0031434196700388666,0.006454467945978553,-0.0033966072088406083,0.52460024600246,0.9882951243138521,0.34507195813344965,0.4926835024781685,1.5246002460024601,1.988295124313852,1.3450719581334496,1.4926835024781684,2023-02-28,0.7194682403593822,0.41842484988789774,0.015155329874088234,2023-02-28,2.2779485851443506,0.6949311515952398,0.0021842004402773296,2023-02-28,0.06134523780825824,0.05779951294165116,0.01234336964393073,2023-02-28,-1.1646466388354035,-0.5380308351214277,0.025809142775227494,46.29468350597014,46.35863991526002,-0.07410632988059718,-0.07282720169479959,0.0020589521375980746,0.19916868721856598,-0.008828377589245975,0.17668481702634323,-0.010212877131859375,0.08768648305041993,-0.5997214848883347,0.7944175928293745,-0.5844182535580432,0.39972078939609396,0.09734805397051993,-0.09234873208097463,-0.0024996609447726498,0.029349627972091542,-0.20244294716036074,0.5882352941176471,0.6199659359755746,0.9486136260017339,0.9214638157894737,1.0,0.31877668572630236,-0.000796833631414103,3788.0,9.0,nearest_listed_proxy,pure_direction_quality_causal_calibration
2023-04,2023-03,2023-03,2023-03-31,2023-03,2023-03,2023-03-31,2023-02-28,0.37722888004527577,0.7033132530120482,0.020984559863392357,0.020984561982766013,2.776857065622628,0.0,7.018590920254963e-07,2.1055772760764888e-09,1.3796380871040683e-11,0.003304539779862128,0.041085948182208426,0.03528369906292071,0.49690197849148576,0.4267283742633851,0.16580387106439012,0.3444919882216895,0.48970414071392043,5.308419864291413e-17,Stage30_PureODS_QualityCausal,True,False,0,Optimization terminated successfully,1,-0.004642209177092143,0.005512140314604071,0.0013041482194916685,0.05832079445829883,1.0,0.0006520741097458343,0.000217849885297128,0.000217849885297128,7.1424689652032365e-09,0.004642209177092143,0.12509907527196204,-0.15859938743846974,0.0,0.004900924728037964,0.0014006125615302623,0.48970414071392043,GLD,0,0.0477990894665207,0.04561856366076559,0.0,0.0,204,0.0,True,0.005864437545627447,0.003294280097386577,0.009400109610628204,-0.005340668134193717,1.2092045954308309e-07,6.216581436086453e-06,-0.00021194564570599828,3.259777141673715e-05,0.00586455846608699,0.0033004966788226634,0.009188163964922206,-0.005308070362776979,0.004962372466461478,0.0033085380302116936,0.007248447809103471,-0.003434241898163831,1.0,-1.0,1.0,-1.0,0.29513903899533983,0.5675634032909966,0.36356527456106397,-0.5665047079858941,0.6475695194976699,0.21621829835450168,0.681782637280532,0.783252353992947,0.004962251546001935,0.003302321448775607,0.007460393454809469,-0.003466839669580568,0.3524417994048661,0.9525301204819278,0.6184638750271209,0.6820422535211268,1.352441799404866,1.9525301204819279,1.6184638750271207,1.6820422535211268,2023-03-31,1.0233227523257518,0.5057634779965141,0.012715994304693619,2023-03-31,1.312477731094816,0.5675634032909966,0.0017093574132908834,2023-03-31,0.5712530445448595,0.36356527456106397,0.015541520440297727,2023-03-31,-1.3068301280823598,-0.5665047079858941,0.031044900636127675,61.300628332193654,57.68205361728162,0.22601256664387306,0.15364107234563235,0.011238680662245676,-0.034688549048862344,0.006543263643120101,-0.20801547070414236,0.01259053572375519,-0.2655703936463137,0.48083353506974474,-0.9495583413917497,0.7993502154317689,-1.2004750902656622,-0.23436240316100246,-0.20056243741694668,0.21746242028897456,0.01813471351248517,-0.7705053402784402,0.6382978723404256,0.3790639863485692,0.9906300772829424,0.9170393559928444,1.0,0.2198039063623175,0.0477990894665207,3805.0,13.0,nearest_listed_proxy,pure_direction_quality_causal_calibration
2023-05,2023-04,2023-04,2023-04-28,2023-04,2023-04,2023-04-28,2023-03-31,0.40061039986881364,0.49009603841536614,-0.010746171519451725,-0.01073046114524893,2.747016483310446,-0.010746171519451675,0.004488678343655764,1.3466035030967291e-05,2.2443391718279224e-06,0.003339045434653979,0.05266074125770027,0.031106378208904606,0.575995724346257,0.34023715618713807,0.16878501387432804,0.33854266068369143,0.49267232544198053,0.0,Stage30_PureODS_QualityCausal,True,False,0,Optimization terminated successfully,10,-0.004953290750242388,0.005770741913700599,0.0011635329084922596,0.06226770551345363,1.0,0.0005817664542461298,0.00021997176588597065,0.00021997176588597065,1.571294332611135e-05,0.004953290750242388,0.1181625782636242,-0.16000000000001355,0.0,0.011837421736375808,-1.354472090042691e-14,0.49267232544198053,GLD,0,-0.11656990527244851,-0.10440000641429154,0.0,0.0,205,-0.0,True,0.006489702270712722,0.003243779644618823,0.008895052421342026,-0.0052723525980576565,6.801249751863129e-08,6.643333847398327e-06,-0.00012479399473041322,1.781800944875282e-05,0.006489770283210241,0.0032504229784662214,0.008770258426611614,-0.005254534588608904,0.0053028814342334215,0.003323369502707947,0.007612752837300373,-0.0022411589329004757,1.0,-1.0,1.0,-1.0,0.24657688175171996,0.5314316758367517,0.5833318453038041,-0.3001425217457871,0.62328844087586,0.23428416208162417,0.791665922651902,0.6500712608728936,0.005302813421735903,0.0033167261688605487,0.007737546832030786,-0.0022589769423492284,0.24411302982731553,0.8334932054356515,0.47525929127052724,0.4593362935265249,1.2441130298273155,1.8334932054356514,1.4752592912705271,1.4593362935265248,2023-04-28,0.8719738879531566,0.4658045144564412,0.011319481234306055,2023-04-30,1.134160480834385,0.5314316758367517,0.000987664725801288,2023-04-28,1.399991428980521,0.5833318453038041,0.013743744425209382,2023-04-28,-0.4288623485091414,-0.3001425217457871,0.025248431064944194,51.67904029397191,62.017266245964024,0.03358080587943817,0.24034532491928048,0.020722162849882514,0.19963536918869643,0.011174011952310646,0.11515514740426408,0.01880346533296204,0.03375420286347068,0.8071499600162321,0.5176179811221241,1.1767633078901956,0.1562407512881447,0.6623839705691781,0.6665020295891702,-0.6644430000791741,0.014484987934191607,-1.0339895620726924,0.6382978723404256,0.31416633990414883,0.9433145234397681,0.9274470899470899,1.0,0.17544003813503672,-0.11656990527244851,3820.0,13.0,nearest_listed_proxy,pure_direction_quality_causal_calibration
2023-06,2023-05,2023-05,2023-05-30,2023-05,2023-05,2023-05-31,2023-04-30,0.48256679684004794,0.0,-0.015652653061102965,-0.015652648695989275,2.7040183873440564,-0.02623061848602548,1.4167604589637728e-06,4.250281376891319e-09,1.1483231446285381e-10,0.0032200217676796386,0.07644035565420625,0.03292688276325585,0.6224924944414346,0.26814026714110334,0.1769003600683066,0.3394026442702013,0.4836969956614921,0.0,Stage30_PureODS_QualityCausal,True,False,0,Optimization terminated successfully,1,-0.004903341849298849,0.005650301834810623,0.0010654027813850778,0.06141120532941701,1.0,0.0005327013906925389,0.0002142501133167275,0.0002142501133167275,8.481502507694689e-09,0.004903341849298849,0.11307003748394591,-0.15684984691826026,0.0,0.016929962516054095,0.0031501530817397427,0.4836969956614921,GLD,0,-0.09982613526111299,-0.09076537832719621,0.0,0.0,206,-0.0,True,0.007024135102655843,0.003120497607917047,0.008175777429413885,-0.00544032306926822,-1.5617310644212287e-07,-7.450787536774476e-07,-3.398558297384101e-05,-2.5727956857367434e-06,0.007023978929549401,0.0031197525291633693,0.008141791846440044,-0.005442895864953957,0.005768514491876873,0.0031878856849913125,0.007334907483080813,-0.0011613402079642828,1.0,-1.0,1.0,-1.0,0.3399437255828333,0.3691782174392685,0.6743647514385872,-0.011227442417036335,0.6699718627914166,0.31541089128036576,0.8371823757192935,0.5056137212085182,0.005768670664983315,0.00318863076374499,0.007368893066054654,-0.0011587674122785462,0.17118761954442704,0.9269010499522748,0.4256989247311828,0.6806556614740757,1.171187619544427,1.9269010499522747,1.4256989247311829,1.6806556614740757,2023-05-31,1.184942054568013,0.5423219586490541,0.010410766750899648,2023-05-31,0.5852337817832509,0.3691782174392685,0.0015046879889066152,2023-05-31,2.0709206218239182,0.6743647514385872,0.013231461358621736,2023-05-31,-0.01135492923112835,-0.011227442417036335,0.03096334880523136,65.20936941893079,58.6660914860415,0.3041873883786158,0.17332182972083005,0.010743159719087014,0.12474713418745768,0.012254672642410803,-0.06580893744328539,0.005885287112855486,0.044880259511952805,0.8845537340957312,-0.30380372300495745,0.3887536712021721,0.20721057626075085,0.29037500554538687,0.2979821237314615,-0.2941785646384242,0.01467974943107829,-1.0145242094351876,0.5769230769230769,0.6982931232780675,0.9595814567544962,0.8778002699055331,1.0,0.3393385761597199,-0.09982613526111299,3836.0,8.0,nearest_listed_proxy,pure_direction_quality_causal_calibration
2023-07,2023-06,2023-06,2023-06-30,2023-06,2023-06,2023-06-30,2023-05-31,0.3775615378882312,0.8552318668252081,-0.0018608720516612419,-0.0018608677464720912,2.6989865550998697,-0.02804267871284838,1.3844754612746257e-06,4.153426383823877e-09,1.5176276674244706e-10,0.0033395332573746923,0.13852784076604552,0.03848117792398295,0.6440754513782393,0.17891552993173226,0.17786065652314773,0.34437979872892766,0.4777595447479246,0.0,Stage30_PureODS_QualityCausal,True,False,0,Optimization terminated successfully,1,-0.004445653535774942,0.005137251178964141,0.0009633313917886397,0.05586702579683786,1.0,0.00048166569589431986,0.00020992358656239465,0.00020992358656239465,8.360732485069645e-09,0.004445653535774942,0.10751733209796306,-0.154457910888195,0.0,0.022482667902036943,0.00554208911180501,0.4777595447479246,GLD,0,-0.011218991980359354,-0.011094522620058996,0.0,0.0,207,-0.0,True,0.007165766822499753,0.003018213881122627,0.007528720749410642,-0.004354568423534252,4.183193245351848e-07,1.1389020272695353e-05,-8.967756997293643e-05,1.5378862216912868e-05,0.007166185141824288,0.0030296029013953227,0.007439043179437705,-0.004339189561317338,0.005546629374271405,0.003204207102291718,0.006378229118583963,-0.0011717875488881642,1.0,-1.0,1.0,-1.0,0.15344646896904837,0.08679534320659048,0.49354663028548984,-0.1766674931556161,0.5767232344845242,0.4566023283967048,0.7467733151427449,0.588333746577808,0.00554621105494687,0.0031928180820190227,0.0064679066885569,-0.001187166411105077,0.11062023562023562,0.8403261557948069,0.3854634981802612,0.6016890328551596,1.1106202356202357,1.840326155794807,1.3854634981802612,1.6016890328551596,2023-06-30,1.5797134657347556,0.6123600495626442,0.009494815748739926,2023-06-30,0.09504478822015668,0.08679534320659048,0.0010146363575828969,2023-06-30,0.9745154436699752,0.49354663028548984,0.01279347392084175,2023-06-30,-0.21457611801668802,-0.1766674931556161,0.028674264420607887,50.635919002073116,41.76304886515193,0.012718380041462325,-0.1647390226969614,0.002162007544381464,0.09521188772702266,0.004254376796258411,-0.048843714840569145,0.005497990690341828,-0.024763369675944977,0.32010047986905965,-0.22762939350245864,0.3663064917695385,-0.10871918538192184,0.046235543183300504,0.12879365319380834,-0.08751459818855442,0.011137014417790653,-1.336175790077114,0.6382978723404256,0.23064986558837608,0.9584740001717436,0.9084821428571428,1.0,0.12819566349590608,-0.011218991980359354,3853.0,13.0,nearest_listed_proxy,pure_direction_quality_causal_calibration
2023-08,2023-07,2023-07,2023-07-31,2023-07,2023-07,2023-07-31,2023-06-30,0.5029812755041099,0.0,0.012526891884958853,0.01252689991595005,2.732796467874563,-0.015867074432290074,2.543878481101048e-06,7.631635443303145e-09,3.993557527171002e-10,0.003374879579498761,0.08987831151480094,0.017284464658415336,0.7488300042302393,0.14400721959654456,0.1828386835085308,0.34627881013735706,0.47088250635411216,1.5495267763263298e-21,Stage30_PureODS_QualityCausal,True,False,0,Optimization terminated successfully,2,-0.004209682902181164,0.004828894474401465,0.0008284781156708929,0.05297586499879223,1.0,0.00041423905783544645,0.00020496133763306927,0.00020496133763306927,1.1176751785713641e-08,0.004209682902181164,0.09970826138315077,-0.15195206929343033,0.0,0.030291738616849237,0.008047930706569673,0.47088250635411216,GLD,0,-0.12091573585632068,-0.10787227976949348,0.0,0.0,208,-0.0,True,0.007965702780998625,0.0030472947958492883,0.006811709710853148,-0.004325188969706016,-4.08174226359143e-07,-3.6658478318884157e-06,-7.282185652222039e-06,-6.896062614100768e-06,0.007965294606772266,0.0030436289480174,0.006804427525200926,-0.0043320850323201165,0.006132936296336629,0.0031291192917889416,0.005572533987545855,-0.0006818479127835292,1.0,-1.0,1.0,-1.0,0.20172995996143428,-0.4780566861553644,0.2831222431295396,-0.051894902958087345,0.6008649799807171,0.7390283430776822,0.6415611215647699,0.5259474514790436,0.0061333444705629885,0.00313278513962083,0.005579816173198077,-0.0006749518501694284,0.3371670702179177,0.8418938080983142,0.19430824984011938,0.1751497005988024,1.3371670702179177,1.8418938080983143,1.1943082498401194,1.1751497005988023,2023-07-28,1.5179858286358123,0.60285717710263,0.012362522001511618,2023-07-31,-0.915916869657737,-0.4780566861553644,0.001032533940701741,2023-07-31,0.39493796594486846,0.2831222431295396,0.010671825864548495,2023-07-31,-0.05473539074940047,-0.051894902958087345,0.02054462856912525,55.23205381727554,44.8845813218081,0.10464107634551084,-0.10230837356383801,0.003934555965204117,0.1515422440768887,-0.0015695711108924591,0.26110167976936244,-0.007249677297942686,0.2085215390722058,-0.09205734846992107,1.1832534248666997,-0.41337671915661983,0.9507102530185968,0.5455980381983894,0.26866676693098845,-0.4071324025646889,0.017033027446114707,-0.8299378626530882,0.6,0.5485618763422984,0.974573226236184,0.9258823529411765,1.0,0.2969936440691637,-0.12091573585632068,3868.0,10.0,nearest_listed_proxy,pure_direction_quality_causal_calibration
2023-09,2023-08,2023-08,2023-08-31,2023-08,2023-08,2023-08-31,2023-07-31,0.45236922613358976,0.0,-0.02650174653622965,-0.026501734652140396,2.660372588547848,-0.04194831578364355,3.6492842788171673e-06,1.0947852836451501e-08,9.362364181975123e-10,0.003520620461471999,0.10263989172638677,0.018249632402156785,0.7463988687972158,0.13271160707424062,0.17552199200587643,0.3425579627622453,0.4819200452318782,0.0,Stage30_PureODS_QualityCausal,True,False,0,Optimization terminated successfully,2,-0.0038960960676144955,0.0044695485958524414,0.0007257024494627527,0.04928036845345278,1.0,0.00036285122473137633,0.0002105868239091578,0.0002105868239091578,1.4479597412034266e-08,0.0038960960676144947,0.09331896588343139,-0.15601852212350847,0.0,0.03668103411656862,0.003981477876491529,0.4819200452318782,GLD,0,0.05339038510894997,0.050684329251237586,0.0,0.0,209,0.0,True,0.007750273345868802,0.0030271589004752884,0.006958831936314742,-0.003653782336770838,-7.054665696830517e-07,3.189938151760377e-06,-3.218225369384289e-05,-2.5963807128501718e-06,0.0077495678792991185,0.003030348838627049,0.006926649682620899,-0.0036563787174836884,0.006009616772038393,0.0031741153189340106,0.004829453007056437,0.0010973859485312642,1.0,-1.0,1.0,-1.0,0.17726056732484652,-0.4173143698707655,-0.219934661325847,0.3252014975181628,0.5886302836624233,0.7086571849353828,0.3900326693370765,0.33739925124091863,0.006010322238608076,0.00317092538078225,0.00486163526075028,0.0010999823292441144,0.23345398138572906,0.8975384132957039,0.010712770470937633,0.10526918671248568,1.233453981385729,1.8975384132957038,1.0107127704709375,1.1052691867124858,2023-08-31,1.186619388879208,0.5426730389907645,0.011143783637940555,2023-08-31,-0.7161912844464841,-0.4173143698707655,0.0013170337300068677,2023-08-31,-0.28194389677621295,-0.219934661325847,0.007905782287016544,2023-08-31,0.48192385774732194,0.3252014975181628,0.01878225509834106,49.49032967859175,49.96510347059701,-0.01019340642816502,-0.0006979305880598474,0.010010583518471575,-0.11640449438202237,-0.00022910948404568365,-0.2561936627144704,0.011152757304782384,-0.1952997488749435,0.00250244557887528,-1.173121368116928,0.7128437022946625,-0.8863035401546796,-0.5853094612690263,-0.08672991893000853,0.3360196900995174,0.012939851902815252,-1.1526079516602439,0.6521739130434783,0.2753373246613838,0.973625896866369,0.9088196286472149,1.0,0.15889064445341758,0.05339038510894997,3884.0,14.0,nearest_listed_proxy,pure_direction_quality_causal_calibration
2023-10,2023-09,2023-09,2023-09-27,2023-09,2023-09,2023-09-27,2023-08-31,0.6084658742577376,0.0,0.027500456403443507,0.027500462994426312,2.733534048936124,-0.01560145720960604,1.9477790802191267e-06,5.84333724065738e-09,7.476455639310529e-10,0.003542038934158237,0.11033505268143298,0.03545806638587964,0.646456854833018,0.20775002609966944,0.17489080875393395,0.34940647911590017,0.4757027121301659,5.5469387325733136e-17,Stage30_PureODS_QualityCausal,True,False,0,Optimization terminated successfully,1,-0.0036802589423236298,0.00428341522862573,0.0007906215496904849,0.04665725344536585,1.0,0.00039531077484524245,0.000207835483097361,0.000207835483097361,1.0028359497402426e-08,0.003680258942323629,0.09740358615721403,-0.15341549061331222,0.0,0.03259641384278597,0.006584509386687781,0.4757027121301659,GLD,0,0.11085935917590034,0.09979603471869042,0.0,0.0,210,0.0,True,0.006817419800272934,0.0029862961270596482,0.00741997512020163,-0.003055535310901264,-9.812646568250198e-07,-1.5245482035945186e-05,6.867385010028732e-05,-1.0781265925568838e-05,0.006816438535616109,0.002971050645023703,0.0074886489703019175,-0.0030663165768268327,0.005275594417879668,0.003217564769583945,0.004701516766096026,0.0017807985283507088,1.0,-1.0,1.0,-1.0,0.059135910771676424,-0.11284816857193905,-0.43743066955909066,0.4693628067337731,0.5295679553858382,0.5564240842859696,0.2812846652204547,0.2653185966331134,0.005276575682536493,0.0032328102516198903,0.004632842915995739,0.0017915797942762775,0.22856897440302354,0.7897159800249688,0.09220532319391635,0.09954389965792475,1.2285689744030235,1.789715980024969,1.0922053231939164,1.0995438996579248,2023-09-27,0.9124730852315175,0.47711682442896003,0.01105775852300877,2023-09-30,-0.12720276797522442,-0.11284816857193905,0.0009319757360620935,2023-09-29,-0.77755868635117,-0.43743066955909066,0.009115136161199371,2023-09-29,0.8845267777871128,0.4693628067337731,0.018401970844096987,37.404675163690875,47.609870230612586,-0.2519064967261825,-0.04780259538774828,0.008220297598343196,-0.03938654583478566,-0.006126762215607711,-0.18847965160119318,-0.004402371489628096,-0.06582121828696721,-0.4162306801793482,-0.8649183409746056,-0.2416800696170961,-0.2979978120460834,-0.6405745105769769,-0.26983894083158977,0.45520672570428333,0.016301725016435092,-0.875573244839946,0.6666666666666666,0.41651377499706793,0.9719864384001853,0.9023299615404878,1.0,0.24353629442619018,0.11085935917590034,3898.0,15.0,nearest_listed_proxy,pure_direction_quality_causal_calibration
2023-11,2023-10,2023-10,2023-10-31,2023-10,2023-10,2023-10-31,2023-09-30,0.5894433886377621,0.0,0.018503339753880837,0.018520454346974267,2.7841135581723906,0.0,0.00488993024280025,1.466979072840075e-05,2.444802365030444e-06,0.0035640617496978952,0.14554427620080035,0.053096835103267535,0.5871553912814758,0.2142034974144563,0.16710647738156603,0.338265618544017,0.49462790407441704,5.0079936978583144e-20,Stage30_PureODS_QualityCausal,True,False,0,Optimization terminated successfully,11,-0.003882602935674044,0.0046142126733358345,0.000988896637122633,0.049437172257294215,1.0,0.0004944483185613165,0.00022004423644980586,0.00022004423644980586,1.7117182650667766e-05,0.003882602935674044,0.10893465768740267,-0.16000000001642833,0.0,0.021065342312597338,-1.6428330917861445e-11,0.49462790407441704,GLD,0,0.1868662753759632,0.15744509659840966,0.0,0.0,211,0.0,True,0.006143309074636755,0.0029147735893731348,0.008090372692274877,-0.0028922083574931838,-1.4547367007754696e-06,-1.516265869948732e-05,6.12363880675939e-05,-1.129313690655065e-05,0.006141854337935979,0.0028996109306736475,0.008151609080342471,-0.0029035014943997344,0.00459443092031941,0.003056842680831236,0.005685948373066414,0.0025568303153620494,1.0,-1.0,1.0,-1.0,-0.199903090063882,-0.5156796018613845,-0.08947915357855302,0.6914818367589652,0.400048454968059,0.7578398009306923,0.45526042321072346,0.15425908162051738,0.004595885657020186,0.0030720053395307235,0.0056247119849988205,0.0025681234522686,0.5132705479452054,0.9426153129367915,0.29110597140454164,0.6329702745631949,1.5132705479452055,1.9426153129367916,1.2911059714045416,1.6329702745631949,2023-10-31,-0.18184911956634553,-0.15386830396173687,0.014843152416833233,2023-10-31,-1.0647488807890222,-0.5156796018613845,0.0016389706409854273,2023-10-31,-0.09827249307934723,-0.08947915357855302,0.011689492022876348,2023-10-31,2.2413002511580946,0.6914818367589652,0.029389413373401715,29.62972143508873,48.07823025341582,-0.4074055712982254,-0.038435394931683645,0.005086109537206479,0.12307227094042934,-0.01713959636233596,-0.008101031883404549,-0.02453976626429434,-0.03430360625613786,-1.1993901770997513,-0.042557068053181976,-1.4733368185664426,-0.15462517941038723,-0.6209736225764666,-0.8139809989884149,0.7174773107824408,0.03575599271940374,0.05348155604938085,0.5882352941176471,0.5327611396964304,0.9527775453051575,0.8722633527234268,1.0,0.2604490379942151,0.1868662753759632,3913.0,9.0,nearest_listed_proxy,pure_direction_quality_causal_calibration
2023-12,2023-11,2023-11,2023-11-30,2023-11,2023-11,2023-11-30,2023-10-31,0.4362257402263333,0.0,0.02611892045013146,0.026118922607442148,2.8568315987224278,0.0,6.93339549134851e-07,2.080018647404553e-09,7.729204161420592e-11,0.0035981623584799326,0.17338132159051992,0.05687157976344525,0.5796225301350346,0.19012456851100024,0.17962178612585775,0.3415612719386846,0.4788169419354577,2.7773812694473876e-17,Stage30_PureODS_QualityCausal,True,False,0,Optimization terminated successfully,1,-0.004608536583789446,0.005262089717514695,0.0008879017179735862,0.05781766630233483,1.0,0.0004439508589867931,0.00020959522186837654,0.00020959522186837654,7.052870078726313e-09,0.004608536583789446,0.1032221905196893,-0.1543215856473941,0.0,0.026777809480310708,0.005678414352605909,0.4788169419354577,GLD,0,0.1213870833463969,0.1082472637228517,0.0006528961992780636,0.0006528961992780636,212,7.06742270669001e-05,True,0.006580021084042787,0.003015721363456549,0.007915420707489762,-0.003118513721069367,-6.674257188727148e-07,4.257399757799926e-06,-6.0537985189911435e-05,-7.539936053836198e-07,0.006579353658323914,0.003019978763214349,0.00785488272229985,-0.0031192677146747506,0.005227656965271107,0.003368105280188535,0.006626069453203442,0.0018062540107764893,1.0,-1.0,1.0,-1.0,0.045983696057752745,0.19540526834039113,0.4307436943734262,0.4666545377849308,0.5229918480288763,0.40229736582980447,0.7153718471867131,0.2666727311075346,0.00515765016392308,0.003363847880430735,0.0066866074383933535,0.0018070080043818728,0.36514841351074717,0.9504560210233421,0.2534017165585095,0.7799232158988256,1.3651484135107472,1.9504560210233421,1.2534017165585096,1.7799232158988256,2023-11-30,-0.44410090506872096,-0.3075276135552227,0.012764723522716008,2023-11-30,0.24286172982681062,0.19540526834039113,0.001697736352372094,2023-11-30,0.7566779500128885,0.4307436943734262,0.01127571001530753,2023-11-30,0.8749573603698431,0.4666545377849308,0.03415464346331555,62.67441688982724,59.599518196596804,0.25348833779654484,0.19199036393193608,0.00205667667667625,0.019150209455415963,-0.00029408779205368843,-0.20224272010122218,0.008954860427010825,-0.18680381956997247,-0.0008608087848432183,-0.9296304147536558,0.5840024225169306,-0.8495744825694669,-0.4652456117692495,-0.13278603002626815,0.2990158208977588,0.018973311654256815,-0.6956543569451631,0.6521739130434783,0.707760162490648,0.9595719008155462,0.9165396341463414,1.0,0.40595538718301555,0.1213870833463969,3930.0,14.0,nearest_listed_proxy,pure_direction_quality_causal_calibration
2024-01,2023-12,2023-12,2023-12-28,2023-12,2023-12,2023-12-28,2023-11-30,0.5317685063260642,0.0,-0.002301952211048924,-0.002301946320304605,2.8502553089071543,-0.0023019522110488966,1.935112058508805e-06,5.805336175526415e-09,8.540814345934389e-11,0.003606986526675387,0.15691870679874861,0.047348764379341,0.6112834249148211,0.18444910390708924,0.18647802653456935,0.34153163337245623,0.4719903400929744,2.9589737388111853e-21,Stage30_PureODS_QualityCausal,True,False,0,Optimization terminated successfully,2,-0.00491543748500983,0.005582072112238237,0.0009226285881743616,0.061449093817812675,1.0,0.0004613142940871808,0.00020531049485363032,0.00020531049485363032,9.838287596284574e-09,0.00491543748500983,0.10522140019070426,-0.15196097095465902,0.0,0.02477859980929574,0.008039029045340984,0.4719903400929744,GLD,0,0.16944398569021976,0.14489277619416027,0.00331972172203175,0.00331972172203175,213,0.00048100369649723866,True,0.007083192501931912,0.0031439818733503726,0.007773842667805491,-0.003573070936386231,-3.8364819622391183e-07,-4.955192929014838e-06,1.0633877491975923e-05,-8.544484534497624e-06,0.007082808853735688,0.0031390266804213578,0.007784476545297467,-0.0035816154209207286,0.006386422057979128,0.003499407178893211,0.006771296378602138,-8.817478134287695e-05,1.0,-1.0,1.0,-1.0,0.32260027131049723,0.5567035704018202,0.5136956341283517,-0.026904545666900925,0.6613001356552486,0.22164821479908992,0.7568478170641759,0.5134522728334505,0.005905802009678112,0.003504362371822226,0.006760662501110162,-7.963029680837933e-05,0.24919231423227342,0.8519230769230769,0.34469460079216174,0.6170188848920863,1.2491923142322734,1.851923076923077,1.3446946007921619,1.6170188848920863,2023-12-28,-0.13741445386987763,-0.12081300127877408,0.011326486251003284,2023-12-31,1.2558268761750166,0.5567035704018202,0.0011364605388667038,2023-12-29,1.056325359546398,0.5136956341283517,0.012280375468572262,2023-12-29,-0.027648413675243896,-0.026904545666900925,0.02906561715415169,76.33580060423097,78.09489015628232,0.5267160120846194,0.5618978031256464,-0.012945949682774988,-0.178565539983512,0.0037136180297520217,-0.1609215035143541,-0.017074264432944457,-0.10708481993264826,0.28679807795044765,-0.7393581426543275,-1.0140956812585744,-0.4853021885913853,-0.22628003235193994,-0.7496989349249799,0.4879894836384599,0.030586407047802265,-0.12784323716709942,0.6521739130434783,0.651138691378467,0.954008929494836,0.8570898073385433,1.0,0.34722876490460786,0.16944398569021976,3944.0,14.0,nearest_listed_proxy,pure_direction_quality_causal_calibration
2024-02,2024-01,2024-01,2024-01-30,2024-01,2024-01,2024-01-31,2023-12-31,0.45121329645195213,0.5495365005793743,0.013724046627969548,0.013724048680580562,2.889372345668214,0.0,5.864602894978257e-07,1.7593808684934772e-09,2.932301447905463e-10,0.003835869465099768,0.23238226272121013,0.09274030099527865,0.48237053716090006,0.19250689912261115,0.17599687546185158,0.34056741835497656,0.48343570618317194,2.775925663854996e-17,Stage30_PureODS_QualityCausal,True,False,0,Optimization terminated successfully,1,-0.00506264419267042,0.0056865363943762225,0.0008272254971783664,0.06327508374944446,1.0,0.0004136127485891832,0.00021027243569182532,0.00021027243569182532,7.017424792811675e-09,0.00506264419267042,0.09963285585659179,-0.15598484865865256,0.0,0.030367144143408215,0.004015151341347445,0.48343570618317194,GLD,0,-0.03874350902752362,-0.03729843670820669,0.0,0.0,214,-0.0,True,0.005867357605608315,0.003022544931829889,0.00844916542915603,-0.001995590106195162,5.444793311118569e-07,1.0955251751714063e-06,-5.0132225365889064e-05,1.2240934331931802e-05,0.005867902084939427,0.0030236404570050607,0.008399033203790141,-0.00198334917186323,0.0048926220237954145,0.0037290270092153062,0.007354576954894598,-0.0002951838195796278,1.0,-1.0,1.0,-1.0,0.03983681548850283,0.7345758632764192,0.5471973803401072,-0.42101447102762657,0.5199184077442515,0.1327120683617904,0.7735986901700536,0.7105072355138133,0.0048920775444643025,0.0037279314840401347,0.007404709180260487,-0.00030742475391155964,0.4365469332429685,0.8256775378961874,0.14975093399750933,0.4865741776683822,1.4365469332429686,1.8256775378961874,1.1497509339975094,1.4865741776683823,2024-01-31,0.25234341966966595,0.2014969821426676,0.013773201716938868,2024-01-31,2.767554874037038,0.7345758632764192,0.0010448499800072373,2024-01-31,1.2084677883513926,0.5471973803401072,0.00992270633295119,2024-01-31,-0.7271588838755165,-0.42101447102762657,0.02578499164132819,47.37791988081664,48.522753335325405,-0.05244160238366717,-0.029544933293491907,0.0035576615674103307,0.006939090208172638,0.004149632183865737,-0.019057548886037643,0.018248151697791738,-0.05255232128377926,0.31687555062473277,-0.09246177989616557,1.1582277361042776,-0.23540135010893434,0.11220688536428361,0.46141319299767164,-0.28681003918097764,0.02612380490146196,-0.3146475828494351,0.5769230769230769,0.2690660676588801,0.9847985011216087,0.883650203962704,1.0,0.1350842151068373,-0.03874350902752362,3961.0,8.0,nearest_listed_proxy,pure_direction_quality_causal_calibration
2024-03,2024-02,2024-02,2024-02-29,2024-02,2024-02,2024-02-29,2024-01-31,0.462868681550528,0.10409457900807381,0.06414559996263301,0.06414560379006173,3.0747128682965417,0.0,1.1053446510177336e-06,3.3160339530532008e-09,5.113947790648251e-10,0.003826497217740317,0.16769154633076447,0.07866306591954472,0.5130001801159119,0.24064520763377903,0.18604828584406682,0.3351896187549048,0.4787620954010285,5.0679427529309485e-22,Stage30_PureODS_QualityCausal,True,False,0,Optimization terminated successfully,1,-0.005166137277430434,0.005752415042586937,0.0007556106819155388,0.06449531641955002,1.0,0.0003778053409577694,0.00020846432240903274,0.00020846432240903274,8.101789701180204e-09,0.005166137277430434,0.09522251930602585,-0.15473176331137906,0.0,0.034777480693974155,0.0052682366886209475,0.4787620954010285,GLD,0,-0.02020419105795257,-0.01980406592625424,0.0,0.0,215,-0.0,True,0.006301277985999739,0.00306409428948401,0.008485744566698206,-0.0025451279712206875,-6.129332486895226e-07,1.8893688770875033e-06,-5.077362419635612e-05,3.7145033143549277e-07,0.00630066505275105,0.0030659836583610974,0.008434970942501849,-0.002544756520889252,0.005305203400519831,0.0036765684671343974,0.007379538804302415,-0.0007808452497371487,1.0,-1.0,1.0,-1.0,0.1955152836173423,0.6017378374182522,0.5469516601493598,-0.4463229650707883,0.5977576418086712,0.19913108129087392,0.7734758300746799,0.7231614825353941,0.005305816333768521,0.00367467909825731,0.007430312428498772,-0.0007812167000685842,0.4880087823002871,0.7884908536585366,0.016019016122364612,0.21441300957897083,1.488008782300287,1.7884908536585367,1.0160190161223646,1.214413009578971,2024-02-29,0.8602327191617256,0.4624328506324581,0.014488934200229682,2024-02-29,1.510908878507229,0.6017378374182522,0.0009520058568370913,2024-02-29,1.2072699799091582,0.5469516601493598,0.008049315046476734,2024-02-29,-0.8061070568474115,-0.4463229650707883,0.021250677487659048,57.12536807114647,49.08028193983197,0.14250736142292936,-0.018394361203360604,0.008274706815041055,0.0655845580171091,0.004487683859079584,0.009087759138243138,0.007547706098423437,-0.1104043172021156,0.34038695769737065,0.03708020643163886,0.49731415751670155,-0.5004536703308519,0.18873358206450475,-0.0015697564070751568,-0.0935819128287148,0.02353165492276412,-0.4385982966296905,0.6521739130434783,0.3812290072827079,0.9755844306176016,0.8900928792569659,1.0,0.21589846207709798,-0.02020419105795257,3975.0,14.0,nearest_listed_proxy,pure_direction_quality_causal_calibration
2024-04,2024-03,2024-03,2024-03-29,2024-03,2024-03,2024-03-29,2024-02-29,0.4811051909047717,0.3420448018380241,0.015155964596668878,0.01517872102701956,3.121313107673366,0.0,0.006501837243051492,1.9505511729154477e-05,3.250918621525739e-06,0.004137173356424783,0.18728665970580885,0.08798756676857003,0.49307728901730397,0.2316484845083172,0.19144934954306905,0.31788208069234675,0.49066856976458423,0.0,Stage30_PureODS_QualityCausal,True,False,0,Optimization terminated successfully,18,-0.005555258180701931,0.006256527971994347,0.0009203477626669888,0.06955624908793023,1.0,0.0004601738813334944,0.00021833746376338637,0.00021833746376338637,2.2758446195535345e-05,0.005555258180701931,0.10509126106391466,-0.16000000000000633,0.0,0.024908738936085348,-6.328271240363392e-15,0.49066856976458423,GLD,0,0.08123932453269611,0.0751353772374189,0.0,0.0,216,0.0,True,0.006412819090269574,0.003069241005810206,0.008999149671057747,-0.0019325163414383925,1.2624430343725213e-07,-1.1412445156381089e-06,-3.0264085687408805e-05,5.217240720700697e-06,0.006412945334573011,0.0030680997612945677,0.008968885585370338,-0.001927299100717692,0.005726891499961952,0.0038635491476386834,0.008013485109512669,0.0007506107845381532,1.0,-1.0,1.0,-1.0,0.3970468914316067,0.4896999531596701,0.6069908966926776,-0.11761226073926027,0.6985234457158034,0.25515002342016496,0.8034954483463388,0.5588061303696301,0.005726765255658514,0.0038646903921543217,0.008043749195200078,0.0007453935438174525,0.40658138360545365,0.6738734638142923,0.20738987237546316,0.1098913284542027,1.4065813836054537,1.6738734638142923,1.2073898723754632,1.1098913284542027,2024-03-29,1.8994339024517972,0.6551050882193288,0.01337814733132789,2024-03-31,0.9596314093870632,0.4896999531596701,0.0007952499917646226,2024-03-28,1.5444703229126664,0.6069908966926776,0.010657922601817985,2024-03-28,-0.13328863888996834,-0.11761226073926027,0.018833181765313445,66.24323941207078,60.55853989170379,0.32486478824141557,0.21117079783407575,0.007676327814412742,-0.13588248001728226,-0.004292522613389743,-0.16893089117911242,0.007247692943582308,-0.21449135255989604,-0.288008343721022,-0.7790092469315202,0.4785223121838142,-0.9764750295497847,-0.5335087953262712,-0.24897635868298526,0.3912425770046282,0.0231177230944354,-0.45920745141853164,0.6382978723404256,0.35818358824468294,0.9816226989989055,0.9252232142857143,1.0,0.2076443856255836,0.08123932453269611,3990.0,13.0,nearest_listed_proxy,pure_direction_quality_causal_calibration
2024-05,2024-04,2024-04,2024-04-30,2024-04,2024-04,2024-04-30,2024-03-31,0.6249254365051605,0.0,0.007276950511320805,0.007331625620378524,3.1440267486882423,0.0,0.015621459730776957,4.686437919233087e-05,7.810729865388443e-06,0.004288751642694767,0.2571946761940266,0.12202419541450236,0.42102757340839025,0.19975355498308084,0.1811687419361494,0.3264868131692592,0.4923444448945915,4.069173383663971e-19,Stage30_PureODS_QualityCausal,True,False,0,Optimization terminated successfully,15,-0.005497680491663486,0.00636568660742431,0.0011952319023689983,0.06921684787487772,1.0,0.0005976159511844991,0.00021571339735714166,0.00021571339735714166,5.4676767219183064e-05,0.005497680491663486,0.11976135782642071,-0.16000000098127598,0.0,0.010238642173579296,-9.812759771410384e-10,0.4923444448945915,GLD,0,-0.03795162500482544,-0.03656396318532571,0.0,0.0,217,-0.0,True,0.005712662747974557,0.0029359318947420904,0.009383656360585392,-0.0008772444325229726,-5.769355325053126e-07,-1.484873934617768e-05,7.317284973600175e-05,-1.9186937562774683e-05,0.0057120858124420516,0.002921083155395913,0.009456829210321394,-0.0008964313700857474,0.005158872806932541,0.003765477801797912,0.008534027970021478,0.00304410270521196,1.0,-1.0,1.0,-1.0,0.2229669345814845,0.24834760533306102,0.6377552510218593,0.5255660352516313,0.6114834672907422,0.3758261973334695,0.8188776255109296,0.23721698237418437,0.005159449742465046,0.0037803265411440897,0.008460855120285476,0.0030632896427747348,0.5584535390808454,0.7717112218698082,0.6265368852459017,0.11619951445596999,1.5584535390808454,1.7717112218698081,1.6265368852459017,1.11619951445597,2024-04-30,1.928440497839695,0.65852131851827,0.015444398604961638,2024-04-30,0.3304022006649831,0.24834760533306102,0.0009259820160243574,2024-04-30,1.7605645156235075,0.6377552510218593,0.015421353557268466,2024-04-30,1.1077748945111512,0.5255660352516313,0.018933343390762806,53.3913085492628,47.12766571204637,0.06782617098525606,-0.05744668575907255,-0.002333306032624438,0.11977715877437316,0.002003762145760894,0.13350976165228245,-0.014292633360736327,0.12816311791704063,0.16311910512521383,0.6081870287084375,-0.8489993300366699,0.5920994801992909,0.38565306691682566,-0.1284499249186895,-0.12860157099906808,0.027151450688082418,-0.2674425754279448,0.5882352941176471,0.5859373399699733,0.9642313724797458,0.8879746971852236,1.0,0.29511011965087475,-0.03795162500482544,4007.0,9.0,nearest_listed_proxy,pure_direction_quality_causal_calibration
2024-06,2024-05,2024-05,2024-05-31,2024-05,2024-05,2024-05-31,2024-04-30,0.4907825302101796,0.4136259977194983,0.01319122168603109,0.013197246031275978,3.185500302517,0.0,0.0017212414985390142,5.163724495617043e-06,8.606207492695142e-07,0.00421088040246538,0.22588158668910177,0.14367924227603712,0.3853346705144165,0.24510450052044458,0.17940496311631648,0.3279636255433767,0.4926314113403068,2.7017245566371246e-20,Stage30_PureODS_QualityCausal,True,False,0,Optimization terminated successfully,14,-0.0057782294562486545,0.0065288537423399875,0.0010602417897118748,0.0719847941698086,1.0,0.0005301208948559374,0.00021447608306792364,0.00021447608306792364,6.027308167470839e-06,0.0057782294562486545,0.11279583980157468,-0.1600000002038882,0.0,0.017204160198425328,-2.038881841137652e-10,0.4926314113403068,GLD,0,0.11274994688098121,0.1013255019216288,0.0,0.0,218,0.0,True,0.005263027054671633,0.002960119642959853,0.00976444378564368,-0.001144068873413649,2.395610853739782e-07,-2.885392632838085e-06,-2.3637509011080333e-05,7.860950334197828e-06,0.005263266615757007,0.002957234250327015,0.0097408062766326,-0.0011362079230794512,0.004779773484693872,0.0038645785652571644,0.008939538482074155,0.0032745214657834685,1.0,-1.0,1.0,-1.0,0.08093965789028511,0.4508678946545416,0.7114401189746108,0.6473468418200421,0.5404698289451425,0.2745660526727292,0.8557200594873053,0.17632657908997895,0.004779533923608498,0.0038674639578900024,0.008963175991085235,0.0032666605154492707,0.45595118689401537,0.6864852675886951,0.4248266013871889,0.12508236327696023,1.4559511868940154,1.686485267588695,1.4248266013871889,1.1250823632769602,2024-05-31,1.6822454252424361,0.6271780387472878,0.014070970259240721,2024-05-31,0.8210554259450938,0.4508678946545416,0.0008141486040081731,2024-05-31,2.4654852103713414,0.7114401189746108,0.013006348843233612,2024-05-31,1.8356473685390986,0.6473468418200421,0.019135070688766607,40.21719799147631,40.56484875470206,-0.19565604017047378,-0.18870302490595875,-0.01031462614582948,0.21805128205128219,-0.023963292099304173,0.15582069366196788,-0.02534381935262095,0.10388582780336461,-1.7003009563258111,0.7117733606365225,-1.5339398566750775,0.48104637407681516,-0.4942637978446443,-0.5264467412991312,0.5103552695718877,0.026377112645080924,-0.30062346199558576,0.6382978723404256,0.4009286335543165,0.9515402798286086,0.9072481572481572,1.0,0.2209244297125837,0.11274994688098121,4023.0,13.0,nearest_listed_proxy,pure_direction_quality_causal_calibration
2024-07,2024-06,2024-06,2024-06-28,2024-06,2024-06,2024-06-28,2024-05-31,0.4559946376136851,0.0,0.02786093673178955,0.02786094157769588,3.2742513249045224,0.0,1.3845446667770656e-06,4.153634000331197e-09,6.92272333374655e-10,0.004340673614867488,0.1984347546654289,0.15097546315726912,0.36947867357358455,0.2811111086037173,0.1874432365916517,0.32848413281667826,0.48407263059167005,2.883442674483759e-20,Stage30_PureODS_QualityCausal,True,False,0,Optimization terminated successfully,2,-0.005925830130592177,0.006636377479501188,0.0010028897445138229,0.07361919128693131,1.0,0.0005014448722569114,0.00020909386128612197,0.00020909386128612197,8.615365977864614e-09,0.005925830130592177,0.10970267514589548,-0.1570164002375489,0.0,0.02029732485410453,0.0029835997624511057,0.48407263059167005,GLD,0,-0.06476647047230313,-0.06082692521635696,4.478924031389961e-05,4.478924031389961e-05,219,-2.724391771071012e-06,True,0.005326981995276365,0.0030364665998932425,0.00992069312530566,-0.0009214472610053126,-6.047120873763683e-07,4.3250314166018005e-06,-5.762101953088998e-05,-3.967037002132198e-06,0.005326377283188989,0.0030407916313098444,0.00986307210577477,-0.0009254142980074447,0.005004012481649448,0.0040523404746265765,0.009021951172848042,0.003164542204706342,1.0,-1.0,1.0,-1.0,0.3518448872228744,0.5512090208113287,0.6985240172177538,0.5544897577197546,0.6759224436114372,0.22439548959433564,0.8492620086088769,0.2227551211401227,0.005007341585507896,0.004048015443209975,0.009079572192378932,0.0031685092417084743,0.28303616063989334,0.6753217599521102,0.3786831944726682,0.07797462817147857,1.2830361606398935,1.6753217599521102,1.3786831944726683,1.0779746281714786,2024-06-28,1.509295358871758,0.6014817480674635,0.011755253203405988,2024-06-30,1.2282087795254037,0.5512090208113287,0.000804658680286861,2024-06-28,2.3170138157316913,0.6985240172177538,0.012570587031050582,2024-06-28,1.2446173063984385,0.5544897577197546,0.01770268652729241,63.16733190230283,59.535313777755164,0.2633466380460565,0.19070627555510328,0.009505658975593717,0.05253413561675532,0.014233889143857545,-0.006436446697333731,0.007886038974188065,-0.14798988430561924,1.0412061624795645,-0.033877730951184265,0.5199505486608024,-0.6752656967622654,0.5036642157641902,-0.07765757405073154,-0.21300332085672932,0.020624904125178516,-0.5941671161461178,0.6382978723404256,0.5466027830879275,0.9446455696043982,0.9225708502024291,1.0,0.30406319587790126,-0.06476647047230313,4037.0,13.0,nearest_listed_proxy,pure_direction_quality_causal_calibration
2024-08,2024-07,2024-07,2024-07-30,2024-07,2024-07,2024-07-31,2024-06-30,0.5754639180700857,0.0,-0.01364523226101283,-0.013645225075754632,3.2295734050952714,-0.013645232261012774,2.052930913640241e-06,6.158792740920723e-09,1.0264654567992835e-09,0.004379251508703207,0.19233239011204473,0.17515696184593119,0.3310362165898954,0.3014744314521288,0.18329725652835546,0.3250558146543101,0.49164692881733446,0.0,Stage30_PureODS_QualityCausal,True,False,0,Optimization terminated successfully,2,-0.0060844065294203276,0.006840236420252744,0.001086026284878707,0.07556667933376068,1.0,0.0005430131424393535,0.00021280638211155036,0.00021280638211155036,1.0366281512282696e-08,0.0060844065294203276,0.11415916703683714,-0.15985572317187685,0.0,0.015840832963162868,0.00014427682812315212,0.49164692881733446,GLD,0,-0.03537591636039964,-0.034167219655595875,5.9475147652631816e-05,5.9475147652631816e-05,220,-2.0321004338964685e-06,True,0.0049473194160436496,0.003090218173576754,0.010363279600740537,-0.0008838111555481154,-5.500507480048183e-07,-3.316428425023348e-06,5.276616057988499e-05,-2.318727302631156e-05,0.004946769365295645,0.0030869017451517307,0.010416045761320422,-0.0009069984285744269,0.004712764057116168,0.004190408644516635,0.009385359150599865,0.00295377596645233,1.0,-1.0,1.0,-1.0,0.18329057231336043,0.7121464112588705,0.655520798075115,0.46712081588941434,0.5916452861566802,0.14392679437056477,0.8277603990375575,0.26643959205529283,0.004715346208298069,0.0041937250729416585,0.00933259299001998,0.0029769632394786418,0.3913512616201859,0.6179800387308207,0.4348573740643334,0.2410753156290814,1.391351261620186,1.6179800387308207,1.4348573740643333,1.2410753156290815,2024-07-31,1.6077277399593775,0.6165243845526689,0.013179270732601266,2024-07-31,2.4739883020854494,0.7121464112588705,0.0007455620687724937,2024-07-31,1.902932874937552,0.655520798075115,0.013113482248172794,2024-07-31,0.8765979790880238,0.46712081588941434,0.021457625314274885,48.49540810986605,48.17195850950457,-0.030091837802679038,-0.036560829809908595,0.0035564162485627604,0.06792058516196443,0.0012996715857539953,0.05657338519853492,-0.0022682897140605257,0.15721266514772228,0.11269258097648104,0.25635401071624164,-0.1092757521806683,0.7289432949365335,0.18452329584636135,0.3098337713779326,-0.24717853361214698,0.030228624008941506,-0.1355632483436615,0.5769230769230769,0.29187336149543025,0.9188462415979081,0.925,1.0,0.14311888594625588,-0.03537591636039964,4055.0,8.0,nearest_listed_proxy,pure_direction_quality_causal_calibration
2024-09,2024-08,2024-08,2024-08-30,2024-08,2024-08,2024-08-30,2024-07-31,0.4966610490044766,0.9035433070866141,0.015622971872784046,0.015623373017733958,3.280028939564166,0.0,0.000114612842832304,3.43838528496912e-07,5.7306421416158936e-08,0.004060283238173812,0.15521558904063565,0.15092363707739892,0.35179421499143887,0.3420665588905266,0.17554697515354592,0.3293613642000359,0.49509166064641813,0.0,Stage30_PureODS_QualityCausal,True,False,0,Optimization terminated successfully,4,-0.0057328041143567925,0.006543149297883516,0.0011933186385406174,0.0713578797433585,1.0,0.0005966593192703087,0.0002132831805159496,0.0002132831805159496,4.026837404664625e-07,0.0057328041143567925,0.11966546562182177,-0.15999999916320606,0.0,0.010334534378178231,8.367939396958235e-10,0.49509166064641813,GLD,0,-0.06166834818764899,-0.05808626422076319,0.000343894646134157,0.000343894646134157,221,-1.99755552794545e-05,True,0.00482928910688607,0.0031346251208988936,0.010316386621208672,-0.0020391678962983894,1.6359758370225078e-06,-9.01289442593143e-06,-2.759453212507241e-05,3.697574975080085e-05,0.004830925082723092,0.003125612226472962,0.0102887920890836,-0.0020021921465475886,0.004445899163452988,0.0039726782571187875,0.008996795485897515,0.0010957369204544136,1.0,-1.0,1.0,-1.0,0.050591474413723005,0.8301919787394885,0.5869644332637827,0.015805848330670294,0.5252957372068615,0.08490401063025577,0.7934822166318913,0.49209707583466483,0.00446423874289542,0.003981691151544719,0.009024390018022587,0.0010587611707036128,0.6673560555923229,0.6786032028469751,0.5404833836858006,0.5757149046793761,1.667356055592323,1.678603202846975,1.5404833836858005,1.5757149046793761,2024-08-30,0.33739867472184504,0.25227980339670814,0.0178154796811644,2024-08-31,4.889003314312502,0.8301919787394885,0.0008115295886889733,2024-08-30,1.4210990058360855,0.5869644332637827,0.014209914908493737,2024-08-30,0.016059685280451406,0.015805848330670294,0.027540619502860568,46.0157293040189,48.95900168820415,-0.07968541391962206,-0.020819966235917066,0.0038796058428641478,0.2637397346809855,-0.007736766337030186,0.06657113301145334,0.007330871278579958,0.08142978743781351,-0.5366600018240619,0.3023109836013054,0.48632705521500524,0.37782524346765983,-0.11717450911137825,0.43207614934133254,-0.15745082011497713,0.03373548435262993,-0.004757570302445014,0.6382978723404256,0.7344940276499141,0.9798330977682687,0.8526162738844414,1.0,0.39166736726182944,-0.06166834818764899,4071.0,13.0,nearest_listed_proxy,pure_direction_quality_causal_calibration
2024-10,2024-09,2024-09,2024-09-30,2024-09,2024-09,2024-09-30,2024-08-31,0.7356238814815301,0.0,0.039441014765503504,0.03948633738342505,3.4093966094007953,0.0,0.012949319406156734,3.8847958218470204e-05,6.474659703078395e-06,0.003994266702105533,0.20524284690840972,0.08966206629322951,0.49071994557337,0.2143751412249907,0.16265901617592368,0.34007524618133833,0.4972657376427379,1.2958678492125137e-19,Stage30_PureODS_QualityCausal,True,False,0,Optimization terminated successfully,13,-0.005472519964893793,0.006297215998979524,0.0011368910109982166,0.06874524592176498,1.0,0.0005684455054991083,0.0002109261056061864,0.0002109261056061864,4.5324422980437705e-05,0.005472519964893792,0.11680193548044741,-0.16000000000010353,0.0,0.01319806451955259,-1.0352829704629585e-13,0.4972657376427379,GLD,0,0.2918204815636233,0.22589863353954795,0.001162990542764907,0.001162990542764907,222,0.0002627179744300097,True,0.0058462718829203975,0.0031448104257667856,0.009320846111994758,-0.002334861612259806,-5.073593956444829e-07,-2.4356650820794072e-05,0.00014667331996198274,-3.2291104231196556e-05,0.005845764523524753,0.0031204537749459915,0.00946751943195674,-0.0023671527164910024,0.005017766815273343,0.0038594141322320233,0.008382921763387854,-0.000679671028496936,1.0,-1.0,1.0,-1.0,-0.17787541199157544,0.7398431864463572,0.5927601617821591,-0.4667569990123417,0.4110622940042123,0.13007840677682142,0.7963800808910795,0.7333784995061708,0.0047555562002389775,0.0038837707830528174,0.008236248443425872,-0.0006473799242657395,0.7275651600131969,0.536241511662238,0.5226680040120361,0.6262942191544435,1.727565160013197,1.5362415116622379,1.522668004012036,1.6262942191544436,2024-09-30,-0.3000069194884485,-0.23077332511930085,0.020006569012639332,2024-09-30,2.8438355172804495,0.7398431864463572,0.0006745081982991258,2024-09-30,1.4555554397040094,0.5927601617821591,0.014008848750799411,2024-09-30,-0.8753176284504944,-0.4667569990123417,0.029019224675642864,44.66759635848002,40.189758098748705,-0.10664807283039962,-0.19620483802502592,-0.0064012854795579,0.1167192429022083,-0.026634389440436813,-0.14394437150015296,-0.03362337769664651,-0.06892703527958738,-1.893384860663025,-0.6686357377442346,-2.0514343627274294,-0.3142755506510374,-1.2810102992036299,-1.1828549566892335,1.2319326279464318,0.07432982885637446,0.9428772930214456,0.6,0.5403033073184125,0.8997724604012949,0.8120957529709721,1.0,0.2368802278173872,0.2918204815636233,4084.0,10.0,nearest_listed_proxy,pure_direction_quality_causal_calibration
2024-11,2024-10,2024-10,2024-10-31,2024-10,2024-10,2024-10-31,2024-09-30,0.7207262407315631,0.0,-0.007257598031021581,-0.007189237593580344,3.3846525792814366,-0.00725759803102155,0.019531553554639078,5.859466066391723e-05,9.765776777319491e-06,0.004150894122576537,0.2020319804729642,0.053156288555861624,0.5896657775855885,0.1551459533855857,0.15546154176633553,0.34615251145113135,0.49838594678253323,0.0,Stage30_PureODS_QualityCausal,True,False,0,Optimization terminated successfully,21,-0.0055231473544759355,0.006286363263303634,0.0009710561396835049,0.06961002232154256,1.0,0.00048552806984175243,0.00020932577230321572,0.00020932577230321572,6.836206668272955e-05,0.0055231473544759355,0.10794755057990922,-0.1600000000000096,0.0,0.022052449420090783,-9.603429163007604e-15,0.49838594678253323,GLD,0,-0.31878089124551895,-0.24172392348242716,0.0001496671723523653,0.0001496671723523653,223,-3.6178136117534383e-05,True,0.006607522113330943,0.0031317968517588493,0.008972957296330136,-0.002108699771113779,-6.814683744695745e-07,-2.905614018265158e-05,0.00013619835494301405,-1.5799206651546558e-05,0.006606840644956474,0.003102740711576198,0.00910915565127315,-0.0021244989777653256,0.005108268656730593,0.00392508555020627,0.008293864921337444,-0.00013792532439780826,1.0,-1.0,1.0,-1.0,-0.19057004773381267,0.6138691804566452,0.6618498345798043,-0.3652707549063245,0.40471497613309365,0.1930654097716774,0.8309249172899021,0.6826353774531623,0.005145128261222596,0.003954141690388922,0.008157666566394429,-0.0001221261177462617,0.5797566189771419,0.762747979426892,0.31040335463258784,0.6335050440008586,1.579756618977142,1.762747979426892,1.3104033546325877,1.6335050440008585,2024-10-31,-0.6514934438454824,-0.3944874539304787,0.01581252280820528,2024-10-31,1.5897958655116362,0.6138691804566452,0.0009170383219885846,2024-10-31,1.9572660381738085,0.6618498345798043,0.011913305219919137,2024-10-31,-0.575474909545749,-0.3652707549063245,0.029319915549883422,41.7614254089842,49.37744012746783,-0.16477149182031595,-0.012451197450643435,0.013206695178155536,0.2743398106626806,0.0009269419355282594,0.12406751572051126,0.017233603785667528,0.4774929235963921,0.08662492703317268,0.5684044190293551,1.1044088414742788,2.2052330946619096,0.3275146730312639,1.654820968068094,-0.991167820549679,0.056288516628591315,0.6086317086695655,0.6521739130434783,0.6139563485499668,0.9663569304997862,0.8312020460358056,1.0,0.3216215101381423,-0.31878089124551895,4100.0,14.0,nearest_listed_proxy,pure_direction_quality_causal_calibration
2024-12,2024-11,2024-11,2024-11-29,2024-11,2024-11,2024-11-29,2024-10-31,0.6886435552956557,0.0,0.018381497192120646,0.018381500243884453,3.4468675611638018,0.0,8.722230962765476e-07,2.616669288829643e-09,4.3509451855272553e-10,0.004024322349104953,0.1633079919115062,0.041292594234922916,0.6348715000799268,0.1605279137736442,0.1526054798800597,0.3554156031440734,0.49197891697586693,0.0,Stage30_PureODS_QualityCausal,True,False,0,Optimization terminated successfully,1,-0.005378691154994332,0.006108925802045865,0.001054397416183918,0.06698072512744688,1.0,0.000527198708091959,0.00020302829733430863,0.00020302829733430863,7.641625265322866e-09,0.005378691154994332,0.11248452779919119,-0.15720927054148934,0.0,0.017515472200808818,0.0027907294585106657,0.49197891697586693,GLD,0,0.027858353189821952,0.027103299888907115,0.002381029164657011,0.002381029164657011,224,6.453374749393296e-05,True,0.00670311900814375,0.003237859792088187,0.008683213198410998,-0.0025269026022231257,-9.74686945419838e-07,-1.1803760765351218e-05,0.00010415775180607077,-1.3636913722905453e-05,0.00670214432119833,0.003226056031322836,0.00878737095021707,-0.002540539515946031,0.0049984142423889905,0.0038307322931386933,0.008099205539112276,-0.0004523523399326701,1.0,-1.0,1.0,-1.0,-0.320192647199851,0.5377115068504579,0.7045797236450392,-0.36250481657173456,0.33990367640007446,0.23114424657477106,0.8522898618225196,0.6812524082858673,0.004934855181840477,0.0038425360539040446,0.007995047787306205,-0.00043871542620976464,0.582445500737584,0.8577176298463789,0.4662887828162291,0.47499465697798676,1.5824455007375842,1.857717629846379,1.4662887828162292,1.4749946569779868,2024-11-29,-1.3126691163081352,-0.5675991896340254,0.015867469564837616,2024-11-30,1.1631513974900467,0.5377115068504579,0.0011460211235072549,2024-11-29,2.3850080039816053,0.7045797236450392,0.013431557700341438,2024-11-29,-0.5686393026881992,-0.36250481657173456,0.02541899885100414,38.92978823144511,41.42127417027851,-0.22140423537109782,-0.17157451659442985,0.008858370778930813,0.21245077817363578,-0.008091216009274427,-0.035404911032537505,-0.0019134471657920654,0.12726418622754243,-0.5625631125422274,-0.16914033812722257,-0.08578080845647183,0.5899502284381142,-0.365851725334725,0.25208470999082117,0.05688350767195191,0.035155160800999036,0.04184651465151391,0.6382978723404256,0.8982374807821868,0.975958994486245,0.8752314814814814,1.0,0.4897439403786686,0.027858353189821952,4116.0,13.0,nearest_listed_proxy,pure_direction_quality_causal_calibration
2025-01,2024-12,2024-12,2024-12-30,2024-12,2024-12,2024-12-30,2024-11-30,0.6499645672061712,0.0,0.032746265091838325,0.03277439369827726,3.5597396000581303,0.0,0.008036744696839127,2.411023409051738e-05,4.018372348419591e-06,0.004148063441958976,0.1450160493285135,0.06161736290837109,0.5567874381068441,0.23657914965627128,0.14516882745773124,0.3548478804846581,0.49998329205761055,0.0,Stage30_PureODS_QualityCausal,True,False,0,Optimization terminated successfully,10,-0.005792602796864742,0.006499882738273515,0.0009443286325020489,0.07233262106426988,1.0,0.00047216431625102446,0.00020698472478798037,0.00020698472478798037,2.813090036976903e-05,0.005792602796864742,0.10645160210172784,-0.15999999999998868,0.0,0.023548397898272164,1.1324274851176597e-14,0.49998329205761055,GLD,0,-0.04284730455874447,-0.041086844038854056,0.0018120775070563583,0.0018120775070563583,225,-7.445254591874005e-05,True,0.005884709410002336,0.0032175195793443193,0.009532407919557827,-0.0020423831410685796,-1.174703791247007e-06,-1.0281196234481813e-05,0.00011552752862958772,-1.17322136109334e-05,0.005883534706211089,0.0032072383831098375,0.009647935448187414,-0.002054115354679513,0.004635579287515585,0.003946114021868128,0.00885363771555145,0.000647526137623296,1.0,-1.0,1.0,-1.0,-0.3514589552169034,0.5880511783338965,0.7049602840455039,-0.12715780483109504,0.3242705223915483,0.20597441083305174,0.8524801420227519,0.5635789024155475,0.004711206537225572,0.0039563952181026095,0.008738110186921864,0.0006592583512342294,0.6295539944453521,0.7919458199825226,0.23440285204991088,0.14797872340425533,1.629553994445352,1.7919458199825224,1.2344028520499108,1.1479787234042553,2024-12-30,-2.2012595551216814,-0.6876229550334011,0.01688274022640864,2024-12-31,1.4274860065276003,0.5880511783338965,0.0009661947926815784,2024-12-31,2.3893741958259946,0.7049602840455039,0.011081830813207525,2024-12-31,-0.14568246761545314,-0.12715780483109504,0.01971954049966932,42.431872396272134,39.230432072862406,-0.15136255207455732,-0.21539135854275188,0.013514336044278402,0.25327210103329506,0.006469407736797519,0.14478623238052496,-0.008081487953259041,0.0008653783211007553,0.4865341795324304,0.6650260166622579,-0.468863224419969,0.005248561365256675,0.5757800980973442,-0.23180733152735616,-0.17198638328499402,0.03909829224136401,0.1699857687613525,0.6,0.49105601293287476,0.9550065749953738,0.8854026090868197,1.0,0.24913195882341077,-0.04284730455874447,4131.0,10.0,nearest_listed_proxy,pure_direction_quality_causal_calibration
2025-02,2025-01,2025-01,2025-01-31,2025-01,2025-01,2025-01-31,2024-12-31,0.5944235932233695,0.0,0.018968733639422804,0.019000142677090073,3.6272633523573385,0.0,0.008974010762077031,2.6922032286231093e-05,4.487005381038522e-06,0.004050000236753438,0.051899409364144694,0.03315857514454315,0.5582656405594597,0.3566763749318524,0.14455641665482977,0.35536542092175316,0.5000781624234171,9.387464178239434e-19,Stage30_PureODS_QualityCausal,True,False,0,Optimization terminated successfully,16,-0.006089336019726277,0.006799412195308746,0.0009452573969253193,0.07592140196215304,1.0,0.0004726286984626597,0.00020603610198789414,0.00020603610198789414,3.141137513191503e-05,0.006089336019726277,0.10650393778214884,-0.15999999999999964,0.0,0.023496062217851166,3.608224830031759e-16,0.5000781624234171,GLD,1,-0.2125677853827371,-0.1753038369856097,0.0016566126518451818,0.0016566126518451818,226,-0.00029041055426736633,True,0.0059426728853813286,0.003373637351251975,0.010196216780112163,-0.003312526069731715,-1.012420418553609e-06,-3.6219576157429693e-06,9.793913859810639e-05,-8.440946099929532e-06,0.0059416604649627745,0.003370015393636232,0.01029415591871027,-0.0033209670158316443,0.004547797392462955,0.003918774939093739,0.009497318922780978,0.0020968147996882243,1.0,-1.0,1.0,-1.0,-0.1660257456907944,0.6226778766864206,0.7407065012083532,0.471718154880536,0.4169871271546028,0.1886610616567897,0.8703532506041767,0.264140922559732,0.004839220367148875,0.003922396896709483,0.00939937978418287,0.0021052557457881538,0.5249226258348265,0.47897636653617515,0.1853422765831525,0.3579449152542373,1.5249226258348265,1.478976366536175,1.1853422765831525,1.3579449152542373,2025-01-31,-1.3558890888203405,-0.575531800395269,0.014998412707428362,2025-01-31,1.650255413645424,0.6226778766864206,0.0006298703316903056,2025-01-31,2.8566335240188274,0.7407065012083532,0.010461988341035029,2025-01-31,0.8929289530550933,0.471718154880536,0.023491461827990424,53.45647817164827,50.41624999449602,0.06912956343296543,0.008324999889920406,0.019168305431087107,0.1926444833625219,0.008029648558310424,0.14268313761910315,0.013120185851338966,0.044557318772590976,0.5985192969768527,0.6563385247258772,0.849020097398047,0.2081302912515298,0.6274289108513649,0.5285751943247884,-0.5780020525880767,0.028995163592103,-0.19064943415552232,0.6382978723404256,0.6828969055704317,0.9676923267692769,0.8718709915690633,1.0,0.36776302857565674,-0.2125677853827371,4144.0,13.0,nearest_listed_proxy,pure_direction_quality_causal_calibration
2025-03,2025-02,2025-02,2025-02-28,2025-02,2025-02,2025-02-28,2025-01-31,0.6204709289102308,0.0,0.050790392557947504,0.05079717732823427,3.8114934819346247,0.0,0.001938505796219459,5.815517388658377e-06,9.692528981097018e-07,0.0041506415136974405,0.09234657563364647,0.06363730113968367,0.49967984109557106,0.3443362821310988,0.1456758790973119,0.35441939209772694,0.49990472880496123,2.0325393472267732e-19,Stage30_PureODS_QualityCausal,True,False,0,Optimization terminated successfully,14,-0.006229985162676878,0.00697228170019263,0.001060641212103552,0.07730353312969025,1.0,0.000530320606051776,0.00020518886954289442,0.00020518886954289442,6.787061921081123e-06,0.006229985162676878,0.11281708445640058,-0.16000000005263054,0.0,0.017182915543599422,-5.263053881598978e-11,0.49990472880496123,GLD,0,-0.33642295456484805,-0.2517338941356261,0.0005730975775787274,0.0005730975775787274,227,-0.00014426808492358712,True,0.005629231112984312,0.003356970012254469,0.0104603712811881,-0.0028440063516371166,-7.836724270711891e-07,-3.5987479622601146e-06,0.0001269274918257586,-1.2470872521338707e-05,0.005628447440557241,0.0033533712642922087,0.010587298773013858,-0.0028564772241584553,0.004619244316921442,0.003987145023926904,0.00977435784545372,0.0027423383019742277,1.0,-1.0,1.0,-1.0,-0.16994606093451928,0.597068203866293,0.742321475715611,0.6008856010837621,0.4150269695327404,0.2014658980668535,0.8711607378578055,0.19955719945811895,0.0047642960742721,0.003990743771889164,0.009647430353627962,0.0027548091744955664,0.5522812144828706,0.5853429602888086,0.35485455974842767,0.2575437856087782,1.5522812144828706,1.5853429602888087,1.3548545597484276,1.257543785608778,2025-02-28,-0.5162727197807486,-0.3404880355925688,0.01540863939059136,2025-02-28,1.4818096005214854,0.597068203866293,0.0007261203399109794,2025-02-28,2.8808045908255124,0.742321475715611,0.012315135791387205,2025-02-28,1.5055472884852492,0.6008856010837621,0.02190060274272033,44.89846351713021,46.634029122320335,-0.10203072965739579,-0.0673194175535933,0.031219686949365888,0.422181017499131,0.0026029400560802947,0.24104202978769868,0.012084166012420296,0.3447327988853001,0.2067131756548445,1.113583306173497,0.7814630949190196,1.59679608632454,0.6601482409141708,1.1891295906217798,-0.9246389157679753,0.053723776235830384,0.5555148234913877,0.6382978723404256,0.7474770819597445,0.9117302793153376,0.836422671755489,1.0,0.3638425214727481,-0.33642295456484805,4159.0,13.0,nearest_listed_proxy,pure_direction_quality_causal_calibration
2025-04,2025-03,2025-03,2025-03-31,2025-03,2025-03,2025-03-31,2025-02-28,0.736183121728499,0.0,0.003962540079589856,0.004037812559904064,3.8265966776198863,0.0,0.021506422946916556,6.451926884074967e-05,1.0753211473458257e-05,0.004383753016053447,0.12494133010761294,0.06780022564495575,0.5232911157693205,0.28396732847811074,0.14073968571057477,0.3585913221188756,0.5006689921705497,4.89643627753306e-19,Stage30_PureODS_QualityCausal,True,False,0,Optimization terminated successfully,13,-0.006461043066839813,0.007214536242717633,0.0009483379072034348,0.08088440746939099,1.0,0.0004741689536017174,0.00020404993787857288,0.00020404993787857288,7.527428439753003e-05,0.006461043066839813,0.10667734007951837,-0.16000000039118287,0.0,0.02332265992048163,-3.9118286387918033e-10,0.5006689921705497,GLD,1,-0.19964080701526105,-0.16641715240745503,0.0,0.0,228,-0.0,True,0.005862394373773046,0.0032842528813249194,0.01055263951753175,-0.002164274708415924,-7.785562230997186e-07,-1.0678968126079563e-05,0.0002712621263051465,-1.668492526772741e-05,0.005861615817549947,0.00327357391319884,0.010823901643836896,-0.0021809596336836512,0.005070848714610936,0.004130011922526531,0.010026345212451103,0.0025443166405088582,1.0,-1.0,1.0,-1.0,-0.06958607482554656,0.5578679479455455,0.741426128947366,0.44326703338001794,0.4652069625872267,0.22106602602722725,0.870713064473683,0.27836648330999103,0.005071627270834035,0.0041406908906526105,0.009755083086145956,0.0025610015657765856,0.6024437611263959,0.5739649223691777,0.2107065962027794,0.16039915966386556,1.6024437611263957,1.5739649223691776,1.2107065962027794,1.1603991596638656,2025-03-31,0.16124252312122347,0.13885344354065748,0.01626866521482392,2025-03-31,1.2617677125042197,0.5578679479455455,0.0007116485309905656,2025-03-31,2.867366783538795,0.741426128947366,0.010784371608855755,2025-03-31,0.7961932559359032,0.44326703338001794,0.020009929128340122,39.99901758528821,42.620399013846935,-0.20001964829423585,-0.1475920197230613,0.031881216292125925,0.3465634075508229,0.005422707167090894,0.2580546988159625,5.963617507020666e-06,0.15540565526215813,0.41122017465772287,1.1942324737784933,0.03103516353207462,0.7216062428808915,0.8027263242181081,0.37632070320648303,-0.5895235137122956,0.08483455372242918,1.1093009971784404,0.6,0.6663685872049835,0.9631695319314701,0.879386273165343,1.0,0.3386477424082723,-0.19964080701526105,4174.0,10.0,nearest_listed_proxy,pure_direction_quality_causal_calibration
2025-05,2025-04,2025-04,2025-04-29,2025-04,2025-04,2025-04-30,2025-03-31,0.5462298070298355,0.0,0.011476417089006557,0.01147642311947639,3.8705122971236587,0.0,1.7229913808064496e-06,5.168974142419349e-09,8.614956903962861e-10,0.004124775897917964,0.12045447655079917,0.05995027529392207,0.5472356775005601,0.2723595706547186,0.1410804729216996,0.36176728344944314,0.4971522436288573,3.8770074665084744e-19,Stage30_PureODS_QualityCausal,True,False,0,Optimization terminated successfully,1,-0.006093861295289153,0.006986086708587578,0.0013834667038082938,0.07553224028020117,1.0,0.0006917333519041469,0.0002004823047186613,0.0002004823047186613,9.756675616399493e-09,0.006093861295289153,0.12884719805141098,-0.15858950723643642,0.0,0.0011528019485890217,0.0014104927635635867,0.4971522436288573,GLD,0,-0.17238474829380307,-0.1470376926556562,0.0,0.0,229,-0.0,True,0.0060412001494898815,0.0033338140288244316,0.010340700480233417,-0.003216611066875875,-8.196056364333236e-07,-8.991071837884739e-07,3.075048443216588e-05,-8.859340623348527e-06,0.006040380543853448,0.0033329149216406433,0.010371450964665583,-0.0032254704074992234,0.005164988655944031,0.004033391981945541,0.009651486979024187,0.0003428900709580868,1.0,-1.0,1.0,-1.0,0.0864320494886351,0.7712031076989019,0.7683485453830244,-0.027878384406204094,0.5432160247443175,0.11439844615054906,0.8841742726915123,0.513939192203102,0.005165808261580465,0.0040342910891293295,0.009620736494592021,0.0003517494115814353,0.5685373326882761,0.7922273117663899,0.8681286549707602,0.8639405982012132,1.568537332688276,1.79222731176639,1.8681286549707603,1.8639405982012132,2025-04-30,0.3343655131832573,0.25058015204964057,0.01567396321302078,2025-04-30,3.3706887359466124,0.7712031076989019,0.0009722507249009163,2025-04-30,3.3168302208740763,0.7683485453830244,0.02021381621625368,2025-04-30,-0.028677877293341827,-0.027878384406204094,0.03779848381912834,56.86566844116797,43.57013137964527,0.13731336882335937,-0.12859737240709465,0.021325541069275145,0.2770379993504384,0.013131635896839241,0.17348107068039786,-0.0017148246221413335,0.07529010814183776,0.9688755667196897,0.8020064152646259,-0.07525663243163304,0.35049140923624056,0.8854409909921578,0.13761738840230375,-0.5115291896972307,0.03064015727402742,-0.12719228408393096,0.5769230769230769,0.6540434637456987,0.9858563363412746,0.9059208702363291,1.0,0.3369988492657398,-0.17238474829380307,4191.0,8.0,nearest_listed_proxy,pure_direction_quality_causal_calibration
2025-06,2025-05,2025-05,2025-05-30,2025-05,2025-05,2025-05-30,2025-04-30,0.6935482977909705,0.0,0.01062546270990452,0.010625467265070647,3.911638281204973,0.0,1.423421062768382e-06,4.270263188305147e-09,2.849029391016613e-10,0.004246141847316088,0.11179941206497909,0.03254345407504461,0.6627412012309011,0.19291593262907522,0.14824177864978297,0.3557335873759897,0.4960246339742274,4.0998127266648887e-19,Stage30_PureODS_QualityCausal,True,False,0,Optimization terminated successfully,1,-0.005995809342303907,0.0068651451978103736,0.0013386845696874282,0.0743496349555999,1.0,0.0006693422848437141,0.00019998518722664848,0.00019998518722664848,8.38343610317467e-09,0.005995809342303907,0.126744683660693,-0.15858221530904418,0.0,0.0032553163393070073,0.0014177846909558256,0.4960246339742274,GLD,0,0.3536457406307364,0.2612542779959207,0.0,0.0,230,0.0,True,0.007117443653496772,0.003280720314169701,0.009547177405004059,-0.0029607739834061784,-6.390181002420798e-07,-7.451355572656585e-06,0.00015673415849868158,-1.8948893269395934e-05,0.00711680463539653,0.0032732689585970444,0.00970391156350274,-0.0029797228766755743,0.006224806969360326,0.004086963184153023,0.00904894305346475,-0.0009614310949435522,1.0,-1.0,1.0,-1.0,0.37868066386047317,0.685676562245473,0.7528903540033408,-0.4399013866296945,0.6893403319302366,0.1571617188772635,0.8764451770016704,0.7199506933148473,0.006225445987460568,0.004094414539725679,0.008892208894966069,-0.0009424822016741562,0.3769292604501608,0.6805614935157475,0.8626480295088332,0.6198458975426906,1.3769292604501608,1.6805614935157474,1.8626480295088332,1.6198458975426906,2025-05-30,0.8007728694343073,0.44468288201491013,0.013136863498324046,2025-05-31,2.181436316501974,0.685676562245473,0.0008248562316992617,2025-05-30,3.04678658320574,0.7528903540033408,0.020121325636514288,2025-05-30,-0.7853998851785349,-0.4399013866296945,0.028877065865716034,67.1828195669236,67.38513591140187,0.343656391338472,0.3477027182280375,0.005605351990539437,0.16745713243341848,-0.01518783257591641,-0.18182613341202264,-0.01902959495728375,-0.14155122630312664,-1.0804354789336512,-0.8517539597718935,-1.1561848200144462,-0.6550755275240681,-0.9660947193527724,-0.9056301737692571,0.9358624465610148,0.04450942184271467,0.3264044282399285,0.6382978723404256,0.6820778975858937,0.9836793967933993,0.8823592898386488,1.0,0.37788217908547095,0.3536457406307364,4207.0,13.0,nearest_listed_proxy,pure_direction_quality_causal_calibration
2025-07,2025-06,2025-06,2025-06-30,2025-06,2025-06,2025-06-30,2025-05-31,0.6650899841714722,0.0,0.02546027693871745,0.025791916224508462,4.011229675128541,0.0,0.11054638289511427,0.00033163914868534285,1.3710566648689068e-10,0.004533766480704707,0.18738211711174252,0.041932328641100435,0.6297583665440692,0.1409271877030877,0.2810391490614076,0.24105217466016152,0.477908676278431,8.576200427798258e-20,Stage30_PureODS_QualityCausal,True,False,0,Optimization terminated successfully,18,-0.006225382823630539,0.007411881624363563,0.0012460700459599897,0.08146615921660282,1.0,0.0006230350229799948,0.00023182146654194562,0.00023182146654194562,0.00033164231121108093,0.006225382823630541,0.12228180793364105,-0.16000000017627938,0.0,0.007718192066358959,-1.7627937998199172e-10,0.477908676278431,GLD,0,0.1563884338189973,0.13523867002242593,0.011232762934911383,0.011232762934911383,231,0.0015191039199946171,True,0.007751581273894537,0.003194489907191035,0.009242851309654214,-0.0020538565679209617,-6.324331796521623e-08,-9.71470371106668e-06,9.268798417681211e-05,-1.267487188605105e-05,0.007751518030576571,0.0031847752034799685,0.009335539293831026,-0.0020665314398070128,0.008464744614053207,0.004058074015873513,0.008484360372205091,-0.0004172613379983328,1.0,-1.0,1.0,-1.0,0.49911515216877156,0.3041351273731212,0.638494971934573,-0.49928218732771706,0.7495575760843858,0.3479324363134394,0.8192474859672865,0.7496410936638586,0.006945703937376555,0.0040677887195845796,0.008391672388028279,-0.00040458646611228177,0.6266228562269595,0.6382148431956861,0.721427190098627,0.7850476980506014,1.6266228562269593,1.6382148431956862,1.7214271900986269,1.7850476980506014,2025-06-30,1.1077665800626377,0.5255641637650966,0.01675182507929278,2025-06-30,0.43706061239305843,0.3041351273731212,0.0007828267019990507,2025-06-30,1.7662132539385178,0.638494971934573,0.016657844713355248,2025-06-30,-0.9971328654419059,-0.49928218732771706,0.03397024277920716,78.714243739784,69.8748208972769,0.5742848747956799,0.3974964179455381,0.005277178418932327,0.1783827712312068,-0.0027466970955078787,0.0578280386186413,-0.01319303887429189,-0.19309654811737081,-0.17967208911944785,0.2662165520607439,-0.7899428105067455,-0.8911448457011573,0.04327223147064803,-0.8405438281039515,0.3986357983166517,0.052029420204459845,0.5147868200821647,0.6,0.757706589326237,0.9773814530590096,0.8829008312493396,1.0,0.39230905623476386,0.1563884338189973,4222.0,10.0,nearest_listed_proxy,pure_direction_quality_causal_calibration
2025-08,2025-07,2025-07,2025-07-31,2025-07,2025-07,2025-07-31,2025-06-30,0.655603788191904,0.0,0.016648264422322433,0.016660709590991588,4.0780096874187475,0.0,0.003555861648044889,1.0667584944134667e-05,1.7775837250225413e-06,0.004727326814635771,0.18477225581082238,0.04623489225817984,0.6150828887392095,0.15390996319178832,0.2842700784515681,0.2384552861919602,0.4772746353564717,1.5891536393568908e-19,Stage30_PureODS_QualityCausal,True,False,0,Optimization terminated successfully,8,-0.005296277114005708,0.006076602661534102,0.0010717243865587937,0.06648888561905647,1.0,0.0005358621932793968,0.00023201590037822114,0.00023201590037822114,1.2447453870776293e-05,0.005296277114005708,0.11340499388785982,-0.16000000000061432,0.0,0.01659500611214018,-6.143141551007147e-13,0.4772746353564717,GLD,0,-0.2886398823348287,-0.22398800959959042,0.012631234147701915,0.012631234147701915,232,-0.002829244995530131,True,0.007769310281392029,0.0031810862285299077,0.009467840869146028,-0.0015089301205248808,-3.322113190573757e-08,-9.574757465025444e-06,9.490464167355916e-05,-1.0635521898323192e-05,0.007769277060260123,0.003171511471064882,0.009562745510819587,-0.0015195656424232039,0.004091517771494467,0.0037851178920102983,0.008403809706836905,0.0008723875915841009,1.0,-1.0,1.0,-1.0,0.44213089748293893,-0.2063247770636311,0.5110505777827876,-0.2328881702993254,0.7210654487414695,0.6031623885318156,0.7555252888913938,0.6164440851496626,0.006920795988156503,0.003794692649475324,0.008308905065163345,0.0008830231134824241,0.5792877674864261,0.4323961571065273,0.4220103986135182,0.33206028075970273,1.579287767486426,1.4323961571065273,1.4220103986135182,1.3320602807597028,2025-07-31,1.5883714971287168,0.6136566945242207,0.015834830429172903,2025-07-31,-0.25996121725998833,-0.2063247770636311,0.0005961228075146283,2025-07-31,1.0452013123675543,0.5110505777827876,0.012948641133945765,2025-07-31,-0.30359089937408196,-0.2328881702993254,0.023132457542407513,71.52607240126149,64.11072749496832,0.43052144802522974,0.28221454989936634,0.02705982641412022,0.24302541847489156,0.006416180508154409,-0.19859963724759397,0.02921653352216097,0.3108187761374803,0.4824873070039763,-0.9308799449983365,1.850083641234831,1.450580001598464,-0.2241963189971801,1.6503318214166476,-0.7130677512097338,0.043769285770227366,0.30378609133550444,0.6521739130434783,0.7875961793136642,0.949118023338102,0.8303062343358396,1.0,0.40478605552578323,-0.2886398823348287,4240.0,14.0,nearest_listed_proxy,pure_direction_quality_causal_calibration
2025-09,2025-08,2025-08,2025-08-29,2025-08,2025-08,2025-08-29,2025-07-31,0.5099138212216501,0.13668098818474758,0.08954140011978476,0.08958379255964807,4.443160384532268,0.0,0.012112634995829999,3.633790498749e-05,6.054534875835016e-06,0.004617887928833636,0.1310845625142365,0.03198217809250734,0.6727860614185959,0.16414719797466032,0.2886238336624371,0.23495680691732423,0.47641935942023866,5.921140357936159e-19,Stage30_PureODS_QualityCausal,True,False,0,Optimization terminated successfully,14,-0.006497073855841117,0.007220373719796484,0.0008964839577766252,0.08126558089089805,1.0,0.0004482419788883126,0.00023266373867724535,0.00023266373867724535,4.2394146389809394e-05,0.006497073855841117,0.10371985100895345,-0.16000000000000833,0.0,0.026280148991046554,-8.326672684688674e-15,0.47641935942023866,GLD,0,0.16142743573933502,0.13899054798595697,0.013546168731244363,0.013546168731244363,233,0.0018827894150658896,True,0.008021623833710053,0.003212643157721331,0.009462992691890468,-0.0022257079679873105,-2.879180525869946e-08,-1.1742020388643811e-06,-3.6146814783194147e-06,-6.351204157108755e-07,0.008021595041904793,0.0032114689556824666,0.00945937801041215,-0.0022263430884030214,0.008645466503180575,0.0038559664160283556,0.008016257949310409,0.0015474880733037473,1.0,-1.0,1.0,-1.0,0.26027283609959345,-0.08272569506059096,0.40429768532341886,0.10287960265445391,0.6301364180497967,0.5413628475302955,0.7021488426617094,0.448560198672773,0.006762705879919945,0.00385714061806722,0.008019872630788728,0.0015481231937194582,0.44229544730977394,0.2743705162470108,0.1541043344840813,0.14953751284686537,1.442295447309774,1.2743705162470107,1.1541043344840813,1.1495375128468655,2025-08-29,2.1968963533444636,0.6871966152565939,0.014022576755438635,2025-08-31,-0.09018643018246919,-0.08272569506059096,0.0004945998036592885,2025-08-29,0.6786908080807446,0.40429768532341886,0.010047109760227957,2025-08-29,0.11467758726572294,0.10287960265445391,0.019846683363489295,53.08160718961334,51.599487462495986,0.06163214379226673,0.03198974924991973,0.011900347374400988,0.2533031332578333,-0.006832802991887431,0.035427959577435504,-0.007151390911909059,-0.16389292724974278,-0.479184363315529,0.16058484533318332,-0.41849422914074214,-0.7590823291892393,-0.15929975899117282,-0.5887882791649908,0.3740440190780818,0.030039174193978925,-0.15561150544446836,0.6382978723404256,0.7802329640014333,0.9503794029624054,0.9118217054263567,1.0,0.4315733643789048,0.16142743573933502,4255.0,13.0,nearest_listed_proxy,pure_direction_quality_causal_calibration
2025-10,2025-09,2025-09,2025-09-30,2025-09,2025-09,2025-09-30,2025-08-31,0.6056627145377596,0.0,0.09344831559294764,0.09350992998960937,4.858366238376123,0.0,0.017604113331920468,5.2812339995761405e-05,8.802056665960207e-06,0.0049587610559751446,0.2365128512344842,0.06240508823008086,0.5547171821925372,0.14636487834289763,0.3136522751847959,0.21496587647287552,0.47138184834232866,5.836351944946824e-19,Stage30_PureODS_QualityCausal,True,False,0,Optimization terminated successfully,12,-0.006792371580709359,0.007649967261386229,0.0011080842470247805,0.08515110165448606,1.0,0.0005540421235123902,0.00024193662190955567,0.00024193662190955567,6.161693525492356e-05,0.006792371580709359,0.1153126661052348,-0.16000000000008355,0.0,0.014687333894765203,-8.354428260304303e-14,0.47138184834232866,GLD,0,0.05590972201436127,0.05294933917996529,0.01875667125190388,0.01875667125190388,234,0.0009931533480041627,True,0.007795717548559373,0.0031079417562669873,0.01027786136954286,-0.0013464764504686456,-9.986571464054626e-09,-7.192779624390823e-06,6.314884298911296e-05,-9.279335904912982e-06,0.007795707561987909,0.0031007489766425966,0.010341010212531974,-0.0013557557863735584,0.007982770409136145,0.004486358528260441,0.008871235033316069,0.0030050056510595234,1.0,-1.0,1.0,-1.0,0.43172163340323516,0.4972931737164519,0.4473594809006061,0.3832187710539044,0.7158608167016176,0.25135341314177406,0.723679740450303,0.30839061447304783,0.006989627047703447,0.0044935513078848315,0.008808086190326955,0.0030142849869644363,0.4536008883248731,0.5661157024793388,0.41709646609360074,0.23853868194842406,1.453600888324873,1.5661157024793388,1.4170964660936007,1.238538681948424,2025-09-30,3.220652349420853,0.763069801250696,0.01413881109233114,2025-09-30,0.9892309945199695,0.4972931737164519,0.0007091880421520293,2025-09-30,0.8094945365744116,0.4473594809006061,0.012840512955325933,2025-09-30,0.6213204181144045,0.3832187710539044,0.021503191111843314,64.35987495161618,62.24487999633429,0.28719749903232356,0.2448975999266858,0.013272293503636623,0.07373020207536864,0.008516865481993168,0.00838750883521188,0.0008316731182760701,-0.28135580048661146,0.636288209072469,0.035344568548643235,0.0797412751842342,-1.3055058905348913,0.3358163888105561,-0.6128823076753286,0.13853295943238625,0.008239752444330697,-1.7341479695201631,0.5882352941176471,0.7785869874301233,0.980751463488307,0.8984978379192392,1.0,0.40358426069464803,0.05590972201436127,4272.0,9.0,nearest_listed_proxy,pure_direction_quality_causal_calibration
2025-11,2025-10,2025-10,2025-10-31,2025-10,2025-10,2025-10-31,2025-09-30,0.7066382959345276,0.0,0.020365894292463625,0.020503907827094263,4.957311211620965,0.0,0.03943258031930777,0.00011829774095792331,1.9715793672712756e-05,0.005125598704779215,0.14884065738549054,0.05871607132516757,0.5682676643253417,0.2241756069640002,0.35027208328189446,0.23502466890653007,0.41470324781157547,1.7645160046789043e-20,Stage30_PureODS_QualityCausal,True,False,0,Optimization terminated successfully,15,-0.007313348999088713,0.008384933534208643,0.001408333337568768,0.09216920238509112,1.0,0.000704166668784384,0.00022940220724019755,0.00022940220724019755,0.00013801565909534952,0.007313348999088713,0.1300000001954816,-0.1397427601914654,0.0,-1.9548160312687912e-10,0.02025723980853461,0.41470324781157547,GLD,0,0.05557042982819659,0.05264492852195677,0.023454854040145613,0.023454854040145613,235,0.0012347791144363947,True,0.008686533735235272,0.003147689172072396,0.01079793428830898,-0.002129762376499786,0.0,-1.2053316650745971e-05,0.00017769861721347768,-1.8718461824378015e-05,0.008686533735235272,0.0031356358554216496,0.010975632905522456,-0.002148480838324164,0.009309072362470286,0.004364057732143098,0.009883125252639876,0.002604687785179798,1.0,-1.0,1.0,-1.0,0.6561349859152199,0.24214162114919524,0.6147944222288987,0.3102500537894816,0.82806749295761,0.3789291894254024,0.8073972111144494,0.34487497310525916,0.008074293248033892,0.004376111048793844,0.009705426635426399,0.002623406247004176,0.7269060423916482,0.8735704323570432,0.9011981742107266,0.2956814015074353,1.7269060423916482,1.8735704323570432,1.9011981742107267,1.2956814015074354,2025-10-31,3.1100920429279557,0.7566964463190906,0.01957518953666988,2025-10-31,0.31950774433129847,0.24214162114919524,0.0012035069880664705,2025-10-31,1.5960164070994445,0.6147944222288987,0.021713695130581384,2025-10-31,0.4498007654715935,0.3102500537894816,0.022494196086978304,82.3609980981797,78.22442747314875,0.6472199619635941,0.564488549462975,0.011167738236670777,0.005981092031642055,0.005554509806285355,-0.1171378883262143,-0.0034416692086563583,-0.04821359116946197,0.41756743634950305,-0.5503656538438538,-0.18728741356148346,-0.21879927085733847,-0.06639910874717539,-0.20304334220941095,0.13472122547829318,0.07573316330064975,0.9710636765411266,0.6382978723404256,0.8314426200857499,0.9692151880935946,0.8019214689892753,1.0,0.4124845927648596,0.05557042982819659,4290.0,13.0,nearest_listed_proxy,pure_direction_quality_causal_calibration
2025-12,2025-11,2025-11,2025-11-28,2025-11,2025-11,2025-11-28,2025-10-31,0.6474397449276243,0.0,0.034133602327709886,0.034145295712138,5.126522101133133,0.0,0.003340975262410798,1.0022925787232394e-05,1.6704586408862042e-06,0.0051992740717237305,0.19261748541858342,0.08861945642642922,0.4922764838976287,0.22648657425735866,0.3310149387243976,0.23045921735632924,0.4385258439192732,2.894423344500861e-17,Stage30_PureODS_QualityCausal,True,False,0,Optimization terminated successfully,7,-0.008120429807296041,0.009065889407622171,0.0014083333333416747,0.100340672891416,1.0,0.0007041666666708373,0.00022959663315512356,0.00022959663315512356,1.1696300500165807e-05,0.008120429807296044,0.13000000000038497,-0.14773825876212496,0.0,-3.8496983378877303e-13,0.012261741237875046,0.4385258439192732,GLD,0,0.20790690197584344,0.17212162761530547,0.022466242741719326,0.022466242741719326,236,0.0038669262671052734,True,0.007890154133321363,0.0030299749977887713,0.011396804498323138,-0.0015198373425383506,0.0,-1.3853168916233619e-05,0.00014454864183717394,-1.5491332035380478e-05,0.007890154133321363,0.0030161218288725375,0.011541353140160311,-0.001535328674573731,0.010802558419326067,0.003532975802309527,0.010662711037171828,0.001751761592811243,1.0,-1.0,1.0,-1.0,0.2905503335337451,-0.52348297231377,0.7164541220427392,-0.02156994735710166,0.6452751667668726,0.761741486156885,0.8582270610213696,0.5107849736785508,0.006935632152220795,0.0035468289712257605,0.010518162395334655,0.0017672529248466233,0.8766162093976664,0.8740972222222222,0.7554481713094562,0.2622767857142857,1.8766162093976664,1.8740972222222223,1.7554481713094563,1.2622767857142856,2025-11-28,2.863025403165659,0.7411355361058399,0.028400830884404156,2025-11-30,-1.0985608947818444,-0.52348297231377,0.0012119935361234277,2025-11-28,2.526766134652577,0.7164541220427392,0.017273116208656156,2025-11-28,-0.022045466917985326,-0.02156994735710166,0.021976998632088282,51.06382113107139,55.46195209369837,0.021276422621427857,0.10923904187396744,0.008035786844605985,0.1633734407771277,-0.025243945877081755,-0.02834363225187497,-0.0032168436655255163,0.06293144393343174,-1.8103464724649,-0.13622214277510533,-0.17414983150118,0.2998493787219849,-0.9732843076200027,0.06284977361040246,0.45521726700480014,0.08226714558212217,1.0641851871253198,0.6382978723404256,0.9999999999999999,0.8713160551153029,0.8212040199056339,1.0,0.4567201577036205,0.20790690197584344,4305.0,13.0,nearest_listed_proxy,pure_direction_quality_causal_calibration
2026-01,2025-12,2025-12,2025-12-30,2025-12,2025-12,2025-12-30,2025-11-30,0.7304151648648168,0.0,0.12098211403140993,0.12101124445923195,5.746739582556965,0.0,0.009709759255918089,2.9129277767754268e-05,1.1500542670839048e-09,0.0052570824106377145,0.20941149298144676,0.11509632652637274,0.4359088364302169,0.23958334406196366,0.356585398119423,0.21395187870793675,0.4294627231726402,2.258289878882824e-18,Stage30_PureODS_QualityCausal,True,False,0,Optimization terminated successfully,18,-0.008316240506673865,0.009289525910975708,0.0014083333417528538,0.10302431088119138,1.0,0.0007041666708764269,0.00023998638949241171,0.00023998638949241171,2.9132343933004233e-05,0.008316240506673865,0.13000000038859325,-0.14637793118734876,0.0,-3.8859324091866654e-10,0.013622068812651239,0.4294627231726402,GLD,0,0.15027799027376978,0.13064493239412772,0.02651245221628154,0.02651245221628154,237,0.0034637175273986437,True,0.007710156179525917,0.0030074602888192337,0.011656114228670916,-0.0013454010544652049,0.0,-2.0240492461411866e-05,0.00023315112705053894,-2.576305521469168e-05,0.007710156179525917,0.002987219796357822,0.011889265355721455,-0.0013711641096798965,0.010512798635096087,0.0033724467100653007,0.011221635440830715,0.0010253305705585736,1.0,-1.0,1.0,-1.0,0.4610230803388426,-0.6575185583647438,0.7913340849441369,-0.2740626484246369,0.7305115401694213,0.8287592791823719,0.8956670424720685,0.6370313242123185,0.0070490811076974426,0.0033926872025267125,0.010988484313780175,0.0010510936257732651,0.7027345591702028,0.6229428848015489,0.7523117569352709,0.22474747474747475,1.7027345591702028,1.622942884801549,1.7523117569352709,1.2247474747474747,2025-12-30,2.830144210673067,0.7389132249346113,0.01892531359809309,2025-12-31,-1.919866242168541,-0.6575185583647438,0.0007719897022484069,2025-12-31,3.7923495302636483,0.7913340849441369,0.017180700866840194,2025-12-31,-0.37752933890216706,-0.2740626484246369,0.02124336059929895,66.20361937449181,66.00418142960402,0.32407238748983613,0.32008362859208034,0.0025836146991135844,0.06287082902400522,-0.0035431306849573775,-0.004930534160182604,-0.010326929171037752,-0.2740130751461505,-0.24078957534356424,-0.026136970321111133,-0.6175194121044161,-1.2717649754680804,-0.1334632728323377,-0.9446421937862483,0.5390527333092929,0.050523173387542364,0.4692145403958306,0.5882352941176471,0.595570743676004,0.9731970401406979,0.8176715971012087,1.0,0.27878161260995704,0.15027799027376978,4321.0,9.0,nearest_listed_proxy,pure_direction_quality_causal_calibration
2026-02,2026-01,2026-01,2026-01-30,2026-01,2026-01,2026-01-30,2025-12-31,0.8324257536022928,0.0,0.11984379402589415,0.12012020422156584,6.435450657409374,0.0,0.08975805179874242,0.00026927415539622726,7.136040275472956e-06,0.0057911921720101255,0.279940136880179,0.13428092119187762,0.39588290838731066,0.18989603354063267,0.32012360981372406,0.2786691003676,0.4012072898186759,1.0654616098865337e-17,Stage30_PureODS_QualityCausal,True,False,0,Optimization terminated successfully,8,-0.007836381959626161,0.00901711333354445,0.0014083333379387147,0.09975535997490109,1.0,0.0007041666689693573,0.00020015300918887208,0.00020015300918887208,0.0002764116957600585,0.007836381959626161,0.13000000021255606,-0.1313566079549544,0.0,-2.125560560894968e-10,0.028643392045045596,0.4012072898186759,GLD,0,0.07626018418817607,0.07085664350363308,0.036661445071079074,0.036661445071079074,238,0.002597706943729476,True,0.008471818095738038,0.002882773410601443,0.011863232084492645,-5.3054902791622354e-05,0.0,-4.5810805870666534e-05,0.0003495765564124272,-2.1212960623080742e-05,0.008471818095738038,0.0028369626047307765,0.012212808640905072,-7.42678634147031e-05,0.010693900041561849,0.0033941746280123095,0.011584764228173448,0.0032504307088713417,1.0,-1.0,1.0,-1.0,0.7197482911876872,-0.6168282018565653,0.7931356111673343,0.1377679724120244,0.8598741455938437,0.8084141009282826,0.8965678055836672,0.4311160137939878,0.008096193097832372,0.003439985433882976,0.01123518767176102,0.0032716436694944224,0.7881422305764411,0.8527265216193886,0.9858056025568716,0.4904426559356137,1.7881422305764412,1.8527265216193887,1.9858056025568716,1.4904426559356136,2026-01-30,3.4273993657327186,0.7741337707775311,0.022638381883231914,2026-01-31,-1.6097954099055716,-0.6168282018565653,0.0011283075620250433,2026-01-30,3.8340848110348653,0.7931356111673343,0.03460805359938827,2026-01-30,0.1597806251728078,0.1377679724120244,0.025459712289851753,86.72108839295359,82.53446674632295,0.7344217678590718,0.650689334926459,0.011967290085832749,0.2627054485066062,-0.011856759863100788,0.021995450445145504,-0.0008790707645929398,-0.033864514928126976,-0.8443302815661499,0.10077168046413867,-0.030024053346803435,-0.1502467962426326,-0.3717793005510056,-0.09013542479471802,0.23095736267286182,0.1442794382894705,1.7385217885792117,0.6382978723404256,0.7350710493596491,0.9598513120722885,0.7331778905883278,1.0,0.3301916133160663,0.07626018418817607,4337.0,13.0,nearest_listed_proxy,pure_direction_quality_causal_calibration
2026-03,2026-02,2026-02,2026-02-03,2026-02,2026-02,2026-02-27,2026-01-31,0.8913807056112097,0.0,-0.06974870883184969,-0.06953357816914778,5.986586283303993,-0.06974870883184958,0.06893827851871188,0.00020681483555613566,8.315827145780904e-06,0.006336984654845706,0.29961061884472723,0.11980597444831188,0.4147402762697025,0.16584313043725832,0.29524953252997965,0.3197850284859204,0.38496543898409996,2.7755575615628914e-17,Stage30_PureODS_QualityCausal,True,False,0,Optimization terminated successfully,8,-0.008301620839100366,0.009397667753193511,0.001408333333383718,0.10432201303801983,1.0,0.000704166666691859,0.00017674808461402497,0.00017674808461402497,0.00021513216278726065,0.008301620839100366,0.13000000000232545,-0.1225097489755121,0.0,-2.3254453918042373e-12,0.0374902510244879,0.38496543898409996,GLD,0,0.08021148835634939,0.0742553557529732,0.04199929977345336,0.04199929977345336,239,0.003118672946053546,True,0.009639628753142466,0.0029036607219818295,0.012153982834343532,0.000650666309914999,0.0,-4.219016162172223e-05,0.0005633230051105638,-1.097814824769104e-05,0.009639628753142466,0.0028614705603601073,0.012717305839454096,0.0006396881616673079,0.012102418179281945,0.003649810527362788,0.012097916353497969,0.004653266849743013,1.0,-1.0,1.0,-1.0,0.6028130792219982,-0.5407715773879257,0.7870415403810227,0.41166162167257747,0.8014065396109991,0.7703857886939629,0.8935207701905113,0.29416918916371126,0.0089837452332284,0.00369200068898451,0.011534593348387405,0.004664244997990704,0.8711920012498047,0.8329903978052127,0.9723679280629449,0.4953898576869112,1.8711920012498047,1.8329903978052127,1.972367928062945,1.4953898576869111,2026-02-27,3.510506486463788,0.7782954080653602,0.028019487244053218,2026-02-28,-1.1775655659813842,-0.5407715773879257,0.0010698730135105727,2026-02-27,3.6957514709168535,0.7870415403810227,0.030032860450731922,2026-02-27,0.6997021388318804,0.41166162167257747,0.02554451726920397,81.07975042683465,70.42744105319706,0.621595008536693,0.40854882106394114,0.027018024102689164,0.12533582812985658,0.013183758538985811,-0.13574268046096638,-0.008514999484196387,-0.13542922867469354,0.9654774087641871,-0.6400879172300276,-0.5078615490410935,-0.6260302288535905,0.16269474576707976,-0.566945888947342,0.20212557159013111,0.26190693723858255,2.4465440557095777,0.6382978723404256,1.0,0.9256766089083384,0.6716339292523232,1.0,0.39683988386685537,0.08021148835634939,4349.0,13.0,nearest_listed_proxy,pure_direction_quality_causal_calibration
2026-04,2026-03,2026-03,2026-03-31,2026-03,2026-03,2026-03-31,2026-02-28,0.7276005863359469,0.0,0.05673237481692578,0.05674715809740259,6.326219540202261,-0.016973343907369043,0.004927560296828895,1.4782680890486685e-05,5.995863253368611e-10,0.006701820134384754,0.3313800155300641,0.1742588245022513,0.3239889737447424,0.17037218622294223,0.27067030167055756,0.3455617735275318,0.3837669821067289,9.426951817987919e-07,Stage30_PureODS_QualityCausal,True,False,0,Optimization terminated successfully,18,-0.00780102674821668,0.00870116207781786,0.001408333333335268,0.09596394493380273,1.0,0.000704166666667634,0.00018118422072516919,0.00018118422072516919,1.4784442208375884e-05,0.00780102674821668,0.1300000000000893,-0.1199689200807401,0.0,-8.928968675547821e-14,0.0400310799192599,0.3837669821067289,GLD,0,0.11030004761596378,0.0993425586649303,0.03807635563964592,0.03807635563964592,240,0.0037826025938782746,True,0.008165379216816778,0.002786299170685229,0.012138858670754317,0.003716743479282692,0.0,-3.5943240939684915e-05,0.00018772672069162957,-3.2330264946402823e-06,0.008165379216816778,0.002750355929745544,0.012326585391445946,0.0037135104527880516,0.011304989159697526,0.0036584377911719796,0.011405398435058068,0.006007218111490051,1.0,-1.0,1.0,-1.0,0.1213301072491663,-0.5361629423797301,0.6611438560805286,0.5367830871489462,0.5606650536245832,0.768081471189865,0.8305719280402644,0.2316084564255269,0.007522386565819251,0.0036943810321116645,0.01121767171436644,0.0060104511379846905,0.9894892556835877,0.9437918317169786,0.9767723880597015,0.9490121732189184,1.9894892556835877,1.9437918317169784,1.9767723880597015,1.9490121732189185,2026-03-31,3.0027747046446103,0.7501732988270232,0.05039192170156978,2026-03-31,-1.155929509234407,-0.5361629423797301,0.0016289599172102274,2026-03-31,1.9511048211587052,0.6611438560805286,0.032572348541392744,2026-03-31,1.1588158209619335,0.5367830871489462,0.05082883230527455,40.16881270868306,40.522038437340726,-0.19662374582633874,-0.1895592312531855,0.04940995669503834,0.14798202721298884,-0.03840495056669133,0.06944618932593755,0.011801237978106408,-0.06092996846621184,-2.713060143193345,0.3249143576089614,0.7525161236078068,-0.2765928041574874,-1.194072892792192,0.23796165972515973,0.47805561653351614,0.4556483843326404,3.0680503142066846,0.5882352941176471,0.5873059546739706,0.9464918165773879,0.705610327797118,1.0,0.230726392079175,0.11030004761596378,4365.0,9.0,nearest_listed_proxy,pure_direction_quality_causal_calibration
2026-05,2026-04,2026-04,2026-03-31,2026-04,2026-04,2026-04-30,2026-03-31,0.7276005863359469,0.0,0.08585981070209756,0.08598160043635668,6.869387552383937,0.0,0.03855162772631205,0.00011565488317893615,6.134851080186084e-06,0.006982133401201164,0.21559827553285818,0.2772766198093666,0.22183174488471408,0.2852933597730611,0.29144631206395105,0.351331332750364,0.35722085593904834,1.499246636564814e-06,Stage30_PureODS_QualityCausal,True,False,0,Optimization terminated successfully,12,-0.0074742124156841555,0.008479000618239363,0.0014083333349130985,0.09329800740939376,1.0,0.0007041666674565492,0.00017883086848460882,0.00017883086848460882,0.0001217906666140493,0.0074742124156841555,0.13000000007291224,-0.11035740486717112,0.0,-7.291223180772022e-11,0.049642595132828884,0.35722085593904834,GLD,0,0.049299662429367834,0.046983396826058135,0.04741364756494476,0.04741364756494476,241,0.0022276542185146646,True,0.00801949866434625,0.002729936352514302,0.012858626560567691,0.0043204720273764124,0.0,-2.7239370249598055e-05,0.00020085561964970394,-3.6039367170603727e-06,0.00801949866434625,0.002702696982264704,0.013059482180217396,0.004316868090659352,0.0099686437932253,0.003970006972037173,0.011698305056059323,0.0065117698112351985,1.0,-1.0,1.0,-1.0,0.4630452753136762,-0.4039269698642811,0.5367382936578438,0.6492719488368411,0.7315226376568381,0.7019634849321406,0.7683691468289219,0.17536402558157943,0.007740989574710637,0.003997246342286771,0.011497449436409618,0.006515373747952259,0.8852420856610801,0.924296014147735,0.9168370191414236,0.9390898251192369,1.88524208566108,1.924296014147735,1.9168370191414237,1.939089825119237,2026-04-30,2.8496467091100435,0.7402359033015841,0.02919608468173126,2026-04-30,-0.6776467805837677,-0.4039269698642811,0.0015288538992847935,2026-04-30,1.1586070817202818,0.5367382936578438,0.023348607471268185,2026-04-30,1.8512119195587222,0.6492719488368411,0.04882921828104914,68.11014850498391,64.3348476269883,0.3622029700996782,0.2866969525397661,0.03128372317875372,0.2033540501870701,0.002999935688637558,-0.13129877537375664,-0.005401769792202922,-0.021821752917331655,0.2216969521162643,-0.6205671225986643,-0.3110701801020697,-0.0936144144071858,-0.19943508524120002,-0.20234229725462777,0.2008886912479139,0.23225011935291995,2.237963114776608,0.6521739130434783,0.5767816926583336,0.9445338578598613,0.69071046417498,1.0,0.24540785309078358,0.049299662429367834,4382.0,14.0,nearest_listed_proxy,pure_direction_quality_causal_calibration
2026-06,2026-05,2026-05,2026-05-29,2026-05,2026-05,2026-05-29,2026-04-30,0.6571959119147275,0.22260094389092816,-0.014808610825853786,-0.01462928814132593,6.767661465508719,-0.01480861082585383,0.05977411790288636,0.00017932235370865908,3.3081919644801676e-10,0.007375201749315427,0.19706829783162072,0.33782856183883336,0.17135468740151938,0.29374845292802654,0.2935878052273513,0.3793633577236724,0.327048083184758,7.538642183563863e-07,Stage30_PureODS_QualityCausal,True,False,0,Optimization terminated successfully,9,-0.008784508824489754,0.009833437278108597,0.0014083333336123963,0.10955124733562879,1.0,0.0007041666668061981,0.0001654365870036966,0.0001654365870036966,0.0001793251998089488,0.008784508824489754,0.13000000001287984,-0.09903368093320786,0.0,-1.2879836086554519e-11,0.060966319066792146,0.3793633577236724,BOND,0,0.1587265762279953,0.136983633140355,0.0531024477496189,0.0531024477496189,242,0.0072741662213886655,True,0.009229590535550678,0.002582160557769418,0.013021285552315024,0.004667770351626592,0.0,-2.364822504409973e-05,0.00011326094182850563,-1.3325553059645036e-06,0.009229590535550678,0.002558512332725318,0.01313454649414353,0.004666437796320628,0.016073858921641745,0.0038649593638917516,0.01115468719649241,0.007014366327796617,1.0,-1.0,1.0,-1.0,0.5363455188160735,-0.454856747957538,0.2986787420338043,0.7344325204178909,0.7681727594080368,0.727428373978769,0.6493393710169022,0.13278373979105457,0.008799692700253079,0.0038886075889358516,0.011041426254663905,0.007015698883102581,0.9657226864747757,0.8669059875372528,0.8441955193482689,0.9454671417260491,1.9657226864747757,1.866905987537253,1.8441955193482689,1.945467141726049,2026-05-29,3.2441508621938846,0.764381608366513,0.04069678258257013,2026-05-31,-0.8343802225439791,-0.454856747957538,0.0012170496419170703,2026-05-29,0.42588006372423537,0.2986787420338043,0.019923879713727586,2026-05-29,2.7655212964086444,0.7344325204178909,0.051276062481946647,75.66528001695468,66.56746738713069,0.5133056003390937,0.3313493477426138,0.03959869566950691,0.36834561581134895,-0.021297096704884083,0.0446930466105518,-0.0002455816129415785,-0.08072187666575585,-1.4882422135681186,0.2088134564687239,0.0021938784179664993,-0.37111460933941554,-0.6397143785496974,-0.18446036546072453,0.41208737200521095,0.31440056057912813,2.5680700643911445,0.6382978723404256,1.0,0.9533926645783558,0.6329437843821577,1.0,0.38517699645983855,0.1587265762279953,4395.0,13.0,nearest_listed_proxy,pure_direction_quality_causal_calibration
2026-07,2026-06,2026-06,2026-06-30,2026-06,2026-06,2026-06-30,2026-05-31,0.7615520635481527,0.0,-0.10224135724440886,-0.10215008438940033,6.075726571904423,-0.11553591560052312,0.026949169379078586,8.084750813723576e-05,1.0425346871294138e-05,0.006959690778964973,0.19115314512380668,0.4086962422798096,0.1275154225831515,0.2726351900132322,0.30215482128865706,0.40975748730946543,0.2880872757619363,4.156399412709971e-07,Stage30_PureODS_QualityCausal,True,False,0,Optimization terminated successfully,9,-0.009295736672024648,0.010245756838146802,0.0014083333489301924,0.11449908196418047,1.0,0.0007041666744650962,0.0001545793950540652,0.0001545793950540652,9.127409660299136e-05,0.009295736672024648,0.13000000071985504,-0.08794539438726262,2.220446049250313e-16,-7.198550366904755e-10,0.07205460561273738,0.40975748730946543,BOND,0,0.3055481753063555,0.23403822324262877,0.053750597182490166,0.053750597182490166,243,0.012579694262820247,True,0.008852117872957744,0.002429372584138837,0.01255238985322608,0.004004882805537233,0.0,-3.943334734291715e-05,0.00015899661816475675,-8.040113040948085e-06,0.008852117872957744,0.00238993923679592,0.012711386471390838,0.003996842692496285,0.020802768399238003,0.0032711831881408423,0.009093444349883753,0.006391140784373813,1.0,-1.0,1.0,-1.0,0.3351989743364024,-0.6109571498305131,-0.29380897254339655,0.6206116359568441,0.6675994871682012,0.8054785749152565,0.3530955137283017,0.18969418202157795,0.008223074136417756,0.0033106165354837595,0.008934447731718996,0.006399180897414761,0.9956038870893105,0.8655558553696708,0.9170970121726301,0.9311058545239503,1.9956038870893105,1.8655558553696707,1.91709701217263,1.9311058545239503,2026-06-30,3.174537324254509,0.7604524951328396,0.05902763893924548,2026-06-30,-1.5704109446153522,-0.6109571498305131,0.0012232012406928978,2026-06-30,-0.41604744484161765,-0.29380897254339655,0.023499769030036758,2026-06-30,1.6358214820901809,0.6206116359568441,0.04805423401321108,54.64918731746198,57.6080340763564,0.0929837463492396,0.15216068152712794,0.019554689208376552,0.3173485500621789,-0.05654997739767573,-0.19644256398103613,-0.04970935619794805,0.014064355292876952,-3.9355161125832114,-0.9281499590757908,-3.006748623767497,0.07314727370604934,-2.4318330358295013,-1.4668006750307239,1.9493168554301126,0.6982348395568152,3.4430921171360813,0.5882352941176471,0.5028965030780352,0.915252124072213,0.57893101504533,1.0,0.15674628496398904,0.3055481753063555,4411.0,9.0,nearest_listed_proxy,pure_direction_quality_causal_calibration
