month,vkospi_signal_date,vkospi_raw_close,vkospi_raw_change,vkospi_raw_return_pct,vkospi_raw_open,vkospi_raw_high,vkospi_raw_low,vkospi_return_5,vkospi_return_21,vkospi_return_63,vkospi_mean_ratio_5,vkospi_mean_ratio_21,vkospi_level_z_63,vkospi_level_z_252,vkospi_return_vol_21,vkospi_positive_fraction_21,vkospi_intraday_range_21,vkospi_close_location_21,vkospi_month_mean,vkospi_month_max,vkospi_month_min,vkospi_month_range,vkospi_month_return,vkospi_oap_mom12m,vkospi_oap_mom6m,vkospi_oap_intmom,vkospi_oap_streversal,vkospi_oap_mrreversal,vkospi_oap_lrreversal,vkospi_oap_high52,vkospi_oap_realized_vol_21,vkospi_oap_max_return_21,vkospi_oap_return_skew_21,vkospi_oap_beta_21,vkospi_oap_residual_vol_21
2007-04,2007-03-30,19.64,0.27,-1.36,,,,0.018672199170124415,-0.036310107948969494,0.2670967741935484,-0.015538847117794408,-0.015397837141015724,1.0053837114132342,0.02710097107570399,0.6690426880436343,0.47619047619047616,,,19.94714285714286,,,,-0.02093718843469583,-0.04721832632071066,0.13033832501386566,-0.1570827489481066,-0.036310107948969494,-0.006502554575011588,-0.013376383763837651,0.6353930766742155,0.6690426880436343,0.07776669990029927,0.13586902655820424,,
2007-05,2007-04-27,18.78,0.78,4.33,,,,0.06281833616298815,-0.05675539929683571,0.0899593731863031,0.040097474523703935,0.013205220429554965,0.19589615445046077,-0.20485906520813565,0.4413864908475547,0.38095238095238093,,,18.48,,,,-0.04718417047184165,0.02787816210634997,0.1403207331042382,-0.0986060918946825,-0.05675539929683571,-0.20057779612051174,-0.16616444253120966,0.607570365577483,0.4413864908475547,0.04369197160021843,-0.2517870954291633,,
2007-06,2007-05-30,18.62,0.26,1.42,,,,0.0998227997637331,-0.008519701810436597,0.04022346368715102,0.0345593954883876,0.046963692834957715,-0.11672761276999019,-0.2027028580036979,0.5673592873230031,0.47619047619047616,,,17.7245,,,,-0.0016085790884716733,-0.22332506203473945,0.3151260504201683,-0.4094292803970223,-0.008519701810436597,0.08139534883720922,-0.315014164305949,0.6023940472339049,0.5673592873230031,0.0595309681298859,0.19181338803348946,,
2007-07,2007-06-29,19.95,0.39,-1.92,,,,-0.08653846153846156,0.0714285714285714,0.002009040683073726,-0.03809064609450352,-0.026422197434467387,0.7417864589285608,0.36650678101696094,0.6313468108352287,0.42857142857142855,,,20.586499999999997,,,,-0.009433962264151052,-0.287136294027565,0.18523233609166145,-0.3985451761102603,0.0714285714285714,0.33948717948717944,-0.2812328013208586,0.7356194690265486,0.6313468108352287,0.08337816030123735,0.7792942869345367,,
2007-08,2007-07-30,28.73,1.95,7.28,,,,0.23093401885175657,0.412487708947886,0.596111111111111,0.12095200936402639,0.23671210413036792,3.248238649338447,3.851885991698599,0.9027385463593319,0.6190476190476191,,,23.395000000000003,,,,0.4680633622892183,-0.1985815602836879,0.2238267148014439,-0.3451536643026004,0.412487708947886,0.1417004048582995,-0.08737864077669899,1.0,0.9027385463593319,0.18955926401369272,1.043578332936572,,
2007-09,2007-08-30,33.08,2.59,-7.26,,,,0.004250151791135526,0.19379285456513884,0.7765843179377012,-0.020954184917722274,-0.04524463991203953,1.0297069622210913,2.5640119218249553,1.4253056762562062,0.5238095238095238,,,34.647619047619045,,,,0.034720050046918915,0.4417273673257025,0.5480446927374303,-0.06867845993756505,0.19379285456513884,-0.16904453091223526,-0.2809577254021699,0.7085028914114372,1.4253056762562062,0.22861842105263164,0.7712143519333665,,
2007-10,2007-09-28,25.78,0.45,-1.72,,,,-0.24883449883449882,-0.2075007685213649,0.24420849420849433,-0.027316631451856366,-0.18930817610062878,-0.5584681037552647,0.8394716104560006,1.0420002797616466,0.38095238095238093,,,31.315882352941177,,,,-0.210171568627451,0.8868909512761023,0.6371414192249623,0.1525522041763343,-0.2075007685213649,-0.13410346559517838,-0.147800296589224,0.552152495180981,1.0420002797616466,0.1444723618090451,-0.1591387462551808,,
2007-11,2007-10-30,33.95,0.65,1.95,,,,0.09375000000000022,0.31691233514352213,0.3525896414342631,0.019152257444764897,0.12206676214608358,0.5288674836775014,1.8791459992593154,0.9195083143075744,0.7142857142857143,,,30.256666666666668,,,,0.24816176470588247,0.42746400885935776,0.4731428571428573,-0.03100775193798444,0.31691233514352213,-0.060842433697347986,-0.3430338304838123,0.727136431784108,0.9195083143075744,0.1406882591093117,-0.4727543175556553,,
2007-12,2007-11-29,34.73,1.97,-5.37,,,,-0.0696490758103403,0.01997063142437594,0.011062590975254638,-0.04071373328913941,-0.03027522935779814,0.6135881532192601,1.5387879299639935,0.9054604181819571,0.5714285714285714,,,35.81428571428571,,,,0.07456683168316824,1.3928320449754037,0.961405529953917,0.21995783555867887,0.01997063142437594,-0.3505248744865358,-0.40831600831600834,0.7438423645320197,0.9054604181819571,0.10914881297046919,0.05180830279712485,,
2008-01,2007-12-28,25.13,0.0,0.0,,,,-0.12102133613151456,-0.29824071488411064,-0.04193671368661844,-0.020883659315826253,-0.1679332744702322,-1.881926475388596,0.09849500186321397,0.5226350509252616,0.2857142857142857,,,29.44722222222222,,,,-0.2361702127659574,1.4294436906377208,0.6351598173515984,0.4857530529172318,-0.29824071488411064,-0.4341650671785029,-0.38377926421404684,0.5382308845577212,0.5226350509252616,0.05054871965414032,0.37651817090136086,,
2008-02,2008-01-30,33.16,1.08,3.37,,,,-0.07735114079020589,0.3195384003183446,-0.004204204204204198,0.043226577738626926,0.12962932922378112,0.32695114183501645,1.087572135345979,2.247288605197886,0.47619047619047616,,,29.354761904761908,,,,0.22769344687152882,0.445914844649022,0.041873963515754564,0.38780207134637523,0.3195384003183446,-0.35366307177389367,-0.1848030018761727,0.710216320411223,2.247288605197886,0.5154604145429833,2.1642791761626317,,
2008-03,2008-02-28,28.76,0.13,-0.45,,,,-0.054569362261669974,0.018053097345132718,-0.22957406911331357,-0.04075778800613694,-0.06839426191577969,-0.4579038334441729,0.34300199373250884,1.1199628372285164,0.2857142857142857,,,30.45352941176471,,,,-0.031975765735442585,0.7215112736136502,-0.26623376623376627,1.3461304082876295,0.018053097345132718,-0.2954057535422928,-0.08375209380234505,0.6159777254230029,1.1199628372285164,0.20212389380530982,1.8433273274963722,,
2008-04,2008-03-28,26.2,1.48,-5.35,27.77,28.26,26.2,-0.05244122965641951,-0.0890125173852574,0.017080745341614856,-0.05244122965641951,-0.15055888346816515,-1.0812752942967612,-0.18774166659181807,1.2216479039363628,0.38095238095238093,0.07588816033809323,0.3083663537791468,30.9255,41.23,26.2,0.4860066935053596,-0.15456598902871888,0.4077337249143418,0.011607456911713054,0.39158100832109644,-0.0890125173852574,0.008390918065152908,0.14453781512605035,0.5611479974298565,1.2216479039363628,0.19509202453987728,0.7366899905396948,,
2008-05,2008-04-29,22.41,0.76,-3.28,23.24,23.24,22.4,-0.058798824023519436,-0.14465648854961832,-0.2067256637168141,-0.027596979953137146,-0.11539473684210522,-1.9787161801001145,-0.9047392012730111,0.5343617084815192,0.47619047619047616,0.041470995746783,0.36490923495329364,25.247500000000002,29.0,22.4,0.2614120209921775,-0.18420094648707674,0.4309120699071547,-0.23122065727699526,0.8612779901693064,-0.14465648854961832,-0.02085561497326205,0.0032876712328766544,0.47997429856500323,0.5343617084815192,0.05041683207622061,-0.18934184463589665,,
2008-06,2008-05-30,23.06,0.07,-0.3,23.26,23.84,22.99,-0.01368691189050475,-0.004747518342684609,-0.2017999307718934,-0.025359256128486996,0.03547373147732369,-0.7842990424327664,-0.9198933093733488,0.5175229509322952,0.38095238095238093,0.051223890847179154,0.29098413149723384,22.274736842105263,25.56,20.04,0.24781437550210292,0.05828361633776957,0.3533878504672898,-0.4036036036036036,1.2692757009345792,-0.004747518342684609,0.20989399293286226,-0.24747252747252746,0.493895909188263,0.5175229509322952,0.06951102588686475,0.5660840976076974,,
2008-07,2008-06-27,24.71,1.21,5.15,24.66,25.72,24.0,0.08329679964927683,0.03001250521050447,-0.11115107913669064,0.04068396226415105,0.04421056868032358,0.32926237451708257,-0.7502537227908189,0.6615439688853706,0.47619047619047616,0.060744304321372955,0.2928394551857303,23.723684210526315,26.72,21.14,0.23520798668885184,0.04570461278036397,0.24623376623376614,-0.21163325665461719,0.5807792207792208,0.03001250521050447,0.0748185371300949,0.1120739456961295,0.5292353823088456,0.6615439688853706,0.08214440121054922,-0.1366714472942639,,
2008-08,2008-07-30,24.53,1.11,-4.33,25.1,25.41,24.45,-0.0028455284552845184,-0.013671089666264624,0.05869659041864472,-0.0192707500399808,-0.05136090751721856,0.29362513657983863,-0.935613896246092,0.6583720994457675,0.5714285714285714,0.058250355027416566,0.328364508102107,25.813181818181818,29.46,23.97,0.21268203349240178,-0.013671089666264624,0.04233025984911998,-0.2099745870393901,0.319362950544845,-0.013671089666264624,0.43217286914765896,0.422778771615981,0.5253801670593276,0.6583720994457675,0.06844106463878319,-0.22518343251723796,,
2008-09,2008-08-29,25.66,0.33,1.3,26.58,26.76,24.66,0.05207052070520701,0.04606604158173666,0.11274934952298366,0.007697141061891344,0.03776600866634583,0.6475438755982322,-0.6290490956021986,0.5163750930874372,0.38095238095238093,0.05781783470473185,0.381651891037522,24.7715,27.48,22.11,0.21678138182992557,0.04224207961007309,-0.4127364136940388,-0.15091727241259945,-0.3083552789083074,0.04606604158173666,1.5208207604103805,1.2553995680345573,0.5753363228699552,0.5163750930874372,0.06827309236947787,0.11925761650949113,,
2008-10,2008-09-29,35.14,1.03,3.02,35.4,35.64,34.17,-0.002554640931024643,0.3872878010264509,0.397216699801193,0.02068084117578728,0.14129728726530377,2.2586496597438033,1.5433070801342494,1.2656829649046113,0.5238095238095238,0.06918518510832208,0.516325906731535,31.046000000000003,41.34,25.23,0.518907427687947,0.31168346397909663,-0.20620495142588535,-0.08654886404615947,-0.13099341899091188,0.3872878010264509,0.5726959093149335,0.558866634098681,0.7878923766816144,1.2656829649046113,0.3194640338504937,2.8346353956341934,,
2008-11,2008-10-30,83.57,5.73,-6.42,90.82,91.79,75.85,0.21768905726358723,1.2721587819467097,2.406848756624541,0.03190674931469628,0.38855745798651764,2.6219634217984664,5.077888763386127,2.6427412572117204,0.5714285714285714,0.2163651754545804,0.5421807305228766,60.1847619047619,103.05,32.89,1.1657435832515746,1.4572184651573066,0.18492268041237114,0.5873974967630555,-0.25354381443298957,1.2721587819467097,0.6625602570969469,0.40834845735027225,0.9358342665173571,2.6427412572117204,0.46352277307537304,0.8608448636943642,,
2008-12,2008-11-28,57.79,0.95,-1.62,59.09,60.85,56.24,-0.21937052546265035,-0.30848390570778983,1.2521434138737333,-0.1073249096357628,-0.1839546518195756,0.20818471561750376,1.5341404296278676,1.3878074960553561,0.3333333333333333,0.12179934814600699,0.36991259747450383,70.2945,89.16,56.24,0.46831544430929867,-0.24417996337954484,1.1510939510939506,2.624024284475282,-0.4064350064350065,-0.30848390570778983,1.2692757009345792,0.607364501448076,0.6471444568868981,1.3878074960553561,0.1779069767441861,0.8856372702209365,,
2009-01,2008-12-30,48.61,0.65,1.36,47.9,48.7,46.23,-0.08144368858654571,-0.15885101228586263,0.32164219684611206,-0.016191054442420638,-0.136757629827573,-1.0857977314468044,0.758081544512864,0.6872527300500774,0.3333333333333333,0.06490808034084321,0.3523452757503699,56.31095238095237,68.05,46.23,0.38749122643823,-0.1557832580757207,1.153129657228018,1.3236831523924404,-0.073397913561848,-0.15885101228586263,0.33999001497753367,0.2111913357400721,0.5443449048152296,0.6872527300500774,0.12933588983789446,1.6616839008844735,,
2009-02,2009-01-30,48.21,1.4,2.99,48.28,49.75,47.98,-0.09328568741771681,-0.013101330603889516,-0.3162671961423912,-0.02704339051463156,0.008296151701059795,-0.9852018505133313,0.637012247353044,1.0559366111571713,0.38095238095238093,0.06438194155583597,0.32662860438066177,47.763684210526314,55.74,42.46,0.27803550374100566,0.006892230576441172,0.09529147982062769,0.916437818752452,-0.42847533632287005,-0.013101330603889516,0.7579818683484429,1.2035573122529648,0.53986562150056,1.0559366111571713,0.19548699055952112,1.405522139454377,,
2009-03,2009-02-27,47.36,0.07,-0.15,47.71,48.31,44.9,-0.051661994393271904,0.011749626148258807,-0.30699443956687156,-0.008997698263234932,-0.006155567991046551,-0.6737355282077265,0.5099396993029801,0.7293681412056242,0.5714285714285714,0.06985724486476196,0.40253483431032416,47.6255,54.07,42.75,0.2376877933040073,-0.08447709259617242,0.4974408189379398,0.8429133858267719,-0.1874600127959054,0.011749626148258807,-0.14869281045751626,0.2671260640453992,0.5303471444568869,0.7293681412056242,0.09143751397272526,0.1771204356235421,,
2009-04,2009-03-30,40.13,4.23,11.78,37.34,40.13,36.99,-0.022649780808572828,-0.15266047297297292,-0.19852206910325543,0.05566370284632005,-0.030118540683622852,-1.4425824721255032,0.036108822629304926,0.6233439378123836,0.2857142857142857,0.07334619250853468,0.27765692003498404,41.37619047619047,52.61,35.12,0.4227068707561285,-0.10940967598757212,0.6421636615811372,0.4057583852775306,0.1681692094313454,-0.15266047297297292,-0.17434869739478953,0.2932735426008968,0.44938409854423295,0.6233439378123836,0.11782729805013936,1.774774550477304,,
2009-05,2009-04-29,36.33,1.87,-4.9,37.8,38.21,36.08,0.037703513281919454,-0.0816481294236604,-0.24642190416925958,0.028653944164448664,-0.0059543973941369455,-1.114989736742407,-0.24948466923203355,0.6709808296208948,0.42857142857142855,0.05259314238483091,0.30757035408907435,36.54761904761905,40.52,33.19,0.20056026058631934,-0.06462409886714737,0.6734348561759729,-0.4389448305204936,1.9826565143824029,-0.0816481294236604,-0.20242914979757087,0.2896890343698857,0.40683090705487124,0.6709808296208948,0.07666290868094716,0.0797089371863397,,
2009-06,2009-05-29,33.42,0.57,-1.68,34.06,34.25,33.03,0.05659184318684796,-0.125130890052356,-0.2943412162162161,-0.031585047812228484,0.008680904883727747,-0.906574580763887,-0.5003221984051057,0.8249281803732884,0.42857142857142855,0.06771954844714594,0.29288145600558985,32.88842105263157,44.39,28.67,0.47797977211624637,-0.06176305446378427,0.6186440677966103,-0.44103014340064384,1.895762711864407,-0.125130890052356,-0.32144910868315124,0.20901639344262302,0.3742441209406495,0.8249281803732884,0.08020924149956432,0.002589141436577981,-0.005195660360825753,0.19790520253540606
2009-07,2009-06-29,28.27,0.01,0.04,28.9,29.36,28.03,-0.06514550264550256,-0.15409934171155004,-0.29553949663593326,-0.051151238504396845,-0.08894618111504982,-1.8201178890515364,-0.9005767413279961,0.49785082071659204,0.47619047619047616,0.046292601638016385,0.31594014046005126,31.029999999999994,34.95,28.03,0.22300999033193694,-0.15181518151815176,0.4221276595744681,-0.3325344517675254,1.1306382978723404,-0.15409934171155004,-0.25609370053814495,-0.23972824328696218,0.31657334826427774,0.49785082071659204,0.05070517125587637,-0.18054788612738495,-0.007408763619331081,0.20500707761177125
2009-08,2009-07-30,26.69,0.07,-0.26,27.27,27.8,26.49,0.08805544231553197,0.02732871439568907,-0.22794330344229097,0.025749423520368797,0.04584639498432597,-0.8564733787495087,-1.004506339294476,0.6022700349155555,0.42857142857142855,0.03968455685194962,0.3117742214983896,25.540909090909096,28.22,24.0,0.1652251290265171,0.02732871439568907,0.013260530421216776,-0.49777691861589013,1.017550702028081,0.02732871439568907,-0.2865887590428491,0.03595959595959597,0.29888017917133264,0.6022700349155555,0.12710127101270996,1.8362061079441307,-0.006604967269549889,0.15189573657544927
2009-09,2009-08-28,23.09,1.01,-4.19,23.45,23.63,22.94,-0.08373015873015865,-0.1348819782690147,-0.30971599402092687,-0.038477554759723476,-0.09739208130898547,-1.5455518285738983,-1.2554157302967235,0.7524647566283568,0.38095238095238093,0.046798697690219285,0.31037982809503534,25.5795,28.33,22.94,0.21071561211126086,-0.14131647452584606,0.05369127516778538,-0.421793760831889,0.8223450454007106,-0.1348819782690147,-0.16153591525984778,0.08805841924398616,0.25856662933930574,0.7524647566283568,0.14145943742356293,1.6609301182572853,-0.0070424845930670355,0.11001668169971518
2009-10,2009-09-29,23.03,0.5,-2.12,23.33,23.59,22.74,0.0453926463912846,-0.039215686274509665,-0.11728631659639699,0.008672039243167395,0.01556003527781269,-0.9500196561473243,-1.1666959633095302,0.4209196910751816,0.42857142857142855,0.04239963404994551,0.27348999895333204,22.677142857142858,24.87,21.21,0.1613959934484062,0.004361098996947366,-0.3482871125611746,-0.36687797147385104,0.029363784665578985,-0.039215686274509665,0.32875722543352603,0.7291960507757407,0.2578947368421053,0.4209196910751816,0.048181818181818103,0.3731871063296907,-0.011989373033940263,0.11714596250411742
2009-11,2009-10-30,25.41,0.18,-0.7,25.1,25.52,24.3,0.15342714480254194,0.11203501094091894,-0.05503904797322423,0.06229096989966565,0.08975615733365983,1.0055412659845617,-0.8743532566211789,0.6545783768651765,0.6190476190476191,0.04754422925331773,0.459115626959107,23.317142857142862,26.7,21.95,0.20371278029653225,0.0667506297229219,-0.7188384397686722,-0.35269121813031157,-0.565645379598868,0.11203501094091894,2.6265060240963853,3.345989304812834,0.3011020263064344,0.6545783768651765,0.08535489667565122,-0.4039055020961013,-0.010655300089754318,0.1291536573045918
2009-12,2009-11-27,22.87,2.96,14.87,21.04,24.99,21.0,0.10589941972920713,-0.10629152012504883,-0.04589069670421353,0.09164677804295951,0.015090989791389342,0.040371757067220126,-1.0138943525885844,0.6765332404173744,0.3333333333333333,0.051513863281671846,0.2997833367516797,22.386000000000003,28.81,19.71,0.4065040650406503,-0.11184466019417472,-0.5571898252292784,-0.2164727495407225,-0.43485032012458913,-0.10629152012504883,1.5060711188204685,3.084098939929328,0.35298657200185213,0.6765332404173744,0.14866901054746373,2.356559363323437,-0.014108926306299839,0.10305254298610109
2010-01,2009-12-30,20.35,0.09,0.44,20.59,20.94,20.3,0.03509664292980674,-0.0724703737465816,-0.10940919037199126,0.02384785671161227,-0.00333504361210879,-1.0085607827635354,-1.14531932076175,0.43102574490400863,0.42857142857142855,0.039309483712236186,0.23582354023919572,20.41809523809524,22.33,19.06,0.16015205933112547,-0.02584968884633787,-0.5417710944026733,-0.13143309580364215,-0.47243107769423553,-0.0724703737465816,0.9198075380914195,1.9195121951219516,0.3827346247884145,0.43102574490400863,0.06705081194342588,0.6158226065006946,-0.004258470424886732,0.10198362432288603
2010-02,2010-01-29,23.29,0.94,4.21,23.44,23.69,22.67,0.11328871892925418,0.1495557749259624,-0.08987885892926928,0.012344605755020277,0.14928564714728787,1.1357389739127768,-0.673186512484919,0.7806313599447999,0.47619047619047616,0.054509184246723075,0.3423297688231741,20.2605,24.41,17.93,0.3198341600651514,0.11222540592168095,-0.592845659163987,-0.20921155347384857,-0.485128617363344,0.1495557749259624,1.028536485935589,1.9867947178871548,0.46635963155786947,0.7806313599447999,0.15388858246001114,1.0778407423202399,-0.009123657600613368,0.12334167784584642
2010-03,2010-02-26,20.59,0.47,-2.23,20.92,21.09,20.21,-0.010096153846153921,-0.14599751140605555,0.00537109375,0.014285714285714013,-0.042537643932683666,-0.08194005725366554,-0.9457539180463802,0.7168982669187326,0.42857142857142855,0.04648755052299874,0.40322114930366953,21.366315789473685,24.04,19.44,0.21529214700955748,-0.10981409424989186,-0.4649356413670662,0.0004149377593360981,-0.4651575676875277,-0.14599751140605555,0.7761135199054001,1.6335476329631797,0.4460571923743501,0.7168982669187326,0.09077809798270886,0.3588405597175883,-0.010625405457639476,0.14708045053157945
2010-04,2010-03-30,17.75,0.59,-3.22,18.07,18.13,17.72,0.03801169590643272,-0.13793103448275856,-0.0701938187532739,0.009899863450159252,-0.023345385945605757,-1.1596938849544454,-1.312728325006715,0.49455119816937093,0.38095238095238093,0.027029967813849042,0.3308845468475835,18.17428571428571,20.3,16.66,0.20028297437509834,-0.09160696008188329,-0.4795247724974723,-0.08651286601597152,-0.430232558139535,-0.13793103448275856,0.15977719143946056,0.9642502482621649,0.44959473150962515,0.49455119816937093,0.0662790697674418,0.26138829980238343,-0.009970004963247698,0.10204400948275597
2010-05,2010-04-29,19.71,0.16,0.82,19.79,20.22,19.58,0.140625,0.11481900452488691,-0.1181208053691275,0.07154506904425362,0.14040501446480236,0.35229481000740814,-0.787708053288081,0.8665120636961505,0.47619047619047616,0.04397100231430288,0.3630036586499403,17.283333333333335,20.22,15.17,0.292189006750241,0.1366782006920415,-0.4885739080127278,-0.26821192052980136,-0.30112814579114844,0.11481900452488691,-0.6128779395296753,0.926978818283166,0.5302663438256658,0.8665120636961505,0.1471674876847291,0.9051422978615693,-0.007655696301197255,0.08209495644390391
2010-06,2010-05-28,23.89,2.2,-8.43,24.57,25.59,23.89,-0.07689335394126728,0.36280661722760965,0.13437796771130106,-0.13215634989828529,0.0039020290551088355,1.1761568229956858,0.29082682982757857,1.5447910192208296,0.5238095238095238,0.06941672703702026,0.4551105295516661,24.56722222222222,32.07,18.93,0.5348590036408042,0.16821515892420535,-0.4754637941352483,-0.16044061302681978,-0.37522441651705574,0.36280661722760965,-0.5109745390693591,0.8202614379084969,0.7142002989536621,1.5447910192208296,0.2177716390423574,0.41229102782880683,-0.00565716445141931,0.11093758359698973
2010-07,2010-06-29,22.15,1.72,8.42,20.25,22.21,20.12,0.15244536940686793,-0.07283382168271246,0.20774263904034895,0.10352730171383007,0.04860344011361839,0.42532741316387973,0.08028485225094172,0.8080365653715299,0.42857142857142855,0.040894774081951676,0.24119226111584072,20.978999999999996,26.61,18.75,0.3746603746603747,-0.08091286307053958,-0.1549345596038203,0.23718280683583637,-0.31694375663247265,-0.07283382168271246,-0.4353904533652886,0.40506958250497016,0.715670436187399,0.8080365653715299,0.13394495412844032,0.802450978419232,-0.007096879282029543,0.08734387799143375
2010-08,2010-07-30,19.26,0.19,1.0,19.18,19.74,19.12,-0.01834862385321101,-0.12573763050385833,-0.022831050228310446,-0.0075234463567969145,-0.02584358968183209,-0.829992129078889,-0.7665841249984501,0.6296954089818806,0.47619047619047616,0.04404449735746775,0.39894506582559164,19.87363636363636,23.92,17.33,0.3315950779927727,-0.12573763050385833,-0.17459722742600225,-0.014317673378076101,-0.1626077182465343,-0.12573763050385833,-0.48405180746182097,0.06377042646472697,0.6222940226171244,0.6296954089818806,0.07197161682716668,0.0539245452780963,-0.00799041844851917,0.08405052856662495
2010-09,2010-08-30,17.9,0.75,-4.02,18.32,18.34,17.9,-0.03711672942442179,-0.07061266874351002,-0.25726141078838183,-0.04969207899766426,-0.03013571391712666,-1.12303821008559,-1.1400969583410308,0.5545287501372008,0.47619047619047616,0.045856222064151915,0.36803734230952434,18.45619047619047,20.44,17.26,0.17229991227617528,-0.03504043126684653,-0.16587267215244683,-0.014329580348004023,-0.15374621048072767,-0.07061266874351002,-0.49978336221837083,-0.5054615549368173,0.5783521809369951,0.5545287501372008,0.05670665212649939,-0.364754247406929,-0.011549026166381673,0.08510604824778406
2010-10,2010-09-29,16.67,0.12,0.73,16.43,16.72,16.37,0.08812010443864238,-0.12768184196755616,-0.24740406320541752,0.010058167716917366,0.0007718696397942537,-1.025636203305226,-1.3501316386310984,0.4988281929213732,0.42857142857142855,0.03298267109714021,0.30610444358079236,16.35888888888889,18.23,15.22,0.18399782652991914,-0.07440310938367567,-0.17129228100607108,0.041984732824427384,-0.204683434518647,-0.12768184196755616,-0.4253675554448044,-0.3398225021471515,0.5386106623586431,0.4988281929213732,0.062010443864229714,0.4581606658952211,-0.008210560758025778,0.08010648143768162
2010-11,2010-10-29,18.6,2.01,12.12,17.53,18.73,17.47,0.09411764705882364,0.10912343470483021,-0.024646040901940114,0.09916085569081656,0.09087862369435307,0.9818456121483099,-0.43948105419142397,0.7675789899351319,0.47619047619047616,0.05041275962307834,0.3673705804218213,17.05047619047619,20.54,15.88,0.2733061498072948,0.13761467889908263,-0.24663072776280326,-0.1421994884910487,-0.12174303683737653,0.10912343470483021,-0.3872832369942196,-0.2489878542510121,0.6009693053311794,0.7675789899351319,0.13877054169202685,1.5769951783138003,-0.007537844685178578,0.093907353510093
2010-12,2010-11-29,23.36,0.87,3.87,22.91,26.49,22.26,0.27302452316076287,0.2559139784946236,0.25254691689008046,0.11291090995712239,0.18598747673041105,3.4827421723833445,1.5232584266017835,0.7400698508450596,0.47619047619047616,0.07209821883687678,0.3782304159488484,19.69666666666667,26.49,17.58,0.45236080555085456,0.2737186477644493,-0.091796875,-0.22532278217409407,0.17236328125,0.2559139784946236,-0.3855385538553855,-0.41635793673411237,0.7547657512116317,0.7400698508450596,0.1312877263581489,1.279483471444124,-0.006149832784971792,0.09963105976227969
2011-01,2010-12-30,15.83,0.36,-2.22,16.12,16.59,15.7,-0.105144149236857,-0.27151403589507594,-0.042347247428917156,-0.07177201829482815,-0.09702566888496544,-1.3794778716342249,-1.3413077238878641,0.6891118373628272,0.3333333333333333,0.04398914076852564,0.2740883552700454,17.721818181818183,23.2,15.69,0.42377141684620906,-0.27151403589507594,0.0725567620927936,-0.03293279928793935,0.10908193484698891,-0.27151403589507594,-0.2234572633192794,-0.2451564828614008,0.511470113085622,0.6891118373628272,0.12445278298936846,1.4234652563507997,-0.004070198250657963,0.07953399697777933
2011-02,2011-01-28,14.5,0.07,-0.48,14.93,15.19,14.32,-0.14048606994665092,-0.10438542310067955,-0.20937840785169026,-0.037056714039048866,-0.08236145014013185,-1.6581261291996954,-1.6542950512678702,0.707423258025671,0.38095238095238093,0.051744416562621846,0.3344949826252556,15.8,17.27,14.32,0.1867088607594936,-0.11423335369578502,-0.27561521252796417,-0.15939771547248183,-0.13825503355704694,-0.10438542310067955,-0.1626077182465343,-0.37813021702838057,0.4684975767366721,0.707423258025671,0.08279845956354315,0.36802286380658983,-0.007567851900335448,0.07410505980630065
2011-03,2011-02-25,19.83,0.8,-3.88,20.65,20.91,19.6,0.11655405405405395,0.22558714462299134,-0.005017561465127995,-0.006214292873609417,0.11982682120095745,1.1144355773272672,0.42461038269229884,0.8413955076237141,0.5714285714285714,0.06655090194246364,0.491053456860693,18.528750000000002,21.45,15.52,0.32004317614517974,0.21805896805896796,-0.17826307770441852,-0.14391534391534389,-0.04012188928390059,0.22558714462299134,-0.19104354971240756,-0.3755153821757057,0.6407108239095315,0.8413955076237141,0.12413793103448278,-0.06686445965682834,-0.010780565778959037,0.07146704389192823
2011-04,2011-03-30,16.55,0.44,2.73,16.37,17.08,16.26,-0.052119129438717104,-0.17497507477567287,-0.08563535911602216,0.022741317513286452,-0.10362881386531864,-0.48204654736834185,-0.8125476355096454,1.6798363358266477,0.47619047619047616,0.08955635014080722,0.2910917560588592,18.463333333333335,28.62,15.52,0.7095143527712584,-0.14910025706940866,0.1662790697674419,0.21208459214501496,-0.03779069767441856,-0.17497507477567287,-0.21818181818181825,-0.3779385171790235,0.5347334410339257,1.6798363358266477,0.37070333157059765,2.181938143803003,-0.004838018840675928,0.12412740407824883
2011-05,2011-04-29,18.36,0.27,1.49,18.14,19.0,17.97,0.08961424332344192,0.10802655401327699,0.2558139534883721,0.01346875689997784,0.02191947838532693,0.1465725403466903,-0.1606578962480115,0.4825507485453383,0.5238095238095238,0.040745976499735506,0.396968554761399,17.966190476190476,19.56,16.15,0.18980094887222032,0.12019524100060996,-0.05476326297775247,-0.0012055455093429313,-0.05362236166571599,0.10802655401327699,-0.20964833183047782,-0.25085470085470074,0.5932148626817447,0.4825507485453383,0.07016473459426464,0.03356775384939385,-0.010262727153299784,0.11588486274006278
2011-06,2011-05-30,19.42,1.29,7.12,18.53,19.6,18.53,0.006217616580310947,0.05314533622559647,-0.020675743822491044,0.014099216710182993,0.013393633675421901,0.53573680936479,0.4246990182366945,0.7101694459983464,0.5238095238095238,0.05455432955297302,0.47202752649701085,19.262105263157896,21.0,17.29,0.1926061533417127,0.05371676614215959,-0.3749152542372881,-0.07476166583040633,-0.32440677966101694,0.05314533622559647,0.4264990328820115,0.2617621899059026,0.7443464929091607,0.7101694459983464,0.1162521688837479,0.5401331934568946,-0.011396884888296247,0.15630837041271647
2011-07,2011-06-29,20.65,0.46,-2.18,20.18,21.04,20.13,0.048223350253806974,0.0633367662203912,0.28181253879577906,0.019451026856240006,0.04428550787458452,1.4502044154547225,1.2978666044465916,0.709278269779665,0.5238095238095238,0.05106141251059054,0.40342233421121965,19.835,22.09,17.82,0.21527602722460296,0.14913745130773504,-0.014213197969543012,0.0977953646127756,-0.10203045685279177,0.0633367662203912,-0.043689320388349606,-0.16027280477408357,0.796682098765432,0.709278269779665,0.09143763213530631,0.37590569322384465,-0.01069196648228477,0.13535685867633607
2011-08,2011-07-29,21.0,1.1,5.53,20.15,21.05,20.06,0.17318435754189943,0.09147609147609148,0.16086235489220568,0.0577213659715925,0.09717868338557989,1.4794279974886715,1.6104146630438276,0.7945470681161854,0.5714285714285714,0.037826946793004475,0.4287799968268561,19.14,21.89,17.04,0.2533960292580983,0.189801699716714,-0.020366598778004175,0.24773022049286642,-0.214867617107943,0.09147609147609148,-0.10646041856232935,-0.18540024885939443,0.8101851851851851,0.7945470681161854,0.10502793296089408,0.22548164850971922,-0.009023245837522348,0.08605812038626341
2011-09,2011-08-30,30.39,3.02,-9.04,31.77,32.4,30.3,-0.12622196664749863,0.44714285714285706,0.6373922413793105,-0.13787234042553187,-0.09617617901147135,0.7696824802585138,2.132974145894242,2.657659209632354,0.5714285714285714,0.1606752232684775,0.5321314419169484,33.62380952380952,70.33,19.17,1.5215408582353775,0.5737959606421545,0.07033639143730874,0.046859421734795736,0.022426095820591074,0.44714285714285706,-0.019490254872563728,-0.232394366197183,0.6064657752943524,2.657659209632354,0.4211571185479297,0.9097605039809317,-0.003683149132849298,0.2832473611389548
2011-10,2011-09-29,42.43,0.86,-1.99,43.87,44.16,42.02,0.0455889600788566,0.26997904818916507,1.0547215496368039,-0.034057278149615344,0.12086294735517988,1.2858606960204053,2.975327591027127,1.4940361671419866,0.5238095238095238,0.08423610631502904,0.4039919016099893,38.76368421052631,49.0,27.54,0.5536109489348415,0.424303457536086,1.0175120772946857,1.073867163252638,-0.02717391304347827,0.26997904818916507,-0.04772857964347332,-0.5257731958762888,0.8467371782079425,1.4940361671419866,0.1737012987012987,0.20941781274437357,-0.00694885603718053,0.22365934501845128
2011-11,2011-10-28,29.23,0.84,-2.79,27.56,29.79,27.54,-0.15078442765833822,-0.32478632478632474,0.5231891610213653,-0.08536203767444761,-0.18608536536855103,-0.81467955204162,0.803939860601447,1.0214239019793603,0.2857142857142857,0.05506606192108884,0.4282352726407015,35.32526315789474,49.61,27.54,0.6247653386572901,-0.3550308914386584,1.612552806276403,1.3877551020408165,0.09414604707302354,-0.32478632478632474,-0.04108796296296302,-0.7291155795324505,0.5833167032528438,1.0214239019793603,0.14150646076268503,1.1345133514101349,-0.0065107513067262455,0.16828348064192927
2011-12,2011-11-29,28.43,1.82,-6.02,29.41,29.99,28.32,-0.19598416289592757,-0.08349451966473243,-0.14905716851242135,-0.11067317317317316,-0.14804931647592678,-1.5762051962963333,0.5250460381045386,1.1111420294914975,0.47619047619047616,0.05468687825488911,0.39663999102475256,33.37047619047619,38.38,28.32,0.30146408287907767,-0.11128477649265389,0.5564475664826893,0.5973223480947476,-0.025589563472152466,-0.08349451966473243,-0.32440677966101694,-0.7307848169660949,0.5673518259828377,1.1111420294914975,0.17268548916611937,0.4632692959726417,-0.007527819959447127,0.1631051534098627
2012-01,2011-12-29,26.4,0.05,0.19,26.77,27.12,25.96,0.05095541401273884,-0.09090909090909094,-0.3491124260355031,0.02540200419482619,-0.027027027027027195,-1.1865611376926686,0.20777237833734943,0.7355175627737431,0.5238095238095238,0.0488289742810449,0.4861334572607449,27.133333333333336,31.53,24.25,0.2683046683046683,-0.026907482491706602,0.6044198895027622,0.5093555093555093,0.06298342541436441,-0.09090909090909094,-0.1140479686735193,-0.6489526764934057,0.5268409499101976,0.7355175627737431,0.10070810385523199,0.1051421314598399,-0.010264852426180715,0.1847915537844878
2012-02,2012-01-30,24.41,0.58,2.43,24.71,24.97,24.3,0.0640802092414996,-0.07044935262757046,-0.16489907629148137,0.025544071926728806,-0.019303615840826294,-1.0551742743656518,-0.10428517096415417,0.5571722050485692,0.5238095238095238,0.033824523206613,0.4512789406404381,24.734210526315792,28.47,22.0,0.2615810192573677,-0.10025801695539993,0.5566093657379965,0.368421052631579,0.13752222880853582,-0.07044935262757046,-0.14016309887869516,-0.6675862068965517,0.4871283177010577,0.5571722050485692,0.08707360861759406,0.06895153077111602,-0.007327238257442559,0.1634448790871413
2012-03,2012-02-28,20.34,1.2,-5.57,20.91,21.21,20.29,-0.03920642418516773,-0.16673494469479722,-0.327603305785124,-0.024460431654676373,-0.05514632689627719,-1.5287253515037122,-0.6653238030508702,0.5990518845752187,0.38095238095238093,0.042370213987598604,0.28109212753148166,21.4355,23.88,19.62,0.198735742110051,-0.13225255972696248,0.1832283082888997,-0.3638259056554599,0.8599127484246243,-0.16673494469479722,0.10973641742872497,-0.579837067209776,0.4059070045899022,0.5990518845752187,0.07467204843592334,0.626958969378003,-0.006237727956986866,0.0996414219619211
2012-04,2012-03-30,17.56,0.22,-1.24,17.56,17.78,17.3,0.012103746397694293,-0.09484536082474226,-0.33358633776091096,0.0005698005698004938,-0.03858587965377003,-1.3516215615569733,-1.0085280647270174,0.606534559260268,0.47619047619047616,0.03896639928100492,0.3601246666860267,18.264761904761905,20.97,17.04,0.21516842215038062,-0.05793991416309019,0.20422098075729367,-0.542776337497054,1.633767846058349,-0.09484536082474226,-0.02717391304347827,-0.560556464811784,0.3504290560766314,0.606534559260268,0.07751937984496116,-0.1709154307039913,-0.006052918142885123,0.09046049888681436
2012-05,2012-04-27,17.55,0.95,-5.14,18.14,18.21,17.55,-0.014598540145985273,0.006307339449541205,-0.26353336130927396,-0.042657647828933,-0.0161768238968526,-0.924985289778039,-1.0132675454852407,0.62564621171943,0.5714285714285714,0.03586603855142868,0.4055210260717412,17.856315789473683,19.57,16.69,0.16128747015651246,0.008620689655172598,-0.006833712984054552,-0.42001995344196874,0.7124145785876994,0.006307339449541205,0.03294117647058825,-0.49842902027992,0.35022949511075635,0.62564621171943,0.06865671641791038,-0.3890477855457785,-0.008440926366143955,0.07436231312378644
2012-06,2012-05-30,21.82,0.21,0.97,22.23,23.05,21.81,0.007386888273314796,0.24330484330484325,0.012999071494893322,-0.02406297522139711,0.08249468462083631,1.475165591637322,-0.4870352358410022,1.338881660426086,0.42857142857142855,0.06586089234868686,0.3264174934331496,20.299500000000002,26.81,16.01,0.532032808689869,0.32483302975106265,-0.08018867924528295,-0.4621513944223108,0.7101677148846963,0.24330484330484325,0.03978201634877365,-0.43146603098927305,0.4354420275394133,1.338881660426086,0.2226315789473685,1.0139334225796524,-0.007242152002100529,0.08585394735522724
2012-07,2012-06-29,20.03,0.86,-4.12,21.56,21.56,20.02,-0.04890788224121545,-0.0820348304307974,0.14850917431192667,-0.04528122020972347,-0.11604497215509069,-0.0517967194029524,-0.7612858757392418,0.9014225470603149,0.47619047619047616,0.047265013014016456,0.3274716955915467,22.657999999999998,28.6,19.54,0.39985876952952615,-0.1472967220093656,0.05665859564164655,-0.13343923749007147,0.2193704600484263,-0.0820348304307974,0.17932609937178734,-0.34940138626339,0.3997206146477749,0.9014225470603149,0.13239676458067273,-0.07422750554192006,-0.007794451393184895,0.13355777869028782
2012-08,2012-07-30,19.25,0.75,4.05,19.17,19.36,18.98,-0.04655770183259045,-0.03894158761857225,0.09686609686609682,-0.03566776876064526,0.024273443636455783,-0.47786135721048445,-0.8543482643724186,0.7941523008444135,0.5238095238095238,0.04839798946239416,0.37762335516916706,18.793809523809525,22.18,16.95,0.27828312260876176,-0.018357980622131564,0.03247422680412382,-0.1594628619387326,0.2283505154639176,-0.03894158761857225,0.22707147375079062,-0.21234267153877384,0.38415485930951904,0.7941523008444135,0.1478112563956795,0.9636712002879145,-0.009990965307414086,0.11638429246927112
2012-09,2012-08-30,20.0,0.7,3.63,19.75,20.47,19.66,0.03842159916926269,-0.015748031496062964,-0.11855442926399296,0.013993104846887094,0.025741220143603805,-0.15086277052294111,-0.6725131637660241,0.5110601819201858,0.5714285714285714,0.0349545923430219,0.3374256746367739,19.49809523809524,21.87,18.34,0.18104332535534612,-0.04397705544933084,-0.47041959864477456,-0.000983284169124854,-0.46989835809225955,-0.015748031496062964,0.8599127484246243,0.5226190476190475,0.43327556325823224,0.5110601819201858,0.03846153846153855,-1.5243691161009343,-0.0004789225714841015,0.15334296831829866
2012-10,2012-09-28,17.23,0.3,-1.71,17.57,17.57,17.22,-0.05068870523415969,-0.13849999999999996,-0.12136664966853639,-0.032674601392320035,-0.0899190100105639,-1.9147313095464986,-0.9841497129591247,0.4926973596004417,0.47619047619047616,0.03231347747718886,0.40826703963668365,18.8615,21.13,17.22,0.20730058584948177,-0.13936063936063936,-0.5379995379995379,0.12485939257592804,-0.5892815892815892,-0.13849999999999996,1.705625,0.939516129032258,0.37751971954425945,0.4926973596004417,0.0494752623688155,-0.9846835622077738,-0.014503322515579406,0.1204048999701922
2012-11,2012-10-30,18.26,0.29,-1.56,18.24,18.93,18.07,0.019542155220547253,0.04164289788933262,-0.05142857142857138,-0.010512625988945423,0.045419847328244556,-0.35598661181956176,-0.7423680318470596,0.5113261594455804,0.42857142857142855,0.03212210876871327,0.36850359767842417,17.478499999999997,19.11,16.26,0.16305747060674533,0.03456090651558097,-0.41702693714665773,-0.0011396011396010985,-0.4163618224143665,0.04164289788933262,0.7124145785876994,0.340615247436469,0.5042805854736261,0.5113261594455804,0.06621773288439958,0.6198875523483829,-0.009902284071809896,0.08121139084474344
2012-12,2012-11-29,15.07,0.36,-2.33,15.27,15.3,15.07,-0.01951854261548469,-0.17964071856287434,-0.24649999999999994,-0.02345775012960072,-0.09479133892051139,-2.031616959692267,-1.5604799831889176,0.341024170327001,0.2857142857142857,0.033594493245971926,0.2090219064023009,16.648095238095237,18.96,15.07,0.2336603644060525,-0.1805328983143013,-0.3927272727272727,-0.19039224327897752,-0.24991735537190074,-0.17964071856287434,0.6685052399338114,0.47058823529411753,0.4850337946572256,0.341024170327001,0.02741358760429069,0.052314431392827106,-0.016992110694410284,0.09651575771324293
2013-01,2012-12-28,15.89,0.12,0.76,15.95,16.04,15.84,0.0839017735334242,0.024500322372662753,-0.11328125,-0.0008802816901407606,0.04313982931632765,-0.5549993881544694,-1.2214815178183902,0.48106503770137815,0.38095238095238093,0.03163598102764374,0.3908299292833337,15.25111111111111,16.59,14.08,0.16457817281072418,0.03450520833333348,-0.3679706601466992,-0.25753949258018194,-0.1487367563162184,0.024500322372662753,0.2970401691331923,0.17867435158501443,0.583547557840617,0.48106503770137815,0.09345156889495221,1.6119773652085039,-0.009012026066656386,0.05878567842628672
2013-02,2013-01-30,14.72,0.05,-0.34,14.75,14.94,14.57,0.0013605442176871652,-0.07363121460037758,-0.2064690026954178,-0.008487134581705469,0.00914076782449702,-0.7277023591604456,-1.473434903546914,0.4488157596027764,0.3333333333333333,0.05013823999620452,0.33833092958985,14.58666666666667,16.16,13.28,0.19744058500914077,-0.05032258064516126,-0.3312289562289562,-0.14108108108108108,-0.22138047138047146,-0.07363121460037758,0.2012133468149646,0.3004926108374386,0.5533834586466165,0.4488157596027764,0.07299787384833456,0.958772553914605,-0.008276417398699843,0.11244590998218712
2013-03,2013-02-27,15.4,0.11,-0.71,15.42,15.52,15.16,0.14583333333333348,0.01182654402102501,0.0019518542615486467,0.0427952329360779,0.05631042592108715,0.8149002720086227,-1.0046873283825026,0.4869329008507891,0.42857142857142855,0.03447403923362843,0.3819245284723578,14.52722222222222,16.07,13.16,0.20031358751768716,0.0185185185185186,-0.27523809523809517,-0.22623284189120496,-0.06333333333333324,0.01182654402102501,-0.4472229534087918,-0.005210800568450913,0.5789473684210527,0.4869329008507891,0.058073654390934815,0.332430367962513,-0.007082499267980159,0.10985116272599778
2013-04,2013-03-29,14.34,0.56,-3.76,14.75,14.85,14.25,-0.11042183622828794,-0.06883116883116891,-0.10542732376793518,-0.02116040955631404,-0.07535003684598363,-0.7381282909560537,-1.2759733783489444,0.5221634757295968,0.42857142857142855,0.04257067685555511,0.4721444192830751,15.524499999999998,17.17,14.25,0.1880897935521274,-0.08545918367346939,-0.11239193083573495,-0.15754923413566746,0.053602305475504375,-0.06883116883116891,-0.5724494825036963,0.0,0.5390977443609022,0.5221634757295968,0.08095238095238111,0.22978284100048454,-0.008367698184083441,0.09081059154417351
2013-05,2013-04-29,15.27,0.44,2.97,15.37,15.57,15.14,-0.02614795918367352,0.06485355648535562,0.003285151116951379,0.016238519898841952,-0.09199796126401627,-0.2476491271828682,-0.8795341232112903,0.8158904272903204,0.47619047619047616,0.06946301294548654,0.3686928887933891,16.817142857142855,21.01,14.61,0.3805640502888211,0.013271400132713884,-0.22360584731997835,-0.19528619528619529,-0.03519220357336217,0.06485355648535562,-0.43774733637747343,0.13731527093596063,0.5740601503759398,0.8158904272903204,0.11438892233594244,0.4957339567496387,-0.006344760077517619,0.09079056967444493
2013-06,2013-05-30,14.36,0.08,0.56,14.33,14.37,14.16,-0.023793337865397834,-0.05959397511460385,-0.06753246753246755,-0.0040227493411014725,0.0004644681839294229,-0.8250488359167545,-1.0716338236737397,0.4851225811032683,0.47619047619047616,0.031246939141014757,0.4005922443360036,14.334,15.3,13.42,0.13115669038649372,-0.04266666666666674,-0.34209392503231373,-0.006506180871828193,-0.3377854373115037,-0.05959397511460385,-0.3436085972850679,-0.028870292887029247,0.5398496240601504,0.4851225811032683,0.06254653760238282,-0.06613005710090741,-0.011917416064599519,0.10052041152658274
2013-07,2013-06-28,17.11,0.99,-5.47,17.46,17.47,16.93,-0.07862143241787833,0.19817927170868344,0.1483221476510066,-0.10615400689583121,0.030338657414044956,0.6581087172045174,0.18453230422287395,0.8511147755776334,0.6190476190476191,0.05498213470061294,0.47370558613085834,16.853157894736842,21.58,14.3,0.43196652196995705,0.1840830449826989,-0.33735498839907196,-0.09620253164556969,-0.2668213457076566,0.19817927170868344,-0.1913696060037523,0.10683102208525952,0.7932313398238293,0.8511147755776334,0.11362126245847182,-0.2503334647667169,-0.011278938300802135,0.09181042746100457
2013-08,2013-07-30,15.95,0.37,-2.27,16.38,16.38,15.79,-0.06451612903225812,-0.07482598607888624,0.04453176162409944,-0.016524848933284098,-0.08431067005658976,-0.11919725066568919,-0.3230512143768966,0.4561265138169158,0.38095238095238093,0.03925126613661365,0.3383034602883407,17.41045454545454,19.19,15.79,0.19528496462418105,-0.07482598607888624,-0.189087488240828,0.13272010512483567,-0.28410159924741296,-0.07482598607888624,-0.08044982698961933,0.00520094562647766,0.7394529439035697,0.4561265138169158,0.05099648300117243,0.16306117723078897,-0.013447155306256767,0.13067923417500107
2013-09,2013-08-30,15.73,0.07,0.45,15.78,15.85,15.56,0.048666666666666636,-0.032595325953259646,0.11087570621468923,0.021428571428571352,0.043696682464454684,-0.4423269618934751,-0.266065121225941,0.5877066725408311,0.5238095238095238,0.04142380038225446,0.3555060204036706,15.071428571428575,17.19,13.76,0.22758293838862564,0.016149870801033694,-0.18577866800200293,0.07044107965766955,-0.2393590385578367,-0.032595325953259646,-0.05265654648956353,0.09966960352422904,0.7490476190476191,0.5877066725408311,0.07374224672639551,-0.14745378754764885,-0.01009644506173321,0.1094134122984052
2013-10,2013-09-27,14.45,0.17,-1.16,14.71,14.8,14.43,-0.11728772144166166,-0.010951403148528382,-0.28887795275590555,-0.0420312914346328,-0.08064955918441541,-1.374650188290072,-1.0074412888235849,0.357084430144096,0.47619047619047616,0.03218335315585225,0.3494113334770329,15.745882352941177,16.87,14.43,0.15496114763897198,-0.10359801488833753,-0.1985737794843665,0.00068493150684934,-0.19912232583653322,-0.010951403148528382,0.020145495243424794,0.148708254568368,0.7111220472440944,0.357084430144096,0.04722792607802884,0.3346020613798737,-0.0030689125986913916,0.09541569535302644
2013-11,2013-10-30,13.55,0.07,0.52,13.69,13.79,13.47,-0.04711673699015473,-0.06228373702422141,-0.17378048780487798,0.0,-0.05241599786872686,-1.7308397970329734,-1.448660618997112,0.6651020407087856,0.6190476190476191,0.036902649137247875,0.30633027022552894,14.245500000000002,15.96,13.32,0.18532168053069392,-0.12749517063747573,-0.18774592467678475,-0.012303485987696594,-0.17762788083192793,-0.06228373702422141,0.028918449971081506,0.09275184275184256,0.6668307086614174,0.6651020407087856,0.08062130177514781,-0.3519114565541399,-0.006828722367214864,0.07314486735665221
2013-12,2013-11-29,14.42,0.27,-1.84,14.56,14.62,14.17,0.000693962526023606,0.000693962526023606,-0.05751633986928106,-0.008389492504469631,0.02134979257310543,-0.31144127933929777,-0.6871543705954265,0.549255200333504,0.5238095238095238,0.03633225746944805,0.4674034971286221,14.118571428571428,15.5,13.07,0.17211373064858848,0.04796511627906974,-0.08970309538850285,0.005582693649685888,-0.0947567909033481,0.000693962526023606,-0.2691597414589104,-0.2209645669291339,0.7096456692913385,0.549255200333504,0.08775811209439532,0.917763583846656,-0.012598856903487731,0.10597779013481455
2014-01,2013-12-30,12.84,0.24,1.9,13.06,13.16,12.77,-0.03458646616541361,-0.1259360108917631,-0.1114186851211072,0.00093545369504211,-0.09604747058231933,-1.9465744059423222,-1.7095039756131796,0.4845920978373554,0.42857142857142855,0.03590733319032573,0.3737662041891,14.1935,15.93,12.6,0.2346144361855779,-0.121751025991792,0.0020463847203273655,-0.27706692913385833,0.38608458390177347,-0.1259360108917631,-0.25922182920667003,-0.13510324483775804,0.6318897637795275,0.4845920978373554,0.057302585604472434,-0.1495391462870777,-0.0024572479611933017,0.10182428662372177
2014-02,2014-01-29,14.43,0.46,-3.09,14.46,14.68,14.32,0.11860465116279073,0.14523809523809517,0.07047477744807118,0.01763046544428759,0.061661353046281064,0.631865284910632,-0.511609408527824,0.6297368418461314,0.47619047619047616,0.047111476894654565,0.2466533645790652,13.629499999999998,15.8,12.75,0.22377930224879863,0.03145103645461034,-0.11764705882352944,-0.23728813559322037,0.15686274509803932,0.14523809523809517,-0.18025258323765803,-0.09505703422053235,0.7101377952755905,0.6297368418461314,0.13393528969149737,2.113701442212275,-0.012544158568499438,0.09545806799636183
2014-03,2014-02-27,13.44,0.16,-1.18,13.71,13.72,13.38,-0.08881355932203394,-0.10816191108161921,-0.07182320441988954,-0.028340080971659853,-0.09700537496800632,-0.810600024809822,-1.1676224896338931,0.726469846109859,0.38095238095238093,0.032851277345360835,0.36879052974097315,14.907368421052633,17.9,13.38,0.30320576189803683,-0.1536523929471033,0.1322314049586777,-0.0645561762880198,0.21036814425244166,-0.10816191108161921,-0.2893753336892685,-0.2908897176345231,0.6614173228346456,0.726469846109859,0.11272040302267006,1.2737121150929587,-0.011021311355714264,0.04931433084779016
2014-04,2014-03-28,13.23,0.26,2.0,13.28,13.5,13.16,0.03683385579937304,-0.015624999999999889,0.04667721518987333,0.02415234556432888,-0.02683106238397137,-0.692687764281883,-1.1754558861980302,0.6938050720291359,0.5238095238095238,0.039069940286568045,0.4294876717805728,13.6,15.18,12.42,0.20294117647058824,-0.08821502412129556,-0.19376124775045,-0.12896953985742066,-0.074385122975405,-0.015624999999999889,-0.07285873192436032,-0.1184558434690639,0.6510826771653544,0.6938050720291359,0.08134328358208953,0.27216167197768737,-0.010054004105961236,0.07716042077148867
2014-05,2014-04-29,11.66,0.52,-4.27,11.93,12.03,11.63,-0.019343986543313707,-0.15629522431259046,-0.2169241101410343,-0.026711185308848084,-0.05906313645621197,-1.5731801020842997,-1.9489586310400633,0.33345916776232104,0.23809523809523808,0.031070111153781305,0.38595442136942093,12.391904761904764,13.91,11.42,0.20093763209468546,-0.14327700220426154,-0.11862244897959184,0.01468428781204123,-0.13137755102040816,-0.15629522431259046,-0.04796599878567087,-0.15879828326180256,0.5738188976377953,0.33345916776232104,0.042720139494333065,0.1917477226650188,-0.006121949176681108,0.07248263640673337
2014-06,2014-05-30,10.86,0.37,3.53,10.47,10.86,10.27,-0.020739404869251632,-0.10837438423645318,-0.1919642857142857,-0.001654715940430429,-0.03027468322136273,-1.42134282531514,-1.9590651491493751,0.7472756803110004,0.38095238095238093,0.044707728520670405,0.3259844321947303,11.153684210526317,12.26,9.74,0.22593431483578705,0.009293680297397744,-0.13494318181818188,-0.15883977900552493,0.02840909090909083,-0.10837438423645318,-0.18329466357308577,-0.30434782608695643,0.5344488188976377,0.7472756803110004,0.11524163568773238,1.113739966272738,-0.0018081595760428269,0.10292609914169426
2014-07,2014-06-27,11.08,0.22,2.03,11.23,11.24,10.96,-0.03484320557491294,-0.0027002700270026825,-0.14506172839506182,0.013352844338759828,-0.011176745569673963,-0.8279402886678481,-1.5620176630746903,0.465771646305133,0.47619047619047616,0.03615072865403279,0.400516882485197,11.286666666666667,12.26,10.69,0.13910218546958064,0.017447199265381075,-0.3008181246066709,-0.2109375,-0.11390811831340464,-0.0027002700270026825,0.03924133420536302,-0.1994962216624685,0.5452755905511811,0.465771646305133,0.053308823529411686,0.24883098247754407,-0.016873056353210802,0.07097082505563757
2014-08,2014-07-30,13.49,1.31,10.76,12.38,13.94,12.29,0.2421731123388582,0.19911111111111124,0.1057377049180328,0.1414790996784565,0.2210249558208699,4.728411711234587,-0.031029225022233476,0.5610976544590945,0.5714285714285714,0.035565778000964665,0.556620950367075,11.057272727272728,13.94,10.21,0.33733453917618994,0.19911111111111124,-0.3777654867256637,-0.15349887133182838,-0.264933628318584,0.19911111111111124,0.1973509933774833,-0.10979812900049235,0.7408017572762219,0.5610976544590945,0.10755336617405598,1.1500259161381132,0.003108171929652912,0.08296320172047408
2014-09,2014-08-29,10.86,0.07,0.65,11.1,11.16,10.82,-0.038938053097345215,-0.194959229058562,0.03527168732125818,-0.012906744228322053,-0.09446098868374042,-0.7592557142876151,-1.4410578476782296,0.7147418541406048,0.38095238095238093,0.049366557402305784,0.31508993529839724,11.958000000000002,13.55,10.66,0.24167921057032948,-0.16972477064220193,-0.13414634146341464,-0.008088235294117618,-0.12708600770218226,-0.194959229058562,0.14896755162241893,-0.6677329921091917,0.6146010186757215,0.7147418541406048,0.11785095320623928,1.0698665950800554,-0.005552168453754177,0.08472293126392136
2014-10,2014-09-29,12.62,0.32,2.6,12.86,12.92,12.43,0.02269043760129663,0.14831665150136475,0.16206261510128916,0.02869253342028033,0.07814979048858861,1.3659803946479838,-0.2252438429006864,0.4835800461379857,0.6666666666666666,0.037877619851288534,0.39279721710892623,11.851111111111113,12.92,10.78,0.18057378586161638,0.1277926720285969,-0.3026649746192893,-0.1440809968847352,-0.18527918781725883,0.14831665150136475,-0.013767209011264159,-0.610479485912012,0.7142048670062251,0.4835800461379857,0.0680393912264996,-0.3374216969821526,-0.005969724558342264,0.06503280553384878
2014-11,2014-10-30,13.41,0.1,-0.74,13.75,13.78,13.41,-0.07835051546391758,0.06259904912836767,0.23253676470588225,-0.04145818441744098,-0.091902873174035,0.32340635758857394,0.2943313182984219,1.015857731609468,0.47619047619047616,0.0612176361405148,0.34287551377138886,14.871,18.87,12.54,0.4256606818640308,0.018996960486322267,-0.08683068017366147,0.06139613120269116,-0.1396526772793053,0.06259904912836767,-0.26411075612353574,-0.6493275818320223,0.7190348525469169,1.015857731609468,0.1480927449513838,0.21205504011077272,-0.006377158035983462,0.0850101826158306
2014-12,2014-11-28,11.59,0.11,-0.94,11.64,11.69,11.45,-0.08234362628661918,-0.13571961222967932,0.05459508644222022,-0.02866242038216582,-0.13186617206448836,-0.9970816166186783,-0.843983116715779,0.3925112774150725,0.23809523809523808,0.03606226599928628,0.2791154261903989,13.3185,15.48,11.45,0.3025866276232309,-0.19792387543252588,-0.03106936416184969,0.20485175202156336,-0.19580924855491322,-0.13571961222967932,0.0028985507246375164,-0.5788192331101643,0.6214477211796247,0.3925112774150725,0.0432513049962715,0.5936723720537318,-0.003105446676720107,0.08401928636889144
2015-01,2014-12-30,12.97,0.06,0.46,12.92,13.22,12.88,0.005426356589147252,0.11906816220880079,0.027733755942947802,0.022870662460568125,-0.013259428323008415,-0.5412361804903724,0.12095052611764774,0.8520651192186354,0.5238095238095238,0.04796946382822852,0.38375891996009176,13.144285714285715,15.96,11.36,0.34996196065645047,0.07456503728251862,-0.23143236074270557,0.06721915285451208,-0.27984084880636606,0.11906816220880079,-0.05926388022457896,-0.48479672019132214,0.6954423592493298,0.8520651192186354,0.1070559610705597,-0.2646300946795908,-0.006384978467972516,0.08359123510640885
2015-02,2015-01-30,13.67,0.17,-1.23,13.55,13.72,13.45,0.03560606060606064,0.0539707016191211,0.01938851603281133,0.004703807143907168,0.009281721337411897,0.3510858334217467,0.5780103924817578,0.6602004791509568,0.38095238095238093,0.06616209690394406,0.4124765947299624,13.544285714285712,19.09,12.3,0.5013184263263369,0.0935999999999999,0.0,0.19209558823529416,-0.16114109483423278,0.0539707016191211,-0.28579295154185014,-0.5226352594773647,0.7329758713136729,0.6602004791509568,0.11845286059629334,1.209545937870988,-0.012212195696480207,0.05467994173701997
2015-03,2015-02-27,11.11,0.24,-2.11,11.39,11.5,11.11,-0.04961505560307955,-0.19317356572258537,-0.09821428571428581,-0.03441682600382412,-0.12236683719530561,-1.9356039639817306,-1.100988514414951,0.439326953324985,0.38095238095238093,0.046226617911319635,0.3261992237798405,12.445882352941176,14.17,11.11,0.24586444843557997,-0.21261516654854717,-0.035038542396636285,0.20262008733624448,-0.1976173791170287,-0.19317356572258537,-0.046122994652406546,-0.37658366098733076,0.5957104557640751,0.439326953324985,0.03218727139722022,-1.091425623244365,-0.0075686670614683645,0.0513922124390484
2015-04,2015-03-30,11.34,0.03,0.27,11.55,11.62,11.23,-0.028277634961439646,0.02070207020702064,-0.11198120595144867,-0.017671517671517756,-0.015177205243786296,-1.1549649390965142,-0.8036782741100479,0.6456156509353461,0.6190476190476191,0.03946188498969291,0.34290948699173984,11.514761904761903,13.0,10.68,0.20148050121996616,0.018867924528301883,-0.17274758004467616,-0.08484349258649104,-0.09605361131794488,0.02070207020702064,-0.18159658744667884,-0.30233766233766235,0.6080428954423593,0.6456156509353461,0.08348794063079779,-0.5105371080633937,-0.003241357448410063,0.09823883464769555
2015-05,2015-04-29,12.26,0.22,-1.76,12.38,12.46,12.11,-0.004870129870129913,0.10550045085662751,-0.07471698113207548,-0.050642713334365985,0.02276248361339528,0.2506436178378982,-0.056201849243671206,0.5683509015771657,0.5238095238095238,0.05073473788754987,0.36960253053665587,11.987142857142857,14.8,10.7,0.3420331307353118,0.079225352112676,-0.08422791081750614,-0.2255586592178771,0.1824938067712636,0.10550045085662751,-0.17111567419575635,-0.3008083140877599,0.6573726541554961,0.5683509015771657,0.09740259740259738,0.6939065096062415,0.008213111677529888,0.07190300748123046
2015-06,2015-05-29,12.59,0.25,-1.95,12.96,13.03,12.56,0.08161512027491402,-0.04693414080242253,0.109251101321586,0.007038873780195187,0.02552267173499856,1.053565552320143,0.14660023630863636,0.5358425833761349,0.47619047619047616,0.03889451830786288,0.3263994515553977,12.295,13.44,11.36,0.16917446116307444,0.04049586776859515,0.10729253981559106,0.04592240696753769,0.05867560771165148,-0.04693414080242253,-0.12020648967551628,-0.2553058676654182,0.6750670241286864,0.5358425833761349,0.0636833046471601,0.31134489366019397,-0.0030356178382641478,0.12515420024164692
2015-07,2015-06-29,14.69,2.03,16.03,14.24,15.23,14.04,0.0316011235955056,0.16679904686258928,0.29885057471264354,0.1128787878787878,0.05157485683119711,1.7836906467078553,1.521534312788282,0.8394683590974877,0.5714285714285714,0.04942431821847776,0.38761245177900705,13.96952380952381,15.62,12.66,0.2118898281974365,0.10451127819548867,0.14977168949771702,-0.024031007751938005,0.17808219178082196,0.16679904686258928,-0.23480083857442358,-0.5883458646616542,0.7876675603217158,0.8394683590974877,0.16034755134281187,0.6658873861346959,-0.005168543074839056,0.081045796985407
2015-08,2015-07-30,13.85,0.2,1.47,13.71,14.16,13.69,0.054836252856054646,0.018382352941176405,0.1296900489396411,0.009033950167565141,-0.005539029644066162,0.39636015357191057,0.7270443442744009,0.7566879272764135,0.5238095238095238,0.05967366139145777,0.27495902042304066,13.912272727272724,17.44,12.68,0.3421439539974518,0.018382352941176405,0.2569316081330868,0.026415094339622636,0.22458410351201485,0.018382352941176405,-0.15600624024960996,-0.42046063202999473,0.7426273458445041,0.7566879272764135,0.1200000000000001,0.6866716077536203,-0.009021679762992604,0.0866402279901332
2015-09,2015-08-28,18.34,1.99,-9.79,18.49,18.68,18.05,-0.009184224743382097,0.3435897435897435,0.3789473684210525,-0.22478654155042688,0.11421628189550437,1.2134651212686025,2.4715889926704446,2.2857199312239636,0.5238095238095238,0.10931174420216076,0.34195595157328756,16.751052631578947,32.73,12.82,1.1885820215540264,0.3071988595866002,0.19213973799126638,0.22862286228622875,-0.029694323144104806,0.3435897435897435,-0.1976173791170287,-0.411008230452675,0.6417074877536739,2.2857199312239636,0.5440302539168016,2.5686301620089367,-0.002946675320480827,0.078228696089838
2015-10,2015-09-25,19.56,0.04,0.2,19.39,20.35,19.38,0.11771428571428566,-0.03787506148548936,0.33151803948264114,0.008143490361818273,-0.045277054667162586,0.6890294824239734,1.9866220233397411,1.5280596689664958,0.5238095238095238,0.06971743745886298,0.403663923531081,20.639473684210525,24.64,17.5,0.3459390539334439,-0.11453146220009058,0.6474878444084278,0.7975243147656939,-0.08346839546191243,-0.03787506148548936,-0.13947001394700143,-0.3836163836163836,0.6843946815955213,1.5280596689664958,0.15213770127706816,-0.09349396317709689,-0.0040892564410374465,0.11763165931606628
2015-11,2015-10-30,14.22,0.48,-3.27,14.66,14.66,14.19,0.020086083213773476,-0.3056640625,0.04175824175824183,-0.014279772632746268,-0.09703365486377802,-0.921868093021188,0.03948662662823347,0.5804320008766971,0.47619047619047616,0.05386781058747893,0.2999492311701514,15.74809523809524,22.95,13.86,0.5772126636630279,-0.2288503253796096,0.39319727891156475,0.641025641025641,-0.15102040816326523,-0.3056640625,0.20987654320987637,-0.13833528722157096,0.4975507347795662,0.5804320008766971,0.03320802005012524,-0.5829466439552542,-0.005791609031767734,0.07250249994886149
2015-12,2015-11-27,12.86,0.19,1.5,12.75,12.86,12.65,-0.038863976083707175,-0.12517006802721087,-0.36743728480078697,0.00831111808060192,-0.0846044335977223,-1.3380127859823558,-0.4341394340035678,0.8361553743324524,0.5714285714285714,0.04035446533936045,0.3861983146295962,14.040000000000001,17.19,12.57,0.3290598290598291,-0.11917808219178083,0.16389548693586686,0.16759332803812543,-0.0031670625494854,-0.12517006802721087,0.05867560771165148,-0.2766323024054983,0.44996501049685095,0.8361553743324524,0.12550335570469784,0.4681405648323312,-0.007378607653892166,0.07909132287062785
2016-01,2015-12-30,14.18,0.28,2.01,13.96,15.66,13.73,-0.03075871496924132,-0.013221990257480831,-0.3076171875,0.022792844777842047,-0.05250095456281012,-0.5487752271706804,-0.03819216341053026,0.9492916272361073,0.5238095238095238,0.049320893302690516,0.4993133825341256,14.965714285714284,17.86,13.02,0.32340588010691107,0.03882783882783869,0.12529365700861383,-0.00553633217993077,0.13155833985904453,-0.013221990257480831,0.11236933797909399,-0.16262295081967215,0.49615115465360393,0.9492916272361073,0.11371020142949972,-0.0697179770103642,-0.005842326720848585,0.10646349060643999
2016-02,2016-01-29,17.93,0.84,-4.48,19.31,23.02,17.93,-0.11369253583786454,0.2899280575539567,0.21972789115646263,-0.06037103029032598,-0.06621531136076186,0.6847552983531947,0.9805372531909333,1.4579125395893233,0.5714285714285714,0.11615625662910294,0.35492297150904517,19.4525,24.82,15.14,0.4976224135715203,0.10338461538461541,0.053030303030303205,-0.013484740951029028,0.06742424242424239,0.2899280575539567,0.22676579925650553,-0.07821229050279332,0.6273617914625612,1.4579125395893233,0.2013993003498249,0.1676218558700875,-0.005975007743315161,0.0544247297689644
2016-03,2016-02-26,16.82,0.13,-0.77,16.53,16.91,16.34,-0.017523364485981352,-0.11983254840397695,0.2849503437738732,-0.003672550645657968,-0.08968609865470845,-0.09151612094096313,0.5075318198804899,1.2145827569313001,0.2857142857142857,0.06845743853732389,0.3868356712354366,18.336470588235294,24.89,16.31,0.46791992814063915,-0.03388856978747845,0.6347305389221558,0.03241491085899506,0.5834046193327633,-0.11983254840397695,-0.06554756195043965,-0.2058423913043479,0.5885234429671099,1.2145827569313001,0.24242424242424265,1.6477065225670262,-0.006510626436566546,0.06899246187537295
2016-04,2016-03-30,11.9,0.4,-3.25,12.04,12.07,11.77,-0.06372934697088906,-0.32232346241457854,-0.10727681920480114,-0.03877221324717273,-0.1143950669785243,-1.5556366550577079,-1.0619498866032155,0.6399877361194308,0.38095238095238093,0.0394192992859501,0.26245070302929435,13.437142857142858,16.09,11.77,0.3214969168615777,-0.22273024167210975,0.5137931034482759,-0.0409612233752048,0.5784482758620688,-0.32232346241457854,-0.04526748971193417,-0.24232527759634226,0.4163750874737579,0.6399877361194308,0.044049459041731076,-0.8736899698864588,-0.005583757796176133,0.04807404745330526
2016-05,2016-04-29,12.42,0.32,-2.51,12.78,12.93,12.4,0.007299270072992581,0.043697478991596705,-0.39147476727094566,-0.017715912685859037,-0.02925413130861998,-0.9020186515267907,-0.9599066302691449,0.6416316730933219,0.47619047619047616,0.04221572952983676,0.266346340050852,12.8175,14.12,12.09,0.15837721864638185,-0.08407079646017701,-0.03409090909090906,-0.16315049226441636,0.15422077922077926,0.043697478991596705,-0.23809523809523814,-0.19634703196347025,0.4345696291112666,0.6416316730933219,0.0997566909975669,0.6205205957606981,-0.008382687441912619,0.09113101840000781
2016-06,2016-05-30,11.92,0.37,3.2,12.1,12.5,11.84,-0.04333868378812211,-0.06436420722135006,-0.2967551622418879,-0.004842210719652629,-0.029203025014543527,-0.9580991476996377,-1.1136041845671731,0.46421217801489245,0.47619047619047616,0.03691774288509007,0.26333292494881305,12.246842105263157,13.48,11.43,0.16739008981907266,-0.06729264475743346,0.0945017182130583,-0.04783258594917794,0.14948453608247414,-0.06436420722135006,-0.14095940959409592,-0.2103120759837177,0.417074877536739,0.46421217801489245,0.03203463203463186,-0.7434264802455067,-0.008400582818453642,0.07118157297065615
2016-07,2016-06-29,14.67,2.72,-15.64,16.24,16.25,14.49,-0.12208258527827653,0.23070469798657722,0.147887323943662,-0.2047056272362573,-0.03526132840635077,0.58356386390246,-0.26620857712846524,1.6227623481498414,0.47619047619047616,0.0951665219067819,0.35004058276954,15.376000000000001,26.67,11.49,0.9872528616024974,0.25706940874036,-0.1629213483146068,-0.21784776902887137,0.0702247191011236,0.23070469798657722,0.02298850574712641,0.005649717514124353,0.513296011196641,1.6227623481498414,0.2704296545914069,0.9265619126679309,-0.004771323835191275,0.11064624980434697
2016-08,2016-07-29,12.6,0.08,-0.63,12.66,12.87,12.46,-0.01945525291828798,-0.09352517985611519,-0.010989010989011061,-0.012848636790974588,-0.05819540843566484,-0.4765677277648467,-0.8980334739966911,0.7515078738172942,0.47619047619047616,0.0372565278889587,0.42129363931742264,13.37857142857143,15.12,12.38,0.20480512546716484,-0.024012393493415995,0.031922791388270255,-0.27263212977498685,0.41870824053452105,-0.09352517985611519,-0.043323863636363646,-0.2487451199107641,0.44086773967809656,0.7515078738172942,0.14687499999999987,1.6123923208433042,-0.009483873518796836,0.057834687036993286
2016-09,2016-08-30,11.49,0.49,-4.09,11.87,11.88,11.48,-0.03201347935973031,-0.088095238095238,-0.02709568162574094,-0.033316506814739966,-0.04363852556480374,-0.931220316268446,-1.1578125351658293,0.492362916129077,0.3333333333333333,0.030409547740583184,0.30599181887886534,12.014285714285714,13.36,11.09,0.18894173602853742,-0.08737092930897539,-0.31928687196110217,-0.2508917954815696,-0.09130199891950308,-0.088095238095238,0.5834046193327633,0.19573643410852726,0.40202939118264525,0.492362916129077,0.0625,0.4899952023700816,-0.010713348232813419,0.07002892268859388
2016-10,2016-09-29,12.33,0.46,-3.6,12.4,12.4,12.16,0.00817661488143906,0.026644462947543746,-0.2909718228867165,-0.009161041465766573,-0.015924293098205977,-0.3610306566296953,-0.838075936014214,1.6825517835735286,0.47619047619047616,0.05215530942254126,0.3553907162701468,12.671666666666669,16.93,10.68,0.49322635801657233,0.05836909871244633,-0.4214836223506744,-0.021986970684039098,-0.4084778420038536,0.026644462947543746,0.8242530755711774,0.32567049808429127,0.5105590062111801,1.6825517835735286,0.42474048442906565,3.2171385047008902,-0.005501967788391367,0.06599052051192653
2016-11,2016-10-28,13.23,0.15,1.15,13.1,13.56,13.1,0.003793626707132125,0.034401876465989245,0.04667721518987333,0.01581695331695321,-0.042229729729729604,0.3326995640138639,-0.428634812504032,0.7571288099038538,0.42857142857142855,0.046277390544340415,0.4272040840611811,13.87578947368421,15.56,12.6,0.21332119556971635,-0.046829971181556185,-0.17430600387346684,-0.003117692907248726,-0.171723692704971,0.034401876465989245,0.23920000000000008,-0.0025756600128782337,0.5478260869565218,0.7571288099038538,0.1443633414436334,1.341671864590336,-0.007912852575941964,0.06634700406018894
2016-12,2016-11-29,12.96,0.18,1.41,13.04,13.11,12.7,0.008560311284046884,-0.11293634496919913,0.07910074937552047,0.029879211697393604,-0.1372598744690291,-0.45472976082953637,-0.534648642420136,1.4767974819224976,0.5238095238095238,0.07343066468029116,0.45089460702941214,15.021904761904759,23.24,12.11,0.7409180244721995,-0.12373225152129808,0.06798245614035081,0.2649350649350648,-0.1557017543859649,-0.11293634496919913,0.180327868852459,-0.024946543121881604,0.5366459627329193,1.4767974819224976,0.16632860040567965,-0.4962715898647737,-0.004773839441329255,0.06391741004003644
2017-01,2016-12-29,11.51,0.29,2.58,11.53,11.61,11.41,0.037871956717763666,-0.10078125000000004,-0.1842664776754075,0.015170224025401469,-0.012461186468377239,-1.0528095795548627,-0.9633789530811228,0.4341429478803156,0.47619047619047616,0.02767557201433784,0.3411771061847383,11.655238095238095,13.66,10.8,0.2453832325543389,-0.11051004636785156,-0.16010498687664043,-0.1274710293115201,-0.03740157480314965,-0.10078125000000004,0.0702247191011236,0.04240766073871427,0.47660455486542447,0.4341429478803156,0.04250386398763539,-0.43508380000621555,-0.0065594958298001394,0.06887860006461191
2017-02,2017-01-26,11.59,0.53,-4.37,12.0,12.0,11.59,-0.07722929936305734,0.00782608695652165,-0.1239606953892669,-0.06275270904091867,-0.008190709046454914,-0.6283393159764351,-0.8365533171364583,0.6079138027610121,0.5714285714285714,0.042739553347863675,0.34251378678953415,11.719473684210529,13.16,10.76,0.20478735348273228,-0.0077054794520547976,-0.521630615640599,-0.09018987341772156,-0.47420965058236264,0.00782608695652165,0.8664596273291925,0.703756201275691,0.4799171842650104,0.6079138027610121,0.07664233576642343,-0.25056160660974125,-0.0009922422974013383,0.0792771652833048
2017-03,2017-02-27,10.62,0.43,4.22,10.61,10.79,10.49,0.044247787610619316,-0.12376237623762376,-0.15107913669064754,0.05524642289348192,-0.023768877216021056,-0.98497777245331,-1.2699394086572946,0.50813391491756,0.38095238095238093,0.03689201301223777,0.2270366807348124,10.75421052631579,12.48,9.7,0.25850340136054434,-0.12231404958677694,-0.28284023668639047,0.007481296758104827,-0.28816568047337277,-0.12376237623762376,0.1785216178521618,-0.04357668364459555,0.4713715046604527,0.50813391491756,0.08110440034512512,1.102576193540535,-0.006839359896563233,0.05353879586968603
2017-04,2017-03-30,11.2,0.35,-3.03,11.32,11.5,11.16,-0.1215686274509804,0.05263157894736836,-0.026086956521739202,-0.07177192110061326,-0.037052200614125064,-0.2199361552884457,-0.8555678049045311,0.7156782184552235,0.5238095238095238,0.04646410905048006,0.4079773352083785,11.630952380952383,13.57,10.43,0.2699692937563971,0.0616113744075828,-0.15822784810126578,-0.16810007818608275,0.011867088607594889,0.05263157894736836,-0.4046161092793217,-0.06853352984524685,0.49711495783399906,0.7156782184552235,0.07666098807495736,-0.6276328563284801,-0.0010252527833425162,0.08519506537624394
2017-05,2017-04-28,12.27,0.45,3.81,11.93,12.41,11.7,-0.048099301784328974,0.09553571428571428,0.05867126833477143,0.0047494267933181344,-0.0797500000000001,0.21028575180035922,-0.28481531688264633,1.126832854937738,0.38095238095238093,0.154903273281489,0.3050940409201123,13.447,26.95,10.67,1.210678961850227,0.11444141689373288,-0.12704598597038197,-0.1534391534391535,0.03117692907248637,0.09553571428571428,-0.171723692704971,0.006274509803921635,0.5446071904127829,1.126832854937738,0.16943784639746617,0.8674976994540324,-0.003146708900381554,0.057689614572681465
2017-06,2017-05-30,13.6,0.42,-3.0,14.03,14.19,13.6,0.05590062111801242,0.13144758735440942,0.38917262512768147,0.0053222945002959765,0.020911528150133973,0.5863001267824162,0.3667362594883921,0.9651867503191772,0.6190476190476191,0.06489201644098241,0.3051810355130915,13.526666666666667,18.88,12.32,0.48496796451453905,0.03186646433990892,-0.03531300160513651,-0.018775510204081636,-0.016853932584269704,0.13144758735440942,-0.1637583892617449,0.07413793103448296,0.6036395916555704,0.9651867503191772,0.14306463326071173,-0.7479780015067499,0.0038831805390214837,0.11325750662640986
2017-07,2017-06-29,11.65,0.33,-2.75,12.01,12.06,11.65,0.042039355992844474,-0.1433823529411764,-0.10177332305319975,-0.005123825789923209,-0.02638490926456538,-0.8381703311374573,-0.6077400691732867,0.5064064188238827,0.38095238095238093,0.03442976169315584,0.14480553450891595,11.905000000000001,13.42,11.17,0.18899622007559846,-0.08770555990602968,-0.18611609814482355,0.2263300270513977,-0.3363255535607421,-0.1433823529411764,-0.025087514585764303,0.5358455882352942,0.5170883266755437,0.5064064188238827,0.05774278215223094,0.2291484005596617,-0.005804006117377761,0.07930136071797692
2017-08,2017-07-28,12.93,2.55,24.57,11.04,12.93,11.04,0.3167006109979633,0.10987124463519304,0.07570715474209644,0.19170506912442398,0.12295285359801467,0.5362067557915069,0.27544551997754757,1.1288225336643007,0.38095238095238093,0.05425557043153177,0.25182011870896337,11.490000000000002,14.38,9.82,0.3968668407310705,0.051219512195121775,-0.09267912772585662,-0.09759876065065842,0.005451713395638658,0.10987124463519304,-0.3797101449275362,0.2045028142589118,0.6713395638629283,1.1288225336643007,0.24566473988439297,2.2475177010274288,-0.006574164410528131,0.04856123170217181
2017-09,2017-08-30,12.94,0.78,-5.69,13.44,13.44,12.94,0.026169706582077623,0.011727912431587217,-0.018209408194233667,0.009990633780830427,-0.04505201012088844,0.3751336660003802,0.2038157567659531,1.6252458523774709,0.42857142857142855,0.08715581136207147,0.2731809037033217,13.550476190476191,21.01,11.29,0.7173179645768908,0.10977701543739271,0.07750631844987366,0.255152109911678,-0.1415332771693344,0.011727912431587217,-0.306658878504673,-0.044283413848631326,0.6718587746625129,1.6252458523774709,0.2519936204146731,0.6941323845555992,-0.004817357946274937,0.05126851320136777
2017-10,2017-09-29,13.41,0.76,6.01,13.09,13.41,12.96,0.08847402597402598,-0.016862170087976525,0.09024390243902425,0.05690416141235821,0.021288170015231644,0.3672516410535132,0.4363936901706956,0.9531663696485015,0.5238095238095238,0.05750624496150681,0.3860996231556477,13.130476190476193,16.64,10.94,0.43410459128164214,0.0037425149700598404,0.08771929824561409,0.18095238095238098,-0.07894736842105254,-0.016862170087976525,-0.013375295043273172,0.07639484978540767,0.6962616822429906,0.9531663696485015,0.13997005988023958,-0.22833357661093182,-0.003887367671561034,0.08517277040874181
2017-11,2017-10-30,12.39,0.18,1.47,12.52,12.54,12.31,0.013082583810302584,0.07179930795847755,0.231610337972167,0.0019408054342553438,-0.002530189764232027,-0.31915924279818414,-0.09552839891757281,0.5924704002167577,0.7142857142857143,0.036924389246352864,0.40311894693083083,12.339333333333336,13.99,11.42,0.20827705440596464,-0.10606060606060597,-0.15311355311355312,-0.22259583053127097,0.08937728937728928,0.07179930795847755,0.09375,0.037234042553191404,0.6433021806853583,0.5924704002167577,0.0657439446366781,-0.5607606603788938,-0.0014883985076306853,0.0952076308064307
2017-12,2017-11-29,12.23,0.23,1.92,12.33,12.56,12.21,0.06625980819529209,0.014096185737976885,0.004930156121610629,0.025146689019279078,0.005914146952843424,-0.3196166206569094,-0.04715803579193458,0.7300927874574081,0.5238095238095238,0.04819663409008344,0.3880226662010309,12.158095238095239,14.11,10.96,0.2590866363778786,-0.03624901497241917,-0.12035010940919044,-0.11061946902654862,-0.010940919037199182,0.014096185737976885,0.14345287739783164,-0.07738896366083436,0.645042194092827,0.7300927874574081,0.08181026979982597,-0.3239381965950398,-0.003193664215851319,0.09612583540177326
2018-01,2017-12-28,12.06,0.84,-6.51,12.87,12.99,12.06,0.016006739679865323,0.0050000000000001155,0.04325259515570945,-0.03566288181672794,-0.03095465850392176,-0.36999732944683417,-0.16815025211674262,0.7858989798573636,0.5238095238095238,0.06924928911728016,0.29385953256120334,12.416842105263157,14.17,10.37,0.3060359443879282,-0.09049773755656099,0.098901098901099,0.06100795755968158,0.03571428571428581,0.0050000000000001155,-0.37385321100917435,-0.07692307692307698,0.6360759493670886,0.7858989798573636,0.08473154362416113,0.05072461645450519,-0.009560146126883955,0.10281994074158697
2018-02,2018-01-30,14.23,0.81,6.04,13.74,14.47,13.66,0.11607843137254914,0.1799336650082919,0.14850686037126715,0.0877541660296588,0.1478451256049782,2.6291719625923053,1.3246333357940923,0.5995254463926075,0.6190476190476191,0.036074428786463955,0.333498475021272,12.397142857142857,14.47,10.74,0.3008757778289929,0.12401263823064768,0.021168501270110163,0.19880715705765417,-0.14817950889077047,0.1799336650082919,-0.11535580524344569,-0.048348106365833976,0.7505274261603375,0.5995254463926075,0.0718849840255591,-0.09736475038733662,-0.0016146684015004257,0.11279370159168277
2018-03,2018-02-27,14.53,0.58,-3.84,14.35,14.71,14.18,-0.1502923976608188,0.16426282051282048,0.26347826086956516,-0.07499363381716317,-0.1512142201452059,0.21712697376099083,0.8184677393231965,2.112192262686172,0.5238095238095238,0.10014196073330064,0.39022328940568424,17.928235294117645,28.34,13.9,0.8054334273902488,0.03934191702432033,0.1919770773638969,-0.047328244274809084,0.25119388729703895,0.16426282051282048,-0.10359589041095885,-0.24349710982658956,0.6123050990307627,2.112192262686172,0.392241379310345,1.4752071315013278,-0.003948635789006872,0.1390308857731697
2018-04,2018-03-30,17.54,1.4,-7.39,18.55,18.55,17.54,-0.1321128154379021,0.12797427652733107,0.35653518948182517,-0.06443353957755504,0.03260351546073825,0.6776065531324401,1.8130232987004198,1.3037715262684781,0.5238095238095238,0.050723230151013335,0.38373869090735596,16.98619047619048,20.95,14.75,0.3650023828880602,0.008625646923519081,0.38222222222222224,0.371252204585538,0.008000000000000007,0.12797427652733107,-0.3169398907103824,0.032110091743119185,0.7391487568478718,1.3037715262684781,0.24445812807881784,1.0275814508847203,-0.004916730242710516,0.11079977265783626
2018-05,2018-04-27,14.05,0.52,-3.57,14.25,14.31,13.97,0.088303640588691,-0.2581837381203802,0.12580128205128216,-0.015554932735425964,-0.08098427036287181,-0.9139797685303448,0.20700591824467626,0.7689528598947291,0.47619047619047616,0.043072302491252004,0.37517562103292584,15.175500000000003,19.39,12.52,0.4527033705643965,-0.23224043715846998,0.15487804878048794,0.5311236863379145,-0.24573170731707317,-0.2581837381203802,0.16229624379872432,0.45390070921985815,0.5920775389801939,0.7689528598947291,0.05301914580265099,-0.32380157038304536,-0.005931709644333533,0.08871746132561045
2018-06,2018-05-30,15.52,2.59,20.03,13.75,15.99,13.72,0.21060842433697347,0.06520247083047348,0.027134348113831974,0.16973168525776305,0.19542253521126773,0.20667618564233403,0.8582936584877143,0.9175311034710798,0.5238095238095238,0.05190689955490259,0.37360285437570945,12.894736842105265,15.99,11.15,0.3753469387755101,0.13866471019809246,0.1054628224582701,0.2702702702702702,-0.129742033383915,0.06520247083047348,-0.12367021276595747,0.12074829931972797,0.6540244416350611,0.9175311034710798,0.20030935808197992,2.112023153149694,-0.00785546291198357,0.07147219061114576
2018-07,2018-06-29,16.04,0.66,-3.95,16.75,17.49,15.96,0.05735003295978891,0.24052590873936586,-0.11674008810572689,0.001999000499750103,0.10475565759265337,0.7825655010059549,1.0083490469495093,1.0899046234483356,0.5714285714285714,0.07218380079307363,0.433865761149754,14.464736842105262,17.49,12.19,0.3664083251464541,0.21699544764795142,0.12827225130890052,0.08930075821398487,0.035776614310645494,0.24052590873936586,-0.03209459459459452,-0.1434977578475336,0.675937631689844,1.0899046234483356,0.20030935808197992,0.9234808725978565,-0.007566566778737396,0.08226600322222642
2018-08,2018-07-30,13.2,0.53,4.18,13.42,13.54,13.12,-0.09959072305593453,-0.17705735660847877,-0.11170928667563929,-0.015219337511190756,-0.10337689222409097,-0.5643527641684954,-0.2780502831484103,0.8846783184035524,0.38095238095238093,0.05766841189662076,0.30105416965186516,14.72190476190476,18.81,12.67,0.4170655971018243,-0.28026172300981467,0.4879406307977736,0.2580392156862745,0.1827458256029686,-0.17705735660847877,-0.017319963536919003,-0.20735294117647063,0.5562579013906447,0.8846783184035524,0.1433915211970076,0.949962045993401,-0.007550954799791126,0.039089407653954134
2018-09,2018-08-30,11.43,0.05,0.44,11.48,11.51,11.2,-0.048293089092423025,-0.12413793103448278,-0.2635309278350515,-0.011587685921826574,-0.08437917222963953,-1.481099671465797,-1.0631996141680824,0.9775827330796477,0.3333333333333333,0.06024594413720617,0.3388606890777853,12.483333333333333,15.81,11.2,0.3692923898531376,-0.08633093525179858,0.07054963084495491,-0.13633355393778945,0.23954060705496305,-0.12413793103448278,0.16205910390848421,-0.09970457902511076,0.48166877370417194,0.9775827330796477,0.17051070840197702,1.2868365105978306,-0.008040220875111892,0.05706410459549066
2018-10,2018-09-28,11.24,0.11,-0.97,11.46,11.49,11.21,-0.03270223752151458,-0.04258943781942082,-0.3009950248756218,0.002318530408417896,-0.03958986043862145,-1.0992454734931951,-1.0647744155635706,0.5988497258823632,0.42857142857142855,0.04015345212200515,0.25994728525382743,11.74470588235294,13.53,10.64,0.24606831613743355,-0.06255212677231026,-0.1277860326894502,-0.41909945571499263,0.5014858841010401,-0.04258943781942082,0.26148078725398327,-0.33792424987702896,0.47366203118415506,0.5988497258823632,0.08442776735459656,0.7739873224819896,-0.010371300225268623,0.07307736829951167
2018-11,2018-10-30,21.91,1.12,-4.86,22.89,23.19,21.21,0.1507352941176472,0.9303964757709251,0.5773938084953203,0.02411891184444248,0.3027634633897729,2.870845805300194,3.0268070885556893,1.4973260211947061,0.6666666666666666,0.0842764377907902,0.49872528754969425,17.097,24.34,11.35,0.7597824179680646,0.8887931034482759,-0.060430463576159,-0.12083656080557714,0.06870860927152322,0.9303964757709251,-0.043547110055423666,-0.3811475409836066,0.9233038348082596,1.4973260211947061,0.32404891304347805,1.265924631756895,-0.007368046780762141,0.063545738317294
2018-12,2018-11-29,17.99,0.45,2.57,17.25,18.19,17.19,-0.02281368821292784,-0.1220107369448512,0.5323679727427597,0.007391645201030528,-0.012752502155904621,0.6593214136001773,1.1960010537803596,0.885691328499182,0.47619047619047616,0.06662064711703143,0.3998681525621056,18.222380952380952,24.86,14.92,0.545483053283508,-0.08680203045685286,0.8148804251550044,0.6391999999999998,0.10717449069973428,-0.1220107369448512,-0.12412723041117157,-0.23197278911564623,0.7581120943952802,0.885691328499182,0.11563810665068908,-0.0020595041030189182,-0.006007984800724244,0.14055263117568403
2019-01,2018-12-28,18.99,0.27,-1.4,18.88,19.14,18.85,0.022617124394184174,0.08266818700114031,0.6731277533039646,-0.032603158430973056,0.04030364689309751,0.5222108239624277,1.3443472047029439,1.0878162972213397,0.5714285714285714,0.054917198516833785,0.38216413926536785,18.251578947368422,22.52,15.67,0.3753099948093892,0.14259927797833916,0.585895117540687,0.11435832274459967,0.4231464737793851,0.08266818700114031,-0.041594454072790166,-0.1270718232044199,0.800252844500632,1.0878162972213397,0.11544381734222675,-0.05221149094123844,-0.0063805584475453555,0.07581561868736465
2019-02,2019-01-30,16.99,1.81,11.92,15.56,17.04,15.53,0.14797297297297285,-0.10531858873091104,-0.22455499771793708,0.12427210164107994,0.08525976396155244,-0.26335351751146474,0.5722469957100769,0.7068731618932391,0.47619047619047616,0.04368445575829535,0.36225149273863855,15.655238095238095,20.19,13.91,0.4011436914466481,-0.1393110435663627,0.5155626496408618,0.36717062634989195,0.10853950518754996,-0.10531858873091104,0.0682011935208866,-0.1382393397524071,0.7159713442899283,0.7068731618932391,0.11923583662714088,0.8195946192622023,-0.0019697394886430946,0.13693806631398753
2019-03,2019-02-27,14.54,0.09,-0.62,14.7,14.78,14.22,-0.006830601092896238,0.036350677120456254,-0.21021184139054871,0.0028969513036281036,-0.01999550662772409,-1.0017801896593763,-0.3059338306715251,0.8170131429139875,0.6190476190476191,0.04961551481197973,0.3354596297739435,14.658124999999998,15.77,13.4,0.16168507227220394,-0.021534320323014833,-0.3525611444393171,0.02859237536656889,-0.37055837563451777,0.036350677120456254,0.6956181533646324,0.07118141374196751,0.6313504125054277,0.8170131429139875,0.11923583662714088,-0.43276685167752754,-3.8864229090288175e-05,0.12178082453860414
2019-04,2019-03-29,14.29,0.63,-4.22,14.84,14.91,14.08,0.09083969465648845,-0.01719394773039895,-0.23460096411355125,-0.03131778741865521,-0.012277006122046075,-0.6078228625870211,-0.34100277259087547,0.7496334325998513,0.42857142857142855,0.04294725986122891,0.27379941049977646,14.416500000000003,15.98,13.09,0.20046474525717062,-0.04796802131912059,-0.06314432989690721,0.25129087779690185,-0.25128865979381443,-0.01719394773039895,-0.037220843672456705,-0.08436578171091447,0.6204950065132435,0.7496334325998513,0.14961832061068714,1.6281399250490167,-0.009686201928338472,0.07693177155277514
2019-05,2019-04-29,13.22,0.24,1.85,13.1,13.3,12.76,0.02560124127230412,-0.07487753673897823,-0.05773342836778328,0.021638330757341562,-0.041334300217548914,-0.5082896013270453,-0.6190360271870348,5.3788740244477875,0.42857142857142855,0.09693186579390482,0.31040852655054385,13.790000000000001,30.41,12.1,1.3277737490935462,-0.037144938091769886,0.027318475916606744,-0.24511357633386166,0.3608914450035945,-0.07487753673897823,0.14203612479474548,0.08841940532081383,0.4348684210526316,5.3788740244477875,1.3993685872138908,3.236003142921889,0.00019289393829797,0.12417434732190921
2019-06,2019-05-30,16.67,0.65,-3.75,17.01,17.35,16.67,0.016463414634146467,0.26096822995461433,0.14649243466299877,-0.016287029387466068,0.022789026207380214,0.7152666422727042,0.5763008810226667,0.7722556607318244,0.5238095238095238,0.05734583883404759,0.36281022456974366,16.4495,19.97,13.32,0.4042676069181433,0.21501457725947537,0.009931245225363039,-0.2819120043454644,0.4064171122994653,0.26096822995461433,0.17821782178217838,0.027472527472527375,0.5483552631578948,0.7722556607318244,0.1547694251421352,1.2072326613054407,-0.006836440799597011,0.11089265200066768
2019-07,2019-06-28,14.43,0.49,3.52,14.22,14.49,14.14,0.04793028322440085,-0.16685912240184764,-0.032841823056300234,0.023404255319148914,-0.042740712661106905,-0.22487755594958653,-0.3205267694839235,0.434323651316155,0.38095238095238093,0.03536991107895123,0.26123486129546936,14.872105263157895,18.25,13.67,0.3079590897830626,-0.16685912240184764,0.0346475507765831,-0.06731287022078625,0.10931899641577081,-0.16685912240184764,0.2837423312883436,0.44935064935064917,0.47467105263157894,0.434323651316155,0.03899220155968797,-0.2767449920836413,-0.005371150984284065,0.09792851373051746
2019-08,2019-07-30,14.96,0.12,-0.8,15.06,15.19,14.71,0.13677811550151975,0.06628652886671427,0.1316187594553706,0.03572417612849632,0.09034116544615278,-0.0009938960452530127,-0.05778127803537775,0.7027927865257244,0.5714285714285714,0.04070926822400051,0.3855890007366815,13.734545454545453,15.47,12.56,0.21187450357426532,0.06628652886671427,-0.016818500350385457,0.0,-0.016818500350385457,0.06628652886671427,0.29727272727272713,-0.02726653033401505,0.49210526315789477,0.7027927865257244,0.10030395136778125,0.09091787557569998,-0.010270853369360806,0.09284250243529578
2019-09,2019-08-30,15.75,1.06,-6.31,15.63,15.92,15.63,0.012861736334405016,0.0300850228907783,-0.09064665127020788,-0.05131911817853252,-0.05136809499225592,0.4024981777108705,0.13316447633692696,1.2581702532045163,0.47619047619047616,0.0644097674185038,0.4246762941674687,16.60285714285714,23.82,14.84,0.5408707623472725,0.034822601839684664,0.23008849557522115,-0.01291155584247905,0.24617860016090098,0.0300850228907783,-0.3828202581926514,-0.013492063492063444,0.518092105263158,1.2581702532045163,0.19175515302935642,0.5622421614748307,-0.0056373089184313125,0.0937978388905431
2019-10,2019-09-27,14.85,0.21,-1.39,15.25,15.35,14.77,0.0546875,-0.10864345738295322,0.06527977044476319,-0.008942872397223689,-0.01200735014573584,-0.10668899114847191,-0.3070118100109058,0.6032934284199593,0.42857142857142855,0.03149526597998522,0.355237561114734,14.812222222222223,16.57,13.33,0.2187382791988598,-0.08049535603715163,0.5628517823639774,0.13565098841172452,0.376172607879925,-0.10864345738295322,-0.29683377308707126,-0.10570469798657711,0.48848684210526316,0.6032934284199593,0.06740740740740736,0.221243170098332,-0.007914403865478706,0.09353268932354762
2019-11,2019-10-30,13.85,0.37,2.74,13.93,13.98,13.66,0.047655068078668705,-0.06734006734006737,-0.03417015341701535,0.02455984613108475,-0.032435129740518986,-0.9497226121286495,-0.7797375584593919,0.5187846293818195,0.47619047619047616,0.035822142309876404,0.293393553806372,14.272500000000003,16.78,13.01,0.2641443335084954,-0.06984553391537951,-0.08559113300492605,0.1529503105590062,-0.2068965517241378,-0.06734006734006737,0.06561679790026242,0.2697419859265051,0.4555921052631579,0.5187846293818195,0.0651443922095365,-0.035090355329277005,-0.014410779563319067,0.07669667910754333
2019-12,2019-11-29,13.96,0.19,1.38,13.94,14.36,13.79,0.0057636887608070175,0.027225901398086894,-0.15188335358444716,0.0014347202295554862,0.01534305406435088,-0.3990814457512698,-0.6034573166608836,0.40161957549782923,0.6190476190476191,0.034511600032081216,0.40334947115972464,13.74904761904762,15.38,13.11,0.16510234475115168,0.05597579425113475,-0.28133262823902694,-0.21535796766743653,-0.08408249603384454,0.027225901398086894,0.4901497241922774,0.29431895961670085,0.4592105263157895,0.40161957549782923,0.043639053254437954,-0.28607472116338956,-0.015698195096498422,0.11486131862332734
2020-01,2019-12-30,14.69,0.56,3.96,14.86,15.0,14.69,0.12308868501529058,0.06681190994916486,-0.01077441077441077,0.03816254416961118,0.0703282214974672,0.9989244832075221,-0.08828830266731907,0.3813312279296827,0.47619047619047616,0.03428376264642635,0.3211275578805234,13.713000000000003,15.0,12.82,0.158973237074309,0.05229226361031514,-0.22857142857142865,-0.012195121951219523,-0.21904761904761916,0.06681190994916486,0.18290258449304186,0.39671361502347446,0.4832236842105263,0.3813312279296827,0.06804281345565744,0.7019383200811935,-0.01199515179991182,0.12151797012988479
2020-02,2020-01-30,18.38,1.39,8.18,17.18,18.49,16.89,0.27550312283136713,0.2989399293286219,0.34750733137829903,0.1035062439961576,0.23723434945667843,4.501547900029632,2.1744562935289946,1.0811681765004177,0.6190476190476191,0.049835830270472635,0.41059059011935045,14.902631578947368,19.05,12.81,0.41871799399611515,0.1935064935064934,-0.011871508379888263,0.029090909090909056,-0.03980446927374304,0.2989399293286219,0.0964777947932618,0.2912533814247069,0.6046052631578948,1.0811681765004177,0.19738562091503264,0.17904382384451709,-0.00910503368705509,0.11735206673809748
2020-03,2020-02-28,33.81,6.97,25.97,32.1,34.13,30.62,0.7075757575757575,0.8394994559303592,1.3793103448275863,0.2795186194368757,0.6857237826159219,5.8405342174119275,8.237858507913648,1.2528079486569152,0.5714285714285714,0.061965901812627205,0.4984572168329925,20.095,34.13,16.27,0.888778303060463,0.75,0.26496902959394353,0.18199356913183262,0.07019958706125262,0.8394994559303592,0.022519352568613593,0.16333066453162526,1.0,1.2528079486569152,0.2596870342771982,1.5988957513527526,-0.006803034081870452,0.1409464517771994
2020-04,2020-03-30,54.83,0.21,0.38,55.88,57.11,53.79,-0.12272000000000005,0.621709553386572,2.874911660777385,0.03331951302250191,0.1569718953788648,1.6990175313701001,3.7579218191234416,2.0422029538008997,0.5238095238095238,0.12342683045293738,0.4635512538817567,47.39095238095238,71.75,23.42,1.0198149134353554,0.6788120024494797,1.2450199203187253,1.1645326504481437,0.03718459495351922,0.621709553386572,0.253955037468776,0.47791952894995116,0.7918833044482958,2.0422029538008997,0.318165271204951,0.6609719191041279,-0.006006906464709736,0.4449576969399544
2020-05,2020-04-29,30.51,2.13,-6.53,32.96,32.99,30.45,-0.16525307797537614,-0.44355279956228333,0.659956474428727,-0.1042278332354668,-0.19471362316654706,-0.29816374148956826,0.933196916731563,1.260439655298508,0.38095238095238093,0.07996456020964707,0.30027655872225406,37.354,50.65,30.45,0.5407720726026664,-0.3897999999999999,3.310534591194968,3.0197947214076244,0.07232704402515733,-0.44355279956228333,-0.2243902439024389,0.038367346938775526,0.44064124783362224,1.260439655298508,0.1081903707802987,0.44157114672799,-0.005040669790618152,0.18946563081197595
2020-06,2020-05-29,25.64,0.4,1.58,26.45,26.99,25.59,-0.0757029560201874,-0.2705547652916074,0.021513944223107595,0.03038096769008214,-0.07267842380821166,-0.9792102973846158,0.4258473542929487,1.2740796032971817,0.42857142857142855,0.06997222809480738,0.27984424818711884,27.236315789473686,36.48,23.48,0.47730390925428495,-0.2948294829482948,1.183229813664596,1.5324207492795385,-0.13788819875776404,-0.2705547652916074,-0.1499472016895459,0.26076742364917793,0.37030618139803584,1.2740796032971817,0.19174041297935096,1.3075787769794505,-0.004603512593483122,0.10466709970573601
2020-07,2020-06-29,33.58,3.02,9.88,32.76,33.78,32.06,-0.013223626212165773,0.3096723868954758,-0.3635329795299469,0.05471449211633894,0.09554436987322878,0.06094053751113789,0.9840907647875954,1.368074318992519,0.47619047619047616,0.06895279046536514,0.432315557843519,30.651428571428575,39.84,24.79,0.49100484712900827,0.34643143544506794,0.8620188816267249,0.835361488904796,0.014524328249818419,0.3096723868954758,-0.13232514177693755,-0.01783166904422251,0.48497978047371465,1.368074318992519,0.22732362821948504,1.1418683285060898,-0.006313349607629322,0.24185994974889982
2020-08,2020-07-30,22.91,0.42,-1.8,23.27,23.27,22.72,0.0909523809523809,-0.23377926421404682,-0.24909865617830218,-0.0006107136625370657,-0.02169669364349902,-0.9876659959620657,0.0024422694818507324,0.714507574817977,0.42857142857142855,0.038409474561503856,0.38477299143167254,23.71272727272727,30.07,20.74,0.3934595920871033,-0.23377926421404682,1.1745454545454543,0.6267682263329706,0.33672727272727276,-0.23377926421404682,-0.03980446927374304,0.14583333333333326,0.3308781051415367,0.714507574817977,0.0714285714285714,-0.06323355749134021,-0.0045982246919301405,0.145673720652818
2020-09,2020-08-28,26.4,0.82,-3.01,26.95,26.98,25.89,-0.018222387504648663,0.13159022717531088,0.05854049719326371,0.014370245139475823,0.09478672985781977,0.034017208053436325,0.2523202405058646,0.8701334420574778,0.47619047619047616,0.04883932347333135,0.45674785886234415,24.20631578947368,28.23,21.57,0.2751348060532267,0.12244897959183665,0.531845042678923,-0.13077496274217593,0.7623112278397899,0.13159022717531088,0.04030054644808745,0.1778808971384378,0.38128249566724437,0.8701334420574778,0.1558654634946679,1.2925895923390827,-0.008161764179933414,0.1249714033181707
2020-10,2020-09-29,24.15,0.86,-3.44,24.73,24.75,24.11,-0.04166666666666674,-0.13035649981994968,-0.1923076923076923,-0.05025955639452595,-0.0018697106868724722,0.034031480745618445,-0.014617479944737164,0.9451169509874997,0.3333333333333333,0.04871145532036273,0.2907260471503082,24.19523809523809,28.54,20.73,0.32279078921472154,-0.12468285610728524,0.7778489116517286,-0.49352544227612616,2.510243277848912,-0.13035649981994968,0.03718459495351922,0.20710973724884085,0.34878682842287695,0.9451169509874997,0.10430194805194803,0.5573013802810041,-0.007063280210245008,0.09714741021849262
2020-11,2020-10-30,31.97,6.07,23.44,26.99,32.3,26.94,0.4598173515981736,0.2234978951396862,0.3948516579406631,0.25195802005012524,0.3936645008614783,3.9834940202079703,0.6509363589363651,1.022205808100694,0.42857142857142855,0.053739770805552464,0.27598138230822095,22.766842105263155,32.3,20.07,0.5371847331067804,0.33933808127356513,0.9795454545454545,-0.2566145092460882,1.662878787878788,0.2234978951396862,0.06024096385542177,0.04347826086956519,0.46172732524552285,1.022205808100694,0.23436293436293432,2.2980760158420503,-0.005085316722857098,0.07625865190475117
2020-12,2020-11-27,19.66,0.34,-1.7,20.15,20.19,19.66,0.02342529932326909,-0.24092664092664084,-0.22720125786163525,-0.01778577138289361,-0.0971001180947384,-1.2247682938323803,-0.5638527004975696,1.097084436992248,0.23809523809523808,0.04874001252238626,0.34079096601931425,21.2645,31.83,19.09,0.5991206000611347,-0.31378708551483414,0.7837465564738291,0.0261489698890649,0.7382920110192837,-0.24092664092664084,-0.07279693486590044,0.1442080378250592,0.28393991912189487,1.097084436992248,0.23436293436293432,2.184690752253747,-0.004272147909919114,0.14213123198052835
2021-01,2020-12-30,22.09,0.46,2.13,21.83,22.43,21.63,-0.033260393873085436,0.06355320173326917,-0.15461155759663214,0.004913110726958436,0.05648044819968567,0.14106459222918336,-0.41099623776318217,0.7195774290530492,0.42857142857142855,0.039160332813060875,0.3628997761472638,20.90904761904762,23.26,19.48,0.18078298298754247,0.09302325581395343,0.48675733715103786,-0.3814770696843359,1.4037222619899783,0.06355320173326917,0.014524328249818419,0.05354449472096534,0.3190352397458117,0.7195774290530492,0.11246348588120747,0.7933000834449482,-0.004076050962914813,0.17425138705156448
2021-02,2021-01-29,35.73,2.64,7.98,32.59,37.04,32.19,0.2169618528610353,0.6518723994452149,0.37953667953667947,0.13652267955976827,0.175605170387779,2.31160984968349,0.8861071453284519,1.2169202749662291,0.5714285714285714,0.07713750193607558,0.49524974672930855,30.808,37.04,24.01,0.4229420929628667,0.4401451027811365,0.4137254901960783,-0.057926829268292734,0.5006535947712418,0.6518723994452149,0.16704805491990848,0.21044303797468356,0.5160311958405546,1.2169202749662291,0.2217272104180945,0.6458073552527827,-0.0010842140343119212,0.3157639769063623
2021-03,2021-02-26,31.34,3.42,12.25,30.3,32.99,30.3,0.1667907669396873,0.04501500500166733,0.5820292781423524,0.09588083082733068,0.07964369494250256,1.0567259011661154,0.34765556697282707,0.9793666826960954,0.47619047619047616,0.07265919184480776,0.3209774743351911,28.408888888888885,37.5,24.51,0.45725125156445556,-0.08255269320843084,0.6441885964912282,0.11528449237634808,0.47423245614035103,0.04501500500166733,0.1336233685518955,0.3591654247391951,0.4526285384171,0.9793666826960954,0.1251275076504592,0.3844078969175414,-0.006086413190956137,0.19802877719753975
2021-04,2021-03-30,20.64,0.37,-1.76,20.92,21.0,20.5,-0.10996119016817596,-0.3414167198468411,-0.040892193308550095,-0.030166337750211603,-0.18584469739659637,-1.7835240234964216,-0.9014444489008324,0.619488967726592,0.38095238095238093,0.05164758508242925,0.23964266807373807,25.35142857142857,32.36,20.36,0.4733461061647695,-0.33354859541491766,-0.48394533179647614,0.34448734448734464,-0.6161699324880618,-0.3414167198468411,3.15105946684894,2.492236917768832,0.33024000000000003,0.619488967726592,0.042034616743200415,-0.2154188382861868,-0.006914052645700519,0.09469202266034628
2021-05,2021-04-29,18.92,0.0,0.0,18.21,19.13,18.05,0.05935050391937313,-0.07436399217221135,-0.356681400884053,0.021267407967181073,0.05161187867238359,-0.9791259216322731,-1.2602513927719865,0.597394074204731,0.42857142857142855,0.04442724098688113,0.28726342319397474,17.991428571428575,20.49,16.08,0.24511672224868983,-0.04828973843058337,-0.440766073871409,-0.13316369804919415,-0.3548563611491108,-0.07436399217221135,1.6408959537572252,0.9639978506179472,0.4766943814562863,0.597394074204731,0.06731352334748353,0.11072984166290652,-0.004229571864114471,0.10041049622184998
2021-06,2021-05-28,17.31,0.98,-5.36,17.9,17.9,17.0,-0.13837730214036836,-0.043646408839779105,-0.3800143266475645,-0.0778819518431707,-0.08299487903937841,-0.9034329736301416,-1.456371964597859,1.0029274958198726,0.38095238095238093,0.07697901938758608,0.33141849907028903,18.87388888888889,24.74,16.26,0.4492979719188766,-0.04311774461028195,-0.34751261715933657,-0.08539666498231424,-0.28658976207642395,-0.043646408839779105,1.1159420289855073,1.041206769683591,0.436130007558579,1.0029274958198726,0.15340253748558252,0.578877145406438,-0.004875578619443221,0.11519330050681025
2021-07,2021-06-29,14.52,0.28,-1.89,14.78,14.8,14.51,-0.03904698874917267,-0.147887323943662,-0.2965116279069768,-0.015326190153261865,-0.0647773279352225,-1.606579623533737,-1.7717121973939787,0.6644873867291892,0.3333333333333333,0.0360380229172814,0.24027716978691593,15.525714285714283,17.91,14.33,0.23058520426941484,-0.11893203883495151,-0.4629687992436181,-0.20817843866171004,-0.32177749763630636,-0.147887323943662,1.4314176245210728,1.5043409629044988,0.4063811922753989,0.6644873867291892,0.11354309165526688,0.9417427308425236,-0.003762433952310943,0.0798989322721134
2021-08,2021-07-30,17.3,1.72,11.04,16.21,17.31,16.19,0.19972260748959791,0.2072575017445919,-0.08174097664543523,0.07067706399306872,0.19337778799724092,0.5073133286767877,-0.9007938577270329,1.072652005831485,0.5714285714285714,0.05442270646302146,0.3735439357616382,14.489090909090908,17.31,12.51,0.33128372443217463,0.2072575017445919,-0.36311111111111116,-0.5669386521607738,0.4706666666666668,0.2072575017445919,0.5745276417074878,0.5192437542201216,0.4841869577385951,1.072652005831485,0.15268329554043847,0.2710279729093309,-0.006936975081070232,0.04866455181041173
2021-09,2021-08-30,15.88,0.29,-1.79,15.61,16.16,15.61,-0.08155002891844987,0.019255455712451797,-0.036407766990291246,0.0012610340479193294,0.010729223495181017,0.5353969098932054,-1.0119095527140336,1.078829829629372,0.47619047619047616,0.07548201574519091,0.37907911484441775,15.632,20.08,13.93,0.3934237461617195,0.0069752694990488084,-0.41074130105900153,-0.49693251533742333,0.17133131618759445,0.019255455712451797,0.3353535353535353,1.1168935148118497,0.44444444444444453,1.078829829629372,0.15116279069767447,0.4338157474875249,-0.007698868284766907,0.08440261660119164
2021-10,2021-09-29,17.87,1.42,8.63,17.79,19.34,17.46,0.15439276485788112,0.10650154798761635,0.20743243243243237,0.07275783407371827,0.15535235984113793,2.2696969586308593,-0.50187072846476,0.7108779265259252,0.5238095238095238,0.0533566958486525,0.28641069950472203,15.444444444444445,19.34,14.17,0.3347482014388489,0.19451871657754016,-0.251968503937008,-0.23131841980009527,-0.026864289022695664,0.10650154798761635,-0.6881860196418255,0.8006672226855713,0.5001399384270921,0.7108779265259252,0.08757637474541746,0.4341026922407276,-0.010190766173565095,0.07410905301729265
2021-11,2021-10-29,18.55,1.46,8.54,17.07,18.85,17.03,0.0784883720930234,0.1276595744680853,0.15576323987538943,0.08276908708848962,-0.0008976660682226134,1.0467001870834727,-0.3161206066473051,1.045408658499156,0.47619047619047616,0.062242872627406895,0.41226306185630335,18.66736842105263,22.98,16.01,0.3733788203450998,-0.019037546271813865,-0.2701863354037267,-0.10403050108932466,-0.1854480922803904,0.1276595744680853,-0.2830788804071247,0.7258805513016844,0.519171564511615,1.045408658499156,0.12215758857747216,0.03298708601429677,-0.008122954986185793,0.06477556027719392
2021-12,2021-11-29,20.92,2.88,15.96,20.71,21.41,19.94,0.2937538651824365,0.1277628032345013,0.351421188630491,0.19012401865968842,0.21154959874245027,2.1715242460590263,0.20686855808449836,0.8538300132918708,0.47619047619047616,0.04323949331831396,0.3942914806898811,17.26714285714286,21.41,15.9,0.3191031686936377,0.14129841789416275,-0.034357105674128086,0.014215418261344981,-0.04789172306090583,0.1277628032345013,-0.18498090793381416,-0.03418803418803418,0.5855023789532606,0.8538300132918708,0.15964523281596477,1.4302403959663106,-0.0068462242532273095,0.1267503070570766
2022-01,2021-12-30,16.5,0.05,-0.3,16.53,16.66,16.33,-0.02539870053160065,-0.19786096256684493,-0.04899135446685887,-0.01879162702188386,-0.08170566877799268,-0.9167432823438998,-0.5781705895536403,0.9060086139348271,0.42857142857142855,0.04701960332714378,0.33771122969231704,18.086363636363636,22.93,16.27,0.3682332244282483,-0.19786096256684493,-0.04414498141263934,0.41666666666666674,-0.3252788104089219,-0.19786096256684493,-0.32177749763630636,0.18567493112947675,0.46179680940386236,0.9060086139348271,0.14688601645123378,0.7400478298237316,-0.00475051535941994,0.0860012955677181
2022-02,2022-01-28,23.97,3.97,-14.21,26.17,27.18,23.74,0.23811983471074383,0.4483383685800604,0.3076923076923077,-0.03719473007712071,0.25855085508550846,2.4147181828850073,1.0918811402784538,1.2295437304304038,0.6190476190476191,0.06655866189633183,0.4374301694825548,19.173000000000002,28.73,15.35,0.6978563605069629,0.44659022329511155,-0.4287193648602001,0.050793650793650835,-0.4563341387642389,0.4483383685800604,0.3736367946894261,0.8750809061488674,0.6708648194794291,1.2295437304304038,0.2225325884543763,0.4897678936628548,-0.006768440459348022,0.09632952267353753
2022-03,2022-02-25,23.84,3.25,-12.0,25.19,25.22,23.83,0.006756756756756799,0.10986964618249528,0.4652735095267364,-0.0397164263272376,0.01986188351769247,1.312821042160936,1.4063962187108319,1.5178093503339394,0.5238095238095238,0.08064808459614252,0.38778901477572375,22.81705882352941,28.09,18.75,0.4093428549330996,0.04013961605584626,-0.20029784065524936,0.13530655391120505,-0.2956068503350706,0.10986964618249528,0.2142857142857142,0.8075370121130552,0.7606892150606254,1.5178093503339394,0.2225325884543763,0.42614143322962905,-0.0058313008621969625,0.1327799158528826
2022-04,2022-03-30,17.88,0.87,-4.64,17.95,18.21,17.83,-0.0882202957674656,-0.25,0.05611340815121091,-0.06465787821720026,-0.21908406472276543,-0.923995584197671,-0.06489012629733129,0.9444581228993398,0.42857142857142855,0.04845951735399493,0.3098167374445929,22.8205,29.3,17.83,0.502618259897899,-0.2816392125351548,0.028029322984044702,0.4258373205741628,-0.2789995687796465,-0.25,0.08975563909774431,0.5286750164798946,0.6176165803108808,0.9444581228993398,0.13308913308913306,0.5499614575900391,-0.007046325751929322,0.07739011361935776
2022-05,2022-04-29,18.92,1.53,-7.48,19.99,19.99,18.92,0.06591549295774657,0.1038506417736289,-0.27951256664127944,-0.07563025210084029,0.04593676784163003,-0.7407624371070408,0.2911474659540524,1.073311157840413,0.47619047619047616,0.04091724780142139,0.24953743144909962,18.08904761904762,22.87,15.91,0.3847632084660542,0.10837727006444053,-0.04031354983202684,0.01540284360189581,-0.054871220604703286,0.1038506417736289,-0.19477006311992784,0.409629044988161,0.6535405872193437,1.073311157840413,0.18591549295774645,0.8631048786096943,-0.006763363117526042,0.08175737628195487
2022-06,2022-05-30,17.74,1.06,-5.64,18.67,18.67,17.74,-0.08744855967078202,-0.13251833740831298,-0.2558724832214766,-0.08509541000515719,-0.11468631178707234,-0.9211260475804319,-0.11676231998728899,0.9924952436955573,0.47619047619047616,0.04726954574863948,0.3584974389720699,20.094,24.09,17.74,0.31601473076540265,-0.13463414634146353,-0.006799417192812074,0.2569145666871542,-0.20981058766391458,-0.13251833740831298,0.044117647058823595,0.12636761487964976,0.6127806563039724,0.9924952436955573,0.10978260869565237,0.05261481910333441,-0.008129687478097588,0.09056475129417328
2022-07,2022-06-29,22.46,1.25,5.89,22.11,22.83,21.94,-0.12402496099843996,0.19468085106382982,0.19786666666666664,-0.032146858571059145,0.042987926230595885,0.9901410376506568,1.168246841036273,1.328413440088133,0.5238095238095238,0.07022567122065217,0.3327970611351536,21.95894736842105,27.68,16.81,0.49501462058386475,0.2761363636363636,0.15479115479115468,0.07921928817451196,0.07002457002457008,0.19468085106382982,-0.23460272684532202,0.03103229892336934,0.7758203799654577,1.328413440088133,0.2739201749589941,1.4636428012771128,-0.007150570094321406,0.103961351355464
2022-08,2022-07-29,17.79,0.57,-3.1,17.88,18.08,17.65,-0.09741248097412492,-0.25564853556485356,-0.1300733496332519,-0.06259879860891548,-0.17640704570005084,-1.3827264831717776,-0.4250034802804377,0.5375256731232636,0.38095238095238093,0.036941391459759845,0.30651067811988947,21.600476190476193,25.07,17.65,0.34351094552589234,-0.2581317764804004,0.4826302729528533,0.11266294227188078,0.33250620347394544,-0.25564853556485356,-0.5269953051643192,0.11711711711711725,0.6145077720207254,0.5375256731232636,0.08534975802903655,0.8737404878679413,-0.011570463608832692,0.0886980768154811
2022-09,2022-08-30,17.47,1.25,-6.68,17.72,18.05,17.47,-0.014108352144469483,-0.017987633501967415,-0.015219842164599706,0.01510749564206848,0.03172192693832754,-0.8111202897128865,-0.5849474280281167,0.8809572653697464,0.42857142857142855,0.036307972547199883,0.3176547730494395,16.932857142857145,19.67,15.09,0.2704800472454232,-0.04116355653128434,-0.05972515856236804,-0.2537751677852349,0.2600422832980971,-0.017987633501967415,-0.2956068503350706,-0.01663201663201641,0.6034542314335061,0.8809572653697464,0.15626930203829503,0.9364088446951819,-0.009742363639528292,0.045038059333487854
2022-10,2022-09-29,25.96,0.63,-2.37,24.46,26.07,24.21,0.2681973619931608,0.38675213675213693,0.1558325912733749,0.0769996681048788,0.28858108587231457,2.283056573258302,2.1100515246632208,1.1652018353689741,0.38095238095238093,0.0580186623559492,0.508760580637893,20.43631578947368,27.97,16.59,0.5568518375441036,0.3520833333333335,0.20930232558139528,-0.0016000000000000458,0.2112403100775193,0.38675213675213693,-0.34683544303797464,0.02720637027206374,0.8967184801381693,1.1652018353689741,0.18150516478111167,0.49234512354573434,-0.008125911211034958,0.09475490449060954
2022-11,2022-10-28,22.71,0.59,2.67,22.51,22.71,22.22,-0.05137844611528819,-0.03852667231160034,0.1718266253869971,-0.030315969257045494,-0.07138267422162503,0.7189310950848199,0.8170957434869497,0.9568295716271813,0.47619047619047616,0.050720026663339475,0.38664100957721553,24.101666666666667,27.47,22.11,0.22239125924901457,-0.091236494597839,0.33597285067873317,0.12209026128266043,0.19061085972850678,-0.03852667231160034,0.003975014196479387,0.08800000000000008,0.7844559585492229,0.9568295716271813,0.12574089754445383,0.21729648318370431,-0.00822473715354027,0.0881055144147769
2022-12,2022-11-29,17.76,0.36,-1.99,18.21,18.25,17.76,-0.06966998428496585,-0.19162494310423295,0.09697344039530575,0.013467244921250954,-0.0962489095667346,-1.2294240591011676,-0.839460492308827,0.5450731767699524,0.42857142857142855,0.0301220676385756,0.243250540433723,19.651428571428575,21.89,16.81,0.25850537947077645,-0.15869256276646126,0.35868893011750136,0.10346559517830234,0.23129251700680253,-0.19162494310423295,-0.1542887029288702,0.17343976777939063,0.6134715025906736,0.5450731767699524,0.06776664702416046,0.42609764416197415,-0.013515299625191844,0.1399821867377816
2023-01,2022-12-29,18.4,0.87,4.96,17.8,18.51,17.79,0.10843373493975883,0.03487064116985361,-0.2912172573189523,0.04652485496530523,0.03620273531777962,-0.7143324720375572,-0.609791856223522,0.6359101772020953,0.5714285714285714,0.028776684146394498,0.3169855563820135,17.757142857142856,19.23,16.49,0.15430410297666947,0.05082809822958301,0.02066590126291623,-0.20837043633125552,0.28932261768082657,0.03487064116985361,0.07002457002457008,0.2799412196914035,0.6355785837651122,0.6359101772020953,0.05596801827527109,-0.6608051400400202,-0.01011072743383522,0.11372744660102348
2023-02,2023-01-30,17.38,0.52,3.08,17.5,17.63,17.34,0.02901124925991705,0.016968987712112193,-0.23469837076177902,0.029376924899313206,-0.01236639155729935,-0.7269269888759418,-0.9734656449995869,0.42505769352224526,0.47619047619047616,0.03206986289191552,0.2878818521088292,17.55894736842105,19.99,16.29,0.21071878184761103,-0.07798408488063668,-0.08901918976545853,-0.11816305469556243,0.03304904051172697,0.016968987712112193,0.41798941798941813,0.17470256731371325,0.6003454231433506,0.42505769352224526,0.04962920707358798,-0.342483036237431,-0.009600478243609984,0.1679528029689803
2023-03,2023-02-27,19.38,0.57,3.03,19.86,19.96,19.29,0.03969957081545061,0.14946619217081847,0.1420153211549795,0.01328035135417771,0.07136652012530598,2.2403411676166627,-0.20970115023650127,0.3651947779653809,0.5714285714285714,0.02394133644937719,0.5181127287712333,18.14421052631579,19.96,16.54,0.18848987642861298,0.10490307867730908,-0.29129886506935687,-0.035469107551487467,-0.26523749474569147,0.14946619217081847,0.5398058252427185,0.35710211066742703,0.6694300518134715,0.3651947779653809,0.03993154592127768,-0.2087656093352573,-0.016013195430448275,0.16385601076714873
2023-04,2023-03-30,15.7,0.45,-2.79,15.98,16.0,15.68,-0.1263216471897607,-0.15272531030760939,-0.08133411351667641,-0.0679173592970792,-0.12853857743240016,-2.2741875746777183,-1.4311784131926188,1.0616143345896114,0.3333333333333333,0.040544111034926875,0.19810626416660865,18.01571428571428,21.62,15.68,0.32971215605423854,-0.14254505734571266,-0.05555555555555558,-0.2154953429297206,0.2038735983690112,-0.15272531030760939,0.3383356070941337,-0.43620689655172407,0.5767817781043351,1.0616143345896114,0.15989010989011,1.0097184992148798,-0.0060344165327917325,0.09877239228792711
2023-05,2023-04-28,14.51,0.35,-2.36,14.6,14.9,14.28,-0.007523939808481539,-0.07579617834394903,-0.16513233601841193,-0.02407855797686309,-0.04914809960681521,-1.6785080067484777,-1.683186154132745,0.3109173384080398,0.42857142857142855,0.028399430429830883,0.25121145722995203,15.244499999999999,16.17,14.28,0.12397914001771147,-0.0862720403022671,-0.2541567695961996,-0.30867459269044484,0.07885985748218527,-0.07579617834394903,0.19061085972850678,-0.4744069912609238,0.5330639235855988,0.3109173384080398,0.033203125,-0.017242606546497303,-0.013173785301826307,0.11378781506871863
2023-06,2023-05-30,14.79,0.17,-1.14,15.33,15.34,14.79,0.0033921302578017176,-0.01988071570576544,-0.21371610845295053,-0.004040404040404066,0.022383883603805277,-0.711759944759732,-1.3151231714921652,0.4255054746681611,0.38095238095238093,0.03159818645956918,0.3847976062777032,14.443157894736842,15.54,13.29,0.15578310618759567,0.04081632653061207,-0.22376543209876554,-0.10445103857566773,-0.13323045267489708,-0.01988071570576544,0.1774682010902482,-0.3371974087964541,0.5433504775900073,0.4255054746681611,0.06192821956368744,0.9328232233091129,-0.0009166349838987101,0.1221896232422248
2023-07,2023-06-29,12.93,0.17,-1.3,12.9,12.95,12.63,-0.023413897280966767,-0.12576064908722107,-0.23081499107673997,-0.016131486836098108,-0.04161372299872934,-1.6830102279727666,-1.655094882585748,0.3139820242425259,0.3333333333333333,0.02505499204299244,0.27076159894522855,13.425999999999998,14.71,12.63,0.15492328318188592,-0.09895470383275262,-0.42939814814814825,-0.15146299483648884,-0.3275462962962964,-0.12576064908722107,0.5265017667844523,-0.022992838296268303,0.47501836884643645,0.3139820242425259,0.03220858895705536,0.7215575478513605,-0.0042185946419209626,0.09502150930794254
2023-08,2023-07-28,14.15,0.25,1.8,14.34,14.65,14.09,0.05992509363295895,0.09435421500386698,-0.062292909211398295,-0.0004238485447867202,0.05107707544833939,0.43145838073117015,-1.0596940488010298,0.6277086475618789,0.5238095238095238,0.03719648355375113,0.3620452060894592,13.506,15.04,11.99,0.22582555901080992,0.11154752553024361,-0.3439878234398783,-0.21778584392014522,-0.1613394216133942,0.09435421500386698,0.1243582430119794,-0.21285942492012777,0.5198383541513594,0.6277086475618789,0.12326656394453006,1.2471776935531673,9.056133986507925e-05,0.19140441834043775
2023-09,2023-08-30,13.05,0.44,-3.26,13.14,13.19,12.86,-0.12825651302605212,-0.08163265306122447,-0.1182432432432432,-0.06142117376294587,-0.11679396693415833,-0.933606547357831,-1.3077661942655803,0.7561539849698689,0.38095238095238093,0.04821065032361381,0.3474497393460355,14.775714285714287,17.09,12.86,0.28628057623513486,-0.0718349928876244,-0.1870709382151029,-0.2667698658410732,0.10869565217391286,-0.08163265306122447,-0.26523749474569147,-0.20797462618939733,0.479426891991183,0.7561539849698689,0.09246088193456603,0.40422796489211665,-0.007821885745677324,0.07109499596712315
2023-10,2023-09-27,15.08,0.34,2.31,15.43,15.43,14.94,0.1573292402148887,0.11786508524833206,0.16627996906419185,0.046350263669164615,0.16034002638135703,1.2071100327732904,-0.5069984353974711,0.5338922045741956,0.5238095238095238,0.03373272435359122,0.4203645497564441,13.004736842105265,15.51,11.72,0.29143227164191177,0.20351157222665606,-0.33644859813084105,-0.19750148720999394,-0.1731431382193802,0.11786508524833206,0.03671596124426313,-0.21353965183752432,0.5540044085231448,0.5338922045741956,0.0954816709292412,1.1066745115413208,-0.015520665523167878,0.0754316751335318
2023-11,2023-10-30,20.03,0.01,0.05,21.04,21.04,19.88,0.019338422391857568,0.412552891396333,0.4225852272727273,0.016029217814750973,0.1432648401826484,2.2892766733533016,1.417231589658883,1.1201363046429136,0.5714285714285714,0.04538032084190843,0.50621425920757,18.0,21.19,15.7,0.3050000000000001,0.10724156992813727,-0.407685881370092,-0.030095759233926045,-0.3893065998329157,0.412552891396333,0.2680084745762714,0.07402422611036341,0.8135662063363119,1.1201363046429136,0.1996021220159152,1.1992958695430733,-0.009081930357720347,0.079064952081328
2023-12,2023-11-29,14.6,0.75,-4.89,14.86,15.02,14.58,-0.08060453400503786,-0.26596279537456013,-0.01749663526244949,-0.03080191184280423,-0.12711743772242,-0.4864619987801876,-0.6238942447184633,0.6326632246576407,0.2857142857142857,0.03580305983345596,0.2540829165335331,16.726190476190478,19.2,14.58,0.2762135231316725,-0.22299095263437996,0.04190675746464123,0.3198407431984074,-0.21058145625982183,-0.26596279537456013,-0.06513222331047996,-0.12189512419503212,0.6906338694418164,0.6326632246576407,0.11676646706586813,1.7523231988129975,0.008363981157270536,0.19470058796866152
2024-01,2023-12-28,17.78,1.23,7.43,16.62,17.78,16.42,0.20297699594046015,0.15830618892508164,0.25387870239774335,0.10462226640159056,0.18914615115131062,0.7393496828846371,0.9993085869598407,0.8799474652980979,0.5238095238095238,0.03445791477678086,0.4572289571327147,14.996315789473682,17.78,13.79,0.2660653493840594,0.22620689655172432,-0.146273637374861,0.14041604754829118,-0.2513904338153503,0.15830618892508164,-0.31816458096321576,-0.14421703950499765,0.8410596026490067,0.8799474652980979,0.1572802197802199,0.5234072760840486,-0.00034190611928173624,0.1370559844193308
2024-02,2024-01-30,17.11,0.16,-0.93,17.35,17.6,17.08,-0.016101207590569322,-0.03768278965129368,-0.14578132800798804,0.002578225711941995,-0.025732104121475197,0.3596977767180744,0.6875154449703026,0.592210308620232,0.38095238095238093,0.03877669152760299,0.26223515437328604,17.561904761904763,19.49,16.61,0.16399132321041207,-0.08060182697474472,0.052693901716992286,0.26278409090909105,-0.16637063351095327,-0.03768278965129368,-0.18563162970106062,-0.3685981308411215,0.8093661305581835,0.592210308620232,0.12398137369033746,1.9414241907462793,-0.004775208268742799,0.16500991749254157
2024-03,2024-02-28,16.83,0.33,-1.92,17.09,17.24,16.74,-0.09027027027027035,-0.007665094339622813,0.11901595744680837,-0.04872258647976502,-0.04674182759736756,0.13040846964970676,0.5376667432910207,0.40240056031147875,0.42857142857142855,0.03353647144892409,0.2240538999455249,17.742222222222225,18.91,16.68,0.12568887775551102,0.002382370458606342,-0.0696653867251783,0.10632746249184621,-0.15907844212835986,-0.007665094339622813,0.18223086900129704,-0.4173857462448066,0.7961210974456007,0.40240056031147875,0.05955926146515789,0.7727637022963542,0.01294360683171146,0.16454409933831923
2024-04,2024-03-29,16.84,0.04,-0.24,17.02,17.03,16.74,-0.016929363689433652,0.0005941770647654998,0.036307692307692374,-0.015780245470485066,-0.018021270096909237,-1.0180044219335156,0.6445241058392679,0.3575565185694746,0.38095238095238093,0.029676624685035242,0.31427218478772945,17.167999999999996,18.09,16.43,0.09669151910531223,-0.028274668205424014,-0.1373654536135317,0.29163468917881796,-0.3321373654536136,0.0005941770647654998,0.0198640878201779,-0.34486232370718606,0.7965941343424787,0.3575565185694746,0.04637681159420293,0.1453734750471183,0.0038537968603651954,0.16907547488673966
2024-05,2024-04-29,18.13,0.19,-1.04,18.49,18.5,18.11,-0.08434343434343439,0.07405213270142186,0.07151300236406599,-0.017024506614617185,-0.01612528102953703,0.4457770013721788,1.1410198368561966,0.6638740199293927,0.42857142857142855,0.0441765809843465,0.42031559456839157,18.506499999999996,25.29,17.02,0.4468700186420988,0.05837711617046115,0.11272247857613715,-0.09051724137931039,0.2234673698088332,0.07405213270142186,-0.3363954505686789,-0.1728462377317339,0.8543826578699341,0.6638740199293927,0.0926879505664262,0.5359425241659213,-0.0124285425893976,0.11811682561158446
2024-06,2024-05-30,16.82,1.16,7.41,16.14,16.96,16.01,0.10512483574244413,-0.08187772925764192,-0.062430323299888624,0.07558511318582939,0.025848048327137496,-0.42106616036355254,0.44549138156146806,0.41724014924285463,0.3333333333333333,0.028132096659382128,0.3275774272152529,16.21315789473684,18.18,15.07,0.19181950981983442,-0.05928411633109609,0.3530280649926145,0.1536523929471032,0.17282127031019212,-0.08187772925764192,-0.3102394294447275,-0.1983422143280048,0.7926484448633365,0.41724014924285463,0.07407407407407418,1.2320979250286612,-0.015376319729213087,0.12743841313120782
2024-07,2024-06-28,16.1,0.47,-2.84,16.57,16.65,16.09,-0.025423728813559254,0.028097062579821364,-0.07151095732410606,-0.034887903129121045,-0.0351027397260274,-0.8715241084394,-0.004367452542196031,0.4323047584303087,0.38095238095238093,0.02585044432353897,0.46012410211358795,16.667368421052632,17.48,16.02,0.08759631173424282,-0.03535050928699823,0.17303370786516847,0.05953991880920162,0.10711610486891376,0.028097062579821364,-0.30068098480880046,-0.23627002288329524,0.758718190386428,0.4323047584303087,0.07407407407407418,0.7637557367025956,-0.01270736272928881,0.11543094025342306
2024-08,2024-07-30,17.78,0.27,1.54,18.04,18.09,17.75,0.01774470520892968,0.1077881619937695,-0.029475982532751077,-0.006259780907668322,0.05189317106152802,1.41025875085308,0.7554681837214783,0.5191071239613414,0.5714285714285714,0.034109330531657746,0.2832169206256981,16.864090909090915,19.0,15.35,0.2164362146572868,0.1077881619937695,0.24322230828814884,-0.05975395430579966,0.3222308288148723,0.1077881619937695,-0.24898196625945324,-0.015255530129671957,0.8378887841658813,0.5191071239613414,0.07749712973593548,0.5059997883340615,-0.007272058199894958,0.1379742081273122
2024-09,2024-08-30,18.81,0.99,-5.0,19.21,19.23,18.67,-0.11607142857142871,0.07424328954882897,0.11301775147929005,-0.0472089960490325,-0.22586524516912942,-0.08131301238896536,0.45659053279928086,4.275898038363268,0.2857142857142857,0.1255688851803928,0.3592873254151427,24.298095238095236,48.51,17.04,1.2951632501077883,0.09871495327102786,0.09232688708671244,0.020396270396270566,0.0704928259513411,0.07424328954882897,-0.10145739910313889,0.08530805687203813,0.410161360662887,4.275898038363268,1.1065686724850714,3.485186170452927,-0.003613932803833924,0.16105538375348893
2024-10,2024-09-27,25.4,0.23,-0.9,25.43,25.74,25.14,0.20952380952380945,0.21183206106870212,0.5173237753882916,0.07001432302637123,0.12545891885048732,0.7941251888463805,2.0964560960755447,1.338084377978926,0.5238095238095238,0.06326910372103203,0.40892282376701145,23.30529411764706,29.09,18.92,0.43638153411242075,0.3133402275077559,0.6582278481012658,0.22358435493286644,0.35522151898734156,0.21183206106870212,-0.40123164377072473,-0.20403022670025184,0.5538595726122982,1.338084377978926,0.31981753674607183,2.4635170410221456,-0.0037839806601284416,0.1893251101123595
2024-11,2024-10-30,21.55,0.11,0.51,21.52,21.9,21.35,0.00046425255338911064,-0.15918845103394452,0.23708381171067727,-0.012554985337243307,-0.05454811348347466,-0.28639639012488405,0.8208056125214516,0.4456143326649962,0.42857142857142855,0.03776399033217707,0.2027958587907161,22.51684210526316,26.91,20.66,0.27757000607732224,-0.1676322904596369,0.6018749999999999,0.2944444444444443,0.23750000000000004,-0.15918845103394452,0.02432778489116516,-0.0778097982708934,0.4699084169210641,0.4456143326649962,0.038277511961722466,-1.3190405737081754,-0.005599895146320671,0.13696601310022227
2024-12,2024-11-29,19.34,1.62,9.14,17.83,23.93,17.83,0.022739291380222015,-0.1461368653421633,-0.07729007633587792,0.04710341093665393,-0.05772353951092746,-1.1286676839474301,0.16379802483629483,0.9046768640825124,0.23809523809523808,0.06826861701344049,0.2854509217495836,20.524761904761903,24.86,17.68,0.34982135399749437,-0.15729847494553373,0.36858006042296054,0.4891518737672582,-0.08096676737160124,-0.1461368653421633,0.19840695148443155,-0.09858387799564261,0.4217182730047972,0.9046768640825124,0.1498612395929695,1.3972395026807989,-0.006566657873195911,0.14635260400582836
2025-01,2024-12-30,21.14,0.26,1.25,21.92,22.01,21.08,-0.01445221445221434,0.19300225733634324,-0.17518532969176737,0.030214424951267027,0.03957474709629083,-0.09559106239251518,0.5499447246149448,0.9370002902129606,0.47619047619047616,0.08133821019250013,0.3103600331255864,20.384999999999998,24.64,17.79,0.3360313956340447,0.06018054162487463,0.2675250357653789,0.043580683156654754,0.21459227467811148,0.19300225733634324,0.031734317343173446,-0.3203694701020904,0.4609681639773223,0.9370002902129606,0.13028953229398654,0.5986868539137206,-0.009483065970318172,0.1163671239904207
2025-02,2025-01-24,17.96,0.17,0.96,17.93,17.98,17.7,0.015837104072398356,-0.10513203786746383,-0.18696242643730188,-0.004103360319396732,-0.07897435897435912,-1.456777186342337,-0.3846201910148887,0.42406244880661165,0.47619047619047616,0.04200783827270491,0.35779626142657456,19.233529411764703,22.22,17.52,0.2443649264458513,-0.13236714975845398,0.19677996422182464,0.19535437760571783,0.0011926058437685683,-0.10513203786746383,0.15020576131687235,0.016363636363636358,0.39162668992586136,0.42406244880661165,0.04355203619909509,-0.4532061793716868,-0.006604825184522188,0.13102401456849844
2025-03,2025-02-27,19.32,0.61,-3.06,19.78,19.83,19.32,0.03648068669527893,0.08600337268128166,-0.007194244604316613,-0.0038156130762090346,0.009228626153578334,-0.16177076372988086,-0.04148716290362186,0.7861451881714606,0.5238095238095238,0.03898320545646323,0.3606511613263568,19.22421052631579,23.26,17.56,0.2965011224880908,-0.12499999999999989,-0.012763596004439548,-0.10603015075376887,0.10432852386237501,0.08600337268128166,0.15884244372990342,-0.16108007448789574,0.42128216310510247,0.7861451881714606,0.17509313464608822,2.017027987628238,-0.007740097578326413,0.11679466594715167
2025-04,2025-03-28,21.18,0.74,3.62,20.56,22.01,20.55,0.07731434384537139,0.06271951831409939,0.04334975369458127,0.05257926647450528,-0.004788329007428649,0.7495000368817444,0.4019144662606035,0.868295670800875,0.5238095238095238,0.04856570756893503,0.2885143604913867,21.302105263157895,25.6,19.35,0.2933982309630874,-0.0975713677034512,0.17720023626698178,-0.080719557195572,0.2805670407560543,0.06271951831409939,0.355484387510008,-0.37504614248800294,0.4618403837767117,0.868295670800875,0.18322981366459623,1.8872766294930168,-0.009106804276447195,0.09162957450479371
2025-05,2025-04-29,20.7,0.53,-2.5,20.97,20.99,20.4,-0.1670020120724347,-0.18343195266272194,0.16357504215851604,-0.04949949490311334,-0.238423938751555,-0.36764144832612744,0.01978122207586252,2.810276958928105,0.42857142857142855,0.06364148790510893,0.38603620609095185,27.180476190476195,44.23,20.4,0.876732248287461,-0.14498141263940523,0.3739837398373984,0.17688022284122584,0.16747967479674797,-0.18343195266272194,0.10215053763440873,0.03187919463087252,0.45137374618403836,2.810276958928105,0.6503731343283581,2.3352948626455534,-0.0035617636096676422,0.13627144126074328
2025-06,2025-05-30,22.55,0.58,2.64,22.08,23.06,22.08,0.1510974987238387,0.06217616580310881,0.1314601103863522,0.07555089192025188,0.13648363252375928,-0.050245728388096766,0.41919084310464283,0.5645205586608137,0.5714285714285714,0.03543670576456744,0.43955403365181117,19.74947368421053,23.06,17.56,0.2784884340688626,0.0774008600095557,0.32853566958698366,0.06522829904666327,0.24718397997496866,0.06217616580310881,-0.08997722095671967,-0.272975432211101,0.49171391190580027,0.5645205586608137,0.08604522890237187,0.14695292364723558,-0.0010822240713033837,0.14242773574099152
2025-07,2025-06-27,24.27,0.85,-3.38,25.21,25.37,24.25,0.01251564455569465,0.2128935532233882,0.23574338085539703,-0.0338375796178344,0.01511711281070749,0.1401905233899524,0.7002494143287498,0.7545820467662195,0.47619047619047616,0.06301171695452963,0.3591958093137351,24.271666666666665,27.43,21.9,0.227837670809586,0.06869220607661819,0.15000000000000013,0.05985169491525433,0.08505747126436791,0.2128935532233882,0.19096509240246395,-0.15574963609898107,0.5292193632795464,0.7545820467662195,0.1235904375281911,0.8393385103983285,0.00045058485060026315,0.1906133346063573
2025-08,2025-07-30,22.82,0.48,2.15,22.74,22.97,22.24,0.08202939781887153,-0.047579298831385675,0.06486234251049927,0.03145904899656471,0.021420806956966576,0.3414573286838319,0.24132215467693613,0.5504006152798806,0.47619047619047616,0.05196850089195215,0.265277123458642,22.414999999999996,25.64,20.29,0.2386794557216151,-0.047579298831385675,0.4547662416514877,0.3092896174863389,0.11111111111111116,-0.047579298831385675,-0.05453501722158449,-0.22347949080622354,0.49760139555167904,0.5504006152798806,0.06343906510851416,-0.2627929280779657,-0.00495421352349951,0.12954578073005873
2025-09,2025-08-29,19.52,0.21,1.09,19.29,19.52,19.13,-0.0744428639165482,-0.14460999123575813,-0.11151570323167959,-0.016822806487357678,-0.08229605086415337,-1.7555047172497922,-0.7184236842500191,0.8695686080204773,0.38095238095238093,0.048465661781565306,0.3289147372446632,21.2415,26.21,19.13,0.3333097945060378,-0.24545805952841138,-0.0346869712351946,0.16428571428571415,-0.17089678510998307,-0.14460999123575813,0.3416572077185016,0.21918514698298086,0.4413294144245987,0.8695686080204773,0.1839816933638443,2.1255723911913895,-0.009169494080517836,0.06593658685026695
2025-10,2025-09-29,20.96,0.81,-3.72,21.17,21.18,20.77,0.0009551098376312517,0.07377049180327866,-0.12520868113522532,-0.0069174642281816245,0.03277880757408691,-0.24942220479727747,-0.2204961879731736,0.5203062365205373,0.5714285714285714,0.038837088338489124,0.3747255847276165,20.294761904761902,22.67,18.03,0.22863042305075207,0.027450980392156987,-0.101702715140359,-0.045009784735812186,-0.05936493327197423,0.07377049180327866,0.22078651685393247,0.34218653489808526,0.47388650237395435,0.5203062365205373,0.08983957219251337,0.8276864923022815,-0.0031354452900847264,0.1849248581737045
2025-11,2025-10-30,31.89,0.74,-2.27,32.97,33.02,31.68,0.04113614103819785,0.504245283018868,0.47094095940959413,-0.01567998024569428,0.14381116671505922,2.032736060679386,2.6399601385739753,1.1290734182381974,0.5238095238095238,0.05629748184804469,0.5244271239030291,29.501176470588234,34.62,20.13,0.4911668527675865,0.5518248175182481,-0.020785219399538035,-0.14688128772635822,0.14780600461893778,0.504245283018868,0.19481236203090502,0.06492867683226766,0.7210038435451052,1.1290734182381974,0.17280334728033475,0.3941113535548116,-0.0018371757181963153,0.2470998790871268
2025-12,2025-11-28,30.24,0.55,-1.79,30.5,30.88,30.24,-0.2692121797970035,-0.05174035747883354,0.48453608247422664,-0.11043125257398367,-0.17226277372262788,0.2903408550615935,1.250832125366652,1.2977627990457243,0.38095238095238093,0.06395887006268262,0.3790295576211405,36.839999999999996,44.65,30.24,0.3911509229098806,-0.08057160231073279,0.36223835967535245,0.6245542536933266,-0.1614694574967963,-0.05174035747883354,0.419648271679806,-0.000426985482493647,0.6836988469364684,1.2977627990457243,0.14260768335273566,0.6248677278578977,-0.006251484925236704,0.22853239693192107
2026-01,2025-12-30,28.85,1.37,4.99,27.76,28.88,27.73,0.06105185730047813,-0.045965608465608376,0.36084905660377364,0.07145509916066262,0.04402895054282263,-0.3046196996298054,0.8837421450786895,0.6857402197750091,0.42857142857142855,0.03944357432671038,0.35769232083845154,27.633333333333336,32.01,25.04,0.25223160434258135,-0.0855784469096672,0.5515649050795279,0.20382165605095537,0.28886608517188317,-0.045965608465608376,0.13578088578088576,0.1566765578635012,0.6522722134297989,0.6857402197750091,0.07465069860279439,-0.08294191623381117,-0.006081526548683397,0.18664209332688833
2026-02,2026-01-30,39.58,0.66,1.7,38.96,40.05,38.62,0.1610442945145203,0.37192374350086643,0.24114142364377544,0.0620371364173018,0.14737307087048945,1.4907626521939408,2.359036987298057,0.6556251886246207,0.6666666666666666,0.048670708230318306,0.4550839522569351,34.49619047619048,40.52,29.56,0.3177162419590846,0.29346405228758154,0.5904079382579934,0.3307195571955721,0.19514884233737595,0.37192374350086643,0.12810945273631846,0.04073436603557101,0.8948677368302058,0.6556251886246207,0.11117494972708974,0.3106133603445112,0.0032990986857545576,0.17530220476451203
2026-03,2026-02-27,54.12,0.55,-1.01,54.03,55.13,52.87,0.23364485981308403,0.5755458515283842,0.3977272727272727,0.07032671465865037,0.19224555735056525,2.3838938785177146,3.4043385948752505,1.0584987201704321,0.7619047619047619,0.06909960426390208,0.5756182013531633,47.13352941176471,56.42,38.73,0.3753166847629389,0.1424952501583281,0.9406779661016951,0.5521915951197471,0.25028248587570623,0.5755458515283842,-0.18695452457510342,0.05357142857142838,0.9899396378269617,1.0584987201704321,0.19681657402728647,0.32255747620236186,-0.0013866197300370002,0.46514040144118235
2026-04,2026-03-30,61.43,0.83,1.37,62.98,63.53,61.39,-0.021815286624203734,0.12365099689043357,1.2592865023905846,-0.003956286279469423,-0.011743886743886711,1.1509869834519622,2.527019798632628,1.586871933910797,0.5238095238095238,0.07245888517702817,0.5044229418175168,62.562,83.58,50.23,0.5330711933761709,-0.02461098761511582,1.6220623501199039,1.5909952606635072,0.011990407673860837,0.12365099689043357,0.07807652533609111,0.1437191442676906,0.7643399278337688,1.586871933910797,0.27611940298507487,1.0357962386646355,-0.005987000341776671,0.5287640953764392
2026-05,2026-04-29,55.57,0.57,1.04,55.8,56.0,55.26,0.06619339984650807,-0.09612882238126219,0.6177583697234352,0.017355644245908186,0.02530377711589682,0.20188651765993293,1.635911922359296,0.5268315180564473,0.5714285714285714,0.04024558717157817,0.4608107689002705,54.19857142857142,61.87,46.54,0.28284878357363136,-0.0986212489862125,1.3095416979714498,0.9648449984020453,0.17543200601051834,-0.09612882238126219,0.14396218306832842,0.45544013121924554,0.6914271494338683,0.5268315180564473,0.042109484660116436,-0.7664077077675241,0.003657527886337116,0.4500533026554306
2026-06,2026-05-29,74.26,2.66,3.72,71.96,75.27,71.95,0.04107668582644064,0.351410373066424,0.49808351825701047,0.05572931475689513,0.1115894818626999,1.6828192136134557,2.3370646006505478,0.6348454187718333,0.6190476190476191,0.06250363958638115,0.5072863299807452,68.77777777777777,82.23,54.57,0.40216478190630056,0.3291569715410776,2.0308880308880313,0.5146085997794929,1.0011031439602869,0.351410373066424,-0.125,0.19512195121951215,0.9239766081871346,0.6348454187718333,0.0858283433133733,0.2382794128553444,0.004026650005967014,0.5249240898719997
2026-07,2026-06-29,96.94,4.23,4.56,97.99,97.99,96.58,0.10966117216117222,0.35391061452513983,0.6197159565580617,0.033563630160354796,0.14734178356656957,2.1428074856759847,2.7584627515427327,0.812827865875375,0.5238095238095238,0.04411459646007805,0.5105581885760487,85.0025,97.99,71.65,0.30987323902238156,0.3061169496092697,1.7730441518202942,1.5699928212491026,0.07900852052672347,0.35391061452513983,0.2099343955014059,0.9069423929098968,1.0,0.812827865875375,0.19052590369307065,1.9443741842746762,0.0034874665147588183,0.7682368169026373
